798.095 -158.287
-402.997 491.788
379.204 603.276
-522.505 496.065
-448.956 537.573
-532.495 -583.603
506.221 452.465
-484.034 677.941
627.082 -384.899
350.574 461.61
-583.893 -335.124
-469.17 581.199
694.211 -450.341
-516.781 -521.6
-619.22 -375.561
-378.359 714.391
-540.342 -543.471
455.63 570.185
-474.164 541.687
-564.821 -565.716
-389.334 595.929
-272.502 498.052
-411.717 683.327
368.805 501.258
15.229 129.42
-634.304 -479.107
-330.413 -449.685
343.494 312.219
727.373 -236.276
9.054 163.101
-86.298 23.842
50.933 103.447
483.617 383.522
556.983 -221.224
493.324 421.764
-60.996 -74.164
-389.184 660.554
566.392 519.588
8.304 64.013
-169.305 379.114
-441.147 710.371
-17.333 -29.405
568.809 543.45
524.102 452.565
-396.618 530.159
-531.036 -450.647
452.585 500.529
-648.888 -479.964
553.762 486.352
734.816 -270.956
-534.153 -419.982
-542.639 -378.187
-557.758 616.165
681.277 -407.832
482.86 427.949
-414.844 505.132
-332.213 570.964
450.855 486.544
13.161 -44.097
784.942 -341.173
785.962 -194.12
656.509 -377.831
682.677 -317.421
728.424 -206.752
-552.326 -467.097
-147.177 -9.545
403.157 520.785
-722.919 -531.537
669.306 510.373
464.803 647.481
926.212 -163.021
-49.776 -28.024
31.536 -45.686
618.191 -391.528
-50.372 -6.169
-352.501 415.72
-415.902 555.694
368.73 388.573
719.343 -204.224
105.344 48.302
464.719 314.309
-444.879 -444.12
741.762 -222.236
11.69 55.233
538.992 426.719
-431.581 -479.472
703.247 -391.393
-70.927 -104.864
-366.247 -536.641
-382.646 657.093
-250.515 580.205
-334.002 516.411
776.193 -384.881
-121.063 -112.158
-522.881 -487.273
-392.835 479.854
721.944 -264.916
516.897 614.516
-589.448 -430.859
-457.676 559.598
-570.248 -538.272
-593.917 -352.221
479.639 435.597
652.01 -269.301
576.898 392.007
-336.765 666.748
-542.658 637.89
-85.933 50.803
-62.665 -18.899
497.982 286.864
8.784 -67.701
-47.579 9.676
-669.605 -589.199
-511.613 -609.123
-391.889 492.461
-265.016 480.826
562.746 514.739
-389.31 -664.401
-66.054 73.416
83.816 -31.737
-494.639 -404.663
533.227 627.813
743.833 -215.769
17.082 46.447
700.828 -336.544
-370.104 -446.42
-384.59 580.246
487.326 469.353
728.448 -39.287
-0.815 31.07
-441.023 469.2
-581.945 -544.119
70.706 -20.912
711.592 -303.227
645.22 -239.806
-286.968 502.984
-555.657 489.483
-332.665 664.131
508.982 451.36
763.405 -407.24
-4.123 56.841
-421.826 603.985
777.629 -228.643
-482.491 505.011
-609.561 -517.853
-535.607 -468.072
-312.418 555.9
-277.5 540.09
639.098 -333.939
-490.031 -502.198
-56.603 -24.739
-391.976 627.034
15.928 20.01
-57.535 4.978
-416.431 483.164
-45.316 -35.042
-141.977 62.182
2.668 161.051
524.559 538.4
230.35 2.626
490.255 434.504
-412.464 626.166
-412.905 698.948
638.67 -273.097
400.658 367.833
535.968 555.611
759.149 -264.708
629.884 -424.734
-491.87 915.998
-589.795 618.447
-473.091 584.701
-394.32 639.411
-334.999 577.681
696.738 -265.454
43.649 -101.0
-540.265 -498.147
25.685 16.604
637.76 -452.006
-407.475 575.318
-4.549 -68.216
-382.785 611.18
766.677 -215.427
-46.89 157.898
-460.752 509.756
515.275 415.833
-397.915 510.267
-493.591 -517.457
-413.83 -602.106
-343.82 505.975
-50.0 -5.978
742.485 -398.074
676.878 -223.806
455.237 558.118
-392.392 668.4
-442.224 499.439
548.68 554.204
-563.955 -601.061
749.802 -279.344
-11.041 -65.288
-320.661 698.109
23.723 -96.707
573.514 524.644
-494.174 -543.933
-46.649 116.943
85.479 137.81
725.094 -238.509
612.296 -224.698
463.049 418.187
-591.847 -441.779
-496.561 -437.581
48.284 52.378
-76.626 -5.544
494.321 566.469
-305.88 679.109
612.636 575.391
-513.374 675.298
-450.872 617.077
-6.58 14.297
626.114 -461.04
-618.044 -422.413
100.402 10.813
-491.129 614.196
607.204 -356.558
482.674 560.487
501.83 484.005
-22.175 36.384
688.612 -382.58
-716.015 -597.818
693.594 -463.89
-65.41 -34.94
-454.854 452.032
-604.022 -411.924
530.974 526.185
-490.743 -313.994
-123.052 -88.717
637.816 -332.867
475.963 579.118
-559.873 -567.199
75.535 197.901
634.27 -423.45
-337.978 781.288
-484.058 624.196
-73.762 22.225
691.836 -374.664
326.211 385.366
365.347 417.009
-519.838 610.195
-16.725 -125.374
507.546 587.368
701.852 -335.799
-44.373 152.263
-541.969 563.275
-633.119 -468.045
-5.801 -65.237
-405.942 619.321
-526.832 -606.688
-530.583 -505.616
-507.37 -461.471
696.462 -213.79
-458.363 637.908
-501.587 -615.783
537.101 518.969
588.216 397.515
25.774 166.413
670.603 -325.476
-577.185 -391.569
-553.723 -393.732
471.047 440.113
358.116 524.062
445.264 453.654
29.669 -38.154
180.37 -49.316
797.687 -385.918
24.193 14.543
756.257 -264.308
-463.165 -449.826
-18.232 -54.404
-13.633 62.734
-341.39 472.43
481.745 518.268
717.252 -296.444
-457.039 -419.819
-434.032 -407.798
508.641 -230.463
671.833 463.622
-351.173 435.357
-469.622 683.852
-729.654 -561.463
612.777 -189.336
742.503 -230.3
-491.253 592.872
-381.831 710.29
-416.942 -570.413
68.715 -31.054
782.944 -349.281
796.925 -373.132
-401.142 661.948
-246.304 -392.424
-552.089 -493.343
516.541 650.722
527.383 545.525
-550.476 -425.99
734.876 -333.815
711.763 -226.014
0.507 41.04
-126.42 60.634
-368.882 585.606
50.512 -160.2
117.954 -193.821
-545.813 -500.764
-660.348 -529.895
-74.507 27.212
-44.546 -47.919
588.282 -294.849
918.207 -243.16
-418.461 -377.921
-107.449 57.339
452.504 609.885
-519.441 523.301
793.02 -310.782
691.526 -323.716
-62.234 6.834
22.559 -107.08
756.324 -367.983
873.473 -361.658
-322.237 658.833
-442.876 681.351
-386.87 609.632
-471.371 -452.94
410.727 566.751
485.876 565.347
540.256 569.232
-432.121 722.368
561.207 609.076
512.851 487.0
-499.44 -382.995
-481.538 -474.076
-77.002 -14.193
842.083 -354.529
658.413 -346.716
16.297 110.884
649.111 -391.147
-582.898 -475.948
433.992 495.847
-464.011 -615.276
363.408 481.066
520.644 458.067
-485.427 -510.503
-449.298 691.867
-2.674 0.133
-31.302 -87.172
-380.165 690.837
635.382 -311.046
659.819 -268.077
98.347 -72.33
699.172 -252.275
-21.545 58.894
419.045 496.453
-364.779 605.61
-283.237 706.841
-463.778 656.53
-56.244 57.659
-491.747 -601.039
578.767 468.267
638.534 583.775
756.233 -191.204
746.148 -370.231
147.884 -6.731
521.139 389.627
-440.441 619.097
-483.483 586.081
720.824 -288.24
-288.664 709.658
790.999 -326.512
551.251 446.71
-16.357 112.206
98.341 -27.436
820.193 -407.595
429.65 434.236
671.067 -258.98
-340.476 642.815
-409.813 660.029
-489.169 -507.93
519.701 521.561
-678.932 -393.286
-477.924 487.863
-462.6 570.939
615.327 -285.152
-443.975 663.848
-463.944 499.57
391.188 352.748
-329.495 -499.639
573.19 414.299
-384.107 675.762
673.58 -317.401
485.258 412.907
755.607 -200.481
-318.461 551.308
455.82 552.609
-419.664 642.341
722.796 -227.451
-334.887 637.958
487.607 579.832
-384.845 644.383
698.672 -303.409
-500.616 649.229
-579.799 647.834
735.527 -294.81
697.117 -97.572
372.589 378.548
459.393 596.382
450.947 289.175
-521.746 -489.846
-528.842 -487.84
30.147 -71.686
366.488 513.758
-469.272 739.224
732.993 -322.611
-342.005 621.698
-475.987 -444.784
670.703 -444.99
-355.192 771.859
556.76 526.441
570.334 499.308
441.634 505.49
-493.479 -505.866
-53.81 -4.659
-67.053 -94.064
116.664 34.136
666.998 -387.036
-376.412 647.199
-449.973 -557.936
-440.589 -575.825
492.24 649.53
-502.359 -499.294
-321.539 506.102
540.271 455.01
418.607 554.579
-511.325 -558.483
-443.108 -496.145
706.736 -242.016
628.16 -325.23
594.301 -331.378
732.931 -370.358
796.505 -413.777
-25.399 -58.494
778.875 -172.852
-480.63 -389.088
703.104 -290.812
545.89 581.795
656.288 -261.822
-487.969 -513.51
146.18 -8.434
28.65 -41.622
731.855 -364.91
-415.0 -479.952
3.547 -59.381
-127.36 9.714
-357.131 578.5
497.874 495.328
-536.319 -549.089
624.589 -286.046
685.729 -299.61
-336.924 595.6
-46.881 26.524
-567.818 -596.183
747.037 -340.745
481.337 383.191
-114.101 20.796
504.779 448.757
-516.851 -413.427
-415.537 754.924
-43.745 72.737
-597.05 -428.596
-153.89 -0.9
-329.153 630.549
-533.008 -447.144
86.611 2.517
-413.269 363.157
8.193 4.715
-350.221 647.75
806.79 -495.2
-378.205 581.211
613.784 -244.38
-374.135 631.551
-14.605 104.205
-314.801 543.891
588.149 535.761
-50.286 -138.608
695.085 -358.773
-393.489 724.458
711.355 -302.849
484.458 522.171
780.981 -346.672
-496.729 598.394
640.028 -310.666
370.193 449.583
-444.188 -526.014
-545.522 645.719
-477.461 -490.548
-561.913 -457.684
-26.533 -70.052
725.493 -230.343
-539.137 -319.587
457.177 510.294
515.111 420.412
697.993 -347.686
-268.712 617.483
426.825 551.073
613.993 367.055
512.075 -243.147
336.997 610.46
460.58 511.782
-385.703 -505.479
136.338 -81.253
579.213 416.006
410.8 502.599
-25.546 -151.588
-411.415 519.401
659.919 -236.832
785.372 -359.523
-437.004 541.348
-659.776 -647.987
785.034 -212.255
-238.445 642.25
479.169 528.097
-549.456 -503.155
377.569 463.98
-616.447 -404.851
767.9 -222.266
-500.499 516.271
-425.636 615.813
763.073 -336.234
308.22 481.949
544.185 424.405
-44.906 18.839
-526.693 475.675
56.5 -55.167
539.907 522.904
479.022 308.703
-441.738 -407.411
-127.839 8.044
-447.864 -496.259
-395.292 609.594
-436.794 604.226
57.601 15.872
-485.372 547.358
-391.699 575.132
388.7 439.459
436.685 444.65
317.355 432.499
82.082 -57.18
-412.017 631.779
578.052 443.087
430.042 642.559
-647.416 -438.347
-352.424 519.209
736.792 454.714
-503.288 527.767
-331.548 630.019
-438.923 584.996
412.462 592.846
-537.783 -544.461
-432.359 -551.183
67.547 -73.294
6.513 -43.243
534.453 357.51
-515.733 -574.038
-494.849 -606.31
-369.399 -494.827
-506.201 -484.979
99.676 -11.313
500.921 557.915
-442.858 692.345
642.722 -413.583
434.54 518.537
1.354 27.064
-397.294 -514.183
578.037 589.429
-552.41 -477.034
-604.077 -411.846
578.846 606.049
-385.149 670.725
48.076 146.644
407.841 587.574
-406.565 729.836
750.623 -265.499
-404.286 633.651
-446.766 -577.216
-440.148 678.034
-94.16 -28.752
-341.264 437.45
-365.03 545.575
-518.703 507.314
-408.591 610.48
511.903 379.577
-559.299 516.856
687.428 600.582
750.602 -314.86
-554.092 -478.237
-383.631 581.146
485.92 577.831
818.788 -208.048
-459.956 611.499
-317.217 673.817
-235.576 667.834
-422.04 561.481
11.89 43.329
-523.282 623.308
-126.125 212.604
543.309 515.644
-468.776 -509.119
-474.403 -488.302
-12.664 35.508
-349.8 657.392
-553.664 606.036
356.61 572.088
23.447 60.745
-472.597 -589.006
-418.867 808.543
-553.005 -653.931
446.23 354.028
-326.138 596.446
341.55 617.059
-470.199 -504.717
18.629 -47.997
689.879 562.8
579.422 519.521
-36.453 -16.249
-518.173 573.978
747.451 -273.079
734.977 -239.907
-9.742 104.932
-592.856 542.918
626.497 606.731
686.908 -185.19
767.819 -194.677
532.362 736.047
665.02 -359.96
-529.435 -542.049
-515.283 -413.741
-16.457 178.152
525.736 398.443
-504.343 -496.111
-3.439 -175.272
-348.45 -474.981
642.439 -400.024
-337.058 588.956
-68.343 -38.515
-37.053 16.688
-549.26 -314.63
430.571 445.376
-556.606 -339.212
-376.193 709.433
-22.403 132.098
-468.38 -454.089
-361.037 -578.313
-352.618 494.4
623.175 521.509
-88.579 -108.29
58.08 6.712
-448.316 555.552
585.701 556.201
89.308 43.231
-511.418 -554.877
-396.71 -554.315
-461.912 612.583
-382.151 430.309
817.838 -213.481
-604.304 -525.343
474.649 595.722
698.459 -334.139
435.998 607.92
498.998 502.736
396.883 469.298
-524.465 -757.826
-469.604 -608.027
733.483 -368.107
768.325 -282.603
-305.567 722.253
747.152 -346.145
412.792 477.015
563.758 556.252
708.55 -420.679
-302.509 -628.702
392.242 543.689
-392.346 541.069
-491.857 -489.088
-329.685 551.406
524.691 -313.897
-507.102 -597.18
633.606 -200.052
382.175 474.9
-387.753 -422.128
631.367 -150.408
-402.677 481.455
-431.759 -611.555
46.805 25.083
-294.784 630.684
825.826 -249.824
-668.423 620.42
443.986 503.529
671.666 555.057
641.603 587.323
420.035 471.021
431.939 490.732
-392.646 -645.601
-439.167 -438.697
493.511 582.404
-379.524 672.498
435.247 514.816
-289.126 547.753
670.764 -221.205
-399.106 -624.408
-326.313 -512.447
-184.542 0.056
594.578 -373.084
15.613 45.618
594.439 -284.846
-364.587 761.502
-409.599 -457.691
790.837 -261.725
-560.244 -641.643
-85.803 -1.77
-469.048 591.05
-389.278 558.749
-3.786 -76.432
36.766 5.956
468.933 533.764
121.86 40.357
515.343 599.811
-407.541 595.943
78.944 52.824
-522.239 554.364
512.899 499.879
589.723 485.87
-419.939 599.507
502.473 573.966
754.921 -455.23
611.028 545.836
-610.888 -472.031
589.58 470.458
537.475 -314.837
2.005 -14.05
780.279 -348.706
666.144 -378.091
290.907 518.511
-395.719 -530.888
787.978 -289.716
-44.912 -64.624
82.848 -125.847
1.994 -143.296
477.143 513.301
59.625 -49.519
-403.17 644.302
523.229 426.181
555.372 432.691
1.071 -72.899
-14.443 43.004
470.514 517.833
719.546 -386.418
-55.992 -114.511
732.921 -354.911
389.398 618.197
509.167 548.362
-422.475 -450.717
434.202 497.842
21.938 -36.637
778.756 -207.414
-540.391 -563.66
-299.756 690.458
-630.332 -521.884
-355.474 598.698
-440.878 599.719
-539.991 -471.824
-489.355 589.123
-127.737 -28.867
55.786 21.335
-342.255 685.252
-93.44 -74.687
-532.582 -475.315
-3.618 174.721
131.393 -65.312
571.253 -222.746
-455.651 682.479
119.77 -6.551
755.295 -386.011
-5.982 -82.025
489.516 506.818
486.56 579.419
-609.206 -600.018
791.527 -328.588
-603.169 -502.877
-354.521 -445.632
7.332 37.332
129.645 59.88
-439.427 527.884
531.826 538.733
-76.948 -35.362
-295.542 701.089
13.547 -53.231
769.017 -387.466
59.815 -65.022
-534.459 -515.29
279.132 544.325
-402.391 646.077
675.539 -195.194
769.848 -203.13
444.27 502.565
544.557 486.358
9.554 172.385
-393.002 -363.129
660.142 -412.087
596.015 -303.459
35.436 -90.806
-365.112 -546.955
807.188 -318.932
601.972 -134.189
135.681 -94.014
685.69 -339.564
-469.527 -555.313
-388.252 -481.307
692.794 -204.952
-569.913 -534.049
-419.284 -408.01
-427.858 -450.688
-44.487 -23.756
-279.757 455.047
-454.979 489.962
20.574 -63.789
-332.244 -441.545
587.407 479.375
-351.47 459.935
-338.624 -609.682
745.351 -350.73
-593.275 -583.09
805.254 -184.16
-361.015 606.004
-501.983 -497.17
-402.362 462.437
417.331 496.133
-320.251 554.445
-506.258 -660.641
574.767 -392.792
634.358 -198.158
-366.683 577.085
649.375 -395.07
-382.813 -516.799
-376.185 629.744
408.646 507.781
516.382 434.484
886.844 -253.178
-522.643 -500.268
499.367 555.837
763.793 -339.982
14.505 -71.502
-99.364 -39.138
466.456 485.396
399.503 544.399
446.544 555.102
-48.874 -106.166
-110.802 -67.722
-347.572 657.546
-408.374 596.691
-302.694 773.327
50.597 101.03
792.178 -310.197
34.73 16.734
735.927 -226.966
808.23 -417.523
-456.667 -495.815
-292.56 -477.77
402.256 409.762
-495.0 -398.499
117.422 129.062
-385.59 -343.038
808.792 -231.37
-472.923 658.348
458.254 559.809
514.136 620.181
-457.596 628.781
777.621 -256.954
-404.282 584.293
571.807 527.406
20.315 13.303
-511.433 -310.62
579.315 508.191
-473.268 -506.391
-63.514 103.328
-423.195 570.5
-538.768 -332.17
-323.264 759.983
466.955 541.712
99.959 -121.739
-512.349 -458.265
-439.762 -400.785
480.612 548.924
-238.381 687.146
-543.292 -494.092
-52.839 146.494
-567.616 426.027
-559.534 639.05
82.562 -2.97
681.697 -500.103
60.904 -153.42
-32.931 -128.681
-497.782 -492.156
-588.811 -464.604
-487.226 629.614
550.769 561.35
472.045 611.411
499.107 451.876
-406.336 -604.636
-362.891 -546.234
49.714 73.444
-350.371 -454.581
597.53 425.751
661.915 474.385
88.627 68.81
-393.855 527.887
-36.818 37.84
325.608 387.681
681.137 -526.944
587.068 524.083
-50.091 151.063
-451.931 -440.907
553.695 -403.063
-560.592 -469.55
-61.469 -8.441
-522.333 651.456
500.317 554.563
-533.486 -476.322
-475.901 -441.93
484.378 466.476
502.159 505.423
-323.588 650.14
508.071 472.64
450.601 567.15
760.803 -290.407
-525.633 673.221
-365.445 -397.174
55.021 -29.126
-102.054 80.21
491.274 498.758
-494.736 -599.443
480.871 449.389
425.668 597.89
708.553 -489.286
679.757 -303.068
749.69 -338.56
-499.61 552.197
-111.127 21.806
722.034 -238.574
621.407 -230.051
129.211 -14.318
501.734 468.474
22.143 8.649
-409.066 595.461
484.734 634.985
58.995 -18.407
-337.256 -442.663
-524.913 -526.073
-318.662 725.311
-551.845 -474.82
486.715 539.388
-198.963 -175.805
666.52 -263.06
404.426 365.886
-516.84 -382.396
-32.541 -62.636
-301.919 571.362
-412.641 477.186
724.855 -321.413
-377.817 524.034
390.488 423.05
-444.467 522.575
22.164 63.151
-393.718 -496.015
509.996 435.879
375.572 732.684
-54.385 173.358
427.54 500.959
-603.164 -584.339
-462.401 -511.962
-646.057 -364.783
527.717 500.809
6.138 107.644
26.392 -92.849
396.749 656.996
100.633 -41.2
-88.477 -3.959
749.135 -91.405
-504.322 540.983
705.288 -314.474
693.443 -328.052
441.9 569.056
-596.993 609.906
-515.593 -601.439
557.347 -353.777
613.871 -323.282
503.794 587.681
-367.848 527.415
-379.894 417.484
-279.207 500.254
-478.284 525.905
722.428 -264.551
-383.168 -491.934
634.537 -359.641
599.967 -246.123
509.936 643.258
734.515 -292.939
-68.979 -7.519
-454.703 -590.392
440.053 521.893
386.107 686.162
531.173 456.488
-441.707 -389.598
119.782 -72.698
-106.292 12.875
-306.145 541.867
710.742 -280.281
-489.082 460.228
746.279 -226.133
-381.724 573.061
785.986 -277.431
-374.182 -518.042
-587.145 -616.161
-449.613 -460.311
-95.835 -35.063
-491.999 -510.873
3.74 10.355
-15.185 -139.436
-398.202 534.5
402.99 479.29
492.426 526.652
497.561 496.328
-427.702 -572.631
-65.06 -29.43
44.231 -23.165
-366.232 585.599
538.887 508.153
-353.164 721.046
394.392 639.227
-470.766 520.961
21.519 -72.722
-439.299 -499.236
-521.502 -468.534
549.251 487.695
-378.865 -598.975
-9.818 -21.198
313.709 656.67
612.875 -322.931
-435.298 556.321
-438.396 577.47
-432.263 603.288
595.791 499.665
-363.25 544.709
-480.644 642.08
-15.616 -182.489
638.464 -230.911
735.146 -186.523
734.582 -360.826
46.654 -60.842
-445.256 -497.315
-389.214 638.918
-363.75 -484.947
-560.942 -526.728
692.62 611.736
622.348 462.72
-437.792 589.017
-536.202 -620.871
-291.563 572.929
606.727 -466.357
543.195 609.487
-377.924 520.619
-629.363 568.118
-433.355 707.179
-312.695 511.261
-455.687 -550.815
52.084 40.336
-160.547 -58.342
779.758 -159.136
758.558 -378.362
-112.292 -57.187
836.725 -219.898
743.168 -442.759
-355.146 694.092
-323.132 564.795
453.992 589.648
528.798 534.448
-394.437 -553.829
-354.044 634.818
594.747 457.503
531.674 605.635
623.215 -281.149
-29.18 -5.917
544.575 499.848
703.855 -221.961
651.147 537.321
482.316 395.502
567.363 421.767
-66.634 4.003
-590.848 496.268
482.205 381.873
-347.627 751.56
-499.143 -477.923
11.706 -7.61
596.033 562.78
-29.414 -98.237
710.63 -375.34
89.231 -129.012
-399.001 -581.994
-335.493 -518.652
-444.011 -456.057
-24.934 -51.123
-374.733 730.717
-417.148 475.101
-380.021 545.758
421.103 508.448
649.747 -134.018
-374.415 579.458
609.885 -267.102
107.77 72.709
-454.3 544.432
-11.853 -49.982
210.993 14.263
-262.508 565.671
192.126 100.196
768.917 -333.362
744.106 -246.748
-262.698 698.687
581.294 523.717
-391.437 664.202
730.988 -321.532
626.012 -234.453
695.261 -232.043
747.973 -210.832
-556.637 611.853
709.427 -319.815
731.928 -282.176
-122.915 -139.745
429.581 583.335
-21.243 -48.155
-56.515 -71.047
-434.879 599.998
578.558 417.306
-85.514 -19.164
-462.415 -465.033
36.54 -23.693
659.431 -332.953
-522.246 -644.802
-534.532 -538.526
-482.637 495.761
-78.607 109.09
828.612 -270.026
-59.05 -8.693
-402.07 591.981
58.761 88.595
-497.388 507.087
654.379 613.07
-348.233 575.675
456.998 602.369
0.244 -75.695
775.14 -287.387
-317.512 629.992
-626.82 -381.279
-523.547 489.116
-394.193 -562.361
-403.651 598.258
-267.656 583.072
623.423 -293.954
-680.709 -415.602
85.099 40.126
804.321 -196.228
532.923 456.59
-252.394 676.593
-563.737 -486.555
43.494 61.595
57.628 -161.723
67.162 58.224
486.231 501.292
-235.03 -513.589
486.248 478.712
680.145 -269.446
-307.119 709.848
432.346 492.921
11.948 62.469
-286.099 552.972
-114.261 -82.993
703.053 -484.532
-691.959 -532.745
-386.009 -539.859
482.524 417.391
464.849 675.717
682.646 -457.704
-56.654 84.529
-514.818 493.297
590.565 442.171
812.571 -283.682
-494.856 -392.861
721.676 -249.462
485.175 600.584
807.914 -311.31
-475.958 -498.171
-427.012 343.545
872.464 -225.166
-12.365 45.613
688.331 -359.581
445.137 420.901
-289.641 487.51
-474.105 -476.034
688.492 -182.465
-549.8 -605.46
658.26 -359.853
-436.911 527.485
-501.179 512.641
-541.456 -551.515
-371.021 576.91
-466.901 -370.794
85.345 113.565
565.941 -304.973
-20.243 69.102
-390.835 -499.433
-299.381 610.894
96.595 -9.091
-543.906 525.534
-102.109 -50.746
661.216 664.016
552.286 552.724
538.505 494.383
554.185 563.467
-449.276 687.357
-379.628 732.027
478.027 528.302
678.336 -236.154
-307.993 576.023
-549.044 -484.873
-28.671 -24.547
25.883 49.709
-495.169 -432.904
-460.634 599.602
-417.304 703.637
-407.578 667.499
-100.919 -19.243
454.221 612.469
780.798 -331.687
-537.463 -435.256
703.008 -240.398
-412.654 340.124
640.821 432.933
784.804 -363.49
-532.687 -472.024
-513.251 -525.403
-470.51 -375.658
85.551 -88.07
-83.587 57.453
44.585 12.859
-121.498 24.818
-588.569 -382.076
892.161 -264.704
456.853 408.323
-85.792 7.03
-321.683 700.436
502.881 417.758
676.593 -244.548
39.893 17.061
710.302 -210.67
-456.021 -462.727
-519.22 -640.933
-422.333 588.871
-491.201 -481.512
-408.867 -438.26
-427.113 666.064
415.473 347.626
-546.341 630.929
525.759 533.128
39.222 34.055
-400.078 557.013
583.98 448.7
-16.575 -18.312
-360.776 615.831
373.571 564.87
-463.334 -555.639
612.693 -229.306
560.997 459.265
486.971 378.308
-519.803 -499.66
-487.375 -686.756
-381.222 563.689
-555.75 776.774
89.123 -107.295
-337.599 724.235
40.717 -53.573
543.348 604.533
-467.886 -530.329
723.617 -381.048
692.846 420.365
-6.426 -72.027
291.952 537.873
378.948 404.611
441.401 637.552
-661.916 -551.687
36.421 85.27
-481.058 -476.06
17.375 -17.596
-412.223 -525.536
-105.594 -13.972
632.305 568.081
433.455 475.016
-415.29 467.968
416.892 558.19
519.857 492.605
685.857 -235.723
108.792 -127.359
-346.16 643.563
-419.694 708.063
604.51 523.941
-378.034 -521.808
-564.096 -484.765
-494.578 477.689
521.599 524.97
-519.476 -395.252
-282.973 572.818
425.566 553.474
50.461 -54.744
-93.558 -48.966
527.325 572.339
451.16 515.52
-422.673 620.142
571.306 443.58
433.18 715.47
-348.862 640.576
765.479 -316.541
800.089 -278.134
-246.116 727.077
-602.221 -602.272
618.004 284.576
-58.679 -45.996
-483.218 -617.08
-361.353 -582.771
-495.946 479.646
-409.522 754.038
638.28 -326.933
683.169 614.983
501.58 505.51
-337.891 710.382
27.686 -83.969
42.7 -23.394
1.935 39.424
-493.663 -462.743
-339.554 560.579
384.596 513.224
-464.457 -546.199
628.768 -410.399
61.644 83.148
-37.931 61.595
-505.17 -473.376
-430.34 -409.257
686.903 -411.868
755.488 -322.509
685.661 -204.133
-420.602 -585.056
653.768 -283.9
339.427 358.016
-580.539 -480.95
-92.203 81.825
-568.502 -452.083
-432.589 -486.277
27.884 59.177
-360.625 757.773
-383.32 -566.649
-534.544 -486.874
-338.1 -369.773
68.391 -33.545
545.786 397.992
689.645 -262.759
35.207 183.267
-559.759 -582.759
704.284 -375.784
-3.854 -20.96
-430.008 648.882
-77.015 -40.586
-47.376 -11.073
669.401 -277.548
-420.746 -492.123
799.604 -348.169
-66.434 -119.543
765.212 -193.022
-498.206 -582.257
-457.019 740.095
638.082 -322.093
535.721 477.346
-296.552 633.885
-585.384 -501.825
-310.179 671.35
-522.31 -483.986
-235.232 547.06
-406.508 600.466
-22.772 46.527
-640.145 -396.739
-572.972 -482.601
566.329 420.013
-285.698 654.194
-373.222 -553.262
566.706 617.19
-75.803 -167.604
545.543 469.069
590.631 -252.802
708.613 -259.037
511.488 429.193
657.489 410.937
499.321 527.085
812.789 -309.618
-5.932 -51.302
-539.659 -471.354
864.985 -201.833
-334.098 552.059
-305.87 608.314
-560.829 -646.194
816.379 -318.666
44.653 -140.196
597.341 445.617
549.517 526.914
41.799 -30.095
127.063 -31.471
-438.087 -474.303
-303.492 741.538
20.6 39.928
-165.466 -168.26
81.216 23.226
407.87 555.724
-459.896 -583.219
-31.041 116.166
602.68 530.42
-351.04 591.151
-335.149 695.916
28.347 -104.378
788.571 -389.856
496.16 569.704
519.201 377.582
-441.148 581.533
637.789 -293.174
592.102 458.929
-327.953 763.5
618.322 535.649
-267.658 677.799
-490.986 -432.962
519.998 436.452
-56.126 -26.387
460.99 608.717
564.432 434.897
98.563 107.589
780.221 -259.812
-423.319 -487.42
768.192 -324.145
368.216 522.559
648.241 -278.623
-445.519 561.482
435.372 623.935
-112.84 -17.648
-495.531 -662.298
365.483 246.592
649.703 -331.041
497.897 422.087
484.985 649.485
-85.301 34.455
-123.652 48.31
-498.78 501.325
-136.533 -106.954
599.449 -251.497
415.179 491.861
613.209 -342.397
609.193 -375.096
-540.034 -469.099
489.694 571.072
703.497 -389.881
-533.347 -493.269
-429.327 455.782
-430.419 659.971
-21.161 -15.102
32.7 -53.009
-418.09 481.41
-390.054 619.668
94.873 -5.763
-367.625 751.017
55.055 -32.68
614.529 598.537
-21.6 85.346
66.096 -53.557
637.506 -358.457
-317.907 611.11
550.724 520.898
-50.691 16.143
-394.566 652.363
-497.266 424.988
-544.09 -516.549
-596.801 -584.095
-467.132 548.92
628.474 373.25
491.896 536.974
-58.645 34.299
-387.681 637.851
419.276 439.722
-549.645 -641.427
-438.624 570.72
-459.906 -359.935
687.788 -319.735
515.972 405.14
572.453 401.737
-476.907 557.453
597.992 515.687
690.598 -259.243
-453.287 -429.109
-359.67 576.922
762.592 -163.947
12.64 -106.32
-359.759 450.188
712.713 -299.362
671.158 -84.624
-36.872 -47.318
534.112 482.76
585.706 -353.942
-465.417 -503.133
497.351 498.209
774.888 -214.884
851.963 -286.612
-464.653 651.051
-407.721 535.799
546.463 558.677
-146.121 619.104
614.987 -226.519
551.295 424.258
-390.933 641.474
-39.003 35.329
114.366 94.043
-41.53 -36.137
50.434 132.049
-84.514 -78.714
7.794 -62.087
-591.398 -382.915
-433.882 582.505
623.893 643.546
-396.92 722.364
-319.322 645.692
-556.084 -387.298
-303.48 442.106
-37.279 -80.185
-491.543 492.027
-338.101 -571.966
-420.522 638.591
-481.544 -592.447
537.657 584.882
-387.032 600.942
-384.318 614.47
-363.934 581.581
135.546 38.94
669.525 -268.233
-437.036 668.062
742.661 -224.401
600.509 529.138
-51.214 -122.092
373.071 575.051
739.997 -292.057
-448.626 524.614
-617.465 -422.034
-628.37 -349.196
5.27 -85.642
-425.38 682.319
689.164 -268.878
-464.841 759.941
498.997 436.44
651.927 -361.808
690.98 -308.258
603.814 -504.094
-536.351 535.326
495.781 588.498
726.503 -302.507
630.039 520.121
-514.829 -333.018
-404.573 621.396
681.759 -315.74
17.082 161.191
439.623 552.887
393.116 530.637
-560.745 -420.676
653.871 -372.738
215.905 -150.24
-478.533 -499.445
-533.996 -500.724
-526.403 592.312
-472.086 -499.891
786.09 -279.443
3.784 10.911
611.23 460.618
337.724 544.244
-486.315 600.865
674.891 -374.536
607.632 576.532
615.93 -271.365
-538.41 528.354
594.098 489.638
18.867 -225.796
548.12 579.731
-366.202 -423.908
-595.177 -442.488
-46.143 -90.676
634.844 -303.594
801.702 -228.856
-357.217 721.256
645.188 -326.201
12.156 37.021
502.501 435.629
728.728 -360.314
-425.453 693.737
-424.39 -282.601
-494.929 -435.446
697.735 -256.985
-426.867 -387.887
-359.24 541.807
-644.132 -452.365
-446.489 594.108
763.625 -334.612
-566.228 -420.451
518.682 609.178
715.897 -235.097
128.119 140.385
541.062 369.756
-244.249 571.602
-429.619 -478.524
-132.141 43.514
80.958 133.738
378.109 481.891
446.444 496.274
-389.051 -615.581
858.67 -295.075
394.617 551.894
-6.285 151.169
597.837 504.409
825.734 -320.73
-469.138 -622.285
-415.337 685.223
383.525 524.893
169.599 -25.186
661.171 -257.233
-476.839 -552.052
-469.783 588.389
748.734 -349.789
655.072 663.54
-97.509 -131.701
619.595 351.7
-35.314 100.247
-362.092 -626.199
469.668 -307.63
-404.401 482.474
32.186 162.005
-4.499 -1.44
667.919 -310.894
-379.045 -478.203
-496.496 -448.709
707.136 -306.682
568.99 -367.71
610.532 639.901
567.142 431.981
-269.425 530.858
-66.392 121.356
433.454 352.931
674.87 -322.493
338.726 502.666
-423.996 678.744
-489.733 -499.361
458.609 441.428
-592.368 -488.907
-291.886 -548.584
766.934 -341.14
820.928 -416.994
471.318 568.693
718.129 -308.581
868.476 -400.269
681.727 -325.815
689.763 -263.406
882.243 -129.884
133.408 -35.454
691.345 -391.076
101.977 37.361
640.807 -318.334
669.87 -423.483
700.219 -186.851
-413.778 558.159
-511.176 702.393
723.037 -339.497
63.855 12.785
-508.994 -329.234
615.29 589.613
38.844 86.678
-506.831 658.689
60.661 0.949
604.911 -329.658
134.547 -60.064
591.839 462.582
777.453 -385.865
-433.19 -408.876
619.528 466.535
-588.274 708.217
-463.979 508.867
96.491 -56.847
751.744 -89.718
-327.106 645.969
-408.119 489.264
503.633 647.64
-475.912 -382.615
450.895 530.247
471.959 529.818
725.482 -300.867
749.323 -141.521
-457.305 594.295
663.498 -278.113
565.663 525.927
-53.769 82.512
-16.756 52.489
680.329 -385.929
-480.516 -538.035
-553.615 -511.604
-517.355 612.89
-577.226 -473.45
780.722 -367.853
-587.352 -375.329
-36.449 62.017
-283.626 517.203
-428.219 -527.245
-393.36 469.4
65.615 19.404
-553.325 -389.691
-509.681 -662.5
-401.656 766.222
82.901 -0.712
666.654 -355.39
-54.23 -50.106
704.087 -188.658
477.695 495.247
-503.175 518.618
-548.722 -527.989
484.397 495.177
32.265 45.991
-647.899 -566.501
413.62 530.289
758.816 -276.32
516.909 487.303
-441.829 471.031
-9.76 126.849
-77.658 28.715
-60.081 125.89
-35.763 8.549
-64.098 -32.024
-448.115 -484.097
-191.455 48.108
-420.071 547.613
577.293 420.88
470.48 697.971
521.493 396.14
-511.296 -452.412
438.42 251.23
-406.897 538.245
-337.803 489.062
-61.117 114.909
710.539 -478.016
816.737 -412.447
-307.566 657.579
560.727 626.606
-394.054 523.11
-646.701 -422.905
-590.842 -542.502
377.06 425.519
658.861 440.12
473.237 504.297
-588.41 -460.318
-326.225 670.334
-381.815 526.926
668.589 -365.177
-292.792 541.485
466.693 553.35
-368.107 604.402
-191.225 618.299
686.937 -354.312
712.859 -206.396
-484.57 -430.405
68.729 -67.124
573.137 -261.883
194.041 70.268
-529.62 -552.905
462.175 595.628
-456.021 542.731
691.871 -308.758
547.742 321.724
622.323 -231.535
4.448 66.655
-318.516 613.967
422.268 403.532
644.576 504.444
-53.041 -172.294
514.485 477.376
111.908 120.373
648.715 -245.798
-452.754 619.111
-632.836 -517.29
444.65 579.394
-339.134 520.741
-460.524 -559.938
-134.11 -16.468
593.505 568.924
-370.146 619.461
-427.036 424.78
874.97 -411.012
-9.344 7.129
-388.776 -451.772
-505.931 -458.542
-129.298 101.637
702.697 -450.604
-422.002 636.38
54.014 -18.51
576.151 378.687
-478.9 -482.832
-396.622 648.224
-339.549 570.173
-27.851 62.975
461.709 323.433
490.837 408.076
-525.469 796.929
-379.587 -379.099
-470.849 -558.948
-13.298 -91.093
-548.981 -429.179
79.931 -0.535
476.731 479.782
453.501 503.603
690.65 -280.474
-412.034 -610.362
652.809 -266.872
-395.679 574.92
-410.199 -547.354
858.212 -435.36
465.579 573.92
-603.359 -439.547
50.274 25.298
693.204 -379.291
832.783 -458.481
18.107 35.447
-0.018 -163.687
-549.957 -525.314
-391.598 595.685
485.306 371.322
809.023 -339.653
-287.686 -468.694
777.944 -297.293
-390.907 -460.991
688.337 -209.755
-547.791 -362.299
-400.53 630.498
-372.5 -500.29
-407.462 774.895
-415.271 537.324
720.66 -251.801
840.066 -363.11
-622.351 -484.65
-373.912 688.952
-642.56 -598.701
-375.062 672.9
609.518 -332.074
806.038 -408.695
-509.713 -446.989
61.12 7.773
-529.701 -477.359
-173.464 -54.69
701.102 -299.563
-510.746 -490.477
497.2 554.644
-456.411 -574.999
-445.368 688.837
-98.017 -12.224
583.868 457.381
554.289 413.362
32.545 -113.84
-354.564 626.036
-38.918 103.486
-546.971 -512.558
707.294 -310.388
-16.719 93.508
-548.691 529.17
-503.692 -618.597
-493.97 -419.6
631.004 -198.551
-96.729 -5.661
-327.362 614.171
-417.641 458.427
-440.826 582.348
423.085 400.481
830.233 -389.287
737.796 -292.146
-611.163 -516.419
518.208 485.526
-388.937 402.324
-214.456 532.715
707.379 -230.311
20.531 2.033
-105.621 -13.996
648.097 -295.283
862.621 -319.998
-403.245 594.98
628.82 -344.863
-508.386 -429.938
-276.535 686.058
661.564 -298.418
640.271 -277.514
-135.589 -36.052
532.5 446.36
631.066 -295.13
-448.754 -593.393
35.515 -20.041
-490.021 -470.409
743.83 -329.204
745.929 -261.421
935.178 -296.459
546.571 465.34
577.564 -232.86
-419.206 560.382
-433.251 -445.089
419.973 456.94
467.534 425.07
-461.025 683.551
-554.387 -414.724
887.658 -221.223
-440.013 405.607
759.568 -458.842
168.155 60.556
23.837 -29.492
578.278 426.407
805.092 -273.073
-613.814 -492.866
648.264 -286.179
-482.209 -496.657
806.431 -313.711
-285.857 557.464
-572.671 -619.331
637.364 -288.27
-389.681 746.273
-579.585 -503.319
-480.604 -366.564
543.734 593.633
477.497 415.615
-480.551 -548.64
-455.291 -464.939
745.503 -369.402
562.282 468.854
-523.608 -454.714
-3.828 35.979
-374.796 842.919
604.982 542.851
-414.535 -403.72
-356.819 -493.812
-550.67 -573.781
-310.34 702.395
472.045 587.571
-497.027 -578.682
661.325 -285.204
54.716 48.587
787.818 -286.917
637.076 -148.42
512.102 383.785
749.818 -316.294
-471.922 -571.908
725.519 -407.802
-545.219 -330.456
-53.828 -81.704
525.382 619.862
-272.088 593.461
842.936 -259.271
-547.534 -535.652
-530.21 -538.322
63.698 34.115
-22.339 -74.598
-398.821 725.781
96.286 60.434
-430.699 721.707
-562.15 -520.144
474.923 609.989
-480.78 534.11
-441.48 -498.703
-20.32 182.46
437.464 521.406
-179.721 638.029
-432.298 -500.401
721.375 -440.62
38.661 50.105
-490.07 623.939
494.328 -340.355
647.457 -279.887
375.489 522.89
-544.028 -513.727
-395.446 525.435
670.386 -298.196
441.335 426.783
40.107 -125.806
14.54 -112.635
-458.687 552.898
324.531 540.465
-525.654 522.453
-564.971 -416.65
-461.951 -586.035
-420.228 701.992
678.472 -366.668
-549.486 -488.646
-3.13 102.457
712.652 -253.952
-422.959 -491.69
741.251 417.724
26.219 -98.55
511.066 490.978
621.211 -362.68
-380.471 534.8
800.145 -482.206
-549.954 -467.076
711.304 -385.743
-270.064 592.97
456.884 517.529
-464.289 600.509
-319.383 -626.256
669.406 -310.729
723.674 -393.83
-411.008 409.423
-42.227 31.629
-57.586 -88.529
-306.919 740.458
647.253 427.929
-472.998 -453.891
724.241 -354.753
464.236 517.918
-29.008 -50.526
-378.279 613.353
-373.571 463.841
611.644 -277.955
-393.086 -473.403
590.495 404.935
-386.898 -428.389
590.225 -234.327
-590.983 -448.118
687.675 -319.572
-65.298 160.397
20.514 133.918
703.863 -302.349
-285.885 589.771
580.306 477.321
537.648 573.035
-131.264 50.875
21.72 15.077
-441.715 -386.753
-314.086 660.195
-435.275 -369.223
525.148 510.274
-493.335 -389.793
796.02 -188.001
-599.782 -538.943
671.378 -244.162
45.817 84.977
-478.754 519.864
-471.586 -567.26
104.377 -34.416
-410.559 485.367
283.874 473.06
460.648 450.042
-379.034 676.681
496.098 553.477
-81.301 35.161
511.97 739.779
-410.234 -467.904
481.205 335.95
645.804 449.784
763.293 -258.422
638.332 409.189
628.817 -371.669
-388.309 -618.71
421.899 473.216
-453.093 622.92
-45.239 -63.62
-502.218 595.805
-444.358 547.295
-249.688 670.314
-587.017 -449.968
-538.455 531.82
31.086 -5.884
713.989 -350.815
97.605 -107.97
692.624 -307.93
-319.507 626.042
816.949 -387.529
-488.646 584.534
-576.908 605.62
711.145 -416.636
-31.276 77.826
-411.103 547.598
508.968 594.888
-426.445 605.131
-536.793 689.581
606.572 -394.061
711.315 -274.101
-529.896 -444.689
-436.561 639.748
532.93 -111.884
-574.388 -660.774
-2.391 -46.167
846.152 -147.71
-38.576 -62.498
684.651 -223.348
611.319 -237.246
13.496 13.448
-79.683 -86.861
572.433 493.784
-592.13 -476.35
662.532 -275.512
620.99 -442.738
-396.321 -593.769
-387.815 799.145
-441.616 -470.373
756.062 -334.907
506.017 621.704
-2.134 -65.929
570.973 -387.49
-43.371 36.551
-376.789 496.443
-96.867 -29.756
733.706 -323.175
-34.088 99.247
-39.01 147.987
424.203 382.339
-408.67 641.493
570.782 -105.931
548.991 525.328
-59.655 -98.6
-433.424 631.9
-449.515 576.88
-511.45 670.24
-591.053 -403.624
698.479 -348.463
87.971 56.261
-411.694 593.585
-339.264 679.325
759.954 -286.304
-426.646 620.928
-660.165 -461.046
-63.598 94.427
554.247 565.89
56.096 -62.129
747.989 -213.634
-363.143 536.015
434.681 567.311
669.588 -280.307
615.044 -425.546
700.159 -389.26
578.812 577.819
-432.446 583.726
682.363 -343.656
77.627 76.02
88.569 -108.211
8.964 53.3
-378.07 -552.687
6.494 -251.601
58.329 -27.57
-426.408 -528.31
-369.848 722.501
-609.809 -504.658
-252.074 727.886
822.759 -460.27
455.038 568.084
-82.881 -4.886
82.515 144.836
-283.807 -596.296
-500.915 510.05
-604.007 -480.044
-64.007 -7.686
509.965 410.253
-459.626 734.43
-353.072 606.178
722.793 -344.97
-421.277 540.404
840.897 -362.646
-516.848 -502.634
-20.224 149.949
652.856 -264.456
515.094 450.978
487.219 505.03
-441.875 620.225
-313.609 632.843
735.626 -366.638
498.011 551.78
-531.704 689.649
-581.851 -340.172
-343.415 -510.533
524.005 551.864
-396.258 -495.16
-8.77 89.081
-436.734 -451.335
-425.53 633.652
-638.917 718.186
-502.865 -545.46
-532.13 -640.789
632.253 -421.876
677.028 -407.219
-479.893 -428.454
581.229 616.6
416.539 436.247
-102.915 -47.414
-391.34 -426.054
-551.376 -498.842
648.228 -312.625
683.534 -327.303
-147.12 -30.272
-431.548 -431.292
-433.196 583.62
711.314 -361.512
-449.782 -474.553
-614.057 -473.293
555.084 564.664
378.06 525.883
-340.238 -542.121
662.709 -124.352
24.599 46.57
564.483 492.636
53.565 14.775
-645.319 625.519
753.714 -204.476
608.326 -298.128
599.838 -284.347
-449.144 709.869
-475.457 -668.731
-448.656 605.092
-170.2 -74.736
724.488 -143.703
792.531 -410.519
19.354 28.453
531.108 578.189
439.739 304.228
814.666 -299.967
471.588 602.121
526.081 437.214
-96.307 65.98
-28.207 -43.57
-538.756 -307.467
-237.561 700.809
-619.452 -543.555
866.148 -281.219
-508.54 658.021
-428.25 584.061
525.402 352.343
-386.276 662.01
39.875 -59.609
-448.436 524.03
-45.859 -28.428
-472.247 -459.202
-506.771 -426.663
-494.603 -466.317
674.346 -326.177
-445.473 556.954
553.766 504.553
544.875 -205.497
516.71 393.426
-61.608 60.282
-10.434 38.544
-535.402 -407.203
-73.877 71.117
697.991 -294.075
-94.429 -53.744
-437.453 -398.949
-607.13 -428.161
-569.245 -600.185
-472.195 -643.17
576.855 -295.833
647.178 -329.532
-32.695 -23.918
566.667 496.833
-388.12 761.546
-369.807 638.116
-503.21 495.216
561.475 -245.435
675.785 -434.584
-109.153 1.744
606.572 -351.281
-311.719 -507.684
560.498 576.799
-86.414 -16.406
641.079 -306.182
81.978 0.475
-512.474 -567.136
-135.999 131.018
806.606 -412.168
-382.499 391.406
125.213 -99.277
687.306 423.74
384.532 574.67
-472.995 -484.876
-437.17 668.657
486.182 595.903
-442.552 676.779
-476.686 -614.322
835.495 -401.492
-575.139 -434.742
30.194 68.982
-427.103 581.194
-398.201 626.83
-424.866 -485.303
-391.772 584.489
-344.539 727.699
61.624 122.072
-491.76 -463.803
-22.319 62.641
798.541 -352.033
-429.151 575.334
166.524 -110.459
76.543 33.914
638.099 -169.687
-596.057 -379.075
-384.129 -594.888
12.239 -100.755
-592.924 -461.818
653.164 -324.254
762.639 -319.008
-292.292 593.897
593.292 -222.446
-31.367 162.035
-38.299 -65.466
-398.235 638.974
464.146 594.016
706.479 -477.493
-520.109 -558.51
722.432 -248.371
620.83 -239.391
569.652 -308.668
108.272 97.506
-16.206 -45.481
-331.189 -497.501
-468.452 654.427
17.028 59.111
-404.441 682.515
-415.838 -345.988
48.788 -94.787
744.953 -335.66
613.462 697.474
513.966 552.301
543.33 662.612
454.485 438.353
-73.423 35.036
-494.835 -481.407
-26.679 -110.508
605.721 388.2
-416.65 -697.967
715.79 -346.238
762.959 -198.145
-607.087 -414.441
-315.063 623.069
509.882 486.935
-604.759 -504.605
485.23 596.272
737.79 -157.769
-428.56 700.285
43.082 33.334
494.34 475.092
-461.25 -526.071
-537.924 -483.854
-358.953 466.144
629.713 -467.016
816.474 -399.133
748.323 -160.161
435.427 494.344
482.898 479.662
-441.451 664.95
-196.948 69.091
723.865 -277.066
-438.502 545.7
25.12 16.945
590.534 519.248
-571.5 -503.737
-562.713 -418.47
-390.427 685.256
739.95 -248.051
818.797 -387.04
438.01 471.638
704.541 -263.334
514.377 521.389
-481.809 -492.887
514.208 453.027
-11.48 121.351
-516.845 -371.14
63.303 -13.915
-604.726 -626.758
-586.3 -475.046
677.198 654.134
-359.229 479.382
-548.562 570.216
-108.127 46.851
-428.225 526.513
552.895 434.95
544.522 451.328
-305.833 729.788
80.204 13.967
82.347 75.14
-32.928 -1.725
466.671 598.246
103.542 17.574
487.186 334.14
402.577 360.897
-299.122 653.26
-497.047 691.933
78.141 136.509
-499.941 473.513
693.604 -335.977
683.287 -247.965
591.603 -374.78
15.656 -78.908
712.298 -398.178
11.744 -103.903
-394.831 621.281
-584.759 -531.185
699.922 -250.834
529.642 523.758
659.271 -262.94
495.57 537.405
-84.159 35.041
-431.486 -469.6
-404.264 414.615
-363.191 558.778
-419.541 706.666
39.435 75.236
-545.662 -494.864
-429.072 701.318
62.22 -40.018
465.019 399.938
-444.264 607.903
15.322 39.76
-292.834 551.249
-420.275 410.502
-123.4 -92.063
-74.626 38.145
-309.801 533.507
741.463 -131.669
705.082 -351.362
-497.841 -522.522
356.893 535.253
541.483 459.236
-469.252 690.951
682.085 -145.004
87.693 98.292
-389.404 -559.334
-2.988 -79.198
489.634 491.527
-542.378 -319.694
364.25 463.241
682.723 -261.719
-538.077 -518.801
-63.169 -63.428
56.887 -44.586
773.59 -224.428
-357.902 705.186
-444.593 -606.406
-469.086 -558.005
-517.777 -409.031
-325.916 584.503
738.859 -314.815
690.867 -333.689
-573.435 596.815
-452.404 -543.647
92.218 -93.456
416.421 392.15
-88.902 94.682
-447.233 -432.921
491.309 600.843
582.222 392.924
-380.873 528.676
-361.436 602.249
-89.108 -19.797
-80.461 -12.928
437.544 595.185
-441.343 -549.354
8.719 15.065
507.149 -361.66
676.534 -294.013
-538.476 -531.49
484.439 507.663
-79.626 3.865
707.027 -352.116
122.075 -33.398
491.972 558.939
-292.619 620.396
-529.684 -561.069
-524.183 -571.432
520.306 549.766
624.203 -336.238
485.211 612.724
-364.401 570.714
438.036 428.179
43.878 111.965
132.011 -29.468
-465.919 -576.567
-570.747 -574.134
432.416 495.168
-433.243 549.893
-554.123 627.511
391.353 561.833
22.607 11.976
-509.191 619.789
-279.607 630.87
-446.782 -503.962
-428.547 645.485
58.416 -11.884
715.315 -246.176
532.076 444.213
69.887 -20.018
-540.082 -587.829
-474.629 -357.49
484.513 562.937
706.946 -279.525
705.731 -322.543
730.349 -330.351
-488.635 -522.742
503.47 467.104
557.717 -551.505
-54.499 -68.689
616.539 -134.316
494.339 531.906
742.736 -160.238
640.11 -207.325
-33.169 -32.814
637.641 -291.269
-105.89 -82.245
695.719 -317.372
468.782 514.273
537.134 519.898
716.7 -424.803
-397.009 -502.652
-94.543 12.32
-484.077 635.623
-511.16 -602.51
470.027 559.565
700.101 -300.863
491.375 524.927
652.172 549.23
706.533 -312.58
-46.148 -10.36
384.85 535.68
721.103 -267.471
-76.149 34.975
-391.627 759.911
-484.473 -440.573
-380.429 599.892
741.995 -290.937
-265.245 720.754
-477.868 -440.416
70.931 93.683
-473.512 646.304
324.282 448.697
-279.296 658.76
-502.368 -633.209
-414.295 544.393
623.889 -364.592
-291.408 533.828
-321.14 612.753
-490.147 -397.039
651.256 -327.378
572.476 -252.028
-93.486 34.656
-25.033 40.04
758.171 -468.145
-0.596 -45.984
-186.964 711.6
714.146 -326.463
808.359 -321.615
-373.713 517.961
587.048 -176.801
-522.345 -521.85
662.892 -379.807
-107.127 145.27
731.411 -310.846
371.666 503.997
649.78 -318.162
14.155 119.285
86.31 -144.989
748.761 -335.074
-614.638 -492.232
-216.071 614.499
461.246 523.836
-545.863 -491.528
729.618 -319.048
492.256 517.648
374.15 448.973
524.455 456.59
-30.669 -6.546
562.211 477.519
-59.032 -60.127
-475.686 -515.564
106.569 113.432
-15.732 -11.59
99.354 28.005
-526.158 -469.184
-360.246 -507.033
362.937 413.833
-336.479 461.996
32.504 -11.273
723.02 -319.863
-417.903 -366.705
-529.562 -554.466
-450.142 725.404
28.675 135.144
-470.721 576.7
-288.396 671.453
-478.825 570.549
-347.963 658.737
22.07 7.98
-106.88 -27.264
621.397 -253.257
73.933 85.792
408.81 521.505
803.703 -411.502
-481.555 560.549
-93.294 -39.087
-379.505 598.644
535.415 -372.023
-430.174 578.58
-586.651 690.699
-566.923 -495.502
-413.713 -587.701
-468.37 -622.964
-339.28 516.034
-381.377 549.912
-452.566 567.433
-394.25 -558.534
-361.096 585.297
168.948 99.673
-69.242 45.508
543.195 384.576
-450.501 467.537
886.711 -221.003
139.82 21.06
-528.88 -573.085
-54.656 -98.592
-618.549 -498.778
-374.788 695.242
92.51 41.332
711.258 -115.825
610.597 364.703
474.732 600.535
461.328 596.333
61.554 -99.629
-475.791 -489.402
-495.595 627.503
-381.653 614.529
-488.082 -450.397
481.843 269.144
542.141 668.674
6.267 127.873
-336.853 620.153
-545.13 -318.786
630.42 -423.19
-95.928 -48.843
593.441 -328.775
-482.459 706.355
-436.524 -514.434
-7.902 -40.301
748.343 -423.662
12.363 155.212
-545.453 -617.239
818.289 -183.815
-46.688 -16.892
13.332 -4.692
532.637 -282.966
492.623 423.256
-519.497 -445.363
-69.827 -10.266
784.163 -412.292
-665.181 -453.44
-406.12 615.943
308.475 510.759
361.181 481.59
-597.852 463.486
-415.22 -521.429
-360.377 -541.378
-421.762 -556.722
-565.956 -370.183
-5.356 97.973
-7.335 10.356
470.351 457.522
791.978 -336.265
-68.066 -100.567
-608.016 -472.703
-22.257 29.946
575.885 460.419
-290.832 558.819
-347.628 693.579
-57.05 160.292
-418.992 740.331
-349.213 665.479
-418.857 521.197
-550.351 -395.093
7.387 29.694
-517.141 660.399
14.92 21.373
-391.397 586.502
-497.551 -511.921
-343.106 -405.751
456.026 516.978
675.206 -166.986
-473.935 -402.604
502.598 573.113
-421.878 -429.039
-424.211 -327.291
18.483 140.297
-530.059 -392.176
414.637 353.021
635.772 417.747
22.17 11.896
711.274 -334.599
-131.545 -93.787
662.993 -357.768
-198.989 25.94
750.878 -274.022
494.404 495.985
-411.474 533.442
-382.553 605.615
-427.29 -443.327
-1.145 -17.506
-601.621 -499.663
539.881 543.169
783.007 -309.615
667.769 656.75
535.078 454.911
678.966 -271.744
111.149 -12.259
-670.406 -477.793
502.697 540.981
389.268 491.554
-417.92 540.324
-424.578 -454.205
529.45 493.199
167.923 56.905
57.334 -127.77
-204.76 32.975
46.494 81.697
359.237 399.131
-108.116 -0.781
28.068 -104.84
775.477 -340.001
643.379 -331.66
664.47 -472.428
77.284 -13.78
584.752 493.664
110.528 23.314
544.71 475.438
-21.032 -116.719
598.789 -398.816
-419.861 568.558
747.61 -322.555
743.192 -335.682
-415.655 673.967
-403.478 616.615
680.492 -302.821
574.7 485.502
-36.248 -60.658
-489.403 678.555
-344.737 652.444
454.849 467.476
87.432 95.246
526.705 -280.562
-44.927 5.817
667.872 -326.672
554.415 530.68
442.699 527.502
51.744 111.25
-25.701 -64.682
841.532 -197.483
-132.37 -50.028
-325.547 584.158
822.429 -210.24
812.703 -325.085
-355.674 644.952
24.485 -158.882
-147.399 26.587
87.843 -33.44
529.423 613.556
-378.447 654.363
-27.28 58.517
-506.644 719.091
767.679 -183.353
12.326 58.593
381.592 595.545
-417.321 -602.383
59.985 191.854
-656.003 -481.283
757.296 -420.425
-417.831 -584.548
641.314 -273.954
-529.744 -498.657
450.024 507.898
-499.219 -503.276
-391.55 584.045
-549.218 -445.82
-501.282 -392.145
-433.58 439.021
443.243 519.74
639.283 -155.998
562.405 499.249
450.672 419.008
-503.445 -473.798
683.916 -223.759
35.766 48.759
47.975 3.178
737.429 -363.428
-370.529 562.709
534.268 589.538
695.688 294.271
548.008 560.147
493.821 515.729
-451.246 595.134
10.746 26.162
-267.246 465.42
459.575 509.279
-587.801 640.989
-112.606 147.504
67.366 -113.274
-20.883 -121.387
182.156 60.76
647.224 -252.158
687.5 -250.086
-548.586 -560.229
443.182 558.673
910.146 -320.561
568.46 570.38
-416.551 537.245
-548.267 542.897
-514.191 -519.951
716.339 -216.274
495.608 503.549
-493.725 616.998
-605.687 -585.505
727.777 -267.196
-63.26 -13.038
383.752 495.005
-426.194 714.183
457.856 454.125
-361.758 654.113
-473.261 641.881
-345.673 517.459
-522.281 -478.617
-400.083 650.847
-90.207 53.108
-39.159 61.393
589.274 444.403
727.004 -288.913
757.747 -183.545
-609.032 -489.812
-475.483 494.358
871.368 -160.083
-262.714 622.77
-489.193 -401.978
-399.563 681.778
-489.641 672.211
414.095 533.109
29.751 27.926
648.317 483.751
-69.883 -142.257
422.584 537.709
35.51 -35.047
-542.514 -551.513
427.521 612.522
472.21 507.421
760.799 -186.631
-390.156 717.37
451.111 563.955
-11.666 -34.294
-377.485 621.669
-339.398 439.367
-396.526 514.093
-451.22 -593.005
532.137 553.56
729.921 -201.517
7.443 21.617
30.208 -62.302
-455.347 632.49
637.382 -301.985
672.693 -263.39
319.585 554.863
-387.566 559.326
143.522 -61.317
-539.788 -513.529
-91.168 130.486
458.898 521.315
-634.507 -483.951
-415.086 450.998
737.454 -261.782
-524.568 -550.017
-365.891 575.522
-270.762 517.401
-358.513 516.121
-561.956 -541.497
646.701 -229.102
584.341 -331.126
-545.379 -435.676
904.835 -230.094
-383.772 -609.515
-538.73 -442.263
543.352 518.345
469.81 446.733
-328.858 514.096
-577.538 -615.683
-350.845 -514.892
-3.424 -120.127
553.314 -313.753
-82.802 -51.202
821.017 -285.521
-67.021 -14.263
-67.921 14.643
-355.802 522.092
-486.917 -541.147
-638.361 -383.729
-264.91 423.964
674.749 -354.694
99.082 58.193
-61.424 10.649
520.138 577.439
710.991 -175.94
-526.644 -488.402
521.253 480.782
538.797 418.648
-429.331 677.119
409.927 494.288
463.736 559.373
463.888 337.534
125.056 60.676
-490.035 -580.366
564.835 457.722
548.06 628.303
-118.612 1.3
772.883 -194.697
602.733 475.408
-362.023 480.488
795.222 -219.292
458.218 492.092
-60.877 35.414
719.312 -298.893
70.636 -89.478
-38.529 -158.639
-26.076 -45.643
536.212 462.227
530.907 582.648
-630.763 -638.515
574.961 599.233
575.462 -269.816
-389.182 569.325
788.048 -269.449
89.763 -88.175
370.245 577.366
24.496 15.809
505.941 541.342
592.643 486.931
681.027 -274.327
512.742 318.136
731.279 -182.435
762.847 -205.388
778.275 -258.211
-479.264 574.854
-538.309 -335.191
561.473 544.803
698.138 -264.316
441.114 461.517
-506.388 -269.2
-441.82 610.975
-456.981 -538.008
20.157 -27.969
-440.229 547.415
-535.184 -296.925
382.889 500.297
52.572 -22.747
517.308 518.614
594.776 407.532
-428.617 612.246
128.916 -89.676
-348.357 -509.829
748.472 -236.381
11.212 -25.442
651.947 -368.377
-38.271 -106.78
-383.288 613.754
667.837 -225.959
-279.447 607.918
-341.611 -604.709
476.794 538.026
757.725 -323.271
-620.402 -474.456
776.242 -419.067
-537.974 -428.608
547.039 554.324
-401.362 -437.929
-368.514 -437.281
-549.434 -384.579
-42.675 -22.843
-479.721 580.031
-282.997 566.055
55.812 19.618
-128.976 49.473
576.282 535.473
478.552 424.306
462.669 413.162
-487.847 -437.942
-450.36 -494.984
448.82 628.016
682.505 -325.501
-557.519 -436.121
-454.854 -597.458
620.311 -371.963
536.064 520.271
5.851 -96.865
-543.783 -658.083
-99.031 79.461
-349.823 603.857
501.7 409.809
115.846 55.935
-498.202 -569.943
-370.758 -502.644
-483.959 -535.447
4.818 -135.083
-4.539 13.065
516.579 585.176
-464.481 -598.678
-477.944 -450.152
585.503 431.492
-393.873 -401.358
-324.682 688.988
54.306 -27.114
2.608 96.15
-399.199 588.335
-618.103 -512.558
-400.959 627.497
678.884 -342.891
522.27 610.005
-495.227 613.489
546.503 519.141
515.538 422.395
473.544 481.442
582.255 573.666
713.086 -267.869
133.493 85.231
-356.455 709.547
798.343 -423.762
98.741 47.188
21.205 -14.589
-258.311 600.919
108.777 92.602
483.823 675.434
-331.366 514.698
-442.373 710.723
-420.88 442.237
27.973 -24.923
-453.131 -412.272
-512.999 -431.099
654.404 -258.297
-492.35 -453.972
764.058 -282.489
444.774 598.113
736.384 -374.179
-317.069 543.544
-52.48 -31.516
580.116 569.054
461.149 568.205
-575.689 -538.009
-508.11 719.901
67.399 88.009
632.366 -342.417
611.595 539.023
-352.529 627.743
-444.828 602.521
525.517 557.872
-447.022 565.281
98.896 -82.524
511.895 514.082
-366.32 -550.961
2.517 -141.885
723.517 -94.216
-558.707 -477.85
-314.76 655.361
64.988 -70.775
-80.513 76.085
-389.137 585.407
-454.364 536.879
-440.497 -680.45
-416.095 -617.19
627.462 489.789
624.173 533.754
-330.879 653.641
453.739 679.712
-405.24 -482.838
51.084 -59.742
-466.484 -572.791
-288.084 663.773
71.923 -235.214
13.924 -182.434
516.293 427.376
798.197 -387.798
-68.977 59.282
-638.977 -440.35
770.215 -339.066
-365.845 -371.949
114.286 225.489
615.423 461.489
-518.321 532.178
62.178 -24.79
-368.936 -418.994
-341.893 -476.772
783.51 -184.533
-434.304 -486.017
-568.198 -438.603
-406.613 708.573
501.767 503.974
-502.972 -505.981
546.559 548.008
597.077 -423.625
587.862 542.381
-370.158 705.899
837.99 -257.539
90.151 -108.739
-553.275 -388.156
-431.23 553.567
783.583 -287.403
-488.507 628.146
75.541 -47.791
578.75 -254.225
-448.431 552.213
-490.448 -373.158
639.949 467.124
-559.736 -460.953
-509.331 564.01
481.654 465.957
562.333 425.843
15.707 24.06
-432.257 517.556
857.775 -415.258
643.148 -269.776
458.88 530.98
626.346 -339.093
-447.75 556.925
602.316 -408.001
-389.717 -505.273
44.159 -32.008
47.522 -168.881
128.819 -218.254
117.698 87.91
-498.111 -521.195
-420.545 -611.333
-359.102 597.339
706.384 -294.392
629.941 -232.259
461.068 422.717
694.915 -284.119
-449.868 -501.586
738.196 -243.128
628.679 -332.02
632.652 -372.984
-486.966 -574.825
514.801 365.602
522.58 541.924
822.102 -466.907
-373.684 613.112
-38.648 -22.634
592.601 392.23
-505.269 -541.65
565.142 458.847
-559.045 -503.639
363.974 477.821
12.011 -12.322
-546.712 821.595
-406.554 733.672
-21.879 -170.822
12.559 -72.912
735.4 -308.177
-362.193 513.647
431.554 401.165
-74.389 -72.659
723.338 -263.226
204.188 128.105
715.656 -206.171
-428.919 -518.951
423.461 612.595
-442.657 468.747
-66.159 -36.73
407.681 450.174
-452.067 -477.137
-373.67 -594.815
-565.44 -422.915
-471.383 -413.116
-347.239 654.466
-116.079 171.864
-463.275 -363.334
-548.689 696.142
740.013 -278.117
737.332 -243.779
-270.953 836.775
661.18 -250.884
-113.758 36.095
733.828 -362.069
48.525 62.382
476.65 531.142
-355.211 534.625
612.65 559.924
880.763 -462.171
-544.195 549.028
611.648 -269.729
574.689 542.558
65.159 -21.721
-18.646 14.877
-551.872 481.879
-451.043 -423.185
646.243 -183.662
733.64 -300.949
488.842 396.755
712.666 -244.302
19.175 12.157
811.395 -206.082
387.603 494.007
393.703 347.055
-649.583 -556.08
89.366 -45.756
610.541 440.411
546.391 404.586
96.142 24.918
367.963 451.962
-394.017 548.879
-443.951 611.674
557.631 511.555
727.148 -370.298
-422.973 -482.405
-318.54 688.425
607.433 -200.978
-292.584 538.784
-107.793 142.49
-431.342 489.607
603.134 507.89
829.028 -206.455
483.055 -338.335
545.554 420.961
-322.488 633.379
-430.862 573.769
516.958 638.935
-390.36 526.562
-485.136 -390.983
-466.806 -515.656
657.2 566.975
-23.574 133.432
519.485 460.85
-463.231 501.938
661.824 504.674
808.004 -364.227
-363.746 614.457
-311.684 -594.616
-638.277 -424.817
-531.356 669.242
-25.38 199.995
-513.415 -533.217
-332.21 743.338
-151.75 15.225
-428.861 -541.96
654.769 -252.825
-361.422 681.457
669.251 -430.236
621.554 510.824
402.081 448.142
640.516 602.245
-67.205 83.886
-637.068 -530.343
706.981 -288.024
-508.654 625.65
-221.381 577.646
535.303 467.271
-294.316 597.108
8.507 146.901
-509.915 -475.451
461.506 740.596
708.125 -368.669
-492.08 -416.128
-458.203 -439.639
661.276 -478.308
-360.107 608.178
-646.568 -412.668
-632.97 684.488
-521.851 -424.264
-111.638 23.166
-41.408 78.966
534.479 446.048
684.225 -310.67
66.278 -64.107
511.622 613.6
-451.707 -580.0
-79.595 -55.358
524.591 602.457
324.014 439.24
695.424 -337.817
475.582 501.785
-443.801 -442.579
21.75 -50.362
-64.894 -62.359
421.074 573.299
-423.074 -386.686
608.618 601.814
35.39 -10.702
-546.14 -489.176
-364.099 561.277
7.768 -128.646
114.656 -206.969
-49.685 18.969
-536.235 -361.581
834.186 -285.85
-393.199 -536.896
-497.338 -423.082
-422.353 -537.798
-110.534 -63.147
718.414 -322.162
-368.442 736.519
486.285 472.063
410.077 440.638
-485.322 -394.414
762.036 -168.695
-313.087 629.629
-499.21 -463.25
585.723 586.889
6.131 -0.194
495.081 418.57
-513.049 745.291
758.935 -282.429
670.007 -289.988
639.055 -155.748
18.313 -16.876
138.72 116.679
333.297 439.009
-481.116 -409.849
423.987 511.641
-410.322 -334.672
648.791 -296.468
-329.146 501.313
629.995 -363.376
-489.226 -450.831
-417.152 -418.047
541.514 526.612
627.963 -267.941
708.827 -300.429
-365.676 586.602
639.383 349.265
468.46 530.922
-72.384 -10.483
558.741 477.073
-686.742 -256.71
705.665 -369.909
423.344 601.832
372.899 553.717
813.058 -412.07
648.577 -123.428
61.531 -10.335
-117.493 12.391
-519.387 -423.744
-35.448 61.669
-586.476 -445.276
417.923 479.806
19.996 -62.585
635.603 -388.913
-354.301 756.058
660.571 -317.619
-492.77 -422.53
-488.163 -417.588
-52.757 60.106
517.064 419.711
662.474 -311.82
47.533 -176.943
642.188 640.338
-555.112 -475.224
-493.226 -426.157
18.669 47.706
663.975 -268.166
22.925 3.779
-591.771 -551.899
-97.02 -57.322
600.956 663.585
537.405 537.44
414.822 596.518
538.339 487.894
708.553 -400.219
-376.274 552.547
714.156 -327.879
-14.897 22.41
-360.18 -549.4
153.366 -149.924
743.605 -324.393
428.318 497.799
-522.106 659.24
538.862 563.049
-456.126 -536.555
-445.347 -450.612
-361.011 492.539
-314.518 638.022
453.024 534.243
-415.26 -368.469
-13.091 106.593
473.794 432.297
-293.154 755.219
-301.152 587.132
-318.844 702.286
569.76 434.861
-352.59 633.502
-436.789 -500.849
692.819 -307.107
-502.338 692.698
794.725 -281.145
777.864 -235.131
669.214 -291.663
-456.441 -468.911
43.647 31.63
-656.268 -432.849
-450.765 571.697
759.095 -264.378
821.946 -258.766
-17.767 44.012
-366.076 617.204
-10.964 37.78
97.655 -82.142
-420.735 -588.361
-456.08 476.433
620.589 -225.654
825.601 -389.335
-364.661 662.316
36.026 -0.765
532.402 513.08
1.058 -53.32
-489.539 -481.232
10.308 120.445
500.275 477.211
-431.775 604.156
627.665 580.282
-306.432 551.197
38.216 77.346
754.585 -388.638
-708.241 -541.177
589.48 573.13
563.022 638.405
-61.805 89.331
-437.612 -502.832
-402.07 529.763
-422.207 572.424
-109.674 130.007
880.798 -250.438
483.543 388.038
-94.019 129.862
558.477 -209.743
94.426 -36.314
681.539 321.062
62.237 162.347
415.232 596.828
603.892 -295.363
849.33 -363.242
-348.039 720.914
-391.569 -601.46
813.852 -439.508
707.419 -155.732
713.341 -323.271
609.724 -341.021
63.759 -12.897
-485.822 -688.09
310.171 396.511
-436.06 648.429
554.558 477.676
708.198 -262.556
63.684 20.494
548.082 -171.025
-532.897 -545.631
-511.865 700.735
715.585 -368.534
-746.933 -351.612
69.739 28.131
814.03 -391.989
495.79 567.49
-454.382 -458.277
593.78 402.951
734.14 -407.058
66.661 40.552
-326.462 657.534
359.067 580.261
-42.182 145.099
-408.519 726.904
610.174 -409.383
590.713 -318.233
605.867 -212.454
498.536 487.593
471.893 443.307
-223.818 645.126
-384.667 682.005
-344.154 689.281
610.968 415.381
708.291 -340.838
-281.881 453.739
-451.279 718.525
714.57 -455.095
-456.554 -491.51
682.139 -249.548
-315.682 -579.245
554.072 545.36
-510.172 -592.492
101.333 28.876
-476.217 568.605
-68.071 27.674
-27.316 -89.603
-94.527 -51.582
-468.526 -363.976
-454.036 642.433
392.543 675.608
607.833 454.056
482.071 461.484
694.717 -221.674
-415.512 -449.384
782.971 -451.857
458.564 543.401
704.878 -350.745
-570.121 648.808
663.955 514.512
-11.538 -31.88
-431.151 639.097
458.888 483.245
-457.087 394.422
376.445 523.354
510.352 501.188
154.664 -166.929
558.764 518.8
3.559 -95.784
66.109 -105.433
-510.446 -481.649
-603.109 -619.48
-311.136 -396.111
-361.505 537.742
-49.242 -2.85
438.781 534.837
-573.136 -359.351
-496.521 -423.653
501.802 459.611
656.289 -328.267
-462.695 -456.904
-439.13 406.722
519.08 -293.844
751.246 -202.689
582.222 -175.707
583.217 -306.837
-8.625 -5.806
613.72 -197.844
-338.352 711.76
-333.942 535.854
44.758 20.556
-59.72 126.928
4.722 -113.532
736.355 -279.84
717.902 -288.556
685.07 -442.461
746.07 -312.326
2.733 34.043
-445.807 -343.39
21.81 94.705
43.708 31.911
-552.805 -477.333
419.869 451.598
646.763 -268.506
-394.009 698.698
635.849 -245.266
39.661 -116.133
670.847 -227.087
392.694 539.629
-398.984 -515.205
720.934 -312.606
-367.884 819.469
-42.154 -25.071
472.025 351.854
-511.308 596.429
747.525 -233.36
-487.903 -499.291
-315.016 738.553
85.669 -11.01
-436.974 -556.471
585.85 475.571
582.642 478.406
-446.986 -512.421
-323.551 491.883
17.85 -14.535
487.691 532.003
733.577 -334.963
-655.167 -280.037
554.228 662.095
-346.129 655.225
-526.475 -524.049
-595.542 -487.35
682.452 -241.804
-407.541 -592.275
-447.764 721.64
607.341 -221.989
673.161 -306.564
649.238 572.6
-449.719 -638.159
-540.344 -535.317
-423.754 514.802
-334.126 593.381
447.598 589.04
-431.337 628.739
142.29 -89.71
-53.75 24.155
492.819 437.308
-436.721 750.841
-302.981 -630.555
-574.098 -430.289
-431.209 475.717
593.107 556.215
604.113 -274.934
-448.083 683.463
34.652 51.684
755.594 -256.7
-334.517 649.128
-37.119 -101.028
63.99 -43.19
475.37 362.824
-417.423 581.578
731.169 -294.1
-432.296 494.179
-295.307 672.828
35.184 16.529
608.549 429.595
507.684 581.276
-480.326 -504.045
530.227 444.245
-489.841 -484.134
707.315 -388.279
-200.223 -38.516
-282.481 632.024
-335.818 634.303
-511.697 -521.389
-447.263 512.875
425.273 422.972
-35.062 -140.056
627.159 -336.281
-466.793 599.064
551.271 501.917
64.734 61.061
441.192 571.702
87.149 -35.151
452.697 537.119
750.606 -282.203
711.373 -409.207
448.713 558.545
-346.657 560.868
513.432 523.937
-503.461 486.984
-70.606 190.473
-448.203 -378.788
482.007 362.826
-362.026 516.534
-513.411 -515.942
662.702 -318.19
-494.762 627.571
703.615 -281.72
519.194 492.199
491.186 521.861
2.114 90.605
-354.358 590.657
-453.699 503.624
-647.174 -608.66
587.997 -268.913
32.534 55.991
365.952 501.298
-449.392 -399.166
552.213 427.069
668.85 -301.882
-26.489 -74.355
772.284 -236.702
-439.3 560.728
478.35 500.988
48.118 43.919
441.068 362.532
-358.913 -565.922
776.208 -277.221
-62.094 -13.381
-389.694 738.295
47.824 52.314
85.467 -45.376
67.171 -13.427
658.463 -214.449
514.635 484.939
7.716 6.878
-358.146 -526.022
-640.495 -429.658
567.09 548.534
711.607 -287.183
-620.375 -544.666
755.179 -369.96
-460.368 -443.536
-485.037 -565.227
-365.121 423.329
-339.891 789.445
-454.065 -552.984
-448.436 661.711
-389.043 568.435
-87.438 13.776
53.15 -62.039
-491.462 612.423
-441.399 -544.599
-469.138 -390.633
-540.905 -403.452
-527.997 -410.129
-355.124 591.055
157.235 3.892
426.901 434.732
-73.322 65.048
587.66 322.414
627.86 -419.387
465.36 354.699
786.852 -227.303
-452.597 -536.844
697.449 -328.268
-15.452 101.308
76.428 -259.813
-311.49 568.399
607.626 -367.086
619.068 -166.614
880.03 -303.546
-30.821 -25.863
725.712 -392.585
-43.49 -192.789
852.303 -383.89
-136.378 -43.949
416.83 534.646
-612.64 -395.339
418.723 450.105
-554.645 -524.798
470.324 639.094
-499.629 830.41
403.067 424.175
720.783 -333.763
-11.166 -8.451
141.12 59.903
-134.705 -86.973
-350.477 695.408
-128.918 89.967
281.254 420.618
-264.262 624.048
2.185 -9.97
611.226 -163.556
17.164 97.975
73.245 -41.867
-419.16 522.025
-290.626 -607.619
540.197 478.432
-368.16 565.895
612.134 -358.054
-514.183 -500.676
703.083 -204.892
606.684 525.249
-513.329 725.162
-504.862 -401.527
64.295 -36.195
442.88 492.388
522.913 -321.999
-572.243 -501.017
9.612 88.731
527.369 477.027
616.893 -351.424
-422.112 582.266
301.666 420.971
498.658 482.066
-113.676 -41.734
-443.761 -538.14
-99.926 23.039
-436.684 415.679
-27.272 -36.982
459.651 442.748
-529.931 -485.867
-82.417 50.225
-509.005 -521.853
-155.79 38.944
584.581 -226.089
-63.72 107.242
713.381 -248.996
578.946 545.742
-430.894 -682.028
445.114 673.662
10.734 88.516
-300.972 -490.674
453.892 477.247
-578.643 -544.462
-318.159 -511.608
665.334 -357.362
562.028 411.32
-511.832 -612.548
-478.912 -539.583
869.514 -339.131
-23.009 -6.907
820.771 -177.684
-393.608 -412.173
798.51 -173.44
803.267 -251.021
-431.851 -573.982
-552.482 -532.501
448.146 645.162
-185.349 -99.919
-463.172 -497.592
-395.4 -486.522
-103.74 -63.276
-375.243 603.972
-522.515 -454.084
-631.577 -467.792
-406.089 -591.087
708.24 -248.496
519.914 553.648
553.748 -313.789
141.394 117.056
-319.093 573.156
39.009 90.951
501.966 403.025
-458.175 583.685
-451.972 -569.613
436.372 623.525
581.996 -199.387
788.565 -486.164
-500.667 -527.135
-157.629 94.672
588.775 602.042
576.798 553.654
386.549 562.823
731.59 -141.515
-30.648 2.219
-355.047 -496.662
-350.513 629.2
507.45 439.43
64.51 46.26
516.788 469.135
363.003 581.718
-673.454 -478.786
-512.794 -461.884
588.385 559.795
-613.484 -478.022
666.511 -346.524
-342.562 510.193
-112.421 -67.316
-76.736 -98.999
28.28 5.193
617.892 610.245
-251.34 421.823
-501.889 550.475
125.285 98.901
502.329 530.768
-392.078 559.589
647.797 -133.65
658.237 600.82
3.368 70.662
-364.766 667.899
512.837 567.668
473.163 578.342
74.237 -84.058
676.512 -321.238
18.888 -84.511
-57.299 -96.14
778.701 -159.273
-506.886 683.187
-490.877 -583.919
-400.728 -353.132
-489.832 604.278
-6.41 -75.474
-89.179 33.281
-490.458 697.335
9.567 53.511
488.988 371.017
-428.403 672.607
-312.77 708.806
614.361 551.016
423.723 472.145
129.374 -75.498
871.033 -327.796
814.344 -322.792
12.705 39.307
-504.654 -438.866
-408.378 -362.174
-584.399 -556.869
2.617 15.657
-521.54 -576.039
828.833 -411.784
717.689 627.77
-478.881 -445.727
567.695 491.24
644.249 502.858
-446.694 -622.186
442.691 513.946
-112.07 -50.687
78.409 -86.802
-499.918 710.697
-403.088 698.481
-458.901 -444.643
-553.041 -585.326
-39.028 64.752
-411.956 662.187
-234.793 568.396
-322.533 686.182
580.631 410.646
624.167 -367.231
773.291 -304.662
674.429 -298.453
12.224 -56.381
732.753 -199.417
693.574 -320.708
-400.161 568.691
-477.748 -557.658
14.137 -71.258
383.876 528.509
679.813 -426.584
-162.75 -45.244
-581.319 -483.854
-378.866 -502.492
-412.08 -373.839
438.4 413.145
475.791 500.143
-387.507 -491.086
735.402 -265.219
605.506 598.169
430.286 392.768
411.26 600.907
835.078 -207.668
705.138 -212.129
-13.56 -64.519
710.846 -243.488
-550.679 620.958
102.62 -6.964
170.87 -55.099
-401.228 679.578
-499.783 -491.91
-403.133 -474.005
-377.982 772.582
-73.709 -19.343
-492.435 -440.436
-500.147 -513.059
-420.078 620.734
-566.869 -542.896
422.011 303.226
39.508 -199.505
-551.836 560.683
-151.266 -77.864
-526.681 -486.473
-481.504 -511.156
483.284 477.017
567.18 477.455
449.867 283.268
675.602 -311.574
-153.186 -24.411
-289.81 396.421
662.999 -454.564
-469.601 -652.819
-19.942 -55.11
714.77 -368.866
-403.637 614.569
471.386 -333.835
-58.626 -55.225
-476.858 -575.67
566.645 -249.817
-456.544 -517.654
785.845 -286.213
552.186 579.758
672.354 467.44
-580.952 -477.86
-531.925 -441.291
-500.589 656.028
-482.654 -475.96
-479.605 -453.055
-428.513 -539.048
-462.351 -630.435
365.002 377.64
583.916 396.153
592.94 -304.796
494.93 580.659
707.739 -216.148
46.483 -13.105
-392.672 600.347
-469.639 -353.588
26.712 -66.692
-576.538 -511.774
782.341 -269.193
-509.696 -538.406
42.369 26.803
-25.346 -45.808
791.62 -316.094
18.716 192.032
-481.856 577.018
-0.562 80.036
543.765 462.292
71.323 -62.662
-450.066 -704.44
-95.408 -105.218
-403.788 -367.091
-514.815 -568.96
-517.468 -545.872
-367.376 659.25
571.796 490.672
-163.893 70.766
-104.09 164.875
-574.67 -549.573
537.181 540.065
-437.676 -427.264
-363.206 468.253
-413.846 -357.19
713.204 -201.487
-606.243 -485.537
548.071 672.059
136.945 27.77
-125.247 15.309
-421.584 561.876
-55.626 -47.218
20.65 -33.805
1.9 -71.258
563.26 446.099
-63.655 -89.779
638.252 -224.689
-82.867 -46.471
46.225 -106.8
-338.491 694.18
-382.052 534.872
-309.69 555.405
45.743 54.445
-485.411 -578.371
636.347 -175.403
781.691 -273.476
-376.292 664.752
-443.548 660.519
498.507 505.346
84.287 -86.972
25.035 -17.981
-533.363 -457.496
504.23 567.119
867.317 -199.407
940.759 -438.281
681.207 -313.021
-401.667 -642.078
-369.854 720.043
551.048 525.611
-32.618 -25.846
-337.608 -388.522
679.346 -303.431
443.938 527.731
520.267 314.327
-336.159 672.576
-453.649 564.78
-31.359 88.156
752.168 -294.999
407.193 630.812
820.293 -328.53
583.789 397.544
-386.64 -475.702
-45.626 76.656
-496.944 786.248
-442.297 558.544
583.155 -181.152
521.137 531.856
-392.696 518.518
460.858 409.719
-506.084 -505.508
0.321 -2.893
-62.266 -30.51
-558.241 -590.0
603.166 -281.043
-97.31 -31.766
-498.615 678.48
-404.923 446.099
-301.278 538.621
-64.654 73.143
731.879 -272.077
102.357 -54.305
681.553 -306.057
198.47 85.784
-67.288 39.132
-505.126 -505.751
806.803 -237.238
680.611 -354.079
-362.906 648.008
-513.413 -488.627
-469.37 -543.154
-508.964 -382.377
589.772 540.209
-50.684 38.047
-428.533 580.864
-288.06 696.029
494.498 418.361
-321.529 562.484
-467.064 711.368
483.451 488.756
-373.722 692.628
-506.091 -533.245
-59.033 7.561
609.036 -283.298
0.73 -131.51
599.587 530.767
-395.761 536.817
-384.322 599.032
-370.966 526.729
473.03 620.211
5.277 -77.843
848.975 -251.38
-336.312 511.607
506.267 522.426
456.989 369.902
-394.558 682.632
440.837 466.942
-523.902 -625.57
663.594 -354.501
720.185 -464.324
691.821 -263.003
562.938 532.394
-525.156 -544.278
-358.738 585.888
459.218 436.099
-386.059 565.358
-462.58 528.906
-396.717 526.166
562.965 502.964
-80.344 6.374
-589.595 -560.407
116.855 -0.093
627.9 -315.255
-414.134 576.56
18.596 73.637
-502.378 -437.809
581.737 478.104
403.681 505.72
468.968 574.305
690.781 -400.215
566.68 512.767
-37.338 13.257
-454.747 -609.491
59.173 27.412
-455.317 640.988
-22.604 -60.175
-594.335 715.547
-456.45 577.405
525.722 581.966
542.102 443.896
-497.098 -526.87
15.138 75.97
-482.961 421.962
504.493 415.407
23.611 -28.031
-415.79 687.261
706.25 -259.831
-46.297 128.785
-513.799 -546.488
652.0 -191.493
30.399 195.967
-386.619 -441.698
-512.204 -413.358
723.088 -265.3
-634.272 -528.223
-440.873 -513.322
-392.9 -451.691
52.179 18.225
-532.311 612.031
-6.74 39.491
-412.608 -537.986
78.661 -35.154
-537.196 652.665
778.668 -331.849
661.892 -259.109
815.125 -328.314
577.731 558.163
89.419 97.945
-406.962 582.06
56.817 -170.148
80.492 -32.429
-347.447 579.269
-458.502 573.752
-599.261 -389.707
603.057 504.757
-377.557 792.183
-441.115 629.201
-23.922 198.76
527.41 340.873
744.944 -313.917
710.181 -245.494
130.841 -127.411
-343.915 587.923
-580.711 -606.136
-55.784 -132.804
435.151 601.742
698.602 -171.415
-90.95 -9.467
47.59 -35.253
460.813 605.125
-389.598 -706.723
-325.838 623.895
373.705 539.208
-319.724 510.323
-460.732 530.175
-474.817 -431.655
434.69 571.338
758.968 -291.877
-537.74 -472.669
-561.696 -560.65
-567.284 -419.558
-437.228 -583.879
572.661 -155.663
-394.092 -608.971
-568.994 -568.788
105.607 108.7
751.613 -301.731
576.653 -298.16
660.358 -368.375
660.304 -199.975
575.482 573.859
-396.218 -463.732
392.988 452.781
-416.839 -334.591
-365.195 683.922
750.106 -204.714
549.141 -254.218
-504.024 -490.936
591.673 590.127
-619.728 -428.682
-490.486 -533.522
-428.874 532.088
-419.008 590.939
615.244 522.953
48.932 -80.173
-509.358 -583.846
-216.24 617.137
-467.982 -529.773
774.449 -378.25
-441.1 715.663
-522.079 -422.844
-507.728 -538.885
767.703 -279.293
-337.891 508.318
-409.796 558.264
228.479 25.288
484.445 -358.117
-491.959 -414.299
-561.048 -494.969
-397.06 630.239
0.031 100.047
594.853 -145.386
792.932 -297.177
457.353 352.03
-40.603 68.299
667.182 -175.255
627.543 -279.912
777.142 -444.085
704.889 -252.166
-500.608 -475.228
-191.608 -45.175
-392.27 701.198
517.868 -443.976
-518.161 -666.119
-285.027 456.124
-378.427 510.654
197.154 -180.95
667.865 -153.926
694.098 -260.399
379.391 526.652
565.467 -403.793
86.907 173.006
-501.736 561.778
-79.201 113.74
-570.613 -497.697
-516.214 -377.825
-504.969 -562.883
365.282 519.088
-331.367 520.772
-483.991 541.019
-608.746 -426.125
-504.031 -402.168
-426.652 729.433
-353.375 843.652
-7.752 -45.744
-545.872 -496.652
649.284 -266.292
144.934 -9.233
-496.844 -528.902
163.007 18.282
-527.44 -435.532
-461.719 -586.871
-470.524 -514.167
709.843 -402.73
630.444 -156.876
-522.246 -426.951
770.527 -301.005
-4.158 118.132
-466.435 710.925
-76.323 -16.152
657.902 -294.706
380.698 506.588
383.582 687.113
-16.76 -19.718
-490.516 -525.31
641.828 -261.221
599.341 -415.075
-162.414 -92.202
-443.019 683.251
464.276 388.002
-616.784 -387.104
-577.313 -494.789
267.303 12.189
-396.657 474.069
565.485 643.247
-328.68 596.676
-431.103 672.339
742.757 -320.576
-536.577 615.765
476.332 530.603
-473.243 -425.524
526.754 603.25
57.787 -84.515
737.288 -335.294
-424.135 -512.346
541.857 539.756
724.026 -482.612
-562.141 -430.026
-415.364 687.786
541.355 526.594
603.802 443.977
-86.151 -24.951
574.214 535.823
325.857 640.969
677.318 -357.302
706.395 -293.363
749.345 -271.475
686.24 -165.571
-533.129 568.77
706.454 -349.082
779.858 -417.406
-1.474 235.19
-296.188 -396.815
-490.541 599.486
-506.213 652.912
625.206 -206.776
-425.015 559.686
475.473 649.931
340.236 485.899
76.829 73.63
647.615 -399.166
-51.572 -100.576
728.532 -109.659
40.274 -60.893
-540.445 -586.834
587.897 516.411
654.781 -225.417
-451.326 -484.68
369.743 556.78
514.421 360.74
658.727 -393.276
853.326 -204.186
-418.065 -573.895
-311.274 501.333
-297.204 644.128
710.209 -294.362
723.859 -269.632
614.295 357.246
511.308 540.488
-505.098 -439.901
-268.502 667.333
-572.352 -590.486
655.55 494.093
460.48 438.058
-446.359 716.853
750.031 -242.362
-236.116 513.289
-363.911 560.241
-401.733 580.258
435.623 395.192
467.378 462.762
566.842 -210.228
505.029 448.884
-587.748 704.557
622.614 -194.25
-387.359 512.967
578.809 615.98
484.712 468.823
-447.882 642.637
-25.63 139.798
769.756 -250.45
611.424 -411.143
650.39 -317.758
-399.36 540.869
-278.459 658.611
137.361 110.591
63.567 84.838
504.098 -411.023
-26.863 80.195
667.447 587.615
623.901 -319.487
434.224 474.866
408.951 543.095
532.329 461.025
598.101 -380.7
472.282 511.357
719.822 -268.743
-426.13 -467.474
-499.113 -447.067
-572.069 -596.568
390.731 436.545
60.178 -40.867
532.781 469.97
-441.08 -465.741
-400.997 -480.733
684.105 -219.091
535.352 607.999
-476.433 -607.478
-488.401 -532.212
-686.102 -463.728
477.192 537.302
18.111 4.329
341.616 446.681
-553.678 -472.863
-521.53 -529.434
768.071 -306.492
167.814 -52.664
641.722 -368.371
7.06 38.956
-350.722 622.433
-421.746 555.973
833.269 -389.42
502.201 401.477
763.089 -246.745
-644.231 -506.525
-563.15 671.816
644.941 457.551
-409.401 527.295
46.355 -19.593
606.606 -392.317
590.228 -498.38
-440.274 -527.734
-416.928 -526.02
-275.07 669.221
346.494 523.807
731.36 -236.062
-408.762 705.175
-606.091 -539.863
-532.736 623.781
-31.588 93.805
-526.027 -528.064
535.37 -431.315
-350.987 481.439
-309.509 622.508
646.946 490.69
-82.434 -109.428
-535.728 -704.43
542.867 -332.166
-416.453 588.636
-449.754 477.45
610.592 -274.798
-432.766 571.302
76.936 -104.208
-492.24 635.921
553.029 -333.28
-549.912 -502.566
-475.513 442.411
498.639 572.245
736.364 -281.64
854.028 -281.523
749.235 -309.734
458.295 517.969
590.176 516.024
-563.37 621.601
-558.904 -565.03
-451.239 718.004
-48.615 149.769
-366.152 510.137
-10.098 -16.69
-524.83 -561.314
364.058 427.528
-497.038 642.039
-30.249 -52.136
-334.321 514.988
-676.112 -449.538
-653.678 -410.846
397.744 473.167
-448.891 622.834
-499.871 -461.609
-436.597 -423.045
864.89 -318.967
-371.61 622.196
756.076 -267.646
657.686 -169.434
619.092 -359.355
-571.029 -430.905
485.661 462.472
-553.273 -472.89
721.222 -256.307
-369.329 662.423
94.468 -52.408
-416.329 -393.198
-360.865 647.865
-415.444 525.251
604.05 -216.197
-83.067 22.491
-435.97 502.625
-364.181 529.67
240.92 -125.616
-582.662 -674.008
-420.95 489.508
405.529 441.785
484.802 472.989
-428.891 521.008
398.045 595.916
597.993 460.952
819.109 -366.276
-47.81 27.147
-614.237 -540.621
-7.034 39.745
-669.583 -474.788
474.06 499.221
-36.36 20.613
518.845 292.513
-444.966 -477.179
529.328 366.178
455.307 457.266
55.759 -119.021
-604.313 -525.972
-85.6 68.108
-376.53 693.863
-444.619 491.595
-451.335 541.848
723.364 -300.249
608.185 601.62
-348.726 680.447
646.052 -412.492
6.455 -58.995
92.086 -159.744
-542.858 -360.862
-669.169 -490.932
471.267 565.285
-489.983 602.409
449.539 634.594
-357.958 402.374
-449.398 -518.842
-499.924 -554.125
-347.491 674.421
754.9 601.508
-614.215 -555.669
30.549 -1.304
571.228 497.107
-98.897 -112.874
-82.059 11.957
670.763 -178.192
5.692 71.257
795.363 -248.781
-358.303 -617.177
626.306 -121.168
786.703 -219.59
-482.485 498.695
593.065 547.651
683.336 -163.818
-556.321 -331.231
456.269 474.806
-488.694 629.62
-466.644 658.53
-262.449 550.667
682.694 -244.324
-381.371 658.941
105.592 -101.082
603.869 361.69
-291.572 555.988
495.981 650.927
589.847 -350.151
565.859 516.647
296.097 536.255
27.046 -79.383
-94.745 99.056
642.891 -212.324
-642.505 -371.732
418.481 363.922
484.824 514.363
860.058 -367.295
-31.216 -9.099
-494.185 -457.677
803.466 -317.525
573.031 -420.724
-444.634 531.792
-576.335 -392.502
-411.434 -597.942
678.695 -295.356
464.552 603.558
-506.203 -504.024
41.061 -90.888
-456.139 -436.809
20.938 16.908
-433.946 676.14
637.413 -307.199
-484.153 -448.37
42.156 114.735
534.893 597.179
63.996 81.284
-69.931 -73.245
-605.185 584.653
663.056 -351.411
-623.264 -571.248
73.53 40.537
540.085 433.122
659.848 387.766
577.592 465.238
-510.352 835.442
524.343 487.234
-499.867 638.177
460.623 481.021
631.73 -302.751
560.952 -370.171
-53.991 -10.999
503.933 -372.874
707.333 -396.93
-66.794 -108.044
618.672 572.656
-352.062 554.429
624.914 -361.081
349.281 472.376
-452.237 681.713
-327.089 570.028
-367.543 -525.502
681.808 -404.29
764.213 -464.098
784.781 -238.068
379.728 644.393
11.173 56.257
486.174 417.326
-276.24 588.646
-317.163 639.074
460.106 452.814
738.731 -309.223
453.817 387.078
-421.783 607.369
-511.998 -331.314
599.983 -333.238
-542.918 -486.799
-399.946 510.164
557.105 536.87
-385.608 -473.743
712.345 -420.402
643.095 -241.716
12.25 -128.0
-370.381 557.922
538.172 478.499
39.545 -107.673
-209.192 651.788
747.783 -382.652
-571.201 -371.974
-57.592 8.337
-557.908 -554.92
661.139 492.298
641.128 477.032
514.396 595.467
610.129 492.875
377.932 476.99
27.603 -94.421
-367.589 531.31
-379.168 610.868
-7.951 -68.822
681.385 -355.816
491.486 532.556
-44.588 12.549
-308.542 609.357
554.881 -297.647
-64.839 117.022
478.429 376.579
472.447 443.793
-500.374 416.979
-291.043 529.052
345.542 610.633
-564.255 -593.225
-14.566 -31.517
-499.325 658.799
423.654 433.899
821.01 -329.495
-4.143 -66.345
-358.324 -620.814
-436.697 512.214
629.702 -276.077
-597.942 -463.744
779.586 -262.709
743.087 -316.873
-631.063 -449.661
-557.703 -341.581
-35.5 -39.044
12.459 -37.104
644.687 -196.441
-519.941 -444.964
85.65 3.411
485.469 616.384
639.511 -203.433
-524.081 -532.519
467.437 548.111
-112.901 -58.172
362.101 552.248
665.657 -312.812
-496.974 -520.733
-498.42 -389.73
-515.787 -469.418
694.459 -348.37
120.108 119.227
-437.538 -593.887
-552.947 554.526
443.804 367.352
-25.164 -19.827
-615.057 -417.431
539.128 677.585
-368.773 571.562
527.84 471.645
687.982 -310.788
626.236 -418.71
-442.974 -438.307
521.734 -234.563
699.97 -301.796
515.79 449.564
-1.016 -175.528
-413.459 -434.085
-352.018 659.007
-499.628 -298.362
339.797 527.895
42.644 37.087
523.968 -390.86
667.962 -188.899
595.191 -178.81
715.999 -337.379
-77.853 79.963
471.45 551.83
-411.79 603.855
-368.866 577.172
405.425 393.275
-526.12 543.9
46.645 41.854
-671.883 -493.923
643.303 -336.114
-101.322 3.392
-118.863 19.124
513.576 588.084
624.599 -293.729
-425.508 462.659
-530.093 -497.314
-451.914 -398.989
-449.212 -607.154
40.528 -62.293
522.541 482.785
690.791 -225.517
-292.485 702.295
539.488 580.188
-415.42 642.456
-487.984 -457.146
56.489 -26.977
-345.248 -581.298
520.455 466.146
509.011 237.676
116.98 46.281
-476.367 -438.63
5.407 62.06
-662.313 -564.723
514.874 482.97
599.448 557.704
514.278 361.638
701.029 -282.057
647.344 535.31
-455.948 -597.239
77.296 32.034
-70.533 -82.626
565.577 435.104
-477.788 -443.427
-570.141 651.642
528.905 604.91
634.637 420.691
-560.815 -577.804
-430.035 -655.512
-537.196 599.159
-389.7 579.85
738.003 -413.826
-498.653 -596.907
-410.309 557.264
607.708 606.009
795.517 -212.574
694.439 -352.14
-47.813 -62.614
722.045 -352.576
43.605 138.533
751.347 -386.625
38.86 -125.372
-48.207 -26.2
-43.268 -160.886
674.076 -345.889
-530.165 -383.304
465.308 540.312
-343.047 618.474
474.433 511.264
137.583 -68.952
-440.121 485.8
-7.583 68.227
-8.652 83.262
754.298 -265.043
-307.375 485.946
-451.215 -547.952
-400.46 657.983
-471.829 -418.647
-384.916 553.667
625.267 -349.015
-276.429 649.311
-445.633 560.53
415.043 391.549
-448.902 569.212
917.787 -221.626
-86.727 49.323
-494.646 631.761
20.615 -143.774
-214.847 594.251
-353.333 598.294
-551.561 -391.359
442.455 474.602
-506.484 590.0
450.932 491.359
-5.646 173.605
57.85 -34.038
-400.136 673.03
52.326 -40.354
676.965 -190.707
-564.592 -592.227
736.896 -111.478
538.193 -329.576
19.141 -61.333
-395.604 505.786
-67.631 100.769
498.172 457.823
624.513 -282.294
412.767 685.678
-485.107 -425.011
771.802 -339.34
-458.003 -442.427
-549.68 -540.466
-185.677 -53.168
-409.373 -612.091
675.351 -399.818
-557.071 -419.874
-465.974 641.966
-420.127 592.621
652.313 -353.827
-17.78 -17.682
725.007 -363.337
534.3 -367.667
-501.104 -523.811
492.827 373.759
48.316 -61.05
504.126 430.886
78.721 -12.363
-580.256 -477.002
-430.277 632.89
-559.49 -509.839
-16.514 28.397
55.483 113.742
673.307 -214.673
707.742 -330.771
734.655 -432.165
642.417 -380.796
721.556 -204.953
-6.714 194.048
-483.321 -420.684
729.96 -414.973
469.501 474.693
361.184 446.079
-368.539 598.274
-426.153 -482.641
-42.927 145.123
449.814 503.402
71.979 62.194
149.122 133.269
668.538 607.556
55.163 -197.943
713.643 -403.354
-423.31 -415.13
439.602 395.032
502.308 564.488
464.183 364.383
-494.192 -448.029
-508.212 -459.325
-131.102 -93.941
747.237 -289.02
-475.766 -490.04
-93.301 -13.739
-462.128 635.358
-50.113 -3.55
-320.755 446.279
597.542 470.437
65.076 -156.068
407.473 613.674
-439.865 529.481
826.447 -346.335
-73.959 57.563
-534.9 613.085
472.671 549.347
8.995 -72.902
24.814 -54.774
6.57 47.691
557.532 535.813
818.142 -296.544
-7.024 -1.853
760.09 -351.928
4.747 50.419
770.794 -254.502
54.411 56.991
-421.311 462.897
678.912 -234.756
-355.772 536.408
530.415 410.811
362.579 588.166
-549.236 -468.003
65.65 53.391
50.053 -12.982
-36.996 -37.684
397.675 555.271
-297.156 535.108
-475.714 851.224
-61.938 51.549
-291.724 626.303
519.32 568.506
676.89 -369.11
552.272 420.675
634.428 361.58
-39.384 182.235
-68.698 106.269
871.419 -408.633
-372.035 -462.994
9.182 34.287
-403.323 -554.015
667.194 -203.513
474.412 423.874
731.2 -558.218
-344.449 549.129
504.465 514.531
-523.068 -717.718
-119.339 -48.041
-40.784 75.676
-404.822 -625.938
-503.247 729.761
-530.018 -548.094
645.245 546.856
754.421 -390.106
672.068 -366.855
-319.633 -485.18
46.312 -72.215
554.674 352.2
11.005 -23.475
-80.246 86.35
469.884 468.105
-334.867 874.123
-444.948 -442.49
-469.671 -588.187
-586.289 -470.292
-387.926 567.86
726.173 -305.131
-594.176 -593.488
-503.921 -528.362
-196.246 -102.211
533.687 530.349
-529.642 570.975
-559.639 -608.497
-21.861 121.671
429.223 475.015
144.361 -90.758
-507.383 -542.917
-522.472 -478.474
-208.487 591.834
4.266 6.253
583.121 -275.909
72.387 -14.566
446.725 490.212
578.882 -278.155
-426.209 544.317
681.373 -244.598
-168.349 -87.595
-546.259 -675.944
-485.647 -600.615
-116.135 -56.444
-277.399 506.414
599.464 -147.477
655.996 -273.481
-139.798 128.451
-412.128 596.296
553.82 555.584
604.795 443.271
779.078 -428.451
607.256 -195.464
-474.854 -381.128
-279.849 625.509
-11.732 -122.453
-225.251 687.773
36.745 64.4
-452.94 599.198
333.765 367.096
568.71 570.483
663.246 -183.736
-357.273 626.278
-520.808 518.395
404.546 534.859
603.435 -250.418
587.495 -333.479
776.373 -363.612
557.577 482.89
760.394 -306.742
509.113 408.955
107.966 -49.082
581.919 -272.66
520.634 633.272
551.461 592.465
12.881 -1.531
753.72 -170.851
15.295 103.562
-18.936 -96.565
-374.23 532.733
602.654 491.726
137.495 -21.627
427.703 418.598
600.652 640.315
499.342 432.985
-431.867 -484.899
-507.352 -492.596
-492.632 652.393
422.448 549.558
-54.574 32.262
125.635 30.543
670.484 -160.426
168.245 -16.636
-371.779 542.955
454.093 480.388
-319.856 574.715
824.194 -221.668
467.572 528.192
-556.229 -506.009
119.72 -43.965
795.203 -354.057
773.093 -374.478
-348.056 626.949
508.842 593.759
-314.656 658.598
681.594 -273.817
773.871 -389.746
-426.784 663.226
178.42 46.587
12.841 34.776
360.917 461.076
395.909 604.245
11.615 -123.89
-449.493 -565.533
790.547 -322.613
729.214 -318.874
-7.198 158.01
595.327 -170.522
-227.497 742.585
780.723 -280.196
546.651 525.317
-489.595 514.76
80.249 74.596
665.573 -357.944
-446.375 -446.733
-437.1 -477.485
-479.844 -614.753
-30.379 -37.263
511.125 459.144
-411.945 -550.25
398.961 464.079
-404.212 577.288
-416.288 617.683
-65.393 -81.827
-448.534 -424.774
555.649 -159.985
765.915 -356.563
-413.55 678.121
-35.589 11.695
716.154 -301.332
545.17 391.925
367.277 616.494
-23.392 -74.586
-358.679 645.956
411.152 540.805
-59.903 84.424
-484.974 -801.124
-360.497 788.818
785.294 -453.359
752.882 -536.322
592.6 453.609
-20.849 18.498
8.072 -44.647
467.916 469.816
477.881 -350.91
517.146 408.126
-406.898 683.405
626.826 -176.235
727.311 -255.907
-547.245 -476.301
629.388 -245.675
-470.712 -484.091
27.494 90.192
-463.372 -531.807
-146.539 -16.663
-93.924 -88.998
-620.826 -488.778
81.999 -50.855
-494.202 -528.815
-59.569 -46.967
830.905 -332.174
-108.482 54.556
545.876 440.732
-268.087 527.49
765.265 -412.032
-83.093 -37.354
-484.086 687.997
742.047 -423.023
11.631 -7.943
675.312 -192.906
-39.995 -3.832
641.977 -339.932
-455.204 554.554
-572.741 -652.491
-31.065 111.704
557.834 597.358
-543.983 -531.614
793.027 -276.446
-502.03 -324.441
-426.648 -517.68
528.351 538.979
-30.569 -55.465
23.946 94.293
23.311 25.268
639.541 -385.117
-399.728 469.892
68.547 -60.828
850.369 -214.873
778.234 -245.671
502.375 528.765
510.72 439.228
490.505 530.487
-53.939 42.396
-500.585 519.064
389.119 498.241
-570.575 -431.595
597.239 447.922
52.229 -10.477
20.281 34.164
-466.795 -411.373
-275.381 611.433
626.163 -369.564
809.085 -252.633
-141.99 -32.545
-60.22 25.173
428.139 620.942
556.164 552.067
704.566 -313.108
528.755 490.984
-500.787 -594.088
-477.282 -682.735
81.024 -38.921
-387.423 744.547
707.102 -271.597
-382.864 -424.298
609.346 -245.016
53.906 -23.915
-294.877 627.463
573.09 383.343
-493.764 485.264
465.741 455.475
-551.011 -531.088
130.747 80.219
454.552 429.517
431.642 387.599
126.466 46.234
26.12 97.784
494.775 423.306
-41.24 -82.153
-22.06 -70.988
-412.033 -483.34
663.136 669.435
-561.65 -367.581
677.593 -347.542
-102.343 26.297
-332.295 493.415
-459.083 -447.508
-481.378 -520.925
-100.644 -25.478
-422.193 519.724
-109.679 9.842
629.643 -322.709
732.482 -145.004
-418.183 -525.591
-359.235 -610.773
-459.504 -442.662
-499.694 -680.406
624.754 -337.851
-302.282 536.442
-13.371 -50.083
-482.174 -561.672
107.575 33.15
418.111 504.712
608.282 -247.567
604.151 657.456
707.123 -298.327
650.6 -295.959
-476.45 709.736
-435.894 621.367
-373.336 561.216
518.109 590.184
-143.764 -21.448
-514.925 -574.61
-442.555 -494.17
383.528 337.315
-438.875 496.465
470.492 447.485
21.858 -208.585
-312.389 569.48
850.895 -269.928
-482.609 -601.312
808.03 -290.08
677.853 -205.92
-402.986 647.754
2.56 -57.295
748.143 -207.756
-45.515 -5.538
715.999 -384.904
-558.247 -623.252
-58.427 -64.319
-416.844 590.979
-356.464 -508.283
665.6 -213.748
-385.711 515.88
-255.848 -511.127
-570.038 -613.472
622.289 527.646
-477.122 -372.639
-491.234 -560.73
-357.064 777.785
45.111 -16.824
-311.263 -551.612
-537.973 -576.335
0.966 54.303
-66.147 83.305
-494.737 458.061
-413.694 -640.741
34.569 -50.749
38.657 -84.152
114.454 -19.21
-396.226 -480.08
-8.516 74.264
-552.161 -606.798
661.487 -207.535
449.196 591.25
-458.244 354.316
532.476 -400.099
-282.996 478.291
67.401 -76.641
-507.738 -502.581
-488.278 462.448
-399.273 -506.69
-536.338 633.353
481.778 560.806
813.793 -245.898
495.494 445.109
508.084 645.245
-507.659 712.801
-506.829 -583.054
489.685 408.091
-298.797 644.913
-477.445 578.858
-520.84 -447.541
350.206 502.771
647.297 -244.543
-27.706 -89.151
552.721 -324.752
-281.674 568.433
-398.223 628.268
639.308 -253.301
-389.214 -641.768
574.835 -185.816
-564.66 -388.952
548.383 492.595
599.312 450.709
659.709 -331.896
-148.764 152.124
-317.355 710.581
606.354 -347.382
742.171 -334.073
727.198 -315.287
289.631 -15.847
-77.554 40.355
548.215 422.493
-259.33 693.384
593.652 -288.907
80.759 -77.091
-16.969 57.351
-583.797 -631.081
456.554 496.281
-395.287 689.665
-399.19 556.608
-514.532 728.303
-72.866 153.7
429.781 511.31
621.227 -389.635
571.436 728.715
885.037 -363.889
-564.956 -480.857
-370.776 -656.619
42.915 -99.204
-430.881 -538.89
-114.336 50.695
584.422 449.85
-360.037 638.993
-370.379 634.676
-365.105 603.549
-399.712 615.376
668.741 -241.149
69.453 -254.958
-372.158 -552.072
60.242 119.571
677.568 671.177
738.485 -413.049
-397.139 -683.054
-19.799 3.31
-354.292 654.946
-429.277 547.551
561.753 490.713
399.338 456.817
601.371 -368.106
861.449 -327.006
-153.839 -29.472
802.098 -378.751
419.063 472.571
-553.063 575.294
-61.866 38.605
-395.018 -410.481
-19.856 6.772
-411.996 -477.388
1.851 -30.937
15.047 204.842
-443.202 -397.457
427.775 603.226
552.351 321.833
-36.155 47.11
-464.189 -505.461
-357.106 616.947
-378.945 563.2
513.07 474.814
-384.776 532.733
628.079 -203.856
634.062 -257.328
-287.651 643.559
667.055 -144.367
-5.979 52.303
-518.74 730.368
826.411 -160.701
-594.036 -375.997
457.788 692.105
547.363 401.879
-646.941 -533.055
-341.316 545.825
-369.131 585.367
651.692 -302.421
106.199 -143.572
-391.422 741.614
-489.781 -470.869
101.133 42.716
-459.843 -559.019
750.574 -343.356
731.735 -279.232
509.115 383.707
-510.469 -476.933
-421.748 491.814
-332.323 515.391
-65.549 59.294
-366.251 -659.543
-240.092 562.742
767.437 -273.364
850.236 -236.133
-612.857 -308.441
-491.875 -596.296
-399.403 605.195
470.348 562.943
556.374 599.009
589.282 455.847
437.133 626.641
668.451 -313.429
83.011 -10.837
549.766 329.157
-74.245 -46.922
739.038 -271.885
-396.542 397.771
-385.685 674.576
351.834 488.695
48.964 45.769
649.589 -271.238
462.509 585.525
551.255 435.752
502.726 542.524
711.788 -278.646
-414.725 -434.197
-390.343 556.595
-459.672 -542.098
-427.977 -532.929
616.95 473.487
-460.331 727.758
154.509 -72.597
563.324 -343.065
515.829 562.572
-392.926 710.647
-428.919 -453.875
308.883 545.504
0.381 29.805
-577.734 -400.746
665.639 -189.779
-539.292 -467.5
-415.318 628.094
-146.814 16.255
-455.254 -561.333
-388.562 -452.001
-468.382 -537.694
-314.156 545.507
-535.052 -552.95
666.665 -178.52
-447.088 -550.074
-49.644 -98.672
757.297 -299.371
603.006 529.232
385.845 540.57
471.334 551.352
503.522 531.016
681.223 -517.618
-524.962 -492.728
-356.819 541.456
640.601 599.161
-632.87 -599.496
-420.085 -387.895
-500.126 -445.761
-492.102 -394.885
-54.574 13.456
775.01 -300.509
-575.613 -446.372
25.732 -60.639
510.538 471.846
-477.164 -572.513
-539.236 -494.642
749.531 -258.519
609.438 612.468
-502.501 -554.865
-4.378 46.446
606.042 -341.268
379.132 502.587
-683.275 -526.288
-95.614 -95.051
122.648 -51.09
-441.871 676.938
-568.511 -537.335
578.102 571.186
-344.4 549.345
915.688 -295.881
40.621 -2.675
-611.856 -432.857
582.317 -262.449
67.834 -13.741
449.591 529.197
-456.806 -500.598
646.869 -231.698
827.206 -208.561
862.312 -209.651
372.236 484.301
-436.544 707.478
-420.284 -550.928
-493.327 549.119
718.652 -382.556
811.891 -312.185
456.17 449.346
-403.185 626.447
-371.15 615.496
700.104 -150.29
455.781 585.173
-434.71 496.053
-39.881 -76.958
-325.946 633.85
527.279 -213.113
-367.918 742.997
-487.307 620.646
708.163 -254.659
500.174 482.414
-400.011 614.134
-631.772 -660.79
360.92 473.99
-636.181 -428.016
644.221 -350.482
558.887 576.184
-455.765 648.556
-300.083 520.737
-480.077 -529.29
61.324 96.033
563.317 -249.076
-43.862 82.623
-490.626 647.196
785.843 -474.388
659.021 -282.81
-545.968 -475.869
-394.432 604.921
-391.513 510.98
-516.809 -412.807
-552.091 -465.964
-274.747 575.495
-577.622 -491.081
458.864 412.936
693.414 -388.59
-540.026 -415.46
8.941 78.802
481.756 354.74
-460.205 -436.045
613.829 -281.417
-408.31 -300.755
-305.043 -426.425
763.695 -279.285
-375.477 666.297
611.625 -264.741
-432.603 612.835
722.911 -308.985
-253.554 672.249
736.247 -259.841
-80.296 6.052
-587.239 -373.564
448.627 635.897
-599.054 -411.962
785.526 -307.297
-425.123 -447.554
786.836 -340.248
557.235 -353.646
779.084 -432.53
638.978 -235.3
83.576 -103.965
604.077 -420.868
-435.558 595.964
699.598 -348.634
-532.927 654.976
80.237 -112.739
-261.302 519.828
649.128 -343.602
436.486 496.764
99.756 -138.49
676.96 -368.347
120.473 -15.816
-414.273 -617.105
-361.984 511.683
-467.598 707.952
500.305 663.885
-213.656 -527.621
-429.616 -616.906
-321.681 568.711
790.182 -266.174
-410.387 -438.424
612.112 -304.174
-70.79 145.118
459.429 634.151
-515.586 -516.176
-469.262 -388.789
414.248 426.695
741.722 -408.305
-638.966 -567.687
-535.087 -414.341
-433.391 556.694
-250.548 531.557
443.488 588.694
746.061 -261.773
-396.032 -477.123
-48.101 8.713
-477.866 -606.446
50.368 95.509
698.743 -257.966
511.637 578.314
-515.389 -510.236
118.949 70.012
20.768 -91.592
499.074 545.687
15.81 140.356
671.13 -372.411
-536.527 -472.335
-619.542 -500.741
-378.982 546.254
-125.203 -86.809
25.301 58.607
-27.861 149.499
-657.191 -426.59
752.085 -347.422
123.555 -46.796
-297.918 606.013
-410.864 495.042
-253.746 629.681
536.364 677.845
687.215 -237.496
531.462 489.299
403.19 321.446
459.744 443.896
850.85 -348.597
542.256 412.02
735.663 -225.824
677.017 -261.071
112.171 -59.643
-242.858 603.581
728.759 -294.297
637.394 -256.388
557.151 516.846
-59.315 -41.385
664.671 -282.05
529.92 415.347
766.783 -308.372
31.231 184.519
-491.652 -472.629
236.372 18.322
-381.068 561.255
-493.183 -608.759
-28.123 -42.117
13.064 -36.142
-22.33 -41.518
763.527 -441.161
-593.711 519.343
-48.82 100.469
-245.386 632.605
-481.455 -474.718
-346.382 614.026
421.66 544.785
1.843 -66.825
-483.172 602.016
-655.811 -427.844
488.062 483.749
-561.833 -611.04
70.222 -65.658
-377.219 665.273
707.089 -433.739
-401.929 -615.772
-539.828 -549.253
-67.948 67.31
71.543 5.644
581.815 453.03
-281.42 610.657
546.691 611.833
-624.768 -555.207
-453.915 -613.028
-379.051 534.285
93.03 -30.374
-265.275 782.558
106.122 -9.348
636.771 -361.689
-495.114 -550.945
109.067 -97.008
-300.904 639.147
-331.774 591.903
432.676 463.49
-357.131 -335.279
630.583 546.685
-283.288 536.833
-384.039 751.896
-665.647 -484.24
-400.244 -486.328
-30.135 -57.126
470.577 676.148
596.288 550.335
-611.307 -427.406
-480.064 549.047
-575.579 -492.702
569.756 522.012
764.512 -311.827
619.837 591.344
-242.284 659.348
720.219 -307.726
30.605 -133.767
-443.721 639.981
-42.224 -9.731
519.317 523.539
651.884 -370.05
-537.025 -583.438
-63.576 41.321
417.577 586.266
-365.921 611.578
511.553 346.569
550.768 515.03
-328.734 558.58
727.3 -374.947
161.594 -120.661
-347.445 595.933
559.095 539.621
607.105 -291.895
105.316 11.26
-68.314 -146.57
575.608 505.234
-71.598 -16.788
71.867 -159.731
427.843 499.682
-694.707 -483.064
524.156 470.602
385.699 467.103
819.622 -352.435
599.834 -150.752
-429.101 -516.626
-373.378 670.365
735.086 -391.011
-449.052 543.619
-13.844 -185.518
-72.201 145.702
-339.076 573.442
-546.958 601.034
-8.473 3.651
480.985 411.949
-553.806 640.692
567.919 552.238
622.729 -403.564
-442.702 528.289
-310.151 748.639
322.427 385.31
-59.309 167.828
-311.888 -505.718
-18.514 -52.239
-613.518 -420.081
-80.122 149.32
-465.482 679.719
22.416 -10.959
-492.44 606.655
50.108 19.751
-521.471 -499.549
78.411 8.894
655.529 -323.747
365.397 458.982
130.75 112.472
-511.655 -549.797
-50.511 -4.41
-374.683 389.308
-97.209 -18.308
507.711 -275.678
473.592 493.099
11.134 -41.458
-502.442 649.889
510.152 507.066
734.32 -288.197
386.991 345.962
-27.341 44.082
-424.556 -526.86
-420.197 613.698
-390.034 705.492
-101.336 133.924
-425.647 612.064
-473.386 680.579
631.68 -285.764
-450.668 507.93
460.006 574.532
-442.857 -559.486
483.551 508.494
-362.328 610.031
675.798 -325.419
36.29 -21.452
-516.424 -522.65
761.155 -256.55
134.408 90.644
-336.577 643.87
-17.276 26.572
-601.398 -615.869
803.243 -317.751
-405.81 546.194
-516.994 -449.629
623.911 -189.807
723.59 -343.522
527.066 -229.88
-418.29 -437.865
-340.04 512.971
429.022 569.193
770.554 -337.904
-515.961 -494.624
11.768 -114.604
-376.604 -511.359
579.201 590.322
463.142 519.908
640.841 460.961
-457.043 -541.692
510.775 530.481
-18.796 45.926
-472.689 -511.339
-571.1 -529.025
489.027 452.261
-424.844 663.728
669.26 -292.576
-302.219 -366.085
-538.6 -484.941
589.202 -158.469
-675.334 -433.478
743.783 -366.923
-678.187 -354.438
57.925 63.268
4.411 -53.411
96.004 -19.673
592.137 -299.362
-466.859 -672.645
497.339 570.624
709.135 -423.889
-71.099 -79.566
518.16 459.654
802.256 -354.211
-577.532 -477.577
698.869 -295.962
35.731 -17.274
-571.11 551.579
-393.053 486.288
698.134 -241.509
-498.866 -493.894
481.257 601.86
489.011 555.611
-468.013 -487.81
868.68 -187.721
472.691 578.729
592.605 -333.471
-308.212 585.758
536.071 546.076
548.402 359.474
-585.822 711.996
-563.878 -546.702
-480.422 -521.895
-54.584 36.24
72.45 22.177
491.725 653.258
456.798 639.73
562.491 422.912
810.026 -390.531
832.433 -322.805
-483.511 616.591
565.817 -314.964
500.963 462.555
-477.593 -395.299
-68.592 -81.466
-375.281 489.134
-493.732 691.843
701.096 -415.493
29.105 -236.803
472.175 454.196
-502.018 -460.313
-500.111 -551.302
746.95 -340.405
109.172 3.305
477.962 421.615
593.049 -267.065
616.956 -331.354
-515.493 -515.697
-411.807 -498.147
-467.732 -535.943
18.402 76.778
605.854 624.49
-456.254 752.491
-5.372 -10.559
571.125 424.769
802.833 -381.625
529.287 422.018
-367.424 567.489
-357.251 -535.955
677.476 -367.027
-21.289 -67.546
584.363 -192.549
717.081 -193.065
-54.398 43.872
-413.733 725.014
9.291 20.922
576.326 -251.734
602.998 405.797
-66.931 -36.26
-60.571 23.574
-589.743 -562.303
-545.567 -408.074
509.697 416.542
695.757 -143.442
-273.352 630.826
645.614 -401.89
456.18 439.923
729.92 -402.735
414.267 419.251
646.381 493.959
-499.508 -492.368
617.532 -134.959
-498.712 -542.301
729.535 -248.988
692.494 -354.367
559.672 568.337
-451.409 576.636
50.37 82.703
-388.125 511.143
-103.039 99.623
74.267 -49.414
782.027 -318.134
703.328 -341.806
-359.861 -577.937
157.053 50.094
564.271 -347.183
554.513 499.65
102.439 26.664
477.879 419.784
552.178 530.692
-512.546 -444.823
390.566 426.423
546.756 464.997
601.565 298.243
759.45 -261.69
561.937 520.101
750.301 -322.204
60.431 50.76
-491.571 571.949
835.152 -317.721
488.5 459.215
-428.582 -472.847
144.675 196.778
529.429 509.229
98.916 -38.533
450.577 381.313
-580.225 -428.259
-17.289 2.634
-336.12 -590.868
344.006 475.73
-337.982 796.289
680.283 -76.836
72.186 117.277
-561.074 -380.096
640.857 -350.599
-271.094 629.719
-26.875 -64.885
783.357 -241.898
-387.88 439.363
722.307 -273.634
32.842 29.166
-143.031 31.623
-5.21 15.054
-344.851 692.351
604.227 -419.524
46.578 103.788
728.929 -166.379
-14.356 -150.106
-453.184 -540.114
62.802 -59.978
486.565 544.184
76.709 108.791
622.33 -195.468
609.874 -349.997
-590.269 -513.931
-597.322 -506.268
-449.695 -556.279
30.033 15.929
-97.146 18.729
86.18 -64.101
564.007 578.81
-540.288 -367.828
-322.831 744.596
-514.728 -511.504
58.807 -17.431
763.404 -187.661
37.453 48.513
-472.22 -472.411
-341.513 -519.2
560.786 616.462
-461.996 -649.945
589.839 577.854
-48.686 -90.144
106.847 -67.532
470.997 679.453
-385.46 570.018
-48.803 130.892
-457.714 -469.13
-384.178 658.556
757.876 -301.057
71.621 -8.266
-498.758 -465.612
-388.354 529.711
-368.307 669.527
530.227 510.48
547.557 -138.656
-521.92 558.863
494.217 410.928
-571.614 -418.044
680.741 -364.27
805.041 -266.529
385.502 647.068
-20.349 73.345
756.328 -256.075
486.741 478.095
-312.879 595.385
439.333 345.677
684.534 -403.165
-565.934 -565.202
-498.001 470.157
-454.17 -558.036
537.006 -207.681
789.844 -210.383
-574.813 -653.672
665.907 -296.508
-361.07 -419.582
586.495 -211.175
551.31 332.901
-0.577 -35.475
-554.695 -442.821
-373.43 688.651
-589.926 -473.824
597.784 524.335
71.771 9.587
-478.484 -454.979
21.521 -41.47
700.679 -317.596
104.337 34.646
397.549 505.259
101.319 8.695
508.222 550.965
851.545 -402.162
407.602 523.89
549.609 539.741
-496.931 -416.502
430.545 -288.347
-546.027 -588.497
532.71 610.828
-390.588 535.033
-459.191 -519.593
-8.543 37.033
370.482 511.144
-70.234 -37.761
22.036 -54.512
-344.092 554.601
370.783 545.088
511.936 427.487
683.311 -314.31
479.422 333.296
620.692 571.838
517.852 553.305
412.832 400.412
647.165 537.266
-60.71 92.833
-116.161 6.197
533.781 -408.513
-419.305 610.912
600.61 670.56
-1.754 116.544
380.303 483.221
-435.757 636.276
927.032 -322.042
804.744 -375.288
-378.403 -414.221
-19.914 85.484
-400.834 535.877
-25.029 -140.174
632.887 -412.434
-327.802 590.937
787.161 -245.624
-391.203 702.252
-610.74 -471.817
678.79 -263.9
-339.255 559.168
485.43 637.699
34.049 0.246
-438.149 -512.74
-527.292 -480.859
-353.649 613.861
-405.552 -507.879
483.589 530.214
-427.23 653.368
-369.416 633.097
-14.464 23.049
-2.178 -194.167
101.048 6.953
43.538 -18.558
622.727 -377.925
-487.954 -406.163
-379.623 -489.357
-514.201 609.412
-317.551 531.611
448.219 465.606
-465.432 542.615
-454.614 -557.753
393.636 416.842
-418.974 702.671
32.647 -59.439
-449.804 525.94
-179.756 574.119
60.096 27.71
-500.819 -477.247
661.599 -296.11
-21.213 -97.33
532.024 560.561
4.396 -9.752
472.952 471.68
49.231 -68.451
672.259 -279.191
-351.115 580.494
-487.137 485.467
-557.563 -582.109
-472.16 583.502
-379.902 732.55
23.236 -12.807
730.981 -306.05
-34.334 101.634
27.717 40.868
-366.789 549.577
525.642 470.173
-371.91 488.54
-525.174 -441.356
-544.009 631.999
-649.225 682.491
-359.937 -509.149
438.407 521.923
-474.034 -371.997
-351.953 704.017
-218.843 468.893
-414.032 600.119
110.391 -8.901
367.702 404.201
18.297 -8.657
-38.753 -25.844
472.866 524.475
393.292 472.953
-443.573 -236.526
-134.272 -27.853
-402.942 -544.707
-408.605 544.227
601.79 524.374
508.651 476.333
436.863 518.019
-491.865 632.673
690.155 -200.259
-353.54 465.791
-371.494 640.44
-535.782 543.883
-543.125 -458.222
-557.663 -477.067
-419.783 -648.938
443.932 531.277
-90.854 11.628
-464.109 -408.574
459.704 780.809
-466.801 -630.055
405.705 553.838
93.235 -109.854
287.702 471.418
-56.197 36.418
-557.522 -545.116
687.186 -338.09
-400.626 792.461
-65.415 130.186
-538.92 -492.124
-603.491 -445.069
-509.346 -508.873
546.901 368.279
71.123 -1.039
-249.666 568.498
-71.952 -148.491
521.792 627.444
635.011 -336.644
-558.5 612.475
533.834 477.45
-275.601 618.679
-425.422 647.327
605.102 -247.254
-333.501 551.704
-456.751 -476.969
536.283 578.496
-629.903 -588.539
-98.681 -65.688
756.198 -305.828
13.689 122.267
673.47 -364.206
512.539 524.879
-120.916 15.662
709.257 -349.574
-329.533 658.446
444.719 442.668
841.404 -564.859
613.44 -263.167
426.785 488.409
-68.064 37.631
647.449 -260.403
-666.979 -382.735
-450.326 780.627
-469.536 615.316
741.553 -268.77
456.297 585.224
-465.989 409.815
-556.887 -440.154
-582.072 -599.531
683.991 -376.352
816.942 -359.369
124.405 -15.077
-513.939 -406.456
765.763 -257.108
-78.652 -29.406
-570.806 -580.437
-314.504 652.244
-430.44 -405.589
-412.018 531.555
-484.524 494.278
532.241 364.421
105.762 17.587
-509.112 -561.213
721.399 -388.365
8.647 -69.016
0.198 -39.839
667.321 -101.351
78.769 -58.61
651.303 -408.124
24.161 7.793
-540.008 -509.141
-513.264 -520.335
-464.515 662.55
-397.536 455.801
-521.719 -525.169
565.469 -379.943
-61.355 -6.079
-226.191 107.164
623.74 -459.273
620.605 -332.736
-481.816 618.773
468.267 497.028
-353.33 473.275
731.994 -276.357
81.539 95.949
-204.386 73.2
701.083 -240.112
749.692 -233.956
-534.302 -497.222
-327.991 674.754
699.449 -148.689
-469.647 -483.829
-460.512 667.788
494.432 568.131
665.412 409.352
-106.108 75.916
-416.872 -552.434
600.12 466.738
-451.285 669.531
-33.638 91.97
748.603 -218.889
714.46 -304.542
591.869 488.718
-366.164 689.099
31.601 -175.059
-549.312 652.591
-284.707 -486.591
-430.082 463.247
-9.693 30.332
-392.054 648.362
-402.407 -416.846
731.983 -303.615
-389.241 -492.51
708.731 -291.739
-469.781 -519.03
-454.579 629.657
648.864 -251.935
284.814 304.336
686.503 -195.791
-437.824 503.351
49.753 -94.082
797.365 -308.953
466.816 491.267
-407.18 665.004
-78.533 -45.093
-102.966 149.582
-345.691 533.009
716.463 -289.41
-402.646 -550.577
-209.979 -181.203
717.057 -108.859
685.49 -270.71
-455.105 517.425
24.705 -101.944
32.634 34.22
701.397 -403.358
-566.159 -502.335
487.854 494.489
738.939 412.118
662.154 572.223
-567.647 666.402
729.752 -333.305
81.62 58.762
-437.316 596.274
530.83 388.995
374.42 387.589
-444.843 505.871
615.886 524.656
-558.528 -484.602
301.864 522.442
-398.18 566.426
-436.042 -343.76
0.937 70.469
-134.009 35.129
714.462 -363.399
546.222 530.684
738.549 -152.574
508.152 583.532
498.899 392.857
632.913 -211.267
677.61 -247.161
9.67 107.265
-217.432 553.44
-399.448 546.904
787.16 -336.302
324.861 456.464
-346.534 -573.423
545.3 -417.09
105.818 -124.775
71.967 -37.128
539.468 544.687
721.346 -326.921
443.575 475.024
-611.183 -462.173
751.828 -208.446
-426.647 -487.068
667.708 -170.261
-303.155 864.153
-335.97 773.95
673.589 -255.221
-598.807 -546.514
-556.677 -433.481
-524.146 -594.315
-352.909 589.467
539.058 709.673
509.82 423.396
790.207 -307.834
97.552 124.983
667.627 -404.995
-493.753 678.731
754.589 -349.418
395.782 375.813
503.283 460.209
-547.846 -393.891
507.083 327.753
730.941 -395.222
-471.443 -561.031
-456.533 669.704
-498.458 -523.295
-94.045 19.469
793.884 -393.975
-281.334 567.987
-436.617 594.194
-331.322 481.882
-570.263 -495.929
-300.346 543.619
-398.116 -547.942
603.276 492.137
-1.4 91.268
-336.432 503.016
665.424 -297.25
613.247 492.556
-478.369 -388.968
-473.022 742.301
-505.896 -444.223
814.587 -374.366
523.094 509.228
-21.134 -88.573
-544.186 618.673
-403.185 -428.072
-1.091 20.69
0.345 22.491
422.776 596.567
681.095 -352.08
-405.79 -350.889
774.322 -262.072
-285.168 578.955
-544.725 -474.896
41.204 57.36
-552.225 -519.215
-366.012 668.669
-409.292 792.808
-469.989 501.92
-370.588 606.666
-478.75 -572.14
-478.241 -480.401
529.119 462.738
506.87 623.993
-427.771 574.13
821.572 -311.105
-382.768 537.369
-63.079 53.981
500.076 478.679
-408.622 -658.332
690.775 -537.398
52.061 35.13
747.107 -354.355
448.822 423.232
-587.891 -558.344
-22.086 25.574
83.889 49.676
661.197 -446.354
-22.527 -138.004
496.288 414.547
-229.975 -61.394
770.285 -160.185
-321.284 -552.499
-390.129 570.045
-47.84 -73.58
-440.538 601.48
436.214 551.558
-371.385 720.745
-543.515 -573.905
477.652 483.345
317.283 596.064
-473.387 655.316
57.845 32.617
-560.129 -547.644
552.286 -231.688
-18.439 -151.668
502.49 583.434
809.352 -284.926
-452.334 -573.937
-560.133 -528.096
-130.684 -88.654
-33.176 -115.228
460.532 585.085
-77.685 26.784
-463.248 596.504
642.097 -456.837
35.075 -89.609
781.147 -234.982
639.786 569.722
479.344 589.605
845.951 -214.89
-455.742 519.663
-324.122 -490.311
456.317 397.922
786.92 -328.893
577.763 484.329
569.672 455.008
-415.686 622.595
123.438 -59.714
430.052 595.581
-601.401 -602.577
453.858 510.38
81.652 -145.441
-56.789 -15.982
617.233 -347.517
-595.142 -425.397
-475.78 -452.296
-395.851 -477.232
-454.095 731.052
738.06 -262.207
-504.259 562.73
475.705 446.271
-380.613 667.356
788.411 -244.759
592.06 -279.816
621.57 -417.483
-428.058 474.166
122.742 179.375
538.62 426.348
490.804 533.823
-386.606 -525.574
754.185 -309.664
778.068 -312.15
42.282 -29.617
528.015 580.354
111.797 -6.517
759.447 -260.785
798.9 -261.612
743.458 -277.833
-529.305 650.267
731.348 -192.836
-653.02 -428.1
613.916 548.708
58.269 -205.824
34.584 -15.909
-29.33 -70.266
61.907 7.43
-5.897 12.774
-511.765 -447.771
682.972 -319.3
-68.655 -92.517
-467.157 630.333
-589.882 -525.685
513.421 580.547
153.694 -61.605
-380.049 671.809
-526.543 -430.011
-456.469 -514.189
-489.983 -500.31
-607.589 -388.274
-294.756 545.309
31.41 31.571
-514.791 635.54
662.677 -140.828
-597.097 -402.326
540.504 570.845
-430.019 -533.274
-309.824 666.567
487.433 542.73
657.459 -242.58
652.146 -402.699
93.295 -93.215
-460.118 571.076
-13.142 48.834
-111.572 -97.715
-127.872 -66.094
-372.978 745.514
643.271 -390.833
-521.454 -438.416
687.347 -368.933
-466.494 -459.193
606.918 -267.621
-128.211 56.038
169.029 3.94
380.229 558.837
-392.003 711.102
345.474 454.403
15.316 198.613
655.909 -257.92
-392.717 -573.923
-420.023 -504.266
536.45 573.835
-489.036 -625.278
461.237 562.972
-351.27 -480.543
-553.848 646.775
-512.804 -561.078
-548.107 -523.436
-379.79 508.598
-498.307 -561.98
-509.421 -481.765
-522.499 -499.598
-428.891 655.074
678.578 -398.063
-430.825 622.158
-511.098 -604.435
49.954 79.54
82.696 136.518
402.197 444.073
-161.334 -108.434
833.859 -292.291
-416.639 -498.284
569.233 557.824
-392.948 489.068
-461.45 549.043
641.656 -266.721
-562.828 -372.957
-453.085 535.778
727.934 -208.919
529.787 646.276
-551.252 -463.721
554.399 530.912
-513.982 -574.338
798.779 -354.127
-431.149 561.186
453.904 375.444
75.405 1.7
-404.804 628.351
526.802 470.593
-343.969 647.202
-299.767 543.382
-38.398 16.395
-415.771 -415.134
458.363 615.03
-485.321 -576.334
-29.36 44.776
-383.831 552.986
498.974 417.438
-112.466 -97.993
501.723 635.43
-360.357 654.297
485.758 633.506
-608.558 -490.755
-309.094 503.65
-253.214 469.458
91.012 156.939
0.614 -122.982
-381.912 -513.986
494.943 642.506
-387.445 653.618
-20.474 -146.093
-505.624 678.775
67.053 -50.289
-493.4 -529.21
-565.106 -419.984
-525.814 -601.617
545.242 592.331
-12.89 76.731
-426.868 -547.275
-552.567 -597.793
-395.375 618.509
433.898 552.954
532.481 572.55
65.403 -132.276
-573.133 719.038
-346.629 561.389
738.552 -296.4
-449.655 -568.153
-422.027 588.01
-620.658 -575.98
-25.463 88.081
-298.033 649.061
94.554 122.372
433.744 455.558
-423.422 -423.863
70.831 -54.739
527.542 709.357
-492.317 -517.093
-54.357 -1.853
778.875 -354.137
-2.141 -22.189
688.948 -257.256
-299.025 652.526
-390.5 683.466
159.854 121.445
561.349 -300.74
-393.99 655.949
648.566 -485.029
475.312 399.33
-504.83 578.897
441.486 537.542
498.159 653.144
461.641 488.118
-437.164 653.75
-452.28 616.27
31.519 -83.854
-401.504 563.089
522.72 389.488
-463.364 -513.416
11.385 -73.471
715.157 -235.009
521.374 430.59
-36.434 -62.185
-25.215 -16.248
638.024 -307.929
-254.584 610.639
-312.733 702.688
-556.059 -523.887
-381.224 -487.985
742.722 -469.048
458.335 533.128
-9.542 20.734
-437.724 -363.913
451.501 455.532
608.626 434.122
71.007 -15.522
-519.133 -497.062
-600.244 -509.459
-59.96 -26.394
-440.334 573.123
-469.711 494.268
565.874 460.052
-499.132 -552.091
-35.686 -22.714
466.216 505.749
724.856 471.995
764.325 -352.463
-508.872 -616.967
117.284 44.236
441.817 577.389
71.245 27.107
-469.963 569.656
603.168 -339.148
162.142 98.064
-366.804 -434.311
702.943 -443.216
-52.656 42.188
-567.832 -542.453
-57.865 15.798
-360.937 -511.58
716.407 -310.492
96.639 0.067
689.093 388.0
-420.505 610.175
-509.133 -541.137
566.126 -433.287
757.3 -320.249
820.776 -309.878
-400.637 675.496
-613.809 -529.093
511.183 469.02
-518.948 -501.361
23.628 -24.889
-386.176 521.381
-2.181 8.698
466.876 412.419
704.936 -369.739
680.181 -437.766
737.05 -284.6
-66.564 -60.954
-406.441 612.04
-502.184 594.203
100.443 -20.899
-473.987 718.868
505.749 392.368
714.579 -356.709
18.883 -76.011
430.354 593.702
501.327 504.589
703.251 -355.699
-528.529 -577.462
-521.417 -571.829
92.739 81.466
443.407 497.324
-379.503 575.172
-585.283 -603.938
-366.556 738.276
-307.263 647.706
2.454 162.883
701.936 -355.201
7.863 -108.182
-535.27 -536.003
741.03 -291.751
4.239 -27.261
-504.218 -476.155
-427.575 660.697
-344.654 531.644
-531.99 -484.429
-46.006 120.862
-50.293 35.986
-498.543 532.527
-467.777 -404.804
533.326 438.667
-359.876 649.159
672.473 -266.909
-525.874 -473.435
-518.312 -492.63
-302.692 -561.621
461.815 454.471
-20.904 -31.627
596.474 325.505
-68.65 -19.233
26.565 -21.698
712.932 -224.207
750.326 -359.068
-400.586 579.385
43.085 106.839
521.536 525.052
-434.371 571.072
685.933 -172.895
-351.881 -657.861
-421.786 667.118
47.405 51.216
691.574 -335.53
-408.216 611.326
507.784 -109.512
-400.142 503.773
539.735 644.432
-456.541 -583.585
-78.409 -6.305
-67.518 -204.803
810.756 -346.221
765.278 -253.112
474.926 452.221
523.243 439.375
612.027 559.968
-321.824 736.442
673.742 -441.935
-42.0 -125.164
500.569 532.11
93.124 35.854
-591.634 -518.597
-64.735 -82.309
-263.892 598.43
417.468 575.154
-387.539 708.812
-274.517 601.515
-105.255 -115.268
-487.547 -430.122
499.689 624.076
515.352 437.038
703.98 -166.068
329.613 487.809
-474.738 -436.134
-395.683 632.38
672.137 -389.57
-477.491 -585.481
-450.707 629.89
466.53 457.46
-363.727 -584.574
758.732 -215.37
-355.303 726.869
-192.958 667.995
-44.685 -34.251
-65.225 -47.162
-376.861 -433.886
-0.013 -73.31
701.245 -259.362
398.484 550.379
-182.384 59.836
633.011 443.521
593.297 423.301
699.248 -279.224
-544.064 -638.639
-399.353 525.032
-38.789 -35.696
77.764 -59.465
821.19 -261.793
728.477 -296.071
538.752 605.559
744.691 -258.39
-482.804 646.337
-587.338 519.309
-33.393 28.779
-581.451 609.467
667.248 -251.79
-506.626 792.331
-679.073 -557.239
-528.282 -374.966
-412.684 572.627
-456.596 575.977
479.94 417.513
464.203 335.404
13.242 -61.512
815.654 -376.553
-394.897 -506.91
-553.619 -390.554
-298.408 637.839
743.868 -249.984
-13.683 -88.188
-33.032 76.557
-413.347 688.77
-374.267 650.171
84.403 140.611
500.822 387.861
-2.928 -93.38
398.505 502.9
-469.102 447.135
795.733 -266.37
-540.895 663.647
87.341 156.148
-12.305 -28.398
715.434 -348.764
818.254 -350.596
537.275 482.621
-12.104 86.401
-271.349 609.298
-478.139 643.204
-406.684 -517.319
-471.694 -479.497
-472.174 -465.607
-344.648 522.289
14.165 90.351
592.097 510.238
-368.564 -588.656
-556.237 -477.021
2.122 -22.614
692.911 498.89
501.595 616.992
480.707 357.674
-440.902 -598.94
609.673 -394.58
-426.412 -476.378
568.733 -268.361
-60.634 145.302
581.574 527.232
681.029 -333.916
-18.17 -94.635
813.05 -395.76
545.365 545.247
-486.729 487.22
-309.035 562.582
-601.644 -591.27
749.499 -328.157
-422.286 651.572
-301.814 502.49
640.214 -357.96
-372.031 753.495
-340.202 634.422
-612.328 -577.97
-494.253 606.021
859.03 -394.26
-339.882 443.298
706.346 -344.425
413.74 496.343
-339.62 -501.467
695.928 -308.972
552.75 436.344
-345.981 625.469
708.501 -377.9
34.415 -62.863
-370.878 532.802
-284.478 591.622
-502.469 -390.939
761.213 -194.904
-26.532 13.607
601.51 512.172
-332.569 526.651
-611.348 -601.406
-22.264 129.016
491.767 473.006
7.739 56.403
-300.437 725.562
-495.341 -420.285
-439.27 658.992
515.035 429.021
-342.44 442.145
-462.888 -605.187
-435.056 -548.809
-588.836 -450.793
31.625 62.788
373.983 566.343
-28.406 -6.813
-358.584 524.089
685.556 -314.119
596.592 -192.139
599.227 474.95
459.632 419.391
666.643 -305.623
583.076 628.468
-70.877 -169.871
511.726 521.933
-28.676 -83.228
-437.571 709.716
-548.249 -645.093
-404.512 577.215
723.091 -179.908
66.932 -145.651
-444.081 -423.887
685.805 544.093
-393.775 549.923
-350.271 712.606
-29.248 -54.2
-491.656 -402.289
-458.594 632.073
-238.633 564.849
-375.045 544.927
718.032 -272.656
-549.926 -517.34
1.125 -34.805
-526.637 -553.774
-36.644 49.893
-472.489 -492.559
652.339 -354.326
29.126 69.054
-17.198 83.665
808.392 -433.716
875.113 -327.523
-479.968 494.259
-445.307 -402.471
-12.444 33.43
515.278 429.646
413.5 557.712
717.874 -251.531
464.366 568.325
-435.54 -489.684
136.653 27.152
702.886 -407.954
18.931 13.684
473.257 554.198
-363.295 535.077
-484.086 -537.548
657.404 -166.521
709.004 -200.28
-689.994 -567.947
611.53 -280.964
-600.054 -438.391
-371.256 704.495
-360.632 -414.566
81.847 82.76
-340.336 650.465
534.795 -217.612
-322.805 541.454
-374.119 690.63
-742.411 -452.469
378.052 565.891
-672.288 -600.94
403.288 457.904
697.379 -305.609
-461.153 -508.049
-499.547 675.194
-637.978 -488.673
79.613 12.173
476.825 413.909
-27.131 2.322
617.864 -187.077
-370.333 742.876
-343.24 489.0
699.459 -401.678
-6.268 -10.404
60.811 -37.065
-495.124 -532.696
702.019 -315.259
738.712 -384.905
-70.164 -22.674
628.961 -282.679
-484.292 -505.32
-79.838 -76.892
-546.162 -525.246
633.905 -291.577
-337.471 687.524
730.698 438.132
-567.983 -483.956
-296.032 597.463
-161.407 10.198
-53.42 -12.773
479.305 397.202
-27.14 82.942
67.39 -93.646
-15.102 -64.353
28.069 -98.445
-458.655 705.261
-15.146 -167.113
-84.66 36.511
-536.513 681.463
678.554 493.223
698.88 -319.872
531.571 463.904
728.5 -335.363
-432.759 -478.174
-363.945 492.991
-521.227 -599.138
-587.877 -532.974
509.109 315.012
-589.178 -547.853
-352.079 633.491
-368.862 757.526
579.138 -361.268
-59.594 -48.831
-591.794 690.185
-415.479 -404.833
-458.58 639.957
691.66 -251.228
603.144 -337.697
652.275 -260.619
-69.786 -22.951
-533.889 631.246
-458.134 -523.457
445.93 470.174
23.791 -16.789
743.314 -272.765
-414.943 -363.086
624.611 -368.89
-469.871 -458.836
-365.462 695.063
-356.309 489.178
645.311 453.153
478.974 499.26
-364.405 491.409
-0.781 97.283
856.35 -426.848
41.919 26.793
794.611 -328.345
621.835 -394.9
-366.017 555.982
-105.229 25.031
-311.908 660.451
-466.333 562.683
73.169 -12.681
-486.74 -513.308
792.461 -361.995
-562.656 -595.019
619.867 -224.849
-449.033 626.34
673.736 -379.041
-36.612 79.059
207.849 -40.351
451.405 493.829
-644.644 -392.736
-476.312 -434.78
640.257 496.504
3.383 49.386
-384.277 634.093
647.936 -354.427
-549.48 -707.766
610.184 -325.218
-499.156 -421.515
603.112 -235.508
-502.826 -539.503
726.965 -445.78
-309.081 616.801
-184.94 196.066
604.744 -308.579
-339.57 605.39
-395.89 494.24
-75.251 8.983
-592.171 -608.114
529.936 396.645
500.309 497.037
-488.362 613.16
95.386 12.668
509.751 541.261
537.611 450.17
-280.705 614.606
591.94 -276.531
-397.033 586.879
532.11 547.359
-384.569 548.241
-381.405 677.773
611.715 -200.727
-567.575 567.964
-33.178 41.526
659.157 -281.69
539.816 426.508
660.005 -250.548
-435.954 534.311
-317.278 642.888
623.394 -279.049
48.734 -30.4
705.157 -217.513
859.77 -65.336
810.817 -182.697
-2.348 -43.514
427.876 515.81
380.232 511.632
476.731 392.812
688.91 -125.48
-470.04 -306.256
-338.628 633.779
-378.295 668.249
542.957 452.908
-311.964 -493.583
-419.242 662.651
707.842 -275.995
-502.027 696.507
-515.207 488.584
431.412 464.279
-511.643 -433.866
-359.159 620.093
-395.882 -393.351
459.201 352.444
-547.76 -561.48
618.857 -390.86
451.21 503.1
19.25 18.505
621.959 -316.93
-1.653 -105.345
-328.067 617.901
442.512 513.774
632.565 -362.439
-544.768 490.669
-437.335 -384.986
-398.241 715.043
-57.875 -28.522
-75.812 103.477
-366.3 -487.761
553.868 416.689
43.387 -46.088
299.743 520.988
501.578 570.398
332.688 432.967
47.155 85.551
195.238 97.273
-487.896 -520.667
29.612 82.691
686.096 -189.903
-610.49 -647.315
797.397 -331.001
-495.58 -503.458
536.892 472.776
-367.859 595.095
-428.591 649.384
-27.333 30.672
-449.186 -641.059
722.737 -293.946
-467.705 547.133
307.301 526.735
-634.298 667.544
21.341 -18.888
502.74 585.747
-575.343 -531.741
-350.307 742.597
-406.68 -613.873
-303.329 -453.965
-512.624 -648.195
-464.076 641.469
-462.629 -482.953
483.848 487.384
-189.469 541.138
-61.986 -72.294
-415.757 563.208
549.984 -234.663
-374.968 627.861
64.762 118.906
-421.446 664.803
531.404 391.91
576.11 505.331
-384.252 725.955
59.458 150.893
563.336 599.403
-518.771 -543.551
576.764 -415.702
-94.494 100.116
435.124 429.664
434.11 722.269
-44.372 9.246
574.952 -192.85
467.93 622.376
-57.085 -107.106
-421.52 606.012
417.903 443.353
678.045 -128.486
493.191 592.635
-527.438 -574.959
685.304 -335.884
-477.64 -531.506
52.453 -37.426
515.692 529.63
529.379 244.594
732.675 -332.921
31.244 142.527
-514.489 -508.362
665.082 -227.629
-539.462 563.932
454.161 458.301
-430.708 -497.865
-457.515 -464.679
-490.464 -428.85
676.673 517.262
-471.718 570.342
-616.065 -412.969
783.887 -364.122
651.925 -347.616
768.122 -353.254
-410.495 -591.772
483.873 411.038
663.061 -256.284
-516.614 -620.426
595.988 -257.756
-394.706 670.588
-405.386 608.875
525.001 460.746
22.101 -14.406
60.933 2.547
-146.531 -127.473
-27.572 18.758
622.43 -320.723
-333.011 602.088
577.64 405.852
46.184 -116.225
812.131 -351.685
-12.68 95.618
-365.195 719.277
438.965 461.84
-535.618 -537.803
624.737 -201.226
-486.573 -535.501
655.497 -459.515
-536.878 -546.1
115.385 63.401
736.347 -415.736
520.307 419.119
-591.399 -549.774
-532.855 578.536
-376.692 643.647
407.804 398.577
-146.257 -2.225
12.424 -31.934
423.42 671.013
-547.119 -498.066
722.048 -147.914
668.698 -194.018
703.104 -398.692
-576.493 -537.338
-203.026 -2.117
458.774 621.862
44.67 -61.481
-460.323 601.228
729.323 -382.875
-376.508 607.486
674.262 -199.19
15.17 104.491
105.438 56.707
428.312 397.893
603.632 -333.033
-13.419 -1.695
-46.732 -30.151
-431.112 553.999
662.245 -276.246
636.385 -297.778
-501.693 -352.558
624.341 551.26
-565.398 -540.519
638.319 -411.784
740.825 -173.182
-335.865 497.462
760.035 -380.199
-419.579 718.847
786.169 -328.084
625.213 -178.1
-511.797 -469.508
26.182 178.764
682.37 384.436
25.699 -11.122
-90.829 -47.899
630.461 -342.108
-521.469 -337.043
-577.921 676.697
-122.607 -34.372
683.167 -243.59
-496.582 -546.08
564.315 -287.663
-68.034 -109.192
562.21 483.871
-437.463 676.07
110.518 33.538
-409.502 -587.57
-585.633 -545.863
-488.797 -563.986
-456.881 -491.622
29.784 67.575
586.81 -316.712
-556.479 -533.66
-91.066 -87.97
593.588 476.48
64.736 -30.229
62.383 -78.063
-271.651 499.491
-442.61 -520.506
-427.293 591.859
680.832 -271.634
-129.297 -18.002
-442.851 -363.477
621.716 -262.001
494.607 542.212
-477.744 -568.381
-452.262 -534.666
-504.973 557.965
-295.52 672.965
-563.596 -490.544
-631.924 -554.239
-540.811 726.019
-255.094 664.843
681.474 -226.036
-516.447 -502.675
-659.331 -459.155
145.769 93.801
-268.876 586.023
39.644 48.877
-623.702 -711.883
-540.925 644.038
828.271 -349.794
-356.856 602.385
-293.435 698.131
-511.234 -459.506
9.929 -9.112
481.77 469.694
663.126 -387.523
-399.232 -479.225
90.159 -46.275
469.434 691.493
-440.627 768.837
598.719 -369.662
-85.425 -95.774
-410.927 573.032
-568.383 -454.754
660.325 -174.507
52.951 37.124
797.601 -276.057
742.43 -375.875
-447.258 599.926
-315.473 650.874
748.509 -271.457
-64.352 -17.647
-30.694 -2.894
-540.508 605.53
-413.413 591.72
-520.818 -490.242
6.193 16.31
-456.107 -453.658
516.079 384.616
-378.832 425.905
690.796 -454.013
516.608 430.941
-62.311 13.025
81.599 189.437
473.216 490.326
462.849 508.53
397.495 444.54
-113.956 18.604
31.807 0.859
-557.691 687.088
850.827 -341.659
-417.321 448.562
711.323 -312.518
-421.315 -512.493
-435.447 634.295
599.486 430.295
-266.783 741.221
402.102 335.517
757.938 -418.897
368.766 621.858
824.861 -236.989
-272.601 536.401
375.329 394.32
260.43 314.926
791.229 -234.416
-434.79 650.725
-55.252 29.9
33.312 -112.545
-441.345 506.771
-258.85 622.816
441.076 587.376
-699.947 -354.9
79.077 99.39
602.194 553.249
-62.938 10.742
7.532 134.574
629.558 -509.392
-481.237 -428.992
-509.352 -467.602
378.923 426.723
-3.72 -14.228
600.805 519.28
360.475 430.51
-430.344 661.09
159.153 -136.307
651.329 -386.466
714.368 -233.773
731.175 -407.839
-522.801 643.85
-474.52 646.809
808.394 -257.055
-339.4 575.978
-467.712 -543.374
-356.156 642.512
-271.072 648.476
505.775 438.68
27.955 -65.966
-346.736 546.991
-64.129 21.05
566.419 -286.071
521.471 342.254
-458.131 677.848
-509.664 -513.015
844.952 -202.442
598.997 610.185
-456.346 -488.366
-650.018 -508.462
-519.712 516.08
-408.673 -638.633
-560.578 -543.213
772.345 -515.328
-403.156 -444.825
812.045 -252.934
410.798 554.034
491.337 517.185
-577.734 -596.469
50.469 113.772
398.321 536.768
-66.521 135.431
-445.01 503.365
45.569 149.633
-459.712 688.484
740.595 -276.379
-521.422 630.502
513.083 601.799
-553.93 -562.464
506.804 537.631
570.937 557.058
457.893 -339.143
103.292 -52.13
629.528 497.591
729.476 -333.497
548.827 -412.524
-507.537 -659.419
416.123 398.537
-470.838 529.569
545.698 454.201
-407.744 556.783
-42.716 76.045
-346.545 706.694
123.397 -22.098
623.471 424.287
-398.665 648.91
535.527 499.46
-476.618 649.171
393.599 589.224
454.971 491.424
39.945 -63.016
499.798 511.829
-591.711 -474.33
-556.197 -422.096
51.249 2.473
-6.035 -8.501
-358.292 595.167
-359.85 502.276
-587.37 -681.972
-365.568 544.646
531.819 446.804
544.833 566.836
567.507 380.081
-451.837 547.991
-0.384 -3.089
74.095 -99.338
473.989 530.281
-577.097 -413.332
-5.809 16.636
-400.943 -594.033
-2.642 -8.29
509.581 525.148
385.986 526.145
577.355 -342.192
-485.712 -501.162
856.022 -364.054
648.999 -281.208
-388.218 -403.847
-285.522 621.517
649.835 370.792
906.846 -358.738
766.463 -215.031
-464.717 -471.044
439.929 385.507
-86.866 54.581
362.569 508.648
426.913 579.106
216.609 23.332
-369.603 -418.962
-631.554 -512.908
743.042 -314.216
-482.975 726.77
602.526 -278.351
22.187 5.646
-303.715 667.268
754.953 609.548
471.174 478.571
516.239 439.457
-458.223 -389.191
-362.249 527.224
-647.974 -724.87
626.359 -177.498
64.828 -11.978
554.452 550.99
281.572 460.066
698.943 -354.017
-420.914 -426.598
422.358 393.313
-498.772 -479.9
-336.673 613.496
-416.895 523.201
652.502 -222.545
-298.417 650.36
142.891 88.489
-444.486 503.658
576.913 -278.936
-517.191 -542.625
564.963 518.957
-648.268 -489.402
699.229 -280.907
87.689 21.22
714.146 -303.919
-560.287 -473.645
-476.364 -542.583
-525.704 629.389
-35.536 52.112
135.41 40.496
37.005 15.363
475.422 420.836
-20.255 25.902
-384.55 606.147
-413.102 559.267
-546.932 -488.435
678.437 -183.023
433.53 468.664
812.141 -240.565
692.613 -331.358
-571.9 -430.732
542.853 472.68
-338.303 566.538
774.468 -124.756
-8.949 19.366
-70.813 -37.469
-18.309 16.296
61.542 105.917
844.672 -324.476
-565.027 -467.074
842.642 -360.481
683.021 -266.416
65.759 8.423
861.268 -180.558
-93.206 -83.987
-509.085 -449.435
667.25 -168.019
-539.555 -284.926
59.96 -8.349
-85.897 23.669
-459.945 625.824
641.66 -261.534
-426.099 609.434
685.604 -231.905
448.52 411.174
658.289 -428.821
-344.015 779.851
-478.336 -489.985
41.35 -119.775
10.831 -81.413
465.09 576.483
-530.64 -567.075
-416.179 529.514
739.337 -221.68
-481.664 -497.667
462.438 483.45
-588.728 -434.379
559.305 -303.429
-405.671 513.584
-532.545 647.783
-537.231 655.053
-572.895 -508.821
471.241 452.166
-81.095 -22.428
731.232 -297.193
658.795 -315.139
586.983 -324.855
-339.824 597.126
616.234 500.834
536.126 436.79
-517.395 -533.466
663.256 -224.61
853.802 -274.692
-276.865 450.494
30.978 -0.076
-528.784 -509.273
-461.656 755.413
689.325 -332.345
809.867 -352.503
-269.208 545.494
-45.493 -76.273
568.367 511.186
-63.21 26.879
454.29 394.373
697.815 -170.309
594.267 -281.996
498.611 444.436
-379.518 -513.548
-446.642 734.095
-429.75 648.335
750.678 -359.038
-101.376 104.784
-343.01 578.197
-347.271 -586.079
26.464 174.556
-382.284 502.865
735.874 -407.472
688.097 -369.999
-445.353 779.186
-469.554 710.723
687.821 -340.743
66.158 40.629
476.637 600.814
419.054 470.623
-632.635 -505.034
101.0 56.911
84.829 -17.493
770.325 -315.944
707.878 -264.526
570.046 -438.663
-464.928 806.324
-451.696 603.261
5.263 -47.253
-406.637 476.813
727.453 -288.916
485.541 677.598
661.973 -143.494
-19.781 -64.726
140.405 157.928
-565.973 -560.736
-443.014 602.282
-401.969 544.699
-340.888 646.338
901.035 -352.6
612.28 -349.923
-429.474 -403.201
-586.15 -600.824
571.658 393.662
-401.247 640.015
-375.563 556.668
-145.295 136.647
751.769 -377.255
-225.019 648.292
511.36 459.857
-324.005 579.946
-515.586 643.462
564.66 364.193
890.384 -249.279
737.426 -397.774
668.034 -185.116
29.119 -110.523
-194.955 44.984
655.578 573.465
-480.408 489.046
-205.017 563.68
372.608 383.052
637.802 -142.534
578.974 548.138
360.812 573.515
-423.691 -575.152
-120.234 17.489
-294.808 618.437
-356.581 699.988
-527.187 -496.31
784.324 -259.523
-340.792 622.915
-501.638 728.583
-67.64 -30.183
739.741 -243.094
-436.037 590.252
550.042 423.98
-279.438 530.221
99.827 -2.682
575.323 -332.04
-479.788 526.492
392.116 601.535
658.931 -208.221
472.821 381.413
-31.871 -9.192
-513.817 -510.609
-391.401 -529.596
478.716 568.347
452.497 431.304
-475.471 591.467
502.12 430.361
-49.163 56.446
-217.098 653.23
-394.387 500.02
707.623 -320.14
-550.4 -547.408
-480.708 -527.848
733.774 -271.684
702.118 -301.426
-162.092 -231.728
724.135 -375.064
-252.829 637.812
804.051 -192.67
769.317 -238.057
766.092 -308.329
569.68 464.696
-579.922 -636.794
535.941 619.008
-501.568 -663.884
-497.967 625.308
-339.211 634.547
-394.733 -551.294
-496.647 -493.5
539.714 467.696
-85.066 -27.071
683.726 -462.305
833.367 -393.802
-175.76 -12.339
-437.61 457.883
-418.956 650.878
553.891 585.073
755.139 -350.89
502.877 515.31
470.877 593.551
-406.96 -474.045
561.141 461.522
433.97 419.064
-606.746 -609.985
-463.309 690.956
64.962 -213.512
741.135 -266.896
-516.225 -567.484
58.64 -36.481
-521.082 -389.061
-349.194 655.431
362.592 440.356
36.426 -1.643
666.06 -429.019
742.783 -288.153
767.451 -152.226
-41.025 -64.539
-594.305 -393.067
465.612 612.886
617.228 -281.265
499.002 352.738
32.371 -74.381
678.721 567.116
-455.032 613.023
-507.941 -443.489
355.494 445.879
41.702 13.369
-395.496 -469.117
573.003 680.029
-383.484 598.792
684.52 -316.458
-391.669 -504.739
-450.911 600.476
495.402 517.375
31.083 15.165
113.498 102.74
502.132 496.808
801.589 -480.786
-423.613 708.076
558.269 -354.223
-361.688 585.407
-330.131 683.309
454.612 578.193
719.334 -331.798
-350.035 559.576
-379.992 -580.118
-363.482 627.505
756.229 -347.774
674.412 -238.763
758.372 -182.787
0.181 30.665
-473.281 -438.782
609.68 -356.491
-68.284 1.435
-194.189 596.941
-609.9 -438.47
44.969 -14.294
437.511 646.566
-95.936 -90.123
-435.267 562.584
-623.027 -306.55
-610.322 -552.259
-527.09 -559.077
-75.215 -67.448
-441.483 -408.834
-128.07 -15.907
677.324 458.578
476.39 509.985
368.853 577.244
489.267 516.424
652.234 -318.882
860.414 -197.733
533.708 -238.082
443.839 548.301
-51.658 -133.41
-546.484 -604.255
-577.958 -512.689
492.66 471.29
86.994 -61.29
463.417 555.499
-403.132 -479.398
615.341 549.548
-32.15 -15.068
664.097 -307.099
-335.156 -640.456
-303.677 646.146
577.555 507.259
89.484 -171.072
-527.926 -645.92
728.755 -234.846
674.654 -412.018
-509.58 -556.503
-522.342 -528.885
128.665 -12.624
916.757 -318.549
-341.199 681.064
-359.648 585.033
-410.268 552.117
-501.587 -425.091
52.807 22.303
29.325 -14.745
557.775 489.934
-371.647 452.47
207.062 21.662
-489.944 618.399
771.104 -257.37
575.241 -319.338
-584.534 -354.439
-406.3 561.732
524.741 578.565
496.716 367.696
472.927 384.784
-425.15 572.719
447.46 609.697
-358.286 617.301
-431.434 662.608
-536.895 -598.686
-483.871 -577.67
692.036 -378.464
-629.005 -610.074
-542.449 -404.805
-545.715 601.027
-49.198 120.499
556.107 449.438
-426.226 -367.909
567.938 -303.15
-452.957 577.036
21.279 76.534
599.506 -295.056
-455.065 602.105
-411.037 500.501
-438.844 -496.767
483.009 562.479
-394.653 736.1
662.401 -240.518
-359.569 -422.072
486.652 497.419
-25.056 -117.456
-52.06 129.153
-314.508 621.37
657.682 -333.496
525.359 499.885
681.761 -354.665
394.805 335.197
-377.125 530.955
-356.286 581.197
36.26 -59.772
-96.784 72.277
-424.73 619.114
-367.688 671.831
336.26 602.456
-485.492 -391.511
725.166 -209.283
495.082 475.017
500.157 493.714
754.517 -232.82
515.751 521.497
-143.645 154.749
-187.835 649.725
-640.255 629.042
-388.845 -467.154
-550.956 -498.401
-308.911 588.614
-65.105 100.45
-237.515 635.233
-406.515 648.465
-432.342 -346.094
-517.803 -382.007
427.676 313.883
-339.022 586.083
790.841 -308.93
-437.537 646.887
61.507 -17.741
-492.69 469.048
-107.912 26.19
-345.651 540.847
480.12 420.731
725.381 -339.493
606.499 407.983
588.985 -319.081
788.058 -385.119
738.608 -372.216
-456.166 616.232
711.112 -251.878
85.369 18.71
558.624 611.154
-489.925 439.193
585.383 -255.375
-106.851 -63.018
-339.517 -641.245
112.048 48.984
-501.458 708.182
504.427 493.058
-360.849 403.876
-493.334 -430.858
756.378 -393.398
478.433 401.908
-78.288 185.328
-300.548 674.978
-438.189 475.796
-527.818 620.404
-372.897 -458.247
539.954 548.957
716.841 -335.388
-134.799 625.417
104.632 -77.252
-553.372 501.174
352.269 453.465
527.438 458.31
563.444 480.531
668.413 -213.312
86.232 -51.712
-529.478 -568.146
648.759 -250.487
-368.74 -606.987
144.601 -33.846
32.062 -42.544
-49.49 13.208
616.544 549.041
65.904 -98.494
729.234 -221.977
579.973 600.586
-18.407 -28.367
-315.489 666.996
805.405 -234.916
776.692 -369.779
-548.558 -428.934
-343.83 528.303
-642.186 -523.705
-445.72 628.102
-490.814 -318.179
-349.419 678.348
-376.269 594.316
-525.526 -361.648
-511.912 637.884
469.392 560.242
-21.309 27.382
631.658 452.277
-620.739 -389.575
-489.853 -416.368
661.423 -320.817
685.363 -355.647
722.989 -231.23
-508.381 -505.519
97.748 7.459
81.097 60.969
369.406 512.117
41.989 -57.916
-530.939 -548.17
-475.81 -346.883
662.447 -338.357
-388.111 575.292
-417.968 -512.481
750.331 -279.56
405.611 411.195
681.286 -267.835
674.249 -408.607
-61.755 -9.922
649.102 -294.388
684.228 -287.964
707.754 -138.547
466.743 433.838
101.019 85.066
-413.375 -405.219
-444.262 589.608
56.628 -28.001
-539.443 -472.816
-424.626 543.06
-654.193 -553.71
-479.697 -382.638
-392.503 -503.753
615.569 473.128
-544.192 -630.422
705.606 -188.398
-500.442 -504.119
-594.621 -458.076
-407.235 575.939
464.061 406.005
-388.468 602.458
-367.344 532.16
664.348 -168.28
438.839 570.883
-513.85 -495.18
675.958 -291.741
406.766 480.016
-413.864 696.179
-524.725 -495.445
-616.773 -444.128
-82.105 58.002
566.295 465.201
577.95 -297.233
-392.424 663.018
-118.689 -87.74
709.461 -385.259
-253.118 465.487
443.699 475.663
-413.522 538.857
790.249 -249.047
370.07 524.089
734.079 -450.814
-537.9 -459.027
-463.774 454.703
706.316 -384.801
-254.918 709.334
-448.159 470.393
-407.672 552.792
593.465 -295.019
784.568 -396.11
598.976 -311.135
-332.37 654.094
466.57 366.245
-18.088 23.951
510.303 479.963
-424.232 665.325
762.342 -261.961
-644.25 676.004
140.463 18.412
-425.933 670.464
-446.903 640.463
-486.72 -508.842
470.67 424.521
-362.411 585.083
-27.121 106.538
59.825 -8.976
471.853 -333.825
-456.998 -538.175
56.692 84.391
-65.916 9.166
698.332 -307.755
-523.897 -431.952
172.22 -84.673
-134.948 27.357
13.932 32.863
-447.483 -562.86
-623.738 -654.682
448.653 480.294
632.735 -240.922
-35.087 -21.93
449.457 460.415
87.907 45.756
-611.966 -542.543
590.139 495.129
483.993 536.491
-535.513 -582.374
-367.57 472.731
-259.583 602.325
-35.782 -20.585
624.618 -364.869
-354.462 441.525
-418.382 600.454
758.056 -291.101
613.696 583.944
-211.142 653.539
-568.889 -500.573
-615.764 -278.42
-335.178 -591.897
740.9 -407.202
-460.145 646.742
-540.554 -586.129
74.02 -121.081
-520.161 -345.654
-528.889 -553.324
584.243 -187.671
75.383 -41.129
397.536 420.423
510.539 391.289
689.716 -171.936
-405.21 491.676
-612.938 -525.42
66.982 70.694
25.166 30.619
-545.492 -608.04
-297.119 643.116
-462.838 526.225
-56.721 126.662
-402.639 600.08
-538.827 -446.816
107.078 -32.229
53.759 1.792
-541.28 -394.725
-416.937 -435.961
393.998 552.567
-532.982 -445.784
14.092 -25.658
-35.228 -90.334
-552.139 -426.923
-370.834 -585.761
-74.888 -7.785
-406.622 679.037
476.369 513.952
26.732 -19.838
851.233 -185.238
-729.67 -557.003
-554.211 -534.646
562.981 530.858
-520.087 -515.628
498.189 484.882
-630.948 663.469
655.78 468.527
740.915 -318.062
-287.388 683.278
777.852 -211.22
-563.843 -574.865
65.244 4.346
-457.575 695.424
540.56 441.245
-246.177 529.179
-448.898 600.384
591.678 -376.442
-2.134 129.134
-350.981 652.056
-38.983 -15.234
-444.272 683.935
577.092 347.743
529.2 555.197
-529.918 -550.491
-496.482 -475.565
-55.939 -22.038
-207.345 571.388
-477.925 616.155
485.924 520.806
-474.691 -391.343
-405.722 -569.957
-61.769 -46.445
-426.449 608.082
-3.92 -111.804
419.973 471.187
42.619 -117.876
-597.965 591.255
626.604 589.156
-32.296 -73.939
749.704 -320.834
622.15 -391.15
526.78 560.222
-445.593 415.905
483.097 336.117
377.326 542.507
-51.592 3.066
-349.319 672.973
-538.104 -635.18
-443.276 483.865
557.968 481.954
-23.295 47.363
-519.022 -525.928
479.273 285.686
92.396 -38.373
-610.567 639.522
-624.615 -365.791
741.094 -276.465
465.544 429.526
-515.181 -475.181
594.554 423.374
-471.948 -531.728
165.743 -106.229
-386.297 506.427
419.586 597.911
501.517 584.737
-53.236 66.091
425.803 511.596
-391.416 632.592
664.51 -280.335
-364.034 613.204
543.403 602.637
526.28 360.261
-345.699 598.379
-454.477 -431.603
521.435 454.271
650.694 -375.591
415.742 508.19
-178.719 -47.603
-452.236 627.546
421.225 408.925
148.173 -189.076
-484.904 -390.278
-423.319 563.034
-344.91 -500.626
431.042 427.045
563.353 662.391
609.175 -289.721
381.204 552.395
532.027 429.722
-574.56 -499.717
-4.201 24.716
521.322 468.351
372.804 453.007
-403.127 560.622
-527.422 563.469
-457.956 -553.107
544.908 588.74
732.333 -293.347
-579.111 439.544
-498.779 -471.274
20.553 -36.996
-421.637 668.959
80.819 -44.064
-469.128 681.285
-538.945 -503.968
795.563 -249.072
590.946 503.898
-59.361 1.457
483.754 570.71
-436.31 -624.545
-581.915 -543.389
518.424 668.087
-283.645 759.917
-567.276 -441.29
-448.256 647.659
-7.091 4.691
488.784 251.273
836.125 -357.995
667.034 -264.135
772.585 -256.442
-119.101 41.852
-352.825 494.457
-485.356 -515.916
835.09 -363.404
176.866 -96.095
761.602 -403.249
-431.964 -481.548
-550.365 -525.447
-461.713 650.068
-25.535 120.506
688.841 -381.807
-531.203 620.812
-474.927 597.381
601.215 -338.279
-297.674 581.094
-503.467 -639.738
-638.856 -388.849
510.919 433.356
481.339 569.424
-579.174 521.271
467.251 536.949
-357.665 476.382
-73.349 28.993
-271.244 530.751
-516.706 455.892
-439.8 -496.572
703.511 -417.387
-541.175 -448.773
723.395 -273.759
75.528 62.267
-375.144 658.884
-247.163 636.393
4.857 -128.098
-583.809 -499.137
-501.872 -538.584
698.372 -421.915
-513.62 -552.987
145.83 29.876
-652.011 -655.442
-65.061 -46.514
-435.27 547.043
673.965 -358.284
812.145 -256.837
-436.219 597.612
721.122 -318.784
-451.664 -497.253
624.63 -300.774
-469.489 -380.19
74.846 13.194
-507.322 -481.029
548.359 -387.511
627.83 -387.682
793.135 -167.727
-323.26 596.072
-348.774 -504.713
482.884 386.378
789.569 -189.36
385.785 618.019
-452.039 -509.069
-322.211 -426.527
-428.328 633.282
-305.993 621.432
707.601 -405.249
-248.975 695.54
628.575 -150.631
48.47 19.942
489.621 437.737
564.597 541.21
354.355 463.329
554.474 -372.843
-21.041 -42.515
669.657 -310.527
-400.833 570.501
480.562 649.959
85.165 29.375
-487.583 -468.453
654.336 568.059
547.928 -327.025
-66.491 46.601
30.985 132.037
638.93 -348.999
62.084 -1.855
-405.281 -577.78
-308.613 563.168
-436.795 614.196
-47.141 56.449
596.496 446.175
-416.265 597.789
592.942 355.571
645.556 -333.755
-363.667 663.457
-494.15 -590.509
-632.934 -360.308
638.279 -369.844
537.869 550.013
500.024 459.059
574.794 -354.612
-342.009 510.388
845.224 -390.884
452.959 328.755
28.258 -50.394
547.079 465.002
-612.576 -372.927
-504.288 -423.686
-527.321 -529.467
441.133 393.937
-579.11 617.168
-394.35 -627.437
-461.629 644.832
111.558 -69.461
781.571 -332.152
-515.414 -524.254
418.466 515.924
-61.019 -28.342
-446.852 646.865
-390.407 608.943
497.425 432.509
696.697 -368.806
498.837 467.555
-444.795 577.505
-100.812 -29.845
817.979 -173.449
746.872 -250.549
511.846 478.872
625.48 -361.621
-490.955 -487.277
-437.726 475.915
-316.176 701.957
-442.458 -520.015
-400.03 523.484
411.908 366.503
-331.499 671.817
465.371 543.309
-372.649 -556.661
-497.499 -611.963
520.605 557.157
-56.817 114.661
519.703 460.694
-496.779 615.773
-560.214 -525.581
14.549 9.727
415.933 480.281
53.309 -45.074
-498.266 -399.035
459.356 366.41
-572.376 -443.208
771.983 -176.007
115.659 -27.008
-323.541 -622.324
-361.134 523.24
-81.641 -108.89
560.885 341.095
-47.183 97.182
-564.689 611.966
495.078 546.794
348.941 544.785
-566.849 -518.843
-7.296 49.025
568.106 349.157
420.959 491.195
440.542 443.183
742.151 -184.923
-528.232 -372.798
-24.007 -11.541
413.53 411.305
57.688 44.148
-517.03 -484.156
-443.995 505.73
562.79 463.382
-316.129 -590.765
-428.57 565.756
460.491 600.105
-508.014 586.009
546.04 475.698
658.916 -244.681
789.117 -374.375
-524.249 -529.655
504.619 547.819
-441.379 495.057
441.408 573.106
-559.972 -584.596
-334.773 600.741
-538.936 -389.933
773.897 -244.27
-478.645 -417.317
-426.648 596.4
-432.746 -659.481
-318.249 634.351
754.899 -351.669
-402.368 610.745
545.523 -244.268
462.575 641.816
-482.666 716.425
-87.162 32.319
122.471 -43.535
-456.054 682.894
-339.094 579.575
-499.97 -423.078
801.838 -403.247
-438.641 581.952
-445.665 507.95
584.02 436.354
-411.186 596.642
446.202 468.514
-611.396 -390.464
-328.557 677.449
-347.548 681.584
-587.044 645.126
842.879 -254.905
-9.752 -94.488
673.078 -253.594
-290.004 684.634
-424.216 653.827
540.925 -279.705
-419.118 -475.439
566.992 -228.01
-55.016 0.192
-400.43 782.74
-119.188 20.702
-378.886 637.823
-561.728 -600.19
39.855 -59.642
493.962 387.217
482.712 370.25
572.108 618.413
715.996 -238.876
-654.479 -444.799
538.54 443.193
31.818 118.103
-307.924 505.954
769.952 -301.879
-532.252 -483.287
534.411 452.297
-2.125 28.231
92.182 -85.48
689.975 -388.61
473.514 425.791
3.362 70.953
-150.575 -100.695
-580.554 -491.596
-328.371 585.053
-561.022 -475.43
-87.012 55.494
89.381 235.152
592.197 533.144
-317.227 554.651
-571.449 -427.008
54.313 177.496
780.914 -382.984
-486.859 -439.21
-434.962 -353.259
-332.302 567.837
-634.73 -431.755
668.254 -242.723
-91.513 30.289
557.995 608.93
-367.948 506.177
-434.264 688.673
-656.404 -472.857
766.092 -373.862
469.673 538.333
42.254 -166.209
461.838 422.577
493.366 600.247
-528.837 -335.033
461.35 637.255
-349.605 457.003
736.806 -257.629
-283.761 476.293
442.234 551.422
-274.239 580.435
-493.741 -571.309
-41.598 -168.499
524.102 470.258
-339.074 652.856
-591.676 -456.205
-547.558 691.259
-525.766 -571.484
99.307 64.086
-51.617 132.056
-495.242 531.863
721.837 -319.603
549.533 326.173
657.98 -326.337
-464.965 -462.567
778.527 -239.155
-98.154 -10.054
-104.098 201.481
13.422 14.525
-87.601 -41.282
642.331 -336.302
658.496 -263.342
810.388 -363.098
662.127 -154.275
745.029 -255.082
759.185 -509.977
762.615 -317.512
-479.815 405.154
727.049 -353.687
558.989 -237.362
-277.412 708.443
-404.827 642.154
-344.132 690.025
611.305 390.752
-381.287 -552.482
-450.488 -517.098
443.416 546.284
-510.106 -608.754
387.255 516.761
-426.108 -512.449
-590.729 396.568
668.886 -300.083
-76.38 -11.384
795.82 -430.359
711.111 -200.987
-334.072 676.363
57.459 -107.715
-487.629 -577.874
-418.695 562.974
-515.12 -505.969
-481.876 -418.404
-354.638 623.65
-73.098 16.305
-462.198 -514.133
691.555 -394.834
-589.605 -495.204
734.129 -211.954
-154.226 -150.552
-627.066 -456.727
-546.707 510.163
138.235 -23.337
-52.776 116.493
-541.416 -510.805
633.58 -396.383
-75.515 -0.449
725.85 -448.542
666.047 -200.299
-359.46 599.246
9.053 -115.091
40.419 -185.554
773.394 -235.875
-533.642 539.626
767.302 -177.344
-344.693 663.068
-415.246 -306.486
-77.991 -53.386
51.735 -212.385
548.244 393.038
612.496 523.074
-510.163 -531.932
-540.929 -602.675
-399.707 573.976
502.801 591.639
609.085 -229.257
760.158 -163.725
656.77 -300.482
188.556 44.842
-377.524 -548.548
744.65 -241.743
661.979 -219.803
-83.845 23.687
501.603 642.625
459.383 511.232
-72.938 135.352
551.77 495.746
-587.577 680.063
700.404 -325.526
-73.408 -38.841
674.749 -275.396
771.291 -281.081
660.879 -365.648
-377.303 686.369
-340.415 642.145
448.739 446.694
542.27 -185.933
597.87 -300.778
-326.019 446.903
600.232 490.829
527.072 435.974
617.466 -496.775
-309.73 619.293
629.391 487.229
46.653 -40.34
709.763 -291.671
564.899 541.802
-388.998 642.313
701.09 -361.691
513.19 524.029
-316.298 -561.268
-551.399 -414.318
426.644 441.525
667.59 -143.436
39.223 -66.632
-512.36 -446.109
634.151 -278.124
-366.492 573.517
492.853 432.78
676.022 -318.4
568.468 359.753
53.188 -75.943
640.613 -46.559
-368.324 -432.543
15.015 60.974
-484.697 -520.807
-487.644 571.388
-533.941 -466.113
24.021 42.652
599.975 -295.147
705.891 -402.908
-497.246 563.305
-438.557 548.593
521.89 500.555
474.57 411.057
-63.516 -75.29
-447.222 610.212
794.703 -344.891
-107.162 18.03
5.231 22.441
-348.021 613.508
663.795 -261.97
652.06 -235.386
827.913 -305.381
-649.454 -466.225
-62.26 -100.56
42.464 -48.853
-71.787 32.579
494.235 509.844
613.599 -410.578
444.178 550.168
-143.745 -63.045
-710.017 -595.383
710.788 -292.229
-451.705 -522.799
519.166 499.297
-673.389 -591.64
-444.11 590.623
-12.288 -43.832
-524.569 695.309
569.856 497.97
-526.833 -577.919
-282.386 698.062
-428.886 -560.704
672.679 -320.603
464.278 558.548
-446.464 -398.981
-485.054 -584.177
-456.619 538.636
-409.06 572.092
-451.066 670.659
-515.892 -544.405
668.119 -319.663
567.791 516.795
527.588 442.648
121.331 11.638
-516.557 -551.614
-372.722 566.289
673.789 495.701
-56.329 -19.296
742.899 -91.415
669.666 -340.293
-545.681 -340.764
649.88 467.72
-463.716 526.145
-484.946 -492.55
-359.803 539.961
718.967 -156.65
-595.247 -547.254
-442.205 -503.835
-532.642 545.497
-341.467 686.844
-325.369 -455.386
824.664 -306.473
527.809 -198.542
-423.939 608.999
29.449 -134.041
-471.822 -534.732
644.504 -313.615
603.157 604.556
-339.923 640.085
792.888 -396.557
483.524 496.297
438.75 616.543
534.568 442.6
550.101 415.171
-481.254 554.674
-355.543 547.584
-48.526 104.204
-456.058 474.154
697.2 -410.894
-411.281 -309.333
453.028 458.07
-276.931 610.934
739.75 -346.139
360.396 606.683
465.891 449.991
-501.661 755.046
-49.847 -37.449
-418.988 -436.659
21.64 -95.05
659.559 -84.281
-88.316 -122.051
55.223 18.84
53.514 -6.184
702.772 -190.663
-14.754 -49.171
-436.687 -506.661
-415.386 677.941
3.859 -19.264
-307.754 434.827
823.479 -237.115
551.762 610.446
-15.896 19.59
-357.892 597.161
-362.622 555.576
-484.847 569.468
427.015 598.134
-371.596 563.05
585.413 -371.979
58.641 -16.38
-279.517 551.826
488.487 432.041
-465.355 -533.815
-366.439 -489.059
446.256 495.653
-490.24 -453.758
144.837 -22.409
759.779 -351.33
-448.665 -428.381
372.655 513.46
-92.094 45.123
-480.516 526.459
-398.541 -553.231
485.109 492.152
24.683 -93.208
-506.702 595.455
435.728 580.676
528.254 522.681
-367.404 690.338
-453.493 -585.926
-521.853 467.467
740.296 -346.879
-1.808 -4.579
-513.626 -479.461
-413.549 651.158
21.704 59.979
-310.915 570.878
-55.574 -0.797
-593.882 -488.508
393.175 406.282
690.18 -237.125
-366.982 668.589
31.469 13.264
-579.32 -593.305
-629.386 -448.275
-482.151 638.527
667.128 469.776
-397.038 563.02
-374.138 585.698
642.728 -324.29
66.772 86.975
538.338 408.327
-466.097 503.193
-477.788 -358.832
408.107 461.679
-392.606 490.465
-623.796 -520.535
-478.879 676.933
659.177 -140.785
391.205 453.553
630.273 431.865
709.596 -454.214
39.763 -160.405
632.884 505.131
-418.286 672.831
401.434 487.655
482.961 419.338
5.531 -43.623
663.368 -445.458
-380.091 455.414
623.508 392.623
824.628 -402.531
-531.519 -308.049
851.006 -483.086
722.927 -212.564
-449.455 -489.189
-437.745 731.086
38.027 43.403
737.194 -207.08
-423.913 665.16
561.204 456.66
-98.819 80.283
-65.536 73.159
-471.463 -528.899
2.84 79.784
535.479 426.834
-502.383 579.628
454.954 398.18
-544.875 -467.305
515.864 451.685
-573.772 -319.427
-283.176 560.01
444.418 451.626
548.069 642.399
403.679 412.038
839.483 -296.422
652.796 -239.811
579.077 417.265
-461.388 -577.919
-403.57 704.904
-421.18 -493.984
-24.245 25.63
536.863 383.301
720.928 -378.777
783.818 -211.066
48.804 145.025
655.66 -208.545
848.439 -271.944
678.163 -241.873
513.54 531.199
578.9 531.524
-524.18 -551.484
486.179 428.612
12.078 -124.667
76.981 56.591
-104.611 -124.136
478.697 456.562
-32.376 62.953
697.427 -230.252
-278.447 621.548
-396.792 -438.148
-353.351 -506.022
24.486 -52.761
577.081 466.356
620.211 494.121
635.642 -397.114
-424.042 642.027
-567.746 -510.451
692.3 405.434
-444.577 624.425
-406.116 676.909
769.217 -374.7
-438.169 638.581
-3.979 -4.135
-417.377 -642.228
-76.736 149.477
-397.656 633.825
630.71 -398.391
714.378 -159.122
-629.432 -296.684
404.355 476.776
-335.522 762.189
573.595 -425.271
-381.538 483.958
43.561 115.862
-129.549 -9.551
-427.38 665.164
-28.808 -10.269
474.639 429.863
-150.871 75.285
-375.52 579.073
-410.601 549.626
766.556 -387.135
-407.481 716.116
-469.253 602.726
-383.973 678.132
-621.777 -661.096
-519.177 586.934
495.553 488.149
-109.014 186.068
-537.648 742.383
484.789 540.508
608.679 -195.913
559.83 371.054
-472.454 571.492
-431.385 654.043
723.114 -328.524
-127.722 -90.187
-428.327 526.894
506.296 501.962
205.2 57.684
736.65 -274.853
-436.294 -389.42
-480.434 -780.396
145.55 100.917
-368.329 433.905
-494.125 -506.763
-583.427 -431.447
662.039 -354.046
-369.53 672.804
-547.264 503.916
-288.39 624.075
-647.541 -484.867
7.944 -139.547
436.573 419.562
709.303 -126.773
11.331 -23.981
-413.455 451.105
-400.955 579.494
626.268 492.273
663.171 -239.65
-264.71 580.398
843.631 -290.616
454.245 568.203
447.349 453.328
-467.885 476.72
20.886 -98.355
-332.556 611.112
17.196 -7.015
520.735 519.718
-387.125 578.593
-122.329 -14.643
530.716 395.208
466.144 322.373
524.376 553.724
547.843 536.209
-527.249 -608.821
-384.521 637.41
653.69 501.2
-434.004 -428.31
35.56 -114.165
-318.95 617.178
-162.861 703.022
-369.234 -551.397
-378.001 488.135
-552.546 -535.806
-355.211 557.323
462.681 620.949
-568.335 -485.187
-503.816 486.019
792.366 -332.264
-502.713 -629.061
852.072 -193.156
121.398 -20.084
-562.478 -506.555
-55.074 78.214
657.319 -381.105
735.971 -270.705
61.33 -52.905
706.309 -234.664
-333.779 458.975
678.002 -290.098
-8.673 -91.18
-396.656 675.381
-316.053 634.216
-506.53 -445.821
611.351 627.134
726.867 -280.868
-489.358 614.412
797.745 -445.419
515.205 612.505
-291.301 630.265
52.183 -10.538
-73.609 -53.454
811.444 -234.669
-534.765 -524.412
545.616 406.843
-53.301 4.887
443.952 451.249
-287.313 475.203
26.362 83.0
539.88 625.304
573.294 -322.889
-460.71 674.567
698.852 -366.747
-326.918 563.2
-380.585 -408.991
-95.007 -139.622
-409.29 -313.995
564.095 -289.098
-564.695 -558.327
-488.704 -502.268
-482.023 668.904
-716.766 -500.065
599.902 -299.99
-537.139 -422.04
532.94 593.146
-531.631 -534.955
58.704 53.564
509.754 429.699
669.09 486.342
-397.223 -479.183
-88.082 21.621
-448.755 -530.646
454.924 583.928
492.55 443.401
-629.726 -452.87
-401.166 -394.506
603.66 484.95
592.019 -287.346
425.943 485.981
668.358 -281.196
-51.653 -2.39
764.723 -297.848
355.629 567.302
-468.352 -596.069
706.643 -472.549
548.413 487.503
-398.348 375.771
-335.518 592.812
-471.091 -442.127
468.152 445.361
-428.834 653.102
288.554 452.915
559.993 -193.426
111.289 67.443
665.213 527.838
2.559 -40.63
-397.238 -513.456
-409.681 664.56
-496.576 -485.012
466.041 494.078
-384.575 -528.237
705.555 -290.364
-106.609 15.235
-523.908 -425.475
751.104 -384.535
-44.556 -69.881
633.254 -298.784
-24.065 -38.141
-582.294 -472.345
603.786 547.45
-64.221 11.117
-644.557 -505.416
5.295 -161.871
667.318 -356.339
560.303 594.464
62.781 -99.262
-482.859 -685.511
-522.661 -339.847
636.858 -230.249
604.103 -452.253
39.725 55.646
-403.776 508.17
522.151 686.842
583.281 -290.889
101.306 -13.391
600.651 517.003
57.546 49.491
-362.835 599.414
636.75 380.921
519.088 516.196
-86.903 31.244
435.683 435.706
209.238 91.117
-510.49 598.311
664.951 -273.213
510.909 543.038
-534.589 -251.565
-569.921 -567.852
-371.888 -444.761
-441.851 -554.39
646.528 -150.656
-649.173 -414.75
524.05 659.557
-464.255 -267.416
465.326 514.906
27.268 -30.316
4.302 34.6
400.724 557.58
649.98 -297.761
812.823 -272.677
518.885 609.415
456.105 636.479
-329.94 507.625
-394.628 679.637
-307.601 606.753
-301.108 545.242
-497.728 -477.699
328.16 381.389
739.155 -396.387
-400.897 570.855
545.538 607.029
-305.074 582.461
912.033 -239.863
-28.757 -70.68
873.19 -274.532
-558.981 677.462
-366.911 -537.658
14.959 47.314
707.652 -216.211
-433.708 -420.111
-487.368 -557.192
-87.155 27.529
552.807 484.604
-428.022 -622.711
73.411 9.649
-439.036 -516.811
440.117 606.347
446.819 556.722
-541.929 -593.822
-29.2 -161.269
734.101 -400.242
732.163 -298.947
639.127 -334.369
624.893 -272.262
-575.182 -491.659
-499.786 -429.04
585.989 664.057
-611.449 -539.779
37.685 38.161
673.747 -331.388
113.519 -165.664
-446.059 -387.871
724.012 -302.293
-466.296 -467.727
512.859 557.103
97.081 -106.633
-404.76 525.567
-660.014 -562.783
579.587 -216.184
85.338 62.815
569.883 -240.245
503.004 399.653
-340.292 597.742
-381.3 675.975
-499.306 -405.335
835.68 -284.602
-497.188 -504.182
439.563 -321.601
404.714 458.142
-379.645 469.469
-463.898 -425.508
-435.981 512.864
571.255 485.51
764.328 -295.438
605.837 -362.146
-459.099 -632.623
-438.83 -505.304
464.682 341.828
567.736 522.985
470.672 580.883
796.302 -399.708
-18.955 43.156
2.811 -108.376
17.279 87.927
8.014 52.162
-389.409 533.004
509.892 423.9
-397.69 610.069
636.075 -352.197
726.138 -371.944
574.673 258.312
554.651 -215.273
-416.51 679.686
10.766 -62.313
551.905 512.697
436.536 543.055
730.494 -338.687
525.565 347.545
-147.909 19.411
96.805 -162.578
-371.81 646.908
140.981 -58.996
-468.629 734.247
-406.023 543.454
-334.087 689.513
-122.979 -146.196
402.609 593.126
783.124 -398.272
-357.774 -436.085
719.183 -258.946
-525.308 477.295
161.614 -70.028
-7.424 187.255
671.632 -220.021
-335.778 -579.043
-547.934 -536.782
452.87 354.783
-481.396 -600.915
-356.21 536.933
-361.76 742.962
161.248 -15.851
-367.283 700.971
597.937 609.535
440.371 476.091
-433.802 491.034
474.699 426.853
-399.738 647.127
746.85 -249.015
451.627 446.661
-430.871 -480.941
-460.038 -453.236
638.808 -217.007
-491.932 -555.225
-517.637 -503.892
-359.409 -644.435
-512.3 600.781
-415.057 -204.247
86.697 -132.265
555.228 596.653
56.565 -118.708
569.446 579.195
84.895 55.175
-427.993 -406.715
-315.24 553.525
-369.188 526.941
620.941 534.37
-40.753 -46.717
500.908 568.484
465.654 550.134
569.801 -185.811
673.613 -395.271
549.017 454.244
111.648 13.099
786.894 -359.697
728.039 -306.699
683.878 -417.028
511.76 433.127
-402.772 579.8
722.866 -194.138
556.158 502.856
-90.631 -15.655
-588.593 -411.022
650.595 -313.038
-516.226 696.524
-523.729 -523.241
-59.622 -137.487
-406.803 418.437
448.353 464.53
-529.741 -505.653
-502.646 -501.403
382.424 707.606
-513.63 673.165
-378.333 -586.867
154.454 -125.808
635.209 370.247
609.44 488.523
725.004 -200.704
868.48 -346.827
-484.745 631.943
517.104 600.469
-318.863 666.844
-0.769 7.895
163.414 -3.819
726.071 -463.151
434.352 681.558
562.933 -269.419
840.722 -300.149
437.831 607.29
-545.733 -453.701
785.28 -255.182
-52.045 51.161
-532.971 -429.249
-463.507 508.57
806.961 -206.469
-419.953 670.987
-16.86 116.149
-319.578 525.616
-382.833 -464.043
-95.503 -53.555
676.024 -307.731
-429.741 -540.368
-28.269 104.126
554.094 -309.975
-313.284 646.397
-483.223 -455.03
648.786 -266.858
635.021 -269.078
-352.718 699.682
689.792 -324.117
-481.528 683.198
768.004 -334.909
648.573 -319.815
458.142 630.209
-545.672 -400.099
-425.037 726.608
453.654 560.468
-208.368 614.636
-459.461 -536.426
-431.692 -502.891
782.05 -330.934
-624.609 -489.521
-447.565 -594.297
-384.416 596.352
555.657 568.34
451.315 542.733
65.86 -17.105
-349.327 549.971
-29.416 -108.414
-362.733 512.893
690.333 -271.094
-411.835 639.706
528.393 504.465
22.159 -122.924
-434.659 625.865
-581.432 527.009
-287.43 654.771
92.426 -38.257
-340.895 685.33
677.451 -261.437
606.651 621.033
585.819 515.158
668.374 -332.76
517.277 584.551
-363.344 -475.897
677.6 -257.246
460.513 397.803
611.836 493.877
-441.117 666.043
-420.086 -457.349
420.962 634.209
-424.9 500.419
-309.069 486.212
-491.446 603.464
717.927 -422.575
-64.236 53.631
-421.186 -432.797
-432.299 484.589
173.5 -5.491
439.951 397.787
45.63 -43.039
-503.323 -327.653
-516.007 479.402
448.966 501.269
-469.131 443.359
-326.356 714.163
-535.083 -494.468
762.348 -203.717
-6.345 35.191
754.336 -255.542
653.611 -223.908
-577.477 -510.383
-427.162 -438.035
693.927 -248.696
-608.827 -413.769
-506.004 -567.92
-458.726 605.716
44.297 120.264
-439.815 -405.903
-510.331 -510.781
-411.959 -482.74
-394.679 648.547
135.431 -29.438
-533.057 -566.048
575.907 483.548
573.227 450.418
-599.104 -500.053
627.967 633.798
-358.724 657.106
-362.865 540.242
-476.593 582.451
-483.795 -487.114
-495.253 -542.137
-550.543 -436.548
114.554 -122.93
-562.462 496.601
-479.438 481.102
-359.673 -494.523
819.352 -103.633
-18.389 126.034
-36.723 -52.809
71.051 9.118
723.256 -262.974
730.358 -246.947
-8.421 -31.121
638.898 377.191
-520.03 -349.182
-385.556 611.094
381.09 556.758
-507.029 503.462
-300.556 517.357
460.641 482.72
-33.033 8.958
-332.564 -424.501
-405.835 667.113
494.866 523.654
-13.053 -33.213
-539.158 -630.412
-473.333 -511.639
-395.162 473.451
395.804 428.498
577.633 470.112
-516.075 -467.134
-329.719 564.157
-530.084 557.648
816.931 -169.332
-485.465 632.069
483.0 567.698
432.69 471.812
-306.912 -559.577
-505.965 511.186
-407.758 678.836
-392.005 -310.178
710.804 -302.732
-414.213 -534.441
619.402 -165.252
763.504 -369.32
-425.216 -476.534
461.781 598.681
490.854 648.878
-628.365 -463.244
87.168 77.551
-387.466 -545.515
-378.66 -546.705
-500.504 -562.898
493.135 586.307
-143.563 28.51
-42.647 -48.908
-492.163 607.735
-112.176 -54.466
-486.482 -476.475
-62.508 2.134
674.251 -270.563
-461.975 -461.996
-597.857 728.205
-435.152 704.942
-71.206 84.645
636.069 -300.048
728.778 -424.916
-414.996 -604.81
709.114 -234.793
-20.466 -48.65
-382.209 -574.648
728.788 -187.142
300.465 595.966
514.419 550.068
51.237 -40.222
615.017 -242.279
590.044 653.484
688.816 -297.087
599.996 636.719
740.166 -302.805
439.928 592.216
59.094 29.13
559.454 585.092
100.351 45.542
-52.187 195.837
-530.04 -610.08
67.359 -39.471
-489.894 -490.495
-562.052 -474.229
-148.781 -164.797
-374.653 -500.917
-448.621 -437.085
615.98 507.848
-384.643 -490.002
613.557 -136.904
-528.629 -497.032
821.211 -302.642
-369.132 512.992
655.067 -235.202
-59.319 -128.694
705.727 -360.787
442.114 589.106
-31.018 -31.689
186.799 -3.709
-477.33 579.039
-529.216 -506.507
664.145 -264.819
554.355 498.052
465.936 480.888
528.566 644.147
652.663 -373.76
625.076 -340.613
-491.531 696.257
-508.963 -456.817
-475.139 -464.302
733.696 -340.502
716.613 -191.417
490.452 490.685
676.447 -288.395
492.871 535.43
-613.39 -490.336
-514.051 -536.628
681.305 -491.704
609.348 -359.203
-406.59 -451.245
-378.066 -580.981
-101.757 122.656
-596.691 -334.074
1.552 -52.929
5.189 -1.495
639.393 -333.193
422.033 410.974
-441.421 -625.644
-352.834 590.232
32.139 9.336
95.56 57.671
-476.579 505.881
-497.05 -489.512
749.236 -271.117
746.003 -268.577
-312.792 594.661
814.363 -307.356
738.38 -204.513
38.55 -46.829
-429.045 542.385
0.462 -36.153
-388.648 605.462
642.364 -316.162
-439.963 556.964
21.561 24.45
439.482 523.976
-473.526 -615.092
425.97 418.047
-288.373 712.552
637.483 -182.711
13.935 218.293
-401.431 598.304
487.312 452.115
-383.781 -468.338
141.085 -30.102
450.518 502.119
521.836 465.612
656.74 -276.488
-546.654 -323.161
-329.975 601.902
-528.507 574.855
651.579 -283.04
-501.31 -365.693
77.987 -38.79
-348.876 -292.217
32.404 117.207
-523.522 -368.805
124.376 -44.158
746.137 -341.154
52.307 -171.708
339.008 690.621
-57.143 53.723
-502.738 493.913
-565.293 583.361
-617.464 -778.844
-487.999 -628.924
-401.363 -605.459
791.412 -274.935
487.963 420.14
48.01 -140.111
-516.254 -588.255
-341.302 607.699
-512.098 -569.936
-454.432 -395.585
31.436 34.663
481.688 446.535
-231.822 814.006
526.352 650.26
-379.298 710.275
41.198 -33.418
711.473 -294.167
545.306 622.84
686.688 -386.806
-32.629 52.845
-558.074 -485.347
614.511 -411.635
-474.467 -394.488
-410.25 -422.125
-393.038 740.75
-370.224 649.972
483.646 412.978
86.388 18.121
569.812 -254.412
-471.038 -473.324
-469.709 -334.168
838.643 -385.908
-511.865 545.866
-397.282 827.074
742.966 -329.553
-408.687 -428.657
821.54 -226.767
-517.304 -527.395
121.587 -80.852
599.174 597.533
773.021 -413.092
452.456 465.321
746.104 -333.517
606.022 479.252
537.171 299.652
-439.093 -586.209
19.012 26.682
-514.335 527.262
-508.829 553.676
-378.817 651.966
555.033 497.313
-433.237 501.062
445.854 592.215
500.385 476.442
539.327 505.924
-524.217 -288.353
-472.904 563.297
-475.192 499.347
-459.583 -517.404
-449.79 -571.502
40.975 -32.075
807.659 -322.255
-19.375 26.004
-122.142 -30.157
525.51 545.262
449.839 513.058
-240.397 461.241
734.016 -252.863
563.548 -308.789
29.71 118.579
-151.928 -87.311
543.651 497.843
-508.954 -477.454
-123.025 56.274
-367.561 395.324
158.246 60.218
680.165 -325.283
-478.505 616.992
-471.465 -596.386
-363.788 713.802
-491.036 -469.686
-410.019 644.26
-442.77 628.66
-53.665 44.444
-644.204 -461.668
-63.726 17.64
-336.885 -454.702
-633.038 542.047
738.022 -146.73
465.951 499.211
2.79 26.677
-264.396 521.012
410.787 384.818
-422.049 -560.98
646.962 617.409
-460.679 576.98
-58.501 -144.966
-100.03 29.946
-483.38 -578.637
-416.572 -647.825
-404.009 658.876
747.998 -373.234
-307.77 600.615
-50.886 -87.739
844.198 -170.206
544.044 628.007
-463.284 669.236
861.337 -225.165
560.569 458.907
-75.555 -4.564
-487.027 -418.131
771.469 -354.209
-572.64 -443.124
46.471 -13.982
-28.994 2.218
-34.227 48.833
-402.776 568.056
-661.024 -454.515
-585.261 -488.252
-327.566 624.012
35.47 24.558
-109.404 -4.017
872.657 -380.313
-570.054 -546.65
-370.193 -470.621
-521.807 -469.849
25.627 -143.537
-573.28 -541.848
-20.173 14.482
777.949 -341.234
7.175 -82.466
-350.749 581.988
586.003 -304.523
778.374 -329.26
714.659 -244.328
-412.588 643.585
739.301 -380.521
-426.44 -634.285
-539.596 -477.63
-590.537 -510.832
67.016 -84.216
-626.001 -430.647
858.378 -246.885
-645.571 -489.687
-75.326 -38.497
-502.12 608.184
109.456 105.93
480.143 393.681
696.937 -318.845
796.174 -273.078
11.834 -66.496
615.075 -270.397
551.686 527.001
-442.829 -400.78
-548.802 -413.118
592.127 -281.329
-455.492 693.919
-541.283 -545.483
-539.379 -533.035
-329.406 616.353
-676.502 -532.225
-433.832 -575.664
-349.887 635.413
-584.084 573.227
-54.97 -44.982
-507.179 -490.797
572.377 406.463
25.989 -95.857
609.346 566.487
-90.112 10.38
26.477 10.81
-377.659 -416.411
806.948 -199.302
18.23 -50.44
564.974 497.501
525.814 413.41
-352.309 646.772
-662.225 -601.199
39.077 68.445
-409.257 -451.118
611.973 -306.078
538.328 348.167
-55.061 -8.478
-361.469 573.082
111.485 -160.556
-358.811 -550.254
713.016 -287.79
693.807 -189.51
-663.819 -363.435
484.713 529.995
770.447 -315.267
641.199 -128.011
28.655 60.797
-266.022 437.132
48.019 -20.517
20.997 84.39
-448.556 708.009
41.802 15.701
48.724 -22.588
652.134 -266.961
71.01 5.18
746.96 -229.425
682.507 -168.94
755.742 -298.631
87.019 147.851
771.782 -205.686
51.217 42.636
388.631 382.637
588.889 566.161
-455.692 669.227
693.907 -326.119
-469.639 -534.919
-96.027 69.048
-432.898 557.422
-509.279 -499.754
-598.882 -357.974
-373.192 570.687
-543.85 -403.78
-441.945 493.293
122.167 28.415
-51.091 17.243
-161.322 -4.18
-469.383 645.824
33.852 16.201
678.657 -365.079
624.755 -209.127
728.172 -278.61
615.602 445.541
74.048 95.987
-576.343 -523.151
31.062 -37.695
-57.01 77.585
-277.829 607.362
662.303 -193.782
-590.288 -640.717
703.554 -215.613
-47.333 -25.416
769.766 -279.493
-188.777 525.653
82.754 202.027
-539.364 -464.216
126.647 -172.155
-396.998 576.844
626.646 -270.517
509.52 518.96
527.369 556.828
654.06 -276.931
-465.133 -544.718
587.959 489.659
679.308 -138.985
478.818 492.923
-551.305 -545.846
522.121 504.552
-398.437 577.47
673.345 -166.624
667.259 -222.167
698.513 -243.371
-65.027 -116.005
816.04 -300.586
-454.267 580.359
-108.559 10.502
-540.127 -491.041
-576.02 -550.471
-40.015 -90.561
647.263 -323.116
817.812 -351.166
-459.827 -565.674
505.948 486.492
606.842 479.774
-445.669 589.295
-275.496 575.77
703.017 -316.78
-388.587 -456.938
-425.6 -525.306
-245.719 496.677
632.51 -381.073
14.167 -55.567
20.127 -128.224
26.316 56.852
-62.027 -65.091
-386.449 710.586
-294.991 606.527
-462.076 -449.192
682.715 -256.944
-387.142 639.174
-366.241 600.297
-365.707 570.814
203.854 -58.649
-490.803 -446.938
-169.886 -46.883
576.678 521.997
464.263 584.052
-442.183 600.924
783.05 -307.259
-26.474 53.821
450.318 415.324
-542.85 630.155
-422.024 -432.372
-418.031 590.826
635.69 -358.463
-481.525 689.805
-503.98 -459.836
-550.017 -484.324
713.888 -348.069
-452.858 -525.304
55.24 40.298
511.741 384.002
750.041 -264.289
374.856 411.074
744.733 -289.127
-480.775 -453.467
604.672 -316.717
528.995 538.257
-524.543 592.915
-506.025 -543.942
-574.373 -519.714
133.057 -21.034
739.861 -300.277
617.758 -307.588
811.207 -218.422
-269.785 529.846
-405.662 590.263
677.618 -374.888
-524.231 -570.611
534.852 505.436
516.576 627.519
657.27 410.245
-518.717 -555.273
559.249 538.355
-487.183 635.872
-453.834 -544.932
529.871 563.603
63.872 -2.981
-342.026 -366.345
-75.114 -43.77
14.1 163.029
550.105 559.461
-456.227 -353.82
465.721 -325.828
-53.612 98.09
-62.245 -111.46
465.465 558.592
137.381 61.254
-200.898 -70.287
604.054 456.687
-438.272 673.384
758.823 -508.976
454.611 516.688
115.052 -61.221
-574.666 -490.714
695.058 -337.165
-241.632 510.683
-395.404 669.052
747.507 -195.067
100.019 -110.79
743.332 -267.271
-493.474 -562.55
-410.317 650.593
660.753 -170.134
-540.14 648.252
449.705 608.338
85.47 -93.905
591.328 448.914
-547.391 -456.643
7.566 83.034
690.058 -282.624
11.036 -23.197
716.563 -327.965
483.076 505.778
-458.008 -564.479
14.738 79.838
721.778 -414.946
442.789 664.284
-397.477 605.512
-377.726 684.73
-614.561 -479.054
715.188 -212.585
-105.757 16.362
-549.003 -254.718
756.85 -257.127
651.817 -288.692
719.073 -244.816
-89.114 64.122
-10.553 -74.53
733.021 -376.864
-435.434 620.388
-395.126 530.528
-415.814 532.314
443.656 504.288
468.678 589.352
580.294 492.809
668.699 410.449
-431.277 647.054
-417.183 729.636
452.728 396.87
759.433 -218.071
-435.672 -440.186
791.131 -358.838
-592.536 -676.567
-1.42 90.256
811.249 -322.054
498.166 660.936
47.654 -28.956
-274.222 685.788
-524.036 -547.804
-440.389 528.923
-447.608 423.881
-468.263 -514.365
-38.912 -85.311
-579.89 -406.561
-417.539 603.181
445.341 460.764
97.619 -34.922
-379.792 -533.138
-40.298 -34.141
-548.052 -544.243
794.116 -259.105
-344.095 633.856
-407.083 650.994
26.251 82.795
-506.525 -520.716
24.319 18.057
682.202 -311.235
500.226 621.242
-169.411 89.84
-121.233 104.021
-307.244 634.349
-337.188 660.847
814.155 -373.782
-140.77 60.307
-522.813 604.571
629.892 -235.704
699.768 -342.941
476.723 551.196
103.787 -61.983
-665.845 -428.354
440.427 475.511
-479.219 -490.545
631.92 506.952
621.113 -175.822
143.01 -172.053
833.665 -356.069
434.643 342.059
-444.841 -481.476
62.597 -28.015
52.827 59.163
-464.246 -521.606
-34.332 70.259
-503.017 -478.248
617.664 -190.209
-426.785 -456.459
549.109 425.219
-19.849 -70.912
384.975 516.943
634.845 -318.04
-505.056 -485.669
739.885 -384.457
628.633 -247.824
839.934 -356.877
-437.144 704.219
-318.421 522.567
644.578 523.511
77.081 132.176
-609.598 -586.381
-313.797 526.865
434.791 -273.828
-295.881 654.786
-476.243 -506.005
-651.754 610.89
-519.306 -465.013
104.272 104.13
-543.983 752.898
-17.712 69.203
480.387 616.814
92.949 -0.43
-375.01 -530.956
-65.828 -17.862
-324.264 608.645
-457.046 -483.612
-459.873 -405.792
-441.711 619.364
-15.988 -4.832
691.779 -350.232
543.831 620.962
15.891 -32.676
-254.453 529.59
451.809 525.846
-397.255 656.434
-486.072 -684.596
441.965 507.854
697.137 -406.874
-17.436 -15.935
518.155 297.161
-454.627 -620.422
617.206 -231.904
415.881 605.567
-299.117 662.205
-504.311 -557.606
-156.372 4.311
787.896 -402.558
-466.178 -512.806
-497.6 -579.39
-229.21 542.977
-460.833 -509.248
-316.379 679.263
-388.416 638.996
-504.037 574.9
-491.168 -523.135
-558.204 649.724
785.974 -292.135
486.406 434.954
720.346 -320.935
-487.321 -445.729
414.512 540.257
802.516 -333.861
-435.288 644.244
-328.481 524.903
-336.387 535.791
-448.908 526.631
30.414 -84.66
-517.456 -562.891
-490.378 -410.628
690.866 -283.945
356.0 497.249
-597.711 -520.577
721.879 -263.412
541.928 369.523
-465.598 -596.028
-390.601 814.386
-384.243 -530.735
661.785 -288.654
704.375 -296.761
-510.922 -604.505
-36.878 -8.99
621.2 -335.182
83.239 58.148
-193.555 684.529
641.339 -200.413
-14.273 170.726
465.46 560.035
790.013 -328.326
-440.194 542.521
468.586 509.154
-68.643 53.976
707.62 -343.884
5.687 66.063
-436.937 603.649
-404.493 503.671
17.215 -199.072
-407.933 593.58
-457.97 644.009
515.503 539.951
-82.497 74.94
558.684 -289.264
500.315 595.549
-268.489 638.403
-538.282 -457.074
-19.19 0.975
79.232 91.291
45.644 -3.433
478.037 458.06
-417.728 463.176
-505.015 -536.857
432.779 514.233
-494.213 -554.257
-121.137 -73.015
-519.011 636.051
640.852 -290.763
263.078 349.565
542.407 575.146
437.034 444.535
747.486 -243.882
-81.376 55.842
-524.893 -402.801
370.815 533.532
-34.635 -1.968
556.712 495.066
-465.116 -526.057
648.855 -262.41
-14.91 122.338
-542.179 -466.978
-481.014 -526.787
650.314 -192.773
177.264 52.432
477.692 550.802
-468.74 557.507
670.699 -353.969
-469.123 697.738
610.238 519.177
108.969 47.523
13.154 -27.881
709.718 -351.356
651.261 -355.588
-407.521 544.793
518.744 375.69
-407.836 629.401
534.942 436.44
89.587 -19.768
108.138 81.749
563.641 -230.815
81.377 -29.78
-510.119 582.103
30.386 34.104
436.527 452.893
-408.484 607.86
-494.951 500.013
-484.715 576.045
-559.419 -488.625
-48.282 63.8
559.214 -421.787
-424.35 567.434
537.315 357.889
778.204 -482.358
544.382 405.352
20.237 -118.59
690.033 -351.423
601.785 -328.654
-18.404 -2.749
795.126 -345.956
-481.664 -458.536
690.954 -278.038
66.115 -76.969
569.029 -253.5
550.643 501.618
535.259 619.185
54.565 17.802
750.0 -173.812
-667.778 -464.734
28.048 -40.455
-85.603 -31.344
583.427 482.022
-433.383 610.734
-520.395 -584.312
385.521 417.362
-396.687 526.655
-415.903 526.359
-524.665 -566.342
-392.61 -505.107
-648.334 -446.565
-50.02 119.594
-241.706 587.263
635.191 478.232
-50.34 131.321
506.391 513.626
-393.997 -445.895
732.276 -455.164
-354.289 -554.116
-43.394 -72.606
774.141 -290.149
-85.424 72.51
433.379 563.944
444.44 489.049
813.173 -235.88
-511.377 -576.836
524.167 465.274
821.378 -243.444
714.619 -399.398
847.708 -180.81
83.649 96.197
104.435 -161.706
-479.74 -391.8
-363.182 -629.676
118.434 165.808
-43.772 1.925
786.031 -481.633
-417.721 -498.296
534.619 454.003
371.385 556.083
714.233 -310.464
561.999 434.46
-403.645 -441.283
612.429 -372.595
678.555 -364.698
-13.613 96.607
634.512 385.82
492.331 481.429
697.198 -265.108
-392.778 763.518
-505.035 -559.048
542.454 618.484
110.482 -190.071
-408.466 654.646
426.486 645.174
-51.571 44.75
433.408 590.107
-533.197 544.846
604.69 -397.749
827.866 -390.861
89.049 0.332
-585.894 -436.158
663.039 -394.569
-427.903 -517.752
-360.144 549.605
-97.313 -160.108
-27.932 4.692
-380.203 -492.983
510.744 434.327
669.374 472.041
-243.86 594.649
552.904 482.109
-504.02 630.126
576.161 -278.487
-578.049 -471.259
-460.254 592.576
564.185 586.728
671.956 -253.241
392.054 550.455
497.894 413.097
-353.676 -479.751
4.742 114.038
703.589 -242.585
-501.235 687.854
-13.355 2.26
-204.085 655.318
757.102 -121.532
698.22 -291.402
-357.041 497.418
5.695 63.579
139.139 27.483
537.662 449.812
-344.305 602.494
377.883 463.339
-548.893 -405.572
-48.45 26.689
672.794 437.42
8.107 -45.669
-516.836 -525.317
-491.112 -424.706
820.171 -244.563
698.885 -271.782
-94.945 22.67
29.934 -35.03
472.996 458.749
-482.617 -545.277
561.188 -303.938
-573.337 -577.562
-593.404 -604.55
-575.139 -385.89
-472.799 513.974
-530.396 -487.542
522.852 662.221
455.909 407.68
610.007 483.42
714.259 -256.037
-94.297 7.66
-407.597 621.668
604.625 439.696
408.614 424.262
-82.097 66.816
-441.363 -576.937
-541.206 -522.023
127.803 59.063
-410.48 -544.163
495.318 447.958
-451.231 544.017
536.612 452.472
661.886 -312.008
-540.157 638.556
60.115 -12.431
-343.853 710.344
503.307 572.544
-485.604 583.78
-373.21 717.023
518.817 412.362
139.078 -86.568
-66.373 64.226
-41.34 142.611
470.885 406.809
-435.287 699.693
501.443 -236.53
-404.321 759.713
754.604 -332.032
-391.522 662.81
663.775 -360.229
-635.516 619.052
90.906 -82.984
-149.108 -27.085
-151.508 -16.856
-369.138 683.03
-52.468 116.141
740.726 -187.889
108.669 -45.61
42.822 93.855
-497.314 -436.348
442.229 449.614
-736.169 -474.07
-613.37 -442.342
-466.364 -411.415
712.256 -288.828
-495.129 -489.574
-533.758 -413.81
806.531 -247.695
-424.418 -583.189
659.98 -423.736
-379.245 670.52
863.274 -302.599
-525.776 -520.407
-629.849 -533.807
-547.415 -630.904
685.395 -180.877
-193.367 510.333
-451.879 -474.203
-421.283 -563.269
-458.452 642.854
601.523 419.501
-23.414 -1.646
601.081 -151.471
574.262 -280.75
567.273 -397.702
-502.667 -614.343
-23.591 -170.239
32.118 -103.294
704.664 -195.234
-70.22 50.803
-455.309 -559.482
-510.521 -572.224
671.26 -271.683
616.56 -150.215
58.413 -76.348
632.428 -258.999
105.782 49.723
11.724 -73.678
-440.6 573.73
488.699 602.294
-539.116 -526.2
662.983 -324.999
-402.571 -538.504
-242.77 -458.364
-454.796 -455.252
641.454 -318.886
-327.528 -456.176
-3.16 82.648
-556.617 -525.63
-522.336 -385.344
467.113 527.364
-490.313 -483.708
-570.305 -506.673
544.788 467.451
-358.7 601.428
506.941 546.879
-42.261 69.524
-400.076 544.111
547.399 -317.785
-393.227 565.923
-494.232 -437.194
475.6 553.71
835.822 -101.873
-607.704 529.646
-575.685 -412.967
78.319 -58.092
-29.413 -174.348
424.551 440.426
667.545 -338.84
-32.491 -122.897
96.762 9.053
676.951 -302.272
-310.947 687.705
511.398 514.356
-471.36 -497.457
-346.524 646.653
622.065 429.922
-628.693 -539.606
698.78 -346.589
6.074 5.097
791.79 -168.896
853.469 -413.47
9.116 71.532
33.08 -86.066
-560.468 -418.938
-589.847 -398.264
-487.568 -393.495
-331.576 725.797
-595.536 -412.717
94.552 51.532
-487.568 555.676
-416.758 -456.09
-437.227 -546.838
616.277 -377.87
-402.793 -474.388
-586.55 -400.927
506.26 494.697
-430.639 679.743
-499.66 369.168
-310.11 758.535
591.218 -371.229
702.494 552.326
-27.444 -44.266
473.77 413.908
787.59 -456.339
-59.713 -13.365
180.442 -12.359
32.209 33.894
-548.958 590.821
587.023 473.244
764.79 -348.327
-468.578 -486.396
647.626 -363.149
410.351 595.886
-581.457 -494.666
-486.81 678.734
724.008 -207.58
544.979 545.0
-530.812 -436.499
727.765 -344.763
-457.009 -406.011
-451.764 421.333
-554.599 -439.734
409.038 627.699
-560.813 506.619
677.587 -392.24
-459.512 680.316
-3.673 -46.155
-601.877 -629.744
687.935 -217.914
-20.627 39.021
772.514 -275.62
648.318 -406.651
-13.979 -22.261
-359.19 486.637
-309.855 628.124
79.601 8.718
713.986 -150.784
780.293 -330.746
381.077 437.355
498.81 -352.594
-444.064 -498.531
495.615 469.788
-412.908 477.651
0.721 77.752
821.76 -485.012
-475.925 -437.589
832.252 -180.258
-470.477 687.88
-357.519 -587.47
-134.46 -26.462
838.695 -470.771
819.522 -301.297
-446.447 533.497
-635.932 -464.225
507.871 459.936
393.506 364.399
545.867 577.312
-5.052 64.733
809.94 -156.151
-423.525 -574.2
793.495 -325.26
74.54 -62.622
712.023 -377.705
654.248 -235.837
484.769 384.888
-42.658 83.182
-496.377 -495.21
-65.733 35.373
-591.136 -552.267
-44.705 -41.432
-366.835 625.47
-383.208 575.342
654.386 514.136
619.323 -474.613
603.973 -305.965
-545.456 -435.372
440.928 372.337
658.49 -194.967
-390.347 564.436
-344.067 595.079
622.132 447.482
-4.677 -119.908
-364.928 549.484
-459.301 694.952
820.931 -388.079
-515.818 -472.725
-53.454 -46.17
-452.191 527.831
-367.895 518.338
103.648 -55.195
48.85 -115.101
-364.746 -550.79
-468.997 -587.933
737.598 -203.109
732.811 -204.057
-7.765 146.786
-291.599 -589.338
38.582 -29.225
134.559 -21.107
748.322 -347.531
486.8 490.079
606.04 -276.182
626.445 -211.973
616.02 408.661
-250.867 526.576
-499.963 -629.341
609.663 392.253
-439.424 -565.462
-404.334 671.229
538.2 566.115
67.897 -69.31
-421.876 460.399
-52.207 -8.574
792.04 -280.091
485.253 419.612
502.145 538.097
514.17 584.368
741.917 -309.632
601.458 -245.502
-513.398 -500.125
-465.088 -501.49
723.921 -314.656
422.401 511.29
469.16 428.161
-589.324 -561.858
614.033 -350.125
-252.486 535.074
76.509 94.546
47.479 81.119
-672.611 -405.506
472.839 542.159
-114.271 -10.773
11.123 -10.146
-554.848 -605.997
450.275 711.902
-458.56 -503.875
-520.856 -574.028
-482.981 526.497
469.013 371.689
-498.59 -474.819
-66.282 32.964
-101.961 57.462
-380.472 740.856
-78.428 -100.026
115.669 49.545
-433.079 -527.237
-509.328 636.954
593.16 -314.256
-519.467 -467.194
-406.067 646.692
-370.666 -374.729
735.63 -249.872
25.903 -57.013
-57.927 -127.684
-16.437 139.633
473.242 528.491
533.75 440.907
89.211 -17.821
593.367 407.044
711.103 -350.485
14.748 -2.722
434.698 519.103
360.202 603.88
634.772 485.689
743.644 -344.738
-46.305 -41.894
377.303 557.175
-432.453 510.512
-524.714 -502.55
-397.206 493.43
10.658 -32.182
-394.093 -466.092
588.632 -179.394
-660.652 -492.297
-577.746 612.967
-341.701 606.901
769.939 429.831
630.472 -257.454
-52.562 133.729
660.22 -293.098
-462.612 427.182
770.732 -299.726
-10.502 152.875
-55.585 89.769
477.544 588.661
-29.75 113.336
470.148 484.79
750.564 -321.197
594.291 423.503
902.984 -241.369
-450.781 -423.591
-82.618 -98.538
218.273 -16.312
-554.206 -434.166
588.941 -339.276
546.903 -333.072
-630.899 -604.586
-7.988 -65.258
-59.805 -87.384
623.564 544.626
586.535 -322.183
-544.547 -461.172
768.684 -330.186
-643.541 -579.537
-22.995 -36.353
602.358 -350.508
684.741 -158.406
693.091 -324.235
-660.343 -579.653
657.569 -174.163
740.489 -157.654
646.231 -232.315
-430.438 -496.509
-106.824 57.758
483.816 652.57
446.557 506.879
428.961 404.619
-617.213 -467.324
554.321 631.976
-344.528 614.469
732.591 -346.408
-672.325 -577.656
-389.931 654.016
707.552 -346.484
-511.827 452.402
429.516 605.041
576.103 637.196
609.836 -197.862
-124.555 32.971
-372.042 535.724
-212.325 775.904
748.832 -120.84
-320.909 662.111
29.52 -103.502
525.953 557.565
-300.149 658.622
714.153 -109.229
515.593 452.69
20.292 -35.812
-423.527 -425.097
-700.645 -525.316
-299.752 658.571
772.489 -209.699
717.911 637.984
480.877 473.568
-78.925 -58.488
546.168 385.9
360.722 544.524
481.284 414.941
59.65 -8.229
-2.885 -69.914
-537.254 -458.235
-16.612 -6.929
526.886 -320.493
744.603 -193.14
-226.102 -460.636
546.804 -397.16
24.643 60.437
780.485 -159.057
-50.053 -2.147
128.076 28.935
-284.625 556.232
-58.803 -11.538
723.261 -265.51
740.704 -294.478
775.397 -178.307
-379.611 749.722
-345.875 -366.848
818.271 -189.375
77.426 179.216
17.972 -0.697
-571.695 -715.637
-342.571 510.953
453.263 572.475
530.786 -395.868
-551.29 -533.926
-71.485 -24.73
-531.724 -372.96
-321.441 558.437
851.67 -193.086
-454.288 -472.876
-18.882 70.941
680.555 -191.179
-315.567 598.111
420.995 564.597
-85.521 -129.111
53.831 12.312
150.21 81.037
-405.317 -549.021
-492.698 -660.387
507.656 491.761
804.368 -204.107
-224.393 -80.431
765.391 -338.262
726.388 316.593
733.345 -349.972
488.273 555.251
-456.687 -564.707
-112.24 -139.258
906.371 -432.567
134.109 -97.517
101.161 -8.554
-275.598 604.756
652.785 -192.145
595.105 449.069
425.767 413.529
-612.153 -538.474
-505.131 -446.143
638.96 -240.729
554.291 510.878
-110.748 222.271
-507.733 -393.731
-483.683 -434.947
-477.551 -488.941
-105.33 50.233
675.293 -235.994
-452.189 764.624
-672.159 -532.459
-31.67 92.32
-467.916 519.585
-248.309 591.065
-440.967 501.524
-67.731 166.772
676.658 -341.662
-578.868 -421.721
363.661 534.975
68.176 -80.817
645.31 -374.928
-638.611 -502.976
603.957 463.322
272.937 372.38
419.707 559.684
488.345 -354.004
534.662 349.528
-383.007 516.793
-100.622 -25.95
724.184 -306.323
-357.481 665.78
407.611 594.228
-53.803 -12.645
-463.962 -369.65
-258.181 678.093
-90.551 -39.323
695.336 -439.17
-509.926 -649.539
642.803 470.493
-330.729 623.25
791.275 -330.012
-354.891 624.464
-585.647 -475.343
-413.82 695.97
589.343 536.473
-327.432 574.055
-395.745 784.038
687.747 -235.404
-371.866 619.247
808.171 -287.757
-496.779 701.5
636.858 445.6
65.302 -81.316
789.308 -347.398
-437.565 -591.786
405.127 418.058
631.007 -336.67
-597.392 -526.468
432.458 410.42
-375.969 616.714
-393.748 618.362
804.046 -371.414
-97.748 159.54
699.913 -273.727
-14.768 92.824
-467.169 -436.884
747.549 -417.422
392.013 457.701
799.445 -267.042
12.214 -80.684
-57.039 -0.126
-328.967 714.771
629.081 -418.124
26.492 -65.334
710.462 -354.62
52.858 24.885
666.943 -342.455
10.918 -206.102
-412.526 535.643
-484.421 -366.838
-443.864 -559.726
-5.567 -9.448
-464.548 705.977
634.06 489.15
-484.475 641.332
-527.157 -578.432
-403.886 568.191
699.521 -228.104
-505.746 -505.494
624.09 -326.123
-442.381 485.633
679.276 -403.459
522.669 466.374
636.287 -247.559
-352.451 615.332
-382.302 -454.774
-494.178 654.948
443.826 498.185
622.659 -280.405
606.076 -284.704
-521.45 -530.351
-456.412 718.202
548.717 -259.195
-464.863 466.174
-531.431 -466.043
483.307 -303.082
494.704 555.666
-444.602 -521.731
727.239 -279.347
-396.077 -525.462
472.65 514.542
487.11 500.873
-440.189 -478.76
726.853 -321.748
646.568 407.587
692.615 -290.731
29.972 79.496
668.588 423.913
-462.107 -563.565
627.162 566.91
-554.13 -513.519
-36.262 -3.732
-499.052 -455.934
777.341 -365.484
-374.855 605.683
-476.349 491.527
-131.12 19.973
647.623 -176.811
80.91 134.154
673.119 -471.905
51.357 126.367
478.768 519.905
688.795 -275.85
-569.154 -559.054
591.835 578.919
682.311 -370.846
-20.604 -61.269
-592.64 -481.703
-431.687 802.183
682.92 -211.61
-410.88 680.971
-277.105 614.463
-449.127 -423.032
-512.446 -632.519
-549.515 -482.41
-496.271 603.748
-666.878 -498.998
360.896 524.92
-73.121 29.15
350.419 678.983
-640.877 -605.355
-399.097 498.794
-413.759 650.94
550.597 459.64
-387.745 578.82
-557.513 513.867
463.284 532.078
-310.485 780.182
-38.247 16.141
-358.562 517.441
-396.276 670.623
4.189 73.55
-465.251 -535.203
-371.263 669.36
-469.266 522.508
742.363 -264.797
888.135 -171.556
-569.423 -401.861
-397.248 521.303
637.83 -445.312
-359.169 612.54
566.538 -353.607
-466.021 -500.402
398.713 370.291
-582.974 -477.649
784.92 -447.648
505.937 451.122
-630.812 -400.815
690.375 -317.903
-249.962 519.87
-27.164 -43.186
-357.511 630.501
747.686 -300.069
564.29 526.542
778.164 -282.576
582.929 523.37
827.429 -311.99
796.22 -243.457
602.363 -136.516
-76.755 10.175
-26.839 -73.677
704.984 -261.743
-517.426 649.002
-505.745 668.651
-460.355 -440.026
-442.959 517.873
-371.938 599.6
-469.172 -539.813
-369.142 713.896
37.097 -93.496
-491.793 -451.624
736.114 -353.283
-274.51 437.071
-493.143 661.325
618.264 -203.694
848.309 -340.756
-330.219 586.109
-457.826 633.885
765.428 -185.129
609.93 -357.236
-461.605 689.299
800.004 -280.617
-479.968 676.002
-552.698 -562.813
-440.872 584.362
-488.023 687.353
445.321 564.34
404.386 416.937
-143.712 59.9
-478.942 -437.322
-24.874 50.093
-334.088 670.387
-372.883 -428.131
-430.974 -533.424
667.781 -247.909
613.657 -148.99
-20.206 98.114
-427.244 -623.017
-509.91 -667.648
41.333 -37.4
-634.554 -472.98
-97.585 -111.286
-427.76 609.226
504.007 473.464
-319.47 616.253
468.17 453.582
-454.829 632.629
-562.559 -414.916
374.786 606.333
18.789 113.127
-476.55 -518.321
-495.607 -552.365
705.49 483.01
-184.346 453.515
-593.958 -485.262
-3.614 48.359
-550.744 -504.633
114.716 39.441
31.686 52.154
-501.26 566.038
-407.244 685.774
505.503 504.514
740.306 -193.385
-90.837 -54.694
-301.55 642.435
686.695 -298.82
-385.764 584.987
763.607 -210.314
32.199 -30.62
577.392 472.044
32.261 72.645
-394.161 792.856
-451.443 726.194
727.59 -296.029
560.11 613.167
-509.21 -344.29
664.637 -270.921
-174.265 34.497
721.016 -266.809
-419.143 670.092
471.694 607.596
469.307 504.953
-659.815 -624.046
605.139 -151.679
-292.937 481.398
-371.018 -470.81
417.95 590.722
801.926 -224.486
762.308 -365.6
-412.853 654.371
-325.998 562.714
429.164 370.889
-577.118 -527.858
-527.262 -538.354
591.113 -272.768
735.622 -386.478
560.774 576.744
520.515 527.753
-533.287 -505.446
76.479 27.148
38.223 -0.102
746.173 -328.082
-415.995 -464.67
-618.443 -567.014
-381.074 531.517
520.33 441.819
-98.143 -165.844
-405.0 509.592
20.539 6.069
-425.827 650.158
-63.486 33.394
-457.985 -550.984
456.473 539.745
-393.095 650.931
-515.549 388.582
584.34 -379.864
685.215 -317.744
52.399 28.926
-430.515 576.265
849.837 -376.04
-150.107 52.825
529.55 380.367
-557.392 -420.621
122.614 48.03
655.22 519.598
641.121 513.942
-285.966 548.037
679.01 -420.312
-654.768 -444.101
-418.959 646.939
-445.212 -386.557
425.956 584.529
100.537 -110.861
-87.416 122.954
-405.951 -354.327
-489.739 -490.883
-376.537 553.278
884.936 -219.342
713.51 -394.831
457.77 435.625
447.799 557.168
825.342 -217.189
-462.173 -496.791
-503.053 488.247
-340.304 667.424
816.023 -306.601
578.595 441.359
783.65 -231.726
547.543 -315.093
104.3 116.482
-352.641 651.397
729.403 -386.079
-134.631 -17.083
-567.275 -410.279
-373.029 -452.227
-14.265 112.712
746.202 -365.289
19.678 220.894
-583.108 674.861
516.057 405.252
785.816 -213.449
-5.735 31.557
699.655 -367.302
431.778 404.164
555.38 -396.01
-245.423 566.381
531.868 565.609
570.288 456.736
597.965 -346.103
540.398 469.01
-443.527 -499.81
-95.038 74.296
733.799 -309.194
-272.304 692.796
-451.621 -384.073
-275.824 666.611
129.88 -8.982
-449.931 529.96
-520.47 634.673
57.68 84.548
-61.785 126.808
684.169 -339.301
41.989 -23.78
-349.629 538.598
-49.866 -77.493
67.573 65.401
649.915 566.595
-464.896 657.411
-722.472 -394.361
69.717 39.112
-645.753 -443.55
389.256 503.854
-463.363 -450.863
796.38 -262.107
568.756 397.03
666.6 -218.002
535.207 500.825
-406.053 549.824
184.42 -96.352
53.332 14.84
-276.263 377.32
34.596 -49.35
-550.299 -424.405
772.227 -340.883
600.922 506.505
-379.29 590.599
-678.728 -471.338
-470.237 598.17
-189.645 43.928
485.024 462.009
-465.174 642.744
-446.274 -525.564
673.291 -301.949
-12.889 -24.259
-538.523 674.735
591.704 459.865
709.402 -251.04
449.615 460.767
-400.905 -545.859
-270.279 538.716
615.378 506.139
640.351 -397.398
29.708 35.635
-594.259 -465.414
-331.961 698.901
-434.927 568.434
563.097 -271.703
-133.892 22.71
879.194 -266.774
459.733 540.479
-33.628 62.829
545.257 -468.922
706.663 -263.781
773.446 -355.286
558.039 557.821
-178.562 -8.896
-411.278 537.812
-446.205 628.544
853.195 -331.143
-58.097 50.256
-84.488 72.44
-413.154 511.48
593.473 -243.891
-532.176 -562.683
513.505 504.718
-438.842 -413.104
136.29 28.66
119.063 57.281
553.254 659.168
537.658 512.496
-371.968 669.295
452.201 389.753
-162.582 -18.341
712.814 -286.365
-394.617 -455.299
644.586 -209.083
795.674 -186.37
582.526 -477.814
582.681 531.022
-622.424 -529.585
-80.686 -9.357
663.509 -319.417
21.233 76.893
-34.724 29.951
589.038 -229.928
-68.144 -75.845
750.266 -170.101
769.977 -216.745
727.942 -183.737
-462.39 -454.148
691.177 -279.353
445.022 570.304
698.833 -456.313
-459.788 -373.887
736.936 -310.031
739.275 -159.289
436.668 418.228
698.761 -336.305
-40.376 53.281
738.096 -225.938
120.703 -43.491
-512.88 -598.014
-293.339 641.289
607.051 -309.938
-473.636 -526.15
-457.992 -562.672
-422.921 608.919
529.509 660.897
698.283 -258.834
-59.533 104.931
-455.01 -530.505
-406.123 649.479
669.246 -399.736
-485.627 649.873
-320.942 720.681
17.008 -9.235
-487.216 -588.232
-406.987 703.2
719.113 -257.745
-13.259 15.083
-409.423 518.024
-652.394 -550.685
-45.278 -17.214
-444.961 -486.028
-600.304 -430.306
-455.062 -547.127
-377.198 -348.003
737.65 -329.849
-514.869 597.838
73.675 101.149
334.783 518.308
-460.596 826.236
-346.915 721.735
36.465 -36.095
-496.99 699.739
-17.382 53.348
-333.042 626.116
-137.52 104.629
691.343 -349.506
550.846 -184.447
-505.924 -507.667
464.332 567.38
192.416 -44.084
-335.091 774.427
-501.814 -474.695
8.863 -46.052
110.649 -61.394
-479.202 650.581
-507.611 -469.47
-435.878 555.207
-371.456 -611.705
-550.324 -479.816
162.865 86.902
611.977 -366.435
778.457 -285.343
612.942 -216.48
-366.69 572.705
-508.199 -455.639
-562.959 -535.099
16.37 -66.293
900.476 -113.21
406.502 395.353
-278.132 629.578
-102.381 71.766
-471.694 -483.828
10.268 80.375
-10.254 177.856
-391.947 580.185
-62.09 182.366
-130.716 110.758
-119.372 -32.656
-429.973 556.548
-547.35 -530.512
-393.542 585.941
-1.677 -8.584
-604.001 -418.674
654.958 -327.115
-452.633 591.638
-334.051 695.065
537.033 402.966
-411.435 657.715
400.543 642.88
-124.613 109.763
632.608 -350.982
55.47 -75.99
-458.253 -419.607
-546.42 -426.253
-500.107 -504.515
468.968 423.799
24.928 22.701
-322.937 595.508
79.836 -184.883
673.652 -257.085
668.059 -153.324
-403.098 602.892
-289.593 619.612
-384.577 501.553
741.956 -291.788
-512.904 -473.625
698.226 396.703
-502.839 -499.497
-462.004 640.541
508.886 428.857
577.036 487.068
-368.572 675.822
651.674 696.187
651.563 -240.72
-42.228 -75.363
-49.742 4.353
609.232 -173.767
-344.354 539.698
-455.059 -417.693
-451.902 591.539
-375.257 478.301
-103.388 -135.835
595.282 -386.414
498.061 460.765
-281.448 601.393
722.521 -279.826
-428.977 682.613
-22.25 15.981
662.119 -272.221
637.344 -263.775
394.874 560.868
-608.311 -470.037
-619.532 -550.761
-204.083 38.815
-563.413 -486.673
559.077 492.77
-380.573 584.972
-403.727 422.256
747.847 -244.883
-407.633 -540.67
-414.467 -466.467
-324.007 541.258
-586.594 -510.009
94.012 -34.924
-394.588 -580.467
-468.368 405.744
-676.122 -441.706
554.962 522.08
21.347 131.848
-23.404 -51.628
566.211 439.878
-155.283 23.151
-60.499 47.752
713.247 -256.574
478.027 463.034
138.943 8.763
-456.478 609.945
-469.214 -521.485
101.478 -86.554
-64.199 41.242
718.594 -135.272
423.871 514.042
-432.223 691.315
605.619 487.713
-498.153 -598.07
524.649 -289.647
-432.036 467.354
-431.211 577.614
-272.204 529.466
572.307 472.44
-75.41 6.001
668.333 -297.318
-471.09 -514.119
37.895 89.234
398.227 693.047
-64.115 78.99
-314.684 540.462
53.416 -19.873
626.506 -206.201
705.647 -404.377
641.061 -278.741
764.256 -252.534
505.748 655.295
48.311 -0.496
432.07 483.07
-68.445 -80.045
-480.503 579.043
77.037 -10.553
536.841 450.917
-108.9 -16.71
736.372 -336.406
-63.866 29.043
391.476 454.461
551.808 393.064
-365.253 619.187
475.726 453.085
717.871 -255.67
132.71 -115.686
-543.772 590.645
-30.686 19.318
-502.931 635.208
-477.138 -542.187
-554.048 640.054
-612.997 -658.425
430.236 600.883
-391.889 533.012
625.758 -342.632
420.887 592.169
-502.65 611.888
-325.346 643.952
633.988 -455.506
-489.989 -508.358
763.551 -429.847
812.833 -328.636
52.797 5.863
25.776 11.072
20.198 64.382
629.35 -356.116
-268.246 604.102
-334.454 -512.465
-435.862 599.217
642.193 -426.48
-406.747 -554.973
-625.711 -321.475
-548.57 -347.138
497.593 473.01
611.753 -218.803
706.157 -385.393
-478.873 611.152
-560.879 -592.825
-387.276 606.985
-237.704 593.971
658.975 480.852
-669.206 -419.704
555.514 523.319
109.808 24.24
-22.883 -68.155
-379.072 667.356
-365.281 563.707
-537.359 -512.688
-543.256 -501.536
484.694 492.215
947.135 -259.839
-544.503 -468.805
-4.462 -48.163
-598.253 -526.651
-598.907 -341.526
501.138 554.857
-411.214 669.556
-280.123 573.487
-516.866 -394.35
-484.184 569.15
-445.224 -479.534
411.326 549.268
-268.766 679.281
-507.874 724.397
23.901 84.15
-443.409 522.163
-425.831 498.662
-139.654 27.044
87.249 65.54
-292.862 658.256
694.778 -359.706
654.871 -241.385
-267.025 -519.526
-13.203 9.355
-436.668 -468.118
-534.717 820.139
635.152 -319.698
-496.507 530.113
-11.267 47.912
-421.378 572.304
166.941 62.475
-563.765 -423.697
694.977 -274.33
742.574 -304.409
723.228 -311.675
-417.568 -411.387
-343.448 503.321
717.609 -272.598
-571.348 -542.247
-499.379 467.782
516.038 516.422
429.764 382.713
-557.027 -394.314
-436.127 836.173
-512.27 652.061
-247.859 602.983
-264.819 632.15
-266.376 465.087
778.164 -276.455
582.414 516.505
824.087 -287.527
-510.97 -509.635
-477.616 -585.923
-361.978 577.225
-498.792 -348.788
536.98 477.769
375.294 517.07
53.102 36.658
15.317 25.409
-297.9 581.439
-403.89 -391.788
451.994 501.276
425.861 430.324
-541.29 541.21
5.524 -30.748
807.22 -175.446
-532.063 -464.551
64.366 -1.482
-461.507 649.555
592.283 500.698
-323.363 538.565
-488.64 -517.197
-191.363 557.471
446.912 451.004
722.771 -291.359
139.113 34.569
643.671 -361.067
60.487 204.368
-336.425 685.735
668.072 -311.007
40.57 -16.253
406.353 507.849
-363.146 -512.703
405.481 422.727
-438.314 619.63
471.658 552.895
-393.522 494.01
-314.78 685.04
499.472 383.954
442.592 489.745
-521.648 -664.679
485.561 393.934
-37.911 25.687
704.512 -298.11
-490.125 585.007
5.885 3.607
-540.479 -582.618
-444.359 658.475
43.001 -149.139
661.67 -413.135
734.313 -146.548
-472.582 -584.635
460.979 480.561
-389.916 655.075
-86.198 -91.496
563.48 466.274
533.272 625.202
484.414 423.645
-477.074 -583.016
505.697 502.917
-51.514 -66.346
80.396 -27.866
737.515 -330.561
23.263 84.249
-412.854 615.578
-501.27 578.712
54.395 -89.362
-381.547 604.42
462.994 487.257
-290.579 742.945
636.398 -326.868
-679.977 -474.416
47.348 -96.084
-57.364 46.635
-466.107 562.936
-643.294 -457.357
0.847 77.055
-343.601 620.875
-458.624 -571.238
-1.799 -28.944
-172.964 3.395
702.504 -233.973
31.669 80.223
22.775 96.474
-412.25 -363.825
-502.335 -456.39
693.167 -440.259
-329.992 -602.906
22.063 70.082
828.968 -326.197
-83.737 -50.195
901.348 -246.731
862.578 -273.147
84.844 92.697
641.341 -286.534
-440.136 498.823
-492.853 598.282
-521.779 661.071
806.173 -212.552
755.215 -260.682
-482.271 -467.985
-382.823 -500.947
470.637 485.189
-19.772 77.872
666.894 599.7
-51.354 103.528
-514.838 -538.994
31.301 -15.323
39.824 72.667
-280.852 607.019
-437.965 -580.913
415.643 457.49
506.953 566.989
50.297 199.647
-17.673 81.06
-503.487 -548.371
-352.819 475.702
-2.316 -224.448
586.315 -193.999
676.934 -214.938
700.136 394.476
571.852 -315.663
-283.962 566.59
-268.459 525.668
611.633 -351.484
-188.511 -38.075
558.702 614.734
-467.04 -421.142
-380.121 682.813
335.919 537.29
37.856 4.84
69.907 159.693
-310.588 569.473
-427.008 635.952
-570.902 -506.534
-265.238 602.385
701.506 -420.679
-239.548 567.942
526.815 456.671
-464.239 -481.187
-368.299 596.286
-558.743 -455.006
-352.663 -441.934
-361.001 -525.552
460.571 408.594
655.826 -319.78
606.527 396.511
-458.814 -534.364
589.153 532.23
17.34 -4.917
-378.957 557.381
17.812 33.19
-572.078 539.62
-394.363 568.037
644.244 -322.888
764.127 -330.57
-472.088 -495.131
512.567 591.72
568.872 430.162
147.488 5.669
-5.052 73.87
-398.465 465.907
687.524 -233.703
511.716 463.192
492.702 680.033
486.704 440.983
-337.532 556.327
-435.167 -615.109
-526.972 -516.53
621.164 435.453
35.046 -77.772
-606.353 -427.9
-551.481 -403.81
-391.19 434.944
-472.152 -359.588
-441.011 655.259
479.958 504.684
-155.534 113.191
481.549 465.294
-29.251 3.332
653.159 -288.774
-458.17 -606.697
-46.803 -52.706
275.313 557.064
-8.603 17.061
761.48 -137.395
652.372 -269.143
-91.874 -9.656
-39.268 25.473
-448.248 559.284
586.112 -338.163
-441.864 619.554
-464.786 565.393
754.905 -198.518
460.444 467.841
586.412 490.03
-241.227 626.212
520.641 514.924
695.98 -437.792
471.975 462.118
-61.685 17.365
730.88 -303.338
474.452 596.963
-460.724 753.375
-508.496 -581.064
-475.187 564.769
539.067 665.297
-460.145 558.691
120.801 -134.365
480.716 483.039
-426.816 534.096
-370.247 -527.044
533.652 386.263
-441.903 -427.78
837.345 -296.575
41.513 187.926
-454.821 650.194
385.312 446.902
-507.066 -426.247
673.507 -189.65
-567.563 -549.295
553.57 575.113
-393.336 482.728
683.442 -292.593
516.833 -269.354
486.885 550.543
519.694 589.919
597.587 -146.194
-319.705 613.973
711.745 -286.905
401.344 402.534
-505.097 -494.233
-438.353 508.362
-36.786 17.783
-365.554 604.89
64.218 -22.381
-528.049 -526.001
554.618 481.524
-553.083 -368.912
-415.648 581.056
-54.103 -45.169
-399.143 787.224
-371.022 494.663
-475.921 619.964
702.324 -338.326
-659.331 -565.63
-293.502 553.639
-453.691 643.576
556.789 716.233
184.719 53.045
-531.894 637.032
-449.905 -557.678
-648.183 -483.9
-90.032 -5.008
-373.879 666.3
485.948 568.784
510.888 -331.615
-624.657 -375.804
-426.935 471.101
-386.395 600.381
-107.108 -24.79
-245.215 560.415
-12.314 -26.624
616.474 503.168
612.266 471.136
431.71 609.673
682.615 -268.378
-276.955 645.151
-136.321 56.534
765.439 -397.306
-359.026 616.568
55.675 -89.373
463.451 428.395
-559.263 -630.058
543.18 439.575
466.304 609.922
-483.581 -503.523
612.703 -215.144
-527.368 -476.514
682.078 -249.534
351.738 456.45
533.075 486.393
-438.566 619.764
96.559 -48.671
-487.376 562.702
605.735 -209.957
-508.167 -379.904
11.749 -65.137
692.761 -263.16
-260.076 458.868
729.878 -171.327
-516.169 747.828
-482.05 -551.771
86.979 -36.599
42.232 -13.214
-534.162 -571.342
46.844 17.804
-428.357 648.538
496.453 468.71
815.295 -366.156
604.858 -287.09
39.971 -71.65
-554.886 675.695
602.031 -325.761
-51.165 -47.378
-529.989 -582.887
699.073 -165.959
-9.247 31.454
35.417 -35.655
-483.99 736.297
735.99 -307.13
474.692 420.184
493.778 437.93
-684.909 -414.311
-559.049 -417.476
-394.035 660.003
-342.611 641.973
-369.099 447.595
-356.815 625.179
595.05 453.874
731.831 -249.058
659.787 -237.611
-15.483 107.797
-93.632 48.907
518.407 152.148
53.87 59.135
461.322 544.382
623.304 466.599
-19.903 -15.4
-548.95 -381.395
-402.452 -409.719
475.365 505.495
-138.847 -89.655
489.7 526.13
-436.91 -418.015
660.483 -229.436
517.939 519.138
195.071 31.473
764.997 -420.35
92.494 48.636
135.558 -17.027
-624.607 -472.692
-78.367 -60.455
596.575 -398.016
759.276 -235.005
-471.045 455.307
-409.073 -601.978
533.773 601.61
-400.109 561.699
694.268 525.951
-86.375 49.796
16.515 40.46
809.103 -290.01
-52.793 -93.907
472.842 571.332
579.209 522.414
-60.577 -192.956
494.871 461.064
754.839 -201.507
-485.892 581.1
569.147 361.404
-430.844 -529.966
697.49 -418.532
760.114 -379.844
592.596 -332.998
-639.473 -451.095
649.321 -319.716
105.917 -68.015
561.462 456.092
-375.908 612.956
571.789 584.617
460.008 464.528
784.025 -275.302
-353.576 736.831
452.579 509.738
411.926 553.797
708.846 -264.123
733.11 -290.878
-401.949 -509.038
631.072 -324.104
584.726 -240.083
2.738 -25.564
5.469 -91.275
733.75 -393.366
-424.422 -507.507
-426.541 642.447
624.566 -177.282
-308.66 614.524
-327.648 719.909
445.697 592.493
-387.942 646.185
-358.581 793.806
452.445 553.714
464.68 431.735
-426.766 489.584
643.496 -167.906
616.002 -201.743
31.746 -33.959
-234.181 455.498
-10.503 78.009
114.25 -1.965
-370.88 638.48
397.25 469.412
454.268 414.635
-555.355 637.81
-14.481 82.778
750.742 -256.371
32.587 -37.524
5.98 30.604
818.428 -310.013
664.584 525.065
466.955 631.041
-75.25 55.554
468.492 472.699
426.736 555.081
-431.296 -512.51
560.234 428.607
-49.909 27.469
-571.101 -595.88
428.535 619.544
642.756 -319.838
-459.501 626.03
695.396 -320.022
-354.605 557.536
-428.655 -476.835
551.196 -383.34
783.737 -416.927
144.279 128.078
449.738 580.384
-331.198 596.942
-42.558 -51.81
820.255 -185.75
762.538 -355.684
-329.9 639.974
-516.787 -481.69
-406.647 668.063
-501.727 679.803
507.028 -313.194
469.322 485.579
38.762 202.461
912.782 -225.896
419.706 469.479
486.346 542.694
499.23 564.401
72.38 -80.06
-274.245 732.279
-414.085 594.017
533.173 562.311
-495.184 -553.368
-465.581 -633.409
760.028 -218.776
-423.689 493.963
781.188 -272.038
593.226 -260.171
-15.909 -63.832
-442.052 -559.606
-3.822 -129.117
-353.664 515.033
683.945 -382.848
700.768 -362.2
417.591 326.007
395.087 547.665
-462.661 617.707
693.66 -120.369
575.265 539.661
731.686 -421.59
-468.821 -559.719
-552.076 -526.629
772.311 -102.356
-516.912 522.304
706.605 -405.934
-499.308 -479.605
597.23 -229.764
-488.863 628.201
-121.491 75.541
-385.362 649.896
493.808 -291.649
159.577 15.075
406.627 551.095
-546.134 -462.736
-148.669 -13.5
-104.404 -36.895
-411.597 577.486
-462.778 -521.255
-378.725 -465.262
-481.39 -576.042
-539.826 -619.578
-125.58 -11.562
539.619 488.504
531.274 486.18
81.763 0.755
697.889 563.659
647.966 -232.132
-492.403 423.584
-438.523 451.55
-328.403 -581.95
-347.983 -431.64
826.681 -334.996
-334.339 542.161
449.836 503.6
-345.806 -569.233
-579.072 -272.11
-417.113 478.538
513.454 560.624
744.797 -364.62
-405.803 713.415
-53.502 -116.343
-389.245 661.031
-537.128 -567.852
57.551 48.932
-23.667 -38.004
-440.11 -570.293
481.114 470.288
-386.13 708.69
622.693 -379.91
-370.418 574.258
-506.673 -528.152
606.322 -459.339
-277.762 -525.102
805.279 -355.933
550.924 463.553
-369.862 670.155
542.884 591.409
757.991 -297.456
801.006 -230.398
-606.41 -505.618
473.58 378.197
650.725 -162.036
-368.606 493.433
-414.933 641.283
-379.288 -504.847
552.163 468.034
481.321 510.552
-492.543 593.282
-555.784 -313.305
540.29 492.083
760.378 -238.385
47.302 -20.948
430.841 368.411
62.8 55.33
-554.287 -563.787
-586.942 -416.609
4.2 -53.034
-306.339 595.055
-435.701 -572.795
864.559 -229.274
-583.585 -598.446
-588.294 -496.039
-451.769 -455.018
432.312 632.841
-14.504 42.524
-33.064 10.749
-67.193 -143.373
-48.566 -5.187
-510.547 -465.664
553.868 531.19
-3.534 10.469
6.496 -72.621
-340.033 681.635
458.25 463.463
-420.478 603.118
389.737 402.125
722.277 -319.289
424.416 468.813
-343.658 678.442
495.348 515.782
504.806 410.387
-649.758 526.81
675.205 -309.156
476.052 358.802
-354.874 -674.369
536.68 472.732
693.525 -201.38
57.265 -137.902
129.624 -231.444
-166.956 85.097
-445.973 -558.84
486.238 470.914
-387.277 548.232
32.278 61.616
-297.137 730.398
-194.55 27.353
-586.595 -461.402
721.706 -444.174
100.548 43.563
-88.622 118.081
-31.202 104.508
-557.448 -630.793
575.045 578.296
-534.727 -514.765
-617.329 -565.372
-583.124 -531.226
-344.163 604.125
412.076 380.364
-53.221 -47.278
-43.495 254.076
65.582 83.121
816.124 -195.393
-518.973 -590.923
421.43 469.725
720.967 -278.941
674.789 -302.761
-324.495 639.67
-568.517 -419.353
40.942 77.471
164.169 -125.453
261.395 646.822
-535.209 -531.606
-46.328 -23.937
396.823 460.012
-31.171 57.358
-405.605 604.936
526.044 326.511
-409.053 602.279
-60.094 -110.316
686.935 -211.015
-470.849 -449.642
682.174 -397.38
437.733 444.875
577.609 -384.858
-360.627 635.416
428.679 554.387
-438.17 -532.752
354.511 550.906
-361.39 664.627
400.396 546.328
468.102 440.975
399.706 474.285
-563.778 568.942
-22.661 -79.485
554.142 -418.512
-134.657 -0.271
-434.455 504.314
-132.085 89.325
-392.489 -483.215
-316.54 521.879
746.663 514.151
569.329 521.836
-429.012 647.24
734.237 -164.252
-104.291 -36.887
537.283 584.644
494.473 429.981
-16.846 -1.475
32.6 -106.003
564.653 443.762
786.482 -442.573
563.624 370.272
-497.818 -527.43
60.459 -6.66
670.848 -283.398
473.478 398.618
-114.632 3.439
449.562 431.558
-535.337 534.236
775.97 -205.695
771.362 -129.584
-115.172 37.114
-464.553 672.798
744.184 -197.188
671.611 -395.765
-404.392 718.768
677.582 -277.803
-529.131 -648.614
807.41 -371.889
79.013 -35.517
533.811 439.902
-403.095 -527.779
637.39 -311.012
-426.471 -589.082
-353.622 643.179
191.244 -26.328
484.26 504.255
45.884 59.974
720.649 -306.071
-601.305 -475.495
452.111 491.436
94.617 -60.675
-524.899 -420.575
435.076 687.805
475.823 425.444
745.246 -348.1
-492.1 -729.0
-663.398 -573.091
-30.547 7.623
-41.981 196.078
-333.2 655.322
25.361 5.402
524.0 536.149
-76.214 -108.647
759.095 -106.776
-400.601 711.45
-167.336 -82.791
567.718 486.912
642.961 -376.35
675.268 -334.794
500.807 483.075
-431.952 755.415
-492.96 709.591
377.066 463.738
-511.302 -468.757
-40.993 19.955
-404.402 571.523
-550.068 -564.568
-399.322 -488.51
-295.691 538.424
-462.553 -593.002
-430.418 700.598
-478.043 -495.238
-597.948 452.658
-576.984 -631.86
653.957 -261.891
601.545 -199.134
807.216 -341.782
449.847 522.309
-364.519 594.471
-478.658 -363.906
608.634 394.74
505.16 411.65
445.038 399.008
-436.125 -597.895
-417.225 497.746
-333.632 541.389
-456.268 721.009
-494.352 533.751
-493.258 -449.705
-489.814 -463.655
-265.747 490.38
-286.949 534.8
-466.717 -458.377
555.807 477.118
-580.855 -527.437
749.512 -248.01
-445.432 -640.009
-467.901 -571.123
56.463 160.913
658.057 -277.497
34.264 21.375
344.141 452.192
397.832 442.579
544.587 517.128
788.178 -253.844
-474.494 502.639
606.232 -307.154
525.954 524.616
122.772 -68.31
640.504 -342.774
-343.334 503.133
744.083 -193.13
477.101 487.375
-491.093 565.467
-400.524 -539.723
514.003 446.413
-259.032 576.023
535.972 386.482
576.234 541.215
733.125 -195.957
-434.024 709.261
-107.728 -53.785
814.607 -240.581
-443.783 -498.954
-591.772 -434.863
718.491 -207.174
-450.36 606.559
-312.216 485.521
-407.263 657.144
544.278 -223.74
25.283 -13.726
590.022 -166.761
753.585 524.049
598.266 -202.059
500.637 378.996
-344.36 600.973
565.963 590.301
378.148 488.238
711.999 -304.363
697.236 -185.728
641.759 -346.769
510.493 516.676
-393.482 627.044
731.193 -339.267
-91.346 47.275
-323.519 576.696
773.551 -241.717
2.937 9.513
-417.682 738.643
421.286 455.459
547.317 -286.839
-318.085 536.006
-427.393 677.686
757.51 -396.489
-549.444 -466.383
-21.492 66.267
-390.913 -536.198
41.651 53.655
610.411 -300.71
480.688 540.195
708.552 552.276
-505.289 -483.344
-397.218 -565.74
-568.725 -406.447
650.292 -386.647
652.086 -229.311
-437.432 -632.057
-60.234 -53.844
-335.545 658.294
668.618 -426.972
-546.125 -602.718
-491.268 579.209
672.279 -270.285
-38.196 23.756
-686.742 -545.583
41.109 12.147
504.896 313.604
-427.049 -461.301
-355.864 528.549
760.039 -346.656
-654.933 -426.698
699.486 -201.448
449.972 538.161
-467.278 -525.117
603.855 -312.703
-545.819 -596.359
20.11 -45.283
-282.358 653.914
124.149 131.257
532.864 480.079
-59.182 -66.818
851.304 -299.513
-417.618 -526.419
-342.101 682.157
-326.037 688.919
743.491 -277.056
-408.47 664.925
625.259 404.354
564.226 449.68
45.939 -89.017
-475.831 -489.758
66.963 -55.873
-330.939 511.615
-359.11 658.641
739.434 -341.558
515.652 459.034
-396.733 -455.462
61.698 -25.564
522.762 576.068
642.968 -279.356
-337.116 635.975
-389.476 583.678
-64.049 -40.53
-434.704 657.387
73.842 55.95
663.418 -465.023
-424.178 585.758
-359.616 -565.135
-547.945 -599.299
-375.989 870.78
-442.685 -670.033
550.538 565.092
699.633 -226.005
511.931 307.177
-671.086 -469.743
563.083 -343.775
-535.235 -476.444
-6.188 -39.789
658.964 -385.752
768.666 -334.295
-522.708 -534.011
-372.423 607.114
429.244 450.499
549.396 545.355
825.097 -337.588
-397.313 -361.01
-344.475 469.544
439.416 531.653
-535.209 -616.335
23.07 36.27
16.024 -26.463
-320.199 -518.106
-363.667 514.342
-69.103 -6.289
595.975 509.611
-62.587 -14.737
-389.575 513.914
362.74 466.866
531.753 -223.139
-558.092 -376.399
-501.015 -465.899
-426.643 -538.153
-293.295 681.968
-95.557 -99.318
-11.63 61.099
46.981 57.968
704.902 -225.088
-465.299 437.735
857.867 -412.747
-526.725 -489.751
-521.502 -455.788
-14.593 42.406
366.426 528.758
-359.574 580.197
-401.477 601.999
-578.258 -528.649
-455.652 -383.562
646.278 -310.574
15.467 55.152
409.189 661.528
-517.623 681.415
451.522 579.694
-38.068 65.934
469.22 619.863
599.952 -339.215
692.552 -233.516
654.186 -259.298
-451.155 -474.699
-370.761 690.112
-27.817 109.217
749.181 -265.388
-271.17 488.448
510.657 566.39
-430.05 -498.539
683.721 -363.058
760.904 -161.647
-419.506 615.472
-530.179 -440.201
718.031 -267.304
-45.846 50.803
-316.865 571.346
-325.017 849.116
-122.585 -13.868
-392.155 584.854
-512.623 -644.404
369.707 400.322
-59.689 -62.332
-444.567 -477.75
708.565 -315.575
533.325 537.42
-518.515 510.249
43.819 -5.006
599.592 574.131
489.344 476.692
-412.579 693.684
-306.551 710.593
-110.18 -94.259
754.723 -341.434
-414.221 688.489
-340.923 685.329
-514.819 -379.542
616.98 455.562
613.323 517.615
-434.036 -600.517
-19.752 -112.756
361.892 492.179
422.469 538.377
-320.948 521.114
-19.56 175.511
661.725 -314.278
-187.86 528.77
-369.68 582.281
386.995 516.341
-548.482 -398.498
621.669 -301.469
495.106 640.502
783.333 -244.583
525.385 450.91
85.528 196.64
-117.713 55.863
-372.609 -474.201
-443.831 527.772
656.33 -428.263
-659.942 -481.898
-13.081 14.089
767.487 -272.669
-8.63 90.576
-568.842 -644.315
359.093 393.915
-497.077 -429.64
-374.134 -516.728
681.281 -388.255
567.175 482.6
781.426 -265.172
-367.49 541.298
94.18 14.876
858.898 -288.845
-536.118 -543.171
-446.646 645.747
-531.081 661.92
-480.367 539.762
-612.747 625.965
618.61 471.437
-563.316 -517.026
73.882 -3.026
550.88 446.199
790.858 -295.824
169.993 -64.005
551.762 609.994
439.003 402.968
621.644 582.098
67.41 -96.28
-235.279 654.485
-533.177 -557.857
-449.703 430.776
-316.087 -408.091
-433.499 -594.151
7.068 -170.227
448.002 665.278
-27.098 151.073
-36.406 -20.212
747.837 -341.557
482.409 506.965
-450.098 777.97
416.546 579.247
501.191 504.223
-607.734 -537.93
-475.25 -577.733
-297.434 733.801
-530.035 -550.334
-466.205 -532.439
626.562 -175.979
76.906 8.882
-295.198 666.857
55.026 57.186
502.673 525.096
478.0 596.329
45.626 -19.962
515.405 449.49
-493.782 -385.259
-517.895 521.316
-67.459 79.568
-584.896 -478.116
-15.443 49.51
-534.859 -449.99
635.764 451.318
-522.451 -380.404
-237.354 486.299
631.453 450.465
-441.474 -580.669
-292.044 643.409
-100.337 74.637
86.267 62.058
667.829 -262.023
505.86 509.998
-512.754 -300.905
-438.919 698.943
360.797 555.309
-438.212 619.669
647.0 -375.363
-10.367 -79.634
97.953 -59.225
438.297 514.281
515.762 428.547
5.208 -49.837
-586.443 -583.766
80.951 -99.311
-492.709 571.097
-277.921 611.096
732.28 -312.08
-384.964 633.236
635.463 606.588
614.073 -420.428
-427.802 497.553
-540.481 398.109
517.284 422.96
38.082 -104.274
-47.045 -20.531
659.982 -199.814
4.798 16.289
-170.38 70.862
683.328 -229.456
-525.173 -577.536
-430.004 679.089
-0.427 -96.267
-471.061 -523.634
116.165 19.467
15.556 80.702
563.465 419.849
-4.512 -16.648
291.138 529.036
86.132 -78.141
661.104 -212.167
652.694 -255.481
-75.105 119.629
665.797 -308.521
-257.313 498.042
-101.52 63.764
52.99 -31.443
556.835 501.318
-524.802 607.783
617.748 597.016
-41.237 -43.776
-453.569 -479.672
-373.468 579.537
-622.409 -489.897
-36.254 -11.465
-481.893 498.278
-487.567 -506.332
595.778 -334.511
-480.131 -397.045
631.579 423.857
-365.865 581.723
880.031 -440.303
671.987 -297.063
628.721 -328.369
-436.886 660.819
831.957 -244.786
-335.386 659.921
-528.159 677.665
-244.571 511.918
654.234 -273.668
-484.556 -503.546
410.559 508.568
-421.662 -483.344
-430.51 774.547
-521.797 -637.409
75.14 -50.911
-516.833 -475.119
565.58 329.935
502.733 503.429
-502.003 -438.505
-484.85 -581.179
489.354 439.384
-514.969 -627.54
677.378 520.764
786.27 -449.187
534.539 642.356
-507.502 -526.801
472.616 533.121
-425.084 -416.278
107.457 0.52
-500.67 520.95
665.694 -164.763
-45.759 -25.063
690.273 -239.048
575.193 -410.32
17.141 68.942
-386.209 530.792
461.486 643.015
422.713 609.54
-486.316 -539.786
403.81 311.633
57.647 4.424
-402.523 724.861
-364.968 575.114
-515.503 -571.919
-372.02 536.612
11.525 18.693
-378.768 647.445
-618.116 -550.152
672.091 -312.177
89.364 -17.759
20.71 -121.739
724.724 -297.37
506.869 557.515
749.605 -226.236
-367.844 491.633
-474.405 -582.131
-297.376 661.237
-412.117 634.029
-403.113 -482.353
-255.434 574.447
-322.271 656.45
-460.037 -506.618
-257.373 568.597
-100.875 -11.333
562.046 479.822
-374.673 -684.319
-2.941 -104.217
-73.321 -238.904
-444.901 651.273
-577.152 -628.525
723.817 -250.448
358.108 483.015
505.753 457.196
-112.519 -135.179
15.258 -101.742
-540.368 -555.459
-528.549 -584.961
-46.558 13.983
860.12 -438.752
-58.764 -69.859
892.216 -323.669
662.874 -357.706
-588.499 -590.809
-521.177 -471.886
30.083 -39.759
738.619 -449.934
440.02 466.698
-70.084 119.975
748.42 -274.361
-366.45 656.474
-75.316 41.708
-432.189 524.708
635.737 -414.394
-148.959 -74.908
697.518 -313.683
697.618 -256.147
515.201 473.354
-347.586 636.193
-416.74 711.055
-300.291 645.187
-42.365 -8.408
-566.632 -461.603
-423.836 -588.24
-329.027 507.214
-519.153 571.085
46.181 54.121
-16.691 -46.076
519.485 480.84
670.374 -263.731
445.841 495.037
722.593 -449.433
764.802 -271.135
-8.634 -8.469
155.129 -50.498
725.565 -500.451
-485.725 -622.503
-435.416 -422.64
586.815 529.562
-321.299 638.15
617.418 -331.923
-305.719 583.46
549.53 558.468
-440.827 552.874
-494.801 -576.255
582.929 418.119
82.096 46.624
571.452 602.058
-477.756 -519.791
-307.716 498.051
-418.276 565.747
193.032 -131.276
-80.965 -72.229
-456.434 763.887
-0.01 -13.305
-534.735 499.352
-429.155 528.382
360.868 546.532
553.899 491.677
673.147 -400.808
608.219 -295.185
550.192 597.631
-412.256 536.137
-554.445 -464.336
-452.075 410.631
-113.993 10.966
23.011 81.292
-118.387 128.915
63.249 89.043
403.918 535.115
36.226 -30.163
-564.331 639.909
759.728 -218.454
584.187 -175.322
-420.115 -506.262
-466.536 -485.458
788.718 -335.489
-608.313 -353.988
616.806 -357.46
-539.872 -589.74
-584.788 -623.954
582.268 474.926
-72.841 -103.455
791.72 -371.665
45.002 78.97
-513.407 -722.398
-545.792 -502.777
-336.206 537.308
-398.646 616.623
799.719 -288.693
-102.592 569.18
-403.264 489.344
-502.418 644.245
120.815 -98.338
-441.227 -475.478
446.835 491.463
-397.085 610.191
26.595 -61.037
-104.248 37.421
-490.24 714.809
689.062 -390.177
32.279 -28.726
673.326 -412.303
430.613 623.359
-406.63 -587.764
694.04 -241.088
-398.224 661.639
678.927 -258.284
55.911 -89.922
-393.48 530.292
35.841 -42.955
647.171 -339.04
-388.356 661.038
-460.295 671.858
77.908 -179.151
-627.589 -604.831
-458.744 -527.928
15.425 94.743
723.677 528.67
582.967 -362.323
-604.064 511.827
-373.951 671.211
-430.289 837.016
-431.884 635.113
-526.491 673.748
517.69 442.414
-351.326 -548.567
10.749 -3.396
-637.148 -456.261
-419.98 -629.464
-500.854 -552.818
-622.408 -511.142
1022.807 -218.215
18.96 -9.519
-405.35 -442.208
-490.9 -535.053
-383.906 613.713
-77.963 -57.229
-381.845 573.411
18.15 65.669
-501.279 -457.535
-22.87 87.505
528.661 426.076
788.761 -378.788
122.233 -32.763
687.718 -261.132
-508.405 -475.545
-530.353 529.719
-382.029 625.997
814.677 -125.134
513.677 378.889
-379.533 596.651
-482.645 -417.849
-389.374 732.769
614.84 390.646
-446.959 562.638
729.789 -161.65
644.296 -232.903
-63.302 7.492
525.76 555.091
-475.978 -578.455
-598.99 -539.045
-588.6 -565.982
348.272 471.674
56.523 45.199
667.402 -178.766
738.325 -363.095
-349.631 526.276
772.659 -382.021
713.151 -286.225
-446.53 -493.314
136.459 -51.725
14.158 -23.217
565.87 369.174
638.061 -460.861
-233.819 673.596
-359.364 585.857
-478.493 583.339
-319.948 -481.523
-474.475 733.44
-374.684 593.259
359.725 425.404
-616.984 -563.03
418.432 626.957
-35.308 42.634
-177.572 -12.452
-486.747 -563.583
559.587 546.217
682.759 521.14
-398.286 -584.419
499.781 641.119
-281.111 597.502
-305.588 559.651
-442.057 628.518
569.303 555.212
-141.403 90.827
156.616 -63.73
-394.407 -715.763
-604.18 -379.682
642.752 525.121
-57.148 105.035
-450.057 701.735
433.144 603.935
77.056 109.298
-489.415 -419.475
766.734 -283.154
680.584 -240.332
-475.28 -417.475
-527.018 -630.482
-466.874 676.237
40.401 58.663
4.545 -93.826
-394.082 577.403
547.214 504.516
-563.376 -527.044
654.722 -378.122
-266.6 698.456
-395.236 618.279
746.048 -263.926
-388.883 659.653
105.424 77.9
-487.911 668.984
740.009 -319.887
-485.794 561.164
-273.003 616.939
-338.528 591.824
563.948 454.195
-407.566 695.809
-400.301 571.812
-642.331 -557.119
-391.215 444.654
-363.017 684.897
-369.019 -586.333
-438.831 705.174
-43.677 71.277
-509.474 584.168
457.337 565.168
-464.518 -529.819
-325.365 477.577
-254.98 724.446
-353.063 709.5
759.795 -382.485
734.577 -351.78
827.909 -359.658
-436.41 -674.569
873.863 -413.733
-364.38 616.563
-540.803 -552.357
-273.817 659.54
484.564 629.085
-38.93 -38.729
-579.684 -516.595
2.902 31.469
468.924 510.865
-398.017 565.439
497.641 512.668
-398.354 391.522
-560.475 -549.456
714.229 -314.306
30.874 31.188
178.134 13.005
0.74 16.698
624.092 -307.462
726.234 -239.644
561.491 576.835
502.847 420.727
648.845 453.878
757.735 -351.874
61.528 -1.815
442.055 724.738
-532.506 -458.406
691.185 -352.264
590.524 -379.684
612.396 522.642
-382.019 613.899
-449.056 -484.08
728.533 -220.013
582.051 461.191
59.146 -16.054
-598.56 -500.768
580.238 510.839
-46.404 -86.398
-63.724 -31.391
11.057 -163.417
-484.401 -444.803
587.461 -201.27
862.065 -185.316
-445.465 -493.922
579.512 -179.794
-477.222 -346.836
-457.768 558.065
498.279 472.476
563.711 -332.916
-19.909 -6.372
488.974 371.766
-38.978 25.357
-450.864 483.598
-545.427 -524.077
-432.058 -405.302
782.348 -335.285
-363.658 -649.374
-523.793 -408.156
817.597 -207.84
685.301 -328.244
-544.295 -549.693
2.964 -130.299
-5.342 65.081
-347.195 527.888
12.035 -155.676
-404.028 690.404
634.091 -209.856
-355.25 632.236
-391.502 622.981
518.07 356.561
-445.253 -456.917
-404.343 570.026
-508.403 -524.94
668.078 -316.283
-50.008 65.379
-472.897 -409.765
431.396 429.605
23.369 64.267
-131.717 50.774
499.811 490.598
41.471 138.604
-412.991 521.525
-314.971 591.473
-440.72 499.257
-25.586 13.396
571.37 -435.002
-4.601 108.908
628.279 -308.741
750.358 -281.921
-602.491 -412.836
714.622 -449.432
-73.975 69.179
-30.208 42.668
-416.687 674.373
356.361 518.615
670.517 -517.526
4.451 -5.001
-417.655 -498.795
44.446 -102.323
671.845 510.428
-428.885 -409.173
-537.439 -577.705
23.888 116.582
488.373 569.931
-429.615 -548.906
-465.14 664.095
-443.432 -496.072
491.123 589.475
824.261 -228.827
754.993 -297.053
-314.942 552.641
-500.705 689.338
433.993 296.725
693.953 -301.583
763.933 -319.557
-489.912 -432.768
680.14 -279.517
551.397 435.831
710.472 -131.484
577.57 380.629
-442.624 -523.316
715.811 -345.833
624.005 564.25
467.946 405.226
633.785 -454.377
-409.286 664.082
-583.62 -508.16
661.275 -281.475
215.297 -147.199
-475.805 489.537
-99.413 -78.15
-396.267 543.595
-119.96 -6.543
-4.781 -19.103
-335.6 547.509
599.98 -287.064
-272.255 682.171
-105.948 29.656
-302.507 647.438
652.978 515.432
-345.289 795.319
-575.155 -377.936
608.662 -69.577
645.781 -458.095
-74.204 62.658
-453.35 813.5
-569.001 594.719
-321.118 637.26
-293.072 547.474
-311.846 715.281
28.305 145.565
442.898 491.459
-345.093 573.44
757.072 -327.995
401.221 582.207
680.148 542.368
-387.699 -518.843
-550.424 -451.164
588.298 532.396
656.556 -359.13
36.699 29.003
716.631 -345.784
-3.681 -91.153
-50.134 -89.503
516.637 449.602
665.726 -130.977
-297.417 -413.795
-91.848 39.923
-555.123 -474.864
-49.219 6.82
-436.672 821.119
-430.177 723.273
761.818 -432.018
-448.252 501.845
677.488 -183.675
-50.247 -10.256
639.748 -299.288
816.038 -338.23
-458.995 640.977
425.68 444.265
498.271 494.727
128.797 122.124
-50.103 7.703
666.477 -206.424
676.154 -386.511
545.511 471.872
8.094 111.379
840.68 -452.841
-148.38 -5.833
552.987 -417.68
-539.028 -550.061
-482.468 -525.429
-55.016 -31.882
746.446 -164.061
-507.251 -555.563
825.844 -209.947
672.139 -301.298
-43.056 -69.192
-559.702 -468.76
-320.212 574.75
416.337 456.006
691.122 -380.423
17.146 -87.608
-503.264 -509.365
-408.131 563.685
-36.077 50.953
678.973 -219.267
675.309 -387.13
-492.728 -499.433
-123.458 64.707
-421.02 -603.882
498.176 496.323
-549.286 -477.866
-250.913 622.724
140.703 72.38
-590.937 -445.826
-457.24 -551.863
55.494 1.82
761.519 -332.546
-360.108 634.69
512.061 -315.871
-21.866 0.778
728.072 -370.427
-462.767 715.319
415.784 527.596
378.06 430.397
-473.275 646.577
734.79 -261.676
-773.553 -467.781
624.61 -387.393
21.969 120.082
-58.631 -48.148
70.597 21.045
845.122 -147.691
-457.511 674.657
528.155 416.005
581.497 467.192
26.314 27.605
714.465 -215.385
661.967 -199.969
-535.494 702.286
-320.789 542.238
51.081 -1.384
-626.55 -455.223
-473.075 -415.377
-402.422 678.532
-69.877 -70.79
-422.517 656.923
-599.519 -517.982
-420.633 -582.102
-459.882 519.017
-75.898 3.687
703.789 -294.49
736.064 -314.168
647.677 -440.117
-467.971 -509.983
37.853 69.335
-376.655 677.155
-392.917 -380.217
-518.847 -537.601
387.445 366.771
708.851 -237.872
155.667 -46.371
-586.638 -554.564
-406.748 563.764
-46.579 -5.733
652.115 -290.543
-464.897 650.106
-417.255 -438.006
-300.73 590.771
-542.375 -569.172
496.798 509.24
35.558 -120.87
143.38 -210.21
-334.017 637.008
-104.591 56.802
-61.764 -84.209
613.668 658.204
-47.437 27.223
-283.455 475.521
-84.99 -31.119
-577.237 -492.711
-19.927 -26.76
-506.805 -479.859
433.492 482.05
-121.921 -20.113
586.332 -351.548
-225.89 136.777
-555.128 -659.797
-338.924 671.823
617.496 -173.832
702.766 -370.704
-74.234 -36.928
611.26 -191.238
601.607 -271.944
-376.666 407.396
-1.001 105.854
578.823 -319.33
527.657 675.52
65.194 162.893
-58.109 90.677
849.418 -353.693
373.876 546.151
-21.988 94.894
-318.304 660.053
612.095 551.533
546.838 501.078
33.275 67.968
-61.015 -19.055
-528.27 -450.179
843.954 -370.885
529.789 447.804
-353.05 752.944
-543.596 -404.345
82.613 28.49
-488.134 -503.718
-576.834 -477.945
-65.683 -124.591
732.156 -283.345
680.862 -324.646
-184.827 -67.552
23.868 -138.553
-241.457 695.801
-583.503 606.035
-566.671 -514.086
-420.889 -593.686
565.57 -231.443
-579.565 514.693
-615.798 -514.584
-103.503 -31.261
-76.889 153.472
-523.718 -433.126
-413.856 539.886
-477.329 614.443
693.294 -445.296
154.24 76.358
-500.432 -402.985
601.206 -225.341
448.37 464.385
566.679 496.652
-316.705 -254.966
770.03 -226.066
84.888 25.321
-357.579 -457.003
-467.223 581.373
-472.142 -462.79
-135.774 56.645
694.151 -341.638
834.495 -398.692
766.985 -314.883
-473.718 671.285
-381.856 -536.012
738.051 -409.209
708.826 -222.018
657.982 -384.678
-484.005 -429.648
104.766 29.032
-19.85 -99.81
678.524 -285.755
96.805 -16.864
537.076 399.142
694.866 -163.772
196.904 92.651
-39.096 32.311
-445.224 548.377
20.096 180.692
-567.552 -490.124
545.579 418.33
3.784 -202.55
-451.214 630.331
-567.677 455.118
648.122 -440.648
65.915 35.384
-9.627 36.8
142.13 -150.747
-458.185 660.996
-459.925 531.279
549.055 634.375
-511.693 566.662
57.37 81.707
457.491 444.332
-550.939 -387.5
32.559 -7.003
-358.617 627.396
-645.483 -553.163
644.645 -381.772
616.881 -267.436
686.929 -289.538
696.723 -320.457
862.795 -390.643
-392.839 -547.344
-153.853 41.613
-301.599 587.356
-428.582 -533.36
-557.712 -530.712
-495.471 -537.618
-167.49 77.886
98.765 12.256
-436.091 648.801
-425.313 -559.421
-243.226 704.211
626.387 -440.409
-556.51 -546.923
458.938 425.478
-402.836 715.842
-566.156 -507.619
652.673 -194.246
-352.588 644.578
-404.038 694.076
-246.951 678.451
442.482 637.785
719.706 -340.514
548.731 505.905
-419.681 685.562
-536.696 -435.051
783.567 -208.919
-470.939 -440.296
-116.747 9.998
-271.625 667.451
95.516 -170.476
29.382 173.901
18.191 -70.05
556.703 456.353
774.705 -362.186
-416.522 539.457
-489.934 -444.26
74.809 31.072
-330.763 580.024
-541.871 -359.038
-543.16 -433.422
570.521 563.491
738.385 -328.775
-536.082 -575.686
-474.7 536.39
-256.555 670.247
-295.817 615.154
406.21 481.321
-415.282 631.468
524.736 429.654
448.675 503.047
866.962 -250.182
680.433 -250.667
-358.03 -653.312
637.201 -413.796
659.704 524.779
575.749 -238.057
550.196 601.95
-62.254 -52.8
759.396 -400.566
-558.627 -530.767
-330.547 606.971
526.21 369.446
592.597 -175.636
756.155 -231.005
-473.821 -567.298
-471.404 646.921
-0.045 101.504
-24.701 -28.385
49.985 -0.037
-543.824 -446.422
343.749 613.122
-472.944 651.094
-522.3 -508.156
-423.778 -426.217
2.773 -40.232
887.616 -372.911
-440.455 -472.878
671.81 -366.348
-457.913 -431.344
-32.632 -97.041
-19.226 -50.305
-452.777 482.96
-380.47 564.503
-642.982 -440.513
-552.627 -560.104
35.002 -73.217
-233.844 743.417
365.329 426.837
138.603 -59.519
519.648 397.533
619.592 -238.902
-216.902 30.071
-358.592 784.114
503.227 453.178
391.562 378.215
-484.249 -479.815
-464.184 689.876
-99.724 -53.049
-473.604 -395.491
490.541 657.434
-471.746 -572.671
-469.726 -553.881
-534.894 -363.59
678.811 -310.811
-14.506 -90.067
-430.125 -578.822
-406.057 -495.838
-482.405 -529.999
-489.711 -567.312
-506.396 -746.219
-44.001 -83.309
-61.424 -56.631
524.438 426.48
594.365 -177.122
459.778 518.342
578.097 546.712
-561.679 -531.822
783.44 -253.64
450.091 487.483
-385.703 775.577
608.861 587.438
15.28 89.25
-451.316 668.372
-485.053 -561.314
-317.867 590.961
589.891 493.798
602.883 -338.395
-87.863 78.066
-510.047 -459.967
28.432 -27.63
-450.399 -444.96
-8.772 79.527
-452.602 555.981
29.172 -1.177
91.466 -37.522
-486.08 609.625
-429.543 650.13
-488.589 624.43
510.701 418.557
458.094 559.691
560.848 551.856
-349.366 681.48
53.274 -47.81
-478.213 553.922
155.648 -96.059
137.046 -2.329
-14.879 -96.37
-428.65 560.705
-64.932 -88.167
511.495 456.851
-504.21 -499.016
-469.137 650.509
839.868 -292.241
130.876 -162.327
-586.588 -439.933
14.65 -88.481
424.238 444.431
553.081 482.582
-319.8 606.069
436.423 591.534
-428.714 578.943
388.008 591.329
507.292 510.7
-346.827 545.533
-367.683 455.927
166.189 -5.875
-483.645 571.395
-341.916 552.523
-408.304 -467.66
-64.246 -167.632
-463.212 -566.566
-400.73 585.907
-407.489 -514.983
742.972 -288.379
474.741 574.88
516.923 448.115
500.301 542.207
455.791 614.805
-16.335 23.584
-514.771 670.228
618.202 -297.203
678.98 494.728
-319.997 581.29
622.097 -380.821
634.745 612.17
735.435 -282.114
-363.759 639.476
616.906 400.179
-467.808 -474.196
598.888 473.326
813.3 -410.845
576.459 -519.642
-390.016 612.87
-112.966 -301.453
-448.502 732.368
750.918 -366.521
619.664 -381.468
787.597 -284.216
-558.769 554.319
-508.468 -464.95
618.332 567.566
634.549 584.901
622.584 -442.972
583.407 506.286
-591.019 -431.247
-404.352 582.976
-364.537 -482.183
-349.847 -519.057
425.512 455.212
-277.054 488.935
-430.962 -580.681
-362.983 585.867
-353.747 500.205
-495.066 563.723
821.948 -448.198
-539.442 -595.247
156.682 -48.114
502.384 470.392
748.231 -448.675
-513.189 -468.052
55.613 63.481
-468.49 -635.906
-482.477 -490.272
410.751 554.998
-579.112 -528.526
735.926 -378.993
571.277 -195.101
-554.654 674.768
-316.9 604.153
-530.862 -489.884
-425.292 576.439
-338.775 562.339
-48.652 51.888
-574.609 -407.909
-429.521 508.588
-20.24 -206.529
417.88 442.449
-387.414 605.81
-449.769 -448.196
784.411 -291.538
85.278 -132.783
-740.524 -447.767
532.35 543.275
597.095 -345.282
-636.287 -497.59
-636.646 -481.816
-541.619 549.454
-573.498 -518.476
39.728 -15.788
-564.106 -568.564
-422.445 649.614
145.435 42.881
-509.521 634.556
-423.184 -495.665
-506.729 476.341
86.981 -26.627
535.401 508.101
-450.651 -479.95
-582.012 -690.66
-396.597 -330.927
809.134 -287.601
-421.981 638.145
401.786 594.532
-386.858 -416.436
602.304 556.348
571.012 613.868
670.371 -422.899
647.486 687.114
699.98 -300.254
-456.891 652.973
-456.419 -428.609
380.653 601.999
-454.629 -348.024
-458.533 671.177
-250.216 552.049
-216.365 751.102
592.408 -355.005
-430.697 727.887
564.936 431.438
658.867 -385.029
-347.393 592.278
619.334 -250.799
36.724 10.411
-423.598 543.506
505.488 428.306
-520.605 -440.629
769.513 -271.085
-377.957 648.202
785.292 -278.179
-571.29 -545.673
637.303 -419.425
-371.594 562.214
-325.737 664.657
-509.148 589.718
802.942 -326.013
577.685 461.931
-67.715 -50.733
555.428 -150.182
610.851 -279.595
-424.46 717.077
561.507 447.78
807.541 -363.156
-286.581 539.035
56.348 -6.719
701.473 -278.96
-509.141 592.279
-371.536 581.716
-61.519 -61.959
511.01 525.148
549.373 460.328
548.574 602.179
661.903 -216.881
558.462 607.186
524.794 376.262
-493.465 -436.089
463.127 358.097
-520.662 -645.41
718.317 -347.528
507.779 -224.269
-51.531 30.258
526.662 -299.424
-518.515 -529.291
64.621 24.967
420.452 423.572
762.128 -365.09
-345.06 382.263
57.187 147.328
115.573 20.677
-10.81 24.587
-338.301 635.828
111.912 188.315
561.256 -347.938
-464.504 731.57
573.229 -213.949
-422.129 601.66
-104.011 -5.585
-452.332 567.327
-413.425 601.29
624.924 409.686
-258.713 789.172
-329.09 697.409
-468.166 -385.319
61.466 -15.954
-555.05 -495.129
-677.038 -553.525
-584.664 -410.443
-446.192 669.843
599.759 678.476
453.298 469.172
412.894 455.645
537.819 349.435
-543.547 -608.632
650.904 389.461
-464.585 645.449
-424.003 543.601
-616.479 -515.735
-29.957 -48.785
-501.513 660.563
693.013 -346.674
-554.945 -409.455
-64.634 213.612
497.286 424.978
501.386 561.859
407.478 367.557
120.473 -109.689
-441.718 580.191
807.853 -298.566
511.389 538.386
469.36 505.825
759.076 -294.513
-78.037 -20.562
-627.878 -531.003
521.761 535.869
-488.538 701.019
-516.893 -440.083
-542.99 -474.107
-568.039 -590.155
-3.227 -161.122
-449.905 450.548
-462.426 -474.123
541.948 571.92
-410.775 599.182
413.987 531.689
662.431 -370.742
685.306 -281.346
377.007 519.084
94.138 -127.353
-54.677 -23.645
-551.944 -502.15
77.271 7.565
-33.946 -100.058
339.949 529.238
822.262 -402.72
-488.4 -529.093
546.592 -55.368
-384.706 652.383
728.3 -361.228
115.649 -121.586
-565.476 580.531
-255.728 -479.328
389.611 443.544
-300.341 513.651
-98.707 -95.893
-617.486 -532.344
-348.014 599.479
794.997 -199.63
-379.83 643.584
49.446 -2.897
-296.628 552.282
58.423 27.739
714.155 -180.882
-3.413 -45.981
827.129 -521.496
575.942 430.407
-576.016 -290.972
-35.573 36.366
-525.843 -536.714
-453.211 526.893
-334.654 743.43
907.586 -199.135
451.618 388.457
705.45 -331.589
409.393 582.543
-547.664 -372.608
671.702 -311.727
-461.466 496.451
739.958 -395.033
-577.144 659.86
-71.492 38.766
-159.066 -26.779
-487.898 649.498
-599.963 -599.39
421.108 656.273
120.714 114.34
-438.467 -629.134
-388.818 752.918
-417.379 -413.439
643.219 -314.692
595.18 625.238
82.876 -77.154
750.253 -133.446
-42.817 31.992
-565.519 -438.499
-495.485 -449.763
-475.76 -474.275
-467.187 621.759
800.0 -170.415
625.859 424.895
-499.273 607.949
-385.913 429.383
-585.689 -380.485
482.733 340.487
577.258 -355.329
827.961 -268.148
791.853 -248.537
-474.407 -429.496
716.139 -221.818
619.2 -308.979
539.708 474.991
-557.254 -468.737
-74.165 202.1
-63.299 -3.693
48.621 0.221
688.998 -272.631
498.324 518.112
377.407 398.677
4.077 -7.372
-61.655 -20.532
760.895 -361.654
-361.792 691.267
-39.813 -40.75
421.639 540.292
-335.34 580.04
-362.195 735.203
-367.663 -532.443
426.046 458.75
-11.073 -51.825
-134.646 -62.855
-302.146 -411.354
349.009 417.983
-546.051 -506.98
812.616 -404.349
501.722 451.265
437.438 278.356
677.649 -215.381
-482.977 -577.012
-530.604 -607.129
-307.482 580.071
-486.749 -528.216
614.042 406.636
-338.502 669.958
12.983 17.491
-509.369 -462.556
132.468 -31.167
570.548 -375.616
-476.146 -518.916
479.874 544.981
-278.895 439.533
113.72 -98.848
622.174 545.394
465.264 451.34
666.176 -320.468
619.542 -330.193
660.67 -352.124
-326.418 653.309
-392.287 618.867
-405.335 508.614
526.983 620.951
745.399 521.976
-473.253 -417.45
646.259 -341.772
686.827 -363.975
461.657 480.434
-410.363 -457.87
397.963 522.799
574.205 -225.529
-414.5 564.481
-494.175 -465.289
464.399 420.845
432.936 657.679
485.699 414.314
-485.179 -494.586
575.376 731.609
57.152 3.326
22.373 -16.46
800.312 -282.069
-79.034 30.605
584.252 469.119
-407.064 -556.404
-528.28 -380.708
-530.543 -433.582
-497.453 -517.938
134.912 104.22
669.751 -231.704
-330.168 520.526
678.023 -248.444
459.829 476.819
585.631 -312.568
89.69 68.211
746.701 -243.566
149.92 -48.259
743.899 -215.31
-391.116 666.114
653.812 -137.557
-390.172 655.409
-348.243 532.969
-545.832 -464.177
476.268 677.038
-55.253 -19.96
428.946 -194.969
-29.815 -76.365
-64.621 -28.097
716.143 -278.347
-490.189 -427.403
-521.82 -458.123
478.208 555.85
-352.165 541.722
460.444 554.92
491.49 422.253
331.085 492.861
-470.466 -453.06
-581.848 -473.824
27.745 1.501
-539.864 -508.185
-429.965 -538.133
641.801 -333.092
93.052 -80.45
524.287 -352.278
466.511 331.18
40.273 -168.372
42.12 -78.195
-326.571 657.658
-501.409 -513.665
314.052 489.462
703.191 -242.699
608.555 -213.872
-34.374 160.262
842.225 -318.218
435.747 380.835
-20.776 -123.288
560.306 635.269
-480.293 -541.117
-621.621 -517.777
645.126 438.835
-427.343 571.829
81.165 -62.061
-345.463 669.124
-519.277 -396.599
20.713 -3.826
563.538 457.916
-530.83 -589.453
-305.205 587.512
506.175 562.98
487.875 -306.513
-193.806 -28.583
80.144 105.687
-486.148 -515.85
-337.61 -479.377
429.648 508.772
665.524 -229.832
776.153 -319.144
95.09 -79.885
-432.665 -506.685
670.024 -293.073
804.439 -352.78
592.718 452.831
11.641 -18.876
-473.148 572.067
-442.293 504.098
118.882 -24.506
-311.129 667.057
489.36 471.926
-321.099 553.962
743.25 -386.285
-379.528 -485.366
610.743 -363.2
-130.925 -135.282
-338.745 571.153
531.483 483.611
603.587 568.47
26.636 91.483
508.961 651.13
-449.12 -497.606
624.32 -179.252
-632.474 -558.907
-433.274 678.276
817.328 -406.073
18.845 -15.123
-197.021 60.512
73.424 67.275
85.411 87.642
62.39 -113.497
-74.363 5.943
440.953 499.267
-571.584 -520.747
782.717 -223.792
-394.153 651.111
-288.338 665.877
-586.354 -372.98
-115.506 1.84
573.068 -327.501
564.052 577.301
-404.424 618.568
-9.058 62.774
123.146 147.747
-528.587 -377.258
-471.962 690.349
-66.446 -60.449
-338.99 -550.38
-350.485 649.503
-340.29 497.765
-30.41 -263.113
-554.963 -489.99
554.511 -281.535
-15.79 61.691
-577.287 -543.295
-344.883 -604.312
-377.598 649.491
-10.819 77.539
-383.198 -435.122
528.77 474.983
669.227 -273.193
690.614 -314.304
-476.954 -418.02
-620.23 -459.52
410.858 592.179
766.404 -354.742
-531.234 -497.783
871.344 -192.328
-123.227 35.2
527.438 588.927
68.35 57.409
661.717 -341.401
-412.37 604.293
148.117 23.158
635.506 -185.285
-290.571 675.65
-404.343 538.822
-9.084 -33.059
-4.752 -6.194
-528.712 -433.354
-528.115 -334.54
523.787 547.212
12.947 -58.737
-366.536 584.011
775.478 -343.114
456.77 574.725
435.999 465.201
546.009 407.236
660.172 -220.063
-90.508 -68.486
-533.04 -584.271
672.806 -242.057
-407.419 801.063
687.312 -218.644
718.51 -389.663
566.227 616.137
54.75 110.857
-555.823 -406.704
-445.164 645.015
535.935 575.826
-354.146 555.135
-369.424 593.826
-547.681 -506.857
-495.337 -567.492
-346.098 767.892
212.388 -81.477
-442.528 -712.325
-462.082 616.528
-401.005 584.068
443.192 432.601
721.033 -270.256
-447.608 583.015
25.619 83.261
652.807 -333.893
-112.03 34.158
128.926 8.266
-553.551 -580.604
587.183 680.512
-467.56 -442.599
-541.633 -382.164
-339.483 639.961
-92.155 -19.308
507.193 451.158
-391.864 608.187
409.808 477.967
-534.7 -487.102
835.229 -289.112
-11.532 -157.062
-627.063 624.066
28.864 -1.205
-428.048 524.935
-313.653 397.038
461.565 500.076
757.336 -388.872
652.384 -300.614
109.988 101.297
-4.307 12.489
27.547 85.271
-350.503 672.628
667.396 -166.978
765.235 -272.662
-437.842 661.248
-624.012 -436.114
-450.356 679.09
-421.1 542.347
-87.413 -51.398
-498.18 -502.464
680.972 -438.588
-345.699 471.109
489.154 559.963
-521.456 483.675
505.92 435.548
585.542 541.553
429.523 635.469
856.731 -264.255
-50.538 -66.6
-627.172 -572.675
-449.743 504.037
-487.892 -561.089
650.233 495.571
463.024 541.91
430.367 512.367
-413.028 609.909
777.867 -311.955
-365.366 449.042
96.554 75.119
-459.907 -567.915
469.577 449.485
680.001 -320.483
-441.598 -400.03
478.97 578.849
460.476 550.944
21.846 68.433
339.044 413.539
23.58 -88.911
529.778 453.973
-519.131 -509.864
70.749 91.956
439.579 429.085
761.57 -203.553
-177.334 749.959
541.366 579.954
-441.421 488.727
-38.388 -32.19
-423.28 606.775
-497.161 -471.444
470.865 469.094
-349.085 -467.14
34.352 -58.882
-236.603 493.119
595.076 594.56
-94.511 40.666
570.964 613.806
801.882 -457.228
-538.373 -539.057
-510.489 589.71
-90.163 -17.364
547.284 384.457
598.274 -284.421
587.602 -294.362
432.484 609.008
-84.988 107.816
595.771 553.296
701.607 -324.924
-391.705 -536.022
658.561 -301.136
-521.032 588.56
539.618 567.879
806.58 -322.062
-531.09 -638.881
581.516 546.911
766.811 -395.467
-474.454 579.649
-20.933 147.296
-499.21 -531.754
-344.169 560.384
-412.532 539.922
-413.79 616.559
94.158 -240.243
-319.211 605.013
669.304 -316.293
-11.715 83.156
-61.193 -0.958
673.208 -378.688
881.564 -250.793
-408.744 641.602
-621.997 537.097
346.84 444.696
63.193 -102.994
617.465 456.353
825.061 -343.335
-131.53 -164.617
795.29 -306.175
-424.319 436.474
-357.109 587.078
677.521 -452.348
451.19 467.58
719.523 -251.429
589.012 -309.479
636.816 -282.753
120.724 -57.901
-507.699 -455.814
-304.445 615.583
541.536 664.009
-520.188 593.036
-401.67 611.826
689.193 534.266
-573.221 -648.094
71.009 -17.162
-491.683 -502.924
-354.983 533.126
-493.839 592.485
-448.609 -401.166
-521.129 516.714
-399.961 572.412
711.208 -373.285
679.2 -337.817
-416.172 -583.036
-28.962 82.729
-542.457 598.225
-395.138 573.804
609.49 432.528
59.976 19.578
-544.33 -471.276
588.55 -343.517
-467.345 -587.457
-325.145 584.548
548.285 445.344
-78.951 33.209
-68.163 -59.28
480.474 588.411
-451.774 -528.636
445.822 657.227
-0.113 86.251
693.927 -214.46
-354.347 643.472
566.08 420.931
739.99 -279.722
564.161 -161.992
609.386 -271.785
344.865 487.543
480.237 512.955
642.075 -170.548
-406.643 481.637
691.396 -213.789
673.691 -387.29
14.881 18.825
-547.034 631.781
593.221 575.627
-495.041 -549.382
-529.561 -459.791
17.685 -81.311
-342.53 543.764
-439.399 -392.161
550.888 395.606
-511.283 -400.063
687.961 -195.792
604.296 -332.6
533.268 633.042
-427.161 -481.067
-338.364 471.651
-585.525 -396.2
677.16 -378.189
-363.435 527.779
-396.661 -406.773
-498.845 -455.419
123.878 -29.214
-703.961 -377.446
-356.994 615.897
581.912 428.007
-477.672 523.679
702.425 -326.489
-530.404 -438.635
519.675 440.518
-68.484 87.684
608.356 628.232
-386.795 762.744
30.749 114.733
78.743 81.024
613.963 484.413
-421.699 -565.954
392.013 602.38
687.779 -379.945
533.72 492.566
-547.744 -564.402
-398.818 574.215
691.185 -411.395
-484.31 606.67
-410.209 691.44
411.616 422.297
-415.741 -505.427
-294.442 601.408
-337.688 743.114
-17.033 27.239
-450.493 -620.09
-450.358 -484.809
454.484 474.161
-531.302 542.717
594.694 371.747
-384.533 573.864
683.534 -252.564
-7.66 -108.719
-13.56 -25.521
896.345 -373.205
581.061 492.516
835.211 -277.459
597.479 436.546
733.98 -116.682
-486.056 534.491
-489.816 695.609
540.434 488.496
26.324 26.992
653.129 -255.043
-485.705 576.982
-547.404 -508.005
-637.501 -378.153
-455.028 -511.032
58.302 -61.927
598.021 512.059
-619.113 -381.998
626.451 -384.648
-542.632 -446.37
717.549 -471.42
-335.05 725.64
-279.059 624.447
495.126 478.224
-129.423 112.432
643.46 431.247
-522.514 498.776
-355.759 623.612
681.331 -330.937
59.47 -2.215
-73.14 -23.523
-432.246 -564.378
-478.135 -552.624
-423.41 -550.091
-66.452 -129.401
-252.994 537.548
709.175 -261.423
9.658 -33.814
-37.887 109.767
-453.393 636.432
-377.505 504.971
624.813 -208.017
-555.266 -365.745
565.337 368.348
-416.473 752.399
80.543 55.534
-359.944 489.248
-126.598 56.454
580.861 476.116
581.753 419.473
14.2 -95.262
-493.502 -389.176
-193.115 662.634
7.72 34.956
587.786 408.59
-528.035 -445.779
29.575 -26.563
-449.456 -520.763
-499.56 -521.953
442.103 359.708
-405.809 610.374
-14.898 -56.938
6.86 -195.063
-440.076 -456.606
26.463 58.188
-52.023 21.519
432.093 706.374
525.086 -372.543
-600.982 -579.539
737.505 -253.427
513.034 431.087
573.369 -389.451
-334.025 482.294
32.248 85.221
711.089 -372.752
-472.085 -572.523
-266.478 589.067
-505.899 -443.769
-113.328 152.323
537.399 -300.074
-487.429 -393.39
511.946 338.44
638.926 -247.075
-395.356 575.884
-479.44 -384.927
-559.857 -485.22
-492.666 -473.766
594.68 -312.604
-540.087 -600.32
253.55 -109.321
-31.221 -84.882
-70.98 -15.627
37.894 -14.464
-480.412 -514.422
779.915 -316.38
700.056 -426.039
571.511 -304.176
-549.28 -454.389
143.409 122.401
-93.242 -40.893
-443.183 -477.965
662.5 -185.061
628.608 -268.069
-6.37 67.891
-66.452 77.902
162.294 -49.44
-173.093 92.638
666.059 -286.061
-462.545 695.013
-536.107 587.378
-281.43 634.644
693.227 -285.511
404.827 472.332
-31.929 75.09
-377.046 726.835
-10.738 44.876
-394.441 745.887
-391.009 -513.39
487.83 452.426
473.393 541.547
85.281 56.511
-480.547 577.659
499.571 595.371
719.225 -278.18
-383.215 744.704
-465.531 737.88
754.602 -512.85
471.436 495.562
775.364 -231.888
-389.743 586.446
-437.889 -595.61
738.161 -296.797
728.375 -391.538
561.822 632.62
752.45 -314.423
-290.215 567.468
-292.787 702.875
23.282 -220.866
-54.276 -69.285
-371.654 -519.086
15.616 -52.487
792.173 -289.539
-463.14 -613.695
773.203 -366.494
-445.532 457.676
549.795 372.026
568.667 474.631
154.185 -22.863
400.889 565.378
-452.154 630.73
-401.89 720.59
609.096 -384.989
696.935 -258.469
690.441 -257.633
137.104 -71.951
-622.365 -555.9
467.819 331.924
-533.992 -549.174
-372.923 598.962
568.049 -298.635
566.173 515.761
-504.679 -527.198
827.368 -241.143
-501.677 -505.022
-640.138 -512.144
533.661 533.127
96.564 49.998
791.552 -342.384
-17.172 -26.553
485.117 603.696
-433.795 -423.184
-11.794 -9.983
-518.674 -436.161
-341.048 -554.947
-388.875 -620.56
670.838 -413.457
-461.089 -504.482
-533.928 -678.382
-464.896 -452.409
-545.112 -417.418
-468.391 -667.018
4.439 121.614
-336.897 -511.087
8.697 -0.873
545.19 557.309
628.194 -245.638
484.536 347.013
-557.857 -644.466
-406.285 455.533
764.312 -345.288
793.633 -331.205
-449.093 712.641
-8.326 70.76
800.875 -317.129
-440.38 481.907
-368.723 628.914
665.413 -199.094
-400.785 632.865
764.078 -214.663
752.845 -212.9
29.423 -125.707
-596.325 634.937
839.726 -353.187
756.994 -257.079
-415.08 508.57
-434.109 654.342
84.562 67.805
-363.419 722.163
98.419 176.464
-613.721 -607.649
517.521 567.336
-82.022 -15.301
-537.829 -552.194
-111.52 35.523
-610.88 -395.856
-601.251 -526.177
-297.243 676.514
402.788 550.754
729.739 -308.391
542.59 556.789
284.086 551.106
-515.719 -652.599
784.777 -251.45
-295.446 783.8
-475.058 546.659
-396.503 672.647
622.592 -260.876
-101.445 45.286
-483.942 554.237
-438.626 -602.003
350.434 385.799
81.076 -72.332
-614.723 -432.235
646.673 -219.978
-48.635 5.709
-524.791 -541.039
158.753 -27.309
-324.262 629.811
567.135 -234.872
-376.516 -633.954
474.074 634.881
-327.391 438.769
580.503 609.758
542.803 584.836
-413.688 628.457
-392.383 631.494
-42.245 201.233
641.959 486.675
33.17 -78.502
435.639 593.822
-54.283 -46.393
-508.724 -532.997
578.277 439.661
-613.045 -519.425
-30.628 -22.246
605.046 553.662
883.381 -185.518
-362.678 633.718
441.625 627.826
716.881 -475.469
700.882 -334.098
474.804 641.754
401.881 494.966
835.354 -118.058
-79.89 15.96
-394.018 -425.56
-95.611 56.808
-514.854 -626.55
-434.541 -520.098
-501.031 -397.651
-15.894 -166.54
-621.977 -455.47
-518.267 -506.67
-5.783 -4.803
777.992 -431.91
8.181 127.516
612.507 576.234
586.433 540.783
514.104 455.686
641.894 -341.063
454.869 558.004
-557.596 -522.794
57.937 -89.873
586.123 507.036
-495.194 -517.217
-339.857 704.69
-449.508 -579.479
56.717 5.291
411.243 406.762
-351.949 589.858
-641.699 -599.418
-356.914 507.071
276.445 530.87
84.234 -123.852
618.958 -316.25
503.047 548.171
-486.303 590.939
459.331 496.273
66.92 3.95
-317.265 547.031
798.44 -355.375
600.44 -317.0
795.712 -464.422
-582.685 -348.407
-427.428 -318.598
-425.911 494.739
-495.498 -474.15
794.035 -307.181
717.488 -188.897
418.555 551.982
-374.353 665.504
580.545 -185.123
-390.669 592.755
69.204 -13.852
428.053 439.824
447.455 578.458
665.057 -333.177
444.332 483.212
721.348 -296.724
-7.796 6.26
699.222 -341.165
519.745 445.503
-359.875 496.642
625.883 632.778
11.0 42.601
-429.532 -496.202
14.724 -134.27
541.242 425.895
-282.688 683.484
339.565 454.548
-580.99 -622.843
433.235 545.684
397.677 330.436
643.694 -346.159
406.173 411.3
516.038 482.741
741.511 -220.108
71.426 12.423
-37.746 38.919
604.132 560.533
797.283 -465.208
-20.246 19.554
-487.655 -550.631
619.274 -373.8
600.559 453.814
-597.417 -549.282
-562.939 -547.412
584.638 -238.177
743.501 402.537
-524.034 -586.855
-314.881 413.637
719.05 -346.869
595.794 -412.436
449.201 497.251
-111.004 54.55
408.936 535.305
-394.253 637.252
-413.621 601.759
750.765 -331.319
-440.307 -446.186
-533.999 -508.752
-71.958 65.831
199.837 -97.717
457.334 630.298
-113.071 -28.54
-530.463 -509.278
17.273 31.458
111.239 94.205
470.485 530.813
-37.892 -109.939
593.193 390.847
-325.999 624.59
460.216 387.426
-440.873 429.555
413.747 613.217
-518.059 674.391
-459.943 -399.059
819.112 -204.172
-580.745 -348.407
685.548 -241.088
624.983 -328.638
-414.497 529.519
-442.14 -533.928
708.218 -274.49
-433.546 717.858
-565.887 -407.66
-487.839 -558.476
-344.32 559.878
-496.827 547.786
644.433 -287.323
-18.28 30.737
-627.723 -530.534
-576.447 -606.86
475.858 412.739
87.086 158.66
767.637 -365.135
-370.233 557.503
461.131 642.005
-403.578 515.766
-468.144 -508.509
-507.161 -562.835
-440.881 -604.729
-446.24 -397.235
-149.29 22.221
-83.817 -75.733
735.207 -410.214
610.372 -323.012
-334.023 659.239
-524.131 -518.435
611.253 424.107
-417.585 712.984
-487.472 599.619
-84.555 22.641
-395.999 685.428
667.955 -157.149
-470.96 632.148
674.976 -295.817
393.805 601.131
136.605 -141.562
726.446 -365.345
-270.288 676.513
-403.177 -574.117
-41.896 -30.492
430.892 471.891
-383.794 581.057
-19.676 140.235
-413.62 -428.792
84.297 31.461
83.9 -92.579
564.034 425.562
-443.27 621.8
-75.918 4.885
463.73 525.792
-416.703 -446.975
-405.444 585.042
714.242 -371.618
41.945 161.314
755.534 -231.428
-525.403 -566.571
-538.246 -580.018
419.869 502.424
-411.946 526.432
-422.344 -635.413
-73.841 -5.703
487.439 477.944
562.937 503.148
-589.477 -554.529
-563.41 -406.552
-416.911 578.187
-497.99 640.868
-390.29 711.438
-114.577 44.732
544.157 -288.645
765.696 -392.189
57.794 -17.449
44.419 107.381
783.824 -337.626
-304.245 559.073
-306.783 643.524
415.578 561.98
646.859 536.258
-436.666 550.019
29.774 -17.49
-566.87 689.332
24.318 -66.9
451.051 526.38
-13.874 -18.752
45.792 11.459
45.642 -47.514
-426.039 712.852
800.964 -357.782
-21.695 3.905
706.615 -295.388
547.394 -256.21
511.222 490.779
-441.212 564.267
825.431 -426.738
756.838 -350.594
610.784 574.231
-39.969 168.686
762.993 -265.49
516.168 448.578
-518.207 619.034
481.947 398.186
-561.263 -507.409
-510.683 -470.498
-355.834 -460.181
160.608 -13.653
117.468 44.94
-429.071 533.878
743.802 -273.301
-512.865 -602.848
682.573 -301.377
455.025 529.526
-425.045 -483.103
-337.39 594.518
-321.414 576.688
684.496 -321.537
-134.922 528.631
757.16 -304.509
-9.012 172.992
-382.926 577.833
-535.727 -527.276
-55.651 46.689
-449.539 -391.285
-548.574 -420.713
794.201 -180.455
161.444 58.463
621.312 -318.092
647.407 -139.674
-436.795 572.608
-490.195 -504.588
-508.192 -565.413
654.114 510.147
691.936 -287.745
-632.575 -465.853
-531.532 -434.904
-334.135 551.516
-298.923 598.419
-552.338 -460.548
459.219 578.858
-254.159 540.827
503.365 488.262
-50.554 19.259
-531.975 -492.371
584.397 485.526
16.221 97.406
-550.178 -469.639
615.714 -432.34
100.161 54.73
484.814 563.412
-512.506 -585.348
454.256 587.028
697.999 -273.501
-164.121 30.208
-457.126 496.034
47.015 25.752
47.21 41.071
-96.666 -0.834
374.941 537.002
553.053 -199.725
680.131 -319.935
48.457 -221.864
-515.44 511.918
470.503 418.313
403.928 471.935
-492.404 541.91
-578.369 -528.351
604.418 -352.39
751.557 -154.695
424.924 455.79
790.227 -514.881
563.305 -367.369
-722.83 -482.851
-511.814 -391.109
690.869 -404.765
372.646 634.873
34.93 56.061
-571.343 728.479
-440.465 -623.393
-506.142 -526.481
724.952 -378.95
-100.545 19.89
448.769 642.417
-551.14 758.291
-32.998 -4.599
-434.502 667.24
483.28 463.96
-533.098 -548.365
-365.627 503.741
-413.106 661.255
437.016 516.124
596.982 487.215
49.404 54.985
517.138 414.139
-565.36 -457.665
760.845 -184.291
-351.166 705.335
-317.689 661.045
-581.812 -292.91
532.355 497.234
-597.804 -591.938
-378.226 620.337
-648.052 -353.904
19.05 -13.593
474.731 454.202
89.098 -69.986
183.562 154.211
-481.502 -571.62
745.388 -402.657
-16.504 -33.214
365.181 417.603
-289.893 547.822
929.621 -355.438
603.987 -306.253
421.0 424.489
487.525 629.777
-124.668 -23.327
-307.841 617.649
-417.273 -454.131
-444.62 547.514
499.372 443.681
-36.431 -106.579
405.78 424.783
-575.911 601.47
-564.417 -566.647
470.411 434.131
634.793 -385.752
-5.805 26.2
133.601 173.445
722.616 -346.222
498.721 477.471
529.332 524.493
818.56 -321.905
-297.161 -108.466
568.27 471.338
-463.129 626.308
685.952 -374.216
741.407 -318.233
791.386 -295.109
-515.442 -415.135
-535.579 -559.754
-428.147 666.812
606.217 -350.014
618.176 510.165
-60.177 -99.89
432.213 572.811
588.546 -194.195
-426.161 554.804
-392.532 -643.935
-419.014 -589.432
-508.532 -508.563
-452.744 -483.147
-505.586 656.006
-497.425 616.367
-452.105 641.668
606.545 -222.766
704.349 -310.957
-601.946 -443.338
-310.32 679.998
-319.746 653.47
-240.443 678.028
522.131 577.031
866.669 -380.349
-543.339 -455.248
0.049 -34.068
-486.399 645.511
-346.114 797.009
571.905 809.131
-469.447 -509.528
-37.194 0.623
-135.733 -54.323
662.246 -353.74
341.732 478.957
-441.48 688.838
781.116 -182.441
119.812 -80.498
633.935 -248.447
482.414 -351.039
145.899 -76.51
-383.938 731.567
-496.77 535.566
903.737 -343.095
108.437 -141.988
654.126 -247.208
514.664 417.362
468.004 513.922
28.564 2.895
512.443 472.305
-482.158 -462.564
68.156 101.939
686.849 -264.869
-425.083 -374.359
652.301 -338.14
-558.171 -487.416
-295.579 692.134
-420.298 -483.268
-493.844 -544.032
-320.623 -541.291
726.16 -320.125
-501.65 -479.326
-407.898 -465.804
-517.193 -514.06
-490.852 -375.411
2.227 -59.959
707.513 -397.547
14.921 18.216
678.687 -318.592
-233.27 638.262
674.008 -232.791
22.125 -51.286
569.864 322.932
-312.82 593.215
461.092 434.305
597.919 563.252
-451.56 -418.641
584.438 423.602
-15.368 -188.619
504.382 -393.186
-684.627 -429.093
604.117 520.459
-448.514 -402.466
595.228 -377.58
51.308 -13.84
600.566 455.388
719.676 -273.089
-503.231 -502.179
434.579 454.566
-92.059 117.549
-325.373 564.681
403.72 616.963
-557.999 -454.963
498.47 602.657
445.498 544.429
-290.008 605.041
459.82 466.142
680.507 -295.71
-100.098 -51.413
504.052 462.267
-620.593 -529.142
-316.978 644.732
-554.196 -546.475
-452.802 -508.97
-620.48 -442.921
695.76 -373.89
-438.136 -605.355
-276.821 664.444
655.187 -444.232
-627.788 -535.577
-496.163 -447.14
-294.234 629.438
670.043 -365.725
591.84 412.749
-531.308 -576.295
473.263 466.479
48.827 -39.311
738.704 -200.936
-472.191 -542.871
53.409 -8.757
-540.892 -546.971
-504.783 603.725
72.081 66.003
-129.063 -8.211
-38.487 25.565
-227.319 594.416
476.268 513.741
-290.133 584.994
-617.703 -486.987
-401.437 605.482
698.237 -345.301
706.119 -334.343
-517.33 -482.613
-396.002 -517.515
-606.82 -535.078
460.615 442.098
-104.175 -7.906
642.636 -347.845
-71.668 121.157
805.451 -398.059
-298.675 728.924
433.48 534.849
-650.468 -373.029
-464.256 -430.922
631.687 504.944
-568.86 -418.547
803.913 -393.237
757.28 -357.998
-419.788 422.654
505.946 419.629
-330.552 680.261
-504.19 -558.554
682.399 -513.112
689.332 -269.348
470.065 465.44
566.476 326.59
452.811 463.139
531.013 554.59
-22.466 -216.563
533.555 472.139
723.791 -269.238
-438.273 -489.385
-130.446 -23.021
400.7 502.452
668.421 518.24
-392.229 -473.771
-319.459 632.763
387.756 571.869
-556.033 -423.873
788.844 -263.848
-477.325 -396.751
43.025 32.294
477.94 631.19
-512.491 -494.039
-498.548 -439.168
748.641 -276.31
-357.563 671.8
703.006 -385.605
584.68 516.642
-386.1 695.996
775.347 -278.59
-504.921 -455.588
-528.851 -562.486
766.972 -253.551
655.373 -458.511
-384.853 -400.645
-436.058 412.0
-594.061 -615.425
-329.718 568.789
465.569 584.061
-125.286 -132.69
815.005 -345.474
-485.81 -503.468
-45.387 109.629
745.351 -224.379
678.563 -322.054
679.259 -240.267
29.803 -35.907
-400.68 539.89
765.404 -197.194
36.02 88.056
597.191 443.996
-545.494 -520.744
-416.973 557.86
-567.506 679.176
59.29 -6.968
-72.708 39.619
633.458 -332.194
499.003 545.302
157.272 2.104
-472.393 799.131
631.393 -344.125
-82.757 18.056
42.288 2.625
-522.83 -544.049
683.089 -221.486
-498.654 -634.668
-350.285 647.579
-503.676 -569.871
554.178 483.312
450.559 477.515
836.22 -365.964
-316.9 629.992
413.85 467.79
399.692 477.292
683.349 500.242
-571.815 645.816
718.542 -292.171
840.227 -306.536
-283.585 590.948
786.014 -296.424
693.276 -274.909
774.583 -291.489
-63.162 26.886
-335.448 573.072
474.407 360.063
-606.944 -499.116
-472.601 -476.24
-384.166 606.773
522.863 523.964
142.565 -98.689
-423.205 446.234
-289.275 676.324
456.966 563.383
-500.867 -521.635
817.131 -248.317
-590.661 -466.0
-538.135 -386.345
10.73 93.35
-587.482 -432.385
-534.342 -570.143
-3.23 -15.245
569.6 495.742
-447.578 -699.832
-578.541 -439.635
-384.734 648.051
-622.594 -502.884
-148.579 45.853
636.035 -303.162
-419.875 539.459
635.357 469.915
755.239 -197.884
534.689 565.538
689.364 -314.418
-454.902 -563.711
-356.882 685.516
-592.154 -483.574
71.844 124.955
-317.447 630.079
-476.23 587.339
418.683 525.076
509.211 419.83
-394.778 -457.7
-249.965 622.149
356.712 565.235
-471.646 -366.77
-56.091 21.827
707.657 -277.364
481.229 -232.438
450.802 664.863
682.993 -276.076
-513.53 -397.823
663.733 -474.309
805.95 -213.125
-483.315 -473.019
578.961 487.343
-576.792 -429.418
717.487 -323.887
631.661 -239.295
-286.08 670.806
762.927 -357.688
-431.49 582.614
-398.673 503.811
-555.06 -482.599
-431.905 679.362
-750.387 -552.46
734.037 -200.508
684.801 -247.69
750.385 -324.652
851.313 -194.365
-27.28 15.661
34.368 52.18
-234.519 579.0
-459.542 520.505
-509.201 -505.163
532.727 469.983
-46.188 -23.462
-364.229 574.557
-94.417 13.428
574.266 535.195
644.644 472.18
-561.208 407.487
494.983 387.468
385.483 603.262
413.296 453.582
694.067 -391.561
-547.002 -377.862
-286.928 489.301
-359.614 578.75
492.206 410.296
622.955 522.571
-288.291 549.107
576.956 714.204
-347.2 657.441
-332.25 489.722
-367.138 601.174
-507.685 -568.837
495.778 440.843
-566.983 -327.896
779.094 -295.477
-412.017 -514.684
718.039 -400.766
-411.59 788.823
-642.378 -433.888
613.759 -333.115
597.184 405.57
-369.217 463.714
-437.892 613.884
535.953 -314.932
-522.971 -497.94
-284.965 492.14
542.943 -371.692
-370.009 477.097
-454.279 -384.817
-647.877 -473.122
-18.791 -24.854
412.179 566.888
66.277 -49.064
895.94 -322.855
498.69 476.979
-421.427 707.747
564.443 422.75
-618.963 -529.649
-411.121 634.026
764.086 -304.688
420.021 459.581
-526.418 -561.849
-543.413 -588.951
-294.306 540.1
651.171 -276.0
121.611 -45.458
745.038 -416.381
66.056 92.252
130.021 44.319
-322.935 -480.139
-424.286 -403.465
613.972 -393.48
474.413 417.722
-431.167 -628.503
537.895 634.822
-356.822 592.546
543.273 573.033
-9.059 118.334
-452.168 582.328
-212.316 -151.675
795.267 -341.934
-313.377 -193.229
468.282 421.589
-242.42 646.564
-367.523 641.307
-46.074 -13.712
-435.453 -532.323
150.922 -31.213
-574.928 -495.895
-436.009 619.569
479.268 530.68
11.95 67.146
-473.3 -541.328
413.395 537.769
791.75 -371.142
-400.189 551.21
-524.447 -502.138
-541.358 -463.747
-401.015 527.688
-591.708 -635.566
-417.891 -687.952
556.015 543.899
484.065 -385.128
502.953 501.476
-496.149 696.882
757.284 -185.509
-488.631 -401.323
420.763 591.861
615.037 -160.933
-466.439 510.527
-419.538 -577.733
-3.968 -13.028
418.532 498.408
668.171 -479.681
15.122 -0.972
757.857 -389.896
-523.219 -462.884
-40.567 -17.178
-1.021 28.498
-485.093 548.289
521.853 420.369
566.599 462.257
-597.607 -419.351
512.186 494.268
-116.316 -31.804
-118.54 -3.49
-59.967 97.931
806.003 -415.789
65.634 -69.017
50.985 8.958
510.341 541.714
-35.986 -14.075
433.597 452.02
-386.25 528.776
-452.88 685.705
-529.975 654.936
-351.807 606.43
664.574 -491.521
-555.468 -465.716
-401.462 634.789
-525.142 -637.548
763.578 -299.492
-540.86 719.095
-17.809 -12.813
726.369 -286.933
520.109 363.938
-531.319 -444.985
-517.762 -507.472
716.16 -313.715
-393.295 596.669
-518.072 667.27
-35.355 -139.43
-512.63 -445.127
-630.45 -505.736
20.374 111.478
591.374 -298.75
382.874 477.519
-77.635 83.62
-377.566 671.009
-466.92 -612.666
681.288 -356.437
457.125 526.547
-458.92 639.025
-367.379 -443.747
752.589 -173.953
-442.124 774.382
-484.392 -492.477
11.982 2.675
-542.995 -332.589
478.597 542.505
-151.695 -48.811
758.05 -192.618
-24.22 117.263
-454.831 -460.006
686.753 -311.273
-574.817 -486.9
-459.16 692.966
668.876 -247.051
57.673 204.651
-414.019 571.74
430.282 386.858
-357.814 -496.962
764.052 -329.345
-438.125 -558.668
754.226 -244.402
736.876 -276.049
701.505 -333.035
-277.876 -513.063
-564.597 -272.932
572.325 -359.544
465.933 529.259
825.989 -191.539
505.76 -345.485
447.514 557.865
-9.128 -31.94
-367.784 633.064
-369.652 562.428
522.567 487.872
-570.602 532.65
42.253 -109.997
407.857 502.58
111.254 -44.883
-457.681 662.832
578.953 482.317
529.608 -262.076
86.472 54.609
-582.231 -404.557
603.767 -492.058
544.316 543.703
-131.962 12.287
458.61 611.294
121.391 111.403
-55.74 -36.566
-273.397 511.996
161.197 -112.279
-609.903 -455.944
632.257 -289.583
557.867 473.057
775.232 -130.952
539.773 659.465
746.496 -296.028
-382.118 675.13
597.074 516.128
-395.532 495.646
-56.09 83.587
-463.457 537.087
-42.746 -11.247
-303.09 448.956
-632.137 -464.244
-424.176 684.491
543.99 515.671
497.306 625.224
-430.944 816.415
-48.999 66.95
519.437 598.458
533.379 447.976
39.912 -31.32
-465.333 552.437
836.851 -185.542
6.314 -39.459
685.972 -429.5
-377.503 662.491
-518.431 -452.745
488.838 565.028
440.734 539.087
-374.114 382.957
793.298 -337.659
-332.792 -567.862
-403.3 469.591
-23.126 42.409
-84.394 132.346
-614.143 705.217
-436.027 -513.758
-559.576 -521.163
-428.97 517.439
-514.756 -455.083
-656.932 -499.915
591.622 -269.272
-2.856 -21.239
-483.051 567.579
413.92 424.741
757.442 -409.177
-371.312 608.479
101.258 14.538
657.06 -262.883
-319.261 -389.075
-446.412 554.735
761.77 -337.994
450.316 332.787
-335.519 577.542
532.733 651.547
-579.978 578.847
-429.325 712.025
647.752 -397.826
-236.003 -450.059
727.533 -289.622
507.219 679.754
576.792 -265.196
722.869 -372.365
658.894 356.639
104.017 -50.747
519.638 532.585
-73.472 60.569
-618.011 -540.082
-430.407 510.217
720.977 -290.715
-523.409 -509.326
-596.294 -529.65
469.429 409.037
-442.979 614.589
-379.9 557.802
519.763 -269.854
-397.925 515.468
-333.745 600.474
-131.24 -79.932
-42.915 1.76
-60.464 -68.921
-73.839 3.732
-485.294 539.761
647.54 -273.533
-447.4 -432.919
-631.566 -534.118
1.472 -98.42
-572.358 -445.988
567.653 -363.748
518.005 511.965
-453.103 598.331
-443.623 -494.231
795.717 -265.905
481.783 417.376
707.472 -411.34
-512.154 -545.437
394.712 541.638
640.44 508.625
640.629 493.829
-102.245 -49.219
634.916 -224.681
-462.395 -516.25
564.934 471.333
53.48 22.761
612.699 469.841
-51.721 30.383
430.398 505.693
746.81 -245.631
46.284 -107.755
-327.792 519.459
706.537 -275.203
-520.401 -459.043
-61.769 -151.089
370.698 449.859
-510.693 568.635
560.678 500.251
-69.498 89.002
763.673 -392.345
471.052 437.602
671.361 -304.805
745.19 -281.292
-93.148 -16.168
-471.488 557.52
-167.263 -36.968
-589.86 -368.823
578.674 481.192
44.151 -17.102
-583.31 -479.615
-590.427 -563.341
-595.771 -568.086
567.842 554.186
-81.98 1.519
-89.924 29.433
-527.041 -474.788
575.17 561.048
409.577 559.589
-401.53 433.518
-639.764 -584.81
-308.806 611.578
15.787 -12.416
754.977 -257.154
-516.517 -392.587
-299.331 609.541
-436.658 696.678
939.758 -296.734
-581.932 -516.492
-473.274 -507.831
412.9 589.63
-564.389 -489.306
-550.366 -559.751
-46.565 169.942
607.822 539.322
746.226 -312.356
-418.68 -621.105
502.421 402.494
717.657 -213.821
-650.399 -540.626
115.399 -43.518
686.57 -354.524
-112.48 38.061
-69.213 -71.717
64.009 137.795
-473.31 567.62
777.099 -345.998
-487.442 623.6
668.136 -423.893
-658.559 -600.776
-133.7 6.358
-465.021 -576.837
-11.072 -25.089
-528.888 -519.717
559.266 487.787
842.977 -361.331
684.611 -430.802
685.108 -222.537
764.068 -259.698
534.105 613.911
-469.779 -429.596
93.891 66.282
608.982 -264.003
535.002 539.784
-711.867 -463.916
-54.184 65.528
509.891 516.621
573.457 390.598
-530.73 516.703
-9.788 12.038
632.181 -414.829
-20.843 21.266
841.892 -270.966
-484.46 -423.686
-53.111 63.722
-403.122 -376.601
517.115 422.618
-425.177 612.599
-544.347 -439.714
793.935 -344.113
648.679 459.377
-42.924 12.373
-65.75 91.444
401.619 593.414
-450.33 -519.252
-57.542 77.426
-459.256 438.22
528.736 466.015
-417.488 -614.486
28.507 43.568
-321.474 734.446
-502.21 -520.421
-586.669 -606.689
483.645 548.482
-478.457 -319.716
-309.207 -396.65
127.916 6.154
-390.909 -576.025
-392.859 467.281
604.401 -296.637
600.936 -347.916
187.564 -5.962
491.196 474.043
371.187 544.659
41.9 8.525
93.875 9.525
696.138 -342.173
-432.996 634.523
48.961 -130.923
-343.504 667.472
-30.526 -61.643
738.006 -344.613
10.54 66.864
-478.023 575.058
-414.893 541.708
-368.026 615.566
107.986 142.205
520.392 427.764
-396.263 571.388
-370.79 635.343
-89.427 -35.5
-322.145 -564.813
-310.407 545.514
-75.781 -36.383
646.182 -280.106
-564.791 -629.838
-448.542 641.976
-629.317 -520.746
-439.954 607.498
668.915 -396.886
-125.171 8.403
425.278 416.433
-678.516 -577.838
634.806 -338.049
-525.629 -493.616
-505.735 -353.336
-38.18 -44.91
642.173 -276.416
-56.635 14.281
-396.336 -535.14
-625.943 -552.783
640.863 -349.577
98.231 56.346
-351.308 573.455
733.823 -297.48
46.924 28.444
-302.568 495.991
-119.765 8.36
-463.459 -471.283
-418.325 543.102
663.835 -385.801
580.71 -281.849
77.602 -40.489
-387.105 599.559
17.739 26.276
221.053 48.823
-479.849 716.245
-476.825 549.09
784.362 -211.563
-499.182 -445.36
520.198 -310.306
-588.203 -493.088
21.143 85.015
19.907 -86.731
-451.359 599.411
-618.408 545.728
390.518 474.306
590.6 -211.521
-353.134 605.61
495.624 369.36
29.05 -77.637
-434.095 741.789
-444.868 -491.503
25.636 56.378
-57.812 -109.747
44.692 74.172
584.395 462.966
-331.283 512.671
29.066 -66.62
-507.74 647.959
34.475 35.068
-88.919 -92.342
490.217 532.498
-533.625 -343.604
667.755 -445.747
-391.542 675.057
-551.817 -536.618
729.456 -458.262
444.444 450.597
9.394 -31.524
743.452 -209.415
-478.75 557.071
674.925 -281.538
-577.418 -440.722
-25.894 113.681
675.745 -300.2
592.144 482.917
-603.522 -452.962
-344.303 739.493
-18.735 -76.398
-457.952 623.304
672.782 -278.659
-383.787 550.604
26.058 -136.266
622.294 -125.619
-244.846 468.431
-484.127 -288.964
25.961 97.162
717.543 -154.532
408.734 445.295
506.458 573.775
-292.238 754.054
77.499 -116.509
767.764 -227.961
-460.342 -549.468
-400.514 -541.856
439.701 481.36
-593.773 -469.611
-359.854 533.642
10.451 -83.511
-383.276 531.329
473.341 455.531
-54.533 122.621
773.924 -245.787
18.585 -134.959
-566.897 -397.684
-449.648 -316.707
691.383 -292.626
660.331 -211.334
862.646 -273.521
621.889 -226.396
-557.493 374.023
2.872 49.829
400.495 643.431
-362.083 665.915
683.077 -312.157
-462.636 573.781
-395.756 622.492
433.373 493.322
-283.11 635.142
-522.094 737.807
421.346 661.16
-355.623 649.369
-175.183 0.35
-374.021 565.823
-432.929 650.291
-458.128 -436.531
541.963 626.004
606.288 426.892
-67.937 -56.566
-29.171 116.462
-381.637 -459.563
617.355 -350.024
770.615 -389.739
-73.381 -80.878
733.728 -250.616
592.231 485.977
-349.341 505.253
567.338 480.741
-131.209 -107.084
-420.593 -465.789
-568.996 -618.671
-62.591 -239.747
533.355 523.495
453.196 469.95
345.75 334.175
721.275 -246.745
744.76 -310.91
-436.648 -523.211
712.259 -317.881
-431.177 -576.369
-474.726 690.557
-324.148 560.103
-443.955 -459.774
808.387 -305.541
529.666 427.146
391.433 487.996
-285.416 548.392
-488.727 -476.25
-128.655 49.23
160.215 -3.705
-461.875 658.711
475.359 470.955
-323.189 574.298
419.785 615.46
373.361 393.386
695.318 -322.817
-16.74 73.492
-371.246 758.807
-378.584 -544.726
-592.246 -482.027
-457.663 -446.173
716.823 -391.706
-18.629 -130.477
635.452 368.462
536.181 496.98
561.765 525.93
-381.183 530.148
-608.021 -532.317
146.591 3.509
-512.942 -590.45
428.945 518.912
-406.793 617.607
-28.76 55.058
-584.239 -531.657
669.378 -115.416
655.347 -464.851
719.189 -339.628
-668.715 624.108
-436.519 -601.195
-480.713 -643.31
-100.011 -15.904
-354.254 626.591
31.731 -31.768
862.953 -338.76
-20.141 103.677
642.878 -263.397
-388.011 757.412
659.718 -365.231
-468.062 -408.943
-515.012 -356.327
120.946 -84.017
-396.727 468.197
-453.004 429.967
13.078 -10.389
-568.913 -551.006
-86.312 -38.958
694.819 -271.793
761.253 -308.262
-407.479 690.784
-524.037 -522.915
-454.75 613.441
-13.597 7.875
-50.558 -102.942
671.743 -217.758
738.587 -336.63
678.265 -341.029
71.601 0.369
-379.012 467.986
700.444 -270.922
-572.371 -521.129
-566.031 -448.594
452.833 419.922
618.804 -305.418
-478.235 -369.33
-74.737 48.941
535.661 606.001
33.787 79.634
549.223 521.907
-411.117 -540.078
-308.323 695.936
635.728 515.055
-487.891 -576.557
623.258 -204.561
141.695 -55.041
-333.836 523.982
-523.526 -475.158
-17.377 -38.891
-444.993 582.942
-40.802 47.428
733.269 -397.221
432.888 522.459
3.646 195.095
-489.503 655.619
-36.099 48.742
551.018 566.97
530.235 402.356
485.523 522.894
-575.803 -586.072
-285.385 573.751
-437.038 -459.094
355.007 464.183
504.523 456.901
-447.795 -439.196
516.734 655.765
799.003 -316.331
-376.627 -365.553
-371.391 705.519
844.948 -382.992
367.445 528.06
787.898 -267.147
369.997 444.176
34.052 9.35
799.751 -292.556
-332.361 659.141
12.591 41.258
98.219 85.656
661.545 -386.512
392.338 512.651
-405.01 -521.087
-388.412 -411.903
-393.501 474.286
-585.169 -563.347
-75.849 29.782
-632.441 -567.282
-479.451 634.829
676.184 -284.769
-392.835 552.507
-571.539 -454.493
15.044 -78.715
-461.617 571.838
30.504 56.38
658.772 -372.797
-583.393 -485.674
745.216 -347.105
-521.764 -438.582
449.015 471.239
117.862 35.512
-56.363 -135.101
1.058 53.922
-473.968 625.07
536.302 502.851
673.512 -198.803
-399.177 -548.475
-399.077 -553.739
752.356 -209.476
-509.881 -455.515
-606.468 -656.439
78.858 220.859
508.312 465.347
-482.549 -520.697
629.324 -302.838
674.567 -371.034
-4.204 -33.622
559.003 550.252
548.965 -225.941
-463.998 643.533
-638.236 -609.894
-428.477 -428.179
-7.046 82.1
-3.265 146.206
472.292 387.192
129.524 -19.173
415.502 548.928
182.045 -105.606
-548.33 -476.798
479.075 327.44
-419.162 618.406
482.022 446.297
616.04 -384.153
665.442 -414.838
565.692 395.886
564.491 -379.577
-349.294 563.677
791.257 -137.125
657.551 -226.916
488.123 618.93
-432.581 628.288
761.9 -242.553
484.158 497.617
399.635 363.228
-583.774 -562.982
-538.026 -377.049
396.881 660.84
720.345 -280.879
6.303 198.719
-300.034 576.37
541.307 -246.521
-490.649 -574.821
486.074 479.317
-576.128 -441.73
-608.025 -498.225
-425.104 593.993
470.319 407.59
490.526 656.204
-524.791 -421.054
598.778 494.209
46.79 3.752
42.812 -9.389
-414.64 -395.162
-90.129 -84.165
650.822 456.136
-401.26 628.275
-326.33 443.734
465.595 478.087
250.662 539.87
678.143 -154.386
857.213 -317.065
674.392 -334.733
467.309 565.593
-420.051 592.561
459.642 478.504
758.538 -219.567
-322.634 637.666
-547.015 -513.968
-609.437 -502.277
-68.873 43.561
-514.382 -405.637
508.098 573.102
-323.528 613.186
-537.155 -586.711
-438.506 627.787
460.121 515.05
-364.479 695.421
-302.15 -454.617
-412.777 493.367
462.065 387.488
137.59 -73.303
725.766 -167.903
671.734 506.124
-515.6 550.782
400.588 478.551
-405.94 602.094
495.816 485.468
-476.998 -623.111
1.487 74.622
-273.61 510.539
-13.258 -57.313
-423.729 751.904
-563.065 -448.469
-569.837 -588.315
610.135 -220.475
509.426 608.928
-451.577 -562.038
616.652 -61.309
13.882 -164.08
596.568 490.195
-339.572 550.068
23.609 -92.618
-385.452 -320.494
-518.312 634.702
-396.1 502.849
563.349 -365.32
657.306 491.644
481.587 547.224
715.207 -333.022
-580.27 -504.753
697.128 -182.646
-469.778 -668.182
538.675 395.311
-416.683 679.374
-454.087 637.148
791.872 -165.086
530.953 -315.945
-53.415 120.548
422.066 352.801
759.006 -412.355
-492.098 -510.478
30.411 -26.621
726.876 -272.124
-513.791 -582.832
-415.775 662.595
154.067 62.645
522.36 546.47
-394.474 403.527
-586.542 -423.157
-209.761 29.131
660.22 -342.238
389.671 442.061
-268.716 546.178
-2.728 4.388
-484.259 -618.391
-339.716 -548.681
-437.418 519.369
52.929 -127.905
649.907 -161.325
-551.934 -545.435
-472.822 561.015
739.728 -298.479
-420.131 593.141
630.044 -300.02
-353.446 614.233
-2.096 81.294
-407.149 -528.068
449.733 563.598
758.775 -214.937
-454.323 -613.148
-513.633 -621.635
-11.774 -68.436
-428.784 -453.214
-538.97 646.932
609.774 -188.076
559.154 567.304
884.41 -377.823
-515.697 574.692
-29.971 10.457
637.783 489.124
641.047 -356.257
-595.9 534.003
-430.236 -509.988
-452.806 552.634
-52.948 -41.682
7.624 30.038
119.917 168.044
-359.607 -468.371
-560.446 -307.31
18.075 -76.734
-463.347 534.234
-481.884 -483.78
539.32 617.493
562.077 456.497
794.019 -203.986
668.298 -527.107
547.599 357.848
-394.915 573.54
-671.535 -550.048
-473.893 527.125
777.719 -350.606
-482.799 -502.497
496.325 554.841
481.778 557.684
650.367 -407.255
499.537 602.547
679.08 -213.175
-470.676 534.722
410.529 559.208
559.392 525.473
612.045 -203.319
-277.325 608.535
680.558 -248.336
683.36 -258.376
445.956 559.081
725.133 -334.269
483.325 461.166
101.452 3.166
740.945 -240.625
535.986 582.457
613.167 -88.104
-514.349 -336.15
-175.92 749.808
32.066 23.523
536.579 565.689
-42.351 89.421
-418.698 -622.539
531.386 -441.019
-490.596 484.431
603.783 -345.841
808.701 -332.568
547.487 654.215
381.584 394.032
-467.872 576.994
616.744 439.102
569.661 554.572
509.539 489.117
-406.559 610.526
-411.112 600.167
519.093 541.097
588.23 526.902
-402.061 -327.681
615.545 516.613
11.449 -90.885
-444.121 -506.644
464.437 372.482
255.074 -24.814
-450.249 -565.804
-40.833 51.947
-285.011 656.763
-341.68 610.759
-405.606 526.945
-111.625 -18.978
84.428 -139.21
445.481 565.086
119.157 37.25
553.864 307.458
-211.924 593.07
-371.44 -508.145
601.547 -242.564
519.735 416.014
-266.036 521.896
-13.236 53.21
-429.997 -456.993
627.967 -323.98
-452.813 621.271
505.979 379.138
509.756 569.187
-389.972 -600.558
-445.114 -435.174
-61.505 -15.852
792.272 -307.867
607.034 -327.005
-308.001 488.839
35.744 39.897
797.017 -284.701
544.924 -207.92
552.421 575.264
46.742 12.133
755.831 -369.763
864.338 -482.678
142.488 10.512
525.203 488.591
593.482 -347.237
705.699 -249.365
558.48 475.916
502.789 358.149
578.056 645.421
531.901 480.636
648.196 -455.698
78.391 102.343
-438.722 -376.049
783.071 -241.661
616.588 -281.748
82.447 -25.496
-61.636 -70.861
-367.314 508.805
-413.854 -385.514
-477.17 -437.312
-545.588 -364.31
433.544 665.448
-634.418 -560.271
726.297 -353.403
-421.581 657.07
698.426 -291.794
667.267 -366.063
-363.422 514.666
-498.173 -476.022
503.187 429.84
-460.885 -507.791
68.549 64.164
-527.612 570.906
-530.308 -529.43
-293.401 -430.775
508.1 514.477
755.381 -236.672
630.686 563.434
95.193 -51.305
438.169 419.613
-320.289 830.26
605.729 -234.281
664.935 -321.759
-446.861 641.472
-454.642 748.038
-485.44 -446.836
-523.096 -522.738
-351.797 -511.653
576.879 470.469
-61.188 24.818
-518.213 686.711
-3.462 69.975
-478.502 689.124
552.926 -237.757
624.228 438.851
489.11 339.992
-547.47 -562.163
-454.967 -571.833
495.615 504.087
475.75 411.054
-403.356 -470.906
-543.861 -641.264
-88.444 52.225
-412.938 -627.753
-563.132 -580.404
-151.612 32.116
679.594 -416.083
14.69 -113.865
806.491 -221.652
-327.759 677.906
-5.865 -69.853
-545.437 -518.402
-409.107 -468.369
-371.223 -419.779
672.024 -129.838
438.162 395.954
34.977 -104.413
291.603 545.093
-345.874 610.158
7.686 9.141
-349.518 -516.6
567.508 -259.237
88.485 41.661
-508.968 -480.059
-54.944 -27.396
756.989 -301.078
538.918 504.123
-473.294 -590.975
-3.129 -60.72
671.066 575.163
-380.268 510.578
575.354 401.273
467.05 733.211
-412.588 504.156
-147.95 95.594
506.227 354.507
-446.197 -530.66
-528.264 -569.317
655.699 -289.932
-451.507 576.098
455.846 400.143
-529.326 -516.433
731.571 -286.879
-477.641 674.176
720.621 -204.516
544.447 473.171
-410.2 592.131
-413.788 -525.806
-353.418 556.776
567.314 457.082
-409.507 -488.012
-396.482 -651.319
-399.823 -493.972
756.891 -437.923
690.146 -320.947
464.879 513.092
71.375 118.225
-450.578 649.001
-150.208 -20.678
509.357 520.797
-376.967 627.757
-463.54 658.924
747.656 -244.967
-391.529 706.038
459.099 547.236
31.276 81.104
-409.705 602.242
33.805 67.421
540.501 -281.701
-503.379 -454.106
611.059 671.901
596.015 481.895
485.048 663.455
386.522 505.452
521.147 521.756
735.091 -212.914
-125.571 -196.878
585.059 -273.56
763.991 -374.906
45.623 -73.021
89.599 -40.817
525.365 667.063
-550.548 616.717
-452.464 647.453
-138.696 -15.117
616.261 502.27
-463.621 -502.808
-534.498 621.545
-355.639 581.374
-487.17 -416.263
-364.333 659.123
746.04 -295.321
549.607 457.416
-389.332 -363.454
733.943 -479.27
388.821 520.929
727.499 -274.776
676.804 -493.512
45.245 -9.511
602.518 514.502
636.523 -164.076
-467.69 652.804
-631.245 -329.045
-139.715 77.887
-358.264 681.352
401.929 396.32
616.49 -338.487
-466.672 617.841
-454.185 -463.076
23.097 -4.919
648.361 572.246
39.723 -7.657
-67.25 76.976
-31.478 17.959
-133.256 -78.785
-346.663 525.005
116.108 106.721
-534.893 576.018
41.176 126.872
506.659 536.494
733.477 -479.846
-640.546 -411.581
-617.13 -616.569
-497.302 -604.866
-324.972 527.98
704.873 -467.812
530.836 381.408
36.515 18.82
-427.478 -592.129
565.647 444.773
760.922 -434.122
360.536 654.215
-438.596 709.681
-492.705 569.725
435.64 320.946
-342.918 618.76
-354.522 701.525
-506.209 -511.85
-462.013 -454.086
-431.757 -411.827
730.252 -275.221
-421.415 575.386
669.193 -266.568
567.829 673.394
-26.097 21.747
-560.184 -531.477
-93.441 -127.419
-449.77 621.018
-510.228 -573.623
-612.005 -539.736
643.101 -431.371
44.711 -24.653
482.607 579.647
398.358 414.323
-554.192 -242.83
717.844 -125.497
837.668 -195.672
682.048 -295.252
-65.049 -17.048
646.411 452.491
-44.517 -22.34
704.754 -332.265
2.268 -146.674
-291.21 638.952
-474.559 -366.229
790.659 -227.258
-108.581 -103.653
-65.626 -14.281
690.087 -269.841
-428.08 698.808
590.448 -141.458
-541.588 -485.941
-393.422 554.781
-10.56 -64.582
668.381 -281.004
-80.086 2.28
-419.793 599.967
681.644 -197.323
724.011 -275.219
574.279 -442.043
-519.445 -621.744
-430.09 -379.258
102.528 33.155
-12.722 -2.288
675.647 -279.435
-519.304 -580.711
94.188 -52.365
133.37 31.258
509.833 586.175
-502.751 -500.761
416.979 332.962
-87.241 69.573
-337.442 550.084
-480.615 531.001
-344.999 656.199
409.599 462.422
-176.175 31.985
-383.046 -579.758
390.715 391.425
451.211 521.749
187.951 -188.395
86.907 -28.795
0.83 -22.588
-379.709 575.31
-455.151 521.251
816.107 -153.882
-567.685 -370.503
616.209 402.734
77.964 -52.008
418.383 571.28
-490.742 532.21
580.201 -294.392
662.473 -422.896
79.557 87.091
-354.854 639.895
415.458 449.573
-330.948 -456.279
663.784 -243.205
-473.33 -384.66
-66.366 -86.955
-471.672 -476.193
-31.69 -57.583
-437.103 596.809
720.018 -389.727
636.845 -377.947
-65.471 62.124
-442.594 609.615
692.349 -316.374
-513.902 -613.439
167.358 -61.94
81.89 39.003
-580.443 -498.552
60.996 -39.778
-411.215 606.383
744.49 -267.514
430.892 553.016
337.314 496.139
-477.599 501.809
-528.622 -579.113
-403.578 -425.968
-334.278 490.121
777.513 -256.391
693.959 -448.607
-403.027 508.389
629.818 -293.035
-473.764 -350.41
489.65 480.807
-564.711 -600.511
-381.197 -588.486
537.487 511.894
-302.261 592.437
-480.705 -397.433
-54.402 -47.358
15.402 -25.783
121.646 62.945
757.106 -433.321
-530.197 -396.287
-519.401 688.286
-313.411 453.801
694.751 -344.128
-626.031 -588.149
486.064 468.821
2.434 83.069
-299.871 541.537
676.71 -346.242
-326.506 -398.022
615.353 -356.275
-375.361 572.934
-509.36 -618.983
75.926 98.111
316.876 456.045
-431.678 620.581
51.628 -91.977
-314.123 -491.867
448.109 -376.392
501.645 498.014
-467.413 -455.258
13.066 -47.914
-34.963 25.866
-368.589 611.602
178.576 115.735
-696.711 -349.258
-464.655 -507.899
595.256 438.372
698.747 -220.527
-390.752 528.833
419.478 426.873
682.613 -205.918
396.555 591.732
531.557 -430.483
-464.107 -528.333
654.221 -243.5
-474.164 -477.924
-320.128 537.903
563.455 605.393
668.599 -298.265
686.527 -297.635
-415.15 -356.191
831.195 -148.422
789.515 -278.453
-337.037 566.607
-615.563 -505.937
593.812 426.231
-425.08 -439.744
-380.918 571.796
-361.532 631.1
-29.532 -59.888
-422.846 653.403
-691.029 -378.853
-442.303 -578.904
528.493 506.741
671.458 -325.459
391.579 -209.231
690.182 -256.33
695.191 -278.018
693.996 -273.429
745.634 -276.801
620.836 -413.694
582.808 721.242
662.899 -301.086
-459.713 -631.126
2.646 89.969
302.527 410.269
-452.502 -545.34
543.552 534.272
737.157 -316.887
-419.048 676.244
-442.535 -590.196
-517.165 701.524
743.348 -361.202
78.353 53.321
710.787 -267.921
406.338 567.096
-111.49 57.42
-198.65 598.681
-587.029 -489.394
-64.201 42.394
-592.227 -530.906
585.753 565.474
527.454 680.713
-513.365 -431.177
520.291 599.849
534.336 565.043
561.019 328.367
674.541 -129.288
594.407 514.802
-135.505 10.794
458.213 559.981
-356.61 -570.313
794.509 -380.953
548.667 554.698
-524.884 -391.321
667.072 -123.553
743.515 519.091
747.787 -438.069
587.701 -357.015
-253.88 596.402
670.526 -318.687
-556.428 747.121
-412.891 -604.104
-442.584 -518.642
417.073 406.003
-557.872 -473.789
77.504 70.34
-440.906 -364.251
-259.103 611.665
-575.692 529.015
-30.585 -31.685
-564.857 -514.505
770.818 -270.606
791.998 -466.162
734.229 -354.322
32.782 34.031
-465.496 -514.004
702.268 -431.27
414.114 380.883
75.032 61.867
11.433 -176.425
6.667 -46.308
-450.434 543.569
-354.998 660.191
-4.834 -142.816
-367.782 629.848
638.867 -339.412
610.698 568.666
-28.649 -122.089
-135.446 32.416
-473.936 -280.239
-604.412 -500.983
696.852 -194.449
-86.761 7.942
45.847 69.413
-28.204 -109.365
-387.632 -400.33
-645.375 -521.071
656.226 -333.37
-392.238 568.561
594.768 545.365
528.73 540.907
-532.689 -464.561
-4.039 39.697
-49.211 16.524
-439.561 -524.552
708.681 -206.53
-513.366 -673.89
25.189 -94.533
382.38 556.606
687.401 -415.106
463.506 587.493
382.162 583.207
80.289 -100.651
481.302 541.027
-487.034 664.856
553.204 569.37
-441.311 728.189
-19.112 -62.573
-426.383 -474.526
92.575 58.684
-449.754 612.859
-372.467 646.401
523.222 466.631
-494.595 -589.283
635.328 -270.713
481.083 456.431
14.966 43.564
-460.756 806.06
-18.867 -83.794
684.562 -295.133
562.883 556.585
-507.578 -497.679
-512.164 -422.033
685.481 -179.456
679.147 -216.689
-504.142 536.57
-272.086 540.102
-469.833 -491.955
757.346 -366.735
-456.862 668.664
390.714 435.207
587.888 439.413
-307.681 -584.818
641.535 -276.652
403.427 571.981
442.419 465.297
746.001 -213.591
-427.565 -575.221
-428.498 -348.264
487.424 578.452
763.968 -221.38
421.818 451.409
31.905 -50.213
638.952 -337.133
-376.7 -443.591
-367.301 612.4
585.236 548.46
-276.83 626.12
374.673 573.055
573.666 444.3
-418.623 -474.85
-550.628 500.221
-434.461 700.769
-469.612 586.475
493.766 483.915
479.83 515.974
15.129 78.787
797.522 -113.271
-378.093 626.837
-462.464 572.723
471.959 414.087
-558.643 593.041
-1.328 25.274
-317.203 553.104
637.295 -269.741
-590.977 -466.716
462.637 478.004
-629.891 -647.877
532.559 589.649
-434.925 598.447
173.147 71.701
-487.437 -460.074
-464.666 580.563
394.279 674.538
-86.095 65.123
-594.616 -503.343
-163.148 -62.266
674.798 472.769
-621.393 -375.407
-416.892 557.194
-343.356 505.069
-464.051 651.685
-528.258 492.246
794.267 -356.804
-446.215 -519.783
-77.55 28.781
21.478 9.543
666.336 -122.2
14.583 71.607
-104.676 -96.029
387.994 512.389
-558.967 -464.676
-453.373 563.154
661.073 -362.164
-2.082 148.67
790.569 -367.28
-353.385 591.991
601.296 426.631
-427.614 678.105
-516.035 -416.585
-665.74 -431.123
-540.452 751.063
-448.675 -563.709
29.646 51.011
48.62 -24.177
-526.869 -460.853
-391.054 613.311
-601.257 -544.078
403.666 454.408
-2.972 -130.769
774.571 -412.695
796.953 -241.798
-598.288 -451.375
796.995 -300.567
-384.741 574.863
-564.865 -641.703
-438.413 -527.219
113.719 14.129
464.411 530.547
-499.162 648.277
-360.687 618.246
-59.986 -19.9
175.884 61.888
-32.919 -11.551
506.716 428.34
-49.523 -3.54
-496.955 -461.448
718.571 -279.128
-309.455 598.02
526.288 624.309
646.995 -322.04
706.72 -231.102
-553.2 -480.744
-545.649 -494.469
-68.482 130.398
-409.602 504.388
602.872 403.843
-447.097 -398.619
549.804 482.673
-474.936 498.266
-436.276 479.068
846.095 -250.227
-428.428 595.337
635.824 -358.942
22.155 -93.405
-395.302 765.758
-37.942 74.034
-573.209 543.068
-425.3 566.8
-9.058 1.66
436.235 456.186
440.871 480.286
703.256 -449.082
442.034 561.399
572.814 -224.06
-107.091 -112.697
-458.297 -433.382
729.637 -301.376
-97.411 -62.897
-471.436 743.824
614.904 495.768
653.042 -315.023
-589.29 -469.515
-673.158 -549.231
519.956 705.156
-360.728 694.14
-368.097 -404.914
414.156 476.089
544.933 603.762
-397.6 561.724
-476.848 461.483
578.643 573.557
-53.737 0.12
-286.795 663.991
782.236 -402.967
-405.619 567.068
597.12 441.44
660.607 -387.64
607.852 -403.244
729.643 -347.641
636.038 595.536
-404.309 580.188
-359.559 627.841
417.861 468.932
-376.216 571.772
88.405 3.65
773.441 -291.57
734.893 -366.101
-11.152 -11.444
632.285 -311.693
115.054 55.306
743.102 -386.626
-496.424 -564.633
-417.47 -380.232
-456.814 -381.082
-527.183 561.0
771.48 -253.893
-474.073 607.482
5.988 -22.602
513.757 399.04
-17.918 107.518
-406.063 -372.289
-402.134 631.965
748.345 -288.43
-398.46 558.765
481.129 552.355
-40.68 27.889
-432.285 -595.877
584.847 454.198
763.527 -435.366
30.398 47.991
768.828 -288.682
-72.547 -16.41
456.844 347.286
667.77 -177.141
-453.592 -564.306
-304.358 715.157
-417.88 -460.989
-616.174 -553.157
5.538 -84.164
50.64 -30.427
468.623 564.015
-31.14 44.849
108.057 71.517
-67.718 30.245
731.448 -430.098
532.146 455.167
664.506 -288.123
-520.766 -431.541
579.793 518.451
774.23 -253.634
-76.207 96.735
-535.015 -554.855
24.985 8.087
117.864 96.86
-77.56 -54.108
-467.185 -483.419
460.082 386.731
432.491 548.988
-25.246 -77.462
739.854 -277.209
-422.794 660.799
479.522 541.37
-470.586 472.465
483.163 462.092
892.215 -331.337
-390.559 694.423
622.702 -381.39
-609.608 -409.2
-56.866 75.415
547.049 373.963
65.851 98.452
790.367 -413.685
481.603 466.581
840.572 -226.575
652.37 -277.922
551.399 476.051
729.379 -337.956
-503.939 -435.28
42.652 104.375
700.756 -262.874
769.89 -370.512
549.884 646.418
721.559 -310.149
-103.782 44.08
722.161 -267.474
561.665 600.535
822.194 -260.956
738.457 -204.26
459.626 407.249
507.141 327.271
-482.082 -459.199
566.141 -223.779
-98.123 -43.352
647.54 -311.475
-25.11 145.853
-484.546 573.766
-27.983 121.997
87.11 39.604
-436.676 536.311
-404.599 540.339
-40.517 46.071
21.392 -39.974
405.843 398.189
471.139 387.625
607.24 -270.795
-469.194 -606.899
-413.939 -497.473
566.914 519.334
767.301 -260.292
-561.777 -608.278
-289.995 545.301
464.458 449.699
-93.42 -178.82
371.399 548.583
29.335 -22.825
-517.126 -553.61
72.673 36.087
145.212 157.385
785.653 -445.757
-19.368 -163.586
64.321 65.366
-37.907 106.961
-504.987 -451.142
497.781 -267.46
26.888 -69.771
669.809 -218.203
-257.845 728.081
516.901 527.998
146.714 111.381
614.583 510.637
541.648 479.47
758.426 -379.667
105.095 194.12
-305.804 668.064
-601.833 -575.924
24.289 -40.62
-613.629 -525.021
-398.715 625.218
-358.542 634.503
-461.236 -523.422
-205.484 -40.913
-467.706 697.921
770.181 -190.148
396.891 633.862
386.537 494.454
740.259 -229.788
192.48 14.32
674.964 -222.313
-527.07 -439.086
36.033 -24.358
-343.175 503.262
786.173 -133.446
648.124 -433.857
-314.8 538.121
-5.722 138.642
786.53 -382.623
399.242 524.385
455.47 543.419
687.123 -218.874
-455.686 -634.33
496.762 553.635
-72.349 -89.626
-532.45 -437.361
519.964 440.729
-408.74 558.124
740.142 -279.848
460.993 655.486
631.881 383.181
31.286 190.677
126.078 -40.496
692.445 -138.322
-48.164 90.442
-85.294 12.092
-132.747 97.479
556.444 404.846
139.47 44.64
-391.464 561.089
780.438 -360.569
817.62 -307.827
571.555 458.13
-581.797 -517.264
137.238 119.754
-384.0 -471.849
-49.686 -5.435
911.09 -262.273
517.243 421.497
25.582 28.098
-435.993 -586.213
410.132 504.355
-411.129 -275.804
-518.101 -325.217
832.86 -364.572
-488.302 652.713
525.315 602.919
-493.263 560.272
-515.575 -448.63
-428.959 -489.402
613.278 -307.566
661.132 -205.716
-619.326 -621.557
-317.189 588.35
473.497 488.363
-345.814 699.112
717.876 -292.67
-46.414 55.105
791.465 -340.247
154.922 116.543
-469.146 660.464
545.749 527.711
-407.282 590.54
-20.724 -17.996
-226.181 451.909
469.551 475.348
-525.504 -456.715
714.723 -287.512
569.068 392.39
-402.066 582.634
-608.355 -497.013
497.205 432.022
53.44 120.776
573.211 482.593
-526.343 534.347
24.655 -68.35
-490.915 -464.241
-47.078 -123.422
-315.818 542.577
15.128 67.674
-128.845 45.594
-44.227 -128.522
752.879 503.859
631.348 576.608
-393.878 -385.638
393.286 509.075
542.912 623.807
562.727 418.463
658.035 -324.892
52.94 -31.103
-50.173 88.59
-519.981 -433.086
41.99 -35.209
349.881 607.254
674.078 -258.694
-29.567 25.893
721.388 -390.062
-296.835 587.338
560.621 488.213
-55.526 -17.36
661.389 -293.599
722.151 -374.748
556.168 732.902
-80.04 106.238
-256.096 791.486
100.341 -71.318
561.917 500.045
737.798 -250.191
-12.905 121.327
537.277 417.782
-53.48 -143.879
459.655 562.986
587.183 -332.55
47.423 -46.514
2.435 -111.722
562.328 -296.432
678.946 -412.148
-166.282 90.57
57.069 -58.711
-435.437 592.512
-399.755 474.471
705.431 489.336
559.434 562.384
-466.876 628.493
-430.388 -502.667
-614.432 -416.532
681.313 -306.466
-606.309 -555.297
409.456 455.506
638.55 -362.446
-490.641 -550.558
686.878 -271.999
-100.54 43.299
635.19 534.557
-370.81 590.347
704.229 -456.387
-510.324 -530.127
496.821 583.089
-155.739 -112.059
-405.498 571.629
-517.006 -526.867
-75.742 -3.239
-265.642 599.143
824.603 -424.03
-264.064 581.69
530.846 561.104
533.855 476.728
-401.714 449.445
85.115 46.73
654.136 -273.795
-660.316 -543.297
-605.567 -437.397
-569.595 -487.448
396.859 393.601
636.683 -289.142
751.847 -364.224
86.577 18.736
-541.654 -584.363
434.581 445.465
757.346 -216.731
-589.745 -573.112
-244.226 655.263
-426.425 460.991
759.578 -224.572
615.203 485.151
464.597 487.527
-49.657 -31.031
-159.402 -23.43
576.365 -481.479
-450.145 -628.29
-470.884 -675.397
-486.374 -484.951
-105.644 -140.272
444.081 -200.804
-493.098 -621.49
-27.847 118.556
-565.739 -310.941
-395.594 555.346
-257.547 701.06
107.901 81.749
-380.423 535.98
-414.685 -569.046
784.17 -272.365
-603.078 -584.258
3.448 -33.567
617.133 -299.873
-471.964 608.394
431.118 515.808
492.469 437.734
-312.834 761.76
-104.3 -138.568
-423.417 664.006
-39.416 -138.024
-62.13 -124.157
342.16 376.849
448.04 424.246
500.613 403.068
-462.926 635.35
572.21 -292.812
526.136 576.591
-586.3 -483.416
-377.221 713.676
-93.189 247.788
-392.121 659.167
-72.522 -34.291
-247.682 530.225
535.144 483.899
644.658 -212.849
-290.998 485.698
-361.24 603.44
-377.999 558.976
582.688 492.923
-461.162 -706.277
13.684 -106.012
593.335 437.024
21.767 34.472
416.283 555.223
451.984 527.646
-363.288 607.222
-543.212 -351.289
460.688 409.775
-337.684 666.589
115.084 -136.614
457.393 405.686
-437.208 486.482
-297.519 643.119
-131.848 52.595
425.179 517.71
-429.443 -542.863
609.841 -353.219
779.756 -361.838
-387.686 -596.255
-621.462 -556.958
-22.913 99.093
-421.366 717.754
-438.161 499.47
546.867 481.279
-351.935 820.578
548.938 500.975
-451.72 654.895
-434.683 599.945
736.298 -426.249
654.166 -320.099
-671.782 -542.974
502.514 474.267
-569.061 -590.098
-18.316 -0.644
-481.265 691.585
-496.002 503.021
49.464 -34.34
438.404 446.159
-371.427 -662.789
-421.201 499.228
-45.464 3.922
-414.654 657.001
-477.367 -499.245
27.75 -54.747
563.984 526.476
437.546 627.955
578.492 361.642
524.976 510.66
444.866 527.602
733.626 -322.19
697.125 -180.7
723.703 -368.984
-16.5 -60.832
-474.803 -452.977
775.079 -300.975
-517.983 -391.788
638.351 -393.434
706.02 -277.785
21.051 -0.948
587.857 361.725
-480.553 585.211
-232.031 56.208
622.616 -449.698
680.64 -353.188
35.319 58.153
124.579 -8.771
-510.122 -543.662
508.799 275.034
-470.005 -355.69
-455.866 509.904
-23.006 -53.064
23.023 -4.067
-234.116 735.837
-479.302 598.07
-440.109 -524.116
-464.38 497.417
-445.155 630.707
638.444 -256.676
31.297 31.865
-91.633 -37.038
-386.583 573.066
403.638 432.931
-464.579 -603.513
-369.301 527.17
-625.519 -417.329
678.078 -294.758
-468.111 -461.23
-537.349 416.989
520.92 431.621
-464.03 708.417
563.747 -213.457
-559.671 -590.202
464.494 442.72
-490.784 -471.974
-556.168 -415.797
660.386 -279.853
19.304 58.201
477.503 476.316
488.25 704.582
643.871 -275.111
120.825 -121.536
-438.61 608.534
43.489 -113.245
679.211 -199.99
95.624 38.794
488.319 508.211
748.14 -270.26
-566.594 -411.107
-392.445 698.811
-426.624 791.761
407.874 603.734
-382.668 637.45
433.151 463.292
-437.944 -587.874
476.36 364.728
-494.877 -405.669
-416.065 551.772
834.145 -223.619
-462.923 586.236
-550.429 493.326
730.823 -352.768
-424.076 -469.991
586.225 -366.049
812.979 -273.566
-519.908 -570.446
-444.959 428.995
-32.08 -86.195
498.491 411.485
-29.484 96.663
-439.173 -397.892
577.682 -385.756
-530.013 -475.944
-498.504 651.236
399.568 548.76
501.0 423.824
560.674 -357.459
516.476 564.525
678.175 -283.877
24.043 10.791
-357.993 633.07
-423.23 482.712
710.866 -280.738
721.22 -175.282
704.959 -180.816
-398.572 -555.389
685.39 -260.329
350.664 502.074
677.353 -266.713
-427.286 582.816
-582.06 -595.643
-375.506 525.461
773.762 -284.283
-126.628 162.853
2.3 -22.745
13.075 95.591
-39.5 15.451
-540.679 -555.42
363.25 475.737
-350.33 673.051
760.389 -254.699
-465.209 626.536
490.874 526.371
805.295 -339.609
-518.096 -517.637
763.088 -300.622
-509.474 -542.972
-531.511 -487.689
-542.152 -553.552
772.209 -304.633
490.761 -340.844
-546.997 -445.251
-7.265 27.6
-421.438 -538.422
-339.845 441.264
-39.464 -6.667
-537.47 -479.256
-6.628 -36.164
716.446 -269.455
677.08 -370.781
489.593 547.522
-453.822 -451.81
6.509 -109.49
352.621 561.158
450.178 522.489
-608.803 -583.06
-705.562 -503.291
-372.346 597.391
690.29 -238.989
-328.923 -481.049
665.254 664.379
139.837 -14.999
-91.782 -70.786
534.902 574.673
22.234 -25.997
24.8 3.586
-513.997 -504.303
-489.0 -280.966
710.103 -284.387
167.749 -43.525
-84.449 127.268
558.195 479.518
583.889 435.381
524.508 447.385
-484.235 -393.876
533.118 470.716
-440.528 -381.917
-20.978 -26.311
5.644 -20.686
594.786 520.767
-37.667 44.768
-366.448 536.649
-572.45 -449.892
667.79 -339.327
-9.502 185.866
713.776 -302.764
556.948 -423.46
758.339 -340.331
682.957 -402.362
-551.27 -520.533
-22.11 41.355
168.171 77.877
-385.653 665.433
703.622 -257.687
520.445 568.747
-454.448 -566.838
503.62 450.959
-13.789 42.645
-387.319 -463.075
698.757 -328.445
739.683 -329.391
-364.707 -439.88
-470.508 609.937
-86.871 52.291
-400.528 692.727
-580.857 -504.6
592.544 461.02
71.229 41.939
509.95 506.643
491.8 522.169
735.551 -398.024
605.016 518.175
-464.725 -456.715
-350.826 739.024
488.11 521.277
-461.545 628.016
-614.998 -509.397
-490.729 -486.316
-469.275 -526.633
-520.63 -494.765
32.764 -75.686
719.566 -315.283
446.944 546.584
706.08 -329.215
85.369 44.033
-276.686 545.115
-43.213 26.656
-415.641 -451.906
706.961 -257.949
573.433 462.952
727.012 -284.324
-426.744 -777.944
612.917 458.469
542.598 -148.863
-435.304 -508.68
833.157 -374.042
624.508 -519.825
-37.103 17.393
456.594 575.408
-476.773 -491.129
528.456 510.41
-441.398 -559.02
-289.019 -616.892
-540.79 -465.077
-617.346 -445.319
502.554 471.657
-567.842 -461.644
-384.563 608.811
-514.778 667.332
-392.562 -476.046
-44.351 -156.334
16.708 174.014
-6.509 116.405
-397.573 704.452
-500.287 -452.799
-557.717 -591.129
-387.053 647.209
649.423 -294.259
558.621 493.037
-459.024 -395.237
-491.526 566.691
619.829 -318.995
500.765 480.246
-45.031 -80.245
732.39 -166.973
-444.263 470.849
11.412 53.669
480.709 525.405
659.342 -321.831
621.133 462.657
-354.8 662.906
563.052 390.053
743.995 -242.141
402.235 367.951
-493.193 -494.344
-489.877 -440.235
-501.647 -441.304
38.986 -12.866
829.644 -218.921
-400.797 450.524
-339.247 680.902
-430.288 616.927
585.867 325.958
-403.755 715.897
-533.113 -555.158
106.364 -8.094
806.789 -316.634
24.447 7.167
54.399 -80.257
-34.138 76.679
565.483 -331.926
540.99 436.846
42.695 8.057
-347.126 624.48
689.412 452.216
630.492 -219.052
718.789 -182.987
550.088 532.312
714.558 -298.952
-327.466 -587.46
-492.286 -491.094
-270.809 674.957
-27.551 -62.2
642.716 553.896
-580.979 -465.725
330.155 540.219
-108.661 52.374
-590.053 610.737
-308.748 582.507
656.046 -310.057
-555.113 -441.482
-473.653 -342.03
-343.789 694.387
-442.349 765.079
57.963 -29.436
-566.644 711.423
821.754 -239.844
-464.132 -467.791
701.863 -253.479
685.134 -371.789
322.755 473.664
-488.91 -444.885
627.086 -172.014
-44.586 12.425
-535.32 -512.189
84.243 22.185
-378.325 532.761
-293.307 556.579
424.204 525.523
-611.272 -594.54
-583.709 -577.639
487.024 432.355
651.78 -241.241
533.775 465.444
481.674 358.372
817.371 -333.157
34.322 -73.839
499.647 495.683
-437.924 555.814
599.713 426.228
-518.232 531.599
-128.159 -15.874
-420.258 608.664
527.93 403.744
662.504 -308.359
469.994 466.043
-613.311 -507.653
32.482 -94.657
701.724 -351.003
-66.007 -37.814
579.713 440.602
-313.842 654.556
517.697 438.112
-497.198 -504.968
570.968 531.717
601.17 381.367
-541.495 -531.516
704.588 -347.201
-550.349 587.936
682.801 -372.446
25.327 -76.119
666.164 499.324
-325.094 601.648
-389.103 -474.199
11.726 -88.618
-387.144 485.376
548.686 475.469
617.754 646.907
-537.846 -447.211
-447.29 -489.466
572.079 394.072
-493.314 -489.824
306.585 465.921
-376.814 713.836
-343.349 576.511
520.192 375.606
665.613 -302.457
-336.441 556.047
502.865 584.041
683.53 -467.854
-52.746 38.615
627.641 -362.505
831.755 -302.259
-555.071 -549.114
598.003 -290.261
446.936 482.782
743.4 -338.794
775.417 -332.206
492.737 631.461
-458.33 -478.668
-435.672 -543.066
682.231 -268.525
696.918 -253.128
33.707 -23.49
-435.292 -456.307
-394.012 550.959
-273.237 695.028
71.604 124.882
-420.106 -361.056
-425.659 -445.133
110.92 -33.55
-78.727 92.579
706.154 -381.509
44.359 47.805
805.084 -216.51
626.44 -299.514
-52.468 -47.025
27.398 43.183
651.259 -384.193
446.527 568.759
2.947 -29.156
88.634 -14.211
475.612 570.772
-519.67 -390.201
-53.023 -35.977
-457.424 -509.121
-372.608 636.309
632.96 568.975
23.93 59.955
695.961 -266.169
526.36 503.517
-38.535 -117.646
595.764 -317.962
92.727 -53.974
-382.081 638.726
-61.052 98.756
-494.199 -572.211
-76.397 101.885
-439.583 561.197
-21.887 37.454
399.195 520.673
-447.457 -544.015
-498.284 -486.506
-248.537 615.382
-335.364 544.062
-549.608 -446.313
670.295 -402.258
-408.014 709.126
-376.096 522.2
-528.476 -508.751
819.977 -468.011
-429.649 541.062
787.628 -335.633
-477.615 -308.684
-21.988 -42.089
450.37 579.197
543.706 590.136
6.491 -173.301
-554.008 -413.296
-423.711 504.86
466.93 480.649
556.333 -272.108
-358.211 616.572
457.789 404.317
-363.098 583.774
-121.348 10.969
715.556 -123.702
551.562 639.396
689.277 -420.984
578.26 573.596
528.441 519.339
-380.018 475.324
745.903 -366.925
-244.5 541.944
-249.837 673.238
423.264 575.032
53.503 24.969
-394.635 -474.76
655.269 -247.994
542.426 488.258
-565.767 -622.944
584.249 610.489
-294.425 727.36
-473.002 -571.104
-485.687 -401.649
505.492 462.427
504.776 534.225
692.579 -253.457
-558.073 -613.469
722.849 -401.794
-458.527 571.208
475.635 574.119
-418.76 634.108
-352.487 632.81
38.221 -31.947
798.204 -246.377
507.064 -167.648
-426.932 -440.241
-580.951 -381.317
-634.813 -557.591
-444.302 537.621
32.699 133.38
-1.882 74.03
481.573 459.574
-492.684 -626.452
-444.905 -691.041
615.161 -283.924
-441.347 662.859
694.08 -314.998
607.403 488.131
502.607 579.381
837.436 -373.804
-536.295 781.469
661.022 -190.272
763.247 -235.269
-625.841 -274.19
-649.718 -537.242
-7.579 131.123
-405.315 670.126
-459.584 -462.146
-45.214 26.201
533.753 408.982
581.783 -272.589
-90.058 -14.816
-423.024 -544.544
-94.433 -148.58
-558.3 -623.691
706.588 -359.02
-261.49 655.828
734.009 -347.239
-33.246 -24.598
630.66 624.116
-434.764 761.562
-291.17 -473.711
443.414 392.141
772.952 -321.075
-31.165 147.111
-419.501 -574.811
-403.946 706.767
-529.012 -444.187
92.867 88.529
74.037 95.317
-471.167 649.785
-10.352 -45.086
-360.018 536.332
913.839 -214.267
36.022 31.597
479.8 462.526
473.301 460.822
414.385 519.229
-387.827 663.365
-20.441 24.152
-523.986 -609.085
435.739 621.349
670.218 411.694
67.1 4.903
-424.507 540.55
565.735 587.352
47.198 -92.07
162.269 167.295
596.74 -314.631
631.083 558.614
63.462 -0.244
-59.056 48.595
-548.88 638.607
-413.353 752.679
690.323 -436.57
-449.866 -513.689
-73.939 -122.622
566.853 -341.466
554.641 439.687
-125.51 -82.144
-410.441 617.179
-4.096 -12.175
-395.25 -621.985
774.692 -117.973
-115.306 83.415
-441.626 -479.794
-122.837 108.626
-454.698 -516.046
539.725 417.74
667.328 -142.247
-41.958 -186.188
-439.225 -593.754
-439.737 713.677
-38.751 -162.577
-389.671 430.612
-542.061 -582.853
547.075 563.03
-147.665 -122.611
-196.152 -84.11
-460.917 -560.55
-38.421 3.132
-436.287 507.025
387.742 364.428
-414.106 601.823
771.658 -136.438
548.863 629.421
-516.859 606.535
-348.03 -321.637
-257.396 719.069
52.164 -16.336
673.242 -246.724
-21.628 -3.203
-6.075 -85.731
-501.187 596.113
596.969 433.142
377.098 420.35
-390.844 -511.43
-563.092 -653.815
-130.026 -37.219
-492.581 -490.645
-482.571 -427.97
67.473 59.772
702.256 -122.372
-465.497 -569.217
-571.392 -501.207
-430.876 -486.126
130.334 -83.877
-362.923 562.945
-441.49 -418.02
837.48 -380.425
-440.523 558.644
-130.886 45.672
328.033 622.844
-498.494 -412.852
-501.072 -411.067
453.034 532.594
793.674 -309.813
-732.246 -451.907
-506.301 -422.828
18.739 78.697
79.299 49.919
-447.697 -490.057
-467.745 524.347
-1.901 -133.903
-507.95 -548.996
-372.986 -462.725
-451.926 578.438
-378.613 551.739
-509.021 -560.099
-482.967 -564.245
682.546 -321.081
532.493 442.506
-519.927 -488.597
441.226 378.613
722.248 -342.578
-39.783 -95.547
-483.342 -486.5
685.707 -393.834
-27.219 -88.161
-222.232 18.254
-576.625 -578.073
327.944 542.438
89.415 30.038
-643.451 -485.74
-451.134 -627.434
232.355 548.704
-496.258 -553.087
557.391 509.722
-19.944 -143.549
426.379 567.143
-505.373 -546.047
107.285 81.736
835.403 -275.074
626.144 443.863
719.452 -278.835
-625.034 -574.407
-343.587 530.475
790.753 -288.978
-351.498 568.925
-391.911 -585.198
651.835 -189.897
-48.627 -190.382
-345.134 603.686
24.808 -41.36
-431.81 703.67
-280.177 -387.222
418.763 624.896
709.912 -336.739
128.538 12.888
-588.66 -471.676
87.48 18.852
579.907 556.372
40.403 133.172
634.425 -207.474
-433.528 661.491
-334.388 665.925
729.453 -382.193
573.523 -248.03
-432.99 -485.494
-15.034 66.733
-2.294 27.594
-447.486 -505.025
-458.48 -752.688
-593.002 -586.441
-643.673 -381.381
-11.765 -13.699
534.576 473.845
821.711 -392.749
526.057 516.059
-474.147 -410.408
728.925 -225.734
-376.802 581.143
-333.155 528.106
671.912 -363.368
-540.049 663.215
-425.609 482.966
27.066 -95.248
500.189 493.284
71.922 -146.379
526.277 547.195
543.203 456.375
-384.812 514.307
-332.778 581.081
-422.209 -505.008
618.077 -243.585
-504.215 -442.079
567.974 -449.311
829.907 -233.484
-477.284 469.124
780.799 -220.251
-554.688 -417.328
401.681 341.37
-527.764 -487.532
-144.366 -36.448
56.675 14.648
-27.911 36.264
-539.967 -409.379
-11.446 6.273
16.755 -67.059
-580.717 -442.849
-492.617 -580.759
715.403 -419.603
48.121 135.721
-352.687 525.907
701.506 495.576
806.023 -319.715
-464.758 635.895
-19.797 139.342
20.975 85.011
-68.21 -92.221
-115.193 -79.782
-447.757 621.007
645.638 -224.446
-68.336 -59.383
765.268 -284.762
-59.501 14.102
571.284 -309.13
-549.567 643.497
-454.179 631.466
-568.38 -521.558
-532.367 -526.85
666.715 -385.865
-495.63 550.075
878.325 -150.128
-534.372 -638.962
696.707 -316.537
-395.568 548.952
-341.618 515.577
520.617 483.501
-417.657 -460.007
82.167 77.15
835.495 -337.782
674.129 -367.651
-484.405 -561.852
69.254 140.012
-677.969 -548.621
777.521 -326.275
28.811 81.976
-458.997 445.497
711.859 569.639
-121.69 -115.953
-392.791 -517.535
561.791 505.746
-338.111 536.746
428.061 444.274
100.927 -94.167
-78.551 81.739
636.929 -437.914
717.626 -349.853
702.298 -397.731
-448.238 -524.294
578.099 -446.946
310.588 494.455
483.754 656.283
-412.477 -508.436
-552.874 -384.105
800.593 -312.574
607.93 664.468
569.518 366.705
-676.577 -464.125
-355.186 -590.984
730.56 -417.836
-382.26 576.103
-495.074 577.575
-290.181 640.999
640.234 -152.493
568.341 512.942
-354.506 673.978
451.372 710.012
-79.977 50.787
-377.26 685.377
-12.412 137.249
-409.367 482.795
-528.994 -594.519
421.787 527.736
473.133 493.222
-436.243 551.72
236.459 130.541
-446.094 -466.883
-470.795 510.394
120.626 -86.118
-347.278 631.466
-283.456 659.018
663.722 -326.996
-34.266 3.148
-12.928 -22.492
-494.564 -488.735
67.853 -0.6
-270.667 659.472
-393.022 -423.567
-12.287 12.635
-265.984 551.309
-424.654 -489.232
-9.616 -126.868
-464.869 -517.778
-467.334 522.315
-195.652 76.273
461.249 605.014
-446.063 -476.035
15.228 41.864
543.382 583.102
-323.195 792.75
-414.928 -582.144
-489.133 -403.681
-489.1 -556.355
-427.495 559.416
-562.14 -436.68
884.778 -311.715
-453.562 634.964
-499.626 600.538
-669.256 -571.748
-20.094 -59.213
-345.769 646.749
-23.418 -8.076
595.152 -285.708
680.311 -315.816
720.149 -233.173
574.873 466.384
665.554 -334.948
-452.231 -426.305
-629.865 -512.903
-587.908 -513.456
-343.19 776.902
622.847 -286.514
-57.246 -114.41
457.082 621.858
-460.195 637.28
648.189 -256.049
-386.218 660.926
-414.054 549.667
-384.73 434.911
-18.617 80.447
-262.111 504.641
-514.422 -477.481
634.631 -110.387
-471.626 -473.922
797.892 -321.292
-563.579 -435.328
643.442 -301.442
511.975 525.485
-499.802 686.348
-28.363 43.192
-519.731 -630.401
-481.262 419.571
13.823 -4.473
-387.997 582.915
24.252 130.358
385.841 540.045
662.563 598.422
724.158 -259.933
-561.402 594.112
442.141 354.824
3.334 33.503
-480.493 -576.842
26.356 39.716
724.336 -103.032
562.975 616.016
804.909 -320.571
485.378 520.522
96.386 64.723
-47.914 19.649
-35.306 0.424
508.926 -384.93
395.163 517.519
-561.229 482.061
-426.615 532.332
43.96 -27.697
30.339 28.013
630.821 -278.326
84.682 -37.237
890.691 -412.359
-497.008 574.215
-500.521 687.24
-13.437 5.715
-453.851 -436.927
-423.126 -429.948
490.925 455.806
14.088 -118.981
-419.193 -546.387
-430.372 642.543
-375.076 749.843
-25.382 -13.365
-288.366 564.458
-504.954 -591.31
-369.966 623.613
316.628 535.538
-345.116 729.586
676.253 -186.447
-290.488 691.698
459.677 351.3
525.462 536.934
163.191 -11.325
-526.259 -499.671
-169.247 -40.072
718.868 -323.828
536.312 509.196
-473.346 -512.202
-357.896 -549.825
-285.974 686.635
-478.867 -485.807
-91.799 -102.897
-26.384 -41.416
-462.342 612.373
750.521 -393.225
31.47 -69.75
-492.538 658.44
434.16 416.305
554.519 -125.298
51.862 146.405
-479.355 -617.823
-351.664 644.762
672.841 -429.852
-441.561 544.357
520.617 621.209
-387.589 706.877
391.339 549.625
725.684 -253.938
-495.454 -458.798
-42.124 158.067
-568.843 729.636
687.98 -376.168
-294.357 464.981
425.399 605.345
-506.544 -566.421
0.488 -126.457
-630.727 -454.466
-532.558 -440.215
-440.392 626.286
384.977 562.671
-301.657 566.727
-313.022 666.948
548.424 577.607
-9.773 33.775
-8.015 -65.177
-579.701 -413.18
521.736 567.839
-516.889 -449.503
508.293 608.082
-364.326 674.993
564.81 626.494
77.858 2.591
-441.765 -481.174
-418.066 -496.125
525.459 500.126
-384.376 731.271
-386.37 -466.779
-623.509 -512.38
737.95 -247.961
-351.859 -321.439
-378.272 -515.094
-496.581 633.165
-403.863 506.289
712.871 -301.716
-460.898 -689.738
-588.704 -432.243
-457.434 679.978
488.83 714.613
-499.247 565.92
509.345 506.479
-494.088 -527.208
387.129 389.307
679.956 -321.33
730.868 -353.088
-295.994 622.446
-425.858 575.442
-15.24 -45.139
-20.909 -4.079
-429.96 623.411
-508.175 -449.271
814.568 -401.546
15.836 52.536
-348.387 -541.417
502.9 578.759
-7.88 -19.589
94.823 -27.035
64.079 -29.696
600.932 -329.775
98.886 48.737
-535.985 -586.426
-637.886 -602.63
-388.553 505.746
636.453 -369.473
-314.7 528.254
775.438 -326.961
41.245 45.846
-224.206 -74.01
-282.243 630.401
-212.205 487.167
-453.292 582.11
412.178 589.051
775.601 -218.302
806.201 -208.467
645.908 -285.656
-473.227 572.15
-344.013 713.115
-410.46 -648.339
15.351 29.379
-556.397 604.543
-83.273 91.191
783.579 -175.038
86.518 45.604
536.938 514.572
-532.0 -489.25
697.323 -389.389
858.748 -348.914
453.419 522.858
1.414 63.69
7.097 50.236
756.003 -324.34
-408.433 -642.037
640.167 -249.994
0.128 -45.389
737.615 -284.632
394.047 407.47
-487.847 477.257
571.85 531.007
-547.738 -517.967
535.777 -295.925
-202.953 470.216
648.444 -270.581
-290.08 628.34
804.025 -350.696
749.262 -207.607
-68.838 -62.743
735.336 -373.132
-475.027 527.801
-520.456 -473.017
-63.364 -12.815
528.306 369.818
600.703 607.751
-68.032 -68.641
776.413 -368.917
513.624 432.009
-397.67 575.084
-335.671 578.214
380.302 536.768
624.986 -385.623
-425.088 -465.43
-606.661 -534.613
-427.334 578.671
737.215 -292.738
209.109 133.822
473.2 544.466
795.095 -151.292
664.753 -167.614
28.504 20.578
433.936 489.044
-438.213 711.932
565.74 494.625
551.817 394.057
760.995 -334.517
536.192 522.54
2.236 -62.836
525.089 467.98
643.17 -397.505
-296.788 560.967
50.094 1.921
154.166 -35.157
86.565 28.849
-412.038 557.025
374.588 522.058
509.748 504.502
-436.308 692.678
734.76 -315.781
98.23 62.529
478.204 539.008
-356.853 597.734
606.861 444.506
-29.558 -11.64
721.276 -203.204
-438.984 512.981
-387.065 -509.954
-532.581 -503.303
-495.783 580.036
506.504 554.125
-325.658 733.709
-298.231 373.78
-275.841 624.353
-486.092 -463.55
-416.626 -473.786
-523.242 467.614
-283.753 562.824
412.384 508.7
455.973 365.117
161.652 -71.028
47.904 -34.273
635.824 -370.746
-403.384 752.711
-556.531 -475.696
496.53 524.921
506.62 522.476
-483.158 -648.094
433.699 387.148
433.525 452.828
-105.339 -37.34
-500.366 -484.184
-584.258 506.455
-269.027 700.841
-491.301 537.955
678.668 -300.139
-446.628 -603.841
-418.218 659.581
381.547 380.921
533.836 604.526
-195.902 609.512
-506.983 -580.939
92.384 -69.113
497.304 444.091
760.739 -283.707
-515.145 -627.97
830.251 -328.476
41.139 86.857
-3.06 108.17
391.853 456.819
754.821 -289.562
-461.517 -450.991
-506.706 -601.705
110.15 145.809
-122.229 -0.508
-536.666 -559.496
110.898 -15.62
-79.17 -95.423
120.475 77.377
886.518 -276.607
-462.808 -388.261
-397.77 -500.128
74.705 -119.846
654.152 -259.678
758.858 -232.756
-460.837 561.262
-405.056 -569.422
64.551 -77.368
-443.41 557.267
68.352 -17.267
-437.429 594.93
525.688 438.416
-506.502 -459.836
-37.332 -13.692
426.812 499.423
1033.255 -316.669
591.505 -178.634
-39.951 1.5
673.913 -219.73
592.112 457.403
-415.666 -449.098
669.623 -357.676
-65.007 14.991
479.959 489.822
-86.896 -106.988
-131.184 118.468
-598.858 -259.64
-24.037 -28.626
547.097 465.648
-416.288 -497.463
-411.206 -566.381
-533.099 -504.827
-461.96 608.72
594.036 -316.864
-535.681 501.553
604.281 -388.874
595.694 430.217
724.554 -318.446
-391.581 637.91
608.905 -113.885
709.103 -321.113
672.272 -261.768
370.666 476.819
-2.302 -70.094
803.478 -414.58
-45.01 124.926
-335.083 -433.051
486.001 493.216
128.738 -64.195
-483.999 -640.64
-547.05 -485.845
-419.946 -557.767
-571.463 -513.865
582.664 423.295
728.671 -179.076
-393.745 555.446
-477.176 -440.301
-578.27 -402.868
730.203 -420.159
-648.587 477.931
-445.001 -598.906
613.187 592.876
-407.507 516.246
-12.462 127.777
675.608 -409.505
-521.478 620.871
-385.151 -431.602
502.375 507.765
457.337 373.016
562.453 489.436
-463.475 -598.701
577.715 521.831
625.314 -310.075
-274.047 517.575
-5.625 -116.108
-473.29 -607.816
788.888 -347.674
626.824 504.982
-457.02 -534.416
-510.037 -370.915
-338.919 684.73
-341.163 606.171
640.234 -227.634
523.298 659.246
-248.287 584.678
-740.858 -447.404
533.689 -287.107
52.207 76.719
734.074 -140.592
468.556 -334.108
679.168 -308.991
-316.612 696.333
635.24 551.049
-562.07 -512.087
-490.097 -443.878
731.461 -238.205
-395.1 580.269
-1.263 18.029
12.395 -33.746
484.853 414.796
770.505 -268.11
-61.326 -82.012
-538.899 658.186
-11.15 0.684
786.974 -260.007
-476.893 -609.078
158.876 7.342
546.156 735.07
-285.497 640.774
356.135 452.136
726.33 -318.624
529.594 581.49
-574.161 -410.45
17.021 -23.29
-476.58 454.455
397.308 482.049
508.235 503.749
653.49 -250.959
89.461 40.388
-84.378 -0.191
445.887 444.942
-525.169 -406.924
493.087 471.847
667.344 -261.863
511.19 457.713
6.917 -188.683
-47.638 55.881
-385.432 -445.908
-490.21 -549.961
-681.093 -605.644
457.964 701.81
-421.515 561.52
554.39 -224.237
-427.075 -515.077
-481.115 613.689
-427.145 -490.306
555.071 522.009
-523.139 -420.561
-391.04 624.414
647.929 -301.917
-580.465 -366.523
-462.167 637.141
-524.7 -506.289
81.874 -64.843
69.364 65.724
567.892 -238.739
-478.546 581.762
-91.148 -49.232
-382.538 -431.036
-594.216 -463.929
519.163 526.398
-584.031 -393.609
-302.161 666.947
20.604 -130.05
710.634 -378.02
403.376 464.548
-488.657 -322.826
734.477 -265.41
-615.696 -533.996
-26.093 101.598
-573.816 -432.505
495.656 480.106
694.591 -236.933
-442.423 689.977
-474.009 -519.79
50.318 85.249
707.83 -340.744
850.911 -324.3
-88.161 29.3
-30.266 124.35
-354.498 -470.765
-387.561 651.743
701.737 -318.731
-393.451 680.567
-403.093 -556.373
-111.055 21.652
515.967 554.001
643.79 -424.439
422.52 600.536
-219.744 714.097
128.202 -46.291
-421.858 -526.353
-595.404 566.385
483.038 503.833
-445.353 -479.829
-239.782 474.481
448.355 338.545
-45.704 -10.773
417.31 514.222
-6.836 -17.099
616.856 -373.424
599.819 465.32
-27.492 -2.286
-280.125 626.37
-328.423 677.845
602.055 -303.078
-18.416 115.882
-496.526 -555.597
-45.194 -83.452
497.757 554.056
-344.51 613.149
735.629 -334.033
33.126 115.372
113.89 27.213
-482.206 -457.329
-545.111 -413.244
786.586 -191.459
416.313 574.474
637.509 -375.683
548.835 371.467
384.016 510.079
-587.785 -562.447
-400.606 -526.034
658.771 -344.463
168.395 -66.224
478.082 589.818
653.811 -214.07
613.998 -174.858
849.001 -419.548
419.611 495.734
-458.684 -481.358
662.027 -400.857
608.702 -345.935
571.173 390.569
-280.882 381.626
-535.848 -483.533
-460.516 -498.82
671.477 -247.716
523.567 496.82
24.61 83.637
-382.399 -433.674
-390.477 -502.851
-297.941 -573.675
-373.538 678.781
-382.465 573.727
-441.908 -464.243
505.131 608.512
-393.413 -387.796
591.56 -321.072
-683.66 -457.051
674.978 -378.138
-453.433 688.761
-425.097 675.766
-36.82 -29.243
-412.145 -443.928
-297.227 527.386
-514.282 -611.001
346.88 584.853
-481.553 -508.963
-43.826 51.524
674.276 516.89
584.383 -291.619
-26.439 111.045
-460.922 532.93
47.291 -75.859
-405.949 613.751
-394.118 576.547
43.311 45.87
616.892 378.012
-7.274 -35.315
508.534 526.868
-604.774 577.575
-584.618 -477.623
-371.621 610.37
-285.294 558.177
-467.862 631.023
71.753 -12.551
495.455 522.03
716.034 -313.05
40.088 -7.344
627.248 -145.087
-428.616 661.439
310.006 411.883
-576.143 -495.897
751.586 -290.825
794.871 -417.6
-638.888 -508.911
463.999 -273.112
-680.944 -640.693
660.417 -247.583
-459.046 570.8
50.874 40.556
-423.039 660.766
-495.432 -581.393
-21.144 59.356
-460.526 677.898
-0.434 8.321
-596.671 -556.081
-291.159 629.512
665.53 -322.496
97.718 92.364
439.232 479.844
-437.974 470.831
-571.494 -677.452
-476.859 669.158
-157.399 -44.834
-570.325 -536.421
-563.633 -667.125
779.581 -345.482
-626.499 653.277
-419.327 611.643
-40.302 -14.163
-340.989 615.911
-418.303 -624.875
-588.327 -483.069
-514.412 549.895
444.909 464.478
-461.697 576.246
-116.188 -81.089
-512.589 -486.003
604.825 537.762
796.029 -274.9
-537.286 -593.149
655.241 -368.756
480.252 478.702
412.617 461.872
-369.939 647.985
485.192 540.183
-351.151 -324.651
-123.07 3.789
638.2 -282.767
-225.546 484.969
151.183 -80.259
-466.627 -485.167
616.117 -289.879
-559.773 535.265
-142.511 -61.101
543.78 434.466
-486.093 581.771
452.369 498.781
789.266 -211.361
452.704 539.121
-276.691 632.784
-107.911 30.752
700.178 -267.359
120.537 116.509
-123.968 90.398
-456.431 -558.287
-438.146 673.553
424.195 475.228
86.063 -32.173
601.504 382.769
443.29 431.016
462.755 435.533
-437.572 -447.763
571.664 -406.832
146.256 -30.259
539.339 693.744
-428.881 -485.868
812.784 -324.738
48.957 26.256
551.5 565.861
581.572 550.758
-427.036 -371.878
-404.329 538.668
-435.44 -532.864
729.664 -438.726
512.715 574.194
432.273 639.342
41.252 58.133
757.843 -196.503
-612.743 -521.726
-378.015 598.934
404.39 462.442
-350.27 687.964
20.769 -16.602
463.758 420.89
930.807 -265.901
444.765 608.117
79.255 -115.758
-28.649 -76.567
688.65 -198.833
-404.886 686.886
-359.482 571.026
793.617 -521.436
690.828 -282.98
3.984 45.227
433.658 511.296
-295.977 678.222
-366.247 537.484
-393.97 551.42
-525.98 -527.057
-316.161 551.184
-17.689 91.454
-479.288 -411.864
509.193 445.393
-442.044 -475.926
-45.909 44.445
773.528 -258.769
743.103 -409.032
44.456 -86.56
797.861 -400.498
403.335 469.352
719.448 -320.851
658.264 -367.367
770.862 -223.212
-412.964 -500.015
704.094 -298.176
588.946 610.732
559.802 -224.562
-513.71 -505.949
625.68 -427.341
82.255 33.436
-319.851 485.329
-557.781 -388.211
185.987 46.124
689.377 -349.763
-476.437 -563.627
-339.002 537.825
-441.471 633.913
-15.629 28.361
628.425 -330.981
-352.047 521.481
-257.423 461.555
-406.277 541.997
-610.671 -455.857
762.592 -296.456
491.107 401.042
738.694 -471.829
561.796 551.196
734.813 -354.849
605.056 407.74
-590.461 -606.637
382.109 637.841
56.617 122.483
-333.551 543.253
-480.077 513.288
56.031 40.326
-222.1 532.589
16.944 -61.313
-449.748 -501.291
497.509 475.95
510.25 -267.256
525.593 406.151
521.855 471.074
531.402 546.912
477.174 414.797
579.99 655.493
138.602 -14.024
-96.901 73.696
-479.44 677.732
585.983 624.44
-569.981 -453.724
-501.952 -575.506
-113.591 7.113
456.982 419.173
-434.436 672.368
722.196 -278.66
-403.98 575.444
14.749 48.112
-541.52 -449.824
-20.851 30.224
-581.464 -509.03
-432.354 554.772
-510.186 -514.498
352.927 411.013
782.248 -414.563
730.583 -272.277
485.086 549.017
80.187 -65.396
-434.228 595.851
335.799 674.609
-72.51 -43.467
687.027 -257.124
-11.524 139.947
-41.775 0.237
3.55 -15.884
600.258 446.715
-46.1 78.305
610.459 538.289
334.96 547.673
-78.551 -124.67
804.004 -229.734
794.73 -212.652
569.317 -344.51
-360.485 465.281
90.38 71.289
-517.857 518.489
-432.087 663.434
-426.377 697.31
440.294 512.058
-357.481 650.999
497.623 575.559
417.597 597.553
533.409 476.011
-638.158 -395.555
-488.594 615.716
-79.959 -13.242
-589.961 -555.875
-489.307 618.041
-371.735 -592.817
611.02 556.594
-322.798 561.2
-393.9 697.155
706.075 -185.093
-453.927 694.928
621.796 -243.052
550.864 707.561
372.136 604.202
-541.668 -513.005
473.647 428.921
22.631 105.973
-475.534 -475.058
-486.101 -569.3
-413.784 -474.569
665.949 -197.389
590.677 568.276
734.01 -337.705
757.282 -307.117
-439.105 -466.673
593.879 -252.122
-599.405 -460.79
130.473 -26.917
-372.111 -488.598
-369.476 613.964
-46.183 -65.092
-393.932 -583.017
475.404 451.793
-568.127 -553.127
708.032 -341.067
488.261 584.659
582.481 526.36
591.246 -254.368
-139.968 -14.303
42.613 10.308
490.212 605.064
-261.044 668.237
-460.943 -400.353
-164.056 -17.434
849.399 -348.962
3.729 73.487
530.194 534.502
-97.697 -0.563
451.693 507.169
-364.971 588.339
555.735 465.776
762.102 -282.452
110.187 43.167
-16.196 -43.603
662.974 -184.176
-483.373 -509.957
-471.218 -609.225
-425.124 602.816
-83.523 -112.614
-524.548 -433.364
-25.102 -14.506
-543.005 536.128
511.291 613.046
739.641 -245.464
-9.246 47.337
-306.98 505.692
-129.709 14.741
519.749 631.492
-400.913 610.549
-584.388 -455.153
-102.33 26.399
707.398 -226.285
524.803 421.857
-430.277 577.862
-538.888 -509.771
-613.772 -432.626
-563.654 -531.103
448.301 508.032
-70.786 0.307
-493.679 -430.668
-440.997 599.699
-475.049 592.498
614.111 -214.543
685.799 -335.592
-493.89 -672.454
-336.624 608.445
-67.425 -54.857
43.277 -16.364
-602.501 -423.349
-334.119 652.007
-441.624 -360.817
-429.824 530.674
564.813 527.9
-511.878 -493.93
-503.759 -578.452
-431.568 569.548
586.381 436.746
505.15 551.637
-465.78 559.053
-547.651 -580.519
-482.954 -505.119
687.978 -301.596
-532.208 -369.752
526.364 599.509
-528.432 -547.45
395.318 587.46
-47.709 80.532
-72.16 14.061
515.155 598.915
466.731 334.168
-614.344 -405.095
-336.563 -511.798
-303.475 659.562
593.667 -229.459
364.092 475.328
-434.249 799.912
-545.428 629.668
487.165 617.029
-386.977 718.554
603.9 -247.047
715.577 -300.595
-489.532 -482.953
671.49 -336.68
103.259 -156.677
-502.657 602.156
612.419 548.779
-338.895 635.614
655.308 -485.495
811.366 -107.553
556.883 -340.304
659.078 -297.925
-221.184 554.278
-305.269 -430.905
-496.193 -479.57
-518.191 -517.521
-508.34 -451.268
-452.704 535.65
696.063 -278.275
519.257 442.8
413.504 505.434
1.1 19.956
624.162 468.352
-413.127 -442.834
841.851 -399.635
-49.92 -159.862
468.507 472.389
697.825 -296.754
-57.966 66.333
626.882 -344.63
-477.251 -358.122
846.395 -221.446
669.65 -164.244
841.004 -255.877
765.807 -265.95
476.544 376.358
710.402 -431.103
556.484 543.852
-457.424 -666.633
30.483 14.404
-525.182 705.616
-315.295 513.728
722.56 -234.036
-401.662 467.386
723.642 -315.053
605.476 -325.736
516.024 491.185
859.676 -138.321
690.742 434.793
34.222 56.683
-397.22 643.657
-497.682 711.914
-343.296 535.461
-291.569 -520.799
516.516 582.372
624.364 -303.682
578.019 483.75
-420.285 -507.493
-96.569 55.635
-510.604 -593.39
-613.673 -626.46
604.147 500.413
612.17 -371.001
526.032 534.839
441.19 495.297
-72.84 21.955
-75.218 -30.383
618.294 -208.675
112.639 -51.822
-76.743 34.957
670.506 -231.786
-417.83 -489.497
397.657 380.998
-411.203 -542.159
-74.466 -8.909
-399.313 595.127
-478.873 -558.878
-290.864 675.842
-582.104 -443.88
-460.514 -448.907
-309.438 524.919
-57.062 -27.403
-395.408 550.062
865.391 -278.966
648.359 -297.865
-337.557 501.207
426.882 598.31
34.8 -91.723
-377.13 635.429
61.541 -23.54
546.116 412.079
711.708 -310.0
-79.382 -72.072
470.576 425.856
-544.688 -555.049
493.033 -284.611
511.684 504.741
516.524 540.297
-387.926 453.927
676.805 438.129
503.775 617.429
-72.158 -17.411
646.102 -326.914
579.259 -395.558
-319.528 579.478
594.352 -502.617
-10.722 50.748
430.453 492.265
601.148 -362.211
13.109 118.222
809.572 -402.498
626.224 -384.402
-470.824 570.382
-630.281 -571.275
-26.15 -163.437
-154.629 -105.525
668.555 518.187
-336.295 620.794
758.125 -208.392
168.352 47.297
462.365 435.108
69.151 -23.797
-458.623 601.818
-269.918 609.773
394.152 379.44
728.942 -300.234
690.158 -221.324
-110.401 -88.068
-463.442 -737.87
451.699 506.834
-442.848 -410.99
474.821 525.228
30.981 184.64
-335.381 -345.883
-40.584 73.676
-416.716 472.264
523.661 563.962
-17.423 -43.188
-582.721 575.896
-523.94 722.003
446.206 398.893
-414.988 -453.787
741.601 -439.949
534.98 484.66
674.088 -287.873
-477.755 -450.011
669.47 -425.767
-369.126 -515.684
-529.23 -581.679
700.655 -424.255
-720.457 -455.545
371.013 492.956
-502.252 -585.402
-454.256 523.676
-451.825 -549.468
-509.979 -509.877
692.454 -318.882
547.124 499.593
703.343 -301.454
-392.019 448.329
-478.898 553.124
689.103 -232.32
540.103 407.021
635.063 -286.167
-407.649 -465.696
-189.167 -21.461
436.583 425.424
-485.487 -519.407
-583.338 -532.764
780.178 -293.746
657.321 428.726
632.009 -374.188
-390.343 -526.242
795.82 -297.464
-607.77 -668.844
767.388 -295.137
-576.704 -438.648
50.743 -35.832
422.226 628.277
801.4 -456.339
-173.128 56.614
-659.314 -417.692
-502.592 -366.821
747.262 -286.381
-414.767 606.304
-466.544 605.403
603.184 -310.894
724.998 -251.039
-38.887 -26.313
495.462 574.796
665.439 -393.061
-386.935 612.406
-379.613 486.947
-387.357 -506.778
-261.658 609.693
-427.943 713.408
752.143 -218.53
-290.002 437.579
749.893 -307.642
42.679 -96.99
195.647 34.079
722.075 -404.721
94.772 -50.922
561.542 539.076
96.226 67.275
-474.765 -602.105
403.227 476.824
881.233 -206.291
-448.981 609.073
-390.022 603.206
49.145 -16.605
-510.842 503.841
-460.823 -429.376
43.328 18.055
-78.922 -103.154
-507.667 -583.596
-565.182 -463.699
678.699 -234.878
-468.902 -704.547
-455.272 -492.051
-539.259 480.71
-524.281 -445.187
-451.705 627.765
-323.732 610.71
-377.585 619.916
-531.852 -564.616
-270.564 -469.01
-532.67 396.317
-417.916 609.376
603.672 -258.455
449.481 492.196
609.749 -318.308
-289.371 -760.607
-538.708 -415.641
-380.007 635.896
732.391 -452.372
20.909 212.904
-458.25 562.939
-31.622 145.272
459.965 586.558
127.816 -17.956
34.049 -59.845
-342.845 660.534
701.883 -225.65
577.664 462.718
727.372 -421.911
-308.549 -460.888
800.934 -300.247
-638.834 -614.618
-466.017 705.098
-564.696 -512.935
-370.7 556.188
-461.435 714.243
652.787 -225.761
-526.152 -359.373
10.188 22.638
-521.386 -558.842
511.967 522.246
-81.427 132.813
537.883 496.728
-454.236 -518.867
452.959 439.776
-117.683 4.339
718.09 -232.331
5.563 -22.899
-458.258 -486.676
-281.642 520.227
-350.48 -487.252
642.792 -195.789
-374.959 638.204
-525.054 -440.9
-518.412 -629.179
-367.659 753.369
10.794 127.093
490.531 503.701
-514.768 -578.782
-592.415 -534.526
-13.15 -23.403
654.509 -422.426
-519.049 670.608
498.011 577.716
664.372 -298.495
-294.378 604.265
-367.173 -383.13
-356.078 494.766
215.032 1.159
-490.56 540.47
149.209 47.617
706.202 -272.184
618.063 -289.993
579.333 397.042
-342.189 615.483
717.965 -233.795
397.715 580.165
685.937 -244.943
83.958 -96.967
-463.513 -487.062
-291.119 622.213
-41.408 -83.534
695.83 -257.039
27.513 54.006
568.199 547.936
545.541 528.071
-528.545 -425.669
-43.322 -45.966
-465.641 575.328
-67.028 -128.228
459.481 482.023
685.564 -466.085
548.592 504.285
-534.648 -529.861
21.92 -87.593
577.64 663.167
-617.354 -548.224
514.405 547.848
648.026 -212.579
820.336 -239.24
-447.316 -522.288
685.401 -190.469
581.008 -439.628
-32.219 5.317
510.14 626.362
-579.923 -554.085
-52.69 -99.506
-54.366 2.144
-402.348 699.381
-25.102 -15.115
-446.659 -548.61
-511.612 -621.173
668.612 -366.492
8.743 44.924
-521.677 489.28
-89.48 57.302
23.312 -24.131
704.567 -220.712
-579.304 -518.578
-510.659 -523.146
831.795 -260.243
-400.377 808.396
482.333 367.208
522.386 -268.726
607.663 562.86
-34.202 100.341
794.691 -281.963
57.312 17.557
-54.169 23.647
-597.543 -699.615
-476.149 -519.749
-395.901 544.182
-542.748 512.111
568.944 584.293
478.432 399.738
579.231 505.896
659.031 422.165
-333.258 -478.37
-445.886 -491.726
443.586 426.129
-568.524 -541.165
683.443 -295.139
691.054 -378.016
662.475 -447.405
-368.328 614.29
-381.905 675.304
-217.254 577.327
226.961 -13.795
40.238 8.229
-468.279 437.921
549.832 330.499
-151.753 -106.271
137.687 65.289
731.505 -293.386
-496.698 527.585
-516.896 756.962
-459.983 -527.794
521.24 460.844
762.026 -303.435
-472.008 499.607
707.707 -345.753
-420.438 -529.427
750.917 -242.485
-388.325 -261.595
-312.73 589.765
630.435 403.675
-480.987 -662.535
475.742 490.976
740.74 -426.35
-444.423 565.686
700.789 -392.801
-539.282 -393.731
509.537 555.362
-243.379 466.086
-385.661 660.431
-537.087 -657.079
423.148 504.926
659.207 -194.308
-408.699 -597.755
-267.577 717.194
-42.778 76.687
-392.366 571.321
-527.06 615.239
-487.81 -562.781
504.732 349.212
726.143 -287.837
684.74 -264.045
-454.029 672.328
-531.886 -479.794
579.19 -182.256
-577.96 -474.212
-408.92 636.133
-499.841 438.792
524.455 612.775
56.498 -19.203
632.505 -315.102
-351.874 590.843
524.618 -289.928
-22.966 77.443
-425.252 -526.515
-669.285 -510.433
-338.946 675.823
629.514 -366.327
406.073 378.043
-56.892 -85.541
536.926 558.166
516.433 478.57
-475.612 693.345
509.43 486.416
662.897 -341.218
81.556 -31.772
511.138 589.64
716.478 -214.869
411.048 496.456
-457.626 564.22
-391.174 674.323
14.413 -100.639
-443.246 -665.216
280.097 623.905
826.932 -232.38
700.715 -148.345
610.358 517.186
-35.96 121.454
-475.32 608.871
-260.48 635.607
825.776 -301.756
-543.454 -453.567
-463.727 -356.767
-11.296 -10.088
867.92 -194.582
-429.384 782.455
-538.249 -375.333
-385.444 605.715
784.27 -279.0
457.562 558.809
-358.112 553.66
811.445 -432.581
-365.279 512.095
-279.673 565.426
606.955 -332.965
588.672 494.52
-454.006 -545.053
-370.711 538.657
685.194 -341.103
403.493 418.405
-438.125 -428.869
-492.303 581.533
-463.918 616.781
73.141 73.093
756.055 -159.375
-326.042 629.777
-604.14 686.681
-439.976 -475.23
-444.653 553.835
-9.247 29.899
-354.573 595.943
-511.181 587.351
-642.325 -648.79
-406.82 703.549
-634.716 -641.077
-519.617 -503.525
-531.834 646.428
-347.397 724.695
518.229 566.831
89.463 -99.261
659.358 -283.966
50.6 33.642
-351.438 577.986
538.567 565.534
-6.808 54.369
-106.761 115.216
-89.945 56.59
663.25 -370.961
-73.336 40.975
-423.121 473.155
-581.448 -487.984
-446.615 -497.032
683.949 -223.94
-44.075 -64.532
810.586 -308.473
732.731 -335.86
-54.267 -39.656
492.4 468.459
-60.925 109.215
599.821 560.88
458.761 498.211
-48.237 5.401
-384.358 656.103
566.672 403.363
546.801 515.895
-246.953 544.598
-656.212 -465.149
-499.594 -519.927
-285.22 -448.709
532.658 446.212
660.051 -228.703
668.151 -313.352
572.838 496.54
-43.221 -84.293
-319.787 587.558
31.798 -43.359
778.315 -251.972
-412.146 -567.179
76.351 -84.315
-641.778 -592.814
772.344 -257.834
706.916 -278.258
-66.786 130.987
-291.062 602.193
-494.575 -516.842
-365.815 659.517
769.482 -196.609
37.571 -83.2
-441.411 470.274
-51.309 -47.423
-390.397 706.882
-442.35 616.836
-330.98 632.84
536.883 438.609
819.503 -213.629
45.528 210.213
-12.931 188.551
828.535 -302.064
-529.384 -641.346
779.651 -285.186
444.154 428.707
-85.287 200.673
-340.368 590.522
-449.221 701.201
710.827 -375.689
107.283 -17.613
705.735 -404.839
-513.117 -545.502
-455.909 579.625
599.695 -280.605
591.04 397.139
-574.808 -527.022
507.124 533.256
815.231 -256.775
630.633 -317.183
-584.255 -504.065
484.453 524.979
682.569 -82.436
661.561 474.047
627.066 -346.623
492.862 455.938
12.726 46.211
732.462 -311.526
579.249 588.437
35.317 37.23
-233.894 650.064
70.987 -85.784
-478.378 -559.92
-418.668 619.264
-402.757 574.471
490.485 533.543
615.49 -168.975
-429.714 698.949
656.251 -262.282
468.917 507.394
-416.109 654.199
-5.735 -54.621
462.03 601.915
24.379 93.875
493.548 367.986
539.471 458.372
-57.414 -8.077
-27.068 68.071
681.389 -321.893
440.729 479.592
632.692 -348.885
731.378 -372.734
734.75 -289.791
-553.93 -449.98
-472.837 619.45
309.629 591.79
-458.158 684.258
-289.255 -393.125
-596.037 -561.249
-434.903 678.803
-471.29 788.008
-614.237 -525.454
695.425 -310.209
-405.649 528.056
-567.965 -470.633
679.114 -299.763
111.074 4.018
-96.969 -27.983
-398.693 763.714
-541.19 -444.813
-463.734 -486.413
748.577 -217.206
16.867 -38.604
96.792 56.924
501.371 -181.344
499.513 339.57
670.286 -297.672
-373.225 654.66
704.422 -312.492
-10.916 -30.923
-485.412 -373.636
-419.205 635.22
-417.258 576.918
-463.646 -418.163
736.329 -263.729
-529.831 -421.442
558.829 398.797
-408.544 -577.754
-397.66 523.301
570.899 604.45
-500.177 -392.209
543.59 471.071
524.8 364.617
-335.07 543.068
734.083 -187.428
562.985 421.429
-343.597 635.841
682.833 -279.292
-488.185 -410.919
-63.843 -126.545
-68.476 -52.987
-129.572 68.377
754.614 -243.568
470.909 446.793
-564.743 -560.959
-429.622 505.8
400.622 428.839
-494.25 -389.105
-285.796 -532.1
474.269 453.041
-371.371 616.594
596.24 504.68
329.051 435.435
729.5 -324.752
534.75 577.7
811.576 -302.32
510.176 454.026
47.962 43.328
467.109 506.82
-259.389 616.468
-382.541 586.903
-502.746 -627.443
-351.324 -503.763
-452.842 532.277
782.546 -309.29
-399.715 498.508
-412.849 687.284
-138.062 -70.5
-524.912 -611.584
-665.337 -687.166
-417.291 -493.955
-379.105 511.187
524.648 539.81
517.972 350.869
-344.593 618.63
-471.815 -338.818
-466.13 647.977
125.705 -202.266
-33.849 83.672
712.265 -221.878
-9.806 25.008
-468.959 -632.038
667.261 -371.521
-43.132 -6.911
716.615 -241.326
431.623 451.19
507.084 524.18
-462.374 580.972
788.577 -179.942
427.059 523.6
511.561 526.334
374.505 552.752
75.221 19.742
470.741 466.25
-463.407 719.238
-479.597 573.188
-273.893 551.461
499.314 375.636
-264.503 567.247
704.796 -321.173
177.153 -56.751
83.326 -142.872
560.892 -246.843
770.849 -210.339
123.759 82.749
-388.631 -524.649
567.508 415.878
783.064 -345.725
-473.46 588.572
-341.523 -530.217
924.542 -411.854
621.344 -350.277
-21.537 43.298
-345.272 495.989
-493.796 -601.454
675.493 -384.94
-386.247 -483.379
-333.85 -693.916
-514.887 -584.605
2.182 -55.015
62.368 138.429
648.075 -324.672
381.456 531.211
738.18 -262.103
614.972 -234.71
-525.36 -462.505
759.643 -432.037
13.281 43.297
-378.335 619.812
622.325 -410.394
-10.05 107.799
-145.976 -47.582
449.541 445.543
674.227 -320.528
591.098 509.659
-404.902 543.27
-364.605 677.371
-424.155 581.772
-543.635 -558.213
-11.546 9.793
-585.225 -543.342
698.57 -344.339
-631.093 -381.494
-396.388 -406.794
678.809 -235.098
-117.96 19.14
461.773 537.334
550.442 538.306
668.418 -266.44
40.065 104.729
-398.539 -497.674
-595.178 -469.805
-92.754 -98.542
648.951 474.957
512.455 611.071
493.035 435.669
-425.321 672.523
-549.678 -349.859
653.029 452.969
-393.023 594.755
-582.136 635.425
141.395 43.462
2.451 74.182
729.502 -379.108
515.52 593.934
-424.308 -538.522
-474.543 664.102
-303.011 587.079
-506.947 523.028
-417.157 -497.152
-436.887 -540.93
-456.73 -498.826
556.719 449.413
11.753 152.265
461.299 447.072
-429.065 626.588
-420.265 -389.207
575.732 565.672
-573.824 -494.507
514.548 529.923
-301.191 604.846
-119.88 -45.799
-4.022 -84.831
-443.458 -493.407
-77.597 -86.28
617.281 -268.345
92.544 2.726
578.278 570.168
-592.2 -492.672
-98.554 40.261
675.182 496.59
-579.776 -620.63
49.628 -98.999
89.502 -120.852
39.031 -90.031
30.187 -2.96
645.984 -279.323
570.625 -277.129
-425.557 -511.705
-557.114 -499.125
730.184 -459.445
743.161 -423.685
-583.717 -515.999
-472.89 456.815
-549.754 -476.394
578.47 -266.504
-376.363 599.177
-451.26 531.085
-314.395 527.345
-421.706 742.681
-435.274 711.982
512.983 -344.227
116.852 -51.021
-545.572 -461.935
-494.531 -499.836
-239.42 678.527
-475.784 612.538
64.99 29.331
-406.655 607.628
716.851 -250.457
500.634 502.66
-73.98 36.511
768.842 -360.054
-465.617 704.227
-312.529 593.904
-396.122 -533.435
573.143 -396.576
606.386 489.228
517.31 436.272
680.078 460.372
-10.974 126.046
692.159 -260.212
-462.914 392.043
-450.315 -472.014
518.771 573.872
-330.261 -461.841
724.423 -215.928
-475.498 565.55
-347.703 488.131
579.214 418.418
-377.203 696.434
-538.764 -518.187
-17.368 28.364
-438.933 -411.278
-332.128 584.671
481.672 554.696
-165.878 -91.336
-152.85 716.41
-520.938 -465.78
-445.516 -516.336
-39.42 13.073
618.382 603.297
-26.355 -3.883
716.711 -336.246
307.965 467.269
-505.101 -564.813
-311.057 505.725
12.714 -102.72
-442.541 -446.147
-27.867 -82.185
-97.034 -85.943
591.527 -251.482
466.327 574.234
-535.778 -419.063
685.532 -175.394
409.937 443.84
162.2 -18.403
589.26 409.601
-498.99 797.249
697.053 -273.119
47.428 7.821
-80.242 -76.269
-354.557 -513.422
122.1 -72.133
689.118 -324.691
-435.157 -467.01
6.842 -47.336
524.773 552.113
489.322 653.21
610.703 -387.91
-372.468 -501.279
-386.725 541.198
-331.663 597.04
-511.344 -519.011
644.16 -273.242
720.94 -290.771
-487.724 518.258
-444.664 -473.593
-569.153 -527.362
641.343 498.667
718.322 -286.897
-453.484 684.661
553.49 400.123
40.803 -0.089
-252.123 624.99
-376.309 641.783
-463.385 611.869
-431.071 565.644
-434.403 -460.682
-77.052 -60.518
-523.419 -626.054
-533.369 -454.899
-697.644 -589.817
83.631 147.193
-56.787 4.068
-506.348 568.056
-509.667 611.826
-596.118 -576.071
-540.648 594.251
-585.697 -516.525
740.16 -248.027
791.471 -326.435
542.224 449.775
497.343 526.241
359.7 387.869
-402.989 633.682
785.445 -433.724
-549.794 -582.387
-513.133 -511.497
-33.535 60.839
-372.667 -543.695
706.24 -430.119
505.262 414.841
675.909 -393.662
597.726 -372.829
729.118 -287.982
534.274 300.076
78.563 47.415
-16.653 60.514
76.286 -9.191
-335.348 689.326
-411.683 501.42
497.678 543.349
-339.914 -511.7
-29.815 -109.315
586.905 518.766
-24.639 -99.96
433.397 522.614
511.164 617.133
691.684 -375.176
753.5 -363.952
-445.187 521.448
552.784 302.559
-428.779 684.441
448.236 570.221
-399.487 638.088
-279.089 -597.845
622.078 -299.328
731.177 -233.436
-516.119 -514.406
722.621 -241.324
-37.117 67.565
3.829 -31.295
-87.093 -45.517
481.082 509.518
-540.458 -602.24
67.583 -96.243
-502.152 643.145
-406.656 750.815
771.443 -141.94
566.166 597.963
-78.467 125.156
-88.342 -44.398
585.927 -236.764
534.924 -310.105
-605.324 -518.137
239.961 -4.544
601.373 700.923
698.329 -175.11
628.077 697.588
116.879 -85.493
663.13 409.658
-296.148 -474.901
800.485 -214.367
-488.818 673.312
-432.89 -534.613
469.794 526.22
-25.549 -50.202
-536.188 633.969
625.089 -267.107
-442.096 525.183
5.415 -150.59
-514.036 795.091
38.498 64.977
-111.761 50.155
-516.709 -568.364
-49.694 -93.359
-436.713 524.556
-527.815 -489.948
81.47 44.395
656.616 -177.933
-24.35 -80.242
-542.585 702.214
751.486 444.384
9.607 8.867
-12.832 -10.761
-507.03 -353.397
-532.104 -432.985
-281.583 708.045
-339.709 533.042
465.285 467.329
786.592 -213.867
-748.458 -640.302
-489.348 -517.803
629.351 -281.729
-334.231 516.096
-378.519 570.163
-123.468 -236.736
686.916 -321.972
-447.052 622.123
495.9 460.942
-397.279 569.807
660.937 -283.183
-428.773 589.128
412.062 542.674
-521.796 -354.227
-386.788 536.15
634.826 -360.744
30.851 84.599
677.89 -225.892
737.016 -244.257
574.287 514.611
787.677 -284.857
-20.272 -18.831
769.304 -407.913
-268.62 -9.003
-7.67 0.506
-529.961 -456.63
-37.446 16.764
-430.392 -557.752
-463.186 528.161
659.306 455.569
-521.301 -593.491
622.864 -348.235
475.296 604.841
-427.719 637.51
615.168 519.939
85.844 -68.173
585.461 556.848
-411.124 662.428
566.272 495.714
692.158 -338.076
-108.437 -27.937
-471.153 -720.682
618.579 -269.344
731.326 -246.664
-537.097 682.682
124.552 7.679
-592.663 -556.68
-16.161 -56.382
379.042 343.599
714.818 -202.964
494.922 -309.397
623.406 554.367
16.309 74.546
-455.214 586.845
568.291 550.633
74.089 100.234
571.741 516.886
-468.504 -570.654
564.282 -187.575
44.626 -85.347
469.935 606.628
-163.362 552.803
582.289 543.849
628.887 618.607
-368.212 469.278
-516.971 626.665
-334.511 610.009
390.462 455.719
-403.678 -546.706
-439.378 -560.415
40.051 156.518
728.795 -353.414
33.793 61.485
452.85 460.465
551.034 446.926
50.466 -48.211
737.811 -249.644
-319.406 556.377
752.578 -315.648
-575.184 -570.381
410.71 625.08
64.544 111.941
-66.923 36.444
-452.198 459.21
-509.717 -372.176
-17.87 -1.563
-335.202 587.181
613.018 -344.585
413.238 366.768
572.049 494.928
-618.221 509.185
15.138 -18.66
6.303 -17.402
732.094 -322.7
-331.865 610.93
-10.437 -28.183
561.362 392.465
-286.879 664.264
791.916 -310.851
-39.579 -73.657
459.867 422.37
774.107 -372.0
-444.633 -605.876
-442.206 -467.794
553.465 546.788
690.72 -312.261
-87.907 62.11
-594.634 -529.832
502.436 463.131
-493.406 577.276
602.701 550.928
-437.145 -350.329
-430.963 482.77
657.831 -243.599
-510.864 715.357
501.528 557.015
23.289 61.485
-34.83 64.571
700.862 -316.671
-371.131 688.933
-461.908 776.827
771.265 -357.95
101.557 65.292
93.37 8.267
-512.647 -479.893
41.665 -11.883
91.972 6.349
-480.515 -482.752
44.385 8.593
774.345 -371.657
-467.305 472.462
607.862 -294.2
672.677 -255.546
54.721 -145.456
-507.317 618.806
823.213 -131.176
-447.235 642.815
-522.17 -378.503
786.457 -367.162
-462.637 -576.015
-405.484 -516.335
-489.111 -399.549
-555.995 -372.845
614.391 -241.324
-436.066 552.536
675.976 -358.248
4.802 49.116
23.086 -126.58
587.335 534.068
554.868 477.455
-403.41 -417.296
-55.241 -38.297
742.412 -280.968
-462.538 800.513
28.917 106.774
-448.454 -522.773
782.32 -266.751
-384.769 -595.894
552.737 454.792
8.757 74.872
-435.993 -635.698
462.914 413.198
23.58 -52.357
-12.516 -24.678
423.554 483.871
509.026 522.185
419.378 537.784
58.967 127.213
-92.98 129.371
-153.328 97.043
567.106 594.0
-26.156 -7.827
775.664 -217.643
-446.342 587.838
-354.12 559.321
-327.289 511.25
-562.404 -487.333
760.785 -268.14
-543.701 -475.725
-546.726 -427.96
-505.807 -578.751
-430.935 613.788
516.912 651.356
669.288 -258.748
-499.925 -499.052
-83.181 -73.296
580.311 518.016
779.133 -240.642
-521.487 -588.149
-586.183 -510.448
-508.97 -447.759
695.294 -340.921
-566.463 -431.925
812.85 -220.285
-310.444 575.575
-441.769 -434.914
-92.379 14.815
-15.234 49.797
679.9 373.424
751.898 -316.917
-90.133 -87.281
634.693 -189.106
723.879 -174.009
-133.689 -113.445
-428.0 676.052
691.776 -380.757
547.28 523.364
471.478 327.695
-97.304 39.461
-376.165 551.335
72.239 184.195
616.214 549.764
-321.791 615.464
-412.065 -567.277
-579.615 -444.732
-425.6 -644.05
631.97 494.795
499.477 636.608
-450.669 -376.961
-10.864 -8.58
684.562 -309.907
-416.28 604.617
-103.515 100.705
546.418 433.54
31.312 62.794
-533.705 -588.361
723.468 -270.277
262.654 622.712
-75.79 102.24
-424.029 -414.334
686.484 -502.039
738.143 -224.691
-133.88 49.669
792.136 -318.029
730.537 -287.861
-511.436 -437.92
702.729 -329.899
608.42 -419.928
739.093 -285.219
595.061 562.651
-242.397 -535.869
-299.011 687.996
-106.424 41.744
-133.622 -64.964
-376.577 629.024
-389.058 -458.915
-479.745 603.866
-386.137 663.027
477.942 488.34
-596.185 -587.4
703.561 -267.784
-647.596 -401.59
-373.343 -584.65
871.023 -338.942
590.456 -211.036
-343.743 600.314
828.889 -197.683
415.594 589.979
-475.189 -391.779
-552.907 -560.804
99.234 25.961
534.581 512.575
738.215 -204.721
616.513 513.94
-338.378 718.776
533.98 484.256
400.507 516.173
712.117 -168.418
10.037 206.331
-342.509 543.612
446.352 582.269
501.282 527.751
-575.97 -544.186
774.104 -226.917
-457.549 -530.609
-486.031 -495.944
546.899 484.996
-514.445 -654.752
824.196 -299.622
-554.405 -433.09
84.904 14.973
652.812 -167.67
-437.026 693.606
664.305 462.031
-509.993 -625.183
785.899 -421.088
-582.66 -496.539
-33.31 46.545
633.765 484.088
694.779 -359.072
867.139 -280.171
-531.435 614.682
732.875 -301.36
721.283 -344.979
782.164 -203.712
353.527 609.837
-579.522 -580.954
-551.972 -376.744
631.802 -354.321
513.952 533.746
630.894 -411.864
-437.761 514.553
741.524 -146.764
-442.459 -511.295
482.672 521.167
601.194 601.765
698.599 -414.997
86.525 -81.367
82.249 28.609
-491.415 -555.51
-550.735 -420.811
597.702 -295.681
-277.198 561.76
556.039 507.407
-475.068 475.497
433.021 597.668
-563.278 587.803
-357.565 591.367
268.56 397.524
-0.605 -170.444
653.414 -351.593
-510.679 -551.352
777.696 -288.908
612.29 489.054
726.935 -265.894
-463.128 542.213
732.238 -218.117
730.902 -296.534
662.968 -366.156
582.121 589.035
-495.143 498.726
-415.202 -524.167
615.071 -223.394
480.627 527.392
-456.63 595.842
-481.473 434.19
663.232 -293.686
-406.504 562.644
529.945 394.301
-451.27 -458.304
763.973 -385.056
-423.621 668.822
531.682 385.522
665.403 -406.772
166.653 83.342
729.366 -236.099
507.161 480.763
-514.617 -394.348
528.567 386.06
-496.833 -529.729
-615.717 -527.5
699.643 -310.14
719.366 -278.249
-235.818 465.736
428.411 548.829
-592.135 -566.077
642.448 525.004
-498.594 -555.939
637.107 -428.173
705.084 517.864
-394.912 649.076
84.545 26.831
-339.011 -576.191
-527.234 -539.366
-567.374 -642.39
858.603 -189.814
745.398 -87.617
709.942 -338.034
-592.584 -510.621
-110.611 -114.962
-347.355 586.563
-38.604 -47.864
-507.699 -474.114
-330.857 679.887
806.88 -279.625
-462.738 684.805
-348.191 -534.179
-448.394 587.162
436.404 350.844
707.178 -212.228
571.995 -323.069
-364.425 620.568
493.364 648.591
-421.199 -504.777
-321.085 598.369
642.658 -305.748
724.597 -341.795
510.881 -286.776
18.451 101.185
498.007 438.889
573.259 -362.803
-114.978 -116.265
-437.118 -446.084
92.9 -46.937
-449.59 -468.803
577.62 335.444
-691.501 -630.307
-464.96 527.405
-137.495 -141.717
675.171 -418.513
-671.423 -398.394
633.085 550.565
582.697 -309.108
20.946 120.649
-27.401 -79.987
-35.526 89.879
407.826 409.472
-371.571 595.015
-439.654 -659.742
-513.307 -468.04
594.758 -126.619
-452.395 521.295
635.239 381.967
-17.105 -76.722
-92.972 -66.265
-589.989 -514.539
606.31 -251.388
-466.933 -487.618
-385.388 -539.055
433.924 577.42
375.748 427.395
719.991 -272.536
600.276 -445.242
664.357 -251.899
570.526 -396.872
716.999 -381.436
373.8 399.838
60.043 -117.301
483.185 438.79
-403.361 -478.569
-292.391 619.751
-534.084 623.075
495.211 528.821
-532.754 -418.212
478.834 765.315
-453.144 681.451
-132.677 100.081
-495.524 573.226
825.367 -157.31
630.812 -483.441
79.562 52.406
899.099 -396.692
526.93 547.251
-560.349 612.944
631.568 -234.949
58.904 128.287
-331.869 680.405
-344.287 636.809
51.366 -80.285
-510.774 -432.029
542.489 495.357
-497.738 -497.749
444.929 507.11
-455.026 543.427
-370.874 474.361
-455.769 613.817
752.371 -337.052
-45.378 -51.762
701.847 -255.625
712.172 -344.698
478.638 686.912
-588.539 -566.027
494.807 469.19
664.939 -218.591
14.314 56.87
-53.181 82.386
-501.652 546.655
581.575 503.651
-361.495 731.637
-250.132 653.247
642.005 -295.924
377.475 531.615
428.431 558.619
-462.344 610.002
561.433 626.995
-411.115 545.851
-538.23 -564.41
722.06 -302.66
-38.977 -50.87
658.7 -220.299
-12.643 -20.392
734.002 -194.919
696.626 -252.96
-378.166 -593.954
102.333 -98.271
-530.055 -531.697
7.926 -41.338
-301.269 577.428
-562.585 -466.49
-114.24 30.041
-317.887 -500.3
-410.708 -542.626
-379.777 632.671
-61.761 -63.711
409.52 525.338
-22.26 -34.714
-425.727 478.634
-573.694 -424.015
513.351 548.318
660.67 -202.139
-450.796 -486.929
-142.944 -4.85
-423.547 -567.285
70.193 -13.11
860.906 -416.307
-636.424 -559.714
607.393 521.01
-552.29 -386.151
592.239 -301.603
687.482 -353.281
12.914 -25.769
-192.941 527.485
-401.23 -611.281
-400.285 674.389
-67.894 4.907
-238.344 658.394
-9.345 -49.368
444.341 510.86
406.229 554.362
-523.033 -461.853
464.0 458.692
-635.988 507.966
-474.688 -572.6
410.459 583.741
499.358 581.895
478.988 424.93
-424.537 619.73
397.795 533.119
-613.517 -529.89
555.154 616.669
693.483 -375.103
-443.129 641.161
-624.033 -564.253
-411.594 798.067
464.397 707.394
572.987 -268.736
-450.423 524.99
24.756 63.13
-404.23 481.818
-441.668 435.312
-60.06 -106.225
-800.798 -533.313
1.962 86.748
744.959 -332.816
4.89 11.707
-8.808 -37.564
-428.348 709.378
-512.904 -383.056
-504.448 -345.535
68.657 39.598
-621.825 467.968
-557.225 -433.169
28.954 101.963
-587.009 -427.023
642.611 -361.793
-442.232 -525.0
29.941 45.139
-80.267 -138.147
719.145 -334.466
-544.449 -618.171
-551.462 475.737
378.411 554.259
-452.489 -354.416
-562.984 -475.058
793.025 -271.543
-554.894 -531.569
422.319 482.243
-389.421 518.359
-469.491 -443.16
-570.177 -433.183
435.966 368.679
-434.555 653.874
-443.584 -490.853
-493.288 489.32
654.463 -321.243
513.755 623.732
-335.788 -596.957
410.946 486.29
-369.996 758.859
711.904 -350.278
-110.082 -78.048
-281.069 715.101
42.146 52.409
-545.314 -538.763
-22.046 -112.645
657.374 552.236
657.531 -250.635
585.613 507.564
104.876 58.495
-624.376 667.7
-330.817 524.74
-295.217 483.696
427.697 449.205
-641.893 -657.929
-493.506 -267.694
-403.396 -533.794
556.074 420.735
164.082 128.458
61.158 -0.152
-415.586 648.49
-607.492 -363.994
447.394 444.877
-548.321 590.065
-310.424 -514.394
-285.292 699.775
-27.741 -25.804
-381.075 649.037
-437.92 533.429
74.546 37.055
471.534 610.098
466.247 491.425
-387.46 658.256
-187.818 171.395
-578.428 -466.493
33.737 -40.091
-442.962 689.283
-494.642 756.074
-23.194 102.95
-65.316 -56.675
892.535 -406.612
102.464 -146.397
-14.456 11.536
-398.679 585.465
-275.521 557.947
582.615 -211.69
659.571 -302.954
562.98 -252.482
807.511 -370.988
-468.956 429.039
-471.26 -633.211
-344.883 570.743
-548.915 -485.423
-420.772 -445.916
-548.69 -543.994
-472.221 -364.897
-448.528 -438.304
-492.653 -476.339
492.75 467.371
-412.258 714.575
-465.936 -542.848
-501.294 717.114
-3.732 71.357
-541.614 -439.263
594.778 -277.023
665.519 -205.728
27.331 116.427
766.195 -438.254
422.245 577.539
18.691 -107.251
650.156 -273.63
667.164 -181.545
-411.74 587.071
-341.425 602.924
-486.437 685.725
-389.577 -551.18
431.804 553.085
359.393 479.259
657.47 444.188
-347.718 546.695
-508.348 -640.944
667.027 -338.981
-371.431 631.012
432.039 616.05
612.605 519.197
143.287 -236.683
712.635 -197.544
518.58 607.068
-495.994 -606.04
472.605 444.335
-352.39 447.498
543.879 541.311
595.511 -311.107
674.887 -191.155
669.687 -319.827
724.904 -395.327
17.395 27.451
-384.853 623.396
-9.601 -167.465
-367.515 505.403
-546.637 -479.885
459.595 479.738
-23.965 40.398
-74.004 -17.516
-554.63 673.26
701.599 -423.229
-424.133 -490.885
672.996 -222.91
545.119 -177.999
659.896 -167.049
-10.42 -3.586
-9.055 75.464
592.969 534.615
-612.301 -453.442
436.864 523.96
-309.075 560.934
650.847 530.135
-565.7 -439.876
696.812 -191.279
732.423 -354.921
-404.87 -448.953
660.499 -314.729
56.838 -34.191
-535.529 598.957
-609.634 -383.279
-643.372 -525.726
-561.788 695.727
65.025 164.365
507.427 477.473
-448.002 -458.229
63.641 46.229
-253.867 629.013
-533.081 -560.525
169.213 -74.795
-546.057 -712.547
377.175 370.982
728.864 -390.162
77.314 0.177
-490.011 -556.674
588.825 -348.186
-409.73 601.135
576.955 552.933
502.365 429.899
699.407 -266.085
-469.263 551.537
637.057 -432.612
-529.602 -402.753
571.733 -188.455
31.354 92.475
20.08 -126.175
-546.537 -438.235
641.837 -360.571
413.888 458.176
-514.596 -654.074
57.84 26.5
-46.153 32.701
599.394 -191.676
609.178 573.613
-261.13 -412.617
-411.486 672.533
-8.918 -155.291
597.76 -242.192
-428.299 -416.972
585.95 -389.891
-99.006 100.631
-385.684 560.005
506.277 607.024
-406.979 684.616
666.434 -298.094
616.05 -218.573
-109.855 -76.283
-437.777 -408.542
-448.177 681.705
106.813 -55.951
-109.194 55.355
519.025 495.188
454.44 331.47
440.15 744.099
-322.774 606.249
-434.468 -529.778
-518.784 -492.665
-119.091 196.944
893.183 -350.043
573.558 490.649
-613.305 -408.793
-387.089 687.894
-396.099 468.88
-387.158 476.165
-532.825 -497.494
493.262 565.387
761.239 -232.509
-606.346 -633.033
684.339 -339.86
475.717 525.09
330.285 532.639
-535.495 -612.617
-468.49 -406.587
-435.842 635.218
-637.332 -391.308
-341.158 567.09
-396.758 610.668
-664.942 -454.673
-490.953 594.233
454.008 483.282
702.648 -309.91
-14.539 -54.333
558.07 320.152
766.417 -305.384
-459.556 -597.604
-23.698 -5.438
832.341 -238.434
-406.119 547.449
603.828 -374.099
-418.095 538.66
374.78 573.973
511.166 500.597
-413.043 -488.517
523.443 458.684
693.144 -260.727
-351.404 527.372
632.4 -337.85
-318.009 680.117
-320.541 645.48
-358.23 739.205
569.784 510.278
163.875 -52.679
-536.319 607.16
-456.746 562.332
-414.412 746.964
767.203 -293.115
57.214 148.597
-456.919 581.007
620.543 573.88
-313.64 629.535
478.373 553.979
-618.421 -500.266
633.105 555.06
-449.052 591.503
-590.495 -373.589
103.409 -124.051
77.883 -68.004
469.768 324.698
53.956 -108.311
366.205 329.278
-349.241 692.98
-16.006 115.884
-34.395 17.046
593.853 -313.933
381.181 538.278
492.183 513.936
-499.68 -511.311
705.89 -256.252
117.653 -0.121
-348.641 496.228
654.368 -228.76
-464.99 676.586
-357.978 571.347
-544.771 -531.827
35.293 6.344
-369.021 658.784
488.294 -309.196
4.219 -109.972
28.761 -78.499
128.447 -62.44
-436.733 455.312
639.902 -304.557
617.597 353.733
586.235 641.25
-348.335 420.972
-45.652 92.328
-572.158 597.147
-421.424 -462.83
511.133 575.851
473.975 609.871
7.524 -60.582
116.172 180.759
-262.402 635.299
442.219 554.003
-380.71 550.098
-371.388 671.014
-307.302 567.413
-326.542 620.579
-527.97 -356.997
760.951 -251.589
-532.473 -423.487
-359.33 554.413
539.94 -358.457
-370.815 -578.852
-514.63 670.491
507.722 494.841
-439.542 948.978
-563.632 -597.53
-72.865 80.585
-162.277 603.05
-531.806 -504.148
-466.991 420.318
-500.089 -516.976
74.036 45.803
-491.168 -479.349
51.63 -110.429
-553.517 -513.531
-337.093 483.892
555.274 536.762
861.36 -204.912
-442.655 -431.555
-340.23 538.13
672.133 -349.931
6.875 47.918
175.955 -77.264
-50.389 -0.498
-26.29 -89.921
-458.705 -531.662
506.069 397.638
-419.941 576.225
-55.478 114.56
609.194 -446.353
489.728 590.525
-392.114 639.216
53.729 82.704
-509.861 -503.313
704.071 -317.679
-503.727 598.369
728.084 -179.982
708.499 -318.745
68.671 31.648
-461.495 -525.049
-49.161 -80.26
-459.625 -622.859
486.245 -269.692
582.515 483.082
-512.735 -673.079
611.805 -390.227
496.961 475.669
505.519 474.342
215.439 82.711
-358.906 715.341
-441.715 635.997
141.278 -10.207
-586.554 -509.764
-15.892 30.687
-498.459 -541.558
-451.657 -540.205
34.517 89.79
646.792 511.624
910.022 -291.178
-17.64 61.578
-392.229 460.767
65.53 57.305
-37.697 45.073
-397.467 554.304
481.375 643.948
-421.707 707.644
618.51 -240.713
451.514 530.03
-272.907 584.244
47.448 133.927
-447.948 -560.846
-479.148 -486.723
-460.628 593.219
430.767 562.073
-384.722 597.99
67.969 -53.168
-349.637 503.747
625.968 -331.712
672.466 -222.36
855.948 -265.625
603.511 -273.055
569.625 -424.508
-674.561 -497.688
-342.392 723.596
-520.114 583.723
-409.502 -633.801
-505.441 -526.856
-462.028 728.946
-242.169 466.505
130.505 -99.984
-537.332 -535.167
-82.637 77.493
701.335 -331.51
454.57 376.6
765.25 -367.533
793.053 -233.32
-391.287 -389.843
43.789 103.149
-455.887 -471.348
115.274 -29.905
-511.184 -475.327
-443.394 398.952
-509.154 579.437
435.572 470.288
33.468 97.144
630.642 -360.701
506.557 546.827
412.865 502.534
-57.706 22.421
-371.681 661.45
-451.671 -686.935
-362.22 -439.095
610.357 561.366
-498.464 -588.961
-383.59 -498.71
-28.57 -5.74
37.969 14.541
867.602 -421.023
-598.296 740.302
688.555 -237.96
-402.456 486.058
652.815 -476.43
-579.934 -397.19
-573.221 -554.689
757.093 -338.491
577.915 566.509
-8.187 52.95
854.29 -435.408
607.764 -356.72
856.722 -357.651
-469.753 -618.849
455.882 435.477
-501.072 565.92
-8.657 -70.389
-342.202 578.78
413.747 471.75
-92.524 7.635
530.761 577.58
-465.156 645.065
-367.651 644.179
757.892 -101.911
757.984 -270.795
745.468 -267.606
-401.16 598.283
48.09 0.098
29.073 -47.698
531.295 612.049
-60.671 25.902
-429.823 -477.346
465.481 442.755
556.67 463.694
-332.086 741.538
-494.643 589.233
-472.408 615.307
-578.789 -675.429
-91.991 2.752
-559.701 -390.875
674.009 -260.456
726.468 -453.568
787.672 -320.96
-451.893 -602.486
50.664 -159.987
694.23 -351.973
-364.751 665.718
714.788 -185.978
-441.777 -548.05
-69.219 -57.328
493.5 378.191
-431.368 588.793
669.4 -320.347
614.321 633.735
650.423 -391.57
654.06 -200.368
597.576 400.407
-68.133 -35.175
-465.662 -486.426
60.166 -160.952
-54.78 -102.065
-31.503 64.384
-79.216 -48.227
-450.822 655.966
-306.075 600.969
-436.777 -549.323
-484.044 -471.587
-575.388 -494.202
473.313 549.077
-544.677 -618.348
-531.816 -439.561
-393.711 732.358
662.662 -309.469
-444.597 -445.975
-510.189 -529.781
469.387 541.505
-47.817 32.612
784.864 -327.421
400.645 596.05
66.409 67.557
40.942 35.603
-357.535 675.979
-537.542 -466.764
65.708 -26.834
-25.47 109.794
-515.029 568.598
621.669 -346.927
713.304 -187.179
-434.198 562.757
672.856 547.324
-541.854 -489.673
-12.469 -9.614
-525.564 -509.224
-410.986 549.873
76.335 -69.244
478.041 430.472
-386.86 451.45
113.187 16.338
744.689 -177.304
691.52 -338.577
-452.638 -625.495
-42.57 -163.98
119.193 99.613
-22.797 44.992
-553.805 -289.991
-553.253 575.292
-537.601 -561.959
-19.532 95.849
-145.212 -23.672
-450.412 675.273
46.291 -42.109
-456.954 -566.303
536.848 431.304
-593.925 -515.477
501.42 376.819
-480.1 684.375
-329.554 521.653
-553.786 -442.595
-94.106 27.304
644.14 -404.718
47.311 -32.428
-450.989 633.281
-568.745 616.194
416.529 498.73
-397.441 -483.715
79.984 -21.992
-36.215 37.039
-61.968 -65.664
605.445 370.298
829.267 -422.225
670.066 -286.832
-392.223 628.049
28.164 129.324
-408.301 -519.098
673.855 -320.097
709.145 -268.554
-544.996 -570.029
32.807 74.901
786.808 -307.984
736.931 -208.521
74.084 107.088
-500.46 606.071
619.384 601.752
-565.023 -544.466
-367.591 625.146
727.805 -317.001
-424.771 671.139
559.535 406.613
-419.147 804.379
-356.67 438.718
734.627 -384.933
-424.714 519.755
27.37 10.025
637.275 -281.404
-360.661 -419.858
869.735 -295.444
-416.398 669.718
-634.513 -562.557
-431.2 -472.254
438.754 479.994
-485.031 -469.137
3.195 41.52
422.209 546.802
709.134 -477.769
-419.203 -472.961
720.429 -369.308
-422.233 -479.916
-11.823 19.633
82.581 72.586
-547.054 -500.942
415.796 492.365
-301.459 597.206
-411.017 -344.618
351.066 466.575
481.406 515.893
541.175 503.745
-12.264 -114.567
44.445 62.424
-484.457 437.872
636.043 409.257
-471.922 -456.517
-367.529 605.246
786.939 -204.177
-5.435 -59.63
-54.789 99.965
-106.686 -0.341
722.287 -351.439
-385.755 638.903
793.636 -164.632
758.492 -362.448
-47.109 97.668
-371.59 657.586
-67.07 -103.341
668.311 -250.881
25.914 102.472
-483.132 -314.353
-395.492 553.645
-598.687 -544.256
681.199 -396.869
-410.706 610.109
73.919 -24.781
49.135 -60.279
373.916 494.489
-36.569 -93.024
567.693 577.746
-341.802 595.695
573.764 513.171
623.487 -239.643
626.409 -309.331
-19.963 -45.315
-458.294 -298.241
604.699 552.539
-132.735 97.777
-467.762 521.494
-520.764 -542.952
-330.511 612.004
-264.778 597.472
-479.27 531.834
438.157 414.636
702.01 -294.813
-55.212 97.133
406.474 438.213
-738.62 -467.167
762.786 -209.374
643.825 -376.707
-685.195 -379.815
722.02 -220.705
655.917 -251.558
511.341 562.497
569.285 560.3
-549.193 -558.759
534.028 452.033
579.084 -229.364
-6.27 -59.725
631.311 -246.6
-463.787 -498.012
420.711 510.09
486.899 518.937
560.865 611.254
500.714 551.994
-410.31 -638.402
-449.575 591.124
2.452 -64.699
-495.565 -497.154
-428.683 465.445
295.621 497.619
-46.037 -69.262
-39.113 82.156
-553.429 -417.859
461.805 458.966
-62.921 93.716
26.266 -51.978
-513.223 -481.796
-398.206 -565.098
690.16 -309.364
455.105 447.427
-519.259 -520.428
409.389 435.906
468.539 499.301
-485.089 -637.006
729.048 -503.97
-367.328 -457.816
539.461 504.175
514.771 498.618
632.479 -162.525
453.59 327.719
489.264 428.845
27.361 21.339
483.609 471.997
-547.733 -442.231
-247.65 607.943
-470.705 675.027
596.177 -359.453
760.49 -299.458
-427.086 -255.59
-60.94 -101.939
488.771 491.678
-425.278 -484.501
-73.131 75.95
-380.813 732.672
669.566 -181.629
580.289 519.486
-489.336 -509.959
34.723 -81.959
-601.072 -315.532
142.531 52.798
-291.073 576.23
-516.413 -487.444
608.423 -312.509
-438.076 628.225
667.06 -264.359
458.658 486.465
-149.373 -89.339
-270.702 574.101
-523.016 -443.995
-573.221 -485.797
718.585 -459.621
-368.644 570.743
-407.604 -504.536
551.31 516.078
540.101 535.151
-421.137 633.601
-96.751 -51.65
-42.836 -35.87
-20.832 17.45
677.343 -367.963
615.363 -280.792
550.569 603.145
617.179 521.641
-401.724 636.023
467.098 512.783
538.801 351.844
-320.964 520.555
851.905 -358.94
13.126 -119.835
-417.727 720.66
-362.243 592.169
565.612 -292.538
-271.263 654.839
-107.964 96.753
-526.939 -389.251
825.204 -276.973
682.703 -338.74
-436.744 672.804
685.94 -254.357
-313.2 -573.296
607.062 -180.257
-302.275 483.889
-541.198 -565.75
587.729 -323.149
-358.704 794.393
568.927 482.564
-445.461 690.51
-637.635 -538.979
545.291 444.041
549.282 611.526
-8.092 83.984
-210.888 701.194
112.331 48.782
-434.563 666.65
775.594 -540.617
-462.363 516.886
-354.659 568.075
-1.729 120.955
442.22 426.928
-407.95 479.512
894.494 -282.991
607.884 -224.172
-299.539 636.53
-515.092 485.796
-654.94 -329.446
654.647 -316.851
-110.669 18.103
696.343 -214.701
-406.976 -542.994
-422.924 -541.193
484.471 510.327
42.591 -107.542
-317.383 640.193
-536.899 -500.197
709.904 -343.382
476.793 488.171
-229.285 19.309
690.876 -360.056
-327.513 803.949
-348.174 722.569
102.369 69.668
-66.425 -115.015
631.134 -149.364
575.705 386.818
-46.111 -22.826
-504.614 647.82
-569.502 -478.319
-282.663 634.705
497.247 521.315
396.256 484.634
571.705 525.028
-600.481 -401.218
-408.013 649.594
374.917 449.031
113.637 -39.999
628.714 526.521
806.446 -302.174
-527.853 -442.576
684.317 -316.725
-422.057 618.127
-98.857 50.303
736.794 -313.989
-532.064 -516.048
652.311 -149.588
-389.065 -657.038
-440.818 591.427
770.657 -167.109
644.987 -270.964
754.333 -344.396
-499.275 -484.175
-32.723 3.242
417.513 398.866
27.518 -88.362
787.887 -199.594
-587.591 -442.645
518.374 604.034
-476.803 607.402
-92.97 151.857
717.43 -279.172
1.466 50.311
716.782 -387.666
-540.229 600.788
-430.443 -421.726
782.047 -252.909
88.762 -93.134
788.929 -359.571
-507.02 -510.424
494.717 585.438
596.156 471.49
-327.613 704.665
-424.202 543.387
360.664 446.476
75.562 -3.551
729.17 -213.331
-34.276 -84.409
-430.781 -524.991
-314.668 580.831
-329.473 527.085
81.591 104.096
-509.904 509.639
-455.645 542.896
-449.275 -452.53
690.585 -331.631
-449.538 -483.171
771.897 -451.54
6.24 0.556
-571.462 -516.723
-500.734 635.928
632.344 356.645
17.466 -118.938
55.929 85.4
-135.64 95.429
768.562 -488.448
-632.98 -647.238
767.659 -290.78
644.793 -501.724
77.528 -76.062
-439.424 -589.111
454.22 512.588
-335.936 -505.573
14.349 -9.923
-492.672 -459.664
-443.018 543.796
-575.932 -388.221
359.106 392.076
578.417 487.045
-591.565 480.489
-39.538 -29.274
75.965 -84.75
-549.001 -607.17
731.388 -216.722
-534.301 -441.271
-10.463 -178.804
600.24 516.184
-28.097 -4.41
622.966 -165.004
-527.958 -669.077
-486.333 -532.51
-10.789 -15.866
-471.389 641.933
580.477 543.231
20.944 42.47
514.479 502.28
688.707 -266.563
-247.361 601.358
26.906 13.876
-519.711 -545.428
-310.834 699.708
531.032 366.714
-502.571 -647.343
531.544 -386.579
-85.696 -9.289
455.048 348.808
-419.252 -471.881
517.689 585.094
-428.289 -504.781
455.437 566.463
549.104 478.073
606.068 -280.359
394.327 435.71
-593.688 699.568
-515.575 602.011
52.206 74.819
-275.199 623.957
698.262 -240.833
-303.338 609.03
277.901 462.728
-238.08 653.656
-313.296 -529.487
-612.754 -534.065
688.877 -315.505
-535.829 674.97
-509.237 632.287
61.033 -45.688
-398.635 580.061
813.894 -305.677
-594.67 -543.941
-389.189 -419.575
-514.962 -414.872
-201.703 725.456
-522.795 594.724
-430.145 -465.467
646.658 -216.32
781.602 -400.525
474.086 515.696
577.555 573.061
113.752 -9.529
442.613 447.909
597.426 -260.447
560.172 495.516
560.889 524.826
-454.297 475.082
-342.093 640.911
-403.315 617.87
-407.121 598.414
81.589 119.752
505.373 405.986
-402.902 570.252
-530.231 512.813
-66.596 -41.489
492.113 475.563
690.186 451.238
169.755 -18.478
-544.642 -420.965
688.799 -279.834
265.704 438.214
-85.284 -74.108
65.786 37.497
571.379 -237.291
27.96 -52.122
-497.002 573.946
538.59 607.636
-334.556 603.683
684.418 518.521
-632.12 -595.713
775.76 -120.649
631.5 -280.822
32.57 6.943
606.484 -295.458
547.613 498.346
58.906 -190.151
-579.838 -501.199
-407.638 563.597
-470.833 -575.15
-57.224 45.377
745.8 -319.681
359.276 361.157
-345.33 422.698
441.348 628.408
555.105 -290.92
607.507 -355.633
20.859 13.371
435.021 485.622
595.01 -182.439
141.311 -29.559
2.959 66.828
253.919 508.573
499.503 448.822
493.151 465.587
684.526 -389.511
-10.252 -1.819
-381.135 648.869
112.316 -34.368
-141.75 -55.7
569.067 514.606
75.423 10.084
-524.699 -594.682
-500.335 -590.387
-467.17 669.997
-510.645 -581.688
450.757 438.122
375.858 500.364
-498.461 -530.095
505.215 548.673
733.8 -265.33
-547.625 -586.566
121.588 -80.991
-122.677 -160.8
-50.494 -37.696
-82.638 -88.799
539.749 679.814
464.878 557.788
-352.107 591.559
-433.449 568.847
-586.386 -520.841
766.55 -335.683
378.865 327.564
-334.687 587.544
-580.143 -488.285
-376.654 476.533
559.889 475.068
-380.634 505.887
-485.531 -493.792
494.199 477.815
-373.433 -622.328
28.699 114.484
-682.164 -544.198
-526.142 -588.756
882.668 -306.915
592.337 412.867
578.068 403.854
518.793 458.217
795.685 -261.731
-422.054 -553.17
45.517 15.857
-521.126 -585.379
-215.69 98.264
773.392 -330.494
238.444 -16.917
-475.868 -511.838
-477.3 623.213
609.516 -254.08
-532.255 -521.375
-474.168 743.884
-285.6 557.956
556.14 484.032
739.927 -428.907
-399.605 -598.594
-436.773 524.125
636.23 382.582
-547.834 -501.786
-652.769 -606.851
388.231 472.989
32.502 -20.766
619.758 -330.548
-458.619 -493.148
-434.078 572.917
-398.352 614.835
-438.955 -490.089
-336.24 639.27
376.336 502.54
730.337 -299.192
-311.068 580.34
627.706 -337.526
776.872 -394.779
451.614 413.611
594.594 -436.045
823.823 -233.204
743.035 -197.048
-307.592 -445.606
58.117 54.093
833.566 -382.114
-525.645 -617.75
448.726 430.225
444.472 541.433
-568.942 -445.22
-337.118 524.888
430.155 475.648
467.798 522.691
-410.873 -507.009
-74.576 -40.851
466.947 586.451
81.047 -30.115
-362.001 557.734
665.414 -353.509
564.792 581.554
546.565 629.488
492.936 429.485
-524.045 665.331
-731.886 -302.24
-70.61 -6.112
727.419 -291.266
699.393 -385.112
515.316 607.008
-448.063 691.126
515.465 403.939
812.982 -367.633
6.772 -70.123
34.172 25.167
-625.69 -562.299
652.346 431.466
-399.406 -599.373
-325.869 -522.049
497.776 554.488
482.546 572.872
-87.573 23.085
-438.169 573.044
-22.503 -6.773
-574.93 618.245
542.546 669.804
346.902 597.862
-65.163 -67.986
-412.916 651.163
-383.962 547.073
-495.024 -592.48
569.236 -297.277
91.545 -67.171
591.575 449.285
-319.497 691.71
-369.758 744.148
-293.496 632.404
-357.846 671.171
-415.58 460.676
823.162 -228.42
644.722 -144.855
-367.489 619.016
615.573 -282.162
758.242 -440.332
676.934 -492.335
-496.646 -544.56
453.223 436.501
-418.501 -535.098
-374.861 562.824
686.743 -373.006
-633.395 -530.563
481.613 409.054
105.887 96.887
399.632 481.116
705.168 -389.079
424.272 507.913
-494.498 -407.238
554.033 463.084
487.819 373.288
-514.222 571.963
133.33 34.88
-385.769 555.848
-592.178 -662.994
629.985 -398.658
564.997 477.606
-183.83 -31.173
-648.648 -465.172
-405.058 588.995
-460.338 614.09
-490.392 -364.585
-559.127 -354.748
700.187 -425.107
470.381 553.349
127.635 48.343
95.011 -65.657
-428.359 -472.959
601.405 444.59
442.442 616.127
-367.26 588.349
740.734 -245.737
-510.645 633.809
-323.267 602.967
636.709 460.375
-386.346 438.201
380.154 551.909
747.391 -194.045
614.378 598.4
2.806 17.097
370.619 529.218
-500.363 -603.085
-518.207 682.059
753.881 -363.244
727.106 -459.793
-350.71 -476.412
713.163 -412.355
552.615 420.417
-17.113 6.81
448.537 444.321
725.834 -230.468
354.566 426.272
-623.449 -410.994
534.983 546.456
681.173 -232.607
465.65 507.292
39.416 125.33
591.365 440.533
-492.527 -524.626
0.408 -10.141
732.531 -493.225
-637.254 -514.127
-419.279 -358.157
-485.197 -531.39
812.986 -266.52
-381.299 520.741
-471.378 -442.371
252.531 81.407
71.526 17.52
-428.707 -553.342
-483.33 579.758
108.286 -32.05
-564.71 -566.853
-540.669 -545.088
-575.251 -433.829
-381.511 -482.201
-582.633 -516.909
43.676 106.453
-321.795 493.276
-46.852 50.605
716.142 -207.708
103.256 31.233
571.023 556.487
-378.362 576.451
688.831 -352.261
629.133 -323.886
-361.005 631.665
-558.261 -542.284
48.888 -105.645
-363.234 602.43
-220.599 590.576
-448.231 685.647
571.928 644.367
748.276 -449.172
-594.112 -455.226
-8.602 154.036
843.997 -287.427
-375.348 539.453
71.977 -14.692
564.643 600.361
803.359 -219.565
-323.39 651.636
-545.101 -518.7
-446.869 531.264
-384.517 670.679
144.259 -1.687
472.667 550.274
-370.689 700.976
361.3 491.839
-62.363 -30.89
460.748 548.354
-435.217 -507.791
-441.101 -447.806
-579.205 -448.854
-396.042 523.495
-82.301 157.367
-627.616 -614.525
-478.263 632.136
478.709 384.979
-463.252 -576.734
29.552 -48.696
753.735 -243.473
604.609 -287.247
725.793 -201.629
-333.211 587.472
-569.143 -672.456
819.093 -286.057
518.043 557.66
-411.103 505.246
44.813 95.596
358.39 513.797
763.436 -213.578
-481.546 -416.661
-336.599 -474.515
-62.823 -227.715
-60.866 -50.273
522.047 573.178
466.578 526.211
665.963 397.629
-605.02 -436.238
-404.387 521.665
-366.587 426.113
-315.628 453.802
-553.926 -510.692
-476.411 532.387
590.235 419.202
-589.621 -635.008
590.207 594.01
-361.038 586.768
-403.564 -190.528
-464.634 -311.898
-577.259 530.793
714.202 -225.599
488.438 371.283
449.465 531.937
565.755 471.879
645.119 -316.663
-38.956 -29.719
706.633 -256.236
-114.238 -28.066
91.427 -20.548
-317.276 636.196
-91.7 15.037
129.011 79.936
460.931 476.404
621.817 -286.346
-447.251 692.409
-490.695 676.414
792.396 -99.714
-350.094 535.491
-563.842 -600.207
605.104 458.444
-83.399 -87.448
776.398 -213.318
560.132 473.923
-390.562 725.626
-599.865 -471.546
-498.358 641.744
675.014 -67.154
-378.034 -455.372
583.331 -199.996
573.617 573.44
-408.847 669.417
45.928 80.888
-166.088 11.892
-364.25 -371.376
-30.515 142.032
788.821 -346.404
-439.845 618.915
-472.067 543.492
-485.518 -575.382
612.151 -372.748
656.982 -277.487
671.339 367.843
-489.964 660.678
-234.392 -386.73
47.121 14.105
710.606 -316.652
503.021 504.047
-332.523 681.946
-19.938 5.507
605.613 -185.439
-326.64 614.344
822.644 -431.055
-448.705 -520.403
51.16 -28.874
514.452 428.447
-658.33 -474.835
-449.005 560.073
-10.722 -116.734
-493.5 511.274
-344.179 645.172
458.606 616.467
524.533 327.654
3.345 -102.899
317.314 423.884
-462.466 -478.41
415.663 475.352
-409.702 720.332
537.808 568.399
825.965 -263.614
205.97 124.277
138.021 18.053
-70.59 42.055
592.52 569.438
-367.04 601.586
665.154 -445.991
-492.928 -546.523
-557.335 -440.024
726.404 -260.944
-458.869 -492.903
-511.596 -461.875
462.634 507.693
-591.073 537.199
-462.667 -589.157
720.671 -197.725
35.39 -22.6
490.022 380.229
-72.436 135.557
-330.97 552.526
621.369 -184.391
107.452 8.117
-92.399 -9.86
-68.968 69.608
-351.698 509.258
720.999 -222.506
26.34 -208.563
57.931 -22.17
647.125 -302.453
779.314 -325.09
-54.029 -46.909
664.331 -344.642
36.998 -17.07
-492.576 573.524
-410.957 594.001
553.719 549.714
612.429 -355.353
-498.41 -536.218
106.923 -127.038
670.253 -303.96
391.562 592.167
62.376 -8.55
-612.246 -546.251
661.028 -281.923
-94.417 104.934
636.117 -341.023
697.043 -352.445
577.893 580.586
-503.027 506.928
713.785 -443.888
555.244 546.657
-212.979 594.311
-619.783 666.432
-466.256 -463.728
-582.99 -581.319
666.584 -380.385
-37.256 99.012
-75.159 -69.428
670.868 383.796
-58.079 -13.035
574.125 312.959
-84.392 -17.771
-499.136 -558.248
-18.896 128.28
538.239 446.28
-9.945 77.119
-198.68 625.717
-503.058 -508.862
-428.244 -506.807
-586.17 -409.77
526.776 455.502
-470.369 -568.514
-35.775 -61.112
-391.911 594.279
36.35 150.409
716.457 -200.731
-568.706 -534.091
-320.078 -527.714
-12.99 -41.886
589.916 -241.474
-479.958 -556.413
549.241 486.665
-432.161 667.996
656.095 -293.94
753.12 -322.123
641.042 -311.479
-359.715 -447.344
-530.618 -522.86
9.329 105.994
573.841 -185.438
664.556 -322.799
468.193 472.7
-502.128 523.148
73.429 -94.113
74.189 144.084
573.85 -227.728
-493.847 -370.103
410.742 316.524
745.31 -177.978
398.919 440.72
849.145 -278.068
-27.303 -76.325
-407.37 471.596
-299.12 652.903
-34.218 -118.027
-395.561 -645.341
109.171 100.195
771.237 -411.63
-60.795 67.707
-549.089 -548.755
-498.841 525.137
58.796 -72.922
575.923 -254.059
-652.32 -614.751
-371.215 617.2
-50.173 21.112
-548.538 -544.832
-421.171 656.958
-683.301 -567.531
-444.419 -441.745
439.842 630.111
-347.637 623.973
-151.116 48.883
-381.752 -483.673
-27.917 -37.72
-535.912 -394.143
752.279 -355.394
728.226 -222.284
548.519 -340.825
-470.936 -554.221
700.562 -424.061
-96.304 -12.477
581.704 482.229
584.021 -381.39
191.853 102.585
-97.792 179.859
-296.774 578.608
-411.494 559.686
-486.0 719.423
-319.955 683.675
469.088 510.464
17.504 147.495
-448.374 -434.146
-500.586 -553.596
586.601 433.397
563.398 -279.298
514.035 483.585
593.735 -120.695
-391.282 600.129
-21.179 122.022
-0.816 23.817
-519.355 -578.793
-496.026 -551.85
641.099 -338.481
-474.764 542.091
505.819 482.694
-359.621 500.886
-515.801 -548.217
174.481 71.554
-166.293 -205.212
434.274 329.729
616.444 -117.367
61.364 6.19
561.772 631.094
-523.328 659.153
-336.153 -573.665
507.949 475.718
-57.527 20.734
-397.244 644.382
655.389 -463.474
642.975 -292.232
26.457 -6.76
453.681 419.665
-447.59 -562.555
12.538 -72.695
-380.327 720.162
769.75 -347.961
-79.461 -14.03
-510.616 -529.204
-279.196 576.395
690.913 -352.071
-129.07 -39.747
677.894 487.862
713.779 -294.361
811.655 -251.233
-516.729 522.64
821.639 -256.588
-404.299 604.641
-441.686 691.047
-387.537 713.894
-445.012 -427.738
-245.269 712.082
-51.774 120.326
722.321 -357.949
620.539 -332.082
2.34 -28.136
759.884 -469.664
-1.189 -74.246
-471.579 -503.019
691.205 -355.765
-545.19 -506.794
600.719 554.555
-511.125 632.41
-329.27 681.706
642.304 470.446
-453.335 578.199
793.84 -341.422
431.638 596.916
54.895 164.983
-366.012 -462.65
-306.269 632.136
-368.291 619.681
543.17 643.225
-521.275 -498.672
600.184 551.132
-566.743 -593.222
519.072 479.303
-411.959 816.718
755.202 -413.375
757.954 -375.287
-485.036 595.133
-407.835 388.292
536.086 537.463
-468.447 -660.339
-424.321 -546.219
-399.348 623.955
-0.222 -47.168
493.116 566.201
-540.218 -496.617
2.157 71.659
767.085 -291.349
746.142 -218.42
-509.557 -444.252
561.913 -326.165
-547.758 -524.525
-583.788 -525.823
-598.383 -556.898
-44.928 -3.539
507.0 551.98
-421.892 644.178
677.678 -230.683
661.546 -287.472
787.728 -259.964
601.111 444.921
-481.649 -444.107
485.503 465.702
-582.739 -403.647
631.617 -231.778
29.036 174.887
697.807 -454.899
82.655 -21.581
-434.12 519.413
-371.159 786.255
508.44 385.398
-504.822 583.609
-542.973 -591.64
-42.275 21.148
672.411 -403.698
89.362 64.914
-441.214 731.015
691.053 -355.956
624.783 -196.437
-535.04 -509.324
-586.486 509.388
678.073 -230.986
542.845 527.686
34.268 -51.082
110.285 47.762
-481.097 -481.725
801.025 -369.35
91.275 132.717
-375.274 -516.568
-89.522 81.261
665.75 -282.308
-382.255 -375.467
-547.753 646.152
654.233 -129.809
-48.869 -28.277
-539.203 -510.642
374.499 444.988
-506.089 -641.76
-651.629 -676.386
-18.891 -98.072
462.864 358.075
40.18 -225.593
390.642 470.954
682.85 -437.598
-52.464 -35.124
-475.164 -495.516
-410.427 644.957
597.943 496.312
637.799 -320.344
394.978 447.68
677.909 -229.477
443.177 589.098
-488.357 -606.082
636.198 404.257
219.536 510.542
-444.791 685.33
478.998 597.362
-58.864 55.515
-33.469 121.894
-129.582 138.931
80.679 17.591
486.175 539.491
92.325 105.17
885.389 -467.232
-578.623 -349.493
582.02 505.976
459.731 426.905
-477.459 608.275
481.043 596.176
130.931 -0.517
-279.143 -583.01
-535.376 -506.247
471.404 451.987
-359.315 488.082
676.457 -147.816
-454.306 501.499
-525.295 -601.754
456.989 485.94
376.309 483.894
464.263 544.74
-335.669 553.073
-441.593 -492.85
765.292 -273.82
-234.216 598.981
-113.084 44.474
48.192 -9.235
733.229 -271.057
737.522 -256.718
-404.226 534.448
-83.179 -130.367
494.249 -214.938
-302.513 613.424
465.42 537.114
659.16 524.311
676.809 -277.165
-397.607 528.782
716.505 -241.481
48.787 117.81
-468.479 -522.098
-460.98 -344.403
590.218 -341.543
657.912 -172.481
14.544 59.093
363.234 482.497
-520.611 -560.733
475.902 579.273
520.82 454.275
-409.121 731.857
808.201 -329.7
-451.5 -464.712
60.497 -19.125
-204.005 37.407
-472.055 589.366
567.504 541.73
766.998 -249.748
36.192 104.021
-79.526 -132.981
-500.691 -675.153
-349.878 653.916
-693.03 -393.575
656.467 -278.328
-43.427 -71.201
-412.665 705.117
-153.276 546.399
761.488 -252.669
-575.432 -625.274
-378.166 -458.526
-81.979 -33.844
-454.931 -518.455
755.467 -236.815
-523.434 591.451
-202.757 627.678
349.384 523.384
422.445 422.447
432.149 424.526
-528.07 -485.015
-13.965 -36.662
554.867 485.737
-475.899 546.234
-378.784 -534.942
-589.897 -552.504
453.274 424.262
-487.911 623.815
-140.35 -145.15
478.369 487.963
49.197 -36.95
-201.902 600.59
778.1 -271.804
603.377 -335.191
524.053 427.053
632.218 -374.81
-370.956 668.178
645.605 -368.213
-84.278 5.953
102.651 -103.157
689.001 -271.127
660.553 -272.354
-20.779 103.476
-71.307 -63.929
735.087 -275.629
50.111 140.452
547.07 478.735
-217.17 665.06
23.955 -4.986
19.586 -57.903
652.57 -359.617
19.076 -60.228
-73.913 -34.102
-463.347 -527.176
690.465 -245.719
-70.986 9.292
-167.886 -2.364
-577.186 -646.216
-485.486 -526.136
487.986 559.559
600.651 577.882
422.661 550.171
55.974 207.209
-456.365 -473.195
-377.114 705.009
-374.472 801.075
50.646 -52.299
742.962 -378.007
69.425 3.579
405.702 517.74
-382.65 577.434
-159.877 -121.659
689.98 -387.669
571.552 576.502
-393.526 512.652
633.457 -323.811
-7.168 -39.307
-521.029 -464.704
740.117 -342.897
758.316 -266.651
136.618 2.583
630.545 -296.189
611.864 -362.827
120.924 -37.427
-407.912 602.266
447.29 473.978
561.929 452.824
-415.362 637.054
626.803 -285.468
0.785 -26.032
467.386 465.154
616.616 -330.334
681.514 -365.568
510.901 538.875
-519.91 577.483
-450.548 -485.891
22.171 24.467
632.043 -234.835
-273.266 500.573
719.011 -326.813
461.154 435.323
791.859 -378.815
732.2 -275.711
-487.747 441.41
-472.659 -494.751
54.928 40.267
-51.752 -29.389
713.15 -279.77
-8.867 76.383
-434.875 -520.767
-574.792 -406.647
-415.461 534.975
681.104 -273.949
607.265 -346.493
396.919 411.346
57.794 30.54
694.255 -370.703
-449.461 706.428
-556.02 -534.654
-431.304 551.379
-368.385 626.265
74.043 88.687
-509.625 611.039
-508.369 562.804
-477.254 -289.379
-360.499 564.253
687.846 -276.379
-75.478 22.094
705.348 -262.316
-389.662 -510.169
-53.618 64.656
-549.991 -572.902
-455.012 599.353
-302.149 661.48
699.893 -201.279
-44.52 -116.396
-41.329 37.732
805.968 -306.912
-254.042 732.195
-546.153 -577.304
84.58 83.952
54.425 -72.68
-496.888 578.109
773.965 -362.388
60.415 36.644
-309.343 607.407
562.55 -359.861
-67.363 -22.009
-547.393 -540.174
-461.627 648.414
754.406 -403.485
-557.115 -475.501
585.635 530.204
-531.197 -378.053
738.868 -402.224
579.905 422.7
-514.83 -400.474
-379.785 513.007
49.12 -84.912
579.521 494.933
608.286 -209.527
588.773 626.603
481.078 580.104
-598.203 634.296
-497.95 -592.203
591.414 577.389
-27.613 48.975
-423.212 560.426
667.969 -463.832
-472.017 -555.244
-665.325 -556.558
-597.804 -527.924
-556.006 -515.539
-567.601 -486.052
472.722 -337.594
893.892 -383.196
-564.681 -376.184
-71.487 66.473
-362.673 682.53
-107.174 -32.56
-386.844 693.143
96.653 124.332
672.827 -224.825
824.122 -275.199
595.682 -291.911
-458.47 763.339
501.924 455.118
-413.979 -486.467
732.905 -370.327
-496.675 484.265
537.492 555.489
710.682 -315.899
-83.065 13.166
-467.861 559.409
-557.152 -433.013
718.397 -194.455
-488.355 -422.184
788.591 -359.226
814.108 -203.373
-77.052 71.905
-204.829 -111.38
-496.655 -505.636
-521.687 589.551
-521.943 -376.737
-445.137 -443.396
-276.445 569.637
42.79 -78.725
394.927 440.295
-496.991 -411.276
654.677 -300.512
725.473 -381.819
433.856 443.461
712.949 -395.277
456.022 372.085
-281.135 555.442
-284.475 568.686
390.069 713.621
-436.319 534.614
-41.036 -44.936
-34.027 -12.361
141.029 -142.142
-589.813 -531.154
-290.616 576.484
-89.018 -60.303
-596.316 -384.139
-276.666 707.904
721.976 -381.543
-68.0 81.87
484.697 497.926
653.28 -319.165
604.99 484.284
587.771 525.235
-582.671 -515.676
-74.205 23.961
413.271 519.388
37.889 61.463
-361.044 457.062
-406.395 730.138
-160.72 -0.67
528.28 439.875
-551.898 -479.849
429.414 500.255
786.714 -286.557
586.068 525.753
-464.787 -460.26
746.28 -248.614
-4.326 18.445
-387.843 585.654
-560.383 -463.493
-431.912 718.61
-13.077 199.389
-336.07 678.312
-593.33 -321.115
481.911 531.201
668.828 442.721
-50.942 86.56
-697.48 575.051
505.866 350.562
-137.327 -177.796
715.31 -349.508
554.46 542.767
84.337 -29.66
48.925 59.537
448.149 625.05
-363.02 580.364
-474.932 550.668
651.539 -372.361
673.936 -422.401
-541.147 613.727
524.421 521.466
-76.077 217.44
623.372 596.365
564.833 534.864
-585.646 -513.206
-365.642 463.846
-467.615 -422.045
-90.964 125.601
612.531 -223.53
-455.804 508.994
-425.323 580.318
-527.718 618.637
512.928 580.011
-602.806 -674.224
618.91 518.105
-12.371 114.499
430.62 539.512
49.887 -84.362
-484.658 -554.598
583.145 -212.384
141.024 50.107
422.322 422.377
771.24 -314.192
-262.398 731.645
-499.351 -625.909
549.174 534.004
-345.837 558.51
492.14 370.258
-337.72 667.098
-461.037 634.291
15.916 91.851
-152.741 -111.354
467.599 528.066
649.01 -345.116
-346.36 558.858
-348.692 -465.393
-68.996 78.829
95.314 -69.225
701.886 -179.215
479.723 476.687
-479.021 -506.705
-449.374 -526.966
549.503 -380.41
-92.845 -10.812
-307.558 704.012
-379.856 708.836
-540.616 -347.769
-352.385 -562.85
-570.09 -435.812
-391.044 673.13
787.239 -319.697
636.03 -368.969
332.666 475.375
752.884 -332.708
-530.197 500.901
-99.634 -66.099
-263.967 539.468
-440.58 -552.914
5.888 86.024
-288.93 641.728
-532.916 -528.992
-369.286 -400.141
-562.883 -447.503
497.999 616.339
672.101 525.578
51.068 -45.565
-640.084 -428.3
-590.64 -505.0
-523.401 -510.363
556.357 462.198
-370.28 530.8
-381.318 -502.739
615.393 576.586
-590.726 -652.397
892.837 -298.54
-502.206 -465.094
-396.792 696.389
594.615 -451.213
-285.114 622.502
-444.961 -612.016
753.921 -177.485
-441.554 -603.455
-107.507 34.561
-64.515 -1.491
-372.305 524.107
-389.46 -438.094
-333.451 532.575
-55.977 -44.194
-16.876 16.721
-405.961 -597.836
-697.212 -706.761
711.338 -329.556
577.56 -387.388
-609.922 -423.349
801.427 -402.647
289.168 -138.186
640.251 -344.263
-387.848 537.875
549.241 433.581
771.718 -230.099
-10.044 -31.557
-118.575 20.984
540.552 442.707
3.051 -120.902
636.554 -169.033
-136.707 1.274
-534.166 -411.233
-374.371 626.77
-410.175 -601.082
62.725 -159.631
-434.865 603.313
-436.024 567.322
-346.412 663.021
474.882 491.339
-51.171 -78.516
-443.591 -630.885
-366.932 504.825
541.36 418.005
-300.545 654.284
431.584 517.028
7.777 78.04
677.841 -322.99
-4.585 102.029
551.188 -182.837
-499.817 -452.32
-379.237 -489.631
678.557 686.712
-507.273 -467.75
565.522 606.938
482.676 489.0
-44.945 21.087
-294.471 558.05
-509.356 547.389
-639.67 -351.843
-470.709 -425.2
587.686 -384.133
-497.163 -550.484
-512.358 -560.106
-393.775 674.112
718.652 -268.064
-260.777 597.653
592.315 -401.574
50.792 63.009
658.014 -289.455
762.52 -227.513
-473.244 -545.118
99.311 -138.479
485.506 474.701
-524.2 -602.726
46.141 78.578
871.391 -259.458
681.934 -237.049
574.612 392.652
-278.877 547.597
-556.937 716.435
758.1 -299.374
438.445 533.967
-322.424 584.509
-428.735 658.715
661.461 -221.805
-333.858 607.379
-270.102 613.996
709.897 -395.122
-378.732 575.378
41.33 -77.564
-503.851 575.486
-296.686 638.102
100.32 105.184
-72.517 -93.694
-534.773 -502.739
-331.018 498.01
-500.356 -490.378
-50.55 -22.43
-301.02 573.47
513.637 416.407
698.064 -439.237
-522.092 -601.791
-588.53 -470.572
-387.706 -533.605
528.225 596.172
-354.222 751.8
607.527 -128.287
-600.569 -549.312
-35.892 20.817
735.056 -125.448
-428.549 -452.026
-593.325 -399.398
629.612 -277.167
38.277 59.77
513.267 455.298
-424.377 -456.923
-503.436 -516.809
111.871 -61.298
-471.153 -521.641
-363.871 586.73
301.493 398.24
15.363 -92.624
87.745 -40.877
-459.42 -322.281
86.854 131.387
309.215 621.147
701.351 -351.718
-342.67 574.754
-276.047 576.838
-326.083 639.377
-92.836 -32.057
-56.251 -42.323
650.02 -249.086
500.169 372.705
691.561 -411.798
494.638 557.816
402.03 371.927
758.828 -388.793
-410.085 -604.112
30.64 -13.826
-393.926 648.618
-82.068 97.784
489.831 470.422
1.831 15.552
-84.07 -66.683
426.042 534.241
-502.277 -553.94
566.935 544.771
646.722 -353.33
659.742 -170.405
712.122 -430.684
384.479 529.971
739.628 -162.779
-14.939 -148.377
-310.005 843.571
594.758 553.145
-326.029 603.267
-500.657 -540.433
-487.414 579.848
80.61 28.455
-314.136 568.887
-73.75 50.741
798.021 -228.464
-497.857 -638.515
51.995 17.342
-424.739 -470.559
622.363 -345.318
-388.732 510.889
540.364 508.348
656.947 -222.139
542.268 620.5
-529.228 -541.587
723.85 -142.508
650.183 -389.366
-44.005 79.725
-444.081 -554.297
89.878 -102.299
520.878 554.272
-236.053 735.4
463.608 488.53
-388.248 619.943
701.123 -404.616
-408.126 598.69
653.05 -439.802
-397.745 548.296
-495.041 -401.693
822.031 -301.294
-133.989 66.625
634.655 -228.594
-571.234 -605.538
-425.319 578.389
27.01 -35.925
860.563 -368.611
31.939 -47.422
-345.82 562.136
-595.536 -468.801
722.034 -130.609
746.209 -347.727
-11.989 111.657
-591.582 -376.516
-419.822 668.747
-4.554 -213.394
402.189 480.895
-72.43 15.037
782.621 -318.5
585.409 544.567
540.551 -311.933
464.544 295.923
-20.914 38.426
-472.87 -512.657
-509.166 -530.934
764.175 -316.669
465.43 501.27
805.608 -325.129
-543.697 -515.866
519.648 511.2
384.014 557.28
568.364 -195.97
485.465 624.742
-346.111 529.862
-331.629 650.717
577.797 580.162
-645.208 -550.735
-427.465 -523.29
-390.074 592.435
-517.737 -658.468
354.516 520.253
98.032 -12.943
635.056 -350.276
43.967 23.395
78.076 -34.03
-286.1 651.327
533.349 650.522
-2.046 -130.808
407.296 605.756
397.363 445.315
-388.566 643.658
655.258 -328.45
-542.302 -654.948
-342.472 -385.181
538.814 491.881
522.169 486.957
18.324 -32.16
-34.953 -33.116
-377.854 648.83
-454.402 -439.216
40.961 45.785
725.656 -290.842
-505.594 657.9
-483.612 668.289
-463.206 610.269
-273.928 392.916
353.476 398.112
747.915 -249.066
-351.9 782.487
-486.491 -567.326
482.95 355.229
766.578 -406.863
88.374 19.585
400.482 389.368
804.044 -345.474
-379.74 701.578
545.181 530.695
-564.105 -414.867
624.55 448.918
-375.132 812.277
399.037 483.827
-257.413 719.563
-516.155 642.498
-330.259 -574.92
-117.907 -80.977
-164.748 13.967
58.707 113.4
-227.022 476.093
-435.143 -600.371
481.962 451.853
-518.585 565.976
-463.366 -451.783
748.852 -303.17
628.502 416.582
396.164 401.031
-437.977 528.199
537.808 572.749
-416.516 624.235
569.012 -450.12
-591.936 601.568
-393.616 540.248
-530.111 778.31
484.383 526.212
-458.604 -428.859
-472.503 -494.55
601.337 576.507
-69.762 -12.538
-390.987 506.826
813.894 -293.424
-558.354 -548.212
-459.276 582.55
-440.689 -430.649
-305.625 673.442
496.255 546.317
497.66 563.153
-491.015 -568.909
-5.485 -63.289
200.474 -65.158
143.152 -89.956
778.81 -458.327
-332.156 -552.361
-298.485 689.702
711.029 609.58
620.954 429.862
-603.494 637.415
11.106 -177.081
-501.298 -505.688
411.728 525.852
-6.175 61.178
-113.97 -87.763
-521.547 -524.103
655.803 496.411
-458.973 -498.614
-67.553 25.424
730.58 -374.298
-80.206 -178.092
721.734 -193.213
-401.096 651.004
539.662 515.495
-456.064 -402.402
690.913 -280.971
686.485 -302.624
851.814 -236.426
764.951 -375.892
730.656 -207.09
505.749 567.241
421.645 517.156
720.576 -206.9
444.643 479.024
-430.568 485.424
559.375 617.341
-13.177 -7.342
-521.868 -360.887
-58.505 62.699
-396.173 -494.149
27.842 -84.249
-356.03 561.227
522.058 348.76
-65.926 -33.619
544.149 294.114
519.373 566.138
76.218 -4.052
651.63 -290.877
-571.594 -367.091
-469.085 -582.858
451.12 558.5
-498.077 604.698
-73.301 -106.557
-376.677 -239.037
-587.4 -623.505
-329.353 702.623
650.031 -280.779
-447.801 594.83
690.707 -262.818
-537.316 -439.714
598.308 557.621
464.645 588.772
-106.237 -33.605
-287.146 557.103
665.967 -305.613
-267.207 630.104
689.877 -353.613
783.491 -296.331
631.483 543.505
300.052 552.297
-4.853 -27.172
569.694 386.057
381.561 447.159
711.716 -392.85
-57.855 -17.664
35.422 -7.938
478.256 456.728
-582.274 -486.573
461.371 519.955
-487.405 -451.02
574.036 -304.452
-579.057 -452.02
-64.753 -90.446
681.296 -223.738
-449.627 703.438
-2.046 44.602
-497.822 -391.412
412.896 523.546
628.455 -387.352
5.493 -90.954
608.156 -287.482
511.915 461.715
-541.887 -521.584
-60.733 143.942
-498.188 -583.541
-353.05 -426.29
-369.263 527.555
87.677 -42.57
-504.594 -406.946
764.12 -296.942
95.636 -81.779
-178.057 28.399
483.66 384.674
-588.256 552.947
-509.986 -538.932
657.862 -247.956
-625.722 -570.183
490.748 430.256
-498.956 572.538
-52.854 109.786
448.555 489.379
-66.767 -42.325
457.085 406.868
669.448 -385.366
24.181 23.497
865.608 -316.723
-347.035 -420.16
710.992 -416.392
434.933 422.669
624.342 567.457
418.717 593.228
-393.614 580.272
65.098 18.838
722.982 -293.262
-363.984 -289.22
380.275 345.783
-578.686 -511.488
-623.711 -346.0
733.272 -99.601
687.755 -352.262
487.026 525.747
766.796 -283.369
-413.009 -631.813
-560.914 -584.899
499.449 517.369
85.887 60.203
624.259 402.198
-5.495 89.718
668.567 -361.326
-647.987 -466.448
-462.055 -516.984
-60.079 57.784
-579.116 -361.444
603.187 449.784
626.719 -229.047
-619.737 -454.337
653.535 -405.449
821.828 -323.106
582.115 460.394
-31.884 -46.409
-339.338 -507.56
-63.827 119.606
-568.71 -408.385
-359.07 -486.54
682.38 -344.823
-554.52 -610.236
672.133 -198.521
-356.267 667.447
-362.428 597.643
414.667 417.691
-543.36 -606.075
-18.029 23.468
548.011 485.815
-456.814 -519.675
-423.222 565.224
494.615 437.198
115.954 30.738
-308.088 626.252
-425.891 572.653
728.97 -128.076
717.605 -214.438
767.483 -242.598
570.12 487.898
-71.615 46.908
-544.893 -439.122
859.636 -324.438
410.394 434.594
697.349 -262.748
716.785 -231.596
-420.685 -392.315
-385.018 673.329
480.146 408.902
-87.294 -33.353
-402.027 679.029
552.428 624.73
535.981 423.423
356.963 593.067
471.441 550.602
-391.26 -459.824
-450.379 646.699
-464.633 497.135
-408.023 505.859
158.232 -74.202
77.518 18.865
670.33 -282.697
-3.873 -14.928
579.552 -161.22
670.448 -367.737
-409.155 754.41
-377.131 518.993
-462.477 -497.739
-356.999 747.457
-257.352 598.431
-312.709 578.957
-476.559 -481.23
463.304 412.224
3.396 -92.39
581.438 497.683
-444.598 -562.698
634.812 -247.91
620.481 -365.193
743.712 -328.471
552.213 451.64
597.696 575.266
583.865 -483.308
-435.697 -461.207
-403.506 -454.618
-596.439 -510.217
-359.628 754.644
507.106 528.518
610.785 -158.182
528.567 494.343
409.799 590.451
706.284 -271.767
-451.054 -396.423
707.593 -357.261
-479.995 -550.599
-90.152 -44.326
-20.438 108.862
105.439 1.143
538.326 522.149
604.152 586.827
-660.213 -446.111
-344.662 -445.841
771.708 -310.552
644.566 -275.41
-427.178 -489.154
416.952 536.652
-462.667 576.724
605.027 -457.879
782.669 -332.215
-599.918 -607.085
-528.728 664.701
-285.557 662.503
671.366 -309.275
-101.567 -143.757
-515.603 -632.305
-302.6 -465.274
727.487 -216.381
-598.819 -521.713
-464.933 -574.699
697.603 -192.632
728.75 -329.13
528.115 549.421
3.493 -61.832
399.525 634.662
410.463 504.957
427.033 659.175
472.1 516.941
-634.233 -364.674
-426.897 571.691
-483.368 599.685
-417.366 -429.932
-567.795 -491.368
-569.467 -427.172
-287.513 629.273
-524.357 -578.592
606.963 -289.426
675.57 -322.624
-604.523 -441.498
33.703 -87.285
17.232 29.226
-558.779 -521.059
698.425 -270.631
-459.986 763.854
651.21 -250.516
25.532 -17.067
-546.859 -439.179
-709.17 -480.172
447.544 491.398
-418.486 503.663
389.584 545.729
-167.877 0.759
-427.834 545.002
886.21 -329.862
-99.312 -3.942
641.691 -401.267
-368.261 428.763
-408.549 -549.727
-129.152 -138.189
691.078 570.001
-290.36 708.156
-11.647 34.058
723.183 -275.165
-361.948 -443.929
-304.721 448.963
480.101 544.36
-2.401 -21.563
-275.788 684.798
720.343 -333.196
-103.04 39.057
480.345 470.503
621.669 -251.171
-9.889 30.423
-465.38 658.532
52.964 44.351
542.956 515.766
651.122 -378.664
-578.902 -540.115
-492.879 -566.402
725.518 -274.046
529.091 357.181
716.618 -225.863
596.593 458.597
627.191 -380.146
417.439 418.573
-19.383 -18.632
690.17 -250.375
19.682 -81.002
-466.726 -546.955
719.578 -205.716
835.301 -313.374
615.612 -401.937
53.866 -59.954
650.584 -275.592
-523.245 -621.669
-320.817 618.504
-381.785 -460.626
481.01 607.183
641.674 -175.87
556.564 578.798
-393.405 -460.069
45.053 56.908
683.222 -224.856
674.484 -399.993
736.197 -294.724
390.648 386.725
-545.309 -548.089
-564.39 -574.246
754.985 -406.747
-417.076 609.97
432.915 355.687
-310.431 645.172
723.063 -375.84
-286.792 -424.248
-79.86 52.717
697.907 -367.155
68.359 68.545
678.004 -369.995
787.829 -277.67
-407.669 -466.791
20.456 49.559
-360.18 -578.158
761.844 -274.684
725.765 -292.502
610.24 -264.81
-324.547 702.684
663.974 -331.065
-63.621 -112.329
483.362 661.296
-39.934 -77.091
-419.631 -531.261
458.652 472.558
-507.81 666.987
-245.398 520.814
-310.374 629.038
-437.127 544.491
643.067 -311.246
-371.948 656.406
676.986 -298.786
654.039 -399.156
-374.1 -558.313
670.575 -181.594
-421.439 501.317
-379.795 674.491
-533.115 -572.113
-529.703 -558.964
-540.079 -585.716
724.725 -225.975
-523.164 -511.621
-342.278 727.495
-548.737 546.851
714.34 -318.064
93.334 -69.189
-507.87 -452.706
-14.328 48.173
102.691 -74.84
656.587 -182.247
615.227 -325.505
660.023 -322.276
811.258 515.329
668.605 -378.355
-469.438 -366.154
555.932 434.638
630.088 -265.479
406.753 493.848
588.69 -234.132
729.145 -236.605
-88.376 92.759
-508.307 596.84
698.82 608.445
-112.481 -67.412
-237.302 524.966
671.767 -315.891
-450.773 -477.357
-32.121 -25.726
681.756 -359.722
818.037 -253.532
-488.177 -523.594
-299.768 568.322
726.232 -216.575
19.294 16.683
609.801 425.011
526.967 368.832
-443.681 603.625
633.089 -334.581
734.348 -238.942
-140.577 -180.325
-375.658 -481.9
-6.375 -12.777
817.07 -217.957
695.001 -361.634
-76.718 27.08
712.496 -365.339
-136.327 -96.71
-101.823 -2.361
7.614 -200.302
609.699 412.668
735.036 -215.704
-390.271 -377.682
-9.771 -151.116
600.999 433.999
-492.479 607.462
650.146 -244.762
484.926 578.573
-351.626 -506.315
-20.945 -80.37
-374.051 492.138
-56.718 -14.517
-311.532 616.402
-484.559 -477.634
-593.916 -603.774
-206.364 776.269
882.382 -328.047
-336.139 625.724
-477.438 490.422
645.884 -226.449
-158.424 34.964
597.547 523.594
-22.898 107.966
-517.695 759.204
-48.038 79.681
631.798 616.226
-306.415 789.325
-395.667 521.369
765.282 -241.91
-407.005 582.763
-498.223 -383.164
-613.287 -607.316
639.321 527.277
70.939 67.888
-24.39 58.7
621.97 535.452
745.82 -313.12
-137.663 32.789
542.215 601.961
856.137 -322.927
51.319 233.072
-634.207 -392.203
-447.663 -517.415
-5.848 -11.574
643.828 -152.526
486.52 503.774
-365.158 600.359
-528.228 612.461
-425.697 560.109
-408.523 -453.096
-442.484 -428.595
706.918 -389.576
773.297 -317.268
863.86 -325.894
-495.335 -485.57
-487.557 580.921
-575.293 -528.579
543.847 566.413
426.82 449.774
699.171 -379.061
-481.56 789.365
44.882 68.693
-522.444 -518.655
-452.274 723.064
714.8 -215.941
-434.482 586.71
-332.307 644.994
88.542 -50.734
-50.781 27.888
461.986 488.048
530.256 -338.381
440.807 477.583
-314.082 576.942
686.606 -343.535
-663.999 538.147
783.053 -413.681
547.315 596.918
-612.341 -491.705
89.403 99.041
-506.06 609.16
-329.108 518.716
19.591 -85.056
561.345 521.791
503.096 560.688
-394.04 716.313
-104.959 -44.738
-568.965 523.304
-435.673 668.49
-20.868 -3.42
614.462 -166.857
-511.094 -532.064
724.977 -287.534
606.952 -364.808
-542.556 -518.616
-148.792 -23.085
-5.97 -20.826
355.881 528.316
718.863 -287.254
-536.549 -535.264
-527.945 -601.567
-354.7 646.337
446.052 514.317
367.925 502.132
-317.178 474.856
-101.547 80.055
644.585 -43.463
-427.674 464.848
-8.694 -6.196
-443.792 525.227
588.941 -474.49
-407.664 -434.444
-417.845 527.939
660.918 -263.058
400.227 432.557
-470.939 -620.841
-349.161 610.579
-250.831 532.845
689.667 497.038
-31.832 112.305
-65.176 -11.755
-334.844 602.313
760.294 -423.392
-398.955 543.728
-20.55 -60.228
19.529 3.516
-381.422 560.018
62.119 98.147
96.882 -17.666
703.462 -341.465
625.959 -363.77
567.496 -152.314
54.477 -81.875
-431.878 624.024
-415.749 -641.972
147.222 27.388
-2.784 69.592
562.921 521.406
544.121 568.338
637.076 -383.926
826.678 -424.908
-464.224 660.41
-479.359 -615.627
-556.157 -527.909
-37.527 -73.047
566.833 553.295
-3.238 -25.241
-577.062 -443.351
-408.675 475.857
-6.425 -12.054
813.537 -256.631
694.348 -266.554
-104.187 -29.948
751.404 -339.618
-172.916 32.325
467.843 325.315
-565.328 -531.988
538.239 565.411
764.416 -262.314
738.877 -440.079
683.127 -223.045
-330.089 550.812
-391.256 -380.553
-337.868 641.864
-329.448 669.631
-384.689 509.415
-443.777 -419.838
-604.024 -537.368
512.601 471.542
23.534 -31.403
-535.095 -586.377
759.624 -255.773
66.621 12.082
-378.81 604.582
742.334 -166.496
657.441 -360.757
546.477 438.778
619.792 -186.02
45.078 -6.298
-381.075 463.196
504.866 331.331
583.968 509.222
756.989 -360.052
692.351 -231.453
8.5 -207.44
487.163 371.442
500.95 533.552
-356.28 623.469
829.057 -317.553
623.972 493.06
-532.244 -478.396
9.177 28.313
629.73 -430.88
451.718 598.582
-30.928 20.05
365.029 499.38
47.187 -112.191
-431.934 -518.89
609.801 -311.566
-387.207 566.414
526.381 -307.254
-416.662 -559.54
-325.326 501.129
-437.499 -483.663
-575.41 -630.045
579.192 582.728
-78.133 -174.348
-581.844 -557.749
-441.408 671.678
-489.323 490.549
-477.593 -603.273
700.149 -290.487
450.644 414.748
78.39 -98.253
106.79 90.13
695.936 -330.307
792.337 -246.577
533.811 476.003
-64.471 -54.232
-439.016 700.494
536.701 730.533
75.31 12.132
772.543 -281.161
-505.022 -404.16
-487.331 -477.008
499.855 457.345
653.91 531.158
459.956 460.65
494.001 467.689
474.785 484.815
-575.466 -613.276
667.272 -227.833
-555.934 -448.493
35.904 -13.328
-319.29 765.192
16.372 136.014
-255.291 548.849
591.678 386.007
0.219 -130.552
-470.477 -611.807
-434.321 551.498
745.913 -204.857
-42.135 -51.356
666.612 -461.745
-16.061 5.27
-97.207 -86.344
-422.199 793.254
513.329 473.958
-238.162 696.824
-305.614 824.006
-483.4 -436.607
837.49 -359.565
709.713 -332.36
60.966 -33.937
-133.775 18.528
-499.487 -498.4
-552.419 -607.631
458.244 414.455
702.499 -305.761
-587.235 -427.53
30.169 73.682
-463.255 616.665
519.929 400.856
-434.164 628.025
-348.887 497.469
812.77 -209.23
-26.866 -69.607
-496.292 681.489
-571.124 -375.72
41.248 24.34
-527.701 614.591
-775.229 -394.247
15.582 -13.215
508.493 544.412
662.485 -335.549
-9.52 -42.345
-539.713 605.004
-564.149 -453.886
529.251 380.548
-535.661 -356.608
-339.144 579.6
-584.548 -474.831
78.025 -105.243
653.47 -253.132
-467.433 -340.388
-660.591 -403.085
374.438 369.991
-5.242 -193.108
353.244 523.831
-386.62 -451.699
-149.406 -118.858
452.603 464.76
-489.409 -498.463
620.492 -329.54
618.459 -201.124
-332.348 500.752
183.165 45.794
79.148 -41.524
-431.4 628.61
684.396 -451.299
525.621 -298.377
-538.863 -406.972
-353.559 621.038
552.449 541.525
687.481 -355.911
-375.565 654.64
534.681 574.459
-529.017 -417.545
-44.909 -123.281
66.02 39.946
-528.262 542.677
73.617 27.44
726.388 -513.197
818.132 -384.309
42.03 31.873
-34.923 -16.586
-25.134 -149.393
661.682 -226.861
-447.512 593.816
590.578 473.2
-563.014 -366.3
-438.161 -475.438
515.006 465.314
793.0 -276.724
529.921 541.273
-452.485 579.939
404.142 573.752
-306.319 608.97
-56.471 91.671
50.228 -222.373
547.988 573.659
-561.506 -506.088
-517.421 -439.074
-35.651 -7.128
478.592 581.52
-407.912 493.906
755.196 -287.148
-106.772 58.155
-419.749 -501.917
-42.352 -65.006
-368.978 587.04
-474.136 609.891
-444.644 598.62
-442.908 595.627
-478.553 -583.123
-617.192 -456.7
652.45 -341.093
66.367 -1.238
-330.839 639.373
-389.817 -587.495
629.723 -467.672
-558.538 -492.995
-334.321 555.167
433.66 675.305
472.325 490.059
709.315 -363.866
-510.716 -551.518
329.571 537.542
-375.356 646.736
-37.139 -2.81
6.313 -27.859
-341.336 595.139
484.97 484.306
-35.869 4.452
42.138 -19.026
650.092 450.198
-482.779 -477.387
417.157 349.499
-324.189 -640.15
-527.198 591.253
-463.154 692.292
-492.878 508.458
836.116 -234.105
-442.406 705.409
791.163 -346.113
-63.198 10.724
527.63 530.505
-447.816 609.676
-365.946 -421.183
781.638 -253.098
50.732 11.018
502.599 469.91
-632.227 -304.042
-569.898 -765.132
628.104 566.401
714.354 -255.064
-85.566 -87.269
367.3 588.652
-476.651 -597.723
747.008 -149.185
426.615 538.722
527.786 484.416
-599.682 -492.79
-93.636 -75.342
558.67 424.316
428.98 393.026
-511.838 777.845
-425.188 519.341
658.52 -395.833
735.396 -233.934
713.613 -267.651
-556.71 -574.65
-311.301 547.419
-395.682 659.045
804.666 -368.349
119.99 40.272
-731.174 -409.797
-533.319 -405.081
-576.693 -515.568
-335.566 617.025
-492.279 -389.357
-483.41 -608.654
-657.51 -312.209
-425.511 663.617
-486.346 697.877
580.811 -353.902
536.307 502.802
-112.493 37.065
-529.695 -569.463
699.633 -307.134
-521.549 611.079
-28.43 -3.854
604.413 511.966
319.964 530.642
-413.509 764.68
623.644 -317.504
42.605 -25.013
616.682 -347.128
489.827 635.942
797.756 -297.029
683.219 -278.66
-511.817 -566.163
53.502 -29.372
-549.906 -486.248
67.287 -4.483
623.288 -249.043
49.751 12.395
507.28 431.911
621.468 -315.392
-373.804 698.476
-329.007 510.129
744.11 -138.64
602.166 -182.701
612.5 -351.845
-495.252 -592.695
-348.189 507.228
-363.159 585.755
497.689 567.459
-418.744 700.942
-393.047 -558.972
-354.979 525.753
-411.111 473.66
740.643 -306.896
-299.644 617.017
509.546 549.687
-84.318 79.718
-112.694 44.013
-660.894 -614.016
-448.493 -369.701
-338.328 694.367
-451.71 703.086
-69.38 68.267
17.632 107.187
619.283 435.418
697.991 -127.414
740.359 -263.456
675.917 -455.843
522.364 569.078
493.773 483.757
747.502 -468.101
-531.364 -558.591
-437.833 -585.159
-304.844 -585.033
-463.365 -344.317
671.164 -393.674
-445.313 427.9
701.708 -350.943
49.247 116.723
536.079 402.527
-427.473 -490.457
742.882 -304.489
-443.796 -732.999
737.827 -197.404
-501.269 -270.878
664.505 -218.945
-503.171 -424.682
-345.645 559.387
-158.504 -88.976
-283.968 693.785
652.255 -231.084
-645.923 684.19
-392.268 486.581
-353.026 667.816
137.885 -61.829
-419.804 632.962
0.909 151.711
-496.054 673.882
-606.212 -443.235
-369.678 618.571
-554.416 -427.768
92.89 26.061
-498.98 -592.285
-524.045 -515.554
-365.313 460.081
-471.024 -514.99
-530.219 -527.842
-468.149 626.834
-407.986 579.172
-478.088 -402.561
541.325 536.56
710.318 -232.658
-483.591 501.403
-10.289 103.683
-615.026 -509.138
-559.1 -340.01
-398.696 494.239
-531.587 580.461
80.931 -58.029
-415.652 734.733
62.813 -79.558
800.119 -253.801
483.96 509.953
430.044 390.519
517.878 662.538
766.435 -196.562
-464.955 -631.843
-321.918 587.794
698.824 -350.076
-517.059 682.247
829.876 -382.861
664.972 -213.279
-2.54 -21.707
-377.99 -435.401
-455.695 -465.511
-523.139 628.438
-575.98 -484.74
736.469 -234.152
-449.344 519.786
-477.478 561.576
520.028 610.81
-436.67 740.472
748.593 -181.223
-477.028 -526.812
-458.786 -515.072
-439.698 -541.962
-322.293 742.45
733.668 -313.847
-73.483 -106.891
-326.197 535.262
101.595 137.712
455.508 414.532
-462.295 -468.861
772.027 -318.812
30.531 182.959
56.306 -32.728
-517.378 -366.374
-459.935 411.412
-8.206 1.018
-437.308 511.131
595.755 -248.291
87.819 -32.856
128.423 43.077
600.39 527.848
715.174 -337.754
1.938 17.067
-432.88 542.831
614.82 -269.231
422.407 630.893
701.198 -177.562
733.255 -235.498
472.782 371.474
32.982 175.109
507.839 448.255
83.576 96.475
719.507 -228.825
545.075 -81.094
-601.533 -549.662
61.173 -164.636
787.424 -445.384
713.747 -219.858
-139.819 -102.091
81.324 94.831
477.194 580.027
77.679 -58.238
38.769 -77.156
662.724 -424.926
-573.385 -436.603
372.494 493.913
628.039 -308.927
80.098 110.823
665.567 -226.12
45.412 75.718
-400.577 622.767
810.206 -322.698
-23.594 59.112
-433.468 621.818
-141.596 73.65
78.981 102.275
485.081 543.04
465.207 539.698
-97.912 200.496
465.233 449.624
-330.51 634.791
-543.238 -444.557
430.792 486.571
-389.297 634.288
-514.689 -477.232
-500.318 631.681
-374.525 596.194
326.422 551.827
802.43 -267.388
155.965 -5.256
574.376 490.069
772.446 -374.805
-581.925 -494.824
-495.067 599.417
-36.634 61.123
512.392 445.597
-397.626 558.302
540.101 455.053
481.054 357.195
109.094 -82.243
741.464 -295.246
384.608 664.213
-526.282 659.048
-19.375 -15.957
-520.381 -465.052
-379.12 651.576
0.279 94.525
734.763 -232.788
586.516 -359.092
653.465 -355.553
-598.175 -586.77
710.326 -251.237
967.003 -473.08
599.937 -353.119
822.667 -253.05
-145.657 37.627
579.285 -331.538
-653.335 -547.542
-70.41 1.034
-512.171 401.203
591.342 433.954
-472.87 -350.439
832.354 -209.143
553.146 449.721
-646.802 -439.51
502.219 429.862
-458.033 647.484
-516.69 -652.62
-514.534 594.935
-374.403 -478.455
701.938 -374.093
-461.962 -596.136
389.399 368.228
642.568 567.55
629.425 593.14
578.091 -321.068
-376.74 -551.08
-346.123 620.168
717.926 -126.426
629.409 -392.884
-418.644 683.234
-415.549 531.751
-440.104 -476.856
96.817 -143.579
446.254 551.531
-500.968 617.896
-296.22 514.432
681.618 520.42
-420.218 585.624
-384.292 619.164
159.348 113.453
68.493 13.004
-602.392 -500.23
-590.754 -546.57
653.551 -286.644
351.108 402.909
551.842 -356.253
764.516 -270.84
-424.102 -602.619
-372.554 -481.912
-56.266 35.317
-483.064 -424.852
-507.296 -472.343
681.181 -395.054
704.106 -177.496
94.412 -142.223
705.793 -220.13
-90.888 -166.777
493.651 480.411
-1.519 20.161
-413.933 431.297
547.918 496.122
-547.426 617.808
843.718 -276.266
53.498 -33.494
435.055 553.612
54.225 -0.978
633.152 -209.811
479.353 596.438
434.347 475.065
-431.919 -486.886
-351.831 592.293
535.365 469.718
512.485 522.201
-320.898 843.706
-371.972 664.611
-333.03 571.969
428.232 484.034
-435.298 607.888
-532.241 -420.706
3.659 24.721
763.885 -346.112
-331.292 -489.229
32.17 -22.333
-442.826 562.272
601.806 -233.841
-354.716 509.626
529.775 316.886
-383.812 523.335
52.604 -1.462
436.572 444.593
592.707 -237.827
-434.869 546.245
592.857 -246.741
-487.666 -544.94
-427.42 567.697
-427.593 645.72
620.147 -276.896
596.388 543.922
869.736 -296.805
-411.56 -542.352
-334.345 677.543
-508.218 -534.612
440.392 543.485
692.313 -307.818
-496.368 537.801
566.651 529.951
-356.718 -452.99
568.458 -382.055
838.155 -210.685
-311.792 615.523
-513.128 -455.107
528.204 502.882
-420.17 534.331
792.551 -236.418
-405.378 530.407
-96.2 -1.169
729.27 -230.455
-624.646 -325.58
-337.832 560.613
-589.751 -479.873
-356.991 531.554
636.284 493.85
700.255 -201.08
-465.48 593.474
677.04 -226.986
-501.735 606.332
398.972 426.293
511.408 452.62
-462.099 543.624
636.16 -372.257
-133.264 63.346
603.802 -282.069
-302.952 574.755
-316.975 572.962
-436.171 644.637
593.729 -219.721
510.326 417.047
-599.897 -438.29
527.629 472.236
684.375 -333.899
591.282 559.357
420.867 463.562
-509.484 -533.392
505.723 526.669
496.35 641.398
-391.45 537.72
711.803 -263.651
-403.829 590.781
-390.053 635.629
-502.897 -291.477
-47.605 -21.222
-598.64 573.351
749.075 -291.044
-580.364 -386.932
-443.808 429.296
570.004 518.878
580.957 557.943
735.377 -211.462
-493.441 -526.374
609.973 464.731
385.465 587.924
581.744 -322.154
-237.204 618.305
89.641 95.175
798.386 -424.92
-554.668 -360.252
768.883 -250.083
405.73 518.655
844.202 -341.132
-546.614 -338.828
-497.17 647.89
534.452 453.331
-385.04 622.588
-40.458 -162.209
-388.96 -485.729
-541.784 621.09
726.136 -357.85
1.666 135.916
-493.135 -469.435
484.581 403.178
-516.904 623.423
-285.404 599.77
635.392 -360.31
-412.855 -402.658
-424.812 -437.417
-468.278 597.293
844.584 -494.4
581.738 -273.505
727.493 -380.325
755.283 -342.295
-524.441 -463.509
669.88 -276.921
-507.478 680.283
572.458 502.83
-44.733 -142.439
596.79 582.817
-381.818 -471.958
458.394 643.516
-508.513 -481.4
739.665 -338.705
796.734 -315.171
-455.731 -640.376
21.84 8.273
413.623 540.142
-647.591 -568.043
-459.596 693.543
-372.696 739.937
-82.349 -43.225
-339.093 -372.77
602.625 -270.223
2.786 -29.25
-549.922 -498.003
829.075 -466.679
-518.412 -522.824
-115.056 -9.467
-361.967 619.856
-0.852 62.889
37.251 -53.326
0.494 69.106
87.419 -1.883
-621.93 -513.71
452.296 454.48
518.519 405.294
-601.415 -587.934
-355.185 744.015
370.485 679.77
437.084 575.146
-31.9 -46.482
-242.122 717.211
375.234 500.745
-531.359 -375.547
-375.332 590.418
-339.84 -538.96
-57.901 -89.807
-464.932 622.167
-316.948 600.534
118.666 33.459
-27.657 115.46
-81.853 -3.283
572.016 532.813
-530.294 730.591
747.624 -352.528
478.123 458.58
84.045 100.968
-543.957 -472.068
-725.154 -498.656
667.884 -292.365
458.787 488.741
-418.825 -556.269
704.521 -279.36
-411.708 628.984
669.517 -369.365
-467.569 -489.65
472.107 539.543
530.887 542.436
428.323 471.904
467.483 446.285
-398.964 -454.667
764.223 -154.612
502.813 575.076
531.01 477.839
725.736 -269.597
-431.645 417.245
-478.329 580.596
17.839 23.929
143.752 -31.223
350.009 715.406
618.558 -216.616
-421.618 571.091
96.979 107.259
-444.161 606.709
115.912 -16.013
791.65 -219.208
-409.59 668.247
484.662 370.27
790.313 -255.382
-1.034 153.302
427.162 557.647
433.922 523.163
-598.19 -568.214
523.875 371.182
-501.554 -440.307
-603.102 -412.086
-546.091 -531.215
653.777 -307.898
72.558 182.421
-310.753 443.891
-485.645 737.523
-114.516 -37.314
-388.792 662.199
-477.725 577.82
698.65 -146.516
-493.658 -492.013
108.188 -21.866
-354.493 651.163
-492.166 -597.744
-353.213 701.104
340.472 338.154
-485.063 -438.03
483.69 529.419
-435.158 703.551
-486.182 565.103
-437.933 581.79
-528.238 -583.383
-502.717 -493.926
519.143 511.117
696.746 -263.675
-23.129 -80.131
499.842 390.702
-21.84 -75.874
-605.241 518.686
-85.741 43.622
799.515 -216.856
621.16 -315.356
718.143 -438.358
-402.584 -491.264
-429.888 452.587
-470.762 -450.122
88.658 -84.024
-375.155 582.394
-435.511 641.848
-97.048 44.845
-344.663 564.042
-438.689 -528.296
-386.202 578.405
468.871 430.619
-387.511 559.85
752.869 -156.532
-20.958 -98.679
602.217 579.595
560.088 681.509
-644.409 -426.224
-436.847 -540.306
-642.306 -544.328
473.327 568.652
-497.87 -426.387
-481.548 -563.307
-497.728 563.428
-52.892 9.775
-406.2 627.025
-391.065 574.257
491.735 635.524
667.068 -388.603
37.153 -13.858
423.783 584.168
-16.237 -13.786
652.706 -319.435
689.171 -377.842
59.211 -56.825
666.319 405.9
409.569 487.633
547.388 -247.929
-411.225 533.578
-369.966 723.086
-351.104 753.109
766.019 -277.575
511.325 400.592
-417.921 587.25
-523.319 -531.283
699.789 -367.163
614.584 -94.534
81.822 82.795
-14.543 -48.891
100.091 -31.999
620.012 -407.642
755.422 -400.102
2.184 -7.154
-558.194 -500.272
87.148 38.313
805.302 -317.054
38.589 -16.401
-333.235 644.307
-431.399 -401.577
528.308 456.201
-425.252 569.902
-376.531 585.92
-431.264 498.975
584.377 603.062
30.473 76.647
73.501 82.064
531.972 493.797
442.456 500.549
-301.035 -418.001
-619.954 -525.611
-391.442 626.928
-46.747 13.004
43.441 -124.275
-429.322 694.367
631.913 -246.433
660.813 -275.869
-331.857 570.898
-525.814 -434.53
611.449 -246.366
-178.689 -21.681
495.47 -422.534
449.621 611.385
878.782 -333.918
-74.729 37.984
-399.719 704.624
-459.364 -551.413
-426.145 -436.205
459.161 424.59
-478.456 564.634
-364.574 491.504
760.539 -280.46
-490.072 -458.193
481.085 401.489
-525.18 -487.748
126.589 33.074
-437.923 726.781
722.583 -206.586
654.839 -321.264
687.577 -284.161
503.62 696.028
-498.733 -598.242
-473.803 -634.492
768.169 -444.011
-400.981 -374.293
672.698 -255.233
767.844 -145.57
-423.699 -624.829
-484.199 627.916
404.67 567.792
564.247 596.405
430.113 519.639
-363.591 695.701
650.831 -213.701
-533.737 -485.38
-57.545 -75.04
-403.563 517.141
-281.89 800.892
-194.701 603.213
687.366 -292.521
-478.844 612.814
-32.618 28.592
568.387 508.506
813.717 -311.26
-486.752 632.561
113.86 3.143
-302.435 495.457
-396.485 515.87
107.704 -66.669
-413.567 712.098
-435.959 603.945
586.26 489.816
-614.361 -547.026
590.392 -311.374
11.767 -41.478
568.237 319.81
62.822 82.398
71.901 75.213
-65.864 -30.562
645.634 -252.718
-600.123 -410.435
-369.758 720.505
237.577 -163.481
530.712 415.421
-389.723 733.708
756.959 -91.572
-539.416 710.278
-565.127 -433.532
-361.609 476.656
704.663 -281.645
-85.179 -65.058
-484.75 738.974
-4.873 -10.629
-531.497 638.444
-365.032 654.479
-456.166 609.23
555.684 -283.203
43.922 55.993
-11.641 68.915
879.008 -342.454
24.455 95.762
456.709 435.564
551.139 494.649
111.803 -48.415
458.562 550.524
558.716 486.707
-412.274 647.638
571.967 -418.192
-373.966 -557.875
309.09 419.863
573.453 -362.826
532.541 529.542
81.931 -30.968
-617.111 -442.128
461.311 587.282
-4.12 19.767
433.361 593.603
491.723 536.21
116.168 -33.203
606.935 -461.924
756.004 -403.88
-69.444 -50.41
-514.242 -399.167
507.336 437.636
113.4 -9.022
-513.913 -416.071
-445.258 -314.341
669.35 -325.816
449.055 558.164
-383.268 608.96
528.507 -424.766
500.567 492.362
885.076 -325.066
-518.974 553.846
456.652 705.726
599.772 -208.272
-614.231 -420.068
694.455 -337.545
333.293 625.697
331.088 536.915
-393.687 570.444
-371.362 587.493
10.555 98.707
454.853 511.115
24.276 107.011
160.376 -103.711
-462.717 629.001
545.74 491.516
-160.449 -14.369
444.031 427.427
-471.714 -564.33
-613.88 -311.93
-446.554 -543.259
664.173 514.586
-589.929 -524.631
47.622 -77.346
416.252 542.16
-378.12 609.696
397.056 534.125
806.142 -325.625
-87.985 -43.927
690.536 -251.842
491.176 571.903
730.727 -254.173
-430.812 -441.289
-57.477 0.666
-363.727 627.628
745.499 -323.161
411.029 500.708
751.731 -285.041
787.741 -334.071
-488.227 647.04
-15.258 9.179
-454.904 591.032
-442.073 -401.754
-459.466 566.759
418.697 530.822
679.496 -297.092
635.563 -380.228
-467.998 -519.811
-478.428 -452.653
-311.912 684.816
-520.054 -457.519
542.599 656.311
-425.463 680.612
75.732 -38.98
501.189 552.798
-86.299 -168.202
840.748 -166.872
-23.749 -128.398
725.472 -246.466
34.527 -84.092
-552.228 -459.151
-169.719 -45.109
768.835 -394.201
-403.192 -433.449
430.639 534.271
668.142 421.925
781.176 -282.5
-17.161 -55.724
-405.317 -359.304
36.409 11.924
522.316 632.111
-83.74 77.653
-53.24 -28.616
585.969 543.257
551.138 557.493
-403.098 525.844
-465.246 623.663
-590.115 -514.532
466.429 453.396
-406.291 -406.189
-349.114 490.862
-20.672 7.809
-467.413 -485.237
-515.363 -394.179
505.395 -221.411
404.977 546.335
-151.159 -12.514
-453.794 -432.963
341.87 681.543
589.804 -281.396
-373.386 575.06
-388.218 559.334
568.733 537.429
-65.88 -61.601
-117.916 110.13
-587.785 -548.412
677.939 -149.091
788.702 -254.384
-335.338 470.45
-179.973 531.681
-491.921 506.81
476.747 401.216
-583.891 -523.77
441.344 451.435
-97.896 -116.836
-345.58 636.369
-405.146 451.057
686.164 -226.998
-348.42 532.069
650.461 392.04
-515.385 555.822
483.885 437.092
75.186 -46.528
539.009 599.972
-331.354 544.984
-430.531 582.333
-35.493 7.225
-584.518 -525.291
725.031 -196.191
-351.618 640.662
-461.946 527.905
718.658 406.373
-131.774 -1.191
-95.77 0.884
648.839 -451.313
-657.386 -472.861
-335.645 -343.346
-62.06 136.362
-102.007 -89.995
89.251 60.653
386.174 491.239
-443.109 665.331
-423.585 487.854
-429.61 -505.758
622.066 -320.597
-84.218 -51.939
154.355 138.215
-388.107 802.334
-151.95 78.799
676.804 -453.72
-459.116 -583.611
-362.568 553.808
569.134 360.264
-19.02 -61.345
-54.754 123.667
341.275 520.112
-252.205 704.503
734.679 -315.648
-80.948 -5.524
285.017 493.296
166.342 23.189
596.167 600.16
-490.414 -593.882
694.402 -423.167
-85.957 0.957
473.542 449.73
521.648 416.739
-384.666 638.438
-357.843 611.384
-96.399 127.429
-414.792 594.114
583.887 499.515
695.246 -414.101
681.156 -260.459
-558.557 -561.621
-5.306 62.905
5.068 -81.102
-432.541 -588.587
-409.516 779.019
-626.498 -514.689
674.095 -307.746
-525.922 -622.671
525.996 540.922
-71.411 92.24
-443.228 -612.195
-422.213 -457.113
759.795 -274.235
691.403 -360.75
690.545 -215.843
638.475 -316.337
-388.851 -458.288
687.387 -309.246
-72.069 -99.006
549.18 324.045
22.697 28.441
-450.987 584.533
509.937 522.999
146.856 26.971
592.816 -350.666
820.294 -350.076
-77.328 -16.329
538.937 469.424
-365.563 600.771
24.161 -51.025
734.029 -354.788
-223.61 549.822
-458.966 523.765
-480.689 -511.498
503.6 460.615
-472.153 -552.496
-92.477 15.592
753.385 -283.086
423.427 410.441
-428.706 -640.86
757.069 -367.185
-545.144 -521.769
86.575 -57.909
611.185 -448.798
-550.153 -541.702
-379.346 502.151
649.507 -350.115
-466.823 585.424
-584.682 -609.891
-521.131 -581.068
-551.79 -518.657
457.96 499.301
41.224 -36.601
682.301 -419.148
536.1 473.72
-294.157 480.261
-105.648 -47.677
-502.32 -451.409
-20.519 -49.45
558.185 522.123
775.439 -359.529
-418.898 538.862
-463.266 653.541
886.457 -339.479
632.246 -341.979
573.03 -362.173
396.789 495.975
-42.854 88.812
-419.287 739.693
-52.206 36.276
-336.331 697.6
-580.053 -587.648
651.561 -230.277
662.453 576.617
766.3 -350.597
-90.265 -116.161
684.937 -319.137
-244.151 534.231
-410.714 562.909
697.312 -207.006
497.033 366.482
-610.791 -522.168
-585.855 -470.207
743.376 -215.364
484.747 561.453
-239.73 448.117
-465.632 512.503
35.522 50.138
-82.191 46.623
-506.619 651.679
-257.049 810.271
-474.57 -550.718
796.941 -434.331
-69.235 -48.697
705.568 -284.816
-572.911 -399.437
539.951 546.368
451.354 539.016
582.434 449.578
-545.309 -403.462
-509.344 -479.553
302.38 510.926
-396.323 566.94
-350.296 581.138
-463.094 616.906
-410.285 -486.828
775.506 -361.798
73.84 126.023
-688.41 -596.613
-66.437 72.136
269.496 396.066
-361.165 601.158
57.204 26.975
-467.055 -415.25
441.204 559.993
604.189 -236.936
508.849 574.789
-380.02 792.901
-494.475 -550.218
9.036 -46.89
-337.583 574.956
-493.039 606.946
-13.848 -76.612
378.268 344.144
-468.816 581.2
66.792 -131.731
-488.393 620.483
627.078 569.331
52.565 -99.681
-554.237 -565.952
509.395 470.01
-419.745 646.206
-466.299 506.797
645.033 -159.146
-438.664 553.241
-263.329 592.581
614.157 -317.664
309.039 -79.214
632.959 -268.436
453.717 574.924
-411.102 690.43
-32.931 -22.992
-7.234 110.294
825.157 -205.608
-376.302 498.536
-16.714 27.586
-265.879 548.86
509.433 487.715
-391.556 -597.741
-95.054 -219.404
-671.416 -350.366
646.555 -268.366
-68.052 -109.273
0.985 134.248
-344.937 512.054
-139.941 -25.795
723.344 -279.679
-150.279 7.745
572.379 508.284
-450.559 570.0
-327.454 605.486
529.83 -337.842
-451.739 562.244
-66.196 40.932
-447.165 576.544
77.1 -219.393
-481.993 -455.913
-477.828 -403.526
-373.636 461.118
-128.891 79.56
-488.242 -481.357
-293.485 769.105
534.004 581.16
29.923 1.483
43.852 -57.19
45.188 31.059
98.206 -110.012
588.002 471.842
-496.964 -524.128
-66.556 -117.886
694.085 -366.352
580.451 -325.677
732.435 -235.778
872.812 -248.082
-397.307 630.263
-576.053 -397.12
572.79 421.077
-545.577 -421.633
-520.641 -441.149
453.522 499.507
-64.201 93.475
682.84 -258.74
-352.836 747.403
-326.378 643.476
-568.19 540.067
563.876 457.799
717.279 -288.383
-474.393 -455.319
-479.103 -543.726
426.008 522.065
776.82 -269.129
706.124 -235.703
-418.575 -565.919
-564.809 -515.281
604.357 470.226
645.777 482.419
688.763 -266.409
446.261 553.523
-513.998 -489.89
-475.833 592.941
488.365 519.412
392.863 501.514
670.658 -217.93
-487.693 -550.373
-283.308 574.483
-580.862 -466.257
-530.559 -536.617
785.31 -310.269
-455.994 518.843
661.032 -282.779
-447.504 -688.954
728.621 -415.74
43.529 -30.431
804.714 -280.883
374.937 425.594
-435.789 535.199
-54.564 -24.039
722.608 -216.063
-353.605 488.558
-476.049 -424.585
-490.728 -470.406
36.077 -195.42
544.285 590.906
661.77 -394.253
674.984 -351.203
819.013 -358.884
-342.031 581.383
690.854 -314.386
-568.402 -545.52
-352.31 573.575
420.801 492.64
-53.319 -70.662
605.452 -429.989
118.048 -18.705
515.559 475.347
-202.534 100.215
767.755 -286.939
104.188 -81.922
656.874 -266.999
-453.36 -503.095
381.994 481.081
-523.357 -430.136
-498.482 592.117
74.39 59.619
-104.132 108.748
-526.715 -519.229
512.183 451.621
601.112 501.015
683.389 -460.409
-535.251 -585.098
21.04 15.215
719.902 -227.357
-459.02 -402.316
40.244 26.07
-386.46 -445.625
675.383 -293.844
708.322 -324.247
497.098 415.626
-547.696 -433.228
-331.217 608.619
-241.472 643.59
-434.555 -419.694
575.618 537.499
-106.09 158.035
-400.52 -483.01
-426.893 701.82
147.766 -27.019
-520.944 -428.704
463.878 585.903
922.179 -311.937
-55.515 85.552
7.001 -58.042
-450.975 -474.49
-463.801 -382.714
-330.096 591.152
-487.155 609.916
-620.826 -459.614
722.201 -191.467
891.746 -262.372
-512.431 -400.243
-382.128 -526.588
-427.063 610.826
-58.265 3.506
621.425 -293.373
-498.28 548.714
-470.942 652.097
512.696 463.153
-505.67 -520.74
639.941 -261.122
697.64 544.926
-587.132 -541.971
477.461 400.556
464.653 448.498
-375.624 579.675
-344.063 641.755
556.869 641.633
691.746 -320.583
-392.105 610.088
-466.506 -714.908
556.585 514.44
-419.93 446.097
-574.813 -418.507
-369.499 568.558
-48.051 109.841
519.467 552.396
459.952 493.214
-458.19 -449.426
608.359 -399.653
-471.243 631.328
508.968 511.811
-451.747 -450.021
-589.507 -439.329
-557.163 -345.05
57.019 50.442
-55.335 -47.222
-355.42 690.677
391.408 504.551
-535.832 -526.839
-98.275 103.52
-41.4 -5.857
-402.206 571.534
500.539 449.811
-438.233 603.32
29.252 8.721
18.815 43.403
-527.564 -679.283
37.652 -115.344
347.639 569.458
-699.595 -475.703
703.825 -299.127
-255.94 683.803
504.983 576.372
636.881 -251.944
490.286 559.529
516.917 615.439
648.499 -291.377
-526.974 -523.645
-13.441 37.354
727.902 -308.338
-393.915 -424.382
-435.332 556.635
645.774 -254.771
721.971 -298.65
684.287 -174.249
591.965 425.334
43.824 -13.03
-415.799 459.709
-322.785 494.021
80.633 102.051
461.319 514.497
668.85 -346.965
-620.528 -486.905
45.185 24.088
-435.812 577.652
456.291 616.633
-457.079 -453.132
-577.039 -705.134
668.277 -303.009
-442.529 728.683
585.986 482.319
726.217 -411.156
-374.39 582.41
540.693 -188.526
-408.369 -438.266
872.42 -315.063
674.097 -181.292
111.476 48.295
-456.005 583.319
-282.763 619.114
93.389 -76.208
-500.767 545.989
388.535 576.531
611.132 581.305
179.534 108.998
606.813 443.981
-448.987 677.544
-510.366 576.265
-450.011 -515.137
-485.944 573.689
-5.727 46.556
560.09 -287.514
77.372 36.175
639.329 -130.453
-54.239 -68.705
591.431 429.049
805.17 -271.862
706.627 -214.085
-443.665 613.858
-430.88 517.709
717.617 -363.523
-394.026 680.051
666.716 -276.303
-566.12 -498.756
787.823 -302.662
645.603 486.602
-499.773 492.926
-509.005 621.188
501.742 567.998
620.439 -204.527
-464.163 -501.259
483.659 438.54
-328.012 566.858
-541.178 -553.495
559.762 497.891
18.382 126.677
-319.899 -489.902
-386.956 647.647
-528.217 470.85
104.136 -34.277
-463.75 -541.8
663.628 369.322
555.118 568.142
413.377 507.412
653.755 -409.605
625.751 542.607
-330.667 559.443
-551.725 -551.363
-435.461 516.082
636.144 -335.752
-397.167 -436.334
-76.315 177.555
707.708 -315.46
495.521 385.719
170.086 10.057
-434.506 549.418
145.954 -60.343
-567.367 648.352
-458.506 -519.665
69.295 -16.206
620.917 -268.795
-461.964 -532.306
175.532 -109.469
-466.294 630.234
718.495 -398.311
-584.132 -426.121
682.68 -329.031
-503.974 -565.673
-110.261 -113.699
740.519 -401.167
356.339 449.133
-506.817 -569.439
670.75 543.706
774.944 -282.805
-483.906 -556.246
-391.771 619.475
668.326 -328.938
-413.444 536.397
492.502 530.066
-435.191 -546.335
712.196 -238.603
-18.915 -91.412
-559.413 -652.123
-494.859 -372.669
104.245 109.54
564.271 471.941
8.496 46.513
724.313 -170.342
378.388 365.145
-394.298 608.446
-474.134 495.362
-412.877 564.941
44.947 96.951
456.502 529.214
-700.897 -375.629
-66.559 62.837
715.416 -322.391
-488.501 599.155
549.148 456.547
84.175 -98.79
710.509 416.299
-335.43 636.48
673.517 -348.241
490.7 525.424
-429.162 519.25
21.126 -227.998
-449.177 -365.206
627.754 -297.343
474.554 369.456
-186.895 -17.265
467.459 522.322
134.76 -54.227
798.91 -283.817
-337.038 579.21
-499.692 -477.679
-466.173 -599.954
481.385 573.236
636.393 -105.489
-29.202 111.057
-467.079 477.089
674.336 -159.716
692.723 -258.753
-91.936 45.172
-367.607 685.451
363.809 446.751
688.965 -302.322
-108.559 71.78
595.718 -202.264
-477.451 -542.519
-290.113 671.903
740.558 -307.431
533.558 -240.356
-395.021 654.894
552.687 405.711
-412.686 544.446
524.14 410.697
-524.001 -546.458
460.05 451.945
3.017 -0.336
-554.078 -430.292
593.054 287.808
706.298 -295.487
47.717 20.01
-530.87 -526.143
-504.64 -457.903
-396.011 -389.654
19.26 118.042
-544.489 -411.09
-365.424 590.194
775.453 -339.021
745.736 -304.152
-334.701 678.049
801.495 -308.415
-511.86 -476.287
-592.018 -399.399
-412.374 -440.35
-432.357 -448.794
-483.334 -528.474
458.871 465.145
-619.294 -432.737
-452.19 606.823
871.171 -298.083
737.84 -303.227
-572.415 -378.626
-370.066 -502.193
-449.962 -603.317
-149.058 -32.69
710.355 -218.312
686.864 -282.637
-497.679 -572.706
41.471 99.574
528.039 602.395
-580.56 -373.508
587.882 443.972
491.53 403.466
-512.385 -395.531
-323.632 576.999
-149.462 -58.928
584.961 406.417
409.795 501.548
758.179 -371.78
-388.336 539.147
-548.01 -613.202
745.669 534.293
-416.094 690.017
749.766 -389.387
-20.427 5.768
-110.585 -100.3
750.228 -425.304
427.225 417.804
-90.403 -89.609
19.742 27.768
-395.204 560.496
-9.099 -86.148
765.69 -323.264
9.199 -23.768
100.289 225.535
500.41 337.51
680.737 -133.858
-662.953 680.569
600.965 -353.23
66.547 47.308
-492.333 523.154
407.488 408.508
540.67 537.854
150.407 7.842
741.716 -264.212
-452.197 636.741
708.594 456.254
427.329 531.652
511.328 463.28
-532.191 -612.299
-338.517 643.454
-46.804 -68.202
-588.067 -314.657
23.256 -70.429
-442.519 570.346
-521.375 -496.928
608.749 508.485
510.784 580.115
-379.094 677.756
823.664 -298.61
47.807 -96.845
374.073 489.264
-386.774 517.731
469.617 556.9
680.207 -286.602
-331.151 438.287
509.107 484.427
-375.492 596.378
-453.376 624.1
-595.158 -522.276
-435.476 520.462
469.955 572.303
-467.507 713.619
-453.51 -474.585
828.265 -210.242
-475.568 632.152
-423.121 -593.247
-346.688 617.429
3.921 -17.371
505.262 491.208
610.637 -252.242
-358.067 -495.584
-34.714 -26.095
928.479 -373.104
-317.637 -475.112
747.028 -256.391
460.604 456.706
-17.766 14.019
-477.713 -639.752
143.837 19.535
620.135 -307.36
589.035 451.034
564.752 540.323
-595.952 -495.914
42.31 -120.46
-423.501 614.856
165.461 23.489
-509.082 -558.305
-510.245 637.816
-443.879 684.623
753.856 -312.459
-479.7 -529.401
-332.687 630.154
-406.471 476.482
-567.618 -597.151
-428.813 645.029
-489.992 -433.019
-92.853 163.439
-534.88 -515.497
-496.1 -564.842
-467.232 -472.225
-420.796 644.061
-357.517 596.473
-502.987 -566.663
7.985 -0.707
-76.997 -70.064
-28.745 -176.752
-474.724 629.48
-566.57 -435.209
-548.354 -569.505
-389.972 519.447
-456.795 -420.533
657.84 -204.773
704.224 -204.623
-42.777 -43.409
728.276 -420.821
-455.283 552.58
481.432 563.353
-419.872 583.953
-451.695 -573.647
713.777 -322.97
-409.35 584.727
62.608 -87.229
34.226 -10.704
924.485 -285.571
-29.95 73.593
584.552 440.088
488.356 474.694
32.395 162.701
-88.148 -6.611
-557.945 -387.474
838.508 -253.986
-81.492 129.511
629.384 453.842
-484.842 -519.068
16.761 -53.273
397.795 628.2
-489.906 -424.431
883.912 -295.8
451.41 386.885
-517.297 594.921
-406.492 597.112
-416.616 -413.074
-464.165 656.73
-453.051 562.999
445.136 477.527
-438.449 -777.822
-40.386 91.062
354.068 573.436
-533.688 -602.889
11.388 -25.148
-313.237 696.441
-503.994 -488.368
-462.16 642.274
2.031 2.075
532.959 570.474
-34.575 76.156
-445.594 -475.736
521.161 392.848
632.925 -383.58
-131.422 1.342
520.748 467.379
-572.751 -378.321
9.318 104.385
554.842 592.398
59.159 27.568
-106.59 63.951
563.085 453.237
551.623 439.203
80.679 12.87
10.205 23.298
704.241 -285.996
681.14 -259.963
13.921 7.149
-106.261 -62.252
-631.678 -621.542
566.91 433.962
798.821 -255.626
806.357 -478.937
-338.177 570.715
744.391 -165.811
-425.791 658.468
-487.489 -502.374
690.533 -309.823
17.211 -46.677
-330.46 598.174
-353.024 409.8
689.108 -261.442
115.097 20.468
-605.655 -465.135
468.215 382.13
-466.175 638.446
-36.848 43.877
-489.387 529.063
-697.82 -554.199
-528.748 647.98
563.926 517.916
411.792 573.706
-503.059 690.145
-528.667 625.871
-453.656 551.725
-118.875 50.457
509.86 411.17
-480.107 516.849
600.313 -313.346
479.217 378.906
-383.506 503.712
-453.163 -471.355
-31.893 -27.098
-523.45 -473.581
-610.762 -692.825
684.449 -232.706
555.717 427.066
771.102 -274.243
-379.448 -561.146
-108.623 9.644
62.191 23.591
-477.065 -499.664
119.595 38.386
113.296 36.313
-463.132 -475.009
-11.29 -68.67
721.968 -222.599
-287.833 599.967
759.024 -177.344
-527.568 -528.081
678.345 -310.849
-571.995 -444.016
-289.532 585.168
-645.233 -478.245
1.941 169.568
741.197 -291.863
-368.817 -511.712
706.842 -213.382
401.538 615.663
696.511 -239.965
-450.556 608.793
754.847 -286.792
575.942 628.071
-324.005 641.837
694.385 -405.592
-477.966 -564.771
-520.711 -696.892
800.315 -384.983
777.49 -227.057
-375.989 -466.943
636.699 -256.393
-536.752 -421.962
-311.789 577.859
-472.99 -459.252
606.036 -424.673
-251.347 601.896
-65.371 100.603
-537.451 720.39
34.684 94.175
-500.046 -496.82
-534.716 659.67
753.663 -222.5
534.481 574.487
519.795 428.037
492.679 467.681
551.541 -203.758
-507.615 560.127
19.645 -14.355
57.605 5.814
873.85 -387.337
-416.092 672.629
-575.512 -463.049
555.413 -350.952
-467.141 -601.142
-299.142 566.06
638.262 -293.793
794.192 -358.301
652.447 -167.891
-463.703 -377.504
617.247 471.117
740.328 -299.862
772.965 -382.371
-492.933 -599.579
70.066 16.798
-146.487 -85.802
-434.867 -483.504
-554.803 -523.36
-459.221 -453.512
-87.452 -58.704
480.193 488.372
-515.006 -445.176
669.465 -356.444
37.425 -148.551
-457.166 633.43
681.199 523.9
-462.18 -534.566
-4.515 -34.75
3.936 -1.293
-473.127 -462.124
-320.18 691.663
-78.439 -31.823
378.699 489.756
-597.154 -372.964
-483.373 -467.221
-235.482 579.432
-476.181 -441.085
167.755 -150.541
76.489 139.136
799.54 -361.326
-367.143 662.982
-417.103 727.29
794.888 -340.543
540.963 -268.443
586.735 -208.049
-570.018 -627.535
828.216 -439.452
67.205 -65.634
-445.365 -463.545
639.305 -440.67
13.315 -89.522
518.869 434.134
45.75 -37.854
583.732 -342.121
685.445 -266.192
725.888 -289.259
-348.309 -488.906
-437.619 530.189
117.183 29.868
-452.486 -539.343
751.461 -293.532
496.627 491.785
730.171 -293.605
745.572 -277.899
499.066 407.138
578.621 -316.598
-23.369 31.241
590.805 544.757
741.665 -259.157
135.086 13.888
298.663 472.404
-499.718 641.368
671.292 -310.726
651.237 -207.569
-474.802 730.969
681.799 -340.49
495.521 492.662
659.118 -249.321
-522.521 643.224
54.017 148.062
687.137 -417.524
593.882 495.735
796.206 -232.087
-73.595 32.525
445.614 440.443
105.592 -21.624
627.849 543.619
539.775 -184.386
610.986 381.647
-419.26 519.796
-525.723 -490.192
-404.454 -486.054
-405.085 -467.704
637.861 -305.121
784.796 -403.916
569.52 -215.384
-514.025 -603.802
-608.233 -533.891
-316.577 608.145
723.372 -465.2
603.862 -200.551
589.385 -292.329
-526.456 -495.05
39.713 -206.397
-406.413 579.135
-414.873 537.218
-510.953 -337.319
679.147 349.79
-401.808 671.341
-304.989 651.807
618.598 -375.116
-30.605 -79.483
-20.964 -96.405
594.257 516.143
-386.116 -480.483
670.21 -317.489
68.759 -102.993
767.828 -214.142
653.12 -321.876
-71.634 -5.777
473.166 439.205
-312.81 523.548
494.327 560.511
-61.215 -53.792
791.654 -308.285
-586.692 -475.68
-577.63 -365.132
-16.373 146.339
601.543 600.628
-506.17 603.407
364.36 534.769
-527.265 -343.137
680.377 -265.691
675.238 -347.438
-207.363 387.814
684.436 -226.622
756.909 -294.403
76.923 20.155
-498.872 547.321
-495.401 -493.999
512.955 518.652
-432.739 -623.622
82.338 44.49
640.656 525.162
577.739 440.498
38.287 -64.671
-70.901 -77.28
535.652 581.299
74.068 158.048
128.207 55.307
-379.647 536.105
-369.552 -447.78
-639.516 -434.519
-635.885 -420.919
-513.922 -410.693
754.981 -186.542
492.675 465.007
575.616 518.659
3.203 99.168
-63.099 179.545
-444.567 -527.253
-92.143 53.332
675.333 447.064
-606.228 -476.837
-599.064 674.155
-546.622 -390.571
-400.883 637.147
-149.225 126.583
-335.537 596.495
4.67 -20.271
552.402 636.726
-367.596 593.125
587.727 542.634
706.412 -333.458
828.546 -301.883
-482.313 -475.13
399.558 508.205
-403.384 -419.486
335.199 465.207
-589.415 -422.966
-445.348 787.297
547.186 -221.26
-574.828 -480.219
484.837 431.187
-498.421 -387.666
-6.423 -88.653
-411.368 -480.383
-434.46 603.955
-277.243 568.491
496.599 483.982
-604.019 656.638
-452.877 -516.853
761.925 -304.201
-431.216 573.778
547.276 475.377
-513.557 -415.119
-413.181 450.772
607.413 483.349
-341.803 598.542
-493.784 -486.925
752.391 514.922
-386.845 -442.439
504.985 567.997
796.759 -215.633
508.404 575.955
682.587 -300.474
483.023 512.738
704.297 -341.235
-1.982 -79.322
693.158 -344.508
94.499 -25.818
-390.898 471.444
768.906 -234.759
81.426 21.148
-518.288 -574.415
-394.634 546.216
-358.0 588.62
-385.526 446.782
-401.902 -512.287
-385.488 682.66
563.188 596.733
422.245 554.628
499.299 563.786
8.503 100.425
520.641 308.665
-491.718 689.757
702.37 -264.183
490.593 361.022
-463.948 -391.312
-285.24 549.893
632.164 -328.145
673.788 -174.645
642.89 -263.748
24.457 -108.776
-79.842 -71.816
111.512 -49.588
712.041 -425.9
-362.776 680.921
522.227 433.198
780.399 -261.193
103.483 -125.468
457.482 727.678
603.543 545.221
-532.372 -556.892
468.909 570.042
998.15 -262.46
-369.817 -499.106
-493.828 546.431
660.416 411.365
-564.511 -473.735
762.667 -347.933
-475.276 667.194
78.421 66.521
216.711 67.598
695.154 -301.916
830.019 -265.285
-416.239 570.772
-467.582 407.946
348.702 441.715
588.573 628.455
624.978 -358.592
-561.779 -682.195
606.225 470.666
585.992 -297.02
-448.446 -420.282
588.79 -321.902
604.055 423.71
-476.611 -634.486
674.927 -137.0
-527.587 -475.242
-112.949 -12.794
-583.303 -473.685
-399.098 584.811
-515.025 -638.885
676.438 -415.235
325.347 522.251
439.869 448.49
-104.288 -25.803
376.94 567.5
671.343 -347.513
-440.68 -404.243
536.211 474.654
-515.355 -513.081
700.995 -223.377
-320.664 -587.14
-476.854 -489.077
-356.199 573.837
-616.213 -429.386
699.873 -307.9
-535.076 -350.355
-389.644 736.547
742.537 -298.96
437.397 314.5
696.817 -380.761
-598.081 -393.542
-342.43 646.639
587.485 430.426
-88.652 -105.13
-429.59 -478.149
762.792 -399.206
-469.337 579.947
-450.747 584.368
453.746 487.067
-429.357 629.049
-128.955 19.261
-405.961 -652.514
-587.696 -782.804
714.325 -311.19
501.175 611.276
463.438 588.801
637.017 -302.515
-360.782 580.655
-331.308 472.285
1.667 -60.143
788.748 -331.28
825.235 -474.745
-395.247 632.746
-483.452 -521.022
-153.516 -48.633
849.648 -161.077
-475.586 -676.43
520.6 469.646
491.9 644.435
23.482 83.632
-557.424 474.639
-292.217 666.66
728.754 -313.838
556.101 341.154
666.478 -181.577
-0.728 111.301
560.184 465.688
-491.92 -481.83
831.884 -341.777
-38.094 -111.755
777.366 -161.294
-638.414 -415.477
687.292 -359.715
64.267 21.25
-465.512 -512.178
344.303 494.994
-309.678 588.289
-335.367 561.686
-4.686 -52.983
-48.089 66.803
394.293 503.698
-482.542 550.851
-218.809 660.424
589.976 -410.382
-281.85 544.381
-77.063 7.668
-380.067 654.01
-339.338 504.358
383.728 590.542
-501.582 -444.427
62.7 -62.672
-548.053 -470.449
501.469 604.146
346.358 570.764
-19.027 8.252
669.955 508.505
-730.161 -543.116
622.129 -367.402
-421.4 612.755
-55.544 53.924
725.908 -305.714
586.112 443.255
-114.775 129.239
-56.504 52.546
93.256 -82.85
-27.787 -36.664
571.634 532.086
720.127 502.549
735.704 -125.95
-407.022 618.422
-344.867 581.165
603.755 363.614
433.991 504.624
621.659 -183.836
-357.149 607.64
408.857 444.809
-505.45 -532.982
-62.692 -75.019
-324.393 495.56
805.599 -311.44
748.968 -317.176
492.47 566.321
-395.992 664.022
431.663 443.646
-154.188 119.937
-388.133 675.319
619.252 443.005
-135.457 -47.943
-421.273 696.346
-416.875 646.001
-539.98 -600.63
10.915 66.598
412.74 487.435
-457.268 662.986
-106.324 26.339
-338.169 -500.971
-468.999 -477.165
644.232 -278.862
815.222 -420.512
617.05 377.117
-439.477 705.074
-241.28 633.119
-351.596 643.571
1.806 72.741
61.46 14.928
614.23 -185.483
640.467 614.143
-491.868 -490.848
467.769 560.669
-491.431 473.142
-41.556 -20.078
-542.958 -527.088
-54.181 35.106
470.421 562.073
401.969 602.911
99.599 -115.339
-44.016 -94.769
-633.182 -562.821
39.355 -64.103
-405.298 460.013
-494.869 590.057
-394.512 -530.797
-473.749 607.154
837.911 -353.583
-588.972 -545.703
100.251 28.404
167.683 -43.246
747.429 -250.763
623.001 472.456
-386.42 -424.028
-460.08 535.178
464.883 432.406
-419.378 590.226
458.447 524.872
447.896 439.512
508.892 397.52
-350.977 625.948
-41.319 -20.306
541.845 480.384
-591.64 697.72
501.147 700.634
-385.242 476.429
-386.106 -480.939
-406.105 498.559
694.489 -357.279
478.287 377.43
-645.644 -439.928
-466.852 -459.637
617.129 473.48
9.161 -112.953
-471.092 -562.491
768.989 -360.589
-374.375 531.387
764.374 -278.479
-475.952 -514.915
683.75 -357.714
-462.628 727.646
-384.396 627.833
-30.536 -63.298
471.982 504.774
-577.285 667.792
-430.961 799.455
8.4 -2.376
-469.059 626.195
-403.697 530.092
641.525 -416.594
-75.306 89.698
420.013 415.61
-135.176 78.99
-371.737 550.665
-402.411 523.86
-213.822 656.553
661.854 -252.382
740.226 -270.328
778.649 -320.686
623.148 -283.443
709.526 -496.449
-389.948 -451.359
-339.888 547.251
580.692 410.688
437.009 554.317
-646.914 -409.498
-380.362 -527.664
12.135 -6.757
694.133 -279.518
-15.226 -110.905
-503.294 -462.212
403.843 536.614
-274.087 510.068
-155.537 160.4
734.538 -293.64
538.121 502.812
523.967 568.756
46.34 127.758
516.671 369.404
-536.997 -448.02
780.82 -325.766
-90.545 -88.183
-96.526 -96.454
790.912 -364.003
-432.355 654.18
483.7 636.263
514.612 451.327
534.068 461.68
48.771 45.584
-570.922 -403.461
-440.266 627.476
444.842 436.882
394.176 545.023
-21.361 1.389
492.561 545.507
434.429 574.992
-1.742 -76.358
391.847 652.717
-333.227 488.854
755.565 -183.216
439.679 663.014
465.392 614.896
699.17 -289.69
538.884 422.45
-396.604 508.331
-606.67 -607.424
-13.56 -58.032
499.794 352.014
-537.05 -530.356
-323.839 744.18
-385.402 -608.764
107.674 47.328
608.093 551.319
-463.16 -485.132
861.634 -361.98
-349.085 569.106
64.409 -60.53
448.54 454.808
136.689 39.587
-177.046 585.685
47.107 -52.195
-464.795 -488.289
-21.584 53.726
590.425 -300.843
445.927 386.632
581.773 448.64
-374.459 -625.972
-398.178 523.448
522.703 479.863
-544.437 -448.793
-410.395 658.732
-544.676 -518.601
-463.433 -554.98
839.96 -413.349
-64.751 -148.614
-18.36 10.829
-475.386 610.364
848.534 -336.799
-372.215 553.497
447.375 558.353
-629.727 -592.705
585.644 367.882
615.668 -411.228
-64.63 -23.388
103.957 -48.794
-373.895 636.584
858.768 -259.175
-64.883 -118.12
457.12 596.398
-347.122 630.028
-457.402 -556.2
16.091 -98.646
602.891 -277.703
-480.783 458.692
-321.66 585.281
-381.772 681.501
596.862 360.163
-466.118 -398.673
-348.772 722.154
602.602 -278.811
-346.22 807.844
668.962 -200.904
-88.295 -17.881
582.381 504.038
725.571 -258.82
410.021 444.63
396.79 521.642
658.155 -209.282
558.275 429.537
543.471 412.777
552.415 508.009
-310.246 -542.547
-381.194 540.608
68.927 -98.365
422.536 322.818
696.976 -329.066
-359.994 -520.941
-344.429 611.856
118.385 -48.987
-592.262 -595.193
-490.049 -583.524
80.124 -16.824
-38.663 18.535
-454.196 -501.27
-49.611 -33.966
651.231 445.439
-567.004 -429.144
655.093 -274.578
101.577 112.422
0.144 102.177
-266.839 568.207
-465.861 -488.006
435.892 476.149
562.096 497.902
-341.645 467.563
-495.103 -502.044
318.952 479.134
-348.053 583.917
-429.497 -587.843
-490.626 611.826
-550.495 -561.788
854.086 -181.943
557.696 377.82
592.367 398.458
449.552 492.903
583.051 -211.228
-511.719 -415.442
358.431 540.782
-128.59 28.56
21.286 1.009
708.017 -372.239
551.051 481.318
-417.536 -490.994
-610.357 652.283
-465.825 -388.32
-464.519 -496.378
-62.362 -25.306
561.284 501.184
-0.4 15.332
-74.525 -85.081
-22.564 -75.268
24.186 -56.199
-188.833 539.686
563.011 432.441
763.251 -337.049
-478.852 -417.274
139.067 20.978
482.898 539.097
-429.843 -622.592
-440.772 495.825
55.175 113.105
-435.224 -509.984
441.838 660.074
-105.786 48.161
715.16 -314.423
-572.778 -434.835
449.649 634.478
84.243 -49.566
421.287 396.977
-530.549 -679.048
649.926 -364.971
-613.243 -459.566
599.633 -285.188
-531.506 428.463
-417.818 652.039
382.414 356.459
36.862 -98.767
424.703 547.429
380.054 548.916
-472.107 487.937
-558.716 -496.035
429.07 449.027
160.346 137.527
-450.198 -693.416
-505.742 -589.226
535.748 549.946
-399.127 563.401
-498.74 -481.982
113.897 -39.187
-380.381 653.93
89.032 -63.892
681.402 -87.783
-359.612 538.054
159.184 77.953
-467.501 -584.673
-414.953 702.193
578.028 -294.348
-61.907 -32.251
674.095 -307.661
21.362 -119.093
724.775 -167.932
-665.814 -438.827
533.749 566.985
-17.069 68.914
405.42 493.707
599.731 487.943
-611.636 -545.602
-456.454 -575.04
-475.361 -523.986
-65.575 -100.763
515.422 441.799
-522.812 -461.403
820.194 -250.983
353.815 408.179
-393.602 485.493
471.326 525.29
-473.429 -497.571
602.016 692.093
485.154 527.594
-56.653 -42.892
-408.798 765.929
-538.995 -432.561
453.746 557.303
841.604 -364.327
74.801 53.225
-82.03 -42.294
504.261 610.069
615.965 467.141
468.988 411.201
562.118 497.182
-415.588 549.739
573.976 -231.482
-440.282 585.697
402.818 615.705
-425.818 -460.079
474.052 601.515
497.604 471.725
-276.365 609.337
-405.826 676.066
-501.923 -524.428
-432.975 -437.279
-525.181 -525.62
409.792 404.079
516.541 453.125
-396.559 -386.898
643.859 542.67
138.419 17.305
-521.313 -489.661
98.652 13.802
-518.797 691.168
-607.041 -534.444
538.995 456.819
-343.346 -318.374
455.39 549.578
458.865 421.646
634.141 433.67
-474.956 -418.47
-345.117 673.624
-405.473 698.989
-466.233 703.098
-470.336 548.127
608.329 -371.198
-283.729 580.743
46.394 -14.381
456.919 608.997
-28.806 7.487
41.943 18.453
63.726 -50.861
-378.905 488.435
568.089 -453.879
-423.442 -363.256
10.319 -122.497
102.812 -3.56
102.173 -34.915
714.743 -197.521
713.176 -439.607
498.581 614.35
-322.508 630.26
529.272 434.936
631.997 511.772
752.511 -307.033
-543.226 -523.6
-21.233 4.358
483.434 656.993
743.648 -380.808
-158.704 108.408
433.958 493.139
-358.546 631.203
532.209 500.835
405.624 416.182
-282.54 597.86
-385.348 637.233
-390.779 678.41
550.089 488.019
-131.651 14.192
-636.413 -439.251
673.092 482.128
-114.489 -58.812
-509.613 -576.402
-57.269 27.661
-431.302 763.927
-470.544 -606.258
-522.426 -572.086
-599.503 517.64
-536.869 -403.283
-507.517 -411.303
-433.151 -608.365
-456.874 646.021
-245.474 635.169
-306.075 -473.723
-500.375 -594.146
575.325 525.081
477.96 648.163
731.567 -344.046
-0.956 -21.457
30.046 131.055
-574.851 -504.825
-558.463 -470.677
832.982 -392.846
-73.001 56.254
-495.998 -604.829
-60.024 107.737
639.01 599.391
-357.209 589.985
674.927 -404.575
-649.631 -471.785
716.282 -367.588
-18.633 88.973
392.493 462.856
-502.61 -502.639
-534.936 -495.504
478.145 525.17
-506.6 -491.968
-99.465 78.459
624.066 -263.388
801.705 -208.292
-362.799 -450.67
-420.427 564.618
-466.789 -508.299
-452.559 -412.537
725.047 -333.281
727.234 -346.1
-622.396 -691.053
575.957 438.954
-391.969 526.903
576.797 484.268
-642.626 -410.754
146.682 96.098
-245.74 649.292
-414.46 -425.596
413.677 475.789
-437.027 -563.824
-101.433 -0.822
24.161 59.04
809.734 -289.738
605.804 -337.267
-470.469 -366.852
386.023 635.408
-506.632 -553.058
671.238 -446.573
-607.603 -518.605
-48.065 83.306
-57.377 -64.143
16.663 -2.496
-494.497 -612.864
743.087 -265.278
-352.681 616.56
-421.099 630.855
702.553 -302.18
-478.596 521.695
438.114 447.651
-449.841 -422.519
741.381 -371.918
481.598 526.24
-505.428 -486.026
-572.817 -389.033
-464.316 -452.74
-34.77 -38.814
-456.547 -519.259
-511.573 -653.172
-562.952 669.706
56.773 -22.169
-361.968 753.428
-420.575 -454.501
41.676 8.31
627.946 -346.198
752.631 -378.243
117.98 -82.366
-557.193 -343.632
628.035 615.82
-522.772 -564.942
607.962 -334.56
25.572 -49.481
340.685 377.125
-443.907 497.186
99.886 -202.716
554.877 541.959
31.756 -24.184
129.586 1.545
545.5 469.246
-395.663 748.363
-331.254 534.374
-84.436 -33.303
34.655 53.945
699.702 -303.438
-423.996 624.204
-572.306 -615.474
-286.319 569.231
469.936 569.946
-502.815 -474.607
-590.519 -478.435
-417.442 -352.216
-525.27 -436.681
-512.197 -559.771
-132.128 -40.697
424.354 498.089
-480.357 613.005
90.194 35.257
-365.195 678.664
-39.727 15.307
-571.907 561.659
796.987 -232.557
482.146 482.076
775.645 -357.06
-469.873 -423.249
743.671 -285.252
-412.344 457.549
557.487 493.016
-477.091 -485.5
735.037 -300.152
-563.439 -404.18
-493.562 624.769
-474.839 492.356
-367.622 467.563
-125.3 -35.459
-502.317 -260.025
462.096 476.067
672.043 -391.711
108.058 144.772
674.395 -260.118
-461.718 -620.024
-424.225 -353.789
668.034 -320.249
-454.7 699.545
739.398 -397.471
559.728 -211.698
620.846 -329.701
586.396 517.958
-39.579 21.832
511.718 441.478
552.966 298.385
616.986 401.477
297.676 520.366
-427.08 -489.765
-493.119 619.812
-497.404 -355.727
703.005 -284.491
494.726 420.502
-601.335 -470.684
-622.682 -437.314
703.553 -166.024
-39.22 102.557
407.226 552.776
-444.022 -532.463
-486.605 579.641
840.454 -208.805
-248.741 609.936
-522.135 -343.167
-4.684 -78.741
-582.471 -374.409
636.848 -281.957
561.21 -468.376
66.836 39.014
-455.421 683.91
-421.695 601.292
30.089 61.225
15.229 141.312
-473.841 -498.851
-433.537 628.724
454.707 495.787
650.702 -322.315
624.171 560.342
508.942 457.633
29.382 81.152
616.272 506.632
74.417 -98.083
-6.263 6.101
399.064 386.578
-428.74 603.311
-302.242 -435.739
616.436 462.431
-435.696 553.222
500.038 513.851
527.568 471.357
-564.0 658.775
-488.024 599.063
718.294 -438.816
730.523 -391.359
-511.343 -388.728
721.992 -347.173
598.479 -398.037
-342.504 530.13
-492.766 658.066
-537.546 -565.921
-414.181 566.392
-55.251 -84.672
-134.017 110.109
734.304 -284.087
-432.396 472.698
681.962 -296.332
-529.606 700.551
493.958 456.162
591.682 469.793
521.927 393.952
-506.998 -578.18
740.209 -230.966
-339.728 579.157
14.38 -82.583
49.464 -75.006
612.761 483.074
659.58 -248.471
-360.176 616.803
-448.504 555.975
558.255 425.478
530.583 -363.705
-517.695 -494.298
375.335 576.156
662.699 -378.017
494.355 513.324
-2.972 108.613
634.827 -244.366
-372.413 600.349
-91.548 -78.318
-287.715 445.369
-430.478 649.812
580.582 659.873
598.575 482.347
-356.95 762.849
-461.393 -594.985
517.698 571.137
615.867 -257.586
-457.748 -415.781
561.979 444.24
-465.077 -393.641
-475.692 -528.856
454.159 382.92
-25.146 -36.484
552.821 428.971
-713.642 -477.597
495.872 482.687
729.071 -295.523
-392.016 706.8
-325.525 584.194
265.653 356.15
451.161 581.281
532.332 414.723
-513.275 -511.365
459.492 431.697
558.697 436.24
750.618 -327.73
676.53 -226.047
6.158 -258.447
-281.773 696.881
389.951 520.14
519.584 506.278
558.16 -282.458
-513.089 -619.81
19.792 -20.664
612.198 -382.721
583.045 580.506
630.349 -218.946
-527.737 -504.05
696.264 -330.76
593.586 540.492
737.739 -288.013
-58.758 66.521
478.023 474.881
541.283 538.455
470.633 373.262
-513.104 -436.2
690.411 480.199
843.345 -271.666
493.764 561.061
604.596 -252.756
-451.723 -498.463
-46.63 222.621
-9.51 0.639
-430.534 692.723
428.381 410.901
-290.13 751.349
-95.86 131.105
69.391 90.056
556.573 -319.797
-279.744 655.254
158.148 95.512
-525.55 607.779
-361.178 -461.278
894.244 -210.773
-60.434 -44.371
526.544 391.353
-296.098 598.74
63.346 -78.432
91.678 -63.871
-316.801 -500.378
-418.001 556.916
-220.664 -71.436
-547.578 -515.865
-343.982 656.316
-680.383 -484.731
568.792 507.04
758.228 -384.907
-557.817 -385.048
-525.142 -548.587
-71.31 -20.381
663.635 -411.63
-566.301 -455.739
704.994 -168.762
-405.53 471.713
615.216 -343.13
-466.422 -427.304
680.476 -240.636
126.648 35.105
-424.275 755.477
-427.488 -420.679
-537.368 -371.0
564.051 450.668
657.336 -274.351
-468.158 -512.128
47.112 36.019
648.119 -330.255
556.252 502.395
-559.847 -535.505
435.208 437.399
-208.575 643.262
78.818 59.495
-289.803 777.355
115.848 -55.489
-398.53 548.25
-435.487 512.984
-460.799 747.956
-382.789 603.159
399.689 525.448
562.646 527.76
651.068 504.832
-545.377 -448.58
627.56 -285.051
47.034 -99.237
-122.904 -16.781
507.692 437.311
-513.536 -549.189
123.254 35.347
-345.519 638.546
636.098 -310.669
751.225 -261.083
475.754 -361.891
-523.106 -384.093
792.243 -270.455
48.161 30.294
-33.042 -137.436
-321.284 694.767
-574.645 -503.151
-229.792 591.852
467.729 386.184
726.561 -299.005
607.42 572.44
-64.108 51.485
-518.404 -450.964
-466.455 -520.597
-360.65 580.896
0.244 -30.408
715.532 -368.219
-100.929 -67.509
-447.975 521.3
669.046 -342.43
342.792 409.983
-377.242 557.222
822.5 -267.745
430.105 600.569
-457.067 -655.519
655.269 -327.202
697.219 -392.201
10.68 6.424
739.211 -207.146
-330.549 522.19
571.572 -254.116
-622.652 -484.745
702.181 -252.914
-417.335 -496.46
-553.838 696.158
-129.994 -128.445
-416.394 746.134
-26.456 92.911
-92.692 27.5
-1.563 53.461
479.013 416.198
-9.11 -250.626
-578.967 -501.616
686.645 -317.806
-7.109 92.88
-66.339 -96.262
-409.124 656.448
552.275 581.244
-393.214 707.326
-558.532 627.284
494.093 449.239
-438.233 -500.437
721.178 -300.221
-421.847 -465.659
456.938 556.568
752.873 -204.124
592.613 443.953
-390.773 658.049
97.46 15.284
-193.408 25.09
744.96 -306.241
-467.624 653.78
470.767 386.78
-534.375 -467.679
707.236 -396.474
-365.471 593.182
-36.174 -36.351
-385.066 509.282
-346.457 -437.841
3.59 67.422
-422.202 518.621
549.867 538.429
715.924 -193.6
-455.079 601.433
566.238 -390.582
496.589 309.335
456.929 560.251
-411.244 648.296
-308.453 606.37
566.125 -244.357
556.383 581.448
432.064 535.864
-460.194 -587.184
427.598 519.472
-326.657 642.454
549.031 542.515
-382.253 -414.765
744.868 -376.897
51.275 32.03
-510.126 625.784
482.846 518.762
631.601 643.899
-628.801 -488.888
-397.695 -483.203
-311.206 637.219
-541.429 -529.522
639.309 -179.435
428.575 728.81
-597.482 -473.345
700.276 -293.707
695.785 -266.067
36.439 51.342
707.025 -305.848
614.214 479.795
418.035 548.755
600.612 299.53
-464.168 743.519
615.622 -247.355
58.264 -35.606
-327.255 536.928
-117.836 166.42
-426.267 -585.199
567.643 480.404
-47.675 66.743
-512.555 589.385
706.586 582.629
-389.235 629.125
754.41 -336.022
603.616 -363.291
-557.34 -480.244
-10.767 -6.725
406.22 540.366
-92.42 -62.051
-360.415 587.472
840.556 -474.375
-467.339 629.398
53.903 -161.456
-446.5 551.308
459.362 570.484
475.674 457.226
482.095 546.061
-276.174 556.649
763.59 -313.754
677.964 -298.767
-433.728 614.049
807.41 -277.498
-535.303 -468.597
-533.243 -592.85
-371.398 607.581
-557.985 -427.363
70.427 77.246
-512.054 -511.517
61.806 188.598
-360.89 618.669
32.036 165.299
512.581 503.342
-326.846 683.781
571.128 -268.765
-420.377 863.519
576.135 416.004
88.817 -102.697
-442.213 -449.547
-395.569 805.012
563.912 570.562
-472.077 -391.096
-469.688 621.66
819.903 -238.378
-70.445 97.508
-683.077 -478.831
-410.64 -531.687
-521.071 -365.05
727.442 -213.757
-14.539 36.175
-91.249 13.528
10.262 16.793
-75.376 63.534
426.904 348.398
746.206 -233.755
-11.824 81.173
85.415 168.119
689.08 -381.219
-661.215 -563.018
523.397 521.242
-323.588 752.323
837.485 -162.533
522.806 485.56
-162.371 42.054
-167.347 70.807
-461.045 671.475
-376.044 667.542
-427.64 -439.226
564.498 479.205
-71.588 -64.448
-626.99 -403.527
-222.608 655.33
-25.82 -86.561
-207.628 26.862
350.338 500.536
450.75 428.768
-431.505 -568.193
-462.778 696.245
-432.922 622.912
524.499 462.444
495.924 505.609
2.111 64.709
-260.994 735.572
20.172 -34.834
-529.276 -633.249
-399.288 523.264
-357.871 691.264
-465.584 -385.482
36.144 58.4
17.468 -158.937
-452.578 -493.359
81.238 93.181
-525.81 -392.726
106.202 82.282
720.098 -324.635
-372.372 686.61
-457.324 -523.199
-589.26 -450.332
645.905 466.443
355.932 516.062
533.812 612.852
366.106 435.222
690.784 -183.102
-13.144 134.674
-85.68 4.026
762.281 -348.488
537.06 473.028
-486.677 553.437
498.848 471.94
-498.878 -571.415
-182.677 94.492
873.72 -329.693
-527.632 -541.397
-115.81 73.413
87.689 -73.813
11.297 73.823
-534.608 581.998
400.611 502.816
-433.987 519.387
725.69 -280.665
490.687 380.86
38.186 -37.073
619.384 614.974
787.567 -277.842
452.767 532.478
-6.444 -118.386
-64.594 -30.449
745.04 -237.307
-110.334 -51.666
-386.75 614.156
-66.171 77.828
-568.837 -667.197
43.412 -3.694
-542.988 522.578
757.427 -351.867
-128.877 -140.979
-19.198 126.765
-461.454 420.085
-295.178 504.121
-305.043 589.264
-485.638 -545.619
-586.682 -471.462
611.445 -266.41
400.156 472.638
337.605 535.696
-60.87 165.373
460.393 341.234
520.898 532.136
-454.408 -550.058
539.082 507.606
-11.401 -20.108
438.512 449.799
46.041 -47.816
-447.572 653.303
-554.214 -429.387
-356.806 514.429
452.01 420.588
-97.678 32.745
512.625 564.976
-438.84 540.712
-295.385 514.186
-83.584 -39.956
677.603 -399.005
646.471 -347.618
666.451 -257.565
-103.059 -68.501
540.896 528.266
357.854 524.803
-400.029 -437.556
556.387 676.778
63.558 100.866
613.517 457.808
703.611 -274.869
-482.33 647.943
17.564 89.351
526.564 422.454
98.569 -79.62
-571.762 -389.693
545.861 519.327
-535.483 -597.723
533.574 585.204
5.323 -27.253
-470.66 452.411
-532.128 -570.683
-490.039 619.024
745.824 -270.777
-522.053 -432.287
-608.869 -598.862
668.08 -264.275
65.115 -31.379
682.055 -415.646
-81.519 -5.503
108.362 -62.668
-456.551 -567.487
493.367 406.547
-566.103 -394.565
607.803 -246.551
66.503 -62.535
-3.282 -42.887
-404.213 606.675
700.308 -471.44
-453.444 563.939
-15.549 -144.139
574.353 494.192
-18.137 -13.811
52.147 113.723
-114.228 116.239
559.259 514.628
-515.668 -559.408
-37.266 -94.759
799.438 -446.728
17.451 163.073
-552.469 -583.203
689.584 -320.021
-542.498 -553.562
588.938 -294.872
-45.98 -37.838
-633.427 -450.28
-548.91 -406.55
-481.527 -420.56
728.493 -184.761
-35.2 -60.824
-466.644 -448.735
459.128 524.187
431.682 660.67
794.541 -274.609
657.975 -439.595
727.645 -332.093
633.284 533.382
-50.167 -111.583
-519.58 -611.162
-29.069 26.412
-237.142 -428.47
-420.811 613.41
42.492 227.288
741.283 -402.605
-73.515 -16.795
541.528 487.135
-10.459 -9.68
-380.796 -436.058
-130.366 16.975
-552.857 -628.605
-610.016 -500.778
584.901 436.268
-517.75 -583.005
-25.199 140.806
63.95 10.867
-571.963 -476.363
-371.781 645.622
808.952 -306.924
759.166 -259.652
447.334 429.186
70.941 98.07
661.041 -307.488
562.291 472.145
64.32 71.6
591.008 -407.451
-690.431 -556.563
438.121 486.627
588.261 527.812
-20.375 -22.179
687.93 -377.563
-412.242 -704.443
-462.531 -634.694
-72.573 -64.289
-575.858 -561.846
-502.033 539.644
-513.117 551.344
-710.808 -600.886
708.021 -317.899
-398.6 -589.44
-419.955 -422.74
25.851 -164.428
587.596 517.255
-351.197 -454.613
-586.012 -512.897
-386.264 526.154
-322.79 723.413
847.209 -212.075
-418.605 664.104
742.998 -201.552
653.226 -273.493
-20.949 -41.003
-501.847 -489.266
661.641 -132.799
92.988 -21.01
-270.757 574.015
829.386 -363.493
543.7 330.252
-491.582 -390.894
31.916 10.426
-499.952 509.365
-476.869 -475.542
393.318 584.726
692.244 624.637
44.321 -129.219
-464.251 -462.505
118.879 -6.884
-240.435 490.463
-4.72 26.525
-459.963 636.728
23.144 14.846
-409.116 492.594
-89.837 75.984
-515.104 -601.175
-9.699 34.708
15.68 24.657
-493.519 -484.268
-423.672 718.132
-44.3 90.5
-141.287 9.864
-505.353 -554.887
547.88 669.208
-399.61 482.781
-489.393 -421.926
562.795 444.271
-246.496 531.71
615.644 611.721
-120.927 -115.611
693.963 -257.63
-439.01 615.557
-534.181 -607.761
75.998 -53.236
-439.963 714.421
622.184 -310.093
596.943 371.852
-481.916 559.899
-400.751 684.635
751.244 -177.098
-433.34 614.288
-678.069 -442.953
522.353 471.019
7.606 25.113
487.035 540.325
-476.37 -427.332
672.198 -331.083
469.855 570.818
-445.819 534.466
772.06 -343.286
7.121 60.903
719.288 -299.391
395.865 388.649
522.288 461.867
453.969 489.693
-552.518 -511.417
86.574 35.212
-33.084 30.238
-443.602 -440.978
-352.098 586.273
-85.452 -94.918
-494.03 761.157
835.022 -216.278
-585.426 -535.919
116.193 -44.744
652.446 -355.072
683.677 -322.92
472.089 574.766
556.133 594.569
654.028 -486.221
-398.874 -555.123
713.174 -485.315
477.336 443.269
768.626 -428.67
28.821 30.893
744.289 -88.144
-503.987 597.017
-531.932 -576.58
716.885 -232.092
374.101 553.711
-90.416 78.338
-259.527 704.504
-401.52 628.183
73.808 -32.9
-495.714 -540.571
-350.097 668.565
540.754 396.697
-375.447 707.061
754.151 -379.407
401.248 601.531
-337.193 726.463
-676.303 -434.125
-392.79 598.529
-457.047 -384.834
-315.757 612.489
-101.046 18.245
-312.505 539.383
-380.577 -495.679
-499.914 -522.136
-354.441 562.227
-478.461 -487.966
-619.935 -642.288
662.286 -511.182
-4.547 224.919
-67.997 13.42
-400.072 596.679
572.549 -288.97
690.428 -354.705
158.339 154.785
620.476 -237.274
-341.322 638.79
-552.835 -496.774
-416.382 554.406
-290.987 525.18
-511.303 560.707
-56.202 102.581
-342.905 568.444
-545.391 -404.636
824.106 -251.066
555.48 608.191
802.655 -455.191
-376.105 -633.863
465.205 496.3
-609.39 -593.331
-443.963 658.396
-573.499 -443.995
-445.359 571.26
734.545 -453.799
-31.32 55.538
663.964 -314.297
-535.25 -546.917
448.895 603.047
533.581 -239.634
-369.902 672.633
540.385 434.988
-473.699 732.548
733.188 -297.576
-434.813 631.403
607.182 -331.089
593.175 497.933
439.784 670.062
519.436 468.37
31.108 39.711
725.843 -307.151
427.969 546.253
-147.228 96.555
607.855 -269.58
731.875 -337.21
436.565 531.788
622.149 434.976
763.454 -240.349
11.993 3.149
-87.611 95.313
599.228 552.416
13.363 -104.245
579.482 641.672
283.632 629.183
574.19 556.52
530.118 510.59
-390.578 510.08
-25.923 -130.483
725.194 -278.39
811.403 -287.457
-548.067 -440.88
-404.278 741.197
-431.387 650.472
-506.263 502.526
-492.227 -447.187
486.452 494.937
-374.272 -490.821
869.474 -234.138
395.999 476.584
549.04 -334.773
-203.224 -14.927
-51.296 -60.318
-391.338 733.604
682.567 -284.1
-27.206 7.345
440.891 446.058
-280.613 476.187
609.39 498.243
428.112 453.622
205.807 13.479
-440.293 591.521
-557.838 -362.36
13.842 10.663
514.449 557.034
-508.015 -518.775
463.023 517.351
85.586 31.889
419.499 342.416
-492.531 -608.165
587.697 416.827
-159.43 83.216
-3.014 -97.467
-482.963 500.953
52.415 20.807
-465.339 -508.594
546.385 -345.657
-459.432 668.669
-446.326 -580.798
-79.988 89.515
-175.813 104.583
604.884 -328.92
-360.52 616.238
-19.021 51.853
46.403 -13.277
99.111 -57.406
-60.344 -45.546
-444.377 622.913
493.683 423.942
555.353 -345.127
656.001 -295.465
-518.587 -552.524
601.788 -249.547
-553.858 624.736
668.374 -286.05
667.993 -203.882
509.849 462.137
564.917 -161.193
24.846 15.64
-347.631 659.076
-478.497 -525.108
583.495 554.399
-497.29 -677.226
-342.997 562.893
511.23 440.306
-546.003 -525.333
422.434 562.919
426.895 529.637
549.316 455.384
-378.387 570.017
-525.488 -410.039
456.178 460.442
360.288 573.798
716.577 -316.898
653.458 471.791
-417.632 -322.722
-323.884 488.283
-77.452 61.506
535.973 522.33
-485.492 -449.431
-365.664 -439.855
-117.485 -129.486
-492.11 677.178
-482.843 -514.425
-465.386 -629.663
-68.115 -176.241
740.388 -422.25
-491.863 589.752
600.269 545.91
750.27 -223.976
-287.301 475.754
667.168 -287.528
-490.918 -452.01
-342.612 497.348
-408.997 -482.819
-495.021 -464.756
605.41 -351.104
565.324 602.075
518.361 606.736
-572.601 622.201
570.351 500.04
26.05 178.203
617.573 -146.536
417.528 539.047
-419.175 688.221
568.489 472.236
-47.959 -76.919
-458.658 689.81
-464.268 739.692
671.185 -300.669
-626.248 -357.82
-33.746 -42.07
-257.395 589.25
559.399 456.211
-92.753 58.738
543.063 467.055
-520.764 -514.994
769.536 -248.627
744.511 -333.171
-465.066 -568.44
-394.77 538.405
490.839 551.466
-391.825 620.87
657.837 -334.81
-505.628 585.194
-270.041 831.771
-621.102 -466.056
690.682 -442.243
551.259 -282.798
2.196 -99.335
541.058 652.392
686.182 499.687
-383.743 -490.677
66.498 63.507
-513.873 -411.61
504.774 513.409
-519.698 -583.607
-432.582 523.906
495.843 482.556
-384.891 -499.959
494.432 505.098
699.112 -111.871
-423.59 656.781
117.64 -22.219
555.738 283.46
-477.756 532.302
-500.245 -573.041
-447.053 446.282
524.041 400.428
-505.889 -429.628
-533.594 711.442
66.029 33.167
-437.878 580.414
-576.881 -414.426
707.267 -292.695
-483.067 -403.776
-507.26 672.188
-434.954 552.467
727.69 -226.793
-446.738 -623.884
-521.997 -600.739
51.773 -34.929
148.059 -99.549
387.381 478.819
-530.607 -525.761
-487.724 -618.364
-674.871 -352.036
-596.911 -470.502
31.106 22.668
678.697 -290.929
474.682 341.792
481.936 436.115
-42.706 131.36
-463.864 -642.916
-577.858 -523.764
-89.492 -24.164
-484.619 -597.213
-593.699 -495.156
12.02 89.143
776.796 -278.334
-96.58 26.959
-323.992 -421.007
659.141 -391.604
420.494 375.032
534.304 515.521
-560.307 -582.602
643.406 -402.277
664.508 -223.615
476.493 594.41
-348.332 451.28
503.876 531.06
760.079 -278.568
747.191 -222.783
-599.935 -365.394
518.345 485.869
-441.002 529.484
524.732 358.556
764.433 -172.333
-434.513 -492.132
550.194 513.663
320.52 600.665
848.205 -228.519
448.54 548.812
640.761 -147.719
-443.897 -625.601
566.163 -323.747
457.669 441.255
75.394 -98.421
-334.807 524.711
705.207 -210.548
-16.903 139.907
584.525 496.296
493.726 497.032
42.251 88.183
35.283 70.691
-347.457 623.824
653.482 474.107
-87.004 -5.229
561.888 575.141
-473.788 -457.797
-474.456 694.608
-289.674 562.986
127.966 -93.297
754.072 -110.718
-414.99 -502.863
-24.476 -11.844
809.535 -333.105
600.603 -341.778
-33.243 -13.511
-416.592 -405.412
31.514 31.626
-616.625 -407.383
736.362 -272.773
-532.451 -553.301
755.404 -144.488
682.327 -441.925
488.108 505.987
-268.473 680.923
654.96 -282.968
-227.807 596.852
354.244 514.935
-20.31 -33.694
-516.479 -453.602
-413.141 495.391
-507.665 617.19
562.161 601.626
-397.359 570.127
598.096 -215.245
385.251 512.785
-401.975 -520.174
-613.395 -378.134
-404.938 720.18
797.629 -347.716
-15.539 -25.409
820.768 -326.78
-469.69 661.427
-538.668 -566.113
1039.453 -403.068
737.506 -484.724
-403.548 661.762
22.947 177.991
-317.51 560.107
579.726 538.469
704.125 -260.36
-456.634 563.278
-540.996 -563.912
653.072 -312.969
-456.134 526.849
-516.576 -480.666
779.16 -348.402
-102.046 -2.449
810.093 -168.539
-537.864 -590.603
472.231 497.524
-525.082 -417.457
787.347 -310.116
-556.104 -530.731
651.036 558.999
-602.822 -492.327
-535.123 -452.044
860.763 -244.463
389.59 445.893
796.392 -154.17
-548.163 582.869
-483.908 -639.448
-25.635 -24.614
-521.907 -448.603
-76.238 -87.49
-449.902 -497.165
-37.751 93.717
-459.409 -490.362
-369.997 565.581
-511.581 -451.933
745.168 -510.868
604.721 515.394
717.307 -350.821
-431.167 501.93
726.795 -276.611
-404.081 610.597
-378.993 -612.649
-528.685 -548.484
-408.74 -344.558
-709.539 -437.202
495.443 367.713
-547.936 -460.664
374.796 576.067
605.128 563.289
828.497 -317.712
-324.759 576.513
-422.4 -471.866
31.473 -84.02
-531.21 -553.47
521.897 615.111
450.053 492.902
549.258 471.932
-74.865 106.896
77.076 53.502
595.626 584.094
-138.936 60.456
-415.57 -579.036
-563.97 -502.103
-529.284 609.706
626.787 -336.055
-37.116 -152.678
894.845 -154.323
502.41 491.06
-44.062 87.43
729.495 -301.192
449.912 410.187
-453.354 -553.005
701.29 -405.535
-436.018 598.709
653.516 -314.929
390.222 570.573
-420.356 558.156
-8.143 103.225
-548.511 -500.289
571.77 494.758
637.909 -203.256
-366.714 466.345
-126.169 11.539
534.72 -353.068
-450.741 -386.504
364.017 416.448
-416.795 -519.006
760.603 -277.065
498.592 521.039
-373.224 625.45
-424.222 438.277
588.12 487.408
-537.01 -462.843
743.87 -404.843
423.538 597.418
604.671 -313.087
-392.726 727.224
742.012 -253.826
-475.489 616.328
684.311 -275.976
554.869 456.957
-435.397 546.528
440.808 533.271
-72.694 65.732
676.445 -258.747
-560.498 -521.003
-366.409 642.64
781.255 -338.237
-663.963 -480.672
-58.478 -7.93
614.232 -327.279
-407.146 809.219
-534.116 -702.39
683.301 -175.456
467.857 491.093
677.979 -236.499
341.056 425.375
-468.11 499.588
871.112 -305.84
119.029 -61.311
-585.759 -574.837
764.829 -363.881
445.981 447.775
-31.562 120.163
527.722 489.67
571.012 472.449
-339.606 -537.867
-520.192 -453.787
-208.859 -45.098
-433.892 481.962
737.213 -99.904
-471.318 432.461
492.035 580.388
-20.934 -34.431
-465.103 -480.887
-500.608 -292.737
-325.466 -544.094
-344.389 678.102
-541.458 -738.22
681.488 -189.263
585.399 479.006
-415.674 695.821
-608.08 -348.523
683.394 -243.958
72.659 42.462
498.463 536.559
503.53 510.468
-423.503 578.294
-394.782 610.564
573.778 477.207
60.61 52.037
408.82 561.982
549.351 535.056
-111.627 171.406
829.067 -303.261
-546.554 -532.23
13.238 -14.411
579.646 541.652
761.668 -253.212
-470.995 -488.762
678.248 -283.367
-535.932 -440.517
555.892 535.741
494.784 501.493
539.416 597.2
732.455 -429.818
591.719 585.649
-328.634 625.72
-26.767 129.569
-65.039 73.602
-361.948 570.322
34.956 18.75
-311.431 562.775
596.785 -367.006
381.817 543.953
-304.153 -485.903
135.532 -108.318
591.913 -375.29
699.193 -275.422
460.893 584.441
663.739 -170.68
-75.29 -122.079
-544.495 -485.23
59.034 48.092
879.074 -282.367
-348.7 572.806
781.039 -301.628
101.512 49.769
712.619 -272.041
-101.015 -38.652
-483.236 577.188
-40.38 10.259
-328.667 550.641
-432.116 -621.644
-318.439 668.949
546.644 522.199
-489.086 474.594
-412.239 -437.583
783.129 -379.777
-575.866 -551.06
-11.141 -98.441
-525.63 585.91
-429.517 -604.176
554.059 -257.927
474.263 511.473
-114.043 139.31
527.062 449.705
373.968 547.989
560.464 -327.767
-580.886 -407.644
17.756 -8.545
468.861 446.275
-127.323 104.688
584.764 -147.564
-353.31 600.182
-486.92 716.026
690.481 488.294
360.063 466.573
-327.892 -469.233
110.307 -10.188
714.25 -552.181
-404.806 627.943
-375.582 552.118
731.246 -314.73
550.602 386.042
639.945 -367.511
-40.032 105.953
549.933 418.213
-564.232 440.908
124.737 155.533
82.99 -184.495
37.782 67.601
-298.605 614.332
664.648 -244.15
396.124 414.307
-446.862 723.7
-562.581 -528.185
-422.794 -454.914
-59.624 -155.043
-539.282 -472.969
73.912 70.682
775.94 -221.582
62.049 -178.168
15.577 1.95
-391.688 646.903
718.398 -324.191
455.54 426.062
-547.027 -544.762
-499.678 -411.219
-466.017 -547.682
-40.782 16.913
545.091 349.669
749.883 -280.789
-446.032 653.321
852.083 -289.862
-427.535 598.528
61.177 -179.606
-610.699 586.858
82.087 317.908
-695.529 -545.501
493.269 580.233
793.391 -496.588
607.226 521.451
489.235 445.428
692.024 -318.092
-592.285 -422.346
453.302 493.404
102.108 -2.093
-463.864 -456.096
-356.923 778.761
729.773 -339.705
-466.167 -503.132
-551.779 -496.343
53.013 -117.888
-27.014 -39.182
643.935 -266.156
-578.432 -602.822
-597.165 -517.527
498.402 537.257
95.589 -77.612
473.501 527.62
-475.289 -409.713
852.963 -219.114
456.337 443.203
-492.296 -576.1
590.392 489.408
-2.709 -34.849
-399.877 705.067
-497.696 -367.778
564.425 487.215
603.96 -244.896
-451.79 -360.257
49.354 0.995
439.913 535.671
712.082 -264.03
-358.082 541.81
407.54 469.674
839.454 -331.754
594.898 -386.56
825.224 -338.173
371.151 537.766
404.025 559.685
96.972 -81.97
-78.797 44.136
-357.845 -514.101
54.824 68.561
773.712 -347.101
658.501 -206.065
-476.296 511.313
-79.125 -16.837
638.118 411.716
451.29 470.98
-464.612 540.064
-400.87 472.931
807.237 -171.487
491.35 587.657
-33.312 102.845
-589.188 544.382
795.11 -305.339
515.47 447.163
157.315 -11.831
35.519 -125.644
-78.067 -129.312
-539.175 -429.553
-464.258 666.266
63.089 117.878
-363.871 -541.199
655.086 -384.458
410.139 419.62
369.719 587.334
427.51 441.303
-82.309 76.534
533.161 485.818
-471.222 693.216
-350.371 507.891
-446.655 635.479
-420.703 542.477
490.649 549.078
72.225 100.913
-515.313 437.94
-563.743 668.924
-512.014 -474.579
31.957 -128.656
109.852 49.084
-519.511 -546.263
-533.703 -545.101
-393.921 578.898
776.032 -214.502
-115.764 -6.585
614.976 -269.693
-636.753 -439.551
24.389 112.436
-477.585 609.76
-296.49 500.335
600.916 -348.438
-388.995 573.029
563.477 634.603
-371.085 -401.77
654.158 -269.617
-556.338 -593.788
492.943 499.841
75.842 -102.312
399.785 513.38
-279.599 667.815
665.692 -346.713
471.683 383.014
-504.081 -453.553
-86.05 10.779
-421.386 -464.456
388.028 504.82
-579.397 -551.483
-382.817 702.278
358.972 462.892
493.368 658.153
-369.448 -586.787
709.062 -339.125
-352.809 -523.868
-431.698 -570.018
-5.998 -71.5
663.938 -261.603
658.314 -285.148
578.578 -184.739
500.054 574.719
526.743 515.296
-91.208 -36.513
774.456 -317.949
601.415 481.096
-477.556 528.726
605.03 541.455
-587.844 -603.246
-519.983 468.581
-79.267 53.254
-484.976 551.96
-557.426 -457.145
527.056 497.246
796.714 -307.002
-492.718 -525.196
-491.073 -608.282
732.25 -258.56
-642.353 -528.813
-410.15 -614.606
864.906 -233.893
-459.439 627.095
601.72 -207.236
31.259 -75.474
28.814 47.338
711.085 -402.042
663.071 -324.517
-444.862 -576.767
-583.336 -577.274
-92.429 -19.067
766.423 -237.933
561.414 353.437
-456.29 -546.235
-378.448 684.406
58.909 54.605
-434.647 -491.616
53.68 85.79
-594.159 -406.772
16.947 20.507
-558.949 -429.757
-473.684 -463.824
47.701 -46.06
-442.686 691.182
726.507 -349.789
-498.925 -496.033
510.535 547.863
-145.329 57.864
11.943 65.906
-435.634 610.08
-86.009 16.353
-366.141 627.67
-332.009 -431.036
475.169 513.604
-459.927 543.322
27.277 -14.44
-338.652 521.964
-442.95 526.825
-500.28 -326.805
449.996 432.59
-600.063 -570.118
-349.749 555.657
-451.853 -597.676
9.724 42.468
569.203 423.333
-307.409 763.412
-540.78 -577.055
536.387 625.095
684.775 -328.481
467.332 527.866
49.754 47.524
731.252 -220.671
590.125 598.197
-370.069 -583.464
-543.686 -423.807
726.532 -330.401
-455.934 653.128
664.737 -263.069
734.852 -224.156
574.441 -387.344
-489.416 694.498
62.556 7.094
-156.718 -91.99
552.823 409.039
731.436 -289.515
543.121 382.251
740.0 -356.696
94.26 -26.728
642.428 526.62
-494.458 -443.374
70.924 -39.008
-413.985 706.428
-558.863 -430.085
-650.764 -642.563
703.589 -213.704
38.436 53.441
488.68 605.851
152.803 -108.49
749.771 -327.291
-407.608 -634.691
-569.406 -526.424
-591.413 -551.324
454.784 193.05
-403.034 659.264
-470.53 -693.094
-115.362 -105.583
466.742 611.62
11.97 -196.316
-306.728 704.752
518.28 425.344
-535.632 657.379
-444.074 607.136
622.904 -424.028
-438.81 -495.624
24.306 38.645
523.509 579.36
-479.222 -369.583
555.884 436.14
-410.462 545.748
-350.594 650.862
-30.729 1.236
-525.536 -314.001
-390.083 595.07
-358.416 551.874
706.284 -232.266
-31.628 175.463
-576.079 -567.457
622.716 -146.929
-19.025 -33.376
-50.198 47.236
-451.642 -488.433
488.304 518.18
-128.139 46.178
-533.37 -573.455
-527.998 -309.933
-459.52 -614.018
418.657 385.072
-411.057 -522.742
701.18 -279.467
-427.458 581.139
533.039 538.381
-339.292 679.24
-58.12 -7.512
-457.607 748.59
-420.571 706.894
806.787 -363.331
32.79 -118.257
531.587 494.21
-382.489 750.848
566.096 481.789
715.848 -214.358
-137.242 13.875
-413.111 452.927
-400.816 579.787
690.852 -292.322
-49.586 -15.242
592.691 476.732
494.967 504.38
-38.197 -44.292
631.754 -242.799
-476.922 522.281
-527.759 -456.094
-248.546 534.689
709.497 -226.334
695.585 -299.199
-575.782 -510.968
-392.984 607.027
617.702 431.67
-511.37 -479.735
604.596 -275.891
-491.525 -546.729
-65.5 -151.934
45.089 201.307
-463.057 -530.452
-483.325 702.094
534.117 514.669
123.588 -89.611
-434.176 484.85
37.591 -54.583
409.815 353.651
9.379 -52.557
-384.698 -528.196
-550.078 -552.929
20.336 42.419
877.073 -399.315
287.875 613.56
656.213 -289.857
-482.317 -449.892
637.395 -285.392
-429.019 -607.627
-490.164 613.1
-399.517 516.784
565.085 513.415
501.155 649.686
-624.279 -474.362
77.286 46.242
654.48 419.817
-398.04 665.109
-470.362 601.699
155.492 -116.886
-409.562 721.589
-515.594 -496.982
-327.538 646.335
617.678 508.215
-9.691 207.69
665.801 -294.754
-321.002 561.202
477.057 512.827
436.908 657.418
-348.477 396.339
1.42 25.431
-4.063 -126.386
-474.961 523.356
-405.434 488.949
-434.467 -519.409
582.362 564.538
-25.944 3.768
668.387 -271.745
-416.288 575.218
-63.722 -4.646
-520.179 605.54
733.097 -416.025
466.343 428.215
-480.361 -668.692
582.783 647.05
-400.231 -421.95
775.643 -383.621
586.806 633.84
44.043 -213.421
-458.53 -683.386
187.149 -114.758
-61.477 16.842
608.758 527.65
597.943 415.161
118.767 -14.633
-304.301 612.522
-492.652 -482.349
-523.085 -401.27
-516.641 -668.427
-483.876 -398.348
-491.236 -564.222
500.604 572.474
57.273 64.767
33.988 -17.186
-463.871 678.833
77.125 60.042
-473.185 -425.198
-600.873 -501.308
507.662 419.552
581.831 -236.427
-415.286 488.021
327.642 507.346
-657.855 -485.398
709.42 -348.532
-473.995 574.977
680.62 -360.048
-556.744 -465.337
475.877 462.198
-510.357 -468.067
614.239 517.821
527.679 572.8
729.133 -275.181
-11.916 -60.601
44.933 210.845
-258.753 491.571
-446.92 561.371
-361.059 504.062
617.945 -309.818
14.081 -27.34
-105.59 -232.304
-88.084 -99.018
80.004 -58.23
661.193 -352.602
654.696 -338.182
-402.411 586.597
-496.703 -529.819
37.295 35.558
710.837 -294.762
548.31 551.255
-392.072 459.172
700.329 -381.567
-386.87 540.087
81.302 3.461
-353.217 502.474
-313.686 592.9
666.05 -275.618
780.151 -237.027
-533.281 -590.042
143.494 -34.288
14.795 -26.044
-500.016 -465.339
-418.345 -326.413
55.813 -44.472
828.174 -195.797
641.379 561.857
-395.887 -420.279
698.932 -340.465
-7.372 120.081
-493.558 -676.49
558.077 587.965
117.376 50.06
686.669 489.718
658.166 -371.883
636.658 -224.856
716.58 -378.342
-108.581 52.711
-296.336 537.858
-444.505 578.466
-0.032 -16.394
49.549 -10.093
708.9 -269.703
735.828 -326.902
502.089 506.757
-368.747 -577.484
-359.084 569.088
670.156 -236.112
633.47 -315.95
591.167 504.899
-577.156 -488.664
700.334 -300.755
-113.751 64.681
499.581 425.752
-523.841 -433.574
509.93 -253.311
-464.38 -404.237
429.077 556.826
795.236 -372.075
648.066 -314.125
774.062 -401.398
794.582 -315.46
-365.853 580.891
579.239 544.449
402.447 328.566
-485.781 616.167
-406.448 -533.687
-340.148 -535.57
-541.584 -399.589
574.475 382.279
-387.715 -447.505
697.148 -337.983
-27.744 77.078
-70.672 -146.857
-583.285 -561.664
783.184 -224.381
53.768 -112.887
-376.332 -506.235
-352.783 528.512
-453.203 618.736
109.444 77.129
-386.716 603.671
588.904 486.235
-485.093 -450.708
463.802 517.285
-486.025 606.461
-351.79 587.023
-352.811 589.714
828.098 -351.814
445.863 481.413
771.031 -456.877
-372.477 536.702
-370.96 -502.936
-5.178 92.001
-293.194 -454.367
-48.907 75.504
-426.383 642.566
426.104 641.9
636.638 453.901
-504.602 -531.315
-10.597 63.008
45.687 33.216
771.027 -444.828
-400.529 -454.589
-45.826 -82.144
736.546 -263.72
-527.299 -537.386
-16.937 62.732
72.853 69.832
664.582 -420.17
41.197 -43.954
831.603 -291.665
-52.992 102.322
-46.557 -101.154
-445.833 551.906
708.032 -396.222
-387.624 737.108
-570.87 -309.256
-411.234 631.34
-539.699 600.19
753.287 -295.529
553.046 404.112
-314.165 667.786
938.494 -351.261
485.468 504.226
-34.523 -71.713
-119.171 76.941
-375.755 583.005
-507.352 -499.06
-412.349 487.384
-430.039 615.093
524.854 474.509
553.223 -268.583
-540.959 -606.052
-463.206 -462.295
-17.488 79.517
-530.101 -500.268
623.746 494.899
500.618 549.577
729.424 -194.397
592.124 -268.187
437.253 528.912
697.139 -280.714
56.573 13.996
-534.873 -557.358
-389.27 655.367
671.715 364.688
-310.838 400.744
451.442 617.008
-406.956 446.635
703.177 -328.473
-62.382 58.81
-39.987 -28.785
-577.048 604.969
487.016 491.297
-403.752 -577.136
-509.391 -412.229
-113.572 73.425
576.783 488.256
-93.036 30.943
795.008 -371.458
713.565 -305.684
468.473 491.876
-380.649 576.869
-522.034 707.533
-563.565 -500.07
97.521 -162.479
-111.391 25.286
761.938 -239.799
-412.413 581.259
426.339 399.023
589.082 409.777
-11.519 -14.201
-570.681 -604.219
594.791 -282.768
837.402 -306.416
-456.747 -379.424
462.208 457.892
-326.886 648.075
-39.324 28.029
665.942 -422.725
-481.13 578.006
-531.974 -344.298
797.661 -294.525
-432.412 -462.99
-298.064 590.348
-45.976 -25.313
-534.396 -478.114
-366.265 483.064
-519.211 -527.078
-425.739 706.409
-412.854 530.977
544.086 498.513
-565.235 -352.445
518.121 465.621
790.568 -265.551
473.567 521.432
-378.773 588.006
-381.769 578.133
547.564 413.627
627.03 -347.973
-565.621 -512.319
683.764 -398.366
-76.293 -144.514
719.299 -364.24
-443.17 -633.035
692.53 -218.069
-382.845 648.067
-451.029 -355.389
-426.037 -357.503
-1.82 1.355
129.43 46.29
-470.572 -481.849
-527.177 -534.289
-326.284 556.233
11.292 -56.752
520.532 460.485
596.427 540.005
-658.295 -423.383
-438.902 614.686
-373.059 606.163
-501.286 517.539
-559.209 -329.813
815.444 -197.481
409.733 583.62
514.923 423.389
749.454 -265.973
490.437 490.847
749.315 -201.57
722.607 -223.586
-330.637 798.701
-32.23 -0.167
13.734 -32.475
39.291 -26.813
-360.83 469.052
660.888 -228.921
533.904 594.203
-535.48 729.614
631.871 -468.457
-509.531 -495.832
100.89 22.225
36.944 153.308
-314.358 -576.78
-316.215 623.831
626.741 -361.829
439.359 578.348
12.247 140.904
484.39 415.383
-212.909 537.084
626.119 565.923
-332.543 558.571
-52.315 94.494
644.591 -247.718
-85.314 200.99
-96.79 -94.378
-582.62 -520.882
700.081 490.187
135.1 -74.027
-378.994 573.215
439.883 522.407
845.068 -359.544
760.393 -221.189
-29.706 -44.759
750.538 -418.319
519.275 422.382
-397.644 -441.362
-521.7 522.532
129.55 100.674
820.863 -252.75
-402.794 502.321
769.724 -345.467
-380.006 -503.636
-320.437 734.486
657.168 -243.216
539.456 548.014
39.546 112.034
860.223 -269.467
-343.281 681.373
698.526 -194.054
-100.908 -45.028
647.029 -148.518
-395.859 529.959
694.227 -340.564
673.379 -295.905
-97.935 -22.738
-476.425 -514.173
520.066 699.075
697.295 -354.393
-415.914 -544.95
488.382 361.031
681.09 -221.67
-382.047 -461.665
39.689 82.521
-692.805 -440.622
18.269 25.531
-316.608 -542.404
-75.222 148.262
63.921 24.283
-435.138 -530.443
-561.695 -483.995
287.363 446.972
488.362 581.463
-448.992 591.337
401.445 510.775
770.852 -448.079
479.978 481.568
745.212 -266.282
-401.513 534.923
539.555 483.127
23.423 -33.034
-304.55 607.861
-447.603 556.913
732.335 -232.703
871.353 -336.877
134.78 -160.885
578.507 512.238
-427.725 -507.564
507.058 456.082
-495.035 -521.763
542.897 477.472
59.241 46.134
-372.834 564.912
763.86 -262.673
662.982 -221.132
-560.756 -457.874
-31.512 -61.202
22.192 7.346
750.162 -308.823
-54.02 -141.874
-591.74 -589.798
760.018 -321.12
-390.25 -426.493
433.54 509.732
34.503 -148.308
35.973 87.578
-343.652 591.795
-471.05 -437.151
-553.934 -275.68
129.433 116.417
518.568 487.213
478.112 637.942
-6.257 79.425
490.673 421.712
-37.698 -14.606
-631.728 -487.09
-324.861 678.637
77.483 -40.01
885.384 -381.616
-502.872 -572.693
771.812 -220.442
834.504 -332.469
449.737 524.913
112.225 -89.856
803.749 -444.854
763.18 -219.94
-437.377 642.277
-572.708 563.717
-623.39 -668.116
727.194 -327.304
631.56 -316.373
570.663 440.353
-129.801 -99.279
706.366 -327.292
-525.321 665.143
-315.725 635.345
-352.232 692.799
734.046 -234.964
-483.53 -571.691
-293.557 645.974
-543.014 -531.356
305.955 414.3
608.556 511.671
-382.076 -525.517
679.966 -332.516
-432.407 -472.607
-343.03 -494.436
-516.569 561.231
-100.785 119.405
-391.295 426.956
83.928 14.573
454.3 518.624
-541.426 -535.652
-476.168 -401.71
591.687 490.054
-380.372 636.835
-1.502 -3.197
619.718 -370.209
-120.808 -22.893
-436.082 714.857
711.209 -134.679
-540.973 -534.653
547.305 388.613
744.595 -168.585
-478.469 -538.724
712.607 -308.35
-473.217 696.576
576.266 -242.416
11.483 -3.71
-160.33 -59.851
-508.432 -568.403
-429.842 -447.303
643.113 -360.747
189.189 -110.558
-411.053 563.416
31.31 38.512
48.276 -71.377
-157.523 -81.083
-58.822 200.314
-414.234 744.047
502.534 523.693
590.421 519.018
-528.368 -568.709
-10.895 -167.263
608.488 461.235
-598.317 -592.966
593.687 562.603
-425.479 556.126
13.101 15.984
124.595 -52.952
98.773 95.904
-462.512 -490.137
-378.609 655.648
217.508 -43.017
1.093 48.781
-45.857 -100.49
-644.632 -433.853
-583.463 -469.242
-579.342 -602.814
-111.626 9.429
-453.701 515.423
569.215 -520.563
-399.444 624.228
526.312 -362.407
764.266 -389.126
661.346 -311.445
407.257 366.176
647.186 -283.818
820.968 -256.076
624.072 633.885
-422.43 522.899
638.57 -187.053
-392.375 638.249
-277.911 564.759
33.236 10.905
479.855 379.102
641.378 529.043
-377.248 -547.01
780.886 -341.01
-392.717 612.129
-398.407 665.41
-585.305 -396.812
536.207 529.89
-477.92 546.919
-78.626 -82.552
530.082 409.889
532.074 578.464
-394.414 -442.554
423.257 514.564
-482.091 552.42
-411.206 -586.888
884.721 -338.183
-339.139 550.595
69.056 -38.932
724.209 -308.559
-347.069 720.76
-397.653 493.756
499.016 468.061
-50.777 -113.987
740.699 -472.449
-255.562 513.779
550.226 514.176
493.729 510.12
-564.609 -505.081
707.981 -221.326
-57.436 -56.656
-155.865 14.725
-639.025 -452.751
-99.664 6.975
620.522 465.024
-453.905 -496.886
-81.651 -135.911
186.655 -134.83
-430.056 681.381
496.689 439.839
879.899 -242.261
-362.646 566.527
863.666 -352.853
741.867 -293.2
-574.551 -336.672
42.055 9.616
-369.529 584.382
-399.755 699.538
613.517 465.346
-587.131 -532.06
-429.733 652.4
473.624 477.821
535.395 537.03
-62.749 19.575
40.109 183.763
-383.388 561.319
393.429 590.089
-387.152 -583.628
-354.445 663.397
-556.785 -545.718
543.246 497.397
120.237 49.635
616.748 548.462
861.465 -542.239
-540.285 -588.838
-403.877 838.958
684.165 -159.254
535.016 595.961
-8.43 98.452
723.857 -227.554
-388.381 492.014
600.459 474.439
-383.927 449.072
-385.254 675.257
836.902 -441.797
477.091 466.655
-532.868 -499.34
7.618 -25.199
-406.529 -457.148
-457.876 446.871
-387.455 -471.554
512.044 342.699
89.588 -64.283
83.437 -15.053
-446.819 629.18
87.772 104.791
690.831 -181.787
-6.61 -128.538
362.55 501.676
511.425 397.613
-312.705 717.83
-21.836 -4.987
-508.917 631.985
16.257 -172.92
-62.267 64.133
708.611 -211.208
-13.399 68.105
-5.807 41.851
56.286 -1.927
532.989 471.69
-466.003 451.419
711.672 -273.592
135.264 16.543
591.667 539.411
-329.686 581.518
592.542 -241.949
-18.782 -54.951
454.083 467.164
639.736 -273.91
-426.951 456.365
-432.681 484.732
-329.121 -505.269
-88.442 37.637
-473.961 595.987
518.448 604.711
-529.391 -544.352
-567.288 -640.332
455.255 553.086
822.31 -320.872
631.133 -286.926
129.205 125.794
-537.802 -297.615
-297.283 616.696
658.134 -286.089
69.256 -81.523
-308.305 567.314
-455.498 595.732
-554.126 435.514
-390.52 715.411
-278.811 681.431
594.717 -272.562
-69.994 -178.103
515.1 413.011
-357.987 672.339
712.238 -259.437
-558.69 -464.854
49.207 -186.167
-479.476 587.674
-447.774 686.196
-361.127 582.022
619.566 -192.047
-388.41 643.794
466.004 533.935
-598.761 -472.422
-76.869 70.144
486.795 -233.643
-398.132 -525.274
701.495 -449.809
527.88 466.347
-253.895 721.859
-554.277 -539.659
448.119 499.083
-331.48 542.898
-465.959 -550.553
381.446 551.804
-421.219 -365.72
699.43 -309.378
372.6 461.777
530.929 464.323
-554.901 616.972
-287.324 618.525
-122.206 -21.851
-464.805 -432.674
-287.374 -577.767
801.723 -453.842
-392.814 598.743
522.41 680.38
699.861 -113.655
-481.166 -629.19
511.726 498.251
-354.981 614.174
-443.193 721.271
-78.622 -104.941
774.482 -415.943
639.275 -189.494
-513.871 -523.203
-93.246 -90.245
-445.749 -495.436
639.344 -304.924
459.896 547.527
-85.601 -37.189
-329.687 543.797
543.18 -249.294
-407.78 -506.905
429.58 451.555
561.788 517.735
-438.576 692.313
670.152 -168.905
-484.449 544.598
594.276 661.644
-385.68 657.093
-618.867 -434.794
-368.588 627.582
793.34 -365.562
-383.764 556.94
-379.818 568.747
-601.508 -578.092
-13.502 5.898
418.806 513.435
-212.701 -23.598
-475.897 -499.093
-551.755 -496.431
473.231 518.141
-451.943 -427.201
348.337 532.691
580.715 -269.549
-537.626 -450.779
-452.105 -531.192
30.86 -35.232
-485.08 763.609
-47.087 91.103
141.972 -61.964
-113.92 -54.464
-428.398 597.251
-555.096 -496.365
-68.728 -1.117
-326.229 455.683
-336.855 545.926
12.784 4.39
-365.876 624.342
492.959 471.575
582.816 485.105
-449.805 432.664
579.238 560.291
-446.018 -440.072
-426.173 -625.986
40.242 18.412
-589.204 -436.282
-561.621 -608.005
51.252 -43.871
755.24 -357.427
54.509 32.792
-432.79 544.14
3.395 44.613
-325.704 598.23
-18.248 71.582
-510.957 -540.955
-375.385 453.446
576.513 510.045
-346.46 -482.452
-432.904 -581.997
-484.787 582.875
-213.886 7.116
-610.606 -494.631
-360.488 584.484
175.318 -86.941
25.801 94.333
719.892 -360.67
597.028 445.763
68.939 -45.216
717.904 -260.917
626.946 -238.683
836.041 -360.066
13.019 99.391
168.216 -38.341
748.253 -312.999
431.037 541.6
680.048 -444.028
664.061 407.219
-481.246 -421.953
-512.351 -489.961
762.418 -414.372
-617.242 -485.548
-418.287 -603.274
214.719 -18.704
781.29 -283.333
-426.079 493.281
659.806 -448.29
699.358 -291.042
496.383 518.974
-506.869 -416.616
-351.909 581.761
-370.802 673.159
556.607 504.372
-505.485 715.803
352.805 534.547
515.269 690.574
3.037 -77.297
595.818 435.994
-107.133 86.535
-576.649 -608.081
778.903 -167.316
631.402 -310.799
-389.762 630.937
565.351 -296.146
583.554 519.117
560.182 379.693
-305.375 652.791
-122.403 -53.444
-439.714 555.591
516.41 604.358
57.784 -43.36
-435.701 534.919
744.347 -305.139
-377.472 695.348
-362.465 456.271
-498.547 584.855
-70.224 101.193
611.918 -317.212
88.271 12.619
117.637 -70.387
-525.157 -589.955
731.994 -499.246
-433.976 636.58
-424.714 -533.904
575.612 435.541
-544.337 -520.137
825.756 -410.514
60.266 -27.651
450.166 488.96
-4.209 75.999
45.976 -49.726
-65.888 -16.441
-461.603 -499.811
-353.568 634.683
492.33 538.432
-446.834 -436.76
-386.656 543.92
-264.534 673.996
-436.819 -401.673
-135.928 175.25
60.155 -61.683
-433.41 633.339
511.915 434.062
471.595 505.813
-397.949 608.25
686.355 -306.88
19.21 -27.938
-571.517 -528.276
416.647 427.346
-463.187 -419.776
-274.731 670.07
-464.998 665.843
-415.56 -568.237
667.882 -375.398
-473.513 -417.592
718.888 -322.875
-20.883 46.156
-510.558 -629.174
-402.21 526.77
652.823 -329.95
750.199 -150.553
727.512 -315.647
-566.001 -533.103
-292.865 675.47
-242.67 565.014
24.559 -33.891
-59.375 -25.531
640.691 592.422
892.19 -274.021
-487.41 -379.462
486.167 476.188
-448.433 580.706
477.327 426.041
-134.58 -129.595
98.763 165.072
687.397 -251.935
746.682 -382.311
24.96 -0.176
-452.444 -519.209
171.556 64.554
21.428 -117.64
-457.811 612.519
-475.907 506.562
-158.443 -17.068
743.035 -244.932
-510.95 -387.815
791.834 -272.329
8.101 154.16
39.362 71.58
-341.124 651.439
345.909 583.787
-368.897 494.812
81.685 -81.81
-31.503 -112.738
745.358 -425.766
447.167 432.281
-564.856 -551.186
-450.918 471.211
-514.645 -435.796
-402.505 543.958
-96.957 -66.493
586.373 -269.49
-117.106 -47.765
-439.375 -544.022
-433.61 -371.886
676.924 483.539
-13.056 -42.291
-456.83 -444.049
472.933 712.64
548.798 435.815
-484.632 -333.789
-564.06 -380.749
156.896 -139.698
-572.107 -593.016
57.656 -76.637
609.579 495.13
75.795 -16.679
74.878 54.801
-308.238 581.894
-538.111 -426.901
661.794 -230.148
-3.549 60.971
-31.417 -50.517
-483.747 -350.756
-482.283 681.879
-438.298 -453.477
-399.688 544.839
716.882 -304.29
675.317 -485.788
614.616 -153.005
475.862 406.932
-553.774 555.871
-365.29 594.278
-325.997 -582.293
-395.105 -493.273
411.773 530.347
773.722 -172.286
-539.549 640.267
-58.288 19.849
-3.553 -26.017
86.325 -103.937
-485.06 447.058
-323.417 736.819
730.143 -296.988
-123.308 -21.631
634.305 -293.551
-411.383 509.444
-448.945 -495.316
690.347 -222.52
531.083 390.101
25.489 -60.865
488.72 608.024
811.006 -133.576
-219.171 594.456
-360.52 704.733
417.549 492.275
-331.424 695.094
604.127 -390.865
573.288 -189.254
-4.854 47.551
443.458 613.082
560.097 459.41
971.961 -385.964
4.189 137.309
-53.804 45.116
0.732 2.976
-511.531 -355.082
-436.35 -621.27
433.199 419.385
510.201 664.726
-56.17 55.56
-591.036 -477.407
-18.017 -83.204
746.373 -252.449
714.034 -113.922
595.53 459.788
-522.64 -464.159
-367.867 491.811
653.864 -326.089
492.719 512.171
-367.05 514.115
-424.453 713.765
-305.676 473.37
706.661 -365.462
-320.255 583.477
471.669 506.321
-344.234 -458.917
904.83 -432.195
437.041 338.108
-15.709 13.027
-399.605 490.322
-564.486 -518.736
758.043 -415.741
378.835 389.534
-357.057 658.069
436.031 448.282
636.426 -342.443
621.802 494.051
479.563 355.773
36.708 49.323
-352.182 680.191
-622.174 -370.466
502.376 -443.392
-550.464 -544.338
697.413 -355.68
637.549 -270.37
-383.595 723.62
-338.765 499.615
-400.104 -570.183
-71.419 81.819
-417.017 485.079
446.911 484.003
-577.701 661.4
-345.151 -313.792
344.586 597.367
-451.292 567.544
720.933 -258.3
-16.873 -63.683
683.428 -317.846
-395.785 -463.766
451.491 490.154
-453.501 540.344
360.601 456.133
-48.291 6.944
-554.16 702.314
551.743 591.166
534.434 566.425
-373.412 613.262
456.326 356.247
719.821 -378.973
83.053 10.908
703.907 -128.277
-548.617 674.764
-374.758 636.821
78.535 77.521
-470.739 -632.867
626.739 -377.632
-381.719 -488.925
-41.447 106.255
608.809 -267.293
-526.471 -458.619
732.093 -362.736
682.139 -289.828
-39.194 85.553
-560.183 -540.775
497.031 414.202
-604.226 -395.785
768.603 -245.971
552.088 381.827
679.34 -394.924
-500.39 -605.977
451.654 561.194
607.836 -286.987
502.874 472.212
90.423 -26.119
710.766 -164.52
-456.434 603.163
529.958 488.469
44.369 -39.534
546.166 443.689
567.225 390.92
583.098 -406.509
29.09 24.493
834.531 -284.487
544.45 505.022
-657.713 -399.206
681.698 -192.682
446.151 422.274
-296.353 526.161
598.329 462.863
-71.996 -30.503
-49.592 -24.884
818.601 -312.816
-364.581 622.112
37.139 51.503
-260.178 606.21
-155.725 -123.589
37.373 24.608
-486.849 -578.899
795.408 -265.033
578.347 342.36
-593.795 -476.665
643.962 -212.292
-478.695 -630.137
767.686 -332.063
763.621 -307.566
536.367 589.302
654.12 -293.476
-532.673 -468.538
-387.27 636.268
736.603 -306.33
126.068 22.846
695.169 -226.777
32.981 -49.535
-488.993 568.538
-221.284 704.652
779.486 -265.518
48.434 -66.817
-432.008 659.805
-536.359 581.122
55.189 48.737
-412.258 711.152
-396.189 442.593
-562.966 549.35
-370.9 -418.62
705.138 -324.53
667.173 -294.326
-281.284 444.25
644.345 570.701
501.548 -212.027
-580.901 -461.615
-522.533 -541.533
662.489 -192.111
549.024 -242.718
488.609 360.517
686.677 -249.704
72.179 -32.099
38.382 -148.528
481.313 632.027
496.416 450.659
48.961 14.49
678.432 -357.281
-482.424 -515.608
-95.543 38.364
756.351 -313.216
468.266 503.752
65.051 48.606
603.195 615.748
453.272 611.853
-387.362 600.693
692.661 -237.507
-440.108 -646.464
440.041 495.988
-430.102 725.622
8.394 31.321
684.876 -300.842
-520.17 -399.537
-546.798 -501.086
84.895 70.368
701.683 -211.001
-540.569 -486.278
500.883 590.303
678.345 -207.625
-346.928 603.572
-588.036 -319.874
468.85 488.086
-437.265 734.984
-133.352 71.26
-413.199 564.253
-398.982 588.991
-405.247 535.489
742.642 -258.252
690.066 -201.612
479.853 410.307
-58.048 32.143
571.0 339.08
413.534 453.755
495.09 484.077
-356.025 -376.896
-573.191 -447.27
848.25 -288.789
-425.729 -517.893
20.05 -16.487
-234.487 611.816
-516.955 -454.483
-319.055 -508.478
-558.019 -516.334
-193.567 -72.746
713.213 -313.713
826.963 -451.298
-503.924 605.377
-146.04 55.59
-564.838 649.079
-462.765 635.536
889.212 -195.454
446.82 461.48
-403.9 590.982
10.755 -12.032
-459.791 -580.333
527.818 447.103
533.995 656.421
-441.793 662.79
-653.286 -369.864
24.765 55.191
459.725 584.771
-413.589 646.579
723.546 -442.487
-486.066 728.917
-525.676 -513.741
573.384 474.103
518.589 641.191
-390.015 -448.989
-409.981 447.308
687.413 -473.235
632.895 464.423
838.067 -251.224
395.242 374.902
-477.031 -634.015
-564.141 -528.73
-565.245 -427.756
111.79 -96.676
-489.265 596.968
-39.998 25.63
-311.731 594.781
480.034 506.649
687.659 -299.535
535.713 462.087
-429.063 -493.93
-111.386 13.481
530.105 578.961
456.511 436.344
571.543 -143.517
693.647 -247.112
61.148 -4.311
39.728 -117.259
-4.249 12.971
-513.272 -495.99
-269.673 550.714
709.66 -355.603
-417.527 597.82
-460.128 -505.017
-453.617 -403.497
804.733 -408.587
407.52 466.855
183.424 -171.467
464.097 569.037
517.246 471.725
636.568 597.91
706.256 -265.546
-405.747 -373.788
-302.414 562.523
-15.827 90.578
-334.097 645.497
-130.602 -4.953
164.302 -196.739
438.777 337.356
-59.878 -20.092
-416.432 647.497
-135.086 -36.475
-428.865 777.566
-277.653 664.428
833.195 -157.672
92.485 60.227
-542.117 495.364
359.155 429.304
-113.213 2.183
-355.97 570.793
-296.171 540.256
648.475 758.453
543.89 446.91
-532.172 -387.231
46.333 144.947
-532.076 -577.218
31.364 -33.366
782.82 -374.057
-581.404 473.62
443.693 493.829
-466.405 -542.646
589.558 -319.493
-368.374 602.952
-490.044 -633.404
-24.203 136.224
3.418 -77.756
498.835 642.407
-21.421 102.055
-429.231 593.619
43.302 -8.096
-603.526 494.812
699.722 -384.361
463.096 558.902
621.505 -172.013
48.469 76.312
82.484 -21.68
727.924 -191.751
478.466 523.636
54.828 42.574
655.054 -390.48
-302.107 514.529
-516.543 -533.385
563.744 542.705
404.721 613.873
56.239 -81.227
-462.29 595.592
-387.458 455.166
-510.507 -404.494
22.441 35.621
-563.06 -588.193
-576.427 -504.597
422.081 416.835
613.479 -365.846
-470.27 666.625
-652.952 -447.385
-408.937 711.189
-437.716 661.765
9.685 -26.172
671.44 595.344
-262.365 578.59
-534.718 605.68
-531.526 -373.363
397.82 360.197
-19.135 -133.68
424.113 461.533
558.292 626.331
472.436 380.226
636.528 -309.554
-373.251 685.191
-36.34 -105.381
-525.785 -435.506
462.404 442.799
-456.618 642.668
61.346 120.786
-463.215 776.223
-17.999 86.95
443.738 500.767
-499.008 -586.859
747.005 -257.882
699.683 -452.324
40.794 -153.531
649.743 -298.482
517.227 558.806
-15.556 104.071
591.013 462.377
728.469 -500.695
480.571 581.744
720.209 -240.646
83.805 -98.875
662.086 -372.136
889.431 -247.704
-582.449 -506.763
658.769 -337.766
-562.635 -568.845
642.379 -232.192
734.433 -381.594
593.425 -235.579
-246.869 455.649
-533.05 -439.001
-144.754 -26.656
404.8 484.793
454.18 483.782
222.132 -37.862
-470.546 727.867
-54.301 9.341
60.062 -5.403
520.68 -339.047
457.001 454.259
-335.404 499.936
-496.393 -538.863
-489.833 498.948
715.49 -353.75
-115.093 144.11
-527.182 -470.214
-1.074 -66.881
-426.954 602.105
789.302 -429.189
583.644 455.814
-459.572 -582.965
364.799 622.273
-529.89 -414.103
28.94 20.691
-503.528 -389.355
497.121 508.307
414.343 561.776
-408.934 -532.618
689.891 583.809
-83.219 21.467
-32.435 -40.723
-453.557 510.91
717.462 -319.341
-507.082 -439.055
-56.416 -147.368
334.925 614.603
-331.169 659.975
551.769 560.873
-21.423 -39.348
648.672 435.367
-315.338 507.623
-130.648 -45.011
-344.819 713.201
-114.354 -71.697
-303.176 625.305
-426.835 -589.979
-484.204 -457.878
464.048 512.893
-296.905 500.823
483.537 427.779
-68.784 -43.952
696.229 561.05
284.424 492.265
-16.683 -69.25
-368.993 526.409
-297.224 483.611
-464.119 -451.089
425.962 393.362
-482.307 565.482
-529.46 -448.594
-491.817 -482.278
-52.154 72.395
-619.778 489.507
572.508 537.046
445.549 408.828
667.184 -321.77
565.615 508.039
363.738 510.583
-24.382 18.076
-583.885 -578.867
-24.04 -116.318
-330.312 530.137
588.364 424.841
421.185 577.677
-358.761 672.054
622.631 -333.515
577.407 437.847
715.929 -320.47
-412.493 568.006
464.859 626.939
506.794 419.996
43.383 -48.645
-389.542 -351.315
-485.299 -529.948
506.65 646.578
-684.572 -614.904
63.053 -31.302
-439.915 689.704
-470.845 515.92
154.25 -3.319
-276.378 439.616
688.132 -399.43
-54.694 148.962
776.026 -388.36
-490.302 605.436
533.005 532.978
-577.892 -396.202
607.351 553.208
-453.594 -636.606
-458.125 596.489
-494.006 549.817
471.725 523.292
756.548 -323.865
-473.002 -618.095
44.082 -134.644
772.822 -264.863
-114.609 -39.842
737.19 -378.943
-543.341 645.88
-73.791 -37.054
-446.686 609.013
37.355 -62.969
473.549 607.874
-434.489 540.073
-342.693 663.071
-547.651 626.997
-89.881 16.968
608.368 552.233
705.717 -285.732
563.592 429.365
-496.211 608.912
-418.195 845.745
-617.464 -459.853
-537.766 519.275
843.973 -250.367
-107.241 50.298
-268.33 -84.135
-338.218 705.817
758.013 -258.752
466.682 531.789
-295.89 721.412
578.281 626.796
14.954 -110.819
-619.763 -465.331
-101.408 143.27
643.956 -210.935
668.937 -273.594
-433.445 739.342
20.059 26.402
463.764 527.638
-463.458 634.074
719.405 -474.141
-463.928 528.138
467.493 662.928
-15.974 -5.701
-485.868 -518.609
20.315 93.912
608.895 -365.579
-428.898 638.523
-445.222 540.002
-74.858 -5.982
-316.687 -438.39
-410.603 -576.793
0.873 43.784
688.001 -297.593
826.815 -295.167
535.54 373.102
-538.065 583.685
454.154 516.199
508.504 442.434
-453.339 -482.364
-417.048 -487.084
543.67 464.66
708.751 -314.19
73.201 -110.538
695.377 -228.264
-388.357 720.841
818.08 -338.503
-497.433 635.089
-526.625 672.802
-288.332 702.627
-12.119 1.555
479.266 359.062
-539.092 564.601
-499.675 653.985
-434.683 -634.672
-558.304 -566.894
-286.698 627.692
-567.473 -584.094
-497.787 -457.851
-320.455 541.139
-484.641 -498.705
107.055 34.195
-455.469 652.946
447.625 466.565
657.508 -315.531
564.362 608.227
-553.082 -467.615
810.657 -457.796
-339.126 -505.049
738.606 -129.578
-12.791 87.155
644.334 -362.446
140.647 57.255
-392.348 647.474
-3.447 -73.532
-551.561 -578.954
514.275 448.212
421.207 353.883
-445.888 611.966
703.42 -344.371
34.634 -119.48
-52.048 -87.21
806.595 -379.685
-49.585 -60.57
-349.394 510.771
470.945 659.459
-543.631 -446.988
529.445 580.464
127.198 -82.899
631.818 -321.235
800.41 -281.304
609.17 -307.954
-512.278 -499.243
-433.221 -570.654
-65.958 -106.56
671.896 -219.935
743.353 -204.522
-63.131 -63.23
-554.912 618.233
54.127 -89.27
907.499 -261.671
590.338 -231.065
-389.895 631.961
-481.271 -567.544
692.738 -200.7
-587.002 -571.48
-42.761 75.596
-374.37 446.313
-17.965 50.97
-271.482 792.291
-9.11 6.577
651.98 -419.438
664.292 381.337
-413.843 -580.378
-532.762 -530.303
513.849 530.933
-459.724 733.774
-328.646 593.855
-549.71 -369.77
584.114 -378.088
673.885 -280.967
461.682 554.855
-427.02 755.565
-323.356 -609.423
-313.453 597.89
-504.023 -475.351
742.207 -291.71
470.713 467.981
-455.256 482.746
531.029 436.647
724.581 -281.467
694.063 -292.203
-649.017 -511.331
-4.558 57.063
721.749 -202.506
-395.455 690.36
422.489 546.353
10.877 -56.32
557.061 495.354
-348.512 695.064
-501.968 -478.893
872.42 -329.943
-23.435 211.143
575.351 -247.62
15.345 87.73
44.766 44.748
-373.515 648.962
659.174 -275.025
664.342 -310.37
-622.794 -334.812
-324.634 704.758
473.176 572.272
-538.835 620.077
-390.568 777.734
-254.206 551.817
-467.045 -473.247
507.084 501.283
-441.003 -298.859
-356.779 622.718
-582.89 -464.498
-311.424 559.01
546.184 523.084
-64.417 -16.118
97.547 -54.714
517.3 397.863
601.522 -340.944
478.297 594.51
574.375 434.861
-36.546 102.594
-362.699 523.309
465.282 534.24
-359.138 589.095
-490.883 667.291
-431.758 -520.018
-415.114 507.791
492.773 436.864
88.443 -78.92
473.463 529.946
-530.678 480.464
-344.33 745.573
-602.013 -621.901
-542.62 -547.239
685.239 -184.695
-440.375 613.371
499.26 558.292
613.063 -359.772
-421.066 406.241
18.933 89.383
-417.817 546.725
-399.434 532.692
-341.415 646.536
831.971 -341.314
598.111 593.67
480.406 528.783
-486.553 612.283
-544.858 694.987
-2.959 -114.687
-398.301 616.377
583.666 -417.408
632.056 -275.639
491.015 515.591
-437.147 -391.118
-534.276 -430.082
-526.229 689.187
668.742 -285.852
-484.744 -591.703
-403.564 609.349
-480.124 -372.518
615.061 -282.045
56.095 57.236
787.124 -383.512
-533.829 -536.093
496.115 566.143
-41.417 32.646
-113.82 36.5
-13.787 66.481
-61.441 -37.978
-394.335 618.956
524.402 167.243
430.497 470.34
-418.209 -396.076
-633.499 -530.808
840.031 -309.955
735.761 -243.859
-555.304 -681.359
-500.478 564.133
-524.132 -375.893
41.745 -142.682
-456.52 484.225
-390.039 415.408
-407.822 579.397
0.438 210.278
-476.853 617.766
-545.606 -535.673
-463.449 556.065
-431.647 565.76
-494.322 -444.068
-36.137 72.604
453.262 393.289
511.271 474.384
766.062 -317.854
467.676 561.095
447.606 532.314
767.998 -295.433
105.313 66.29
-453.032 -457.876
-602.945 -626.516
-62.157 -51.517
-357.216 -702.423
12.392 -129.291
11.666 -88.843
-544.478 -472.018
-511.527 -547.283
736.209 -382.664
84.017 5.01
-463.077 682.59
-347.21 748.438
-29.464 -6.941
396.247 553.084
81.795 -61.448
-358.045 513.518
-617.332 -473.216
723.767 -300.385
834.325 -489.741
649.716 -223.46
29.578 -83.231
-513.702 -628.859
-520.18 525.434
-510.137 -682.744
451.526 478.945
-471.775 462.789
732.754 -429.544
-612.718 -367.407
576.191 436.802
-19.048 -224.581
606.906 -403.623
417.738 384.997
-447.882 -450.549
-43.144 -93.911
638.149 -216.448
511.217 524.948
-392.781 510.36
30.339 -19.401
60.625 61.052
708.608 -280.87
-612.402 -416.767
417.382 428.044
736.001 -260.945
524.911 595.474
106.597 72.528
578.139 580.902
-76.413 4.712
-105.32 -123.126
-489.738 -457.881
-469.736 673.313
639.141 -402.107
-429.008 559.477
-480.047 -644.398
760.605 -279.843
-554.113 -529.546
803.387 -429.456
-487.443 -559.546
9.01 105.282
398.151 498.584
107.694 -68.961
636.873 367.381
-652.359 -440.981
-570.096 -506.466
-23.894 109.322
-441.293 -511.982
-70.581 32.583
-562.221 618.66
-427.065 649.513
-24.185 32.933
749.38 -456.146
-492.117 589.776
-557.332 -617.825
-111.89 129.521
-471.671 -453.631
-521.065 -420.089
-18.694 -253.55
-578.753 -563.685
-336.086 558.002
698.349 -181.324
-252.922 514.471
681.471 -319.914
644.494 -408.968
553.579 473.656
-102.41 55.95
455.792 583.549
691.45 -286.701
-276.943 603.25
-426.832 539.885
788.809 -270.375
513.333 528.457
-542.183 -563.912
-640.341 -467.808
-474.321 573.474
-400.695 648.116
727.221 -263.3
315.623 485.166
-410.201 646.61
-472.663 -516.184
-350.272 590.124
388.943 560.307
542.493 512.6
-436.663 505.175
547.283 430.407
-81.929 111.435
-601.394 -591.555
-368.3 -626.2
713.124 -326.784
-513.576 -424.915
459.408 443.609
-381.412 610.703
729.487 -247.668
-302.589 492.84
-373.906 565.435
814.494 -273.304
85.141 90.311
679.915 515.646
653.396 -234.142
-2.994 76.271
-191.602 7.299
713.104 -408.847
522.748 -245.925
-538.213 648.987
-358.898 548.206
534.232 516.181
-586.619 -498.122
-466.792 -293.181
714.315 -224.743
-79.143 90.49
-465.255 -480.414
-426.597 667.353
-692.008 -455.925
-488.826 643.814
133.105 -81.622
490.154 530.943
781.265 -113.55
-41.823 85.926
571.275 516.045
-29.733 88.513
622.439 -408.179
540.331 536.988
-55.339 69.661
609.505 471.202
-377.684 454.512
536.731 499.91
155.024 -58.73
-0.883 -253.103
-509.876 -441.628
732.994 -236.183
-413.583 603.737
-371.264 673.843
-483.181 -573.078
650.69 477.461
394.257 489.439
-8.456 20.772
-113.402 -54.115
479.236 440.085
-45.776 -126.541
39.776 -6.645
823.992 -499.021
-304.569 668.965
-420.088 522.124
-370.864 753.168
-407.799 621.774
-63.076 99.001
432.222 406.192
672.636 -296.758
653.256 -209.23
-380.229 620.733
-486.324 -594.133
-440.806 -390.152
707.267 -197.046
-371.14 -474.455
513.891 581.57
49.606 44.047
600.734 422.633
568.867 588.181
-401.508 595.649
479.689 -358.486
615.021 -244.766
-320.295 493.057
487.976 507.895
-563.296 -562.56
-305.014 656.314
-290.743 552.365
-309.839 462.507
-413.755 503.498
654.597 -217.829
-550.054 550.184
23.202 -39.346
-118.822 32.62
639.481 -283.091
813.626 -507.973
-1.546 144.993
467.904 -284.479
-94.787 180.151
525.908 386.177
-35.721 -158.919
613.542 523.14
602.414 -383.88
31.92 14.126
821.97 -337.614
-455.288 -444.732
-488.302 -380.829
-480.023 -532.852
582.507 -338.269
-503.898 670.383
-395.778 573.722
-235.599 675.962
740.197 -338.437
-488.609 -431.949
-362.119 -480.916
19.294 145.523
488.318 494.075
-392.973 -371.187
587.368 492.824
511.804 446.689
521.777 463.705
-121.142 -28.262
-405.29 -453.48
-33.835 50.53
-259.738 549.366
-659.775 -615.0
750.469 -198.426
-290.837 500.155
406.452 511.139
396.002 450.467
-11.251 72.4
786.844 -250.857
96.69 92.055
-396.254 -494.875
-12.298 -79.96
-459.401 562.604
699.701 -345.45
714.493 -320.703
-290.44 664.737
816.934 -424.619
-548.259 -625.295
737.056 -253.318
-548.215 -650.667
-427.283 -557.923
584.645 551.812
-441.093 621.664
564.028 574.932
54.746 -45.223
-190.5 105.575
-78.193 -45.317
-619.714 -491.138
48.266 -3.586
690.356 -271.697
552.382 493.952
840.003 -153.263
14.81 -101.971
-21.839 -17.457
-442.972 -386.263
-495.663 521.221
584.541 391.648
582.353 -306.236
630.162 -427.835
454.461 532.941
-434.615 752.029
748.731 -333.838
-495.467 590.391
-11.145 75.852
668.616 -217.306
677.918 -328.669
827.38 -356.708
-498.128 -699.72
-500.496 -501.033
362.088 414.137
529.99 526.952
792.303 -284.648
-288.09 466.411
36.884 -69.304
-434.122 -565.722
-36.36 -20.014
586.884 496.637
493.952 560.072
-82.0 -138.448
-518.25 -602.814
-473.18 -452.672
-366.299 529.87
575.018 -351.69
-65.319 20.733
-618.551 -382.824
478.774 484.43
-385.7 -453.213
-328.343 763.722
-476.924 491.535
-499.004 -530.957
718.191 -235.052
114.514 -30.489
-630.08 -445.864
731.635 -325.281
429.139 593.621
-404.742 677.338
-391.694 715.365
420.731 -250.978
-282.217 -599.829
58.625 -18.256
594.694 508.765
15.434 -83.135
537.366 450.641
-88.182 -115.65
-397.676 736.174
-384.12 655.032
-525.677 -651.436
-410.089 512.151
705.757 -79.21
615.012 -427.381
88.949 143.78
41.235 73.679
714.881 -248.534
596.29 -362.746
-78.731 9.306
487.994 612.795
40.231 -31.615
771.339 -446.82
688.964 -324.644
600.811 438.197
-415.025 -489.237
-426.521 546.036
-331.6 652.301
-122.228 45.127
576.721 597.71
513.001 582.508
403.275 533.084
-504.991 -493.254
-44.657 3.93
88.455 68.187
477.694 489.075
7.415 -45.888
-59.095 144.681
765.305 423.173
684.155 -316.746
724.178 -284.333
782.387 -444.345
8.609 93.364
-324.295 538.925
-685.812 -361.458
697.484 -273.869
50.723 125.83
-496.371 581.545
-386.883 -373.665
570.67 540.198
487.755 550.987
558.091 504.178
316.812 622.806
-36.531 -118.981
656.073 -237.946
630.181 -391.179
682.33 -461.319
-434.319 847.109
739.19 -182.785
-497.79 -573.565
-431.247 345.677
-621.209 -602.674
458.798 522.132
690.61 -189.831
402.014 467.471
102.002 38.874
-568.163 -656.25
748.31 -330.718
466.006 396.581
-335.788 668.19
-105.388 28.313
581.298 613.535
-446.963 -525.808
-26.719 221.321
162.861 59.953
443.611 566.177
-554.406 -479.535
-368.883 662.481
26.219 -116.153
-66.829 168.564
738.739 -337.233
-417.839 621.282
48.107 53.032
515.029 647.217
-362.969 643.082
-562.136 -544.059
584.116 528.896
520.155 460.988
-256.022 579.126
-450.617 -408.86
-511.918 -627.54
594.094 531.488
-404.195 -615.585
-89.495 60.63
502.426 555.721
-517.908 644.396
-290.717 -445.033
-516.673 -458.771
637.223 -297.458
535.282 475.436
-474.727 -424.523
-523.694 -559.206
-479.837 711.213
-373.748 -520.815
-397.831 -551.309
-12.11 154.208
-132.643 -97.445
-18.981 -96.648
736.871 -209.55
-384.295 648.591
-411.357 565.109
-356.67 640.315
456.331 564.271
532.23 -198.816
451.753 415.659
149.771 11.836
516.021 598.109
813.735 -356.735
678.873 454.578
-448.954 -451.091
-79.662 130.317
702.177 -255.826
704.489 -231.786
-341.158 676.909
155.303 15.009
507.487 -318.524
-91.227 93.451
-474.118 -456.215
-20.953 183.857
116.664 -202.352
-526.628 630.301
47.433 95.203
-159.162 -137.999
716.927 -344.441
785.286 -251.142
548.234 457.304
-408.946 507.528
684.269 -325.065
360.818 502.407
-439.462 634.801
-6.27 66.593
491.53 572.528
525.752 545.14
484.211 552.737
528.158 435.059
745.76 -401.977
-578.111 -455.07
640.364 470.459
-424.496 630.683
-476.2 -549.56
723.212 -408.109
59.575 42.325
629.992 361.615
392.741 501.166
708.557 -204.854
441.806 466.122
-538.16 -549.691
779.882 -350.343
410.62 455.23
-524.268 -531.931
436.495 382.295
-514.63 -505.213
-65.916 81.162
-491.87 -360.997
777.209 -365.308
-392.031 513.408
-335.51 -636.965
-442.278 640.222
-465.896 536.426
568.101 580.938
698.794 -249.997
596.798 -293.084
-153.973 -49.732
480.722 427.798
34.947 48.047
502.192 480.215
522.023 428.761
-625.542 -431.479
-470.193 -558.083
2.449 56.207
397.356 655.927
-522.96 513.138
830.598 -367.769
-484.889 -666.536
599.363 -273.605
-366.177 570.303
531.57 465.43
-533.073 -493.439
529.7 634.418
-358.912 701.787
724.454 -350.582
665.418 -313.456
-284.984 761.229
-72.821 -68.014
20.83 55.381
625.311 -303.143
-499.187 683.886
513.924 631.108
642.008 -289.608
-555.98 555.895
-455.387 -451.616
-541.579 -416.192
889.215 -329.243
-301.206 626.036
-646.561 -407.121
592.1 -281.692
-16.534 -36.483
-442.746 790.829
490.729 511.035
-405.501 581.061
406.813 671.073
496.996 491.222
-328.275 539.211
-343.015 528.053
507.329 457.361
756.787 -394.166
-397.954 673.749
82.83 181.875
453.27 554.37
620.113 -314.044
-404.962 662.12
-401.11 696.13
-54.074 87.842
602.582 -208.989
-502.015 -434.466
-414.765 561.257
-446.39 485.845
386.551 542.582
744.568 -244.14
768.828 -300.415
-488.668 -497.76
-454.416 -532.509
-218.851 573.44
439.352 600.753
17.529 -9.464
683.183 -206.975
482.777 416.564
-505.28 -418.37
-404.288 582.677
664.541 -339.436
129.333 43.38
-530.751 -443.961
-571.916 -564.284
437.99 443.4
751.792 -347.321
-477.888 -518.653
-474.021 -637.844
520.899 554.93
-698.492 -449.097
-364.51 562.701
28.78 46.029
694.132 -276.861
42.0 82.264
468.194 533.603
-442.526 619.059
-485.442 -483.022
801.878 -160.904
536.873 607.547
442.441 563.487
-68.471 38.813
68.296 -32.621
722.042 -397.909
743.522 -413.565
-94.314 -149.302
-323.956 601.922
-29.233 265.993
417.119 521.181
-275.04 491.908
-449.096 623.571
422.551 481.97
619.158 -453.256
-91.962 102.393
664.765 -196.159
-355.267 681.114
564.395 485.284
-577.811 -485.105
470.542 537.666
588.567 434.466
-472.037 -510.931
-493.993 -568.603
494.046 458.482
865.026 -229.936
600.523 467.553
39.45 21.461
-481.078 557.646
-567.996 -514.083
488.606 475.241
436.405 518.498
-416.095 -537.795
-388.456 -565.642
680.454 -226.197
419.133 496.512
0.488 91.569
-488.505 646.767
-390.168 576.874
553.38 528.791
775.398 -365.559
379.239 549.162
-607.014 -624.126
-85.791 -49.774
841.147 -405.199
806.937 -366.106
567.602 460.415
-471.254 527.007
752.06 -294.744
-443.397 -561.15
-615.832 -495.483
602.201 475.444
-450.63 617.079
506.823 493.844
-466.519 567.373
678.979 -397.087
-651.056 -523.433
657.879 510.123
-423.087 571.5
852.463 -174.249
-504.273 606.086
499.593 528.665
611.505 -167.68
-330.204 481.732
729.94 -225.676
745.3 -190.392
-671.295 -504.245
730.556 -334.213
-401.569 644.874
-315.24 586.808
-1.211 -5.241
-334.275 560.545
-124.344 -41.856
349.105 572.241
-329.015 482.021
-428.055 554.37
392.887 328.561
862.25 -266.126
515.636 601.674
-278.969 689.814
493.287 424.479
534.871 597.013
-258.967 666.951
-449.082 665.807
-37.644 80.429
411.956 386.464
421.05 444.343
-523.104 -544.73
827.966 -364.292
119.454 42.095
-297.044 656.437
-42.12 5.292
124.299 100.248
711.648 -318.362
796.245 -112.997
407.047 460.121
-377.538 733.872
638.372 -273.29
-432.432 648.856
438.749 377.905
-623.285 -357.114
-440.244 655.487
-436.518 464.721
685.692 -291.202
-486.988 -363.183
471.229 556.913
-450.042 -598.07
468.808 454.993
-400.088 -571.103
-385.919 -506.523
-489.685 -512.614
-620.23 -437.533
-441.014 729.397
-89.75 153.944
-433.153 -454.297
535.505 512.967
805.478 -374.204
550.655 352.285
482.787 -303.577
403.342 405.581
460.732 540.865
842.766 -271.53
563.547 506.094
61.109 -8.327
20.929 -32.86
134.679 113.411
154.494 63.862
566.677 638.596
98.963 196.746
-582.625 -461.733
-306.438 626.296
-275.903 591.452
-455.425 -517.07
582.464 -334.784
-512.65 599.248
24.025 -20.431
-507.088 -468.9
550.95 427.409
-32.274 -114.033
575.431 640.103
-163.171 -100.684
747.049 -324.383
-595.687 -441.548
6.84 -40.792
-504.887 -597.627
404.559 584.707
676.842 462.738
35.156 84.07
798.387 -389.439
493.046 581.544
595.807 -348.415
761.404 -313.818
-409.286 -433.984
532.346 492.761
-440.829 628.243
-477.015 -541.989
-51.354 75.139
-416.582 659.614
92.693 37.821
-444.475 698.859
-636.976 -296.304
460.22 498.759
451.611 477.167
-456.981 635.958
-385.45 566.264
31.567 -111.694
-444.21 825.645
512.761 617.285
-391.376 667.403
764.745 -382.892
-594.778 656.031
-484.296 -564.145
84.286 -91.581
159.062 0.142
764.67 -365.992
-441.406 -490.95
-523.14 -563.91
666.034 -287.279
795.504 -297.398
730.393 -309.398
797.104 -472.706
-295.856 676.655
43.697 -155.831
-417.412 580.951
-636.614 -579.426
-428.577 695.937
-532.224 -275.664
433.755 250.014
486.302 624.487
485.527 474.952
-463.562 590.594
601.577 -354.812
469.443 433.309
634.998 -304.021
849.014 -244.46
-423.625 621.567
-156.374 50.978
618.641 -301.434
-295.93 586.837
-294.698 593.84
798.664 -380.111
749.199 -315.669
-365.44 -598.671
35.051 -91.504
454.94 533.419
563.3 647.632
539.928 580.992
8.96 -103.245
-48.272 -25.54
9.901 9.549
-277.623 597.895
-472.194 500.858
-18.613 -92.158
717.593 -222.16
-390.263 633.037
526.931 565.398
-581.117 527.974
-437.177 -517.897
85.621 -28.904
603.095 -324.975
-513.421 -383.197
655.932 401.483
-371.174 -334.112
-2.622 49.421
-532.58 632.638
-393.228 735.148
-15.907 -79.846
-57.361 94.57
-411.684 630.656
115.562 -16.578
-344.611 635.928
-365.31 355.644
425.456 485.828
496.017 345.764
574.816 557.427
-475.904 -395.377
440.391 593.096
9.362 73.013
551.244 -178.364
-10.004 -11.359
467.175 417.042
409.912 497.15
59.904 -114.815
-612.346 669.74
100.442 58.857
5.05 83.173
-474.522 -555.843
-414.912 -509.439
483.43 371.016
-460.042 -600.437
-327.556 788.163
9.804 168.693
28.004 77.218
700.46 -331.302
-488.964 -541.281
-504.406 -571.51
-546.946 -359.122
440.383 367.087
-337.757 442.093
312.822 537.044
-604.157 -534.709
-346.296 -467.473
596.6 -352.98
-38.746 91.409
407.731 618.65
-447.681 662.582
431.804 524.219
497.151 452.565
-477.173 636.101
713.755 -307.417
-1.011 -87.114
721.116 -304.345
-590.709 -518.716
72.342 -77.898
830.582 -278.934
-472.429 725.824
-495.382 677.262
-303.995 560.17
499.6 458.247
26.645 7.088
481.419 583.408
-316.502 549.727
-395.651 491.336
580.728 466.953
-487.187 669.249
750.465 -266.904
-482.476 580.761
-424.538 528.651
581.399 512.29
-25.141 17.565
569.659 460.885
77.093 -3.37
703.746 -297.022
-379.902 595.071
107.149 -26.571
504.933 369.06
-371.137 705.977
-448.108 -431.69
592.265 -199.498
623.95 -259.589
174.356 214.929
-407.531 560.869
-342.013 598.475
-302.812 708.133
154.725 52.345
27.185 -31.509
740.645 -288.126
-30.246 97.197
-300.278 662.553
469.368 490.214
-524.144 -582.349
-433.186 547.162
742.484 -354.865
683.615 -321.182
656.713 -243.301
723.034 -172.312
-24.759 -130.086
608.907 -315.071
734.917 -275.235
-379.931 471.0
530.412 561.839
625.726 -229.042
-456.347 625.253
-516.039 501.488
-405.924 754.26
367.901 505.107
540.332 512.748
673.117 -384.239
695.663 -373.979
-429.512 543.702
593.722 -263.565
-504.382 -577.203
-355.108 514.333
-521.653 744.705
-446.219 -430.485
527.504 551.924
242.58 495.446
814.055 -339.064
-557.374 -547.207
828.112 -326.042
492.442 582.456
-622.536 -415.922
-515.304 -588.484
54.548 -92.465
-451.774 -496.979
78.47 49.079
-17.066 -9.567
522.546 539.381
-7.366 14.423
-350.793 -451.383
778.268 -298.623
570.343 -165.756
-128.996 -30.887
-355.572 745.479
47.981 6.288
597.02 -365.716
425.905 555.784
-553.166 -520.821
-417.136 588.755
-440.057 -527.416
516.805 529.802
-446.513 -546.465
-427.739 -464.214
-533.147 671.004
489.343 509.7
684.015 -286.623
82.077 -99.01
46.578 0.475
-431.735 653.874
652.203 -407.991
-487.311 566.12
-459.214 -578.704
-462.193 -561.676
-525.358 -433.051
590.373 -383.07
370.965 515.311
568.254 -370.151
-424.587 -437.769
-506.125 -734.552
-390.998 642.54
683.19 -233.999
580.409 481.487
491.426 434.938
459.333 381.054
-47.048 21.693
-573.942 -543.261
704.525 614.152
724.982 -228.991
824.718 -328.762
-441.702 646.675
-412.933 588.729
631.956 -379.144
-466.437 -553.045
32.443 4.279
-41.153 60.07
-369.995 643.922
-531.269 -497.843
-553.455 -612.694
23.397 -62.202
625.792 -405.484
609.969 -335.158
-389.097 641.796
554.263 306.815
-593.696 -657.808
717.132 -176.233
859.484 -126.216
24.395 -32.744
-577.698 -539.279
-416.698 -619.43
-513.7 638.772
615.718 438.946
-616.017 -406.242
-362.204 -533.272
-561.969 -618.171
-26.033 203.253
-335.246 619.207
176.58 -28.605
728.82 -220.755
-454.043 503.519
410.388 528.405
38.133 93.428
840.586 -266.122
-306.312 523.992
528.232 597.558
0.244 -55.151
-400.314 679.709
796.279 -116.416
710.556 -388.063
-442.122 667.032
-496.462 -344.281
729.308 641.737
116.536 96.912
803.53 -301.897
683.686 -391.21
531.617 459.254
-491.683 -530.875
-32.246 -43.482
11.736 13.322
-153.412 -135.218
-539.322 -597.99
-388.713 691.151
631.941 -468.23
639.857 -406.392
-513.68 630.134
503.57 452.824
-4.959 16.907
-326.9 543.394
515.308 440.22
4.983 -60.46
-65.928 -40.286
-13.231 -38.472
24.623 117.471
348.318 518.436
-477.156 -416.846
719.19 -259.087
-448.201 -596.565
69.824 57.384
-86.5 5.942
510.33 567.285
-432.095 605.478
7.03 -16.064
83.729 -0.858
-634.65 -587.977
-463.406 -647.962
701.568 -309.882
691.253 -253.594
740.78 -272.61
-472.459 -451.208
516.397 493.092
590.118 613.094
697.277 -304.808
-622.686 -483.849
-302.792 473.578
700.696 -422.173
650.267 -371.067
-485.434 692.751
499.517 430.989
812.791 -434.408
582.57 632.377
-468.054 718.17
571.693 551.4
470.716 537.465
566.719 588.481
584.619 412.058
-472.851 468.59
516.743 502.142
-542.251 -503.886
-270.311 511.909
696.496 -426.717
285.409 539.688
721.022 -292.21
532.845 529.66
-446.092 -392.891
804.441 -400.842
-329.742 580.751
668.719 492.851
493.026 609.097
628.217 -335.334
687.544 -247.162
-329.364 680.994
-14.882 -123.394
12.745 -72.308
-486.02 -367.896
-458.685 -495.814
-40.48 -67.157
668.902 -353.675
-440.534 -535.741
673.127 -218.976
769.676 -365.281
27.759 -9.738
795.148 -141.346
120.275 -98.021
-361.461 589.333
738.571 -221.795
-118.708 36.449
-505.323 786.588
-44.691 79.475
-461.785 -456.88
477.157 499.859
-593.33 -380.153
-629.154 -586.979
-408.707 628.53
-513.792 -458.637
434.084 479.901
-46.981 -76.918
-371.7 455.293
-403.538 539.967
-375.132 677.235
715.943 -300.881
500.794 394.463
561.133 520.4
468.126 458.225
-98.002 49.596
-452.795 611.158
560.01 557.356
688.092 -178.58
-310.472 534.514
94.691 -114.668
-61.375 -111.987
424.473 441.665
-374.786 555.832
452.485 369.051
3.686 -65.974
-492.415 -614.783
832.168 -156.068
-413.496 587.933
-451.454 -525.909
-55.786 -10.409
-18.139 -15.69
412.859 425.539
84.557 -37.534
488.051 481.348
-396.97 556.948
441.239 573.168
766.05 -233.456
549.507 597.11
14.413 106.028
453.52 556.402
-419.635 597.43
-367.734 577.991
-370.517 711.25
-518.167 -428.783
408.856 598.672
-12.733 70.936
-457.501 505.322
-460.582 534.291
-471.059 -573.445
-656.895 -526.396
714.117 -375.194
757.057 -196.823
46.131 -31.861
643.559 -122.852
441.645 534.124
446.877 542.887
-459.816 -502.998
586.221 592.773
610.231 466.56
-439.286 -509.162
465.516 642.2
-304.008 -570.896
-378.289 599.652
94.08 68.28
-401.242 688.853
712.096 -280.35
806.332 -339.36
-69.589 88.257
753.873 -350.434
-406.753 535.695
-520.528 -393.772
137.133 -100.772
924.304 -242.576
660.004 -336.543
35.125 -58.75
-3.789 45.038
-131.814 -29.375
-406.6 621.205
-46.145 16.409
-491.199 -503.65
-44.657 -85.632
156.876 -92.409
-526.603 -506.283
28.393 104.807
35.975 44.825
712.453 -289.219
505.028 389.463
613.928 -270.291
-429.129 -432.314
-492.959 -520.398
510.055 478.92
-469.187 -397.962
-463.042 -510.491
-325.013 512.136
829.616 -456.006
423.903 469.151
23.045 54.32
594.978 477.762
-12.738 -24.939
525.32 549.433
-535.552 667.599
637.126 -342.402
-443.591 491.83
801.362 -348.051
-435.047 482.697
424.362 485.49
-511.332 674.41
-418.145 598.005
508.01 466.486
514.239 546.04
787.802 -325.954
680.541 -282.654
-345.627 574.381
9.612 -74.488
-293.514 -522.538
35.533 11.431
-365.52 -453.226
-32.868 -2.579
59.744 -33.807
-62.048 59.413
670.388 499.095
103.565 149.184
698.311 -220.732
333.332 502.005
-342.391 601.211
-459.854 -476.824
63.474 7.206
603.049 -275.941
-588.89 -472.731
685.767 -327.108
-414.483 485.37
-439.307 -435.351
-324.367 581.227
-271.768 532.156
-486.28 -393.991
-553.993 -501.026
595.112 449.72
593.666 -134.425
-388.433 643.217
-369.798 760.818
771.389 -402.404
630.653 -215.314
62.71 -18.863
438.563 470.004
552.937 523.522
-338.06 676.507
-489.25 -598.513
417.815 418.065
-116.604 86.155
-493.359 -598.406
-384.726 563.676
579.619 -349.712
528.283 545.778
-522.971 -560.985
-28.624 52.636
-256.869 567.601
-387.705 -571.096
946.09 -234.549
92.074 -125.122
88.275 0.202
-412.031 -674.294
-493.043 -386.663
-458.319 -605.148
533.932 353.257
-451.716 590.774
180.656 -36.173
646.745 -413.235
636.472 -172.247
-0.305 10.558
-170.33 30.986
759.663 -262.624
450.012 513.846
-644.158 -500.264
597.667 632.154
93.877 -121.787
-687.901 -593.806
-93.174 -58.368
-34.347 51.373
573.356 424.349
-34.349 60.748
-388.716 756.133
37.505 -76.591
520.906 606.903
550.713 494.639
-432.538 629.999
543.664 569.653
-554.981 -397.79
57.288 -97.73
807.88 -383.782
762.313 -101.066
482.549 495.913
705.933 -302.718
577.353 405.769
-422.546 707.626
686.506 -351.935
556.637 504.826
614.071 -367.194
-514.342 -470.929
86.617 32.124
-502.805 -444.254
128.123 -18.765
449.04 463.99
4.223 99.383
-124.1 92.449
-391.455 537.466
748.579 -340.671
-323.816 591.337
-1.742 -34.58
741.101 -299.326
688.601 -271.136
551.561 494.061
-330.717 -460.308
-21.763 -116.703
-382.479 509.498
-345.557 478.205
-424.525 -401.744
734.106 -308.961
699.472 -401.029
-384.028 674.094
-488.108 672.796
714.409 -178.736
-153.005 -25.785
-525.061 -459.668
-87.476 -11.29
23.139 -3.373
-55.122 95.251
-309.673 -429.42
720.32 -271.446
696.872 -397.924
713.576 -312.95
-197.166 661.775
736.574 -323.54
480.583 -246.575
-559.469 -586.725
-44.307 12.582
-376.573 689.653
-551.448 -489.065
494.694 515.135
-434.039 646.849
38.202 -65.942
-22.347 41.575
-29.572 78.3
688.222 -226.677
443.095 430.388
-634.9 -580.805
568.82 700.981
-538.202 -608.495
10.924 -74.163
56.611 -76.964
-365.078 708.785
637.126 -248.686
732.652 -313.948
-364.155 732.064
-378.084 597.95
-496.361 -427.201
569.625 -257.639
-555.738 -425.253
658.691 -266.849
-614.07 -411.493
640.54 -335.422
-389.29 636.165
-77.627 18.356
-411.761 500.503
846.09 -271.533
-539.863 -358.007
-415.151 -464.265
-608.756 -505.956
754.641 -317.843
-281.228 562.722
-565.013 -598.92
-2.899 -15.101
-305.615 561.008
-32.246 4.875
-6.304 -15.704
513.102 401.32
700.435 -248.146
726.736 -300.397
-259.213 609.366
-384.238 686.597
495.531 503.308
-546.495 -410.975
-47.63 46.724
-415.204 729.491
-440.573 671.714
-475.012 -490.434
582.892 417.901
45.361 73.982
-82.155 -3.093
726.563 -354.459
-492.612 -429.464
-641.298 -697.245
46.317 -83.165
-298.072 563.546
-30.846 85.917
546.079 -306.93
485.314 459.227
395.934 394.665
563.215 -347.802
-488.63 616.024
-514.593 -551.844
-551.278 -262.232
470.747 402.437
757.122 -349.358
-401.044 532.589
405.961 555.69
506.058 618.978
-453.521 -583.643
-110.313 120.903
502.703 -288.15
474.066 543.087
674.022 -298.576
-78.877 91.074
421.128 418.183
552.386 -306.381
87.45 79.011
-385.168 668.102
-58.635 -8.442
674.99 -251.697
132.939 -75.847
-391.122 603.975
-0.11 26.223
497.703 591.084
-363.499 556.885
-514.985 584.394
38.929 137.854
88.605 -13.444
11.345 -145.636
-124.323 34.418
39.554 11.873
366.048 472.321
707.527 -237.169
-358.504 -485.287
-455.231 -454.689
-366.448 692.507
-408.665 567.986
-301.151 595.641
614.089 -203.864
-366.054 721.846
14.83 -201.978
-407.534 647.945
338.587 460.765
-370.428 -570.043
-83.71 180.154
705.555 -352.355
465.555 508.175
-175.964 561.121
-441.742 -550.188
-601.229 -574.329
-380.973 595.589
626.235 -230.321
583.218 512.032
-126.913 33.533
-433.452 610.146
653.344 -263.905
-284.901 574.007
587.087 473.591
562.173 -191.643
-473.087 597.051
-7.566 25.66
-357.247 552.515
611.029 342.771
523.151 427.085
621.737 -156.537
93.671 -108.216
-19.395 -17.779
-518.643 -377.545
-287.406 568.555
453.205 536.011
47.083 -7.623
489.624 446.857
27.353 -93.859
590.039 -259.45
-507.501 -312.079
-75.777 13.284
-333.96 678.481
-258.345 585.737
771.612 -312.653
35.232 -2.847
494.194 318.103
537.071 431.939
-330.655 585.193
-690.125 -587.467
688.135 -161.537
797.014 -205.406
-439.822 759.073
697.245 -279.877
532.264 544.466
516.349 576.458
-526.989 604.712
528.24 384.475
569.972 510.228
-18.1 88.24
-469.284 -515.369
-381.59 658.037
-560.048 -518.966
76.142 -102.382
-511.639 -543.996
-542.683 -491.87
634.362 598.257
-348.536 523.147
-621.616 -588.178
-305.344 733.464
-309.363 537.272
426.824 468.908
673.252 -238.046
679.32 -399.573
727.209 -351.735
-427.886 476.415
450.007 542.79
706.56 -330.033
-570.747 -522.236
-585.227 -401.52
-527.11 633.662
736.347 -365.02
-143.952 -33.513
-162.796 167.693
640.761 -119.968
517.293 423.742
703.51 -200.578
-470.699 592.441
670.057 445.074
655.643 -457.017
619.231 511.02
-457.223 712.258
-513.73 -490.376
-334.794 678.576
-425.763 -566.907
594.237 -320.835
-204.855 656.943
-477.839 687.214
599.01 511.859
515.741 577.219
-352.978 514.741
-493.498 483.026
-392.13 671.15
197.782 113.436
-534.377 488.528
567.304 457.396
347.944 525.18
64.446 -54.918
-566.064 606.559
450.247 432.581
-609.691 -519.545
598.889 -377.871
-541.164 557.162
-370.364 -516.92
-8.264 -99.602
-99.845 -91.38
449.419 322.648
775.058 -129.032
7.429 -64.223
-460.826 627.167
7.425 -49.795
451.245 424.823
-338.66 819.572
51.903 50.335
-319.693 608.995
79.088 -2.283
-474.507 -476.926
773.63 -334.775
418.305 554.94
-299.35 713.871
797.715 -166.942
-331.966 561.49
-448.624 623.94
731.717 -371.046
-386.7 633.379
556.744 535.696
-534.986 -420.933
41.867 -12.801
-342.25 -424.18
-383.288 -458.3
696.82 -370.54
654.438 -480.953
552.407 516.599
403.57 478.276
405.474 320.232
434.635 363.551
543.781 492.949
-448.512 -316.991
78.252 106.537
499.792 599.57
641.911 571.048
-371.151 659.325
-293.467 615.082
648.387 -240.22
-142.928 26.665
774.617 -352.994
-266.799 659.395
-472.378 -295.551
680.514 -368.837
-519.888 -302.718
12.947 0.301
13.907 236.038
414.033 588.266
-551.213 -522.956
765.167 -275.438
-423.399 -680.665
763.785 -207.693
707.007 -342.277
-510.149 562.929
650.618 -355.037
698.076 -376.455
-509.493 -694.3
-562.699 -364.454
-392.288 -445.67
-442.015 510.871
-22.337 -82.703
99.141 -60.475
424.151 481.524
-516.409 -706.249
686.279 -313.073
-561.404 -386.659
-36.45 189.943
-407.692 615.932
-60.208 -89.24
-434.16 -661.865
516.387 543.024
647.295 481.995
652.042 312.799
-320.489 485.653
544.222 513.824
-404.539 -591.323
16.047 -74.805
-375.551 637.453
-453.762 -492.53
-631.048 -536.382
-554.48 -554.458
-494.019 439.92
677.806 -324.83
508.843 559.137
532.612 499.483
-516.705 -449.349
542.91 415.702
151.464 -35.484
-164.174 19.483
567.816 451.845
-435.032 510.298
467.48 471.913
833.531 -62.743
725.667 -315.04
532.737 537.766
735.602 -335.421
525.352 488.263
63.319 136.735
-335.904 -555.732
-460.363 -424.292
689.354 -405.741
-2.732 -82.276
598.529 588.396
710.173 -250.704
-534.361 -498.693
-345.471 -515.943
420.828 469.256
-127.376 -129.682
708.646 -283.617
-422.574 -501.698
-500.215 526.024
-700.279 -440.909
570.645 527.607
-430.049 666.139
-88.852 77.892
-55.584 65.943
24.036 -25.037
-379.33 624.262
117.057 -157.732
-587.234 -524.261
752.802 -251.603
536.908 -410.184
778.652 -235.204
57.042 -167.055
570.502 380.104
-45.048 82.66
-212.786 579.163
668.419 -263.995
111.668 64.598
519.4 559.71
656.156 -394.974
-432.467 587.431
-435.572 506.976
-296.632 472.335
-56.094 16.894
497.823 575.677
-393.819 609.013
665.507 -317.689
478.101 527.466
-454.889 465.0
660.504 -256.964
-8.229 104.241
-311.936 684.496
-427.604 572.738
-501.129 -598.222
-3.486 19.528
-493.23 -494.254
-375.047 633.333
747.935 -221.595
-505.552 -546.537
490.09 568.853
-472.576 -562.372
504.558 436.092
435.458 579.889
-34.15 6.165
-78.171 23.546
746.757 -252.345
-376.245 597.697
386.127 289.354
-362.158 -408.244
-418.332 -545.897
-340.485 -565.38
631.675 -299.309
607.564 427.988
529.373 -292.858
63.458 57.841
-29.187 15.749
-363.651 644.669
-460.946 -411.861
-561.614 -672.07
-426.746 632.808
679.597 -396.834
604.488 411.514
-424.952 -337.007
640.364 -280.623
-49.259 -20.558
2.592 34.311
714.847 -267.418
-409.694 684.04
-490.631 -508.146
-0.366 137.402
89.284 47.755
639.787 502.996
-451.593 710.326
-345.233 689.835
-80.371 53.767
-156.932 -4.998
762.133 -248.251
864.583 -308.096
-563.037 683.095
653.449 -358.224
577.465 -410.775
-414.236 617.087
532.74 541.376
-515.736 -587.139
431.876 427.36
710.868 -234.589
-556.836 -494.479
-251.98 631.152
-90.993 53.555
567.971 669.532
673.655 552.832
519.249 467.525
-462.717 738.305
583.227 481.494
-530.134 -592.887
-491.808 -483.906
731.102 -390.47
769.366 -368.517
-432.032 -443.309
614.799 534.027
543.752 -288.164
513.04 393.908
-507.047 -492.003
-621.746 627.127
-108.054 78.268
654.034 -195.622
28.34 -165.767
411.757 434.472
471.001 518.909
-561.626 -696.584
558.486 562.691
-125.611 -1.963
-546.647 696.881
-310.258 435.955
524.731 434.165
692.147 -464.969
-123.549 24.883
578.667 -198.494
-530.361 -479.579
-556.617 -342.213
591.653 -432.02
579.248 -159.74
-531.978 -685.925
-442.096 481.044
382.601 584.027
634.006 -261.025
-377.945 774.191
-524.414 745.27
-33.933 45.329
297.744 447.089
657.879 -419.132
-24.714 -52.25
-320.237 549.963
708.07 -221.141
424.627 385.128
-169.058 20.469
553.554 -394.434
-423.461 661.694
543.776 682.337
653.332 -233.996
335.059 429.003
619.583 -292.058
73.128 139.867
729.23 327.349
78.136 -61.076
-27.507 -2.049
150.999 -19.664
-424.292 632.125
-396.734 -462.831
611.062 462.651
-339.968 485.323
79.748 -29.06
642.765 557.647
-327.193 493.35
421.106 520.068
525.094 -257.969
518.629 441.289
-438.52 603.296
-589.945 540.359
785.284 -273.002
-577.933 -523.942
-336.632 -467.056
651.457 -186.883
-503.963 696.827
556.168 453.193
-75.918 147.453
19.606 -60.066
-388.851 -521.088
182.832 90.461
-402.638 618.539
-454.868 593.597
-30.567 24.882
740.252 -315.812
-442.894 464.235
15.529 67.16
-443.206 -479.701
-566.47 -433.31
553.626 415.016
577.868 436.653
-615.606 -565.319
677.163 -308.707
721.708 -287.143
-374.701 -510.329
603.427 547.427
43.372 -152.458
-461.423 -508.302
-375.174 602.475
712.274 -287.24
-311.267 682.441
608.821 460.853
518.012 -486.709
697.92 -291.465
521.19 584.489
-321.997 709.879
-381.885 626.475
-274.459 643.633
21.328 39.035
565.052 498.45
540.772 607.174
411.856 496.629
569.379 -330.371
-406.645 678.23
840.058 -79.651
-446.663 -530.651
485.252 646.223
-459.693 738.664
612.308 -337.391
-114.004 85.75
677.842 -438.903
788.962 -271.911
-506.571 -497.862
481.052 618.197
483.088 426.284
-438.988 -549.586
-498.926 -448.763
-41.301 35.207
690.617 -342.407
-465.007 -576.257
-466.759 577.051
-562.387 -526.875
-644.372 -465.938
-327.788 571.682
-495.009 -475.246
-423.29 -644.864
-480.699 -492.397
-432.203 616.085
438.793 441.541
-395.684 537.752
-365.192 669.897
-376.242 -557.097
-30.371 0.162
448.719 592.153
2.252 -111.818
411.975 535.2
838.253 -271.374
-466.32 -627.393
-429.1 429.951
610.497 -317.079
-453.76 702.023
-323.757 610.705
-480.872 575.684
-606.17 -478.203
597.176 400.233
645.859 -339.171
6.134 -109.513
-479.853 -515.615
829.227 -358.569
474.187 494.496
668.844 -251.463
803.352 -325.594
-479.222 -457.968
606.143 -309.917
632.676 477.247
519.582 401.748
559.589 486.675
571.651 453.058
554.368 -368.432
-544.009 681.356
636.548 -202.927
707.322 -347.567
-282.926 607.102
-439.42 -496.182
-300.8 629.265
513.14 464.946
635.501 -349.081
-530.722 -534.881
680.175 -286.947
615.694 -381.705
116.12 -195.836
-385.83 668.262
593.529 -307.592
721.158 -267.398
-449.957 -467.922
-410.051 -487.016
549.077 -325.406
345.732 631.436
-212.256 96.355
-87.555 -5.551
-83.243 14.244
-349.45 618.055
-372.023 550.819
287.007 478.206
-37.446 -0.412
-482.043 646.12
31.784 -142.583
749.811 -312.345
99.341 115.736
469.594 549.118
-466.998 -620.27
-535.119 -505.791
685.851 -280.053
-449.968 -476.72
706.174 -292.092
-409.588 -574.785
508.186 519.151
-590.347 818.211
-398.986 539.361
550.41 563.419
-631.593 -461.332
-480.22 581.457
-427.431 471.423
-541.507 559.119
59.669 -172.438
-59.604 0.349
-492.197 -419.067
621.163 -223.042
641.425 -336.856
481.906 586.328
435.9 463.27
-501.211 588.611
675.192 -278.704
-639.915 -558.897
-547.828 -431.996
-72.058 -75.004
684.113 -362.394
572.972 482.434
559.803 569.264
-511.244 -535.461
-97.452 -32.145
583.972 335.211
-174.419 -60.641
-357.815 687.921
693.605 -218.068
459.114 497.538
-500.53 -666.082
-4.443 34.689
-487.851 -455.67
-457.18 -458.453
-534.748 624.384
-61.497 90.849
506.684 562.534
643.793 -332.909
-469.262 613.157
-521.625 -441.967
-356.07 673.22
-532.553 -540.59
723.109 -140.114
712.334 -245.716
-85.046 -100.478
659.673 -269.18
66.51 -19.51
-480.963 -539.881
500.743 510.188
-547.295 -531.16
-487.764 530.954
-349.815 605.821
-456.293 433.104
-310.868 524.863
-50.011 9.976
616.377 -179.461
666.593 -116.592
-421.12 541.725
666.065 -372.058
779.205 -324.805
-521.943 -461.301
529.869 490.696
-124.32 -6.728
-563.942 -373.401
755.521 -319.881
81.334 122.999
-455.597 595.685
577.273 563.67
-480.596 -562.066
-12.6 75.873
-463.224 -452.868
579.228 581.314
749.154 -265.082
-421.934 478.688
-461.932 -601.788
753.885 -447.683
-403.285 651.203
484.093 529.913
-462.45 748.97
629.961 -381.563
655.554 -376.687
-488.096 -635.576
78.801 -16.825
98.34 69.662
-388.47 -543.535
-321.551 730.389
-23.433 -26.18
-479.567 665.449
-387.175 649.564
-341.417 -502.082
-448.517 637.23
518.489 504.097
-380.278 511.699
759.703 -259.196
814.179 -363.919
29.435 100.995
-345.089 629.266
716.895 -150.39
485.246 657.352
-468.694 -493.181
-314.974 558.822
599.319 -363.945
646.659 -312.679
-86.903 -76.062
895.139 -367.159
687.156 -259.043
-27.017 -80.479
21.731 -30.382
-513.523 -501.078
-635.158 -511.483
336.743 437.188
-385.934 569.789
454.558 560.705
124.11 -109.478
-38.573 38.583
-467.136 -532.822
-108.596 34.295
13.923 57.63
452.118 550.422
722.082 -313.248
454.047 478.19
435.837 433.919
-526.44 -622.626
795.87 -282.66
114.373 143.808
686.322 -297.772
387.399 515.444
-498.895 588.873
106.182 111.083
-554.061 -468.662
259.607 558.32
-382.027 -324.988
9.195 -1.278
691.997 -244.72
-320.499 -536.857
689.603 -359.204
533.153 543.22
582.324 402.589
29.408 25.684
26.379 59.168
-471.795 562.349
497.144 332.729
-562.022 -439.537
-445.765 707.437
-404.099 609.955
-559.165 -534.988
-111.52 -8.082
-339.7 705.53
523.468 444.174
-465.135 -514.26
-402.555 -630.445
454.155 629.044
578.679 -353.195
-447.044 642.048
386.69 424.03
-270.343 753.127
612.306 -297.291
583.608 440.637
74.275 51.219
553.153 459.436
-340.811 675.003
-459.308 625.592
9.304 50.627
-285.946 -579.08
70.191 -55.115
476.751 511.997
-506.988 -544.565
-344.422 575.902
662.014 -392.608
536.227 518.586
76.034 0.594
-44.776 58.958
538.548 445.566
630.142 -318.805
592.585 460.826
-525.133 -472.911
-473.162 -476.526
646.47 -297.131
632.598 492.887
-382.83 636.349
-593.396 -492.177
-88.583 -148.092
-592.722 -502.192
-492.423 -500.428
-631.259 -457.928
-281.547 570.668
499.989 436.666
-589.959 -457.728
-471.553 -420.607
536.363 680.499
522.529 397.565
652.429 -365.686
-498.322 701.464
520.371 506.15
-587.221 -411.188
-474.737 768.921
-493.386 615.925
440.941 509.59
-433.682 -445.651
-591.441 654.781
562.734 617.658
-366.515 664.435
-583.702 -461.971
283.536 452.407
-470.024 568.379
-538.283 -423.001
728.096 -233.174
-588.073 -519.581
-392.483 771.933
322.608 537.75
-529.448 560.061
-380.55 659.299
43.609 -13.35
-63.648 -96.344
440.132 363.326
-471.4 -617.918
-324.089 640.204
-467.531 -493.335
-519.251 -421.34
-411.406 427.018
432.764 512.665
-393.944 521.759
-632.311 -587.005
-492.097 473.47
670.903 -253.366
-460.786 675.236
-563.187 -419.043
449.195 466.576
37.546 29.922
683.56 411.391
-566.605 -489.52
-481.527 -495.836
436.443 386.533
-370.325 -524.153
-4.88 31.091
-338.491 616.146
369.466 451.64
-32.594 -30.07
556.854 394.376
596.657 470.419
180.641 -102.272
742.077 -432.828
-506.134 -562.244
762.278 -318.866
516.922 438.157
-528.825 -514.683
-434.57 -425.033
-328.867 748.494
-479.86 -375.909
-336.018 589.48
-396.154 -633.06
-71.778 108.687
8.523 2.125
761.005 -336.989
598.082 -225.69
-9.389 167.301
-364.754 -456.002
817.77 -407.903
689.079 -353.575
-479.6 690.722
-352.306 -446.719
4.721 -10.27
593.365 -163.371
-442.973 -411.6
16.377 65.797
501.155 443.725
822.597 -263.41
-404.169 725.102
-245.296 578.09
-80.558 -102.976
641.077 -470.191
-531.342 -544.239
-489.403 731.898
-53.806 -59.637
91.424 27.813
466.67 447.866
144.1 -38.284
707.361 -228.596
630.512 -252.167
-501.99 -458.925
567.65 -189.741
-62.809 -38.179
597.724 -422.949
7.95 -81.547
584.562 -215.171
-432.304 666.426
38.997 -55.008
-539.885 -420.668
-450.077 -445.813
-475.775 -558.911
385.533 504.108
-468.016 568.748
-34.321 -41.329
686.182 -355.587
-603.661 -552.32
-421.786 635.509
627.386 -187.607
767.566 -362.809
46.03 -5.189
-573.614 -421.554
-56.077 -49.982
723.815 -285.07
104.426 -72.812
-112.513 181.033
772.118 -319.896
-385.674 -520.284
821.768 -317.465
454.456 340.335
685.206 -406.294
738.241 -380.713
-24.583 0.215
482.592 553.686
495.21 595.348
-383.901 680.155
692.884 -223.667
-402.361 669.42
546.465 -213.441
832.099 -217.986
82.496 -50.579
-459.041 -482.247
609.221 -309.47
-388.39 597.518
97.594 -65.58
-3.243 -148.962
-290.749 -523.969
-541.263 -510.39
717.87 -304.381
72.993 18.698
594.818 -350.515
-461.748 731.25
858.135 -335.787
-524.504 301.823
619.939 -217.522
677.625 -261.568
570.873 354.314
534.255 544.72
-214.971 692.736
-503.891 -554.091
-325.198 490.685
513.148 418.485
-397.207 628.213
-306.023 470.204
-519.181 559.778
-515.746 649.024
587.04 -255.136
757.342 -298.966
-427.11 -520.748
-57.228 12.75
488.869 543.875
-27.898 -6.605
474.178 627.558
-304.823 551.091
703.516 -296.118
-26.412 -125.204
-475.459 775.284
113.412 -3.888
798.514 -326.404
-103.016 -98.595
916.909 -319.613
-546.689 -470.073
-461.408 -387.658
584.165 -335.829
-407.379 -459.368
25.885 -99.931
502.739 451.39
707.937 -336.741
-562.913 -426.421
-73.704 139.245
-421.585 -530.216
-527.212 -512.91
-392.784 633.114
-250.316 581.703
719.125 -426.786
-63.103 36.803
447.474 510.382
-508.673 -603.194
-387.733 667.979
50.478 -77.327
380.498 482.15
677.761 -251.808
711.215 -100.786
-664.809 -485.714
-530.176 638.169
676.055 -372.513
602.159 554.1
489.301 431.291
-394.468 613.146
-382.37 550.546
-466.98 -441.155
-351.494 -647.248
648.366 -347.323
-542.839 533.106
645.109 -237.99
-686.264 -513.324
-440.416 602.619
63.772 172.294
-508.331 -413.762
-519.823 -239.779
43.478 -119.637
-9.005 13.856
-521.509 529.999
-53.293 10.4
593.601 550.035
456.93 442.613
164.542 -123.093
570.822 538.783
-460.776 -420.578
-344.371 574.139
-45.037 24.988
738.842 -257.103
761.085 -218.708
-550.982 504.635
-365.168 682.96
-493.693 -508.709
-389.052 -454.079
-100.396 97.114
579.263 496.73
571.692 292.247
-385.574 569.149
541.518 556.722
-562.213 -338.182
-354.834 -520.431
541.694 629.479
642.691 -279.116
-93.715 -35.583
49.87 -173.922
-390.366 586.333
-82.747 67.008
14.46 -29.891
-79.64 12.3
651.418 479.138
-153.656 -103.139
-506.824 -486.934
704.16 -408.028
526.589 379.878
508.088 601.208
776.754 -305.53
851.615 -223.122
-487.476 -466.712
699.625 -257.987
521.404 491.895
-451.484 -549.994
-341.332 574.741
-7.596 -2.783
724.023 -406.023
-371.651 -663.737
565.469 562.501
-342.879 773.838
-586.362 -578.485
482.231 510.559
-497.834 -467.526
603.239 552.834
503.969 499.776
2.855 -57.513
-305.933 407.904
-441.349 607.802
-535.624 -492.571
-371.942 646.858
-422.142 630.26
682.322 -364.171
427.096 497.046
-554.988 -738.001
550.323 645.968
527.925 638.632
-650.685 -532.557
-503.549 -409.497
33.023 -52.429
657.944 -340.492
-255.006 487.082
678.037 -187.841
653.998 -371.957
51.103 47.529
522.676 539.266
729.904 -230.627
70.453 32.187
-708.105 -597.76
-59.125 -43.444
438.309 540.703
310.632 459.608
-371.177 649.026
-423.398 -561.702
607.95 444.15
-176.318 51.287
-528.441 648.185
-289.141 526.508
682.162 -229.074
-526.805 -467.138
731.656 -179.755
-472.61 -422.414
49.041 25.651
762.981 -336.447
-43.987 -129.386
-379.527 619.573
-103.581 -14.104
-386.746 -632.549
400.391 433.658
-660.93 -557.48
746.328 -406.343
6.672 -10.073
-379.693 782.819
756.603 -290.794
732.598 -295.389
552.469 -252.334
729.003 -378.935
63.017 -9.486
-55.379 -0.79
-421.861 590.591
-483.756 -717.372
423.289 398.2
-544.419 665.946
-437.315 693.658
-406.731 -623.139
-89.548 5.326
-30.484 131.204
455.703 610.799
-458.957 -461.331
-52.974 -6.625
-155.307 -28.699
533.974 432.662
-525.264 535.935
-504.76 648.155
-383.988 623.281
815.503 -376.304
-327.69 612.148
745.557 -407.308
-509.472 -586.023
36.79 -7.992
607.538 568.633
73.581 -197.939
811.477 -203.487
-374.892 578.273
-491.122 515.409
-450.137 -456.757
-426.427 702.208
-358.394 680.295
52.383 34.859
703.73 -316.146
-526.04 582.223
-442.809 666.968
-30.577 -4.438
-367.226 -487.899
672.107 -338.455
-454.499 -461.333
680.153 -262.027
-473.881 590.087
-304.469 -488.426
666.127 415.832
-621.195 -516.192
-38.781 -42.257
-427.998 556.982
-573.277 -535.641
-50.173 -11.061
-606.128 -566.072
-27.777 -38.255
-444.333 622.188
-289.086 537.226
480.971 456.964
-225.587 590.001
-493.568 -483.063
472.26 477.984
608.72 -127.45
-415.092 610.63
-449.99 -520.042
-459.881 -346.948
398.166 355.68
-457.772 574.769
-565.156 -510.984
92.006 106.605
-18.415 66.546
-517.747 717.348
732.346 -332.261
-448.652 -560.932
-102.053 -8.457
-1.212 -112.393
-569.878 -435.034
-533.931 -568.231
-48.631 -133.049
621.281 -259.123
435.172 542.006
466.74 404.728
-643.102 -518.786
40.512 9.473
698.427 -208.225
-493.442 -380.991
-378.397 686.493
756.803 -167.258
-568.648 573.196
-458.528 607.474
480.375 326.751
567.482 -521.772
-373.475 635.185
721.312 -286.032
491.069 578.808
675.92 -165.488
21.165 71.192
702.425 -212.046
-67.439 -83.052
689.222 -250.026
-463.17 -598.769
889.808 -215.006
495.112 -197.523
13.881 3.195
-86.915 -19.908
462.878 664.324
512.229 510.803
688.612 -280.268
-576.739 527.144
433.893 575.338
54.025 115.272
24.028 199.334
-327.419 -523.119
-449.471 621.604
607.931 -192.978
-6.776 151.103
99.744 71.993
-269.595 562.315
-326.896 564.92
-281.988 611.884
-528.246 -266.445
578.667 497.094
-662.677 -388.855
-372.087 440.118
-444.747 532.395
660.261 -420.398
-152.108 -46.328
730.186 -292.314
-342.253 553.96
647.047 -314.336
-586.322 -350.0
-301.271 667.066
783.806 -325.395
592.785 426.829
513.154 465.562
-414.985 -538.301
479.438 425.205
-356.009 552.94
652.611 -465.187
-421.058 639.341
-558.215 -463.556
484.919 546.621
6.678 -23.554
382.092 576.475
-473.988 556.352
-490.883 -554.536
-14.913 4.554
-450.717 -466.93
834.74 -258.109
554.145 558.261
-694.236 -593.735
556.184 -285.107
701.682 -281.642
-306.69 614.866
-449.378 657.175
316.083 453.174
-35.042 -113.932
-284.572 644.132
654.918 -282.085
334.641 453.457
761.922 -283.538
-429.715 -670.576
784.795 -279.445
-499.692 -542.401
7.414 -90.871
552.086 366.644
-70.397 37.117
-483.442 -566.96
57.08 65.761
527.889 416.171
-17.98 33.054
662.39 -393.304
451.485 458.461
69.219 -264.956
-413.956 -616.809
-349.752 563.91
-475.05 772.45
671.043 -369.941
-515.174 -391.432
-302.763 555.003
-555.258 -491.149
96.586 -37.501
0.978 44.981
-462.268 -540.672
544.4 569.617
-392.241 500.992
-358.162 555.672
536.1 602.321
-577.59 557.94
-20.289 45.886
-555.896 -515.792
-51.701 -11.649
-298.454 548.608
698.17 -344.003
497.608 499.598
56.811 29.529
424.692 608.468
-37.568 18.451
685.102 -214.395
-552.057 -432.966
-397.248 468.15
-581.882 -364.828
572.566 -258.487
534.84 531.59
-559.311 646.679
517.166 504.934
-514.183 -495.817
-25.643 77.678
-93.081 16.123
-488.514 -589.206
-37.726 29.845
761.061 -218.231
-47.155 68.231
-434.322 -556.503
71.4 -44.424
-421.801 406.542
-403.105 566.913
-55.554 -95.851
535.291 372.45
542.814 515.503
-416.017 518.741
-65.325 20.831
-364.83 673.276
-315.75 554.034
-394.386 611.095
-6.203 17.159
616.067 -348.678
98.498 -73.459
458.16 580.698
521.375 502.315
597.893 -322.848
-3.728 -35.901
-423.197 524.026
690.163 -294.68
-347.532 681.995
805.205 -400.44
573.59 444.516
684.205 -306.925
786.58 -290.039
-695.099 -397.967
-318.907 654.063
414.782 394.495
349.179 487.017
837.159 -419.812
-535.226 -481.408
-439.016 405.16
725.657 -244.326
808.937 -317.669
679.763 -313.661
597.264 419.352
126.025 -24.751
-50.482 -38.549
-270.695 484.723
453.125 592.391
-477.212 -416.769
5.248 63.666
585.078 -358.816
-244.38 523.994
-559.521 -449.088
-52.422 -84.117
-296.757 582.839
771.303 -448.645
710.315 -182.263
-78.828 91.125
-436.925 -563.976
644.719 464.187
-481.538 588.369
723.29 -227.577
-63.347 -97.632
-90.062 -110.475
784.732 -364.86
-373.087 613.106
740.24 -277.889
-399.419 634.545
30.688 74.24
26.716 0.608
859.75 -501.441
-389.108 458.176
-452.889 593.968
832.873 -179.605
705.065 -306.718
621.751 -303.905
-639.181 -574.799
136.519 -7.031
-475.068 597.587
392.271 667.217
-115.186 -226.058
472.707 520.002
707.881 -167.922
-425.276 524.242
-339.146 -432.993
-474.444 -538.222
559.632 525.589
-352.923 775.928
567.184 458.45
472.866 475.768
-519.072 -646.961
732.751 -377.761
-53.562 2.282
515.925 510.707
804.674 -190.062
-393.142 -464.192
-601.173 -430.755
-408.166 549.626
595.868 441.65
657.394 -145.286
110.104 140.855
721.505 -423.848
-576.541 521.493
-506.081 -639.163
683.91 -246.261
574.389 -348.775
32.799 49.799
-366.444 494.014
570.691 -411.942
-125.779 -149.323
544.256 472.731
779.81 -384.448
591.762 -232.278
421.599 640.593
-74.991 3.146
-525.115 -460.715
671.848 -452.663
-568.687 -420.67
491.259 581.14
-473.04 -498.078
489.984 470.032
-7.191 -98.212
-429.498 597.666
-495.816 548.461
-641.502 -627.825
-368.565 614.683
760.431 -316.556
706.632 -285.02
-464.2 -411.663
-123.788 39.185
664.092 -344.871
127.022 -93.87
773.175 -508.942
-73.433 69.661
393.495 452.404
135.547 -41.663
-526.253 565.587
-466.391 -659.34
99.825 -29.972
142.134 79.822
251.584 686.973
680.056 -158.57
-431.56 768.515
-651.305 -633.047
522.268 387.775
-51.544 107.632
-412.991 -553.3
-47.818 49.968
435.059 473.98
7.54 -179.834
-386.584 616.034
-618.682 -528.1
627.58 577.779
-34.693 -94.837
-7.33 30.278
-524.831 -475.566
-532.324 -490.684
117.326 13.821
-340.624 730.006
612.174 -366.806
647.872 -250.346
837.743 -210.234
-386.369 540.091
610.931 429.792
-297.242 -461.472
589.76 691.07
-408.946 -465.741
-326.297 604.949
684.749 -382.738
-312.098 687.222
-55.812 -104.729
-463.666 -445.642
761.826 -268.226
-553.892 534.867
519.48 564.983
-388.756 551.369
-267.069 552.183
-417.65 -366.666
574.982 473.298
64.738 -29.466
-450.543 571.401
416.528 685.388
34.171 -0.193
-563.732 654.057
694.749 -276.199
434.842 393.018
13.174 27.037
47.627 44.49
-574.86 -452.678
2.995 -78.618
-612.866 598.127
-692.885 -633.403
-422.688 591.542
-422.762 -482.826
-548.318 -476.873
467.016 652.677
543.369 -198.533
-396.467 -505.829
79.466 -40.329
-28.889 -36.635
-386.727 736.661
-350.975 732.438
-134.339 -5.172
-595.175 -505.36
-522.705 741.417
-441.624 574.525
556.582 562.471
753.428 -290.501
653.207 -329.117
-420.836 581.742
-584.029 -461.406
-447.874 -528.278
105.336 54.177
-117.55 -70.382
236.593 442.594
30.6 -60.155
-187.199 659.809
-363.404 564.434
727.551 -262.571
502.08 451.364
83.087 -111.8
846.644 -300.119
522.363 344.996
-380.675 463.929
592.468 628.902
16.089 -38.444
527.409 -358.384
663.985 -239.126
-439.526 -442.645
474.137 489.166
744.131 -268.869
633.546 -228.028
-393.844 -446.874
603.332 543.028
-361.556 648.997
682.07 -353.023
-545.613 -520.381
722.457 -306.939
602.444 -292.767
-522.905 -501.207
70.694 -106.206
-242.268 -482.639
-536.145 -480.087
-222.717 689.425
780.416 -401.983
-400.889 458.419
101.56 -32.657
-62.125 84.575
125.813 64.569
-683.361 -526.375
655.282 -264.786
-525.53 -456.786
171.5 -118.397
625.362 -346.283
-500.903 650.283
122.435 -76.313
-523.927 -506.156
-490.114 -462.577
694.918 -319.911
710.007 -334.129
-294.045 -436.799
-508.465 -537.443
-516.427 717.164
-483.336 -472.753
118.236 73.322
3.869 47.243
636.143 -149.829
65.81 62.194
-469.363 -668.21
28.221 -186.855
44.796 3.14
-537.633 650.826
-513.679 -411.649
-601.435 -493.615
550.094 524.271
528.945 432.633
-553.067 554.457
29.624 -10.842
-316.19 672.439
-446.424 -266.576
-496.096 649.253
599.875 617.45
642.054 -291.452
-534.487 689.441
-354.023 530.434
-506.256 -608.96
66.944 -32.828
-444.673 745.443
-448.118 -534.764
803.357 -303.177
790.509 -239.124
688.206 -310.631
-393.074 556.843
508.46 404.312
641.531 519.588
-549.948 -558.316
-435.83 -382.448
531.697 503.505
729.726 -358.236
-341.947 716.873
568.62 564.543
-63.38 34.832
465.981 577.341
847.034 -93.267
585.613 380.685
656.693 -315.188
-402.054 -595.831
564.634 612.667
-479.278 -267.091
-493.679 -481.684
526.003 673.315
136.705 -75.568
-364.598 461.394
-387.673 592.227
888.881 -407.793
-421.137 596.597
-15.357 -55.867
-460.365 551.821
-46.426 98.207
-423.778 654.316
-33.736 61.292
25.652 -42.694
-414.192 608.993
-293.168 542.317
-384.017 -494.369
845.075 -269.699
812.629 -296.431
833.51 -245.436
765.841 -348.219
-3.615 18.423
-43.459 137.814
489.053 -253.077
-40.482 129.509
538.184 507.472
-461.19 -493.054
533.878 444.56
-428.131 558.678
-537.839 -504.388
-326.178 591.228
110.867 -46.424
63.065 -38.887
773.985 -269.618
770.051 -226.73
-601.399 -444.519
-591.122 -529.173
-478.006 -415.029
-323.236 604.623
804.678 -223.79
693.078 -213.72
385.322 475.732
465.423 435.304
-27.087 -45.734
767.772 -410.369
-442.961 506.519
-657.654 -626.27
-315.313 555.83
445.28 549.371
-6.282 -243.521
537.647 637.995
612.809 -214.442
886.346 -394.258
-350.955 -438.69
815.069 -291.463
470.037 560.401
-461.665 -397.447
-291.241 722.134
12.529 39.206
614.569 -302.215
418.983 436.204
-13.993 -22.227
792.54 -240.47
-511.91 -462.288
-600.193 -471.664
-58.154 -37.707
-411.874 614.735
530.97 487.368
-89.62 -85.351
-334.652 601.09
703.262 -347.779
-368.903 -469.72
-554.643 -534.632
75.593 -85.833
366.231 596.054
-62.824 -2.435
375.223 447.442
-392.612 -510.734
577.881 -288.846
798.694 -342.795
604.755 474.226
665.232 -271.198
423.979 510.614
-418.568 -601.589
-500.344 -453.503
78.425 -24.571
508.194 -353.984
718.094 -152.821
138.245 32.109
-425.926 -436.343
643.694 -308.525
-371.517 603.428
388.027 474.66
-627.158 -533.606
41.909 3.424
-464.016 508.121
-373.255 676.785
-405.336 560.849
511.087 641.267
-244.262 601.842
612.433 -225.04
-633.094 -592.383
-361.783 -565.142
504.724 454.67
-320.49 404.672
-24.671 21.316
420.681 408.922
-320.249 652.662
607.828 -362.306
-474.622 646.556
537.912 466.918
113.192 -120.982
-389.49 562.794
-44.681 -186.858
-461.883 -517.294
-393.344 491.475
408.576 402.351
475.955 362.135
-513.263 -433.914
-681.688 -524.778
660.013 -329.836
583.43 508.842
704.904 -226.561
81.634 -44.817
765.651 -316.79
425.809 593.417
-460.919 704.112
695.47 -230.636
-39.353 63.46
813.551 -285.146
-532.163 -359.9
-393.402 -416.681
-331.237 -390.813
-23.021 144.533
52.094 -69.532
-419.114 -493.168
-417.419 661.502
629.232 551.627
783.413 -439.013
746.211 -348.299
-147.727 -118.458
-484.174 -552.037
36.302 -73.693
-336.958 552.923
483.383 632.945
697.451 -206.538
-415.371 676.366
-613.539 -610.686
404.361 460.781
-521.2 -488.435
-545.539 -521.813
622.953 477.598
506.27 -257.561
757.988 -265.423
490.525 368.381
-395.173 695.753
-459.126 -431.867
-65.028 -31.534
525.612 470.492
-473.698 -456.563
464.244 487.903
-253.966 509.584
-27.643 -4.294
-416.267 -481.049
-423.57 591.041
692.366 -379.257
658.069 -486.03
-447.428 695.797
597.153 -419.724
-255.796 532.252
-416.201 796.576
736.213 -327.458
837.489 -282.466
675.884 -188.226
701.661 -241.426
621.372 455.767
656.347 474.024
-612.739 628.033
418.264 352.016
-374.607 684.517
-452.16 528.098
828.748 -277.233
12.277 2.165
608.772 -189.315
-369.045 514.628
-531.204 -667.149
578.928 -296.22
-62.208 -77.575
-601.338 -296.772
-528.151 559.83
-493.977 -533.279
-442.463 -433.967
403.852 588.906
-418.597 423.291
-429.382 -388.777
68.945 170.375
-385.544 -562.828
635.089 365.948
741.382 -287.973
-655.841 -467.851
-64.799 -82.408
-228.072 626.3
431.511 506.33
-463.972 750.87
752.659 -223.132
727.511 -269.357
666.191 -377.724
-1.546 -96.27
512.893 537.845
-515.674 -606.938
592.624 -266.992
749.25 -190.808
-72.098 101.993
767.099 -356.587
-349.954 474.02
-352.294 -567.276
-470.795 -316.41
533.58 570.468
509.902 391.959
337.683 494.843
-53.119 -9.271
738.946 -301.007
-592.694 -483.813
765.834 -248.22
-384.246 668.996
-427.727 -549.592
491.239 482.615
581.592 720.109
520.763 329.277
-427.021 -452.042
-386.842 -428.955
831.293 -240.539
-354.627 791.634
-391.566 641.371
652.147 -162.891
625.396 -317.308
637.298 262.904
317.815 645.794
8.598 65.015
458.67 439.907
-42.102 -33.85
-499.283 511.931
625.86 -378.166
438.276 423.477
488.009 495.381
-255.296 706.696
434.223 488.265
670.107 -222.206
5.632 -71.917
-590.261 -657.515
-479.361 -444.11
89.893 -64.637
-32.702 -127.072
-374.262 -540.572
-549.618 -541.409
786.741 -310.976
627.813 -354.756
487.463 598.633
-316.646 627.259
-339.976 566.618
-464.975 558.447
101.562 106.163
-488.196 -440.819
439.113 585.135
17.076 -129.911
-490.387 -442.565
-507.281 -421.199
-486.154 650.271
-198.887 -43.853
731.36 525.782
-583.612 -447.78
765.861 -423.572
684.945 -269.022
-5.207 -58.101
-236.533 614.448
-521.063 -714.19
528.685 495.928
499.932 446.371
36.172 -61.128
-1.378 50.332
125.11 7.305
495.172 367.407
-38.542 149.599
-517.066 -360.462
-524.771 -540.957
12.995 211.424
632.369 308.152
699.066 -203.05
68.655 25.645
-343.777 510.584
-99.029 200.059
-419.4 -468.458
-460.975 761.417
-151.882 15.197
-478.101 -428.349
529.248 503.581
801.902 -348.331
628.171 519.656
-584.504 -423.734
41.945 -68.115
490.617 589.161
-491.114 -488.633
-216.325 -58.353
77.326 -72.392
748.991 -233.626
642.386 -261.346
634.984 419.909
-545.329 -546.32
177.106 -29.006
754.539 -102.074
-77.047 21.46
768.66 -211.743
-423.794 578.747
776.407 -174.42
-82.473 -75.665
-63.346 184.289
-433.423 -596.049
650.551 -194.502
-479.718 -542.503
606.925 -383.459
-339.77 636.739
-460.065 -461.562
405.536 510.357
-498.146 -469.88
-482.629 687.55
545.493 531.023
656.114 -249.768
-481.131 -365.786
-539.323 -549.383
111.619 100.751
-138.37 83.923
-98.552 36.215
-431.174 -498.283
467.854 -208.883
-744.963 -515.891
-445.949 -528.663
717.796 -274.427
528.452 649.334
454.128 460.23
-407.968 -351.382
-354.601 -470.556
-319.494 689.761
340.575 502.791
-366.922 650.355
20.936 22.962
-569.146 -575.845
824.277 -299.305
806.599 -154.503
501.702 524.845
684.299 -397.686
416.627 308.845
-331.442 662.443
-652.035 -507.089
618.803 476.442
765.679 -354.234
551.065 451.734
-110.775 150.295
-91.371 -1.758
-315.475 705.606
181.808 37.772
872.644 -244.343
740.064 -297.671
573.859 473.73
735.865 -392.481
-353.075 688.134
70.566 108.334
657.215 -377.767
-422.757 768.067
502.882 503.274
517.277 589.926
476.375 627.719
626.239 -159.862
-292.829 -395.718
-495.741 567.036
649.429 646.891
-109.108 -80.527
85.763 -37.132
-500.122 -353.267
-509.975 -459.038
-573.955 -358.55
482.377 457.709
-583.548 -390.472
-34.859 74.267
58.016 80.518
-264.139 509.272
-457.046 607.623
-45.409 69.65
-526.8 -390.541
10.055 91.405
341.958 426.809
-107.181 -44.0
-297.433 446.535
747.744 -197.379
-332.29 548.592
-43.599 -62.529
-511.993 -363.567
402.204 578.826
498.506 472.306
-366.936 603.48
-137.682 -54.93
-594.108 -515.055
-332.88 557.985
-325.418 625.039
637.098 -313.3
592.801 302.044
0.776 -88.523
-447.641 -714.192
160.253 65.241
-429.443 -459.992
-472.17 -637.701
-422.765 620.228
-469.473 521.233
666.821 -244.782
683.566 -192.628
-454.136 611.89
-557.099 -455.648
-411.038 478.728
432.571 366.694
471.208 567.095
-525.816 538.877
487.213 386.841
434.003 513.886
635.239 -297.939
427.722 442.895
574.072 437.958
-119.762 -62.606
-620.401 -596.427
-373.839 617.856
-53.945 100.386
520.058 516.858
3.352 28.993
735.338 -275.906
-532.439 -662.445
-512.657 -482.161
-9.359 108.481
781.269 -353.478
-537.778 -404.855
467.013 566.826
491.802 653.234
-609.845 -584.834
-5.057 -93.111
553.978 -257.272
-335.786 662.944
38.096 -41.546
-303.166 687.035
561.556 350.458
-486.367 -634.721
452.119 602.224
530.543 523.787
640.292 477.147
571.781 520.182
-416.494 -541.702
433.678 463.585
532.342 485.581
737.833 -425.657
-349.654 541.886
571.639 472.735
-512.356 -576.43
557.579 403.933
-467.33 -441.584
612.622 407.691
766.098 -426.993
-454.121 -472.087
-415.408 573.842
111.746 115.477
681.196 -369.895
576.218 466.125
661.265 -373.413
567.269 434.622
-507.775 -472.161
-618.816 -420.457
32.474 3.847
-425.324 -476.578
-228.393 596.352
520.85 631.722
538.827 502.255
-360.16 617.098
-42.808 -86.808
723.502 -351.981
-541.889 -443.295
-496.405 -623.077
785.757 -430.8
-387.022 730.675
590.654 -331.329
-515.723 -619.755
-567.18 -473.414
-475.932 -465.454
673.814 -292.727
-519.932 -618.284
-580.922 -516.803
692.921 -212.419
638.323 -281.501
-361.147 485.557
-434.886 -549.679
-395.298 585.109
-355.693 -456.42
690.338 -163.231
730.868 -243.807
-506.666 -336.701
4.565 156.189
459.207 548.179
-493.5 -476.445
766.502 -245.465
436.412 523.489
647.261 484.44
-561.858 -418.13
-509.5 -378.164
771.683 -403.977
-11.224 -68.269
-426.944 -613.325
610.727 -466.941
-427.005 768.049
719.763 -403.238
461.675 501.108
-322.503 -431.64
-364.898 -488.81
630.255 513.589
595.437 353.224
549.539 469.424
531.051 553.099
519.744 466.598
-597.816 -449.986
-79.704 25.631
-350.825 560.459
51.719 -60.375
-65.141 -78.212
-388.64 663.267
-196.037 -125.089
-528.383 -551.623
-445.32 534.031
481.783 371.819
21.932 -18.39
568.223 -236.008
-130.407 155.003
551.963 540.86
-202.222 35.418
-36.497 -46.446
-454.996 436.685
97.805 -17.976
-436.583 502.392
583.707 174.375
-426.632 -540.323
-381.01 587.399
-429.25 591.682
55.793 -49.423
-559.18 -486.272
714.59 -223.271
73.806 -82.054
-419.47 564.063
595.616 516.211
461.974 710.335
566.464 601.241
417.247 532.834
544.29 -405.741
448.583 518.97
-231.041 681.026
28.269 -82.934
596.808 495.074
-421.802 -464.454
719.041 -364.869
-377.824 734.195
192.969 83.903
-397.64 570.785
708.265 -346.69
-501.336 -434.079
720.552 -333.469
528.098 608.474
-59.838 -96.95
636.004 -308.962
-554.812 -436.07
-493.543 -477.015
513.437 430.19
820.043 -374.18
-440.514 635.037
-610.73 -515.647
456.096 410.927
696.371 -392.243
532.874 384.012
837.259 -337.455
-21.774 -201.383
-419.341 -442.98
-4.929 -25.838
-82.158 -67.282
-515.775 -519.051
-519.084 -504.832
102.898 41.052
6.482 24.477
-101.189 174.131
-326.637 709.27
431.646 399.924
-456.03 -467.104
-530.335 -604.856
54.502 5.349
-0.558 -67.129
475.594 448.138
706.085 -350.022
-355.124 562.745
782.362 -292.764
-498.575 609.458
66.884 62.484
-558.748 -466.54
800.025 -290.401
729.999 -256.232
477.927 594.082
-455.461 -413.248
367.119 514.689
-44.588 28.802
667.593 -241.453
49.907 118.591
787.116 -350.851
-172.587 -113.147
-79.941 11.097
-404.757 497.799
-508.347 -385.674
5.29 -18.982
-91.96 -59.908
726.74 -366.405
-250.644 662.227
618.918 -299.528
-516.7 -551.573
-445.442 -555.068
86.367 23.245
-18.358 -37.663
-410.851 527.89
-101.941 2.049
743.487 -370.372
-514.455 -569.46
532.528 573.783
388.161 469.48
-603.614 -656.298
423.074 536.494
-103.182 78.786
-513.995 -426.885
-454.083 -486.703
-452.289 -553.327
-464.139 -496.026
-5.091 -105.138
387.275 553.497
34.05 62.444
-342.128 542.415
650.52 -263.777
685.318 -267.268
70.947 22.602
-459.484 -482.992
650.185 -434.618
-352.497 560.437
758.372 -353.203
-271.345 725.313
517.192 574.885
741.947 -287.079
-433.086 678.241
516.521 600.848
712.984 -225.218
676.561 -163.078
830.387 -369.695
-514.434 638.709
-410.252 587.352
-367.247 -595.78
381.316 401.174
-467.803 739.683
-402.833 -439.114
48.036 134.519
-431.495 -498.336
-12.16 -19.32
-417.67 645.786
511.776 515.11
650.374 -219.583
460.119 504.059
-340.812 -496.821
632.921 422.529
-357.424 639.188
707.197 -321.018
718.822 -202.501
583.594 566.468
46.031 122.618
-437.508 -601.735
-502.157 -503.95
-493.656 -553.972
10.064 12.816
67.062 -13.461
529.461 646.209
576.534 369.067
126.32 -114.639
148.402 101.457
-546.756 -484.144
-25.887 -14.849
-513.47 713.626
-483.869 519.453
537.089 666.996
532.766 441.243
-312.17 692.072
801.944 -346.951
-573.738 -595.964
-191.428 -29.574
0.534 106.456
721.134 -183.023
-670.02 -567.862
483.829 491.738
496.664 513.731
-560.427 -432.477
-387.483 579.756
-487.665 -349.844
-441.541 -520.056
566.372 559.049
585.71 -357.255
405.447 444.035
114.412 122.421
434.91 486.47
671.579 -282.484
-30.921 -89.601
818.252 -244.598
846.038 -349.581
44.685 80.3
-453.524 627.613
-433.348 664.804
644.015 -338.564
820.807 -212.391
-500.271 -499.753
211.73 125.873
571.305 504.011
-78.599 31.455
530.553 481.071
-458.09 -400.81
-570.06 -402.287
565.115 -247.506
623.372 -223.045
45.101 -106.218
-509.022 -516.669
-551.685 654.804
-407.922 620.698
-484.812 569.984
-515.058 -454.069
656.54 -210.772
476.666 592.151
-234.3 539.447
-523.161 -459.893
25.169 174.129
92.851 -30.829
62.479 2.636
-102.63 33.195
-0.606 -56.912
776.974 -381.871
641.154 -404.472
462.36 311.741
-424.414 493.606
689.499 -259.63
-313.702 601.016
-586.355 -413.641
-415.66 -557.3
-446.315 613.967
645.287 -367.277
-344.647 552.235
-239.184 719.217
-42.706 -151.455
-632.059 -502.346
536.24 577.772
-502.242 574.768
782.61 -283.806
-412.323 626.466
544.889 -175.205
-382.631 443.217
498.315 492.669
757.543 -439.71
-483.957 -434.594
-319.579 486.875
507.804 625.148
-435.903 -501.679
-590.091 -476.737
-516.178 601.703
870.984 -352.066
928.559 -296.131
-337.418 532.722
465.531 433.305
-545.407 413.237
-13.927 -11.845
149.179 -54.484
-73.604 33.706
531.083 480.846
-47.679 -75.412
346.404 622.399
-571.653 -573.939
-626.13 -744.508
604.158 -339.094
-367.027 -447.59
-636.898 -392.622
-412.553 600.82
-432.243 499.129
732.709 -453.6
-380.227 581.113
-50.889 -143.43
-445.969 -436.94
686.917 -392.321
143.593 34.846
714.125 -422.722
749.163 -235.193
-478.855 -451.64
-291.783 665.41
80.619 -39.109
-438.399 -684.711
698.889 -379.496
687.568 -315.332
496.966 541.495
431.121 581.034
673.685 -372.137
-460.581 625.881
19.245 200.379
-315.207 618.407
831.352 -230.828
-523.407 -516.784
382.559 470.123
-474.276 -469.599
111.698 -58.463
788.14 -364.946
-582.226 -545.963
752.353 -257.327
34.77 -80.704
626.315 415.129
4.72 -38.314
664.108 -129.512
-519.592 -478.962
-576.949 -459.46
-399.88 629.597
-3.032 88.817
415.285 592.713
595.187 538.28
674.933 -339.201
783.372 -136.025
540.638 522.559
474.98 460.762
87.534 -36.869
665.961 -279.778
755.234 -377.157
538.577 541.65
65.88 -97.28
-617.66 646.705
-451.693 -517.916
111.424 -68.026
-528.37 -512.538
655.403 -417.501
-521.293 -569.025
670.72 -172.281
499.236 420.317
411.09 614.042
-619.888 -483.768
-84.382 96.064
768.688 -283.695
-442.252 -554.633
424.115 413.768
-626.706 -558.447
-423.407 453.588
407.235 550.629
-496.543 657.541
-495.329 615.994
-548.202 -633.695
-404.731 786.044
-44.561 -61.805
96.585 -51.526
-626.34 -529.508
680.738 -183.04
553.925 531.14
-9.643 -34.137
526.565 537.47
428.402 426.694
-426.655 -475.527
-230.036 559.294
-419.102 -499.129
478.837 481.313
566.624 410.177
-411.844 580.336
-465.309 -575.321
817.577 -274.569
109.069 -18.985
-63.38 67.787
564.349 -171.682
710.143 -319.75
501.761 483.83
-342.106 612.746
673.503 558.844
-500.267 -493.989
686.083 -427.988
680.594 -231.022
803.211 -324.67
551.288 475.356
-97.091 -146.342
-36.496 95.042
-41.092 161.379
-442.463 674.44
-41.942 -111.175
-92.438 -9.829
-33.639 -103.279
-574.905 -478.798
-299.24 695.794
-462.421 -499.123
417.152 418.19
104.833 34.621
-325.69 487.66
-466.75 727.792
-562.008 -633.536
23.5 119.476
-405.735 498.485
-631.993 -605.993
-475.296 -344.716
-482.76 -560.333
-565.647 -439.365
776.911 -252.364
451.657 574.517
-270.236 635.423
848.853 -262.798
-50.142 27.069
-383.161 503.24
55.682 32.717
730.6 -366.128
-592.664 577.284
-461.321 -561.333
122.162 71.616
-547.962 -568.417
-693.181 -495.16
18.616 84.552
523.048 -281.133
718.577 -344.488
44.072 112.374
-178.505 -148.519
627.558 538.997
-379.363 594.42
611.858 546.052
-532.012 -626.066
677.1 -276.729
-15.748 64.184
682.685 -312.547
16.484 139.019
541.973 475.937
-40.82 30.469
-418.856 613.462
771.205 -187.21
-30.717 -28.919
545.813 447.403
15.337 93.716
649.128 -296.494
666.728 -352.764
-448.652 525.439
711.208 -195.127
-498.674 -613.414
-283.727 692.875
775.923 -299.224
761.495 -374.883
-421.382 -489.259
716.294 -323.427
-349.093 647.493
-511.865 -491.164
116.154 64.337
-179.163 -1.83
-452.76 640.655
349.946 623.765
-531.484 -616.936
-486.585 -377.846
-393.592 -331.938
-32.249 61.23
-70.33 28.895
-455.262 629.824
843.214 -316.168
-431.064 -464.995
41.285 -132.457
499.529 548.092
-531.277 -536.338
710.77 -174.725
-375.601 676.982
523.687 500.746
-290.858 766.283
741.877 -345.453
-28.931 -5.397
435.549 637.312
-379.58 -405.647
-531.567 -428.151
-500.246 -500.671
-662.943 -533.156
680.7 406.128
-507.778 -490.03
102.967 -9.994
-406.21 615.174
-70.634 -148.17
-638.273 -547.732
-456.573 -489.173
751.58 -353.236
-425.353 688.152
-451.694 -352.971
-80.373 -69.98
535.364 436.846
-470.513 478.411
1.419 81.727
-588.363 -452.708
547.541 495.387
547.523 468.16
-91.526 -21.89
-258.491 645.469
-379.423 715.014
-631.694 -406.017
50.126 -164.102
-536.09 -423.891
-493.369 -420.077
-424.079 569.662
-42.309 39.653
638.009 -303.525
616.535 532.903
-639.146 -374.853
-214.366 612.318
725.592 -369.03
546.495 492.967
-27.766 -38.01
69.61 25.756
-152.192 85.359
-353.136 657.783
705.102 -331.02
1.701 62.161
584.109 569.572
-307.965 582.9
394.814 437.889
-430.6 525.555
670.925 304.19
375.865 480.938
462.622 549.544
-158.126 -71.981
-471.2 612.607
-131.624 -59.27
693.705 -345.55
-81.076 -75.117
636.426 -217.423
-112.917 135.17
559.154 477.336
540.623 526.382
-492.25 -504.37
-578.37 -501.254
660.422 -285.37
-573.949 -353.427
551.743 493.27
100.371 -35.608
-573.482 -518.727
-473.975 -598.075
40.612 61.302
-471.437 464.374
-511.104 -606.416
-422.535 651.643
468.127 456.184
-408.931 550.295
619.985 -166.528
-563.727 -544.214
659.002 -247.924
-570.828 -491.794
784.381 -418.464
-106.568 46.235
661.486 -347.596
506.916 655.067
763.401 -304.656
-564.844 -451.893
737.684 -274.801
-625.272 -519.681
827.623 -265.09
-418.785 497.742
83.647 51.7
-459.378 723.909
-421.242 -402.746
-74.124 90.407
542.817 574.751
-342.761 625.541
-475.226 775.894
-130.44 -59.351
-105.314 -5.03
3.802 27.13
814.971 -312.821
774.561 -250.491
-243.383 648.789
-52.223 86.124
695.743 -238.028
796.486 -300.159
37.734 -103.183
-73.511 93.476
-521.515 -327.926
-473.594 630.794
667.611 -386.371
421.669 513.516
88.729 -23.659
-404.035 669.708
-1.712 37.098
776.665 -260.254
-117.009 30.157
642.57 -331.698
-483.429 -460.27
656.797 419.231
662.989 -247.8
-295.517 579.565
400.527 483.166
477.326 471.569
387.215 433.865
97.18 59.56
-497.077 -670.444
-500.968 -439.246
477.794 476.679
61.321 38.359
830.943 -160.609
-363.569 614.416
464.481 429.81
-525.147 -420.119
475.887 495.938
790.41 -262.86
91.194 3.312
507.5 426.214
98.651 -90.924
654.673 -231.041
723.752 -359.611
-479.702 -444.466
151.367 -148.814
-364.812 587.489
-507.421 581.955
453.888 452.856
-402.735 392.976
746.957 -309.309
-384.194 -519.654
610.943 468.974
-81.352 -46.976
569.688 347.959
-504.184 593.8
-366.854 660.462
-33.581 -67.557
-414.883 658.674
-504.356 -345.935
-500.098 -469.72
-265.109 692.132
-360.037 596.084
19.118 -8.192
591.66 522.238
-385.173 660.585
-523.006 758.019
458.444 544.697
92.55 -102.553
552.242 607.015
715.797 444.89
-594.258 -379.257
-425.273 649.984
-598.811 -497.354
-187.526 35.256
93.022 31.399
571.916 -304.623
-448.22 655.734
-402.592 530.339
512.139 477.968
359.754 445.393
505.454 601.063
-44.262 79.639
651.733 -237.996
155.756 -34.706
-132.123 -20.412
-451.467 515.851
675.159 -205.681
688.762 -197.61
65.139 19.813
-495.642 -424.414
-527.839 -511.506
-436.415 613.581
730.658 -527.758
-10.483 35.415
307.421 396.99
-396.969 -496.138
351.035 556.047
352.739 551.435
-551.81 -561.238
-353.57 439.825
430.173 474.93
18.968 177.151
554.735 414.594
-388.572 495.364
483.183 495.508
460.592 544.971
531.247 580.404
768.331 -345.968
393.203 395.199
-573.436 540.002
729.438 -259.369
-250.916 528.822
34.859 135.338
-520.214 -444.756
606.028 466.764
126.511 89.111
617.95 -172.781
456.238 577.075
698.187 -304.401
-438.485 -601.65
762.312 -254.965
490.208 424.855
411.993 437.828
523.106 441.126
424.73 570.007
488.488 383.706
573.9 459.974
-564.235 -519.052
-85.129 58.058
570.95 -337.742
-121.667 -85.838
-46.63 -62.384
438.291 540.337
732.679 -277.697
608.097 470.13
-441.485 615.533
-428.888 736.085
719.269 -349.825
120.377 2.743
-453.463 -389.93
-502.835 -479.514
821.146 -226.025
638.352 -271.647
449.828 494.761
496.747 576.506
-402.608 505.836
-558.171 548.819
-294.92 485.865
-122.688 102.178
477.927 470.799
23.387 176.737
-7.26 -11.772
399.804 553.351
538.686 -253.033
518.022 535.28
-346.225 614.206
-177.015 624.48
21.122 -54.038
678.649 -168.01
764.907 -261.682
392.459 503.898
456.808 376.271
-70.0 -109.377
3.64 133.126
740.562 -402.616
-468.329 -586.618
119.994 79.16
540.308 383.311
369.156 393.293
-472.857 619.161
543.957 572.584
-416.184 560.135
418.226 456.14
-396.438 -542.146
31.166 1.244
812.803 -437.225
-3.801 -39.921
637.155 484.634
-325.296 492.484
-284.648 607.669
429.287 610.8
11.843 -95.614
-450.285 -523.62
822.731 -312.235
407.668 511.878
511.062 642.338
-113.97 50.061
-449.925 576.068
734.378 -154.466
767.635 -262.072
-548.111 -526.469
-1.503 -29.049
-338.272 564.866
785.854 -370.348
-2.536 55.729
3.025 60.719
-108.962 88.011
689.077 -298.164
822.885 -391.52
-486.201 -422.204
-33.678 14.969
114.164 -43.013
660.602 -328.275
-479.093 -423.101
-373.834 -501.481
-107.873 -117.585
-540.647 -598.019
-547.74 -613.951
-549.072 -603.145
-363.598 562.297
815.069 -323.153
567.797 471.206
437.149 482.792
586.266 -450.125
-599.249 525.687
723.223 -258.398
-316.985 600.525
-415.922 -498.322
-445.896 -476.613
-334.855 603.167
890.676 -337.219
509.872 -293.299
739.523 -425.883
671.023 -423.007
-247.666 523.814
770.103 -263.11
409.014 651.81
443.308 485.143
677.423 -236.433
259.377 433.616
-377.201 506.806
411.824 580.766
48.69 84.334
680.328 -172.716
444.362 618.714
602.251 525.605
-308.328 622.49
848.777 -334.919
-351.517 622.172
-606.922 -523.435
55.05 71.423
-429.667 727.104
444.61 298.202
618.264 488.538
-117.059 536.256
481.927 429.505
-72.017 59.774
793.413 -275.374
525.868 500.518
-537.002 -473.527
-485.392 -586.123
550.59 -199.467
-427.223 -496.195
-309.304 512.06
-41.569 94.741
-348.336 732.992
-323.684 617.761
-10.96 -5.331
-491.737 -709.458
386.475 501.896
-33.804 3.339
-558.057 -366.369
643.663 360.912
500.359 480.842
-459.544 -502.742
-556.732 570.264
-632.51 -586.025
-453.585 542.86
-547.944 -355.223
63.206 101.72
-556.391 723.264
-562.164 -455.843
615.093 -283.586
-580.178 -377.783
577.927 461.852
-542.146 -455.682
-208.837 685.653
-502.264 635.173
589.935 468.711
-93.402 -5.756
-430.199 681.454
-472.559 -485.43
118.385 8.75
-433.125 -444.23
65.99 -105.5
38.249 -73.345
-319.225 511.881
8.44 -39.318
513.197 507.365
-480.049 -550.31
42.139 -87.371
-459.504 -533.132
-471.896 540.371
51.784 55.1
585.208 559.235
356.256 465.099
544.428 387.279
-556.155 -536.222
-417.985 605.218
-2.473 -12.619
806.642 -152.521
46.503 -38.354
709.598 -402.4
-366.2 -602.449
-478.653 -391.307
498.834 382.319
701.044 -173.493
39.918 55.377
-6.51 -105.368
448.026 465.066
966.219 -311.544
517.235 712.92
498.756 420.689
-375.329 633.218
631.432 437.858
690.294 641.725
-383.212 679.147
577.338 -340.633
-503.569 -520.839
22.207 74.113
-400.125 554.26
-374.204 -380.673
4.58 -134.685
559.756 528.445
-403.679 680.818
393.745 434.805
8.562 71.9
756.945 -218.323
-473.258 -561.044
-301.765 636.851
-459.591 -677.876
475.171 538.394
-590.024 -626.282
740.643 -366.602
731.751 -249.732
562.542 385.403
677.307 -370.699
48.78 45.061
653.358 -356.085
-378.628 650.443
-403.078 -564.369
-421.289 654.362
498.973 547.873
-554.441 -491.981
486.318 543.709
622.917 -265.113
775.306 -332.715
-69.633 36.76
418.114 430.133
-325.426 642.098
-609.536 -459.285
43.693 -27.291
-471.663 -450.307
588.437 572.613
-364.248 620.891
-367.537 719.078
101.439 48.381
687.331 -357.367
5.62 -40.627
-528.341 651.022
-540.378 -526.722
-506.947 -575.05
536.64 461.805
-298.913 571.793
593.043 561.287
-37.963 6.183
487.798 510.468
-549.578 -644.845
-556.502 -491.378
-74.163 73.509
-517.636 -541.202
-29.142 -138.765
44.404 23.773
-547.243 -383.149
617.009 -355.319
-336.939 587.036
413.415 436.504
-193.242 591.071
166.917 0.939
612.902 604.929
-420.561 -444.124
-420.73 -452.218
469.21 476.32
-36.889 -105.896
722.082 -406.325
103.489 50.413
-474.618 -696.961
-599.011 -437.024
-344.495 480.556
-573.319 -603.976
641.614 -356.114
400.284 483.554
605.054 412.327
-453.086 -520.926
732.204 -96.889
615.482 412.748
-434.867 532.823
-499.002 -430.939
-362.287 -476.54
-519.899 -435.264
-312.682 591.081
105.204 -128.604
-85.149 46.973
-533.345 -397.873
456.188 547.138
-558.525 -470.179
-288.105 522.237
432.337 493.487
-583.927 -279.563
706.272 -315.027
412.986 632.064
522.102 566.871
-484.117 611.533
788.721 -353.336
-560.571 575.347
726.114 -402.291
477.184 588.579
603.12 -215.755
472.272 638.786
507.872 501.563
551.573 489.606
-343.29 663.069
-105.223 60.057
607.681 -294.911
-487.497 -434.596
-597.963 -384.167
-427.582 -500.541
635.589 -264.014
592.818 418.148
-371.13 579.622
-339.036 547.793
-179.9 667.673
115.499 -93.548
623.553 -287.387
-405.25 -434.119
674.743 -243.976
-419.374 538.898
-5.622 194.062
95.808 32.197
157.011 49.658
534.307 507.331
-508.045 -519.922
625.668 558.197
-470.197 629.67
705.273 -320.568
-457.151 605.703
560.127 -361.188
568.814 545.443
537.601 377.422
-696.916 -392.384
677.678 -219.32
565.32 510.254
-54.517 -136.424
-69.987 41.285
-463.278 486.52
129.424 136.039
547.799 369.328
-423.421 636.357
-617.745 -532.701
517.339 464.402
13.294 -62.043
-596.886 -355.338
-524.557 -433.797
-130.693 -57.753
15.074 46.765
-10.927 125.003
-422.358 -498.711
-518.516 -437.997
-430.434 -499.283
-473.689 464.997
233.095 -29.334
499.765 538.277
508.645 412.923
693.818 -363.056
-459.444 534.854
-28.761 -142.867
-14.756 24.607
684.996 -346.35
-313.305 729.126
11.346 93.606
-461.709 -438.226
697.538 -309.892
524.033 530.666
-242.913 547.519
-490.762 -501.309
627.124 365.292
750.581 -343.586
193.29 -12.948
-403.785 -647.521
705.841 -321.201
678.338 -398.525
-286.401 493.243
-367.404 576.079
-467.144 601.985
-444.373 -491.646
-419.048 694.32
616.378 427.632
-106.591 106.15
-376.138 711.234
830.429 -356.457
-263.652 725.395
435.872 500.52
-531.21 -395.48
-360.74 -553.208
550.454 465.857
-229.929 780.877
677.467 -364.299
507.799 534.133
-440.36 605.529
-418.895 496.954
639.947 370.98
-315.66 427.661
-27.633 133.668
-466.76 622.353
-418.093 494.971
-472.958 517.571
147.214 41.587
504.339 618.504
-576.414 592.896
763.142 -165.62
709.486 -182.303
-74.755 28.969
14.341 47.711
673.305 -299.506
409.373 557.851
-518.42 -449.753
614.144 -295.352
-492.342 -522.061
328.066 405.339
777.559 -248.299
53.388 9.743
503.142 534.885
561.495 477.801
-552.668 751.187
705.41 -325.04
-437.435 -488.282
582.937 593.796
776.509 -195.196
39.955 -23.254
-310.247 785.383
741.117 -130.173
-502.168 529.491
562.271 -169.756
36.813 -121.292
-593.715 -504.614
669.016 -390.194
-78.02 -19.433
-556.941 -507.861
807.328 -442.859
442.796 412.874
-541.399 -484.186
-517.567 -456.293
37.872 81.599
-326.949 -379.615
-411.543 -526.865
-622.008 -691.966
-487.291 -616.486
722.929 -263.115
-456.168 592.68
548.721 -393.538
486.843 568.443
-538.806 -477.798
-110.448 16.256
421.481 452.633
-317.05 573.698
-566.964 -664.177
784.682 -129.738
101.966 -49.391
-441.774 721.135
-541.922 -622.505
-9.458 52.669
-39.082 -107.777
-467.601 -622.829
-51.858 -14.474
-45.212 -3.939
500.482 589.901
-392.55 680.976
23.65 -20.268
429.54 441.963
-497.65 -443.587
-397.904 -600.819
620.116 -251.716
679.391 -243.837
727.968 -307.927
839.94 -309.774
-608.73 -496.371
-437.608 632.139
-490.559 652.932
40.922 72.061
-437.643 591.612
-478.401 566.023
-193.129 608.046
104.011 -225.451
888.749 -196.517
-426.258 -466.72
635.99 -264.224
-359.979 569.287
367.535 475.064
-410.829 616.97
452.198 495.255
68.256 -21.419
-325.501 642.286
-428.941 -568.205
11.581 -152.532
-348.689 535.534
693.669 -258.128
-344.568 807.327
-430.127 423.158
751.722 -249.671
-558.303 -337.561
751.117 -427.772
595.563 -439.043
-360.241 622.912
-18.778 -9.64
-91.216 69.719
784.113 -403.406
692.715 -307.84
653.162 463.127
-477.743 637.243
753.615 -307.003
711.542 -136.725
469.652 512.872
-543.329 -472.225
-494.279 -623.543
-418.178 598.533
44.261 34.612
680.766 -341.754
-508.501 499.224
-567.853 -400.793
471.5 371.783
-436.31 648.453
608.487 -286.234
-635.203 -503.546
-553.755 -437.66
-291.928 615.396
-433.985 613.224
-469.72 533.684
473.361 566.397
-467.338 -437.405
-451.521 -378.877
-14.997 -16.26
478.082 441.346
-221.801 568.09
-347.49 647.425
-472.352 640.186
632.701 567.905
658.466 -160.568
-321.127 587.579
162.73 -23.128
-481.368 476.445
-5.799 80.429
687.533 -173.372
-52.752 -90.54
746.43 -334.174
428.487 494.223
-397.466 -438.664
392.981 426.546
427.141 529.001
-278.055 542.975
-466.212 -557.597
-537.121 -583.413
-443.008 578.993
-442.168 -517.007
534.446 681.239
737.656 -230.926
-355.398 384.203
492.679 672.321
740.185 -236.72
824.503 -123.469
65.351 -132.522
-134.629 -44.599
44.485 10.248
-534.394 -410.758
-649.171 -582.847
-391.254 523.774
74.574 -63.592
760.723 -271.975
33.472 -172.981
437.276 511.485
-1.304 176.98
-527.599 -517.197
-410.369 -477.09
436.158 601.741
484.519 454.656
72.906 4.019
-615.818 566.315
474.138 533.041
33.399 19.465
412.819 388.593
519.23 458.551
-601.241 -641.406
41.071 -55.139
658.861 -282.25
-89.165 0.467
807.811 -297.736
-449.634 526.586
461.93 595.804
-545.397 672.295
-406.07 560.261
-359.624 513.209
11.318 -103.28
669.348 -358.762
-582.369 -484.188
-420.029 695.31
-430.45 -351.836
-290.904 441.258
710.994 -339.124
440.028 476.918
-517.543 550.203
-480.382 521.719
-434.638 623.963
402.018 454.417
735.28 -293.986
648.209 628.18
-431.925 -473.95
684.267 -145.397
-412.503 727.124
388.946 515.552
32.099 66.147
-462.768 -380.799
46.597 -64.524
95.242 185.491
-585.803 -491.402
-531.76 -586.874
-493.775 -398.52
559.755 -361.371
698.058 -290.282
-512.523 -570.172
-584.732 -579.581
-33.419 125.819
554.283 470.417
40.735 -62.64
568.351 -240.602
-278.198 410.709
603.123 610.446
667.444 474.208
636.364 341.484
-298.843 660.968
-21.461 113.551
573.756 482.535
38.081 32.379
782.646 -346.858
-368.504 -468.945
668.653 -230.416
-67.504 -71.866
234.484 552.392
1.947 40.795
392.169 496.189
-446.329 640.343
560.617 565.626
914.519 -233.009
559.613 -301.882
-347.412 595.411
-411.778 -518.897
-375.901 614.226
556.309 470.402
160.11 28.58
-252.017 576.472
-429.438 603.353
-6.21 2.65
-445.262 555.654
-246.219 530.736
-576.659 -564.695
658.957 -244.255
-483.511 -598.135
74.124 119.378
-23.127 3.219
-332.382 -555.037
24.521 -47.341
-355.263 -518.235
335.188 633.968
796.931 -280.829
-28.637 29.756
609.121 -357.64
542.434 480.077
657.81 488.444
-440.592 -457.062
-428.305 -492.011
641.198 -276.083
-117.371 -5.711
486.603 467.042
734.068 -344.335
683.51 -428.348
34.111 -18.715
-67.977 -86.649
-457.907 -596.341
606.83 -299.051
639.987 -190.824
64.996 -10.432
-478.973 674.872
-502.201 -520.344
688.729 -371.716
-178.494 160.602
-545.897 -534.126
-101.658 -90.453
-393.98 631.59
-18.463 -99.44
-127.017 -45.529
-534.688 637.964
694.851 -332.367
-328.534 616.94
-473.89 -529.208
-25.829 146.824
-474.981 -575.767
799.54 -176.892
-491.983 -661.012
686.118 -209.152
679.493 -278.868
726.717 -199.413
-465.913 -467.112
50.637 -124.65
45.797 -105.613
550.905 -215.872
-438.315 -497.245
609.122 570.64
-266.148 682.237
-499.704 512.106
-36.982 -34.902
706.525 -309.771
537.742 -274.737
718.441 -236.999
655.462 -323.353
566.107 -300.72
18.254 139.837
-412.245 608.845
869.696 -308.239
-356.238 640.953
-525.463 -427.937
687.323 -317.058
-417.152 603.918
-333.973 699.703
-565.342 -377.125
577.879 -179.485
-436.983 -510.504
-480.754 -619.053
685.735 -254.168
700.839 -160.606
-489.235 694.668
-485.564 -558.044
-501.022 -477.122
443.845 509.439
800.447 -245.44
462.098 431.484
-599.708 -515.389
-477.267 633.548
17.554 99.636
650.852 -229.542
-550.706 -332.229
-353.714 624.789
713.937 -253.239
-370.028 -479.767
644.768 -287.308
720.661 -266.428
726.534 -418.662
573.417 323.257
624.024 421.051
537.826 507.417
-471.694 -534.259
-462.23 -496.56
71.18 30.839
599.174 491.417
606.062 514.331
458.725 378.923
-420.47 547.982
-442.453 -504.798
645.95 -274.262
-611.608 -577.12
710.39 518.583
370.783 457.14
-541.687 -440.553
-519.585 640.071
-559.68 550.768
-384.139 540.137
498.731 396.079
309.88 495.524
518.133 583.412
436.789 461.433
-443.795 608.188
-632.49 -434.265
-446.181 655.015
-467.854 -489.78
-72.386 183.709
-318.077 595.841
650.564 -357.999
57.273 160.971
-469.043 -746.091
17.186 -42.082
-91.615 -53.595
-108.306 -49.532
-443.316 -583.772
-324.725 526.684
555.895 543.029
-314.532 572.477
508.681 469.975
76.302 94.777
-296.901 627.933
768.945 -468.443
-333.392 564.035
412.718 527.649
463.085 468.132
-527.888 -537.245
-458.727 -595.064
450.358 490.604
479.484 555.055
719.751 -247.399
552.851 385.349
-505.193 -459.248
64.517 -42.677
663.161 -448.188
758.7 -297.338
627.976 -357.053
545.85 461.315
-46.308 61.093
-12.708 -23.766
772.987 -419.831
-2.904 42.62
515.302 483.882
-492.607 -443.414
-497.634 -429.525
612.332 449.05
505.561 476.023
724.112 -315.361
-263.032 -448.743
-284.134 591.522
-53.886 98.842
-282.039 528.518
309.666 613.028
104.494 -56.703
64.447 -114.906
-268.603 553.252
595.732 455.291
635.153 557.734
466.492 399.8
577.268 574.862
600.606 508.93
-2.835 -77.465
550.553 -233.367
-419.512 -455.55
452.191 414.595
772.527 -318.08
513.415 421.538
704.645 -485.731
77.793 -158.44
100.903 3.857
-508.303 559.751
-301.6 631.833
511.564 483.581
-499.017 -456.127
-522.972 -541.667
605.679 431.024
876.744 -328.183
726.306 -486.961
-483.85 578.312
-263.629 620.671
-512.096 -496.28
-453.06 -640.137
-166.628 -6.673
701.198 -298.54
-569.017 -450.981
750.166 -242.34
-355.416 -599.251
601.71 -470.562
870.351 -293.58
97.884 34.647
-327.626 593.431
-466.835 647.757
638.677 -285.827
584.906 396.888
-428.245 573.235
710.081 -244.649
554.231 426.621
-446.706 490.165
108.334 -68.182
-583.513 -473.41
-365.69 625.474
-399.572 -619.486
548.068 525.274
720.502 -259.802
-82.835 20.178
572.582 496.71
587.281 456.159
-466.691 -770.711
587.271 -261.148
-444.149 -396.547
-293.044 679.457
-476.985 658.425
-386.769 644.962
414.366 388.68
-357.086 806.003
747.756 -309.512
-476.654 -448.47
559.781 -169.208
685.587 -279.372
-604.034 -704.118
507.631 593.879
665.861 -254.889
-316.0 684.663
383.18 643.999
-582.161 -395.273
7.55 -117.479
476.913 592.268
16.376 -77.253
-546.495 -704.074
-466.076 -634.236
-494.91 -508.658
646.48 -124.867
-598.416 -553.862
25.688 10.433
-287.108 634.871
-365.471 586.863
-91.519 -12.413
-374.989 477.975
540.313 624.573
-103.45 -0.477
-633.39 -574.934
-544.71 -564.596
698.239 -326.617
-490.247 -363.977
-488.817 -661.312
534.97 659.678
552.835 440.189
-307.777 535.967
489.903 464.187
449.897 497.806
-367.168 625.142
-481.633 -553.112
482.664 487.735
651.128 -385.871
-473.246 -586.841
-249.164 614.327
-115.14 47.239
-433.798 601.909
-12.645 155.833
-370.895 719.995
-1.327 39.96
30.8 -19.514
721.773 -268.845
-329.545 684.15
-55.546 26.984
55.074 33.844
-464.019 -480.178
376.776 450.508
-3.285 5.553
83.819 81.429
-45.843 109.119
-447.416 616.099
688.075 -400.436
575.935 380.759
109.304 23.67
-461.505 715.585
666.861 -514.501
-374.166 544.123
660.319 -339.821
-510.291 -566.087
-583.251 -529.142
696.749 -390.93
-49.533 -190.252
636.067 400.637
722.656 -172.801
62.97 -67.578
471.25 472.994
638.515 -271.785
577.417 -279.944
750.162 -172.789
677.572 -309.708
834.148 -258.531
540.787 442.681
-420.514 514.85
-321.031 538.969
-556.811 -496.608
-364.747 464.198
-428.414 719.632
675.968 -291.249
-287.634 602.028
-301.689 -446.827
675.333 -337.042
-610.82 -682.174
523.506 -216.244
643.626 -297.393
638.597 -125.647
-521.844 -585.382
568.868 352.981
653.928 -395.379
-490.644 784.903
-77.242 35.047
-469.156 -491.878
-537.855 -381.136
681.987 -166.617
-495.641 550.582
495.291 611.108
-330.922 640.423
329.715 412.362
-33.638 55.154
-4.344 77.172
68.693 70.899
17.886 -2.997
479.37 464.333
-487.642 -365.553
-34.047 64.056
-40.654 -73.134
-246.358 650.231
568.975 501.314
-354.695 612.351
754.613 -293.705
471.25 584.577
600.033 488.178
431.298 578.02
-446.111 -386.186
-381.942 600.166
438.657 480.473
-362.126 497.477
121.433 -9.413
646.354 452.434
483.992 507.565
569.011 -107.452
-419.273 753.591
-524.258 -602.584
-446.522 -651.008
534.107 481.943
622.474 391.702
-560.297 -673.415
522.709 570.694
-395.504 530.527
495.456 304.945
730.914 541.39
-435.06 651.041
35.827 5.889
561.769 374.464
456.787 511.559
-401.634 619.562
-420.206 -495.688
791.197 -494.431
27.274 97.211
-492.868 -477.508
-28.923 181.533
-460.595 721.886
-552.417 -512.615
-39.517 -145.1
-445.825 711.37
-510.394 682.92
406.936 573.598
691.158 -263.517
-88.025 -33.083
492.378 490.5
448.063 465.714
648.566 -179.111
-393.429 -566.68
67.032 -16.485
492.01 455.901
544.561 396.638
791.748 -389.037
15.61 31.6
-477.447 -619.125
563.63 604.151
99.171 -68.937
-361.624 535.01
497.799 585.88
-544.235 619.839
-495.71 682.788
554.215 495.321
553.5 445.299
-589.781 -515.668
751.539 -337.099
72.772 -38.162
483.902 436.552
731.985 -223.176
-386.164 591.561
-493.419 -405.217
708.643 -385.213
-367.914 -514.069
-378.842 590.837
-0.914 -77.331
11.713 -81.446
499.532 556.75
-338.053 575.223
8.972 75.483
518.018 -319.39
805.653 -259.975
-71.637 88.103
402.563 513.084
-434.292 -539.914
611.631 462.299
124.414 -10.377
70.459 29.548
443.289 615.302
653.59 -248.837
50.852 9.595
533.074 561.022
631.019 555.562
446.554 431.775
-348.876 -513.109
379.756 418.996
8.126 -94.202
-443.052 -565.625
-535.065 -522.933
99.483 -94.54
-511.69 568.971
-487.419 -451.136
-375.738 646.781
788.456 -297.713
-423.14 549.775
-515.527 551.6
-488.681 -492.413
702.549 -243.415
-618.905 -561.326
-380.792 -454.047
-551.115 708.667
-298.487 519.321
-307.645 598.877
-379.789 545.978
-10.802 37.25
761.209 -187.38
-534.353 -316.837
-626.214 -555.469
664.776 -227.035
492.597 576.496
691.052 -274.414
504.022 594.274
655.447 -286.742
884.748 -218.178
-29.931 43.366
587.635 502.917
5.3 103.963
-481.501 624.469
-364.321 704.463
-90.002 -65.32
460.473 539.936
668.729 -312.54
-34.379 -233.665
-428.915 -459.951
48.672 -92.937
636.144 -312.905
-542.628 641.867
44.478 -12.81
-347.078 667.415
-321.288 516.196
-376.647 660.016
449.699 417.658
-470.039 -550.736
-2.196 -93.723
-502.641 -530.259
-474.097 -664.178
418.721 482.784
-129.835 -78.088
-300.825 435.544
635.461 -217.009
654.879 -289.79
-395.299 553.684
813.742 -314.944
-20.701 -1.418
-418.908 -401.188
-578.817 -648.866
545.902 489.589
-277.742 364.685
731.876 -302.25
377.982 574.715
-165.179 -114.724
725.062 -214.39
-49.802 -55.244
-110.617 32.294
58.091 48.726
-476.214 574.364
-614.373 -594.846
-95.192 86.297
-477.997 -382.229
632.141 -286.614
-414.09 695.555
-393.624 632.63
842.412 -324.232
513.172 466.603
593.396 -369.846
463.573 425.305
69.088 19.846
30.185 -39.613
91.118 -74.511
-529.717 -539.087
-364.898 501.769
-478.768 629.986
-30.585 45.511
-97.285 45.992
-61.642 -38.499
-409.4 598.92
490.873 444.944
-69.261 -34.859
651.793 -284.969
-241.862 562.688
-426.977 -503.197
-312.232 542.877
-576.464 -589.215
720.848 -215.045
444.589 572.884
644.005 431.678
585.047 -300.856
-412.976 -312.276
-36.111 48.559
-514.89 -579.291
32.943 -2.758
498.401 423.477
67.165 31.911
-663.085 -578.908
23.286 -50.117
-386.424 661.234
79.896 3.239
756.101 -291.863
-471.895 687.748
740.248 -391.224
-611.274 -596.324
434.246 607.867
527.178 523.111
-294.032 587.763
480.087 367.642
526.337 454.593
-357.952 -403.611
-498.334 616.267
-484.973 -605.812
45.065 -87.587
-463.348 -528.145
519.265 564.987
659.358 -293.771
-477.41 -543.117
784.072 -187.942
-354.394 624.355
109.631 -59.993
637.95 -283.562
-551.877 -461.873
-443.345 -472.952
405.791 469.28
-503.454 -528.776
-420.19 666.795
-372.05 -438.367
568.704 472.229
-325.403 623.232
145.277 -72.825
-627.587 -384.643
-570.6 -365.288
-390.802 628.559
-544.51 -642.074
-105.922 171.187
485.019 464.81
-405.663 624.8
569.918 630.975
-57.315 169.99
-403.884 621.475
649.401 -333.866
-473.9 -492.912
496.845 540.991
738.71 -376.625
650.105 -303.623
-438.01 -473.289
-537.912 520.943
-309.6 681.948
-504.244 -546.437
-563.165 -409.817
-554.919 -505.823
504.25 428.727
-344.08 520.167
598.111 464.368
-561.258 -455.381
-440.596 653.621
577.13 -328.807
-594.594 -514.555
-588.576 -627.504
110.775 -49.194
-336.149 558.467
-425.799 623.14
-115.001 18.549
676.18 -183.609
-506.233 -513.964
-394.775 474.564
61.313 -39.598
505.667 363.69
-224.362 53.344
-455.775 -496.483
-581.162 -507.772
638.073 -329.755
-0.128 -35.684
422.569 732.746
-422.39 643.424
351.731 549.214
759.923 -353.351
-77.981 -1.217
-71.089 36.646
-453.712 -574.098
-412.146 -603.927
488.819 538.307
-702.078 -355.037
-362.86 672.972
684.535 -315.335
646.158 -256.581
526.381 474.332
-51.48 89.601
-604.724 -505.535
-466.827 502.001
-320.353 611.067
-505.721 -372.615
-427.693 -568.456
-443.94 -480.921
1.461 -100.591
66.032 -101.874
473.344 476.743
812.464 -391.738
-356.849 -562.076
-401.588 -393.42
700.828 -264.004
-616.974 -552.391
-57.116 8.463
-11.168 55.408
-367.316 -449.715
684.771 -251.059
-507.253 515.005
208.798 -82.675
-502.54 586.797
513.847 529.726
-464.48 -476.998
-446.568 -497.391
547.908 553.909
-505.988 -517.469
-361.937 595.331
-16.083 28.097
726.592 -80.962
-465.202 506.494
-447.175 718.822
9.093 -31.029
713.22 -231.088
527.43 536.421
611.368 -161.826
-471.891 666.001
-463.098 -454.666
-501.362 654.664
-473.022 -442.614
533.558 571.01
-477.612 -686.772
-90.373 -129.828
498.661 693.696
-95.69 30.939
549.714 615.949
482.488 473.372
-323.793 688.91
53.019 32.515
-431.076 567.03
645.168 -457.965
-410.042 -622.782
-146.664 -79.842
777.478 -320.67
561.804 -399.785
500.599 543.029
-481.979 574.834
473.023 605.882
738.453 553.127
-637.66 -414.783
-427.281 575.61
-142.755 -38.644
-438.208 -679.503
479.127 529.064
522.755 542.239
668.752 -438.175
422.021 557.652
567.433 616.543
602.483 -252.843
-26.458 -88.649
810.161 -301.724
772.905 -357.212
88.273 -12.695
-283.192 602.655
-513.842 565.389
-364.201 625.221
-562.16 -563.054
-409.983 695.029
135.696 167.501
-483.346 696.105
-437.883 -389.654
-340.251 561.343
-348.39 462.595
-329.669 523.396
-71.667 -78.963
723.553 -418.528
-400.253 -491.745
-342.205 710.666
736.034 -196.439
-288.993 581.865
-534.67 -453.894
-615.506 -421.899
-591.717 -518.559
772.136 -254.21
-467.543 628.675
-354.839 638.694
114.837 -64.428
742.453 -136.632
699.206 -357.135
-401.821 446.634
581.348 422.923
-59.718 -30.128
-562.394 -508.168
-443.468 602.703
700.98 -338.694
-640.248 -605.713
47.624 132.619
-447.193 669.591
-427.623 -257.023
605.609 506.167
759.393 -321.45
655.467 -319.956
707.923 -458.87
785.286 -289.867
-507.738 -419.687
83.143 -128.912
711.229 -347.962
601.377 566.914
-460.21 653.593
-429.564 -407.473
457.972 515.516
653.23 622.258
-437.123 703.062
623.039 -334.264
472.427 378.74
-646.653 -661.573
30.196 12.326
-435.802 -543.483
-602.789 -545.745
-29.14 71.01
578.18 559.368
835.793 -383.42
-392.423 -507.379
602.749 -331.808
542.928 -359.57
-346.29 539.137
527.1 530.456
464.901 461.825
446.024 548.266
773.275 -324.093
592.615 456.797
-441.406 555.308
-571.221 -466.064
-447.584 563.893
-429.068 497.431
596.996 -182.119
-286.972 711.435
-480.133 -674.285
699.152 -361.987
44.185 -17.84
-562.583 -536.33
550.606 408.245
737.956 -391.547
-65.904 -110.554
-439.279 -374.229
-428.81 494.719
-103.792 -17.376
-539.119 -663.699
681.979 -302.861
454.743 437.228
-2.745 17.341
31.934 133.164
25.082 32.374
-488.054 -595.3
368.383 427.215
768.8 -370.328
-520.572 -504.018
-436.38 498.114
780.962 -427.937
693.255 -315.538
-657.391 -417.287
586.215 591.729
-526.012 -597.061
620.806 569.089
539.351 547.138
467.557 382.018
1.628 125.89
317.326 462.694
479.681 438.678
443.058 512.022
-496.391 -495.906
-476.23 644.151
-441.184 476.184
78.91 173.321
-590.183 707.58
65.506 5.619
-479.25 731.967
-507.456 -609.891
-452.009 -497.471
-623.813 -692.846
-477.197 -417.348
819.429 -95.418
-545.536 -520.157
489.93 509.432
26.91 -41.231
-124.565 -49.296
37.858 6.268
781.454 -258.539
542.891 632.417
-89.644 70.058
-51.091 -117.409
630.028 -238.813
454.077 365.618
742.384 -414.075
-591.822 -441.411
843.613 -272.888
617.908 -221.332
-568.545 -481.163
-447.516 636.989
756.918 -353.421
-416.62 612.238
735.127 -439.596
-29.336 123.316
429.55 396.119
-472.406 618.081
180.09 239.894
-662.266 -614.285
-377.022 680.333
-487.187 -406.213
-440.303 719.449
523.343 -299.022
-546.715 -511.227
-6.95 -15.334
746.365 -353.475
-434.076 382.929
60.005 64.6
858.595 -44.535
507.222 527.685
-448.72 -469.853
694.947 -256.277
-343.036 524.563
624.638 -245.779
559.842 539.907
-75.259 -79.754
759.856 -194.496
-422.677 -450.817
762.101 -170.753
-567.009 654.539
-445.742 655.305
-526.901 -461.704
670.924 -236.153
-425.591 517.035
675.453 -283.702
666.41 -443.62
-577.561 -499.289
-552.739 -555.022
467.117 373.45
445.845 423.946
-66.203 -46.448
-558.0 -641.669
697.409 -400.591
616.055 397.645
-527.986 -702.398
-363.274 687.417
-516.045 -646.331
-11.353 185.867
345.356 508.058
340.907 648.463
501.92 406.436
628.868 405.392
-75.614 75.364
-552.321 -651.039
741.71 -397.044
407.278 499.394
758.352 -353.411
-408.003 505.596
-544.294 -622.289
-324.011 530.025
-323.797 608.447
-472.352 519.299
656.906 -308.098
68.836 54.256
635.212 -307.579
696.443 -131.177
389.898 527.116
-549.673 676.161
558.194 454.864
-314.916 665.438
411.221 475.284
381.854 572.683
571.546 359.612
-539.903 -427.619
-515.157 -540.147
647.96 -272.084
-56.824 95.185
-17.293 27.036
799.022 -254.597
-374.506 -445.699
780.998 -245.429
-526.932 -506.725
750.395 -240.484
-566.072 -486.604
484.602 441.982
54.492 13.227
15.537 -34.898
-379.758 633.067
-444.73 661.093
-407.383 586.097
684.321 -327.189
19.602 18.377
54.138 32.999
736.719 -173.917
562.314 490.36
66.839 -132.493
-417.866 547.885
-104.885 -61.514
-110.529 123.275
834.227 -270.711
-6.204 131.676
-487.995 -463.342
-320.078 535.663
-527.494 -442.318
-53.289 -26.958
764.492 -390.822
-134.952 126.139
-431.179 546.402
-515.582 -560.051
106.3 -78.446
-356.992 597.158
-23.017 -12.644
503.084 591.158
-282.722 616.048
-457.202 -538.77
496.143 522.037
676.672 -150.916
567.798 -317.506
-414.931 535.301
-496.843 -508.922
52.223 -3.705
-17.525 120.95
460.741 446.303
649.144 -340.642
624.991 -192.472
694.802 -287.84
-492.908 600.444
697.64 -243.591
-526.446 652.479
-195.378 502.305
-629.756 -411.175
748.554 -277.18
561.79 469.09
650.366 392.236
623.337 -278.402
-140.222 -40.159
-501.787 -393.099
-490.776 520.696
-323.129 568.008
-132.287 71.17
755.163 -367.942
418.215 545.535
-179.95 -61.091
-405.794 574.943
732.894 -267.558
389.92 663.486
679.779 -225.281
728.187 -334.167
-413.573 428.14
65.826 -23.648
462.347 423.562
64.386 -65.616
-468.634 757.737
537.698 400.535
182.079 -25.708
708.989 -222.838
-267.798 697.739
807.124 -408.496
709.149 -313.348
54.483 96.102
-361.679 615.323
94.385 -164.6
-589.389 -588.147
672.184 -104.726
52.329 -16.288
-476.193 -474.159
-529.589 -364.571
123.425 95.788
-349.896 555.005
78.53 -38.257
26.382 71.176
-517.209 -669.203
43.412 143.947
545.527 -280.294
-15.419 -46.417
49.23 36.592
587.801 570.712
-75.307 9.369
686.905 415.611
459.556 487.848
684.623 -184.041
487.003 596.451
51.893 24.899
686.692 -457.146
-27.957 -40.972
-496.082 -466.273
655.335 -305.412
8.762 59.928
758.314 -332.492
436.585 419.634
110.801 -11.322
393.916 508.698
-488.933 -416.423
38.497 -0.094
755.571 -292.402
4.3 19.308
509.967 592.792
-412.078 -488.441
685.619 -410.742
-47.287 115.924
132.999 13.717
525.446 -313.424
148.885 76.526
533.294 513.344
-473.998 -504.823
-558.723 -416.297
-424.577 515.653
736.861 -338.064
-286.352 527.524
746.725 -350.904
-440.467 639.177
596.612 452.012
60.368 46.451
3.82 19.501
-132.981 105.865
368.049 612.351
-374.158 -609.09
-355.37 567.937
840.447 -311.218
594.437 -336.836
29.598 -2.41
755.064 -339.363
548.266 545.418
-44.555 89.198
-475.527 -411.051
8.439 23.406
551.857 -197.728
699.449 -295.844
481.534 642.651
689.522 495.316
-374.499 617.264
350.041 440.221
16.263 15.589
-113.641 -77.925
2.193 -148.759
443.647 513.421
31.996 163.777
-475.189 -613.254
-284.654 476.178
-276.948 577.68
667.106 -321.278
-434.97 710.616
-453.456 -526.604
-88.376 20.667
-370.902 694.474
478.496 562.079
429.935 474.057
-69.468 -10.801
-120.293 -110.288
785.506 -283.076
-479.051 -564.545
-548.788 -519.974
-340.123 524.231
687.865 -211.694
-470.794 -449.502
0.864 -3.637
-508.635 -552.02
-536.411 -625.599
89.721 148.965
657.714 428.63
-562.83 -489.352
817.296 -285.924
734.571 -389.474
-342.091 616.31
549.102 -213.214
439.915 548.669
-395.516 602.449
-8.821 -20.745
517.35 467.573
191.436 -39.251
-560.957 -452.382
234.447 600.932
-486.066 -492.609
-312.425 465.751
-496.44 -528.265
-495.371 -507.04
-484.897 -559.446
-391.087 -582.163
158.199 3.021
766.295 -383.249
-34.672 16.427
49.314 52.188
517.91 463.686
-313.87 507.864
786.506 -299.04
-695.177 -609.446
749.703 -293.749
517.768 476.711
586.33 611.667
-315.846 658.604
-433.044 594.903
-45.003 65.814
-146.555 -92.794
795.325 -331.79
-284.58 591.728
695.15 -324.21
478.888 557.71
26.857 99.63
-395.981 -448.459
678.093 -191.358
505.885 505.754
613.424 507.725
483.506 534.768
586.543 479.191
-439.614 557.167
19.302 13.671
645.558 -498.904
611.329 -341.819
472.927 416.734
-504.461 -460.119
-512.345 -395.976
-42.799 215.273
98.339 12.878
303.028 596.343
809.448 -186.269
791.135 -209.798
-324.501 387.227
598.389 582.606
-479.324 -447.275
720.198 -298.67
-283.622 600.148
-472.393 -538.397
435.269 628.97
-425.825 546.496
-19.23 7.626
-72.571 3.706
-687.922 -563.802
341.417 353.037
-317.678 609.757
771.846 -349.121
9.533 -86.664
48.811 -116.308
-429.714 588.358
482.915 355.175
36.083 98.549
700.836 -289.848
-415.745 501.603
-463.94 -372.692
107.626 28.574
-506.533 -597.358
559.619 432.322
-31.875 20.564
404.149 458.878
-637.725 -500.648
-266.219 656.633
463.644 433.485
71.632 -0.734
582.609 614.128
-411.635 698.315
504.089 485.735
-544.818 -352.75
759.85 -282.531
724.258 -226.483
-315.504 717.441
-474.672 -407.964
-618.755 -469.087
26.52 32.381
-67.669 -94.635
-544.55 -537.922
708.51 -234.06
541.254 -224.599
-581.66 -428.374
-80.553 21.14
-326.262 586.917
17.421 23.872
-571.03 -386.357
536.371 482.664
703.147 -301.682
-94.556 23.593
798.572 -309.644
-494.448 -483.465
647.622 -411.477
439.479 506.092
496.111 459.492
527.761 -308.264
470.453 375.392
729.706 -391.894
8.063 16.417
44.426 -18.057
698.682 -252.926
465.287 499.853
-10.711 -19.387
441.112 490.198
478.812 406.902
-386.11 614.693
525.387 507.461
662.86 -338.092
739.612 -244.257
-448.236 -537.102
-565.24 -500.919
-364.399 728.19
-54.75 56.774
22.278 114.772
729.214 -185.005
-491.695 -426.44
421.894 466.77
637.973 548.148
675.29 496.29
571.49 543.973
-17.378 77.61
-560.046 -362.133
525.067 558.406
-330.734 746.212
358.317 412.049
674.91 -225.477
-376.633 -461.034
-479.76 -528.815
482.343 520.494
511.247 400.651
446.699 364.744
-467.614 -396.126
520.559 499.421
-555.393 -465.149
573.383 553.985
635.608 542.438
766.098 -358.113
-434.509 552.13
622.86 -258.912
-19.615 19.498
36.466 75.957
695.062 -438.787
-25.621 8.45
-540.608 -293.391
-207.514 550.737
52.388 37.306
-178.849 49.828
401.161 652.812
56.125 -47.771
475.638 417.447
-132.837 97.725
-21.84 58.528
-387.653 844.912
-358.451 587.246
-485.749 -451.191
-84.599 17.796
637.589 -264.922
-645.236 -662.508
405.461 591.09
652.725 -294.488
-418.736 -548.347
727.298 -214.36
706.207 -399.188
482.176 641.968
752.246 -209.225
28.204 7.874
-583.979 -394.729
454.06 608.5
19.966 150.039
492.969 477.22
-68.191 36.267
71.563 -49.141
-486.706 -406.613
-381.058 438.152
-254.532 627.659
-78.031 -5.526
715.474 -256.774
103.291 42.06
546.248 414.766
72.81 21.554
-284.697 555.095
45.283 -149.993
405.084 391.201
-498.343 -427.527
614.095 -340.056
-359.154 -504.893
-94.833 9.313
-628.087 -452.36
-434.808 545.18
-66.132 -91.109
691.577 -208.811
-119.674 -86.867
-249.352 610.059
545.199 484.055
471.029 537.983
569.859 495.263
-598.36 -606.218
576.141 -401.366
-489.978 -405.134
-244.937 628.214
-454.139 -470.827
758.873 -210.385
613.165 569.929
469.594 507.907
400.97 591.666
-81.14 -88.032
502.974 457.126
599.51 439.008
527.574 602.108
-435.868 512.74
587.035 -257.359
669.56 -317.536
463.207 336.871
-451.893 -480.552
74.174 -8.423
796.594 -426.042
-105.094 -79.319
45.849 23.603
18.052 -6.953
-301.054 671.088
-510.616 -474.932
739.385 -296.737
591.447 565.909
589.017 -290.767
-417.279 678.1
89.594 -134.192
500.618 473.327
-11.853 -4.656
478.085 436.655
-498.137 -466.432
810.141 -355.389
618.107 -256.787
679.466 -405.8
837.694 -379.507
-563.362 -471.8
490.754 452.457
-498.398 -388.588
457.507 527.92
-505.417 -644.063
-32.532 -47.253
746.818 -182.161
-454.265 -519.492
695.696 -359.307
340.288 437.221
-316.413 655.116
-561.481 -419.335
-566.963 -636.47
-476.795 -613.443
12.371 104.767
762.574 -274.321
-555.646 -538.747
35.758 -5.511
-555.431 -489.997
-23.212 58.209
465.124 570.81
522.158 402.608
456.596 457.523
534.1 586.924
-469.187 -413.736
734.519 -361.431
638.058 -266.612
-532.883 -523.914
705.587 -174.065
-346.287 555.059
566.593 -339.07
-194.175 84.796
-569.899 -532.777
511.667 510.412
524.48 -357.242
380.44 607.809
495.672 523.539
415.94 378.8
-66.855 5.135
-18.387 68.865
526.666 487.271
-371.481 447.676
-556.253 -638.501
-214.098 622.549
784.322 -399.401
477.929 505.756
-67.629 15.161
-541.539 -605.411
-236.337 555.938
550.173 374.487
540.591 500.147
-397.418 547.585
-371.956 601.141
-493.741 -490.23
656.768 -311.116
644.522 -314.608
70.64 -43.045
799.757 -264.416
513.403 610.385
63.571 25.434
-47.129 -47.784
-372.275 524.221
697.735 -382.625
647.044 -253.561
494.263 595.578
49.518 55.442
666.979 -360.119
-154.243 -64.878
-87.221 -106.745
-602.107 -659.861
731.715 -310.144
-272.438 571.054
429.006 449.183
133.35 -172.176
-245.19 513.25
680.815 -190.468
-362.683 567.803
654.729 -230.702
-379.101 -447.243
-113.84 15.533
-535.522 -680.581
-494.552 632.339
721.31 -234.324
70.523 -23.108
-490.787 -603.421
649.859 -235.468
138.075 69.643
-445.875 -522.489
-47.731 -59.71
532.722 533.122
-490.476 -455.563
-553.166 -539.641
13.766 -58.413
716.608 -377.343
-443.177 606.159
521.675 349.479
-30.062 140.95
-442.587 -359.406
-442.227 708.78
31.15 55.399
-341.648 555.658
-0.766 -27.302
-529.13 -657.328
-9.601 53.453
671.751 -185.763
477.242 512.841
-441.322 -520.128
533.642 537.532
541.911 456.573
682.774 -376.073
-412.819 590.213
759.66 -372.967
-349.007 674.26
336.505 561.843
807.801 -333.453
-457.873 -427.607
-489.936 -504.09
-575.689 -426.266
-410.831 -498.34
-1.936 -9.618
-320.183 704.938
598.14 -260.546
-356.437 679.107
624.038 616.292
558.617 408.071
-35.856 -95.938
-101.8 -71.103
-489.46 -561.223
508.313 687.369
-396.886 -550.909
704.511 -296.75
60.216 -170.183
487.258 -254.93
-53.066 -40.235
-368.832 549.603
572.219 583.581
468.983 681.278
426.007 436.76
-486.843 -609.227
-467.7 462.688
-438.644 -450.127
-18.788 -80.091
-331.712 -570.171
-89.642 48.445
-474.053 637.311
538.728 515.081
-586.275 -491.446
764.135 -370.662
183.045 151.536
-507.409 594.59
508.074 404.912
-475.332 -472.955
563.844 389.639
-377.328 618.088
-436.358 414.737
-336.912 748.915
-444.41 -568.61
-4.905 -29.703
-551.788 -516.389
507.064 531.37
-506.333 613.191
547.976 -244.923
-455.291 -416.669
-1.038 -49.177
-248.863 585.931
75.726 -83.613
339.306 483.067
-538.054 741.984
725.39 -196.684
795.754 -360.402
-520.974 -390.359
794.747 -255.108
-114.348 -21.716
-347.277 684.82
383.644 408.196
-591.598 -453.962
-404.664 507.679
-28.058 -30.555
-506.535 643.257
-386.262 437.747
-427.753 612.731
664.21 -369.212
771.501 -289.561
677.385 357.532
3.47 66.053
686.487 -351.695
-546.462 -542.137
-515.42 477.496
568.253 -163.82
515.639 -403.269
-467.244 -469.68
-557.345 515.016
14.115 -26.073
-442.655 -405.496
618.182 418.986
555.157 660.872
-408.791 591.508
-519.879 -459.258
-401.61 -386.722
-396.005 574.966
-491.916 -558.903
-349.161 616.232
-397.722 658.113
-237.288 -441.164
-75.138 109.033
-522.555 -702.437
347.785 412.414
787.628 -258.235
-291.778 488.923
-26.8 15.632
-497.837 -550.633
748.553 -244.599
421.24 563.327
-613.652 -524.693
-346.131 582.914
546.102 535.516
-458.426 516.03
725.306 -352.587
701.543 -314.451
-405.155 -433.097
684.541 -258.291
559.029 599.205
-361.477 509.301
594.994 534.236
528.364 540.553
377.215 525.233
801.031 -391.512
741.236 -275.895
-492.229 -485.857
631.525 520.733
509.189 451.91
557.672 -278.859
-78.617 -69.148
834.969 -244.567
-100.762 -155.389
-258.556 630.377
-556.732 -420.744
-318.869 485.772
798.276 -262.365
77.433 57.465
669.375 415.993
-589.346 -444.966
-445.344 619.905
-441.187 -440.744
-129.888 -23.151
-369.746 547.299
511.253 582.224
-321.317 686.147
-66.639 -54.249
-463.272 -581.678
-345.156 567.576
648.428 -334.962
552.743 513.424
-284.79 385.819
527.136 376.801
-451.971 657.295
-439.235 551.897
-538.153 512.728
-369.564 531.785
-356.998 752.018
569.471 465.767
39.386 90.106
-327.224 -385.201
-498.823 -548.441
-344.878 619.749
-303.086 535.05
-343.792 538.909
667.83 -224.164
-576.402 -482.524
497.402 485.347
-23.879 71.446
-370.289 615.374
-535.936 -630.651
549.091 370.472
-454.01 -442.849
-15.104 26.811
-10.554 -75.122
503.106 466.01
696.182 -349.717
727.592 -345.11
-573.133 -675.927
45.365 43.028
-455.602 662.01
436.792 507.453
-597.498 -413.514
516.526 460.797
-361.33 559.74
-502.459 -431.365
-469.117 -414.391
-185.107 113.179
7.15 14.965
-166.831 -104.712
-669.458 -537.621
-452.793 561.012
722.833 -453.843
-510.152 -527.913
25.352 109.88
-376.631 653.66
644.077 -277.852
-535.55 651.737
435.524 664.334
-474.91 -453.788
549.046 474.827
-410.78 -543.05
66.34 120.636
-471.28 511.909
521.138 651.801
-405.872 727.42
785.663 -373.403
55.886 55.069
-111.355 -15.545
142.026 -7.473
-434.515 688.782
-405.223 510.175
560.152 495.762
-451.386 -507.769
541.808 459.492
784.149 -412.226
427.432 509.328
-27.907 58.998
623.662 -337.336
567.25 506.25
699.126 -186.003
66.904 -56.992
678.103 -384.564
-468.579 -505.355
2.458 69.235
45.116 -6.98
681.939 -216.376
-354.465 578.794
735.506 -400.569
633.283 -204.403
-439.785 736.635
-471.604 -434.982
878.126 -321.11
763.027 -242.18
-433.647 -537.895
66.477 1.804
-21.88 -0.249
662.585 -242.096
552.731 502.4
-526.642 653.823
550.676 -315.602
-478.815 579.01
-290.635 521.512
-296.382 478.166
404.922 494.426
493.414 419.026
-542.847 -540.085
13.459 -107.033
25.805 6.943
109.231 131.485
-523.749 -652.607
37.472 41.718
810.749 -256.866
-566.251 652.177
-450.236 -503.614
-419.239 554.062
-54.389 -79.836
-513.275 -524.607
-428.493 -497.476
-482.086 -454.573
19.594 85.533
692.429 -358.069
798.146 -439.409
-179.04 24.513
-548.327 609.461
-565.326 548.318
658.866 -415.769
429.91 466.5
753.536 -312.728
-389.659 669.685
-36.168 -6.7
-534.845 -677.564
5.314 -80.886
-448.418 486.91
84.376 -78.65
440.908 464.026
8.148 61.047
436.136 466.022
-79.372 -133.11
-474.506 687.406
466.988 469.89
510.879 568.49
-555.777 -493.354
-483.078 633.38
-348.645 614.755
-79.023 82.129
-511.375 -465.725
-417.388 -522.479
546.498 274.792
-449.602 -461.276
657.501 -370.778
94.204 78.654
447.898 390.692
803.296 -207.327
758.661 -222.327
-502.813 -486.62
192.425 219.458
653.2 444.308
-506.088 -559.458
-8.605 23.5
-499.81 596.586
533.285 513.704
661.488 -285.54
0.135 -91.428
56.76 -127.539
344.086 637.079
13.788 -137.255
-367.499 -418.837
63.741 130.198
54.929 -82.763
-663.009 542.073
-108.5 -143.331
-372.952 602.699
52.639 60.785
727.016 -484.512
811.223 -378.914
-322.583 624.967
-444.864 657.645
-296.631 602.726
84.162 -100.64
568.535 -244.781
-533.776 625.856
-301.968 485.896
-25.794 96.082
598.658 492.186
548.419 548.201
-90.629 -21.063
-287.8 601.026
644.035 -329.356
571.439 462.97
-530.001 -449.975
706.234 -261.053
-375.804 612.599
514.52 529.726
127.013 83.888
-537.097 706.498
-9.541 -111.905
814.708 -390.013
-167.2 -18.296
-429.701 -482.195
636.293 -196.212
500.407 572.021
512.519 472.946
521.671 495.22
-457.743 570.274
788.741 -348.618
557.145 429.374
172.57 -102.024
-403.998 -422.231
-84.385 -26.244
40.515 -36.309
-601.473 -537.211
-350.624 -447.674
438.975 539.712
-445.978 704.605
22.557 -14.826
-231.756 610.176
-412.327 567.198
-102.577 -46.337
291.341 527.229
-507.413 -679.672
551.674 466.748
79.687 124.165
-380.24 -468.157
-515.172 427.027
755.458 -271.389
-480.783 -535.039
719.376 -433.134
633.666 -139.39
152.979 183.47
-410.946 -460.791
95.57 196.07
525.833 552.035
955.714 -252.293
-462.609 487.908
530.075 605.159
699.316 -410.686
884.464 -264.384
-306.66 542.203
-496.181 495.138
-57.031 52.527
28.944 17.791
-34.673 -16.489
-554.529 -371.536
-380.855 531.186
103.51 -6.293
-529.671 -435.773
58.417 57.014
-404.771 -428.494
-602.894 -379.541
547.104 751.288
350.798 441.918
16.476 -140.134
453.315 526.791
-336.021 638.154
619.378 -321.569
-510.694 -377.223
-478.196 534.277
-472.738 602.657
812.107 -339.204
681.216 -296.451
-336.824 537.905
72.803 -101.229
832.011 -419.123
578.816 -339.945
-544.027 -601.099
436.812 487.293
-456.241 538.438
-497.758 -471.009
-77.835 -7.322
-260.344 533.025
-550.94 -439.575
-503.978 -491.472
381.913 527.674
-335.875 549.008
-74.847 48.906
-136.069 73.535
19.213 85.942
-407.265 -650.245
-586.143 -477.378
497.358 430.736
396.683 366.3
-517.027 -625.852
-400.589 361.487
4.582 -67.562
-629.63 -485.286
606.99 -217.416
636.684 -362.462
50.874 79.826
797.362 -396.195
858.683 -325.351
93.55 25.763
758.946 -175.027
26.935 191.649
-560.885 -592.983
551.123 574.583
53.615 95.594
-11.036 136.445
-485.305 -409.194
-429.433 -435.735
79.355 25.728
-332.192 604.474
-424.927 -392.52
-131.037 -42.148
-454.65 -575.911
510.531 443.766
-561.629 512.996
-108.399 -14.516
-342.293 548.459
-336.342 703.538
-517.876 -636.011
-81.232 -92.795
813.832 -279.125
406.751 498.431
-23.192 74.94
-374.56 510.217
-527.398 634.389
49.257 -53.9
-344.193 -467.559
519.805 431.62
682.92 -324.429
-373.782 496.542
-21.433 76.652
652.056 -175.022
-233.738 -1.668
-37.657 110.16
-155.293 -60.1
-392.495 575.085
623.302 -274.583
178.01 -83.727
-301.041 499.758
473.652 510.858
-12.994 -35.041
38.715 62.979
-390.803 483.49
594.383 -321.021
-475.4 -467.015
743.919 -216.085
-481.335 -469.671
-134.141 -20.501
502.365 268.238
-479.754 -510.977
466.32 428.757
737.097 -324.439
-531.184 508.522
-326.071 653.71
751.956 -262.913
676.662 -281.951
741.496 -269.069
579.424 551.365
583.742 481.729
-338.27 642.535
475.502 644.595
-454.671 522.002
670.688 -210.084
459.782 501.293
742.698 -277.389
799.224 -363.639
-337.247 -508.003
-483.692 558.055
-392.794 591.857
447.723 367.61
753.426 -349.252
-332.436 672.796
-292.906 724.577
710.056 -303.04
14.344 -40.773
-29.375 -5.726
523.226 426.634
-43.708 -26.172
-599.36 -554.882
-28.108 38.37
-463.712 569.714
680.82 520.613
-16.14 -185.762
653.291 -374.859
542.137 523.842
-14.718 68.091
769.673 -320.832
-444.05 613.67
-392.152 609.597
17.347 36.266
479.88 408.473
-584.407 599.955
714.576 -318.564
-459.513 -441.872
-465.073 -467.39
-255.682 628.84
-404.363 663.166
764.6 -270.502
-566.852 -445.669
-541.456 -560.964
-478.375 -366.495
-599.558 -489.738
87.435 91.389
-335.499 444.471
514.547 534.11
-85.545 -79.833
-404.386 -488.478
744.57 -259.263
513.396 471.981
759.281 -175.381
644.435 -165.855
405.04 431.886
727.42 -225.598
-574.116 516.06
817.242 -298.722
730.035 -471.633
-575.257 -499.604
95.617 -23.277
-239.572 571.105
596.507 506.62
430.365 622.427
435.727 496.75
-627.856 -324.044
-91.927 138.269
110.262 8.283
57.819 -75.685
818.443 -284.596
-656.059 -528.884
12.346 18.046
-248.466 525.609
545.337 518.308
-361.927 -513.903
686.994 447.736
29.281 111.415
473.549 554.544
-98.476 30.574
-509.441 -399.905
536.68 414.427
604.881 460.398
436.459 522.011
-478.144 659.254
484.509 507.629
527.462 661.338
11.395 -167.745
779.883 -342.049
-462.498 530.299
-435.68 -556.69
412.301 498.975
-28.846 -74.088
-154.833 21.172
3.709 129.022
105.687 -97.097
597.126 -245.079
-73.391 107.171
-560.34 -403.854
69.19 -38.879
-21.883 -49.434
-374.671 -336.511
100.784 -43.564
566.298 562.778
9.076 -63.021
-492.734 -405.856
-513.021 -498.047
-42.235 56.74
-453.532 693.394
115.305 -83.471
-516.695 561.563
643.651 -372.395
-79.918 79.747
393.186 471.103
646.596 -165.946
96.282 127.299
-3.304 32.844
-3.775 -31.085
-422.63 -494.19
-26.027 95.532
-546.771 -651.139
-42.122 124.804
133.768 -34.272
15.441 -62.716
-557.625 651.517
-493.95 -352.156
589.252 503.846
-479.71 -492.635
-359.688 572.845
72.932 56.361
-0.842 -18.73
-327.037 667.106
570.885 -252.746
448.822 464.818
662.242 477.93
-474.958 -398.65
-483.77 -595.325
-488.759 -583.106
-399.101 -422.527
-350.629 669.872
661.739 -318.188
694.964 -439.97
564.633 542.66
-463.949 -531.43
-558.834 -474.235
453.757 552.797
733.296 -251.205
420.754 493.097
-447.825 568.534
132.932 6.544
508.646 406.564
717.387 -353.377
-428.798 -544.338
-357.581 419.655
758.33 -359.636
644.52 -377.973
-538.361 -369.17
-261.761 584.814
-62.964 -50.512
563.593 403.221
458.768 487.817
-544.08 -459.694
-386.102 502.747
28.34 -48.954
-99.026 11.593
-216.833 619.902
-346.708 621.626
-463.701 619.988
-525.918 -445.63
88.925 57.348
610.622 -413.809
-444.48 -588.471
125.973 -96.281
718.062 -457.027
423.276 494.136
-107.985 -103.597
-375.526 639.713
-314.031 539.882
-472.711 -672.389
759.788 -218.625
-365.553 701.196
-47.77 44.323
-405.177 404.324
-624.31 -614.762
-458.363 582.634
734.216 -362.411
51.397 -56.762
-460.28 -615.43
-334.067 508.647
-496.436 704.801
495.622 649.12
489.472 437.288
808.065 -415.665
-393.419 -319.479
704.547 -460.799
-459.752 -587.748
-451.375 -458.89
-553.894 -595.442
-42.866 -115.881
-474.477 -451.236
-373.683 -430.081
546.1 463.548
-525.895 -419.189
92.892 -17.682
-114.689 -51.098
861.294 -295.981
322.365 452.159
581.964 -279.744
-497.036 745.705
402.402 524.733
588.544 527.069
114.375 -33.452
399.473 499.922
815.311 -468.855
801.358 -407.194
560.654 457.056
34.927 -119.895
481.117 474.746
688.056 -386.473
-53.497 -21.808
-423.846 614.705
-521.609 -513.1
389.267 413.091
-368.36 663.512
536.163 579.358
43.369 -68.557
-406.594 658.635
552.83 590.631
528.735 499.876
-623.296 -484.053
86.722 -56.326
491.839 494.066
722.231 -424.9
869.762 -235.355
-47.417 12.645
-15.997 37.966
768.666 -453.945
-415.103 557.674
88.493 -70.773
705.616 -248.243
-476.97 -543.25
596.06 -232.185
555.176 546.77
752.245 -198.064
-25.637 -19.316
805.702 -383.879
627.879 -318.457
780.073 -320.566
558.039 424.71
695.452 -335.403
603.312 563.594
703.715 -289.032
-490.148 637.063
-451.829 440.242
-470.524 -405.545
-82.531 -6.217
520.293 497.326
-559.794 574.024
668.198 -246.591
-533.036 -630.806
477.488 664.293
-564.015 634.491
-535.908 -518.214
-346.576 -520.033
-413.585 723.336
576.129 430.913
17.152 -26.165
-93.472 -98.188
-413.281 -556.439
720.722 -316.664
484.563 529.01
422.598 688.957
698.67 -195.618
-33.441 -21.115
-629.244 -421.84
-78.037 100.096
482.907 504.176
-535.828 -520.236
-343.615 786.392
619.168 611.655
-481.345 -583.266
-443.693 647.922
-507.599 756.885
-514.492 621.283
-439.393 -476.23
-578.09 -479.353
-93.845 1.525
26.933 -70.313
-118.289 102.437
658.475 -402.838
869.073 -249.584
-51.011 -32.627
146.458 50.771
603.922 -284.295
-441.5 609.116
-547.58 503.287
-522.672 619.089
571.598 395.687
-454.074 -575.204
43.413 3.102
-480.787 -536.766
-385.55 685.03
380.923 440.374
-639.326 -555.388
-452.037 606.425
-168.042 -58.101
725.291 -286.839
845.109 -168.456
537.29 505.37
499.262 441.237
-433.606 485.724
-470.627 757.435
119.787 -66.982
-303.263 631.151
649.166 -310.631
-601.44 -477.297
-437.089 597.323
-532.943 -565.151
478.213 505.673
-86.388 -20.809
-617.515 -409.613
815.41 -344.25
-452.006 -517.56
694.48 -179.763
-364.656 562.046
637.521 -349.957
-450.543 516.999
-516.258 698.551
-542.467 -368.659
-439.162 -453.137
-322.71 590.068
-434.112 605.646
763.367 -378.041
512.101 519.81
526.226 370.914
-422.807 708.18
544.237 523.531
531.035 471.502
15.115 -113.2
-441.927 -451.169
523.412 664.916
-414.015 528.87
-436.374 -565.688
496.18 476.443
-398.376 627.735
672.11 -144.363
-341.56 631.19
517.55 -286.167
810.149 -302.6
-616.726 -351.639
640.69 546.392
9.383 -59.69
-464.707 654.895
454.795 329.619
-470.989 -541.23
-396.732 546.691
647.991 -394.242
-364.152 552.064
574.213 500.17
-504.952 -547.943
747.536 -323.132
665.624 -203.071
661.49 584.961
680.622 -152.756
655.479 -343.319
661.653 487.385
436.795 337.685
614.151 573.995
574.041 456.118
-468.759 -518.072
-62.111 -34.794
673.088 -343.731
-390.404 -540.434
719.06 -314.162
714.395 -321.913
-458.012 561.526
8.414 -18.003
-316.828 654.736
-396.072 534.718
593.897 -241.52
-507.94 -676.969
-132.87 -53.114
559.732 618.831
546.712 518.319
-353.248 729.81
644.257 -166.487
807.759 -410.977
740.157 -247.221
513.46 573.438
1.008 -62.709
427.182 400.219
-554.806 -587.352
632.954 -496.323
-684.768 -479.813
385.968 525.627
490.232 580.561
-545.945 -511.828
-465.414 -419.704
631.039 -439.579
-369.228 751.344
536.487 -263.402
2.574 -63.135
-550.167 -488.467
408.082 422.219
528.949 463.204
707.068 -311.457
449.51 617.56
432.422 488.842
697.831 -90.362
-27.287 -31.955
-474.071 812.77
-426.826 -433.861
-468.846 -327.197
803.805 -342.886
-371.495 594.847
-631.697 -573.109
-431.354 713.864
27.936 -156.232
747.92 -396.55
-439.052 -511.726
-512.294 -505.531
513.146 526.939
-439.486 -415.057
-489.014 -263.584
-610.589 -357.304
532.468 593.448
-414.493 519.513
606.635 551.497
718.332 -251.997
55.021 19.329
508.671 434.99
-21.632 -22.134
542.353 368.836
773.982 -321.141
219.909 614.361
457.272 532.356
11.48 -13.567
630.116 -376.651
461.294 535.831
355.412 455.165
-340.024 584.555
668.201 -237.333
396.2 523.486
749.062 -425.941
-634.153 -423.33
92.946 16.852
685.259 -335.495
-507.287 -268.667
147.801 3.313
88.375 120.812
797.231 -416.064
-548.725 -403.409
-507.535 -550.36
-276.183 587.342
775.819 -243.125
21.131 144.845
613.207 529.226
567.16 564.339
663.381 -367.683
-565.677 -422.86
-400.922 580.221
598.023 441.755
-504.056 -679.961
-469.987 -507.902
719.194 -247.618
749.063 -161.748
626.765 -202.49
510.096 496.791
-445.079 -441.664
-4.687 208.589
599.726 446.095
746.012 -240.549
-439.834 -557.21
3.496 36.975
-14.873 97.398
-96.197 126.585
-69.391 67.176
-662.321 -447.989
467.713 300.487
-433.58 461.974
515.454 387.434
859.718 -349.211
809.142 -371.882
-463.843 -371.653
-400.068 595.466
-78.932 -75.921
-394.353 -470.114
512.657 -275.242
-55.344 53.048
-503.997 555.232
413.383 396.013
469.788 386.553
-516.555 592.964
-635.501 -554.777
571.285 -321.167
865.246 -252.669
-582.269 -603.831
380.884 443.978
430.43 396.852
170.399 -39.527
567.862 600.139
-476.461 -567.335
-486.802 641.721
656.455 -292.308
-443.113 678.991
-349.639 647.779
-579.897 -543.684
799.097 -190.404
536.807 340.432
-164.304 36.433
31.672 -96.514
32.855 2.996
475.384 -372.209
836.059 -216.033
-66.947 31.156
125.858 -17.592
725.077 -311.461
857.55 -223.844
-432.391 621.254
-624.856 -454.826
-456.585 -388.721
-1.333 26.185
-419.395 553.333
-49.402 38.516
-465.348 505.538
-422.57 599.579
106.585 74.058
734.429 -346.658
85.635 37.823
-334.338 711.911
619.238 -231.868
572.562 492.281
617.607 592.26
22.209 18.437
710.746 -223.044
785.635 -406.001
440.265 372.102
-338.279 655.382
-391.805 521.421
646.772 -278.423
816.694 -341.73
-566.366 -534.814
632.601 434.336
646.513 699.01
-497.85 656.943
-555.543 -488.166
507.362 367.354
459.531 461.09
115.654 194.745
-92.889 -21.587
-532.444 -354.451
-458.445 -578.509
588.801 471.759
-527.488 549.194
-374.542 642.523
-29.745 100.702
-456.381 552.247
31.683 86.799
613.632 -281.264
36.16 -5.466
-589.126 -277.303
116.451 198.804
-330.66 511.976
219.479 46.346
-397.972 536.515
-475.626 438.423
-340.422 705.62
702.083 -161.663
478.557 479.305
-92.975 -61.38
776.255 -292.124
804.55 -232.828
-36.283 39.441
-344.388 611.388
-578.232 -414.311
115.034 -24.184
-385.219 578.958
659.757 434.937
521.023 503.971
408.811 573.186
-492.18 -506.45
644.837 -252.0
442.024 520.302
-548.406 -491.608
854.584 -225.434
601.583 -291.18
-185.241 700.852
677.067 -101.633
-467.027 627.398
-327.309 564.827
-546.513 825.357
797.545 -223.338
39.938 -80.803
35.56 -59.082
360.013 428.117
-285.204 -501.805
-316.327 491.003
478.705 368.23
-375.068 626.828
630.431 551.509
-487.96 -396.04
504.002 -226.789
-434.007 -490.427
-331.092 -461.322
50.659 51.5
713.23 -253.443
-438.863 621.042
-430.724 523.999
467.225 410.168
-450.279 -431.034
649.208 -212.529
679.632 -279.994
33.29 -34.632
774.549 -259.861
624.869 -251.122
-435.137 568.801
-7.292 97.227
843.745 -417.635
389.65 608.169
-460.939 635.084
-479.986 633.297
-543.838 480.103
-394.008 -435.313
549.374 504.89
-85.262 -70.91
-81.161 -81.82
-309.915 620.042
575.002 484.349
-22.75 -84.762
-417.99 -748.472
-25.964 -37.819
-541.499 -483.328
-77.051 111.565
712.662 -257.502
732.467 -237.033
-390.421 729.727
520.253 480.017
703.587 -302.073
98.994 -132.904
-568.012 -523.066
639.504 435.122
439.315 473.441
765.23 -436.292
696.848 -411.532
569.318 622.302
519.746 476.259
-447.984 635.137
-417.817 -341.886
-59.668 -121.553
89.001 -131.15
-561.257 -460.055
424.12 534.633
453.309 549.622
-515.394 -392.242
-382.472 488.294
509.031 585.023
575.579 341.267
32.986 24.645
-39.053 39.671
556.886 437.195
761.414 -360.187
-446.542 395.877
-477.351 490.412
649.617 -350.655
595.516 -307.11
-434.727 -418.094
510.144 558.418
-502.715 -448.927
695.434 -293.912
-408.327 -388.637
754.1 -262.555
591.766 -283.857
-474.601 -723.337
825.632 -504.125
838.977 -427.416
-366.081 -475.492
-506.38 -418.41
-469.91 -423.041
905.381 -204.198
678.322 -162.489
746.2 -378.751
-587.068 -494.276
4.604 34.641
-430.905 435.729
-35.047 31.012
681.685 568.547
430.991 519.326
18.486 -100.276
414.364 418.999
654.103 -214.932
424.552 360.55
-467.795 634.517
652.012 -229.245
500.38 426.906
-491.785 -460.455
-527.072 608.574
-68.937 93.805
367.268 463.998
-455.359 587.234
663.044 -288.624
672.112 -421.62
-471.451 -552.791
490.289 396.809
-55.364 -65.906
377.153 431.666
722.948 -294.945
-377.947 -542.621
637.897 -441.881
403.299 502.875
625.191 444.577
-26.41 -20.57
-78.73 25.359
-482.972 -557.176
-413.351 521.075
766.396 -192.246
-344.206 520.792
-420.222 651.264
-89.633 53.784
804.849 -253.669
673.532 -405.976
173.986 19.424
-445.764 -723.835
-152.33 18.2
590.381 527.995
-3.966 -167.231
-391.994 -384.576
376.608 359.263
652.421 414.633
-171.343 -155.74
682.167 -290.354
-370.36 546.594
-155.801 -34.635
591.85 -284.728
-33.697 24.526
-383.187 445.325
727.805 -389.445
-510.411 439.287
48.272 190.266
-461.841 567.728
-467.551 -507.138
362.118 537.004
720.012 -348.359
524.006 394.0
496.383 573.848
471.832 487.038
599.952 472.971
633.917 -335.202
-501.915 -550.095
666.815 -44.545
-346.422 553.057
34.262 36.323
434.426 497.152
596.12 530.263
383.621 563.025
-24.572 12.968
49.07 -73.477
536.946 531.18
119.54 34.831
465.771 589.34
23.25 85.431
1.177 -142.606
-424.056 -411.197
740.518 -297.876
692.321 -454.274
-542.097 -637.983
700.099 -167.455
-382.166 540.991
726.49 -225.221
-435.087 541.638
-469.251 691.495
533.075 -422.832
421.204 500.183
699.553 -347.468
774.789 -382.967
696.492 -398.231
381.218 501.153
-71.02 -58.413
798.022 -337.895
678.347 -291.951
523.843 475.675
195.496 -95.487
388.416 522.806
136.485 20.784
-398.588 583.462
388.468 376.365
2.582 -43.674
-502.212 -532.291
-277.718 742.138
643.545 -327.06
731.927 -339.901
490.217 627.632
674.889 510.036
-392.748 691.918
599.368 -371.411
472.147 485.664
-0.284 -80.84
90.138 102.67
-638.44 -423.36
537.045 624.309
-545.84 -501.303
822.726 -325.13
-352.695 611.764
774.586 -265.659
-412.149 756.653
-437.183 -509.556
812.035 -320.939
-122.771 24.328
-429.879 -385.992
677.073 -443.803
-11.753 1.173
-409.129 413.51
577.344 521.814
713.515 -297.29
-238.05 617.226
432.498 629.313
479.312 562.036
-506.351 670.284
-684.817 -511.294
53.607 -20.98
-509.662 -638.282
666.971 -165.243
-67.283 1.104
94.571 -174.3
-479.79 573.332
-457.241 -561.592
-484.751 -388.998
-363.203 -463.732
-13.109 74.014
25.971 8.563
660.963 -292.809
323.016 434.426
-506.499 -319.64
121.109 -66.536
726.28 -273.273
134.946 -53.504
-446.193 -560.491
787.494 -266.219
-663.293 -459.309
679.361 -320.406
775.165 -233.744
-4.522 -104.245
711.019 -187.455
421.202 508.413
-490.118 -553.211
-478.776 -525.4
697.579 -334.844
-457.335 -515.317
-52.976 -27.893
754.068 -301.503
-433.739 467.384
677.873 -215.874
663.288 -389.828
731.994 -143.399
-545.94 -379.665
-491.164 -532.604
648.691 -276.239
-380.599 -541.152
672.617 -384.81
-30.847 -78.025
-61.809 17.193
584.188 512.646
483.883 478.096
-28.553 77.004
7.521 -13.248
391.448 584.867
-10.383 -28.554
693.318 -313.479
329.65 491.116
-299.902 661.863
-542.712 -537.916
20.166 12.665
693.45 -202.262
-520.496 703.4
466.995 505.119
-416.676 542.074
-377.157 -468.42
-444.004 -481.933
-400.872 705.504
-604.321 -413.341
704.686 -426.618
731.696 -415.513
-400.146 497.109
-286.957 651.894
-351.131 535.503
637.566 558.192
-359.201 534.342
424.444 558.421
-417.48 757.802
584.322 -274.519
51.912 -134.446
13.571 17.691
15.149 -33.195
652.443 442.962
490.519 605.397
90.396 -26.244
-561.324 -430.202
-441.289 510.444
-446.564 723.462
-516.24 -550.001
697.25 -351.717
-353.236 617.774
-583.539 -466.551
249.932 -73.673
-411.24 -504.414
547.16 360.691
-493.922 -426.541
-329.413 537.217
457.335 524.052
-569.626 644.102
-347.067 637.359
-608.897 -387.941
566.23 -216.575
-41.751 -24.857
462.676 493.591
-516.874 -384.403
13.943 70.265
-481.794 -552.198
398.766 588.287
72.168 -127.439
-373.731 688.964
472.25 553.797
-426.033 -580.204
-432.119 -526.291
116.532 -7.885
-372.276 630.251
-433.454 600.568
-89.335 -104.315
323.001 431.506
-324.173 642.162
528.761 456.519
-345.932 588.258
-545.29 -490.031
1.64 -155.39
-490.672 473.737
725.953 -337.202
-440.586 -492.163
-464.282 -581.71
580.941 518.948
-495.038 -557.19
-413.062 -436.923
756.586 -267.13
364.389 462.414
682.277 -231.986
-32.148 -142.458
-496.489 -541.118
618.563 416.48
88.95 100.594
-143.985 69.398
458.192 486.692
730.95 -261.019
680.848 -137.123
-403.138 645.212
508.693 503.431
-283.911 574.342
825.206 -284.977
40.57 22.917
495.623 439.004
-478.349 584.231
-10.839 -78.704
-45.243 148.173
-579.659 645.399
-496.726 -477.179
407.217 384.433
97.576 -57.265
389.026 483.986
630.873 -315.034
525.426 486.058
81.458 -98.153
-389.441 -373.194
555.193 527.986
-500.099 -378.421
-351.878 514.867
690.338 -366.475
599.314 -222.583
-562.601 -352.816
684.478 -319.729
-289.663 657.072
-364.12 -507.832
677.663 -371.896
646.474 -447.906
-591.773 -450.237
656.439 -371.784
-431.716 645.926
19.445 21.569
-405.048 -591.385
-392.613 783.44
428.883 581.135
29.166 -10.418
303.734 464.032
500.708 430.959
-458.77 -466.065
393.179 556.829
-467.656 -509.017
-102.002 23.369
-410.03 607.659
692.67 -375.441
-445.6 -556.19
416.952 473.192
-625.139 -320.701
-343.182 -413.46
-451.948 -502.942
-87.955 -34.964
-309.916 565.549
513.181 512.135
-222.544 627.0
-375.417 613.522
-512.062 -609.488
-474.144 -414.284
-411.39 -396.585
498.994 549.612
-519.264 -551.447
776.462 -274.967
-565.768 -432.887
-379.38 537.383
537.827 -405.404
-605.935 -443.42
-658.664 -441.26
-500.513 570.714
510.046 532.324
461.827 342.274
443.168 459.831
-449.068 671.064
-441.658 722.925
707.806 -316.394
-583.875 -611.386
690.91 -429.88
-415.513 730.305
-387.431 714.527
761.641 -290.097
129.209 -13.984
-567.703 -604.626
-497.917 -497.335
-108.134 -9.333
26.953 98.916
-509.741 513.601
-311.438 610.903
536.958 492.816
215.105 -20.588
719.757 -303.686
572.085 511.996
688.272 -290.122
772.466 -200.11
388.623 337.988
399.841 498.279
-34.676 -181.924
397.694 496.005
-494.78 -431.643
-464.85 454.335
-477.654 -522.403
4.144 -7.847
419.244 505.08
-69.617 23.926
-223.194 538.894
-626.707 -489.643
690.191 -320.321
502.896 630.382
-438.552 605.174
-487.678 -584.809
669.148 -260.11
435.526 529.013
473.024 469.047
-535.606 -425.259
-411.17 -547.421
-327.596 525.469
78.762 -60.429
3.969 30.257
-353.679 676.805
-44.777 -1.392
-311.068 510.571
-442.82 -511.946
581.708 -350.322
58.489 130.642
448.735 455.268
751.214 -368.94
9.64 94.688
85.034 -14.914
541.035 336.96
-542.263 -434.523
694.62 -159.247
564.286 435.031
581.466 538.021
-486.337 -403.778
-24.078 -52.286
568.221 -315.289
154.406 -68.492
24.767 96.559
794.342 -368.917
451.895 543.061
522.907 515.131
551.685 -533.707
-521.674 -450.002
47.107 44.347
-573.486 531.166
-485.397 -476.879
541.737 429.043
-401.356 573.333
627.522 -360.539
-436.147 653.471
-302.006 507.039
28.17 -32.755
-314.376 602.513
4.103 6.405
19.169 60.94
592.214 444.467
-129.789 43.76
-354.847 -446.05
-340.066 566.277
528.554 489.56
-590.752 -604.717
-498.965 641.44
580.175 -236.813
34.721 -100.832
510.88 -307.821
-368.077 468.969
-452.121 -494.962
699.249 -195.733
-460.364 -510.821
729.699 -214.839
-519.684 -587.203
363.877 549.441
827.583 -320.824
564.146 491.322
433.347 404.488
84.943 35.105
-420.914 -374.414
-468.479 -600.266
-358.71 654.233
420.824 655.96
-8.718 23.716
-505.54 -571.414
-498.194 -426.809
76.088 27.633
439.124 351.832
369.631 471.966
-394.839 579.345
567.176 -374.427
-157.018 40.148
-539.927 -443.807
-39.638 95.401
791.603 -244.325
-592.901 -463.617
-5.098 15.108
-376.324 736.926
15.637 1.552
732.883 -260.39
92.622 43.101
-71.705 -14.089
124.299 -110.411
645.287 413.629
694.206 -461.922
772.125 -251.663
-641.099 -475.585
-229.148 697.42
-142.272 -15.996
447.249 509.755
63.373 -137.109
692.385 -244.917
404.737 478.083
578.846 482.7
-51.313 -57.15
483.815 542.579
563.083 444.401
429.368 537.267
645.493 -180.456
-454.921 616.249
394.744 508.272
24.27 -2.968
560.431 614.902
-4.577 -2.313
-309.058 508.973
-500.842 -420.893
407.022 475.752
-328.423 583.562
494.309 552.17
538.771 492.736
-59.965 -26.05
759.654 -395.148
481.412 418.175
-38.822 36.159
742.569 -288.224
-488.429 -426.974
-656.406 -647.377
497.595 517.583
32.816 5.805
-555.24 -517.211
676.529 -184.499
-86.873 136.946
-426.226 635.948
-382.132 598.656
-326.213 -527.661
-429.072 -425.583
823.671 -242.963
-548.23 -515.43
-452.537 -546.868
-90.234 11.085
-502.264 660.387
59.624 127.556
-436.109 510.445
-323.944 588.073
-41.726 5.429
-449.648 579.857
88.275 53.011
611.783 590.212
786.16 -429.691
-533.884 489.387
829.236 -417.566
-477.59 588.86
580.173 616.979
665.926 -327.494
672.482 532.147
-531.125 -462.728
467.046 600.548
-536.506 -645.064
639.663 -243.367
650.714 -371.227
355.208 493.834
-400.378 -537.987
492.724 476.506
-403.971 -591.836
612.818 563.928
-14.603 -19.999
-679.917 -353.946
446.347 364.949
36.385 0.547
-467.435 -416.67
805.464 -325.85
-16.829 56.931
-50.609 -65.195
612.322 -182.986
119.911 56.357
755.64 -256.312
422.133 526.572
615.963 379.507
438.246 379.778
-351.203 682.264
674.647 390.783
-231.196 666.638
-351.549 550.193
672.588 -185.19
-54.103 -100.301
-468.82 -373.652
-354.873 -593.571
435.66 499.8
-395.056 541.77
52.944 56.579
709.867 -282.815
11.249 78.839
815.815 -323.369
673.185 -292.246
537.097 506.104
492.749 505.183
623.861 -350.642
-536.433 -524.965
416.766 657.939
-510.491 -500.205
-470.642 582.361
68.666 107.619
763.963 -221.266
690.326 -319.564
-421.681 -493.079
369.015 546.567
-52.563 248.841
718.576 -326.995
817.866 -311.398
-536.11 -616.655
-400.771 537.642
-559.608 -471.812
-410.431 634.097
-54.645 74.66
-500.549 -469.821
-576.937 495.521
485.265 557.106
10.793 66.29
489.279 421.992
-251.53 554.612
-451.086 -557.397
508.086 437.724
-326.503 567.188
93.538 -2.023
-480.371 608.741
340.669 504.077
-372.192 661.509
406.768 557.266
-406.236 -373.89
516.496 550.691
-409.789 -649.653
-534.641 643.582
-472.67 650.155
554.344 -215.745
-111.512 16.247
868.714 -252.769
-447.966 -417.665
-127.354 -16.964
-563.807 -418.777
617.095 -363.652
88.516 -6.256
539.656 673.86
609.833 -404.403
-352.006 574.354
-40.405 -181.8
-401.185 -492.18
-62.842 6.694
112.685 -26.063
-371.975 625.731
-303.226 618.749
-264.336 -439.313
534.224 542.837
-433.851 670.643
33.017 66.345
-416.91 -287.212
-155.799 161.257
-179.437 700.826
53.236 -3.969
-445.879 -566.062
-1.783 65.848
24.574 57.399
-106.152 129.358
-3.441 -78.335
-378.163 705.628
721.735 -427.164
-448.997 564.463
91.378 -20.969
-589.147 545.282
-524.31 -564.226
692.373 -351.948
468.339 444.641
100.26 -3.765
745.515 -303.186
626.102 -249.111
-577.521 -325.582
-441.381 -388.92
558.184 528.33
751.958 -279.971
-28.139 -147.575
-423.35 530.303
529.72 567.297
627.047 -310.902
750.744 -253.968
879.495 -279.648
560.115 469.918
578.723 470.583
697.027 -232.699
-591.692 -555.607
-320.096 656.805
-28.268 89.083
-431.1 -606.141
-501.287 -303.922
408.555 447.941
656.492 -371.644
499.848 -408.391
146.419 38.591
-357.301 -535.339
624.7 640.58
-463.045 -393.107
729.426 -401.441
603.35 -358.474
97.286 40.71
-491.491 595.112
26.007 59.26
-280.957 650.764
-268.434 533.417
17.426 -50.689
-415.908 -487.981
852.337 -209.78
148.137 -23.852
-491.745 -566.751
-572.226 -348.991
516.576 620.277
18.104 -164.149
-91.706 53.489
-401.554 -539.874
718.49 -206.456
-414.845 409.161
703.623 -458.181
499.881 516.912
-454.865 -447.407
-327.089 615.997
-281.259 548.132
0.369 -60.251
-22.211 -118.426
-92.988 -23.185
-493.818 -460.995
687.178 -280.364
-328.79 744.528
-547.786 619.483
-457.762 569.327
-555.325 718.288
654.594 -307.8
-549.459 -567.877
-76.443 -131.659
-486.269 -410.206
-307.649 734.545
634.66 -225.978
-545.582 -550.773
74.028 17.628
-419.917 541.8
58.276 18.406
-415.969 598.289
25.43 0.479
519.228 497.933
657.966 574.779
-631.504 -495.213
558.751 448.115
-487.275 -411.463
-362.227 578.367
-300.04 633.642
480.393 442.686
574.293 579.298
910.834 -175.397
759.401 -364.946
341.277 629.34
102.184 6.246
-421.086 -494.959
484.582 540.949
-549.672 -460.108
-400.43 412.088
33.545 -47.499
668.281 -231.193
-503.553 -610.7
629.65 486.996
-564.936 -589.038
-701.547 -635.821
552.687 446.93
-425.381 657.101
529.945 519.8
-44.762 -75.193
5.66 15.05
-481.918 -502.235
-515.909 -428.216
51.248 56.931
505.089 427.649
577.244 -268.299
913.314 -277.652
513.894 468.622
-466.478 618.378
99.429 -89.891
681.855 -304.888
436.233 451.585
-363.139 548.067
584.892 455.487
-550.238 -580.728
-501.691 -643.421
-409.95 636.483
-465.785 -588.665
-449.912 -601.316
825.604 -343.103
668.931 -321.312
-618.08 -547.613
-546.699 440.598
771.257 -271.896
803.779 -309.829
41.861 -37.216
-583.889 -534.702
-475.436 600.673
658.128 -319.731
742.696 -311.13
-360.431 -396.986
506.15 413.694
493.297 -182.628
504.707 560.771
-468.965 702.776
502.427 397.203
-55.098 -99.659
-370.506 548.883
-57.679 -69.864
-578.781 -540.25
-447.042 -570.552
86.914 -9.365
51.106 168.784
553.915 560.915
738.613 -376.876
-24.442 109.267
102.753 -38.719
759.161 -162.814
-420.604 703.297
0.21 -92.751
-301.34 492.486
84.157 -48.684
832.459 -281.824
698.208 -457.026
-513.716 597.224
-270.6 552.515
-427.163 -593.984
-19.448 36.519
-483.431 -508.405
621.706 -490.391
-491.095 -578.79
-489.596 -626.635
-45.479 78.057
548.994 -326.491
-529.198 -484.358
63.91 115.074
46.506 -25.009
-624.826 -534.734
611.68 -293.901
478.896 529.62
414.796 372.644
796.014 -423.214
-559.989 -578.358
601.861 426.717
46.892 -32.022
487.159 588.808
33.331 12.638
825.399 -191.881
-580.199 -546.299
-25.275 -22.719
-113.282 31.972
82.476 -83.055
6.657 42.443
726.168 -503.128
58.829 88.84
-601.621 -494.621
-515.641 -525.51
812.137 -265.827
-264.274 454.172
651.043 486.367
-386.526 -400.988
495.538 365.21
688.419 -340.617
-536.741 -588.46
74.691 -54.872
-74.209 -65.157
-525.174 -512.929
-308.018 550.931
-518.466 -407.672
49.687 34.158
-38.899 146.899
-510.224 -650.122
-535.085 -482.48
-34.794 -181.243
-319.846 610.533
-30.117 30.202
510.898 -404.677
-407.932 586.385
581.22 474.196
735.206 -326.614
624.309 -369.772
601.133 502.808
-581.799 -595.005
-470.025 -444.56
540.669 462.239
-15.394 53.546
816.254 -235.462
497.773 605.154
-384.717 -533.684
59.855 80.591
-599.259 721.055
-309.339 505.123
717.531 -266.891
477.869 493.427
658.082 517.177
634.373 520.858
-419.577 678.415
512.533 548.31
-566.465 -542.09
430.109 571.574
-253.269 -113.84
-399.769 628.167
-340.013 621.842
-476.051 601.396
-465.515 582.618
53.126 27.017
488.834 421.892
-97.235 41.629
475.729 566.255
-47.368 48.475
718.084 -256.968
-120.263 -82.452
-342.364 606.319
-420.877 -662.123
-387.839 -353.291
-588.516 -584.485
-542.961 662.147
517.386 679.153
581.458 591.115
469.954 433.633
-349.237 -470.026
738.01 -305.298
-455.245 -493.66
561.666 575.765
545.902 497.05
-44.46 -69.954
-419.818 -524.694
-681.66 -525.786
898.801 -348.786
48.419 81.425
26.114 -18.703
562.375 -320.885
412.045 562.968
-84.649 25.436
-694.523 -476.371
900.328 -171.4
100.588 -98.007
-105.261 126.265
-386.974 527.154
377.8 642.955
93.275 52.877
-493.305 660.27
640.562 -375.902
414.408 520.398
513.426 477.853
-101.293 88.024
561.331 542.752
-514.244 -490.219
-465.064 -528.517
557.492 581.02
-392.12 586.362
533.979 496.097
677.39 -104.087
-457.062 -611.297
-576.667 -398.282
460.121 510.093
-481.784 -566.075
653.053 -335.225
11.987 70.438
-568.92 -657.332
-403.293 649.593
-543.977 -489.127
601.597 -368.145
-736.403 -557.723
604.501 575.572
727.104 -418.495
-267.404 619.499
-384.308 -442.872
-70.77 115.743
-389.747 -513.841
-416.316 673.964
44.372 29.994
611.526 503.445
381.75 413.001
694.286 -385.537
-548.493 -455.398
873.752 -436.828
-617.991 -544.75
745.518 -341.716
-450.108 499.621
-480.88 554.446
-435.009 526.198
104.718 -100.898
-536.834 -529.72
448.67 527.572
-106.47 134.22
-26.357 107.205
93.416 -106.426
687.938 -376.926
498.867 591.46
-452.991 -384.412
577.996 -246.526
-508.843 -561.225
500.092 573.297
503.038 416.342
-472.163 -423.702
-433.138 -400.271
-424.729 530.735
613.791 -311.755
-78.785 91.325
26.244 -12.295
479.042 455.242
500.479 477.358
-457.828 465.616
20.977 -16.274
681.225 503.886
243.956 11.736
406.989 416.325
-414.451 640.781
-507.561 -473.451
920.299 -141.933
593.435 -84.836
672.11 -376.801
7.598 -17.865
665.113 -318.506
682.83 -409.402
-425.462 625.912
-131.123 22.483
700.572 -161.174
-242.08 663.351
657.703 536.205
-499.845 648.777
-178.648 177.244
49.601 95.952
-23.984 94.245
-574.297 -478.085
-156.113 67.71
728.814 -411.798
370.271 527.444
-545.407 -587.479
446.187 604.781
-569.226 -427.492
437.031 545.061
-521.345 514.982
-380.503 -460.877
693.028 -220.73
-381.564 562.399
958.16 -255.317
-383.065 645.86
-291.001 779.414
-394.32 593.074
-57.154 0.814
-247.896 574.9
354.266 561.509
-457.232 490.838
-20.069 -19.094
647.497 -404.198
41.985 8.936
404.567 524.639
-434.007 -526.468
575.518 416.305
-551.52 -382.646
744.363 -287.552
781.118 -158.244
-377.262 648.073
-227.48 619.945
-393.291 -400.945
-443.174 -642.717
-505.487 685.09
-516.478 505.703
-61.083 -147.079
656.78 -263.165
689.46 -311.969
-430.631 706.553
772.167 -318.433
-535.798 -586.015
-510.848 -482.857
-586.692 -558.85
615.122 443.304
-59.939 -108.235
-60.504 153.811
-346.891 686.026
500.704 378.687
498.026 580.106
499.173 371.485
566.346 372.294
-463.269 507.854
-534.646 -421.493
-566.539 -514.422
-446.661 712.622
454.782 364.295
-354.847 588.286
818.829 -355.485
39.124 -31.64
16.644 132.265
777.319 -383.738
466.081 439.988
370.544 493.302
681.991 -270.613
-93.67 11.494
370.418 516.349
-574.732 -372.293
-419.269 751.542
-517.646 -609.345
-616.553 -427.66
-395.86 -468.792
-215.181 563.61
422.917 424.113
-390.743 -438.909
-440.784 612.508
-430.65 -472.968
52.549 -45.269
-90.155 -82.411
467.001 528.186
-522.002 572.296
-598.927 -521.907
678.92 -262.921
-95.543 12.09
-602.36 -568.13
-514.43 -526.816
464.454 364.654
651.323 607.38
-447.354 527.162
492.107 420.553
698.982 -227.673
-497.349 657.574
485.511 365.758
577.578 569.075
383.787 572.314
-301.873 596.905
619.351 -370.822
444.731 562.728
-585.749 -536.156
632.568 -371.142
-487.663 543.298
-435.255 -474.952
615.804 -332.205
630.002 -376.125
-122.02 -10.023
-427.412 667.373
-440.391 604.587
-521.468 -448.454
553.332 544.825
922.244 -326.055
18.114 -76.336
69.988 -61.922
469.87 399.234
-632.327 -530.802
89.925 -112.635
805.643 -374.23
-361.11 -353.872
-309.747 574.823
-330.477 760.955
599.497 471.071
479.584 511.575
-500.645 -556.818
-376.306 526.668
636.528 -358.695
745.522 -308.72
508.021 617.66
-522.394 704.25
40.773 -27.544
-543.283 -504.709
683.204 410.404
29.293 28.06
56.572 2.797
577.357 430.619
728.631 -243.664
642.034 -336.219
175.77 107.094
-540.5 -654.402
444.35 554.063
675.564 -244.795
680.691 -330.237
-385.811 -460.588
0.399 -74.575
31.211 -58.603
699.838 -259.477
-361.122 662.13
9.635 206.778
706.579 -359.467
33.49 -20.282
741.416 -151.413
814.644 -200.065
-33.939 -24.273
-376.829 454.871
-391.995 -443.473
143.285 -79.157
443.05 639.129
-416.357 581.03
-448.506 -592.756
553.304 562.323
-506.406 -502.994
-319.73 -420.415
631.907 -350.834
-124.495 -3.127
-622.966 -564.129
-69.895 28.225
-409.47 459.334
-411.317 655.111
18.597 180.743
-479.285 -460.401
-419.021 637.255
-11.022 89.141
-601.878 532.835
-492.043 -484.239
-590.48 -371.932
-537.697 -443.603
-446.442 -407.297
729.545 -321.87
-496.151 -652.072
-492.794 -430.321
516.172 -272.748
-452.244 617.46
585.362 -313.055
517.289 584.872
-406.816 650.926
514.782 519.311
607.742 -257.124
615.172 -256.022
497.211 625.06
-448.011 515.081
331.72 513.041
-333.788 603.888
59.651 -31.115
-346.798 554.077
99.14 39.383
708.36 -262.886
-390.153 602.849
-371.181 641.385
551.47 508.967
-477.819 -396.023
-546.952 -531.209
-465.517 -500.995
-42.583 55.789
-457.278 -457.983
-486.334 -496.609
-641.069 -544.12
566.84 390.337
728.765 -449.6
44.168 31.716
-511.626 -529.908
792.555 -150.429
64.406 -37.07
-641.688 -579.952
574.864 371.567
524.094 409.802
58.734 40.015
521.403 430.76
-462.07 738.262
556.283 549.733
209.852 76.87
-548.775 -378.866
-121.253 4.945
-434.36 573.308
-395.252 -595.032
689.007 -201.752
785.644 -198.739
-352.026 736.156
712.321 -215.159
-553.797 585.529
-107.174 -127.222
493.999 536.684
823.845 -238.963
704.287 -433.775
574.409 -189.615
-569.97 563.409
-486.69 -548.459
-484.595 -609.535
634.176 -400.022
583.569 -293.051
-370.966 524.149
477.322 458.917
-9.74 -51.409
-416.632 556.043
-466.886 -522.631
552.918 499.271
652.117 -270.467
752.065 -439.98
67.848 72.603
527.12 547.167
793.267 -287.856
480.081 531.827
509.306 -343.324
706.447 -349.639
-409.0 561.102
656.184 526.091
702.31 -208.468
124.663 67.423
291.865 386.206
619.905 -313.548
675.9 -258.19
508.647 393.981
-320.204 415.66
421.239 506.053
-425.084 -503.904
389.954 521.588
-489.125 -466.107
485.381 363.258
-65.476 65.253
729.95 -286.728
153.03 -28.397
825.572 -376.101
-117.071 9.113
101.317 -74.153
545.659 495.124
508.757 400.161
-498.803 683.38
762.738 -252.271
-361.966 636.047
536.705 497.502
-49.462 -14.658
-80.032 -27.037
-6.983 134.992
607.247 488.972
539.676 520.979
-567.942 -502.558
-439.674 463.812
544.85 546.618
-383.91 -529.959
-369.852 610.764
542.479 435.141
712.097 -446.019
-599.831 -548.228
653.022 -216.288
-25.891 -112.853
-555.452 -509.341
-411.72 601.428
-106.792 -47.698
-539.716 -401.36
558.113 479.483
-615.971 -365.084
-399.482 -536.978
-32.226 -14.157
667.347 -438.7
485.497 489.315
-450.313 -408.942
65.123 54.056
750.886 -250.39
26.297 -36.905
-549.729 -612.592
-356.676 569.378
-8.268 72.67
649.808 -232.423
-626.748 -491.948
755.634 -222.959
-479.652 700.263
-548.128 -605.799
616.196 515.677
-545.966 -497.199
-473.412 605.144
-386.206 807.484
-7.151 -41.03
-505.183 -522.064
16.738 0.575
-330.193 649.326
-389.028 505.907
554.52 587.608
134.828 -95.347
-508.134 -502.039
-405.322 -542.989
525.343 480.128
-23.143 -17.951
752.344 -450.85
-72.68 -24.967
613.143 451.341
-545.052 -491.154
-560.809 -607.015
-450.682 -488.335
-11.94 -69.643
-697.04 -479.915
-10.291 97.286
-365.395 539.526
-465.589 -464.128
758.616 -345.532
-48.837 44.546
-326.798 497.442
54.705 -125.239
101.611 -14.173
-428.724 538.191
706.862 -350.02
-592.88 -488.999
-65.74 53.622
-588.813 -601.129
-439.104 667.462
-433.434 -581.112
-555.151 -456.045
-495.561 580.743
-496.774 -416.788
21.104 26.907
610.207 544.249
651.488 -339.658
-237.049 -554.433
-339.81 -389.209
-58.245 -19.929
-439.147 538.892
-477.835 -602.804
-432.5 -450.511
148.852 15.412
636.368 513.121
448.574 432.894
-442.281 666.177
-384.058 491.863
484.757 417.089
534.918 727.074
118.17 -44.314
-35.186 58.952
-73.151 -91.119
734.862 -216.796
125.336 24.125
-545.76 -543.845
517.904 502.258
710.286 -359.478
-570.056 -492.313
-17.678 -32.29
-373.316 -415.134
-546.065 -393.301
-598.954 -627.546
-405.802 558.909
646.824 -199.383
-387.607 594.27
-3.607 -23.781
761.605 -402.921
596.839 433.427
508.482 439.359
546.251 574.12
494.613 549.838
169.799 -45.275
-371.355 585.797
533.158 565.387
500.203 505.419
-11.484 -8.278
-414.925 473.758
-525.877 -339.277
-473.198 -469.835
-457.591 557.886
22.09 -130.7
-339.873 622.01
-384.439 -428.781
-473.966 -519.269
402.412 483.357
674.418 -336.366
456.669 483.987
-448.037 -440.321
-333.656 -521.035
417.287 520.546
688.281 557.8
202.914 -34.285
38.876 -22.436
359.767 570.965
-348.078 634.937
673.154 -293.444
772.787 -277.426
-459.73 623.493
-557.025 -445.063
606.15 644.497
634.792 -232.299
810.081 -203.28
477.254 441.806
-489.268 -531.685
-506.091 662.567
560.83 -252.984
463.971 505.38
-529.422 -440.652
43.333 87.805
-421.433 716.663
539.85 514.23
16.512 -0.893
439.534 628.202
-415.39 697.95
-75.131 -34.371
415.526 381.122
-458.403 561.86
682.406 -310.615
-455.382 -414.954
-253.777 531.864
-547.376 -533.277
555.272 413.271
-507.866 560.939
1.975 -19.263
791.147 -201.925
-516.334 -577.36
445.293 457.781
540.468 454.56
536.32 577.458
660.745 -219.558
-328.578 569.648
-62.19 -88.709
21.641 -57.305
-504.846 -454.626
-504.799 -455.495
-561.322 500.349
-406.218 680.815
-465.037 -435.723
536.977 504.95
603.18 382.803
666.514 -408.308
-590.579 -649.66
633.939 -378.99
0.933 -48.538
-637.078 -486.24
-400.159 520.674
-347.809 453.842
-567.394 -495.312
475.472 524.478
-444.158 -544.14
-214.931 678.044
-550.695 -616.215
-38.437 -26.701
-548.023 -626.788
650.21 -308.992
685.662 -287.594
-566.584 -427.612
-455.516 612.422
773.056 -393.137
866.478 -372.103
819.962 -318.962
656.152 -314.041
640.561 -303.109
-408.541 625.003
-404.034 745.344
-421.139 638.307
21.08 -101.47
669.483 513.752
-378.324 679.558
804.35 -309.742
-525.627 490.648
563.673 477.225
665.194 -323.707
329.81 423.032
-48.929 -150.217
-424.422 513.869
117.532 -134.437
699.648 -130.997
-293.757 586.312
-485.22 654.56
-578.266 -619.242
715.315 -298.087
581.465 344.979
-463.276 -483.126
483.386 474.658
-32.972 -75.814
410.831 435.888
-531.39 -412.049
-454.412 496.696
-25.542 -74.528
-404.94 495.683
584.058 349.102
-513.62 556.211
-523.888 -517.816
718.313 -357.473
-468.786 -528.059
-511.287 -414.615
-358.688 423.111
-536.162 -419.99
626.771 -439.992
140.166 -8.472
-100.115 13.7
-328.289 591.47
-539.458 -501.594
-67.536 -74.537
-415.617 579.473
463.679 469.183
752.89 -291.124
573.323 428.262
553.203 355.706
-479.384 571.872
529.492 403.122
21.746 -144.089
450.466 520.402
-22.74 86.252
501.715 456.622
-430.574 641.758
-408.223 564.432
-487.188 -550.811
-414.095 -348.17
508.458 502.629
218.349 13.682
-405.731 -396.951
685.014 -447.38
-328.231 597.835
-486.719 -498.617
516.51 508.324
391.82 610.828
-473.953 -378.55
479.872 559.61
640.608 432.179
-420.812 674.405
-137.342 -43.887
37.627 -43.239
21.322 -82.506
-251.744 620.917
-266.171 629.917
739.134 -350.126
528.043 462.438
579.894 -360.182
35.395 45.762
-376.143 512.172
-430.209 -448.304
-333.142 697.498
474.887 539.868
469.548 528.959
25.692 1.059
31.753 -19.308
546.21 472.33
465.991 -176.936
708.424 -316.565
-511.047 657.784
736.844 -272.879
626.268 -275.297
-474.434 -682.992
-562.523 -440.891
395.189 512.649
-257.192 537.822
595.447 -254.013
-460.232 658.143
757.003 -344.712
608.687 528.466
482.524 557.4
-439.151 -505.313
813.314 -239.999
560.055 529.437
422.23 473.151
622.462 -309.051
158.266 141.856
-450.497 610.914
-428.452 465.464
-459.609 708.154
-488.882 721.285
789.285 -385.708
459.825 584.952
615.772 -375.475
-264.95 722.371
477.593 514.133
-435.663 -406.385
-517.437 -481.595
431.687 635.366
-456.008 566.938
484.919 616.568
467.864 628.117
434.243 526.231
504.511 467.67
554.844 537.181
290.722 478.6
5.18 46.082
-364.892 523.172
539.404 506.903
-529.283 -570.745
-509.055 -538.192
-86.178 -5.909
775.835 -214.717
460.093 528.158
-393.943 636.11
861.107 -65.361
610.952 -329.008
-528.892 -543.824
-434.071 531.974
-433.434 582.068
-549.313 -643.588
-304.432 582.02
-657.018 -445.38
-497.114 -542.042
-33.142 -96.515
402.299 408.089
-424.834 -662.346
678.64 -282.136
782.568 -235.885
362.724 385.747
-614.882 -515.301
-636.728 624.46
-510.761 541.251
169.81 18.712
-368.171 -472.943
522.3 554.698
-456.44 -420.744
635.753 -164.014
-496.523 -553.194
467.932 309.607
19.673 55.222
574.881 660.435
492.459 562.326
691.695 -314.783
-613.477 -489.039
-414.743 596.392
651.848 -250.357
18.704 35.118
489.362 482.196
676.525 -524.442
-51.229 -21.119
425.149 520.182
-335.243 637.482
128.186 -4.961
14.458 103.938
789.675 -260.125
-2.815 -19.711
504.319 539.861
-476.34 -645.668
-466.632 -437.384
439.237 504.778
-488.086 -486.757
499.686 618.79
616.156 464.159
408.861 539.941
-410.734 636.083
790.298 -300.462
725.197 -294.609
581.761 -180.385
773.485 -289.619
412.268 351.312
2.135 87.707
-596.422 -541.802
6.177 -84.285
-17.299 -156.552
558.948 480.771
-518.7 -470.809
-641.407 -598.887
744.708 -390.082
22.102 -51.238
55.384 -98.007
36.316 -104.8
663.443 -241.838
335.208 458.947
-38.335 -12.459
589.483 -202.117
504.11 493.759
-416.196 -608.164
-667.649 -455.751
58.262 -11.97
-525.545 -549.24
-405.59 669.534
670.181 -244.293
329.051 537.074
-81.867 63.11
-453.532 481.742
634.384 554.019
-112.425 44.429
648.327 524.087
-508.903 -342.453
-393.713 588.677
636.919 440.17
502.588 555.068
-115.172 5.108
-66.835 23.524
-105.012 70.329
-26.681 -45.446
-637.982 -468.229
536.123 496.938
20.111 79.567
-566.766 -437.133
26.652 -0.214
453.965 -279.474
-173.954 24.447
-57.312 -138.898
-306.217 786.003
-19.458 115.567
888.835 -270.193
32.711 11.832
-489.153 -544.671
608.777 494.532
-488.108 -448.236
26.336 136.18
657.0 -281.484
-461.07 -468.169
-521.412 -405.535
-553.325 -608.578
-410.127 512.724
598.841 -347.734
-61.539 -58.044
34.86 92.366
570.757 520.363
-499.779 607.012
-417.685 -606.531
-451.256 -538.217
-2.383 7.515
639.871 536.909
-255.205 539.939
-487.805 635.455
416.552 530.418
-412.68 541.017
779.854 -396.929
-29.509 -202.164
719.515 -372.367
511.734 390.456
-319.877 535.659
591.438 576.128
448.059 427.57
-45.748 -29.974
-58.845 -16.141
-597.708 -560.325
702.439 -302.781
685.486 -330.138
396.651 408.846
601.617 442.106
-489.964 661.695
-584.089 -467.491
-456.119 566.188
719.654 -299.565
773.75 -388.488
-495.991 -464.841
695.367 -287.973
416.36 483.657
-471.937 -381.637
-21.48 39.235
-552.921 600.875
902.9 -282.569
679.923 -328.224
-60.253 -42.606
604.698 -225.742
-240.424 670.129
-444.052 636.984
543.115 -344.382
-345.709 698.925
-354.576 464.621
40.521 -128.864
587.433 560.094
764.942 -294.683
710.752 -343.813
455.911 538.838
127.212 163.691
-161.866 117.895
557.959 484.147
-421.603 -529.614
737.064 -339.693
-623.125 -572.126
-109.805 30.131
756.805 -433.172
546.346 -161.946
652.552 552.525
82.333 -34.74
-425.167 531.382
440.093 435.398
73.522 -65.285
-520.85 -432.533
524.604 608.069
-243.824 614.781
641.966 -314.089
-348.02 650.101
518.04 483.34
797.616 -172.704
523.344 511.016
494.616 434.468
659.793 596.129
-553.763 -466.308
-52.076 -29.947
-481.245 572.67
405.913 589.802
743.805 -364.565
-82.423 63.572
618.463 -306.024
-387.745 606.279
588.112 -406.646
563.834 622.231
654.154 -352.382
733.166 -401.745
-617.961 -511.606
-386.318 507.778
-600.027 -469.806
-478.535 -445.773
557.515 493.896
-451.109 469.975
-35.197 -30.862
-584.523 -530.362
28.834 -43.236
-398.263 -513.961
807.387 -289.514
-302.642 582.957
-314.862 589.081
584.246 -304.234
-333.404 -474.507
-618.837 -509.274
-458.442 -539.328
449.829 486.472
-335.109 686.743
644.264 -377.796
776.665 -214.338
403.767 567.173
-39.368 8.593
-484.238 -548.062
-133.249 -76.116
608.448 -165.788
-512.125 -485.411
-447.211 589.604
444.747 566.026
-220.764 635.126
-391.07 -555.565
789.359 -319.777
-413.17 -508.679
-138.432 88.715
-578.831 -512.355
509.9 560.738
594.663 543.002
-478.946 -539.917
-701.704 -445.805
655.472 -268.197
722.51 -291.747
124.292 103.195
-348.005 -469.958
739.727 -333.338
88.865 17.445
-448.488 472.396
-512.948 -459.173
558.878 554.585
-389.604 699.684
-470.447 716.748
406.281 451.326
474.567 519.762
510.923 558.852
667.592 -230.539
-19.139 -87.874
702.731 -323.336
494.886 327.002
682.023 533.374
-651.542 -423.562
671.249 -301.01
437.127 397.779
-641.027 -631.046
520.85 403.326
-272.664 498.365
-437.479 -570.696
609.147 -423.918
529.875 554.917
468.09 702.815
417.174 397.627
-376.702 538.735
474.179 490.771
-467.488 -386.022
439.375 533.104
-22.686 -19.811
684.58 -224.942
-431.634 619.32
734.539 -262.798
28.702 55.399
585.632 -113.657
-186.614 578.587
102.221 67.715
458.405 419.799
-230.854 530.584
66.656 -60.746
-424.519 569.948
452.04 535.208
592.467 603.1
-316.912 668.158
558.428 -192.497
-70.491 91.251
-596.805 -470.584
587.072 502.442
611.716 -256.652
-339.113 606.222
771.015 -60.218
579.301 464.363
846.259 -282.042
-481.299 -310.147
423.819 459.157
-393.414 491.933
-418.16 678.902
-613.482 -616.996
-670.597 -583.337
597.743 476.66
533.812 411.416
-27.64 119.176
701.235 -401.054
503.757 437.246
753.065 -376.654
660.639 -308.952
-389.502 460.33
447.138 630.411
464.215 586.932
-436.121 -628.759
626.822 -465.539
672.873 -311.624
-294.311 629.779
-17.103 -24.582
-481.236 -455.868
-393.905 758.771
692.474 -164.885
-305.368 555.136
-336.782 623.043
-573.721 -469.84
737.331 -386.622
-454.824 -526.339
-294.592 519.005
-414.637 693.145
-13.242 -38.125
-440.076 707.879
125.004 51.182
573.715 506.931
138.002 10.912
568.117 -266.619
-421.746 577.806
523.674 657.121
709.132 -341.706
373.164 280.67
397.612 536.491
-536.044 -516.492
-387.793 -528.767
-454.875 -469.004
-520.271 701.219
-517.408 -575.061
-341.957 479.729
107.639 -52.913
-265.673 572.87
-498.684 566.496
144.937 189.26
748.215 -391.213
-148.156 155.754
790.319 -367.331
-350.966 625.106
-356.916 -405.577
-56.722 10.157
-491.169 -462.964
448.309 496.994
-261.504 660.369
488.203 446.573
702.291 -308.087
753.156 -201.125
-494.887 -584.152
690.729 -343.622
782.335 -356.624
598.049 -217.798
-247.676 628.37
-310.906 541.444
-93.268 -27.328
-51.627 -8.306
-283.198 648.458
445.59 422.461
78.817 82.654
-484.092 -473.418
764.572 -161.492
726.548 -293.022
-334.928 778.961
451.408 556.52
724.937 -548.545
-414.356 623.059
33.318 9.076
568.363 -390.026
-515.466 641.632
-601.643 512.9
-432.867 -665.737
12.013 -65.153
-165.907 -61.934
668.475 -196.727
-433.82 622.081
-525.166 -542.408
521.165 498.303
-512.627 -603.141
-392.117 703.751
579.148 663.638
34.239 69.423
-513.79 -419.236
-553.806 -569.932
-425.627 -530.244
529.581 555.132
561.273 439.683
692.316 -226.414
-590.781 -334.303
-503.358 572.613
22.798 -1.844
-31.821 103.764
-547.943 -347.05
-494.909 -525.637
67.29 -104.439
-3.3 4.017
-369.85 578.085
771.707 -322.811
656.446 -258.798
-496.206 -662.138
102.076 -16.314
-390.673 392.997
-312.433 688.232
716.1 -215.872
-501.682 -651.293
389.647 485.412
-130.289 28.66
-596.692 -428.884
427.098 516.013
-42.675 100.291
88.598 17.087
670.351 -402.699
732.86 -253.811
-395.512 621.001
-423.673 555.079
660.729 -330.393
-374.598 581.427
620.803 -204.321
-465.355 641.447
-603.908 -407.296
524.541 396.411
458.942 566.367
516.967 586.123
-23.63 -3.416
497.943 620.665
-549.838 -643.285
521.061 -296.185
643.709 585.448
-706.38 -579.4
-502.873 567.686
731.331 -349.041
-526.376 -504.371
681.583 -433.079
430.002 441.199
-475.938 543.26
-384.127 418.305
636.803 -263.322
714.05 -246.025
-494.54 -383.376
610.435 468.322
-441.676 673.524
653.059 -298.177
370.88 399.101
-455.77 639.653
-271.603 674.99
-500.811 -383.777
509.168 572.973
529.229 481.03
-279.866 497.955
566.705 564.329
578.022 -299.423
687.064 -238.303
-443.522 -526.468
-36.78 -0.307
751.755 -342.498
428.169 506.267
31.667 -60.832
-499.004 633.939
435.64 417.053
479.248 532.082
538.135 582.117
-332.091 -670.693
-71.428 -141.671
649.553 -254.142
-489.965 -549.008
-468.551 -521.021
-47.979 -70.416
489.392 455.776
-332.245 567.48
580.981 491.146
-534.299 461.778
150.829 39.834
-12.739 121.663
659.14 -320.34
455.562 475.298
72.587 89.432
459.099 581.535
536.138 572.537
-25.582 -81.104
549.447 474.877
-475.233 587.785
611.186 -229.545
564.688 537.516
-322.965 -542.392
625.366 529.117
-449.693 610.893
-421.773 -374.929
-585.022 -669.619
-497.811 -607.245
-483.377 509.529
12.839 -40.22
-513.897 -580.934
516.39 513.41
-462.943 -553.861
-465.58 -509.102
715.274 -283.855
523.099 495.402
25.321 -198.124
-15.028 133.64
-112.729 25.141
-51.722 34.378
-71.265 -5.644
-366.438 625.204
-506.743 -526.305
747.044 -216.664
524.923 365.891
21.105 57.76
-484.152 -421.988
483.293 540.648
-466.129 523.582
-47.499 -33.279
-307.338 522.203
-409.459 578.313
-124.479 32.312
-418.876 -505.192
532.773 519.53
670.098 -251.48
-479.468 -637.346
-565.681 -487.46
-1.65 -28.746
-99.851 -0.661
-474.457 594.992
-557.743 -500.405
112.918 33.401
-377.749 679.747
-99.738 -60.375
-373.688 477.959
456.699 425.531
-48.439 15.063
549.94 495.507
895.588 -187.842
-65.328 -113.553
698.832 -346.523
-598.62 -623.83
-569.84 -496.509
409.869 438.923
-469.375 -526.381
89.388 -102.144
611.687 549.491
-389.203 594.992
-380.485 -591.472
-423.237 -436.537
-131.401 -82.055
515.848 594.311
-514.148 -461.968
527.861 429.871
431.687 559.962
-452.286 671.35
-477.307 -536.562
446.068 517.982
591.747 424.884
481.364 508.123
489.425 423.026
-373.397 579.482
-386.482 627.291
541.343 448.795
88.498 -55.571
-507.471 449.259
633.898 -286.518
-490.205 -486.385
632.591 583.614
-98.31 202.371
-453.596 -557.392
-513.982 -501.74
-134.144 -45.586
571.765 -161.428
680.477 -331.343
-263.306 582.986
456.731 441.237
-369.117 -552.479
-51.559 -20.4
691.53 -368.698
-532.35 -543.171
-529.588 -506.687
566.258 -397.524
-471.799 -529.878
473.922 524.498
43.732 97.959
-413.491 594.202
660.155 -406.104
470.563 540.439
-553.505 589.726
667.506 522.323
-16.25 -90.216
-561.497 -505.589
-656.127 -555.835
564.731 497.71
-522.407 -539.639
630.411 477.594
727.789 -331.054
51.422 151.762
-458.724 -336.217
-370.755 590.691
-292.585 615.756
718.129 -236.83
690.678 -371.451
110.284 -3.489
574.557 478.269
-500.735 661.225
532.577 507.667
10.379 -34.775
727.419 -366.935
-515.034 481.869
520.468 587.518
-495.512 550.91
-131.179 12.273
-452.748 597.701
-306.027 636.815
-359.248 759.263
738.773 -202.033
-457.792 513.601
560.641 553.755
-91.831 -41.762
-292.599 618.756
720.245 -278.087
13.277 62.337
56.617 -13.376
-449.992 554.33
-355.807 710.202
-492.387 -466.516
-74.958 -30.903
-503.885 -587.228
493.492 529.773
19.123 -151.586
-486.392 516.353
-380.999 -525.092
808.787 -339.275
528.842 625.888
-658.903 -520.952
543.004 -271.525
303.772 447.499
-28.381 -184.607
682.848 -263.939
-561.671 -497.423
-428.947 -465.001
678.981 -370.516
-425.152 -536.951
-373.662 630.469
-431.068 516.732
560.282 547.827
553.933 -380.502
713.622 402.859
758.932 -317.03
2.12 145.883
91.035 19.377
541.245 558.308
-527.54 -418.747
-456.119 632.014
-424.052 699.857
602.331 504.2
-64.788 3.377
770.417 -312.944
-11.258 -35.391
-407.758 573.495
637.262 -224.237
-13.495 -159.562
677.112 -281.193
467.593 547.466
-660.816 615.7
-536.147 -504.756
-383.099 516.73
655.981 -197.463
427.321 493.693
625.32 -327.12
-431.403 -588.956
-391.14 586.982
-57.736 125.303
444.356 359.45
-458.76 708.163
-512.307 518.703
-366.275 607.691
443.842 525.726
17.799 -118.006
703.752 -350.111
-570.184 -407.965
77.94 74.416
82.934 87.533
651.447 -356.405
430.905 450.7
-350.606 288.276
-486.996 599.494
-441.668 -537.533
-539.306 -510.568
698.705 -283.82
-41.976 -26.855
635.858 -241.882
732.671 -281.229
628.181 607.911
-382.282 688.562
482.188 460.69
757.512 -395.458
754.547 -291.929
-465.626 -701.785
735.474 -313.753
711.064 -162.179
-386.92 -453.59
81.742 -44.662
-372.436 596.182
467.003 437.128
131.232 -76.273
-435.906 648.88
-497.67 -477.669
512.877 506.22
587.487 445.065
497.264 377.062
-516.427 680.076
-583.776 -540.781
-103.549 -71.419
532.547 -409.009
673.699 -312.105
633.546 -393.111
-333.226 701.547
-494.654 -475.235
-658.331 -517.989
688.8 -291.415
-23.917 12.497
692.052 -129.214
508.495 494.702
-367.395 -481.724
-369.811 560.086
513.777 585.334
-374.385 624.888
26.448 7.519
572.308 363.883
-347.483 703.517
711.314 -269.195
680.985 -434.572
-510.921 -580.489
-198.61 645.742
-7.444 169.125
789.483 -286.185
-409.601 592.075
74.076 -109.782
759.197 -303.875
121.776 52.459
-21.987 43.223
-477.307 563.571
787.672 -241.973
-76.25 -32.921
472.901 593.406
763.415 -360.408
39.461 104.632
-470.34 688.237
-314.837 705.591
-359.328 595.353
-542.999 -444.719
-488.192 -502.72
-41.03 45.896
547.594 -416.493
-278.755 557.735
-609.743 -523.362
-480.94 -607.438
484.919 549.778
586.188 555.317
-213.659 634.015
-480.421 -494.429
649.303 -164.853
463.152 563.825
727.39 -249.158
582.298 503.566
474.038 576.048
-267.694 689.677
743.021 -304.594
-64.022 2.374
877.475 -399.691
-406.481 -489.48
58.772 -85.747
-246.12 642.502
593.574 -208.271
-166.471 40.839
146.306 -44.651
-476.016 -585.49
-460.76 -516.412
-561.223 -489.935
474.567 403.096
719.082 -340.884
440.218 449.981
466.654 -401.499
477.331 456.495
752.722 -312.81
-44.761 58.489
744.489 -253.172
-308.429 637.451
606.651 -368.101
572.861 394.712
-404.071 -516.626
686.256 -326.54
-405.038 -434.297
-90.27 89.057
711.661 -281.229
-424.569 -447.049
1.515 40.671
-268.004 593.706
-398.2 -553.015
-479.947 557.948
-333.472 478.303
-328.395 657.275
-285.875 661.741
490.785 439.222
34.094 66.538
23.964 -81.537
9.037 -220.742
-694.419 -630.372
76.001 53.132
53.726 -35.502
-400.016 561.543
-381.749 666.909
500.27 533.89
-455.896 371.719
-115.553 7.51
400.613 450.872
-393.215 449.866
-366.378 738.576
35.694 16.673
-23.261 -121.787
593.53 434.9
403.148 544.678
-312.65 -496.814
-436.46 -476.02
690.479 -323.627
-91.71 -65.327
-371.315 490.706
562.526 399.292
396.602 490.897
647.756 -402.864
-279.482 647.072
541.585 603.31
641.854 -261.866
574.428 425.254
-430.101 668.48
643.095 444.333
59.419 92.13
-24.551 118.945
-521.392 -599.532
481.151 432.788
-464.581 534.417
664.606 -376.175
-379.553 -555.75
648.991 -202.64
-269.97 461.552
370.598 488.734
-481.078 -409.955
-505.114 -591.26
664.366 -402.158
-43.104 -86.606
690.306 388.0
396.024 574.855
-500.65 -548.121
-563.457 -597.885
626.94 466.549
561.673 468.909
-523.555 -422.345
40.864 148.093
456.87 621.721
703.879 -274.896
48.156 64.815
516.989 254.034
609.644 -291.628
-475.761 638.955
-382.261 667.488
-339.197 574.063
-462.136 -550.156
32.844 45.92
449.344 539.173
34.927 50.071
84.839 51.232
444.427 418.452
632.02 -356.578
-409.86 -620.599
550.822 -290.271
-400.999 643.041
-62.333 37.718
-550.349 -500.986
163.824 20.68
-593.657 -391.667
549.299 548.38
544.227 512.819
694.451 -183.865
14.169 139.347
792.981 -327.274
-461.689 521.477
-398.121 615.728
707.365 -263.551
635.93 -318.627
-512.44 -580.756
661.818 -269.875
-360.188 892.626
9.566 140.732
26.362 46.874
-369.576 770.194
-393.515 -335.18
-553.824 602.962
-9.014 7.39
773.579 -258.031
424.687 481.896
703.261 -277.787
-505.862 -621.335
-77.011 29.203
-386.702 463.147
-24.728 123.866
719.906 -261.472
719.11 -367.705
-440.473 609.516
839.836 -232.903
-504.982 -574.959
580.203 541.098
447.071 352.987
501.389 561.246
-488.226 -505.563
-9.927 73.852
-527.003 599.621
666.327 -441.393
-168.066 51.563
557.593 525.323
-460.811 533.857
-408.339 594.624
-50.155 140.669
-12.858 83.039
755.37 -382.377
-443.843 -390.136
525.564 397.262
-433.342 -336.411
-396.043 814.76
-310.404 664.321
428.204 494.649
-90.258 53.689
-455.824 521.87
-476.107 642.482
-574.176 -526.014
645.308 -341.669
424.907 576.593
-495.711 520.187
-317.495 -557.143
569.924 562.073
453.137 542.404
748.297 -335.368
383.866 444.915
815.399 -395.6
-480.618 -521.64
449.642 444.364
701.23 -429.899
51.939 -98.147
433.729 507.84
-476.361 -444.041
580.611 532.095
-86.143 -1.403
-371.5 487.493
515.375 515.525
-418.734 -473.765
-381.203 -334.776
-527.142 -489.031
669.604 -375.122
-434.276 -426.309
458.543 551.044
703.525 -404.664
-33.713 111.175
615.133 -197.843
-587.326 714.347
-400.602 581.436
607.423 513.483
-331.114 658.099
698.504 384.548
-126.28 110.312
-391.266 657.279
-541.044 -481.269
464.164 475.494
640.194 -241.966
-435.062 -600.417
468.918 631.733
593.31 -210.054
-373.423 -583.965
583.367 -289.242
-393.81 430.463
-350.061 611.791
36.66 -5.25
-569.754 -445.786
445.36 470.155
-80.569 -52.727
617.577 -381.119
443.468 509.376
-63.23 61.456
124.893 -118.054
-450.428 573.47
945.113 -381.868
359.313 476.098
574.445 405.038
409.72 664.22
-376.556 594.35
562.69 -334.382
-508.038 553.672
525.127 438.169
-370.135 622.895
-287.964 668.809
-468.724 429.35
568.545 -388.813
491.882 366.08
147.394 22.632
-522.229 747.524
-58.775 -10.23
-599.04 -441.719
-542.023 -499.616
480.881 502.584
-532.487 -426.287
-54.568 -4.192
393.808 608.566
499.589 411.186
-395.006 495.056
-341.43 -489.039
-543.1 -499.334
-369.05 -408.269
750.388 -264.865
48.896 26.509
516.396 -263.463
-378.53 751.537
-374.962 657.194
-46.436 12.845
-390.961 -520.922
507.609 -244.543
45.529 -20.146
484.866 359.97
-559.342 -614.054
-352.808 505.564
717.589 -304.842
394.801 583.842
-405.511 587.098
-326.822 -434.528
498.847 436.065
-379.321 -526.263
799.931 -262.37
23.498 58.864
483.256 599.659
-451.475 628.373
-15.524 -14.025
15.131 2.569
-401.237 -472.168
626.26 -307.693
476.205 464.668
479.632 377.704
847.771 -312.573
-388.057 686.966
514.227 577.311
-491.941 -397.274
501.616 509.156
169.175 93.897
-313.449 513.222
581.002 -267.052
-512.828 -504.993
571.824 553.317
-459.248 -510.929
-498.995 -555.024
-158.939 -132.73
44.929 -99.082
-633.387 -496.497
-438.111 636.725
528.983 494.098
-426.118 -521.669
-392.011 688.301
-444.263 593.765
-438.28 -425.783
-570.662 -453.882
-429.325 -502.099
448.921 486.216
-360.128 486.777
-453.04 -572.645
-374.934 -490.222
-561.64 -455.087
-70.658 -67.0
514.34 537.162
716.812 -231.84
-483.671 589.335
-422.704 -486.21
-510.431 698.285
596.289 425.791
-514.442 -489.204
-461.095 578.673
62.21 105.767
-402.238 571.4
-280.234 508.068
-594.664 -422.342
-412.511 570.393
-516.168 548.181
-365.87 477.82
-584.859 -343.906
572.649 -292.29
-138.843 -82.073
709.603 -308.885
-529.496 677.033
533.432 422.926
671.774 -309.787
-316.606 579.269
644.871 -238.578
721.873 -438.554
-508.82 -605.999
-520.779 -645.988
-530.803 -432.265
-77.669 -32.723
631.669 -234.338
-405.582 523.737
706.24 -187.333
540.375 465.689
732.922 -538.603
-395.876 746.116
56.009 -32.388
729.003 -370.411
27.007 54.612
-88.53 -26.047
818.908 -333.128
787.37 -240.698
-17.236 -99.656
373.405 481.245
588.124 -275.549
-433.361 -559.803
492.173 632.966
-248.908 659.208
672.741 -344.001
-425.635 534.162
-604.96 -475.156
771.283 -264.09
-534.571 601.925
-217.744 504.163
-463.615 642.029
766.413 -257.142
-308.135 508.571
98.039 -51.696
-437.485 -599.826
366.931 498.997
-471.809 -532.912
-68.336 -18.432
-452.442 -415.369
562.845 403.043
-545.77 -389.889
898.281 -288.885
-192.244 677.47
678.669 -352.714
805.824 -292.805
-518.9 626.55
497.361 517.758
-60.817 -58.478
-506.401 -560.305
-416.54 545.581
602.84 467.94
695.382 -274.855
-500.863 704.84
580.887 -369.279
-504.54 -384.335
615.058 -270.987
504.418 555.019
-318.995 659.914
-287.545 807.796
-544.708 -597.249
-9.268 104.358
-690.119 -309.008
-451.734 621.481
-419.892 575.223
-397.616 -519.625
853.943 -477.786
-534.592 578.014
-280.553 701.491
-494.929 726.602
766.996 -256.014
-472.764 681.935
666.301 -370.187
-572.196 -497.716
-531.481 -367.057
85.555 -60.954
-340.631 532.26
-437.636 675.968
713.317 -267.049
-377.87 495.381
505.505 399.206
-360.135 628.428
804.439 -133.936
510.783 435.146
27.225 -71.888
-498.25 -512.591
353.229 394.865
-497.283 -526.11
-92.265 -39.327
710.92 -228.149
60.013 -108.977
29.026 -25.974
560.915 -169.471
761.655 -229.642
-495.13 -506.057
-342.11 -526.404
-383.016 464.069
748.04 -366.516
-48.055 -79.278
14.234 -12.987
-67.329 -116.286
9.734 -12.846
610.459 468.342
-57.867 11.797
562.289 664.076
724.295 -305.066
522.532 509.08
-512.831 -570.334
772.556 -427.386
-48.657 -44.998
-546.925 -473.638
-73.391 73.621
-76.801 5.064
-396.297 618.393
-499.136 -571.972
565.227 502.944
-348.098 582.333
-21.626 -129.167
647.673 562.574
-408.651 -531.928
-426.771 -564.616
-97.138 16.972
689.009 501.84
22.406 -38.426
-12.857 -5.027
700.61 -260.181
584.291 430.823
-273.35 485.285
559.298 619.543
414.34 463.511
-492.649 628.847
489.116 540.793
403.769 520.473
-567.069 -436.382
-526.372 -373.375
-307.528 563.551
-520.423 -458.152
-360.873 661.57
-468.867 -677.085
685.117 -374.127
743.68 -253.399
-453.128 652.651
-389.945 533.801
612.329 506.722
-549.664 798.501
-432.892 -674.874
-484.147 -514.755
-394.457 604.322
-331.323 480.251
-389.184 -518.227
664.707 506.589
704.126 -235.543
495.89 364.215
-525.748 -571.003
-378.424 498.206
30.225 12.981
-627.442 -456.628
-284.448 537.881
-502.355 -508.84
355.58 502.387
766.624 -288.839
629.509 -411.191
915.614 -312.549
-385.325 -616.666
-324.271 599.424
451.155 495.064
22.043 -94.362
-23.529 -11.219
757.509 -310.698
506.553 -254.429
581.026 509.397
859.838 -433.657
-255.124 591.421
-85.703 69.188
461.525 415.561
546.205 578.013
-393.391 508.242
-370.456 -539.784
751.871 -509.525
-525.805 -390.33
710.567 -176.683
-86.693 -129.823
641.662 -504.811
672.808 -370.027
-357.064 688.069
-80.339 -128.084
-385.701 -615.186
-681.135 -380.66
516.582 341.562
467.471 610.946
-14.042 59.536
411.324 642.865
52.337 134.811
737.368 -323.363
791.438 -146.662
-397.304 -526.437
-451.083 -481.709
615.451 -289.475
-436.229 -581.976
-414.864 444.239
-35.516 103.138
454.525 472.034
-367.37 604.26
-321.408 536.829
688.911 -243.499
-454.619 -550.921
727.98 -408.981
-503.581 657.913
-469.772 573.889
-477.52 -608.747
370.944 416.815
-355.683 -326.973
41.154 51.604
-431.211 -526.625
-397.673 -297.394
348.959 375.732
-456.805 -408.56
18.769 -6.74
-344.059 637.073
-474.562 -473.525
651.173 -466.195
554.446 545.549
734.21 -211.069
-519.117 702.66
-493.678 653.254
699.139 -334.234
662.405 -167.762
557.908 516.874
-296.422 675.948
-489.063 474.425
725.98 -332.47
38.208 -124.423
-459.578 626.215
950.712 -377.253
-603.884 562.546
-556.068 584.878
-176.978 722.023
424.64 531.594
-480.011 -323.854
-18.417 -20.527
557.659 579.545
796.932 -258.657
725.886 -478.333
-133.545 -54.052
779.96 -286.073
494.749 525.947
540.221 374.428
609.512 -205.759
-398.923 642.541
196.04 -13.977
-591.267 -419.419
-297.476 550.276
315.843 602.588
734.183 -148.292
-399.852 766.009
516.27 416.154
133.626 -9.583
-270.475 612.236
712.662 -261.847
-318.565 -506.085
-235.418 673.421
-56.657 -78.722
-598.394 -548.539
-494.81 -438.764
-240.034 584.66
515.891 515.166
-364.47 634.21
-364.223 604.901
696.821 488.395
424.974 452.2
522.9 -205.757
499.673 614.12
55.857 81.214
706.147 -437.413
427.977 428.336
103.523 89.119
520.93 532.33
-505.38 540.686
-398.855 575.289
-643.616 -402.326
-552.16 -474.15
-528.786 -541.454
-332.684 631.651
-432.559 739.864
488.344 682.328
-476.63 -438.914
438.146 452.925
697.739 -284.591
434.465 658.765
636.628 -254.126
127.772 89.044
785.89 -306.551
744.672 -248.251
755.776 -293.124
786.365 -201.919
-689.667 -516.304
-513.032 -497.328
633.005 -360.149
447.898 525.365
-441.226 -489.372
617.769 399.363
725.156 -349.176
-55.53 60.284
19.451 -31.631
360.736 535.065
539.41 356.254
-399.853 671.892
-145.773 10.754
697.637 -412.698
-486.239 602.7
529.447 568.951
447.74 385.321
103.5 5.533
16.033 8.744
795.618 -194.588
-79.391 -200.754
749.015 -225.798
511.954 391.376
677.328 -302.104
488.622 419.922
698.582 -479.652
-377.138 -359.263
-13.078 46.009
-419.859 541.535
59.719 136.273
-358.637 -455.698
449.969 470.424
-581.526 613.938
765.525 -270.23
684.521 -275.283
-511.554 -579.313
-47.598 -20.56
-17.33 -81.795
492.896 496.121
674.848 -323.392
674.27 -323.385
694.455 -251.215
-454.282 -521.945
-465.275 -600.754
118.171 -14.683
418.417 436.377
-235.748 428.128
714.416 -290.42
-360.586 628.293
589.092 -360.463
404.098 559.098
-5.945 -95.965
98.694 -129.721
-486.791 -524.14
-662.581 -551.979
-479.852 621.904
-410.817 -563.227
-450.391 629.466
565.806 -216.529
722.351 -258.643
-382.18 -569.76
-547.637 -451.991
377.603 604.87
-374.843 606.637
-59.31 107.025
678.982 -280.134
473.195 635.39
-295.758 602.841
466.805 478.412
691.139 -272.844
813.761 -301.032
-451.344 -639.653
-504.965 -452.013
451.848 494.88
501.019 522.438
-393.822 552.625
-412.107 543.583
403.695 443.601
-550.946 -447.047
-558.831 -499.655
-90.963 40.002
-525.548 589.378
468.746 449.39
-393.99 636.521
-322.658 581.774
-373.722 510.054
33.824 -158.112
565.97 445.399
-454.056 -442.17
-459.385 -549.755
41.998 60.432
-475.999 -425.825
-506.991 -532.27
-397.71 528.283
-394.575 -581.965
-34.874 24.493
374.69 400.838
683.448 -218.146
55.328 -155.013
-434.802 632.44
659.636 -186.335
29.467 32.119
-459.809 -399.61
466.554 455.399
-522.18 -462.024
-457.2 -544.577
678.028 -332.554
4.838 -3.723
497.091 549.872
582.555 -249.425
617.77 -367.174
-545.532 -517.597
-475.851 644.209
-48.828 38.667
696.872 559.33
441.096 472.197
-342.303 -578.897
656.808 -268.666
770.141 -251.591
-479.138 -443.507
-466.815 -435.274
-479.643 639.787
-516.549 703.988
-418.555 543.893
705.04 -269.107
-304.037 657.854
-58.563 6.281
639.471 -461.729
-37.959 4.319
-454.682 610.736
563.621 -248.838
818.53 -431.357
-579.249 -562.03
-429.425 -484.025
-562.356 -502.241
-8.936 58.449
555.191 -320.287
828.424 -165.252
430.54 480.686
-471.128 -551.634
-401.312 580.707
745.954 -228.8
-560.989 -521.578
802.109 -274.422
-417.126 589.574
588.512 -358.284
-519.783 603.702
759.539 -276.768
623.292 -365.221
-470.65 -565.879
583.916 569.187
468.143 528.491
-600.531 -673.932
-14.685 -139.839
748.22 -90.441
-503.386 -470.562
-245.388 574.344
575.032 521.737
653.035 -328.623
670.739 -376.704
755.825 -423.272
-43.783 -31.87
-53.7 102.919
-300.074 604.329
-25.503 -33.531
-17.852 198.331
842.717 -168.387
517.536 502.882
-337.569 597.399
-487.719 -403.837
-369.782 551.511
-636.398 -524.452
29.508 -95.164
-465.453 471.38
553.816 501.704
740.719 -195.947
-444.896 -649.771
-87.961 86.525
535.778 520.979
685.507 -302.652
-437.173 -674.346
-374.679 490.907
614.736 -347.94
-450.909 708.873
-525.677 508.948
693.313 -259.124
-334.57 589.027
-404.391 568.135
-106.833 -64.996
49.873 73.451
753.069 -161.87
432.405 542.885
600.608 471.008
-476.732 -351.636
584.892 569.355
462.966 512.947
-202.863 568.521
69.441 -91.798
619.615 -294.666
419.82 509.641
-493.953 460.038
681.461 -259.579
44.91 133.133
-384.974 542.343
-334.771 613.822
609.672 435.31
-675.891 -485.103
-382.972 593.861
649.884 -357.946
-473.988 -614.764
559.573 583.652
-102.169 -24.154
55.899 -248.974
-546.285 -454.928
-526.697 -511.494
-574.235 -624.128
-676.363 -444.651
-289.904 635.606
639.538 358.287
-465.025 631.46
40.102 -80.345
671.198 -225.398
811.382 -199.407
18.464 131.252
-467.914 -592.725
504.635 473.586
-642.161 -544.217
-394.606 -603.949
-429.6 -467.551
-349.916 536.939
-82.099 98.47
64.358 69.236
141.418 -146.712
589.217 -423.837
725.999 -320.751
698.175 -322.14
9.276 58.372
-169.85 37.287
541.081 357.61
569.601 615.628
20.454 -17.04
673.936 -173.574
25.497 80.288
419.965 636.889
844.46 -349.921
449.473 565.341
564.513 612.558
738.071 469.408
75.098 -98.942
126.055 20.059
-32.384 -128.562
-546.522 -500.931
691.346 -301.597
-554.621 -516.738
420.156 573.212
688.882 -291.468
691.401 -429.717
-335.12 707.501
-437.342 -443.087
548.431 598.142
-259.215 635.582
-378.849 -421.876
664.633 -309.078
46.328 71.96
449.627 503.891
-6.876 16.775
-33.213 -70.994
29.312 -178.588
636.769 -305.03
-437.657 618.556
-40.474 21.503
44.429 48.962
-9.543 103.943
125.43 -28.441
-328.287 680.174
-499.474 585.559
546.152 619.002
515.014 418.853
46.927 -25.342
444.188 401.091
745.418 -363.546
901.716 -234.839
-77.001 129.737
-98.127 -34.42
-5.084 -29.531
-202.563 577.339
119.139 -18.853
455.322 675.697
693.651 -334.572
-15.032 58.41
843.523 -292.92
624.428 399.456
677.919 -202.454
-580.717 -531.735
496.693 527.471
577.762 514.61
-497.925 -498.464
-508.313 -540.433
-357.632 681.39
-99.486 -21.601
-327.103 586.656
-451.352 557.767
-416.659 592.686
529.826 478.394
-410.272 -500.875
3.609 -36.969
-130.884 -66.932
25.015 57.28
542.374 564.219
-427.432 655.227
-427.746 663.113
-13.854 77.953
-477.427 -487.012
-490.569 -466.797
-650.877 -665.254
-477.638 -487.392
-464.815 646.733
472.111 372.379
-535.788 598.186
478.442 534.276
-393.046 -602.43
491.016 564.123
751.586 -408.875
-182.597 671.776
788.574 -278.024
-139.59 -111.162
-479.988 648.419
714.155 -333.382
865.715 -339.762
445.646 493.898
-559.701 -687.37
-400.61 555.633
-470.84 -481.044
727.94 -408.788
480.284 441.44
5.979 -115.476
788.865 -347.703
-257.214 573.015
636.594 -213.69
-492.031 -477.378
-54.209 45.898
455.988 472.022
641.709 458.926
485.943 509.867
696.982 468.875
-63.729 -33.048
-418.221 576.22
414.125 483.424
20.778 28.027
303.168 680.233
581.479 499.531
-36.718 181.608
444.66 507.085
-485.335 680.143
-429.988 591.878
-558.749 -369.065
-427.295 -497.99
715.102 -228.521
542.064 524.099
636.215 526.174
-107.421 -29.57
676.921 -274.007
114.133 -55.525
-97.136 7.314
636.665 -369.284
-310.899 618.704
-564.061 618.303
647.953 393.163
661.916 733.535
671.43 -261.485
516.147 510.428
486.061 525.623
-374.358 374.344
-423.427 -689.101
-431.313 -464.609
-540.381 -394.947
-71.417 -21.572
521.081 457.234
397.511 528.332
-513.545 515.86
555.173 500.76
45.57 83.576
112.113 93.067
-543.621 -572.459
-379.34 620.927
646.124 -199.004
-510.405 630.817
728.237 -374.423
-332.144 -580.626
-458.469 668.637
618.577 -491.358
-51.107 -28.542
-448.861 -418.682
-401.667 549.31
-453.936 539.425
-488.5 -453.002
-511.787 -305.312
-368.05 -504.406
-395.249 585.408
-238.581 82.026
-228.143 717.397
-507.407 -499.98
671.864 -297.879
-237.99 743.747
460.089 414.564
-44.298 22.078
-27.666 -90.788
687.58 -391.895
-403.585 -380.427
437.643 455.53
577.859 -354.999
-503.778 725.678
-398.413 599.547
-351.172 534.491
-337.332 -636.902
420.226 459.567
572.239 506.987
368.193 363.052
-550.375 -383.15
650.969 -261.188
74.904 -17.723
-5.77 -121.932
-388.278 616.405
-77.149 -142.008
-94.057 153.799
-42.365 38.038
492.673 465.868
637.426 -261.919
724.958 -227.297
85.27 -41.558
426.217 315.705
691.358 -164.433
465.567 376.66
-49.361 -32.999
-451.445 631.8
31.519 -179.789
5.347 9.044
-547.779 597.968
-33.485 76.412
717.217 -350.494
-19.154 1.026
108.44 -65.616
598.797 443.653
-45.061 -47.964
-580.47 560.254
425.542 613.128
-560.69 -454.831
565.097 611.517
509.533 491.667
-9.298 8.03
714.525 -349.926
454.272 553.307
647.556 -353.455
684.988 -307.756
530.545 603.269
551.159 -374.948
758.367 -191.385
533.489 323.709
478.848 548.155
499.033 555.159
-288.465 639.251
447.699 580.791
373.26 564.813
-474.519 695.979
-29.281 -153.373
627.868 -253.031
-587.269 -437.967
-483.11 551.776
-536.294 -469.08
733.061 -204.475
491.119 520.671
781.366 -399.43
438.218 694.045
-19.655 -55.479
396.133 523.529
526.445 513.269
-115.666 9.132
-397.359 -360.393
403.981 432.716
-333.674 687.058
-437.505 -482.087
389.692 593.648
497.296 537.226
-73.821 105.65
-674.393 -597.627
-541.99 718.282
25.745 -168.925
455.609 462.544
-510.462 -402.167
-581.083 -675.089
486.951 469.666
-449.864 638.91
-429.084 744.112
-409.286 527.974
-392.428 662.23
663.898 -302.109
118.119 -86.967
499.736 344.671
456.778 538.4
691.111 -304.538
-520.475 -417.221
156.724 37.063
-77.14 35.708
678.353 -291.768
-136.923 56.706
656.421 -339.574
-378.287 -459.457
766.703 -214.788
537.859 469.437
120.023 139.19
-525.055 550.706
573.085 491.799
476.956 482.699
-31.398 -19.264
682.325 -389.741
659.666 -368.895
490.978 411.756
-457.446 -520.45
-564.657 -435.138
-103.92 42.297
-7.945 -13.655
-271.665 434.243
496.04 667.94
465.039 419.831
704.351 -252.912
654.188 -100.666
-614.35 -430.364
681.445 -268.115
-417.678 -484.559
458.509 596.57
-29.151 -202.52
-470.367 675.412
667.63 -383.235
407.782 619.416
-496.229 -577.942
731.829 -222.513
663.333 440.416
642.968 -390.809
791.67 -366.174
611.648 -355.745
-481.87 -534.795
-483.075 598.257
468.784 453.301
520.621 494.503
639.632 -338.624
-558.971 -416.785
-6.122 -63.001
-52.743 121.739
-602.711 -522.933
676.434 -276.872
758.462 -346.421
473.971 483.789
-51.158 -40.136
-421.216 593.373
-185.545 -100.676
-587.56 -565.413
-496.684 -533.864
-452.553 602.318
-76.1 23.492
512.002 539.903
-410.12 811.316
544.957 513.266
106.09 -122.855
741.624 -337.177
-471.515 760.354
71.15 -82.332
747.48 421.281
-389.359 589.049
716.756 -375.459
2.698 -49.448
-401.254 652.219
437.567 672.459
605.957 378.469
-407.514 603.387
-284.222 639.248
-46.259 -126.719
-84.386 -80.688
-486.17 -390.055
578.578 404.106
-288.547 627.916
-400.353 -496.332
-44.791 -12.901
17.99 -19.321
526.241 431.548
-345.807 537.45
-481.77 -440.444
716.309 -348.671
727.467 -350.673
552.079 506.921
-20.6 -25.09
-460.379 600.16
-439.59 514.234
618.421 -240.898
423.411 389.058
-601.874 -564.168
-358.364 646.455
-398.718 504.802
-382.857 -429.123
502.257 444.19
-86.358 -24.034
-298.368 742.087
478.944 516.109
-438.306 -548.325
-384.754 683.042
-499.827 526.6
544.41 -315.233
-351.35 634.439
-363.968 545.493
-101.075 -4.129
-436.73 705.025
-288.611 449.32
545.372 -229.728
532.469 497.309
762.165 -274.636
-394.697 551.43
-0.552 56.197
-389.379 527.746
-594.461 -569.108
-585.037 694.891
448.151 282.73
-66.491 59.267
-452.929 -395.084
447.48 583.549
-47.667 3.731
-285.475 641.225
34.872 -99.394
726.774 -376.9
-343.617 575.863
590.03 591.675
-107.626 -143.197
-414.762 -373.118
577.298 482.798
-534.608 -438.458
-348.419 -505.492
-566.042 -502.788
-400.085 -518.168
-471.355 -537.202
652.329 -277.438
-413.514 610.281
24.179 67.742
-510.305 402.608
-408.738 604.432
706.267 -208.135
731.338 -256.939
-481.027 -535.703
595.544 489.055
794.626 -219.795
23.184 36.529
760.659 -304.487
454.97 529.124
-57.031 164.591
127.907 122.014
-201.585 74.143
37.056 -47.695
-647.519 -473.059
758.443 -351.735
-393.551 567.688
41.203 31.609
613.35 561.4
-75.649 -135.36
-477.202 621.4
418.132 567.824
-421.607 717.461
526.03 402.278
-262.766 613.072
517.74 533.402
844.395 -287.162
-414.015 566.697
-583.131 -373.726
508.448 579.532
-11.963 -11.132
426.366 572.683
-397.399 655.066
-338.441 647.337
679.133 -324.789
570.197 519.059
-368.268 -369.047
-536.631 -455.932
-380.797 591.569
673.16 -362.723
488.015 486.91
682.647 -192.747
47.703 54.726
424.821 469.361
705.111 -175.363
-51.063 112.668
752.09 -281.817
-439.069 -441.616
696.221 -162.346
-569.516 -559.254
-473.575 -485.987
425.643 570.0
133.341 -82.743
831.404 -266.924
-254.859 486.385
-479.806 -527.147
498.826 540.809
683.497 -250.234
649.611 -446.836
538.136 581.682
463.521 544.065
-497.47 -482.029
-43.797 59.564
498.525 241.812
-88.595 87.318
667.309 -348.661
647.444 -216.724
511.944 482.09
585.869 494.844
-545.572 -528.077
-33.951 -110.034
-606.618 -560.042
496.728 588.726
-507.683 -552.265
-431.41 -442.816
-438.604 647.657
34.11 -35.285
-651.363 -466.289
-81.115 47.26
-537.351 547.206
801.747 -179.769
734.132 -234.561
-498.895 -520.386
29.179 55.056
667.091 -299.989
-501.818 -476.409
-458.639 644.898
125.217 17.623
637.494 -327.761
-392.092 -433.1
-511.884 -499.935
-488.614 -538.762
-3.764 -77.985
668.964 692.92
19.089 -13.808
737.314 -483.641
-375.96 516.183
11.021 -61.787
-465.67 579.184
619.681 -361.108
-471.43 607.804
-10.308 46.422
585.143 449.576
-60.701 83.052
26.269 37.16
-438.441 593.772
-449.423 -461.22
-294.188 643.056
-319.785 492.753
524.287 648.641
-405.916 559.872
-546.313 -412.112
-517.048 -595.23
-84.032 -39.151
-447.361 513.627
517.765 521.122
133.892 171.954
-342.906 -540.786
634.109 -358.269
791.076 -187.499
-317.814 625.497
479.102 447.48
-399.44 -420.73
-497.086 621.565
-81.267 -28.035
-444.639 -419.053
-28.439 93.573
-398.332 723.128
-587.398 -401.208
45.175 20.203
-57.975 87.412
-436.162 -446.683
-394.529 406.785
59.951 126.298
-456.545 517.942
455.364 381.549
444.531 326.388
-525.464 -705.512
-539.973 -503.737
-453.923 680.604
-449.401 567.482
-63.686 49.701
-98.028 144.624
-407.168 708.598
625.267 555.157
530.461 476.811
-625.174 -388.178
752.188 -366.891
-421.374 531.082
547.811 494.51
-580.555 556.815
-410.687 662.791
524.151 416.116
-415.533 -525.59
-439.421 -489.576
244.627 480.713
-415.496 -458.937
-503.815 -503.054
669.128 -301.341
702.863 -280.075
687.078 -273.591
98.909 65.591
716.661 -212.038
702.078 -262.603
707.691 -296.626
703.007 -286.825
433.629 -395.868
-573.916 -644.114
727.668 -324.004
456.381 535.87
-555.696 -405.858
-388.117 710.874
702.236 -383.873
-482.666 504.907
619.827 -283.478
-517.78 -633.596
487.246 474.729
-384.664 -501.32
528.317 480.783
835.049 -360.313
666.075 -275.136
35.348 14.921
555.404 620.458
-509.943 -550.259
-581.976 -497.474
36.474 -169.121
661.28 -325.778
-415.438 -515.154
-446.582 -476.318
603.416 -369.334
419.968 492.45
562.005 417.275
772.061 -283.18
-26.316 -71.971
-492.933 -466.915
669.865 -366.166
-482.184 542.082
-444.461 707.887
-457.309 661.93
808.061 -437.868
-435.089 492.677
-413.004 -660.385
-436.728 -509.242
659.593 -355.184
-490.871 -421.943
100.975 -61.365
668.048 -172.147
-324.002 812.307
421.864 494.262
717.862 -344.496
-479.176 -460.739
587.356 -177.902
-456.801 615.671
546.777 421.279
-407.408 -392.742
-423.252 590.4
563.917 485.162
-500.345 506.319
21.889 -22.27
578.132 -133.279
28.683 -124.838
-479.766 714.699
-318.165 -495.235
-318.516 511.423
540.698 477.878
479.681 409.144
42.763 -22.815
-72.677 -102.631
443.347 487.648
-370.051 590.174
896.856 -441.824
-426.337 -642.902
-145.41 -46.734
775.394 -260.33
-310.595 669.069
-367.224 607.97
481.745 583.245
778.965 -260.598
7.349 70.316
455.984 641.172
463.536 461.188
544.975 573.031
11.25 -15.996
-26.623 6.161
504.802 534.183
-394.168 532.025
745.27 -286.375
498.247 431.764
-47.395 -97.756
-437.391 -537.357
15.652 -144.522
641.797 511.495
-551.978 -622.79
-492.295 -424.765
647.244 -335.181
-537.894 -508.063
-82.888 -101.373
-609.257 -555.516
387.566 544.804
473.73 519.239
-13.885 72.112
26.533 -114.966
117.731 4.9
-299.042 523.255
-465.018 -565.602
-430.167 -500.624
-280.154 647.611
-402.883 601.968
635.933 615.114
-474.539 -485.177
795.695 -180.672
694.074 -383.345
611.392 493.482
124.651 29.863
618.509 628.904
-373.69 -500.939
-403.217 669.573
620.222 526.658
31.929 8.211
477.251 458.627
-403.286 -567.201
718.809 -402.082
-410.425 524.75
481.236 559.189
680.05 -367.412
479.422 296.525
-351.414 672.919
-359.371 496.83
-446.505 650.81
350.408 471.828
647.967 426.071
-405.017 478.994
-480.338 580.474
-600.456 -395.974
-7.963 85.903
534.959 -455.248
631.312 544.842
-42.978 -50.035
-58.12 -159.277
401.056 590.471
37.428 47.612
-512.738 -400.398
-475.496 603.83
-521.556 553.99
78.834 -38.314
96.425 -69.044
410.768 407.041
-110.803 0.877
-519.128 584.039
-498.611 -480.236
-511.833 -504.822
708.585 -318.444
562.646 453.746
740.544 -201.235
-60.503 61.679
17.721 -18.795
483.59 471.812
29.592 -122.483
585.808 -372.99
385.723 435.901
589.386 -191.011
-435.997 571.072
-18.958 65.967
54.072 -7.395
-347.62 593.696
-353.21 742.813
-503.326 -484.415
-340.539 -452.642
668.554 -406.213
443.257 470.134
19.366 165.727
-13.592 132.012
135.299 -33.378
-447.212 753.546
779.401 -92.85
396.614 539.609
776.346 -243.766
609.749 490.541
478.965 511.787
561.527 567.743
-492.385 430.396
560.098 487.784
741.97 478.933
-441.281 -502.771
750.435 -222.058
-583.41 -515.732
-511.387 724.358
119.218 122.626
-308.948 486.32
510.612 -398.604
585.49 607.334
601.332 456.813
-434.801 -278.009
636.942 -324.251
-361.266 -517.636
-8.15 -100.994
-363.078 605.112
390.569 513.218
-109.619 -93.11
-398.579 731.397
0.23 -81.266
-473.904 -405.717
-322.107 571.233
-537.605 -523.935
-23.272 -103.93
-333.74 631.048
41.677 -13.705
653.473 -307.55
-412.82 445.446
-453.08 559.872
-322.676 515.898
494.926 547.302
-462.354 469.439
712.797 -351.777
615.424 -295.469
-128.132 -3.934
752.67 -321.897
-335.698 393.78
669.319 -351.242
-415.183 625.579
-552.204 599.995
-390.857 636.138
67.103 52.212
-193.574 644.416
-452.915 -496.8
534.487 425.68
579.135 434.028
49.918 -48.885
540.493 408.593
742.793 -395.278
-410.969 689.72
714.26 -211.868
466.679 650.606
449.322 502.608
-342.397 529.25
-362.628 638.455
12.777 -158.747
-470.056 637.476
-309.833 524.048
-15.017 -60.565
626.023 392.721
531.487 402.299
17.962 -21.309
428.453 609.74
-118.775 8.675
-18.665 37.209
-188.682 574.353
-434.666 -578.05
37.884 -18.911
-583.249 -433.658
-513.326 732.887
32.127 -113.05
-3.987 32.773
-22.387 -135.652
791.919 -264.092
769.598 -453.933
-588.387 -406.263
-71.036 122.212
68.322 -61.917
-109.905 72.465
-388.688 -381.342
600.074 567.473
478.183 595.5
671.405 -301.79
744.023 -326.244
713.563 460.363
-390.903 -458.74
16.54 -32.347
-423.489 -524.887
57.696 -76.496
623.853 -348.846
685.582 -411.695
-94.309 37.62
-349.064 716.146
473.126 490.289
-559.062 -482.392
667.047 -320.946
-47.544 -119.474
-476.62 528.755
500.519 410.729
-300.832 715.885
320.771 551.851
-399.279 -676.391
84.975 -102.764
-448.085 -431.068
698.556 -262.945
727.457 -318.284
460.995 392.985
753.775 -380.884
438.255 491.871
446.989 431.168
-461.765 492.578
-270.307 -433.704
-11.204 -72.678
-67.936 -99.726
63.272 105.8
-49.676 -78.964
13.343 -95.205
-77.383 139.219
774.671 -393.1
-453.136 -477.248
535.845 430.443
-443.122 -400.522
120.335 49.338
656.525 -287.971
-463.773 542.228
-507.094 523.747
-353.86 -576.826
-9.114 -12.308
655.605 570.055
-57.25 -82.314
373.034 418.627
-457.052 610.578
-439.182 -520.33
149.078 20.199
-334.097 574.387
-323.318 -634.625
-596.172 -567.752
-468.376 530.842
-281.169 578.903
-543.335 -437.859
754.174 -299.079
-404.455 494.91
59.582 -49.545
-376.806 653.872
587.03 506.768
728.962 -137.026
-303.02 512.532
29.907 0.313
76.144 -106.048
58.385 -146.891
-415.829 476.03
-506.075 -566.38
480.703 525.22
690.397 473.307
676.591 -451.395
-27.519 -18.774
-95.263 -132.904
-460.929 -516.794
-413.796 591.959
654.187 -129.575
723.549 -362.279
804.533 -256.996
-532.951 -402.595
-85.166 20.16
743.373 -402.939
-81.116 -103.006
-647.287 -587.566
-511.708 653.399
-297.763 532.868
868.301 -227.076
-393.785 -563.38
-545.005 -485.265
564.479 325.379
842.276 -294.961
-506.159 -562.714
-500.174 494.249
580.835 376.77
424.912 463.367
592.575 -163.908
646.555 -275.3
-46.397 -29.186
-89.415 -10.992
-325.621 588.479
91.415 55.099
-12.052 62.936
677.432 625.703
723.053 -97.323
-567.51 -641.34
710.599 -253.094
-597.541 516.727
-45.814 100.55
593.601 498.029
-476.774 -514.512
734.988 -382.063
-485.593 585.611
126.86 28.24
-375.122 -322.89
739.321 -332.944
2.194 -36.849
-451.516 522.514
-371.303 -500.452
-438.063 -447.104
635.213 -324.048
569.924 452.903
-145.561 -51.578
-581.53 -490.099
750.99 -282.052
-537.171 -611.503
594.437 574.615
-495.216 -364.966
-448.522 -506.238
-597.098 -677.699
497.565 595.932
-289.872 618.24
-345.053 633.15
-410.634 597.396
-460.787 655.881
676.694 -476.216
-430.139 -449.011
119.071 -137.531
-394.394 670.222
621.715 520.831
-120.646 -62.888
-147.55 24.299
-341.608 591.148
736.288 -432.997
528.236 -255.926
-474.781 -644.707
658.201 611.516
474.31 514.907
-578.837 -552.149
680.38 -346.934
369.71 385.332
472.332 274.579
730.002 -409.283
-618.83 -550.155
-580.791 -515.628
-535.52 646.873
-52.38 98.55
-269.115 538.415
-637.17 -457.054
-475.239 546.533
-633.317 -422.612
759.132 -314.444
30.155 41.433
582.606 -315.795
-399.548 -683.896
-230.598 550.607
549.225 -360.216
52.985 83.307
725.455 -242.402
-529.44 634.406
400.847 438.671
-135.765 65.989
-409.513 -505.487
-442.439 -452.694
495.364 448.994
54.005 6.31
174.7 10.016
59.109 43.514
61.976 89.663
-505.747 -463.542
101.259 5.781
762.716 -295.913
59.045 -162.885
-364.127 599.367
479.021 433.71
557.069 -359.33
-400.351 -490.946
-578.875 -583.778
713.946 -398.497
-151.301 149.626
-382.204 640.981
-147.857 -25.758
30.025 8.164
580.998 577.206
-330.748 662.196
-347.456 527.862
650.216 -245.596
-357.067 702.029
-427.359 685.487
645.068 -264.66
-529.593 -549.965
-275.979 15.625
-94.535 -182.72
-423.582 -488.678
771.26 -309.218
702.984 -222.57
-207.141 617.442
7.902 9.55
-557.363 -556.511
393.204 557.259
722.103 -353.536
-495.905 -651.87
-514.774 524.112
-48.202 -121.257
11.528 -125.284
415.89 342.429
-437.115 715.459
-17.376 -18.412
-599.324 -438.925
105.849 147.771
80.986 21.863
667.222 -220.741
-104.33 595.447
408.78 419.97
-552.735 -528.022
-567.424 -429.553
-548.524 -430.972
695.585 -322.573
221.591 -24.079
-332.952 557.81
589.458 593.782
37.214 -29.059
297.942 526.668
-411.888 612.442
-398.956 547.937
422.008 374.254
12.004 1.776
-381.553 -379.9
-603.086 -561.778
743.417 -212.892
-534.983 -568.307
-51.411 92.795
495.086 553.095
748.92 -278.072
-385.243 -528.611
-373.288 530.863
774.185 -386.362
37.414 -60.84
677.663 -408.574
513.241 623.689
449.537 688.609
-520.906 -454.779
487.188 538.167
-509.691 -472.442
514.989 349.916
495.144 383.629
487.295 318.644
-494.838 672.572
-301.367 561.306
-592.423 -487.916
-155.64 -96.091
771.486 -365.029
-98.854 -7.503
-485.277 -574.352
-70.37 84.171
-446.658 -611.568
487.156 554.665
124.736 29.804
438.211 673.994
-15.522 48.871
-259.642 681.744
0.089 -35.71
700.469 -248.52
568.784 359.866
-511.971 648.252
67.235 47.614
587.62 -383.749
-521.247 -686.745
-550.721 -507.762
536.8 398.34
-592.699 -533.611
-32.362 -112.728
-651.242 -406.503
-192.538 704.645
797.427 -321.369
721.324 -212.331
-656.984 -523.237
-324.421 562.024
-527.424 -562.581
550.833 451.612
685.323 -283.88
597.376 521.948
86.587 -107.001
-371.628 468.198
539.571 524.1
-85.535 -89.847
557.812 469.078
-571.172 -509.051
-35.142 -36.461
-6.728 -28.197
506.213 481.173
23.987 82.942
-413.797 -471.266
927.935 -237.898
-302.278 635.545
-560.204 -520.138
662.302 669.941
546.33 -232.461
-572.922 -620.781
692.829 423.873
-362.939 571.67
18.459 -43.028
400.64 480.673
480.694 470.89
574.236 -252.349
639.764 -249.872
-61.494 64.053
474.491 527.649
-87.049 -42.663
704.754 -379.524
-7.484 -3.33
-662.074 -498.207
559.486 574.438
-513.738 -482.807
873.435 -281.813
-88.703 64.867
-396.113 -619.197
563.986 357.645
655.855 459.548
-399.941 494.372
-511.683 -556.825
108.998 71.846
-118.933 -16.207
-102.091 20.179
464.73 581.452
700.915 -383.873
-65.432 84.223
-498.32 -421.155
-563.625 -493.466
452.356 626.566
-49.617 20.103
750.132 -438.664
-172.079 -44.314
53.585 -47.774
624.591 -312.801
567.877 411.661
645.4 526.893
702.032 -146.511
-51.826 49.237
-423.933 681.732
692.223 -326.699
460.0 572.849
536.712 499.355
-541.921 627.34
510.696 453.102
524.255 387.123
719.887 -174.992
117.271 3.173
503.835 472.037
646.676 -323.68
-81.119 79.567
688.628 -326.394
827.732 -212.225
422.545 461.354
-193.101 54.687
677.806 -355.925
82.391 -2.626
-462.652 526.106
412.919 489.318
775.902 -271.07
546.773 459.197
-146.206 -30.381
699.298 -256.249
679.287 -189.238
710.132 -221.061
-513.164 -410.13
-459.58 -484.292
600.487 630.264
461.231 564.226
-44.385 -19.096
12.554 39.509
510.305 397.146
-589.005 558.931
677.165 -279.081
606.328 -201.512
-605.75 -573.662
710.636 -205.488
-536.799 -534.179
627.458 -335.049
492.787 553.777
519.313 494.121
-441.067 -402.274
-234.559 545.076
181.068 62.898
467.088 456.472
-384.411 651.873
-357.432 612.838
-43.318 156.903
87.335 23.429
-70.027 15.926
-283.524 623.075
-427.58 611.386
528.551 381.011
652.001 -284.573
-417.05 647.462
-541.268 -452.051
-434.884 655.56
-402.29 -443.25
-486.79 -468.318
605.6 -232.261
673.81 -197.333
-56.226 -89.689
690.811 -292.826
-27.135 87.324
110.688 45.649
51.993 20.128
-37.141 -78.481
643.535 -271.32
-422.716 618.685
-429.006 490.906
-571.131 -594.694
468.617 617.192
-408.589 639.635
-360.921 635.944
-520.183 595.038
-98.317 -129.097
-491.742 -494.301
560.484 538.907
-510.01 -472.681
-436.963 -440.837
-433.391 603.242
-539.28 -531.839
664.898 -282.696
688.024 556.39
800.797 -322.404
-52.848 16.341
639.428 -196.397
406.165 391.327
-440.229 585.738
-508.73 -441.194
-225.502 465.807
-612.319 -548.369
784.151 -301.492
481.327 479.101
131.144 -7.165
782.968 -267.887
-488.181 -428.157
-487.113 -460.648
-282.93 585.48
-566.169 -512.841
680.397 -406.714
838.643 -372.897
539.95 -202.631
-469.649 -429.996
-105.2 69.259
-283.69 586.895
-571.223 702.551
680.853 -365.38
742.056 -246.213
-116.332 -128.099
-485.04 -405.256
-450.034 632.098
716.811 -402.923
603.883 576.647
620.395 -334.316
588.091 513.939
497.848 503.083
-236.665 -402.299
651.021 -357.801
485.763 500.374
-482.447 -368.016
-300.928 552.067
-404.525 568.675
570.128 589.455
-486.097 -544.637
637.633 -359.195
-567.17 -631.08
750.216 -372.187
-460.786 624.653
816.943 -146.177
-559.517 -534.036
114.063 -212.734
-138.091 81.396
520.372 619.08
-339.057 628.084
724.969 -364.969
-612.674 -556.47
483.434 484.663
-571.927 -549.799
698.075 -284.581
-349.976 551.721
759.26 -335.222
-426.001 647.191
-534.579 -413.403
-83.583 40.978
754.257 -432.053
766.941 -196.757
-542.396 546.043
-19.567 25.083
-457.795 624.429
455.134 452.415
-108.538 69.091
483.162 647.484
-569.286 -602.368
-492.409 -519.605
701.934 -306.407
-477.547 640.528
-449.347 -386.858
381.132 444.525
854.362 -204.436
101.67 18.071
391.357 536.729
487.925 607.033
762.906 -216.271
540.542 623.519
-147.581 38.042
39.262 -109.257
724.602 -265.587
-474.413 -348.033
511.27 -207.409
781.059 -298.465
-386.083 604.913
370.804 648.962
-498.706 -557.041
548.037 -287.218
-336.083 506.707
452.265 388.739
-53.133 78.155
497.932 606.022
121.58 -54.112
710.983 -357.722
615.11 -243.242
625.843 517.739
-533.796 -390.217
613.212 -330.371
-381.993 614.02
400.423 500.955
678.029 -324.674
461.927 429.6
618.361 -273.959
494.655 482.483
624.025 581.048
414.329 601.323
-629.624 -496.842
436.513 402.746
-121.494 -17.494
-478.744 -575.594
-604.246 -505.524
552.677 -297.063
-53.494 -69.427
164.479 84.96
-642.416 -602.311
455.749 384.967
57.222 21.869
-52.042 73.966
448.972 529.732
501.858 403.099
514.342 550.388
-544.001 -591.724
-496.665 -623.033
84.966 50.52
-389.54 634.305
-298.662 565.111
-492.082 -408.629
-373.311 542.266
581.637 508.207
480.859 622.52
-374.288 605.164
-388.318 710.133
-335.473 526.068
-85.41 -23.864
647.619 -357.362
401.68 448.77
-416.233 615.729
708.208 -310.664
642.748 530.172
-415.743 397.888
-406.283 643.445
-115.938 -1.792
667.598 -404.469
586.309 -368.039
10.506 162.987
-527.282 -470.668
-47.757 -87.979
645.234 -404.782
471.671 579.557
66.715 -2.157
-477.558 -599.934
-261.603 513.286
702.183 -187.006
702.136 -221.972
-463.296 605.877
-507.897 -414.577
630.013 369.595
691.473 506.724
801.878 -332.961
520.866 544.28
729.346 -205.708
723.409 -356.282
-398.64 -408.406
-440.099 660.907
-500.81 -663.454
-705.799 -503.211
-530.91 -474.224
615.834 -310.703
56.392 85.944
392.967 411.49
-48.889 -71.454
693.837 -377.075
927.234 -332.866
769.424 -386.651
-48.575 41.345
-441.181 600.727
687.174 -389.316
-441.792 -363.872
-55.188 45.575
-484.918 -494.972
-442.195 -528.057
-452.617 610.051
670.965 -347.86
-565.05 -487.653
-393.647 631.433
-31.461 -49.821
338.06 501.638
815.557 -326.727
-15.195 -85.273
-706.108 -545.843
-444.714 727.639
-607.973 -447.073
-352.164 605.9
575.97 559.377
-424.266 637.256
688.328 -298.933
-330.286 -566.377
734.417 -228.104
537.323 -422.478
529.036 553.509
56.472 -5.029
568.385 -238.16
758.931 -473.33
-37.656 44.491
-407.1 540.725
-10.529 -88.536
797.974 -385.691
439.418 402.876
711.197 -290.392
467.837 587.522
-354.025 592.098
382.929 455.106
641.267 -229.382
136.814 162.749
654.805 -417.667
-523.208 -568.791
-449.193 540.217
768.78 -281.162
-272.674 622.502
-599.123 -376.016
-510.725 594.976
-622.31 635.38
575.323 502.765
524.842 412.288
370.476 673.56
-471.051 -506.531
-313.149 552.733
623.299 -141.307
688.687 -265.519
-4.897 60.683
-361.117 596.719
491.641 353.283
-524.894 -465.452
-88.387 103.875
75.765 80.377
-388.327 653.277
26.834 -1.514
659.327 -235.073
-64.686 -55.417
-545.949 588.708
-147.237 70.639
712.79 -228.057
530.235 512.061
769.487 -210.378
-592.56 -465.483
672.014 -230.718
-145.095 -118.677
-542.813 -408.723
389.779 622.341
748.067 -156.721
-358.453 659.812
473.422 263.306
-482.83 543.072
843.547 -280.013
-495.073 -526.135
-341.771 -577.59
-51.523 132.234
-406.38 625.7
784.645 -310.977
413.529 280.854
-288.033 563.079
-0.225 46.433
-592.95 594.311
838.187 -268.005
-474.684 -494.01
-478.714 -376.386
617.978 -306.598
-475.959 -564.449
-124.509 13.455
421.263 490.129
548.769 468.345
581.321 -184.472
719.258 -249.782
52.125 -5.902
578.024 322.364
11.423 14.328
719.124 -305.593
20.507 -41.318
673.291 562.214
722.178 -395.065
-541.378 -505.633
-451.246 630.92
-500.128 -596.246
-408.017 620.812
488.901 464.794
544.232 569.879
589.7 539.016
492.226 436.437
119.508 -56.207
469.323 537.158
790.476 -366.393
672.318 -296.344
-349.814 626.578
501.495 331.947
677.77 -171.484
138.704 89.913
-125.44 40.086
-34.058 -56.172
410.062 497.709
719.361 -297.761
5.18 32.949
184.221 -99.106
58.199 -37.294
643.059 -239.881
-550.938 -506.774
-458.374 -290.151
685.336 -216.605
-538.772 -633.11
-85.042 -124.652
605.317 -222.124
794.78 -175.978
-387.817 544.494
-643.409 -653.979
119.476 -59.75
472.883 685.732
-439.768 434.581
-360.76 -567.145
-444.755 576.203
121.373 -12.41
-557.626 -568.414
-418.258 565.883
681.157 -216.01
616.629 319.488
-403.724 505.761
-29.32 -50.598
81.957 72.142
656.367 -305.908
422.03 647.997
-503.899 -544.18
167.275 -9.531
-104.933 -218.107
13.592 -47.184
41.859 113.055
-543.153 503.663
-440.085 -426.065
597.548 -366.513
423.152 560.489
530.983 622.133
315.242 421.559
775.832 -341.132
79.303 -34.425
-493.629 -603.156
699.412 -339.927
-18.713 24.705
-34.384 66.676
-322.891 -513.644
749.86 -350.227
603.332 -60.829
448.511 443.272
-445.902 619.908
494.738 529.92
-149.03 95.48
-407.469 601.163
16.188 43.844
535.557 490.154
399.375 583.383
-534.92 -545.771
-74.678 -94.964
539.24 459.644
-330.607 -514.573
724.549 -318.403
-537.51 -492.949
488.777 506.834
-434.796 -434.548
750.287 -225.012
450.616 417.243
568.36 -313.701
-489.164 -449.725
-520.626 556.605
-509.09 509.769
521.154 500.205
716.728 -246.842
776.087 -258.5
-387.609 556.864
-339.68 -512.005
-270.321 471.892
-469.022 509.485
46.09 49.038
-100.854 -59.0
-38.188 166.765
-24.158 -5.848
-475.2 -580.122
-81.571 -23.369
621.873 584.121
106.095 23.481
-552.886 -518.562
-39.532 -86.572
500.78 -363.828
-442.07 -573.223
633.535 -343.037
-376.409 577.401
-397.642 557.54
-497.631 -497.348
705.611 -433.952
-429.477 640.317
-401.89 372.279
735.043 -392.795
553.523 678.143
-384.799 652.295
-99.328 -155.371
-481.595 -478.752
851.93 -300.681
-352.599 548.191
-316.003 528.328
670.708 -336.676
-517.526 -555.574
-436.072 -465.328
672.082 -188.584
411.591 536.172
-464.826 -543.812
722.558 -380.215
53.931 -121.692
355.35 560.874
719.048 -366.471
625.161 -239.962
-537.802 627.358
-478.2 -491.277
-68.1 45.255
605.802 -312.327
-494.055 -394.868
-457.624 668.82
-463.621 615.035
-523.871 -449.333
-387.849 673.459
538.838 489.956
-64.668 -104.273
779.517 -180.431
593.456 -439.722
354.041 505.99
-598.443 -530.661
16.173 -40.412
596.41 -421.197
-402.816 -373.967
432.633 344.933
-533.377 -524.622
610.069 589.315
-304.922 486.057
-432.882 -426.042
-287.971 557.938
-419.581 711.388
-487.658 671.219
-589.56 -500.441
-157.053 18.528
754.123 -298.966
377.709 454.163
-313.854 675.454
-490.874 -411.073
-297.524 591.133
-459.176 -498.185
432.222 633.557
526.9 601.975
-470.156 -549.203
737.757 -419.681
575.446 540.214
-539.391 -565.19
96.523 93.959
40.789 95.171
-425.933 -575.898
-353.139 678.954
22.14 64.273
-551.232 -632.416
226.19 -281.807
-536.617 613.916
101.355 -65.139
-320.668 596.298
-527.092 -418.951
-226.933 587.1
721.5 -382.913
533.39 -204.244
-60.735 -48.457
-439.5 -544.227
-367.526 616.456
666.708 -231.213
-392.44 538.492
755.37 -359.997
50.985 12.136
-52.799 128.653
718.369 -240.221
584.697 -302.289
-418.953 537.732
-473.561 -375.564
-479.553 -711.198
-413.453 630.701
506.412 572.165
468.435 603.824
-450.676 569.763
553.559 -291.304
463.903 483.196
381.874 490.542
-438.479 573.314
535.038 -480.078
20.117 44.407
536.099 515.907
494.237 554.339
-375.906 601.541
542.561 583.546
689.678 -295.041
-586.574 -550.666
-558.738 -342.013
-580.528 -605.185
443.809 554.043
806.69 -343.16
713.938 -334.522
-355.917 609.716
-346.154 689.01
715.796 -269.604
571.699 510.359
-449.483 673.142
461.943 601.313
-387.802 612.581
377.007 422.651
697.073 -295.41
-517.248 594.164
673.97 -175.165
-493.772 -542.128
684.116 -285.833
22.698 107.108
672.88 -277.474
-537.216 -643.78
-88.455 -60.51
-340.609 611.258
-727.568 -702.629
696.771 -239.062
415.911 672.2
-642.518 -417.516
614.154 518.779
-406.965 490.014
641.591 -370.418
619.973 -375.542
-42.008 -28.459
-409.484 554.626
574.481 557.683
845.396 -282.024
477.506 627.937
-314.985 -494.105
-355.691 -395.164
-593.068 -392.876
-455.134 -631.435
674.48 450.149
-654.718 -687.306
794.117 -141.789
-425.802 -435.961
-399.936 586.109
-549.107 -501.303
-450.408 -389.178
-555.017 -443.394
75.361 -11.172
65.207 3.953
-527.645 -615.155
-247.054 565.475
-371.932 685.558
-463.566 733.109
528.126 486.405
-332.333 714.397
726.501 -245.622
-419.464 681.571
463.114 591.218
450.885 489.693
381.539 361.52
578.768 -298.521
-473.916 -520.083
-519.556 -675.716
-20.988 -74.663
-284.963 667.542
508.957 503.03
-620.178 -598.273
600.284 477.338
-553.61 561.869
-396.355 -498.552
660.082 -490.719
598.546 -217.502
-369.887 667.251
-413.349 545.269
406.563 464.05
-586.687 -526.201
563.118 417.335
-98.895 32.288
87.138 -44.434
659.192 -339.07
-379.669 622.29
-352.708 510.257
-29.322 -29.466
-408.959 656.334
155.298 -90.164
3.761 -100.71
-648.324 -455.619
-537.466 730.575
-421.67 660.472
-550.764 -464.134
-475.936 -317.344
-416.551 -636.518
-12.287 -96.064
464.681 471.047
591.359 -220.008
549.847 552.681
-48.635 -15.495
-389.163 -546.575
497.663 497.251
530.499 613.752
4.398 -2.753
3.524 -82.746
469.487 555.079
550.938 548.018
-441.651 -546.078
728.248 -405.501
-336.659 590.755
688.945 -359.082
799.948 -314.009
-611.314 -484.048
-107.639 -64.456
-349.486 664.905
-482.66 -523.471
-48.227 -66.706
468.475 521.393
-600.07 575.281
801.351 -343.134
733.193 -374.148
-384.92 488.101
-549.438 -449.172
597.062 -303.769
-128.1 -3.412
-419.543 556.008
-292.511 580.045
-485.544 409.457
449.967 -383.51
-393.568 566.997
690.258 -321.859
-406.032 456.247
-393.427 -464.147
303.362 567.536
-241.801 621.165
451.968 609.29
-392.317 -416.631
-410.416 554.215
462.598 347.63
362.018 505.387
-449.445 519.385
33.509 124.594
-433.946 625.35
-528.85 -550.95
637.041 -318.013
406.176 341.485
428.408 353.063
-112.666 -32.816
-357.837 560.495
-431.819 741.076
-566.204 -597.37
683.578 -298.623
795.938 -323.239
-459.421 -589.582
-427.385 -514.001
564.787 461.892
552.775 622.075
-554.325 -424.529
-514.922 -530.982
-459.878 -589.395
-443.082 699.571
660.901 -464.119
737.001 -289.063
562.772 -285.473
469.172 -268.372
113.147 -12.781
-5.693 -40.105
732.824 -297.721
-342.31 587.582
-456.809 -568.328
-83.463 139.053
-531.961 492.379
-396.817 721.065
47.728 63.353
-46.054 -34.548
-481.065 -523.957
-411.038 681.978
678.629 -217.608
-396.586 510.875
721.057 -262.412
830.583 -287.586
33.136 46.106
599.498 442.958
652.195 -363.393
-121.977 46.747
821.034 -261.905
626.191 444.332
488.562 434.232
702.177 -296.699
-6.85 -161.848
-295.428 440.69
557.812 459.717
527.583 470.666
-212.028 524.928
-482.47 -434.059
-569.25 -652.735
653.45 -322.578
-13.727 106.087
-574.868 -403.738
545.316 503.256
-466.688 -613.409
146.468 -83.383
103.307 -65.005
-388.155 586.758
-375.852 -571.603
-260.414 698.085
-471.599 -472.7
-449.091 580.142
-422.321 626.405
12.479 -2.017
104.321 -21.865
787.273 -170.608
2.331 -192.968
-102.515 29.451
7.789 -123.962
-355.611 413.871
609.402 -326.804
677.864 -571.715
676.441 -378.002
699.471 -364.262
33.985 88.139
-565.856 -604.964
-487.194 -647.045
521.465 551.787
392.093 415.364
471.595 518.279
-429.096 -515.463
107.428 -16.585
451.82 407.434
683.718 -307.718
684.35 -275.122
-536.288 -579.757
539.225 512.393
-436.43 644.966
58.684 -88.785
-66.098 -48.836
14.915 -31.051
604.773 494.5
-101.376 -10.433
667.665 -311.069
592.127 -333.54
-416.255 -406.391
-502.872 -547.798
1.744 64.507
-495.277 -506.42
770.122 -193.042
500.285 539.092
2.618 -51.713
-40.859 47.91
-315.587 -538.313
398.917 451.327
406.658 450.349
-42.101 6.3
679.734 -355.16
-557.744 -507.574
717.807 -207.153
-572.473 -444.106
658.505 -464.024
-701.792 -585.961
-469.498 -374.639
411.028 470.361
-386.369 696.826
-355.283 -556.431
534.201 597.661
-390.495 -586.953
-250.826 550.909
-468.835 -423.724
-570.993 507.207
506.95 655.325
754.018 -207.023
-283.764 617.537
789.262 -375.214
582.401 420.865
-263.954 616.204
-475.39 -618.226
-554.219 545.692
786.216 -302.162
537.475 439.629
614.741 483.028
-397.797 684.161
126.816 70.62
-480.706 -521.439
683.112 -386.917
70.865 -140.312
343.492 540.402
42.188 17.147
663.421 -445.796
107.655 94.612
449.748 456.499
-601.2 -540.81
-199.356 -65.396
-342.408 641.862
694.821 -463.661
521.564 -191.234
438.097 393.858
912.146 -295.655
438.247 512.204
-452.435 773.708
-544.439 -602.777
-633.858 -510.203
-403.146 602.234
-546.772 -445.705
-461.745 561.921
-412.843 498.188
-527.593 -279.48
-1.945 106.609
-487.506 -492.944
-71.717 85.878
-616.319 -507.723
-66.518 -117.216
459.938 436.263
-263.769 675.018
-509.874 -476.164
429.43 262.409
661.457 -389.8
-223.438 743.377
579.143 516.421
-470.858 -474.897
-467.005 -488.418
-409.265 -573.629
-91.897 58.591
501.596 559.116
457.711 522.6
-528.023 -413.201
-512.482 611.206
797.233 -349.495
812.105 -296.892
-323.995 668.713
-322.896 623.117
-497.636 -475.566
528.204 550.631
378.323 468.397
-483.629 -458.648
690.92 -404.317
-359.492 625.894
398.573 563.98
704.804 -201.607
677.913 -227.264
483.187 476.534
-472.285 -384.059
418.399 322.091
-440.219 555.456
-588.139 -608.846
-487.86 -478.247
-340.187 515.966
-56.527 -35.328
-361.474 700.401
-610.61 -583.59
537.067 507.067
760.133 -312.48
-658.1 -551.833
-215.392 604.688
-504.578 649.343
557.928 508.923
-113.347 43.741
-569.383 -583.037
-507.729 508.683
18.7 -67.127
-575.603 -517.866
438.679 453.419
721.006 -320.918
-477.792 -412.549
6.294 -117.16
245.866 -152.59
528.904 501.289
795.833 -260.735
-525.156 -560.531
787.017 -256.738
444.364 496.332
-470.722 595.254
-257.781 624.364
139.172 -0.841
131.512 -84.764
727.858 -323.622
-437.076 486.448
-435.61 -468.071
617.73 378.349
-124.91 95.463
-362.787 506.629
-403.926 589.11
-338.621 818.997
456.839 512.301
714.717 -359.897
699.368 -401.446
68.497 -79.996
787.885 -244.407
-339.665 712.747
614.039 -421.176
28.686 35.707
409.67 433.884
-417.732 638.546
-480.948 441.926
-393.589 597.099
6.886 3.062
494.839 395.299
614.763 586.474
514.49 429.05
657.929 -290.921
113.746 34.804
-557.262 604.994
510.981 450.524
-425.312 729.348
-61.019 -56.031
509.397 456.911
502.873 503.87
-320.928 563.689
-461.564 674.096
-615.694 -481.462
527.999 377.649
-67.27 -96.71
-356.657 610.631
561.762 585.179
601.631 361.833
718.268 -282.98
10.807 -29.192
555.438 535.136
666.067 -169.136
0.971 -5.095
462.62 480.396
193.247 -63.896
771.455 -280.133
52.308 -22.375
-418.03 -484.776
429.322 565.567
-534.777 -546.048
672.387 -306.384
-417.727 -613.858
-13.814 13.259
721.551 -349.442
-618.015 -384.389
740.168 -362.922
762.519 -300.632
-93.6 -1.216
-482.047 -573.036
-557.051 -543.658
-404.908 622.275
-531.422 -505.697
-421.451 -570.3
515.051 455.915
536.815 -316.353
-487.624 645.713
-378.876 -558.107
17.473 11.205
-387.908 -389.337
784.505 -381.4
548.493 -333.44
-393.746 526.152
-484.165 611.601
699.765 -270.939
837.661 -450.208
468.26 507.184
922.824 -302.312
-538.147 -495.511
-6.249 49.93
-545.836 -608.724
424.92 415.189
-470.754 -551.439
542.685 609.234
519.091 466.37
-487.781 561.984
607.793 440.034
-577.642 -645.21
-407.61 -545.846
-576.68 -498.926
60.109 14.147
-549.736 -437.745
41.888 -39.17
736.484 -269.94
379.59 283.325
-35.744 -11.353
733.95 -296.916
727.559 -172.992
139.501 -24.141
-578.907 -527.167
545.47 607.284
617.866 -302.215
703.438 -289.702
507.253 660.886
426.298 346.727
133.556 -54.189
-165.937 118.615
55.077 -44.042
-390.401 648.027
-50.724 -119.665
66.696 -61.408
-446.476 -420.033
-386.349 -643.819
80.26 129.684
-533.645 -572.326
-324.741 635.948
-596.702 532.815
-455.263 602.71
-492.977 -477.244
463.254 552.793
407.708 601.63
23.434 -17.668
-546.811 500.624
487.986 474.913
-514.192 546.044
9.498 -98.467
-451.585 -541.433
665.31 509.559
-369.448 578.915
-352.788 669.104
586.191 512.508
-341.385 611.45
-411.41 -453.612
-534.555 716.255
751.391 -199.363
661.688 -234.762
-372.359 624.99
84.49 -30.303
-410.069 -464.051
-429.568 -588.451
-453.75 516.911
-581.529 -407.151
529.723 363.181
459.088 427.061
683.008 -195.653
648.443 -391.872
5.069 6.351
441.095 416.237
556.603 628.811
707.077 -406.578
-528.488 -450.063
731.624 -178.896
716.324 -246.754
-453.636 -497.223
769.132 -245.619
-107.697 41.918
497.975 375.165
-26.386 -55.901
-493.769 -412.021
-447.161 -413.881
508.819 361.256
484.295 497.435
462.453 570.231
718.912 -384.829
-19.578 -141.347
89.354 3.671
660.531 -263.698
35.731 1.546
-419.922 -513.704
820.585 -253.927
741.913 -243.6
513.156 555.553
-452.154 526.19
-493.925 781.925
430.017 585.754
614.868 -442.055
493.266 517.995
-71.777 52.161
-410.691 502.686
-560.926 -611.889
-546.76 465.973
-24.601 13.621
-432.587 -489.959
-397.479 -454.686
601.85 416.922
-493.938 -544.858
815.382 -127.563
508.387 301.521
-607.173 -491.857
381.98 463.563
-589.929 -620.283
577.838 563.376
458.331 508.551
-409.635 599.322
502.529 476.046
-495.057 611.14
-426.272 747.044
-577.31 -368.753
-57.433 36.963
-499.916 -492.354
-536.991 -506.09
503.995 532.189
-493.28 -501.556
565.037 407.749
-598.967 -431.283
-366.567 581.014
-38.929 71.965
859.593 -295.97
93.579 -67.682
-394.969 667.96
65.029 8.5
485.521 426.389
-343.962 -443.308
647.477 -252.118
22.936 168.374
745.685 -276.356
-243.746 747.257
-576.323 -535.001
702.583 -286.16
92.253 -59.003
-559.44 -486.559
571.052 -355.487
419.263 572.085
-413.805 488.685
-363.613 588.385
41.345 -6.861
747.689 -331.002
681.389 -261.551
-484.064 551.711
481.239 524.716
713.294 -314.533
-86.1 -2.99
-11.335 -99.726
29.921 37.408
715.422 -231.017
-58.659 -71.083
-461.283 548.181
-455.915 -571.358
410.117 469.429
560.545 490.967
686.879 -324.0
707.038 -245.036
565.181 437.187
-92.95 37.862
527.079 550.469
-466.539 549.516
-333.172 -452.832
-378.163 -458.789
-441.818 523.256
-119.481 36.814
-472.305 -471.087
547.291 582.21
52.871 -11.684
-457.535 511.758
416.709 445.863
-596.583 -546.673
-144.088 4.83
-386.164 641.377
626.71 -290.432
601.927 268.239
422.019 542.537
-421.236 -424.376
710.865 -238.541
493.874 475.271
-488.955 360.781
645.701 -374.123
-390.331 545.803
-469.16 -492.077
-449.945 710.757
681.374 -356.447
820.941 -327.086
-117.846 73.961
784.974 -145.16
-431.006 -412.113
-420.68 497.075
-80.093 -78.4
-496.225 -477.631
-271.329 644.336
491.605 421.849
738.017 -347.377
-484.77 593.86
718.166 -334.613
-232.524 637.524
-353.195 -351.617
749.827 -191.637
-185.16 521.795
-448.373 682.311
39.007 -52.819
52.969 14.49
-412.315 -594.829
-339.913 646.937
-415.286 613.646
430.871 438.879
-425.123 -367.272
-41.868 -10.481
137.862 -53.313
-358.468 532.555
-259.133 559.983
-369.291 562.211
126.945 48.022
-426.163 -598.189
635.859 -333.642
676.491 -307.884
-554.958 697.017
126.627 20.195
583.313 558.363
-523.829 606.102
486.032 566.278
602.585 521.319
653.495 -300.409
738.772 -286.096
571.512 368.309
348.352 495.779
-21.712 10.619
-70.973 -58.34
-22.542 -1.636
-4.421 -32.209
-543.071 514.469
-378.765 550.921
709.98 -303.741
623.484 -275.926
-37.996 14.108
-430.364 -325.858
859.038 -383.235
-13.928 -66.756
-85.925 -284.479
-525.654 -363.703
702.878 -431.666
-484.201 -532.987
797.475 -251.321
432.328 393.705
-510.591 -367.602
527.187 505.384
731.877 -351.34
573.868 386.059
-529.159 -568.695
-505.596 -496.662
38.49 5.819
467.794 400.248
444.357 528.41
-524.499 -513.112
-96.714 -99.094
-410.517 -348.566
-334.59 535.957
686.553 -299.026
436.578 569.171
-529.147 -559.278
-538.578 -455.517
711.95 -487.376
-49.258 52.174
718.552 -326.406
484.345 400.586
639.295 -231.004
-304.792 589.675
476.156 347.692
464.007 533.672
-434.433 -484.54
817.322 -258.378
496.903 552.295
438.077 441.869
-534.573 -437.253
-259.097 644.872
73.514 35.631
-413.101 626.054
-354.604 -475.72
672.392 -317.665
-526.422 -559.184
624.718 548.567
421.452 570.448
-460.788 -425.812
-593.944 -607.115
-430.346 506.106
526.879 651.646
-403.068 -444.827
-514.741 600.152
-569.889 -485.386
-634.656 -610.564
-456.144 570.726
-7.539 -11.5
-354.486 583.736
-452.083 605.244
-517.394 -476.227
511.529 431.721
-62.439 30.345
563.077 473.704
-399.855 464.425
77.336 39.415
515.565 523.222
453.812 444.888
-78.933 -34.814
411.089 431.821
-529.901 -589.703
-513.542 -351.071
438.045 482.611
-383.43 -557.749
-470.292 550.144
-428.764 -600.929
-466.663 524.965
-639.254 -476.69
-36.508 85.998
-662.988 -579.536
592.771 -314.095
697.62 -317.503
107.922 -67.75
94.927 183.436
-7.504 -201.553
58.349 -108.615
-508.691 -686.067
16.004 86.007
-53.256 16.274
666.715 -221.388
-3.832 61.321
-410.884 512.385
-410.926 695.551
745.656 -198.841
537.428 497.092
33.146 -13.478
-550.379 -572.379
616.954 -374.221
484.792 372.8
-390.203 584.628
608.127 -327.388
-487.174 -583.453
805.223 -186.055
576.591 541.424
-297.267 572.465
-95.826 30.406
-607.781 -591.266
552.601 619.789
451.194 709.644
30.93 -0.535
482.741 450.061
-452.767 -496.134
633.271 455.049
-278.021 733.996
-420.802 -484.941
486.98 587.35
-670.518 -712.124
466.221 507.85
501.183 325.486
54.481 -105.66
-372.811 545.434
66.219 -75.978
692.771 -319.076
715.107 -396.636
545.53 456.169
99.038 30.188
-84.002 -10.924
-542.151 583.847
550.718 582.38
3.292 -24.84
600.192 491.248
-445.991 -570.141
-540.012 -393.767
705.565 -262.16
799.539 -256.704
-304.042 555.451
-395.478 590.495
-658.907 -530.486
568.487 513.825
714.116 -452.738
6.764 -106.144
-485.394 -406.597
479.151 625.838
446.341 502.235
551.51 -310.0
-402.129 452.584
-489.222 -530.765
-412.803 651.438
571.23 495.969
616.798 651.6
114.203 90.005
-13.498 -12.048
-17.629 28.603
873.572 -325.571
-507.653 -545.259
-411.672 671.976
632.337 408.579
-0.52 -23.497
-436.696 741.454
-410.713 -597.723
-526.291 -514.353
-77.405 -44.086
-476.605 675.881
654.917 -232.7
-9.365 61.573
-481.361 -538.952
-500.284 -533.151
-386.129 687.006
-9.803 -5.507
654.019 497.726
749.201 -180.114
-113.598 152.926
408.897 480.093
454.111 360.216
-466.178 -649.119
721.429 -349.404
773.739 -402.005
-75.276 -81.394
23.205 69.137
-73.088 97.944
-565.918 -467.574
-10.423 36.855
702.178 -306.535
513.493 553.375
-169.267 74.62
-92.712 129.292
464.594 471.935
-511.233 -541.014
456.918 616.042
-8.842 -253.872
-47.545 57.887
643.261 -332.407
426.284 457.156
816.569 -342.551
-463.793 -493.388
-555.543 -512.368
610.553 -332.652
-445.494 686.536
-14.77 -11.946
-425.857 -625.364
670.083 -334.806
651.441 -172.49
-454.495 807.794
-110.6 92.678
-361.362 548.648
369.535 575.03
-481.839 -599.04
-476.355 -427.582
521.225 515.403
-288.552 625.685
386.994 437.535
-373.573 564.421
609.684 594.11
748.186 -349.911
-340.858 648.862
3.477 -49.745
-341.112 613.559
-427.89 567.316
-393.08 674.078
498.963 380.96
62.124 -2.736
-47.753 -87.717
-541.411 -458.993
700.713 -267.417
-484.819 635.672
685.714 -203.6
685.528 -399.342
-456.127 627.458
503.76 513.662
-413.717 524.431
560.219 -139.904
-410.391 715.983
439.626 452.47
-5.004 54.284
884.619 -370.197
-355.941 587.326
-574.129 -471.509
-483.184 -599.673
1.295 -93.983
-334.186 586.908
721.563 -349.461
689.219 -263.769
-322.122 585.384
-537.161 -302.94
43.285 119.502
602.561 -189.005
31.114 -9.371
519.285 450.356
466.721 514.664
562.416 604.679
-586.572 -554.976
-462.155 -557.203
649.932 476.667
-489.345 -541.217
-586.81 -394.862
432.933 402.888
108.149 -27.308
-36.086 26.15
-624.94 -501.504
119.388 48.535
466.844 573.602
-617.004 -587.589
-461.422 -560.731
437.274 468.123
-391.746 -474.056
27.391 14.802
-208.693 602.57
868.516 -248.489
768.477 -363.12
605.173 549.804
-484.926 -533.487
-645.864 -534.355
454.866 458.309
596.134 456.102
474.599 364.215
-425.852 -607.979
-353.854 555.248
331.047 519.201
-539.128 -608.139
637.881 -291.98
481.105 619.679
-49.867 -56.252
-5.315 -107.064
534.992 -404.576
107.993 58.812
-475.932 -518.369
534.503 587.746
519.474 503.539
695.895 -243.558
-37.205 -34.138
513.288 464.142
-442.337 671.407
-98.714 30.519
71.265 -269.059
-356.731 579.817
-363.254 678.018
-472.148 -428.679
805.34 -371.454
482.479 316.298
-516.093 788.831
-517.256 -568.319
-426.565 495.949
555.098 479.532
-719.842 -643.488
-356.417 -407.989
734.611 -238.661
-445.827 -475.973
-519.186 -508.424
736.841 -202.297
-405.616 739.647
794.18 -365.717
-528.767 -573.623
-537.033 -472.718
7.008 15.066
480.992 443.698
-4.559 83.212
-373.897 677.053
771.543 -204.271
-268.127 347.493
-27.692 9.99
12.48 -43.158
-447.018 -501.737
504.803 578.245
815.425 -396.74
576.969 440.366
93.787 5.765
-33.379 48.331
-448.484 -471.56
-564.827 -557.379
144.781 10.507
751.712 -290.677
591.114 -208.541
788.228 -210.168
682.35 -422.229
387.238 570.396
32.899 -32.485
-161.731 44.603
-634.774 -502.123
556.266 494.381
374.661 359.461
-460.751 -567.47
65.779 149.254
544.45 479.52
469.123 509.13
529.711 422.968
3.88 -55.177
504.194 378.994
14.603 42.138
-418.419 -508.33
663.669 -352.292
-61.477 13.508
-485.906 -575.521
744.593 -294.91
-465.104 -385.369
573.92 -274.743
98.118 118.083
543.699 512.094
541.362 488.848
-542.559 -496.581
38.951 34.261
-433.802 -519.572
614.854 518.28
-459.538 578.984
-368.05 552.268
16.092 105.957
-227.337 551.143
-345.457 575.529
466.269 657.672
589.4 495.497
-116.581 -17.302
-403.54 571.451
66.92 -11.501
-361.54 -428.899
-472.692 499.283
-511.147 -573.341
68.127 70.992
662.943 -291.073
-418.798 509.469
-371.558 511.527
-460.025 -517.361
37.18 33.945
-490.334 -407.848
690.144 -227.085
687.96 -337.805
736.024 -287.068
-338.841 644.214
-216.87 620.852
148.953 130.229
423.9 427.881
-344.518 543.894
218.04 154.656
-381.217 526.95
12.245 101.107
629.427 446.784
-437.584 -382.112
59.703 36.364
499.235 388.017
-409.667 531.233
-614.769 -546.989
611.586 491.323
-21.882 -30.372
-270.182 -685.022
-213.445 38.244
727.57 -102.529
-125.05 -49.241
-329.464 703.252
-487.66 -429.819
730.864 -187.283
-604.302 -630.741
-316.747 638.661
-516.447 -424.768
701.727 -283.47
-346.582 -461.774
508.477 403.074
-85.174 142.612
-447.885 514.159
-579.693 -415.638
-246.6 561.351
-379.135 546.284
-490.453 -366.839
-621.889 -558.858
-512.155 -536.87
-495.897 -492.701
54.609 49.686
-421.178 -381.078
532.711 572.06
-474.04 704.169
-315.463 685.464
636.136 361.804
498.12 516.482
-514.467 -415.617
392.36 515.709
6.326 -17.675
-498.806 -489.693
-48.772 -50.909
403.006 538.389
-436.329 -519.939
401.171 533.722
-414.403 643.075
-505.647 -420.966
447.575 651.712
696.276 -253.342
-357.048 655.016
-276.734 593.028
402.672 552.31
-462.787 -521.683
570.762 -301.879
-414.568 561.458
-589.047 -424.064
-600.986 -566.971
-581.209 -611.941
642.357 -222.749
-6.724 39.791
83.432 5.164
-524.511 -549.771
24.294 -7.543
-405.314 634.943
687.79 -275.346
720.809 -327.635
741.271 -244.15
696.432 -246.634
121.715 -97.937
-527.737 569.55
46.192 -78.67
620.237 538.076
731.373 -271.226
490.944 466.005
-470.147 695.107
-460.478 597.472
-4.704 68.773
18.376 6.064
518.444 603.302
-388.661 570.945
-280.568 547.138
687.301 -244.538
72.475 91.507
110.385 73.71
390.38 531.183
740.86 -358.406
460.061 477.34
619.402 522.708
619.331 465.453
-409.594 588.538
664.415 -244.654
-546.221 -566.276
621.602 -342.202
617.416 -282.884
-394.763 606.298
-560.032 -393.827
-573.347 -629.175
-526.2 -537.206
15.199 64.042
493.517 426.595
-445.36 740.858
-591.465 -537.943
702.507 -308.56
-127.87 108.346
27.32 -5.787
426.051 486.48
612.295 -420.702
560.482 -291.64
-504.992 -427.14
-43.68 -1.986
908.32 -280.791
540.661 432.167
-605.302 -519.943
37.866 -167.825
783.791 -358.912
-436.69 -380.467
-447.686 -557.638
-6.98 -59.352
0.862 104.726
-608.935 -653.951
546.829 654.204
700.865 -438.677
-492.375 -415.532
-468.726 531.935
-606.824 -513.743
18.384 8.066
591.423 476.915
-547.628 -545.768
615.331 513.691
-547.115 -476.177
-464.611 556.05
680.508 -330.926
-505.654 -559.858
574.193 567.457
516.695 -349.048
716.293 -243.871
-579.559 -539.661
555.785 -253.265
-403.985 -471.488
616.717 452.102
-86.991 23.564
-366.332 658.391
14.613 37.719
-391.379 540.813
-108.317 -87.234
-452.105 538.786
405.448 483.063
-553.514 -397.948
-412.942 645.758
-111.819 -122.185
108.013 22.832
589.751 424.402
480.395 454.979
-467.49 -642.176
-518.33 623.427
5.619 132.235
-571.663 -529.268
-71.21 126.387
772.122 -270.563
-462.783 -608.799
585.77 -302.93
-1.153 -12.618
-559.85 -463.569
562.412 502.33
-514.468 -406.919
-112.239 43.896
624.716 -396.33
459.295 445.789
-246.307 515.161
-648.262 -610.05
-443.778 -504.798
719.113 -358.106
529.214 570.83
-526.676 -591.301
698.109 -330.854
-553.053 588.826
810.813 -383.707
-439.941 478.552
522.322 443.328
81.811 -61.604
-546.273 -615.224
-408.378 -521.991
-306.009 505.81
-368.33 474.632
-599.276 -459.075
442.44 510.718
-138.384 -19.328
58.739 -15.164
-483.026 -409.897
-609.833 -532.358
565.161 502.003
-327.986 597.883
-542.115 -580.594
-411.518 510.679
900.812 -299.256
665.656 -437.97
470.87 468.646
145.408 112.086
-556.107 637.225
-523.443 -573.969
403.367 550.984
-130.615 154.339
-543.118 -449.441
-301.687 710.804
632.088 -327.627
30.435 76.359
590.835 -258.386
504.55 550.221
-322.514 596.381
-500.188 -522.669
-68.069 138.042
-425.644 -637.856
544.414 503.096
-653.088 -428.997
626.359 368.611
1.765 -124.624
451.456 371.131
700.145 -287.637
719.503 -317.896
785.148 -280.748
611.876 667.962
-323.244 437.278
-328.479 617.579
748.564 -314.236
486.342 452.707
549.098 498.084
-15.564 -195.689
524.938 369.585
791.1 -138.981
16.565 58.298
-398.049 -488.198
-510.701 -420.32
113.244 16.216
-420.09 544.518
443.793 528.273
678.322 -278.371
-280.056 503.642
-431.875 502.056
-413.548 654.72
-454.732 -514.462
-154.278 643.618
-411.739 585.259
697.147 -237.39
-511.393 470.477
627.004 -310.193
585.671 261.961
687.951 -256.315
366.072 489.26
-339.746 461.072
555.658 395.042
-380.768 -649.834
-440.926 679.121
-325.236 499.59
-249.75 564.819
-459.581 -505.433
579.705 556.385
-478.985 -402.556
559.264 471.904
-17.248 -61.761
-461.269 609.461
535.959 -272.718
-9.466 7.461
525.021 531.005
15.316 82.592
-402.801 618.092
-472.206 -491.122
435.289 622.947
-594.124 -430.091
-441.145 -437.508
-614.041 -599.836
497.536 569.872
-331.354 690.732
509.652 488.291
588.259 -254.004
-173.17 -21.104
470.609 499.065
-331.065 622.602
770.667 -251.188
-546.204 -575.615
-448.872 506.286
-385.518 752.481
586.333 -389.437
-372.308 620.664
-507.069 -533.221
262.179 522.199
709.81 -255.069
-543.895 -524.734
34.962 -85.92
675.631 -178.369
645.887 -310.057
-354.59 526.411
-417.336 600.009
614.288 -353.016
-412.245 -313.292
580.206 406.752
123.174 35.793
721.407 -154.071
550.907 532.219
-18.236 -46.272
-26.87 -10.011
779.421 -191.482
677.092 -267.878
-374.694 -509.277
740.673 -223.412
33.982 7.942
626.297 465.963
-493.292 -420.227
151.624 -57.885
-540.864 -618.793
-560.304 -655.302
-45.861 -38.598
745.728 -371.139
479.305 514.294
23.262 -122.961
-511.367 525.847
36.643 53.729
583.924 -296.072
-563.984 622.49
62.339 -159.103
35.298 -75.983
511.066 444.788
-443.323 -507.533
536.238 381.914
-330.622 671.874
-334.4 543.169
-495.451 -527.709
133.595 49.072
617.565 -218.175
-2.264 -146.141
452.114 432.715
720.827 -142.632
570.655 633.872
-308.333 551.571
446.669 664.017
469.498 598.701
462.432 458.041
-521.233 -487.677
48.859 -149.89
-393.621 682.699
-128.648 -159.28
4.734 65.141
-691.56 -531.314
-54.658 -89.683
-477.017 690.411
-426.873 561.275
156.587 -212.782
-388.734 -493.368
728.349 -289.982
-466.542 773.168
-496.528 520.827
-454.253 -642.722
547.201 535.899
-586.792 -591.065
701.193 -283.885
546.457 506.435
711.41 -263.32
874.44 -197.726
-23.639 -34.716
-413.334 555.245
-395.521 559.729
550.524 516.379
26.337 93.429
-416.894 429.275
-241.323 694.365
640.829 -221.297
-560.04 611.689
-55.456 142.245
-512.905 -460.602
-495.679 -335.387
-80.635 95.251
-312.511 685.683
-425.225 -501.743
-558.602 -408.193
-12.245 -77.427
-442.641 -478.674
-538.75 -505.188
-380.166 608.806
-632.471 -531.753
-431.231 637.127
-585.653 -577.405
24.024 16.511
795.337 -286.62
430.688 460.332
488.651 525.502
77.18 -26.537
846.984 -329.364
-478.825 -576.799
-404.545 -674.19
557.075 425.934
-345.871 -486.326
-623.727 -486.423
-505.084 680.348
-427.37 609.956
-472.567 -486.412
-488.249 -629.285
-574.858 -388.311
509.82 442.146
526.591 527.03
496.069 426.787
-459.067 463.924
121.415 1.428
-544.028 510.495
481.294 470.411
-484.831 672.711
-466.368 633.29
51.821 -184.769
231.252 -103.53
478.911 381.254
-500.639 -526.782
-503.381 609.939
-442.381 -462.081
727.895 -281.897
491.711 599.811
494.564 746.121
568.414 409.299
-432.211 553.988
481.403 462.457
-120.273 -42.877
-19.798 10.955
684.346 -300.56
-500.362 554.717
-547.779 -406.316
-578.526 -359.374
-449.994 577.95
-596.143 -464.334
-19.986 15.656
346.99 538.093
381.836 456.454
-515.911 556.429
663.94 -265.295
494.995 378.729
-532.107 -345.443
562.288 -244.118
416.119 641.585
450.548 443.491
37.201 -34.066
-581.062 -605.501
-427.956 -424.525
-127.042 16.678
-277.39 562.482
-85.986 -35.501
591.662 409.232
576.91 474.99
-358.589 712.763
-439.163 630.697
659.746 -321.603
709.865 -293.939
-634.4 -552.626
-191.167 17.801
-539.883 590.52
-486.94 -503.762
470.936 494.908
428.008 402.648
-464.777 455.124
-539.086 -708.32
459.213 516.831
713.253 -488.006
-378.195 693.382
-66.738 -60.518
472.461 583.102
542.621 614.097
627.81 -133.445
68.076 12.644
-6.846 66.36
434.454 496.522
-355.006 646.119
-442.489 640.119
658.213 -341.151
-109.58 35.163
647.704 453.15
401.204 659.923
638.312 587.48
787.77 -260.755
-366.877 512.815
619.617 -227.222
-554.035 750.738
-426.071 -547.163
-394.046 572.257
-646.917 -455.504
120.412 78.824
565.165 416.943
707.028 572.493
66.023 8.182
-120.839 -63.689
453.798 620.318
395.989 580.458
-302.992 555.559
-573.719 -401.001
-341.391 484.117
489.732 548.754
-528.251 524.001
-278.065 668.365
476.605 406.54
-473.391 610.271
665.041 -262.027
687.564 -147.727
785.073 -431.991
-420.273 648.321
43.316 -65.734
517.025 539.769
116.36 -3.891
-346.716 633.584
-322.407 475.438
-456.608 -698.765
-3.049 -44.585
355.418 424.579
31.09 -98.401
-231.872 658.324
-362.011 -565.604
-555.397 -633.811
-504.223 755.35
494.07 445.135
-585.836 -501.728
-520.195 -460.715
-50.097 -41.282
-455.171 693.395
582.637 408.857
31.998 -79.857
-294.945 565.348
579.112 592.305
-409.592 -629.578
-601.267 -543.398
-665.041 -559.16
1.273 9.856
207.81 -71.341
674.311 -423.338
-495.612 487.966
-519.082 -457.482
530.927 485.42
89.63 -36.809
177.488 21.453
-333.988 585.413
-365.736 684.162
-113.543 32.76
94.383 4.45
-225.282 14.934
-189.926 637.657
110.641 1.846
33.125 -161.981
888.788 -330.398
-506.915 -546.245
-130.533 59.47
-82.157 25.106
489.927 562.033
-220.454 577.498
5.364 -28.105
-314.549 529.897
-431.283 388.079
-35.257 -12.014
-463.212 553.822
-298.267 640.738
-425.316 600.607
673.15 -327.183
691.957 -300.312
763.922 -179.491
889.177 -303.615
624.953 508.105
-505.209 573.377
-388.062 530.176
-67.524 -197.385
816.67 -281.413
452.66 473.887
545.145 -278.758
660.621 -235.684
683.303 -323.945
834.225 -274.916
-435.53 -476.672
-382.737 -416.848
-545.135 712.689
-97.473 -49.553
-276.798 648.561
-432.02 686.743
540.985 409.998
-438.167 598.417
590.242 426.676
-369.593 -589.452
633.582 -369.787
444.391 668.384
-31.003 -53.195
474.759 435.402
-365.746 673.156
723.243 -254.404
-310.592 642.836
498.303 525.766
662.04 -363.616
-429.834 -370.71
708.069 -364.187
800.103 -295.21
-428.664 536.659
520.175 -251.536
-411.29 -403.306
-432.406 621.609
-435.315 514.151
-322.113 473.244
526.608 586.996
-388.106 603.797
751.643 -339.286
596.396 413.291
717.309 -183.465
-597.829 -258.07
40.979 -184.932
593.27 527.441
-342.852 551.463
-314.309 645.042
581.204 -361.219
-626.245 -443.337
461.016 535.522
535.491 576.964
701.646 -165.855
508.605 586.113
675.565 -254.184
531.208 566.794
-43.562 -18.898
667.185 -259.396
604.297 -182.381
758.025 -313.422
592.592 -466.838
-520.22 497.112
-300.208 530.673
686.666 -220.203
41.082 -15.839
92.963 24.131
-475.787 456.144
372.202 487.434
671.013 -165.462
660.347 -409.423
-273.22 728.703
701.435 -238.254
14.382 114.236
601.788 -325.305
-471.361 -559.308
40.428 -46.923
-457.112 661.932
-299.509 701.753
41.981 143.345
-504.132 -573.907
785.304 -254.405
45.983 20.05
-437.553 759.406
763.727 -246.006
-300.365 -399.043
-540.88 -528.0
491.184 526.042
-508.827 413.351
-485.128 -528.485
-420.594 585.376
598.343 -297.136
865.564 -320.358
80.617 -11.106
-362.326 626.223
585.856 670.727
-43.309 76.781
564.506 -385.422
-122.15 38.853
-596.236 -508.377
-343.992 466.341
-505.187 -592.513
423.779 469.311
30.662 -33.131
513.118 637.208
-265.908 678.929
-290.406 478.313
-107.381 15.251
727.85 -272.782
-421.984 -521.794
-35.251 -1.022
618.752 -404.478
510.039 607.876
-512.37 -581.434
-495.608 638.15
-9.573 11.016
522.804 576.227
514.517 558.558
728.741 -373.741
-355.179 597.17
-564.48 -549.74
743.201 -311.596
508.228 696.624
502.018 449.0
342.673 600.052
-429.868 -327.452
628.942 -283.532
13.835 104.538
-341.706 584.484
776.549 -170.798
74.228 -149.039
590.312 -249.211
-514.64 -534.416
-471.242 -583.172
758.654 -306.539
15.366 -130.18
729.456 -326.289
-481.608 612.553
751.775 -239.146
134.707 16.481
-460.786 555.417
615.322 385.917
431.069 501.097
-158.642 -159.389
674.834 -410.601
523.027 487.544
-176.375 -88.789
465.602 549.259
463.465 661.656
510.216 416.251
-591.545 -452.103
-440.16 524.376
-440.122 -434.529
-335.625 544.372
-577.941 -568.94
-142.252 104.013
-24.549 61.496
-553.51 -627.45
869.082 -329.665
487.878 440.617
-407.317 552.008
-559.086 -565.24
-586.91 -294.598
-485.971 668.946
541.834 401.086
460.387 516.946
493.138 541.557
839.427 -356.879
-486.741 -584.332
-419.755 -519.009
417.113 505.401
2.215 -11.763
418.772 512.288
544.806 494.752
-578.523 -530.424
766.365 -219.219
424.993 543.149
675.737 -249.285
755.975 -178.031
-13.082 -16.691
-324.722 570.935
519.724 533.023
-547.481 724.841
726.35 -429.811
-382.094 489.659
106.042 1.632
-429.809 507.283
-108.906 -39.996
539.262 588.24
-237.489 692.57
23.107 7.582
-367.008 681.024
444.392 409.101
-378.527 -597.329
-406.369 -536.861
707.464 -322.446
378.247 401.925
765.0 -331.401
60.983 50.192
494.643 511.58
-479.893 -581.301
-450.824 -499.465
-457.392 611.939
-456.401 596.794
596.679 366.722
668.369 569.064
-341.548 643.942
-430.406 -418.925
-377.414 517.432
-498.321 -683.154
-523.033 714.774
-402.731 594.096
453.146 614.739
-442.92 593.235
702.782 -413.612
416.107 613.168
488.411 449.699
-53.716 60.919
-606.928 -385.088
623.941 -290.541
535.055 480.104
665.955 -187.691
785.76 -268.827
-9.582 -108.688
61.328 -7.934
671.976 -215.06
-96.475 -145.595
579.148 632.531
-359.437 653.541
21.728 -134.374
435.56 435.103
-615.478 -452.082
483.997 585.929
-524.24 677.289
472.12 376.518
-277.711 662.002
-274.237 660.015
-436.846 -534.808
488.072 413.116
64.418 50.619
455.643 439.233
829.852 -348.595
-521.163 -519.924
507.187 503.211
-448.196 607.975
-440.813 735.063
660.931 -353.947
488.526 481.183
22.906 89.28
-413.062 577.831
-505.52 457.92
-530.505 -342.457
-403.836 -672.64
-416.907 -365.96
-55.723 27.397
-604.523 -479.375
-39.984 102.692
557.574 400.041
-58.958 -40.23
16.689 -89.633
26.873 51.325
-332.323 612.437
415.888 436.648
-492.79 -475.399
426.442 591.195
589.814 -235.256
429.704 484.093
707.535 -247.974
-364.396 634.06
-287.275 647.978
-502.801 786.716
633.277 -339.233
755.668 -257.566
484.422 515.131
91.098 109.986
424.386 597.887
-452.949 667.536
-496.622 -466.191
438.356 446.499
656.436 -346.134
-123.559 137.703
-602.247 -541.921
683.231 -455.761
741.957 -375.902
50.922 210.914
563.271 579.663
29.736 -117.703
14.403 -23.95
154.059 39.855
-311.871 692.457
559.238 510.848
-32.205 -13.024
567.581 430.847
664.459 -370.982
20.687 57.99
-285.0 -565.428
445.955 479.298
-435.018 602.236
-319.559 586.069
595.913 -276.339
-589.91 642.298
-25.893 98.903
-406.435 -570.377
751.425 -407.792
430.916 581.919
527.348 301.637
-1.869 -102.035
783.995 -338.155
-191.027 621.897
384.218 605.17
-228.462 558.406
592.975 -393.902
-506.275 -337.957
-414.896 -552.976
-529.456 -442.006
-564.054 -542.09
103.091 -0.37
661.307 -297.732
541.113 408.888
609.766 -411.469
643.472 -276.068
719.161 -463.843
-468.425 528.653
-507.64 -401.508
-376.979 550.936
56.245 60.559
-626.395 -504.315
-371.857 564.124
787.386 -237.059
-435.961 -384.094
146.906 102.71
-451.874 -299.683
409.517 376.74
55.065 54.232
-551.001 -672.99
-422.53 -461.46
-517.384 -494.458
-69.446 89.25
716.595 -194.948
-450.402 -693.369
-27.556 121.933
633.377 -244.656
-4.873 140.721
643.322 520.603
-588.568 -518.618
-431.19 696.189
839.952 -236.974
119.636 5.974
792.683 -280.017
69.091 183.114
814.944 -323.81
688.748 -246.849
181.535 -76.752
545.418 428.741
747.861 -298.836
692.412 -218.887
-289.199 591.496
17.724 -34.375
552.7 570.055
670.782 -198.48
-361.555 574.083
-441.252 634.408
605.868 452.412
-11.997 -19.881
396.528 438.318
246.96 -37.649
-468.399 602.345
778.784 -323.787
-97.381 23.445
-78.595 7.23
-331.119 489.425
683.254 609.243
667.169 -213.845
-539.823 -324.467
-680.27 -523.26
544.589 488.307
-3.836 -192.168
567.528 -373.56
-513.818 -515.832
-466.71 670.091
-449.747 -548.679
724.576 -378.13
-512.692 -479.688
714.423 -274.853
535.771 635.306
656.458 -342.445
-432.881 532.225
-383.463 -679.536
-118.753 -109.9
-486.547 -495.511
-497.905 -526.559
657.599 -400.478
-331.051 645.588
784.065 -225.151
-329.178 458.861
384.463 477.041
834.137 -294.286
63.509 18.314
430.012 352.114
812.908 -428.164
658.267 -298.956
595.115 -241.696
-463.161 439.286
705.136 -266.046
574.711 -333.022
43.061 83.466
-413.748 684.571
-418.204 484.745
-496.094 -359.718
-547.472 -279.501
-428.541 -656.539
773.948 -304.323
503.113 486.783
-429.044 651.687
-402.103 591.464
-416.365 -425.018
831.484 -267.396
761.928 -175.206
520.966 517.318
640.049 524.958
658.956 -268.947
-440.892 633.413
509.34 671.081
-149.322 -38.334
-558.708 596.143
-379.643 -614.433
499.173 558.471
-449.091 660.4
494.915 544.367
-385.261 724.439
14.055 -37.126
24.355 102.116
653.222 -267.21
-268.981 569.135
864.462 -212.065
-68.807 -63.677
770.294 -463.136
655.269 -273.848
635.539 -310.134
-37.525 45.322
518.145 589.834
-397.249 -434.837
-410.574 658.586
-468.195 -557.792
35.882 89.675
-368.117 -512.238
-201.745 562.812
547.929 -237.795
46.619 55.939
55.924 46.759
-64.633 22.766
536.111 464.436
-309.955 605.629
-85.908 -155.188
573.857 456.268
715.703 -377.33
-474.703 -583.346
-494.992 -449.414
565.534 553.798
501.048 434.696
-607.786 -580.096
543.962 595.535
-157.004 47.92
412.77 364.019
-113.46 -18.265
723.878 -410.996
-51.436 30.97
665.248 -304.512
615.016 -297.188
-358.827 -508.711
643.144 -328.743
-435.753 -373.971
627.209 572.754
469.828 524.715
8.411 36.109
24.108 -28.663
629.528 -272.052
-491.47 566.284
-430.806 580.083
-575.983 -476.076
-531.868 602.5
-38.397 -5.568
695.419 -285.708
564.772 510.601
793.649 -297.458
-488.909 516.972
-80.591 15.29
570.234 666.756
-623.478 -451.644
-452.483 -460.989
-430.571 -544.029
-491.456 501.15
708.347 -291.812
-456.452 -389.165
-591.237 -415.67
735.53 -423.154
573.347 505.689
438.563 487.394
-486.764 522.748
669.257 -322.73
-542.888 -448.877
-416.38 639.397
613.232 -370.352
560.276 668.156
-618.242 -471.413
676.283 -301.085
754.396 -376.466
860.088 -481.976
-410.434 -397.784
467.9 518.949
536.76 478.796
488.74 527.243
-461.75 -406.919
493.424 688.228
68.788 -114.641
-397.947 559.367
-470.159 -587.718
-367.631 529.186
556.295 505.149
509.587 611.517
-573.381 -443.57
543.153 295.57
-407.217 605.816
-441.596 -481.877
452.661 591.513
419.181 406.81
-51.743 78.909
-55.925 30.78
287.18 508.816
669.913 -246.998
-432.94 596.569
-405.798 -469.734
472.638 419.221
-8.543 37.188
-320.593 -634.811
-391.48 -414.841
99.774 28.202
-311.611 511.617
-34.492 -90.119
396.078 506.854
-538.776 -512.052
-554.041 -588.673
555.74 477.675
-590.637 -628.306
-351.188 596.047
614.271 -275.132
-500.591 -497.09
783.582 -267.386
-569.046 -512.698
-506.161 759.853
-53.066 56.04
737.674 -374.035
525.82 -189.265
753.599 -250.115
740.679 -225.121
-425.983 -621.362
-17.172 -65.923
-554.201 -593.561
44.225 -5.832
-294.648 570.301
-514.219 -579.69
732.592 -321.728
19.151 85.42
-438.67 676.469
664.645 -223.274
-455.975 -395.227
14.669 45.962
-388.151 569.904
-508.206 -604.457
-574.063 -434.318
519.002 482.698
-422.314 623.179
-559.186 -591.502
-471.777 -469.689
749.555 -292.454
488.214 526.722
413.333 575.181
607.215 700.454
184.506 -6.007
462.58 442.521
522.08 411.88
-58.776 -51.301
568.853 559.434
473.75 317.323
-429.654 644.614
685.302 -303.64
-426.787 568.72
611.906 -431.444
624.906 -232.978
747.243 -286.716
-503.92 -558.579
719.262 -155.969
617.898 -235.443
-413.538 -422.616
-654.419 -520.42
-547.328 -446.295
-408.358 -402.931
592.897 579.945
-463.037 529.38
698.063 -276.213
-463.418 -474.503
-440.855 -432.444
569.937 615.735
461.517 575.191
-30.523 -62.015
640.176 589.421
465.571 468.472
-406.785 577.947
510.304 495.107
445.161 402.467
-433.832 523.01
-154.272 184.934
-422.803 -493.615
554.819 -384.651
499.036 508.576
523.353 465.978
45.014 -8.583
-536.233 -539.594
-455.135 536.998
-95.419 77.36
808.176 -223.127
500.927 -148.472
-138.706 -88.781
-378.712 405.174
-516.058 -529.836
711.543 -402.941
-475.644 -560.078
-395.655 724.673
-393.221 598.502
-93.849 70.445
516.923 472.159
75.417 -82.304
608.51 -320.723
-598.292 -498.629
553.65 458.945
628.955 350.923
623.275 -325.078
-356.079 594.831
-481.411 807.885
464.788 473.066
73.571 25.391
-60.31 65.09
-388.752 591.867
-527.188 570.179
455.559 620.085
564.05 503.001
7.325 75.617
-53.427 -83.777
756.615 -273.855
-295.719 595.539
-384.776 626.402
47.211 86.535
-393.266 593.933
84.973 -60.871
100.735 -52.284
262.933 624.281
468.336 495.732
545.711 532.875
515.862 706.882
-314.1 683.462
-524.743 540.379
618.099 464.358
458.578 468.378
514.801 -226.033
466.532 560.982
-332.617 457.589
693.665 -403.475
-479.956 -393.141
7.486 -14.31
530.253 -406.703
694.261 -256.957
729.866 -228.905
-306.721 640.189
470.5 466.446
-407.989 572.246
791.375 -179.645
-468.496 607.062
643.408 -284.546
-2.095 45.66
657.207 -272.871
-516.165 -488.14
-438.56 -541.18
-521.552 -623.306
-515.822 -578.45
-465.568 -362.88
-524.377 644.045
-449.473 -388.879
332.663 715.153
-412.617 686.639
410.307 424.286
5.145 9.525
506.919 718.394
775.111 -231.859
51.569 43.35
-257.423 680.504
-406.331 -600.449
-595.447 -568.074
865.479 -411.986
679.148 -306.965
495.81 392.602
730.496 -520.6
39.882 -160.678
-646.421 -446.917
648.983 468.594
-345.3 652.609
-507.9 -554.989
51.523 -75.111
805.739 -300.926
421.54 320.463
-552.196 600.913
22.475 89.44
-297.06 551.711
31.124 115.117
844.638 -246.072
561.258 467.069
-368.627 761.808
-88.814 -149.063
-387.064 580.558
-561.298 -479.749
637.825 534.929
766.539 -363.284
-391.333 -591.77
-144.826 -48.548
-522.348 544.125
-156.279 37.081
-71.169 -35.695
476.815 527.606
-594.287 -501.462
780.336 -389.667
-536.056 616.628
-482.71 525.049
588.359 -311.196
-539.176 -537.769
-182.936 -14.102
736.297 -338.684
20.126 -31.468
-467.035 -506.46
-516.421 -501.518
-582.756 -581.911
-474.552 -616.904
-344.891 737.805
568.684 560.042
-3.16 86.856
-316.692 548.738
447.834 450.28
586.397 -299.383
342.73 618.205
21.565 -23.147
-55.717 141.837
641.506 -474.271
-270.731 567.664
-584.016 -497.009
699.394 -328.799
719.439 -467.123
736.319 555.732
598.311 -186.502
-345.675 680.058
503.375 585.049
766.097 -320.832
-545.232 551.016
-422.817 -490.577
-9.856 21.586
-416.118 495.219
-461.78 -552.015
509.825 512.691
-578.605 -643.999
862.64 -300.164
-77.414 -8.056
518.76 498.447
-562.165 -659.998
-642.253 -498.865
457.931 -340.235
-346.442 756.452
-395.015 -425.464
586.969 -317.279
458.351 429.669
-415.083 575.538
-67.464 -49.861
-89.582 67.748
429.386 578.213
626.971 -396.054
671.608 -322.644
-476.815 -465.159
613.371 637.68
-445.724 545.791
-523.652 -477.517
508.013 -386.146
-380.888 651.765
789.932 -337.449
-59.818 -61.369
664.023 -306.916
-553.402 -598.366
-448.387 -455.115
841.774 -303.505
661.429 -285.632
762.996 -115.157
-349.138 594.697
-623.417 -524.633
-350.896 500.316
320.856 655.206
-551.357 -406.924
537.021 367.364
-412.214 706.62
670.763 -212.938
-308.697 591.642
483.814 471.849
635.799 490.513
58.256 6.055
521.278 549.046
-287.582 490.975
-479.455 504.745
-480.583 -480.378
763.043 -148.362
-50.87 -12.692
409.804 475.044
145.071 -19.206
-352.524 685.364
530.471 584.759
674.503 -303.161
-371.934 423.303
-583.909 662.359
47.408 -124.841
616.304 -190.579
-478.413 -406.544
-350.483 609.442
-28.608 50.14
-11.983 -102.653
-556.746 628.316
-542.291 -396.256
65.774 112.877
16.527 -12.788
344.597 542.119
-563.024 -446.058
-3.644 -61.593
507.615 542.862
-436.143 550.391
-422.447 -627.497
33.871 -19.3
530.835 583.91
94.649 -37.435
-50.088 51.347
717.395 -344.781
-378.674 525.765
-241.48 739.38
-401.411 496.022
-463.951 -496.806
-97.275 92.556
-359.734 621.297
468.615 518.636
542.977 537.693
862.565 -392.762
686.542 -286.103
686.881 -206.792
767.78 -254.516
-365.001 604.615
684.577 -378.709
-26.227 31.462
-543.779 -340.17
839.095 -277.614
-608.508 -514.124
451.394 651.31
-363.981 -474.571
120.979 61.407
82.294 17.668
29.212 40.806
865.767 -378.721
625.759 -355.474
-460.608 -461.649
590.41 467.52
630.999 -490.613
716.926 -141.831
-540.157 500.577
710.021 -310.155
-286.581 652.307
-439.553 -576.822
-462.993 583.34
107.023 -79.807
10.01 -0.938
-464.396 -413.844
-485.638 -504.174
597.879 444.114
-13.652 38.902
-434.665 581.052
-61.893 -38.475
673.734 -242.085
473.163 554.592
-345.47 485.146
-275.323 582.191
-620.01 -425.011
12.685 6.234
-357.614 715.53
-527.526 -552.599
19.703 56.462
-398.28 690.03
-346.76 -484.312
102.834 -46.858
486.286 503.116
89.791 -123.421
17.766 -27.687
-480.489 535.274
735.356 -179.326
-189.202 93.969
534.992 -413.922
-348.461 -562.304
591.386 -218.755
673.364 -415.048
-384.451 485.659
519.154 417.192
154.739 -164.982
-456.751 560.769
837.621 -310.085
-390.997 685.664
-555.091 -374.494
521.721 573.063
-10.074 81.45
-380.83 670.751
693.336 -322.181
715.807 -396.191
-513.461 -461.499
-430.489 571.489
719.398 -377.748
829.515 -365.546
-369.291 540.167
169.273 156.448
-45.039 -80.003
-567.549 -463.53
-63.891 -37.325
-403.937 597.962
-15.039 -33.304
-307.002 599.072
-383.525 703.382
-529.251 -486.763
801.473 -313.809
18.664 -6.532
-457.479 569.309
-395.834 630.176
-435.852 700.353
709.536 -368.908
57.609 79.423
-544.428 760.598
-365.575 -417.127
547.819 502.13
-78.825 131.325
408.141 430.306
207.331 43.962
368.395 546.093
-427.622 -381.264
-570.598 -654.283
-487.504 645.138
-338.134 650.296
-344.5 620.102
462.709 527.25
-345.81 762.633
-0.109 -116.73
-456.099 533.63
711.713 -295.346
688.599 -317.105
-369.44 513.755
431.979 510.672
-40.122 -167.539
-461.753 624.16
643.194 500.208
-602.434 -466.154
630.703 374.888
452.959 485.876
582.758 506.812
-288.749 635.499
678.914 -430.556
-434.305 -445.719
-392.447 -348.795
-357.76 667.269
710.709 -296.734
-355.594 592.744
709.659 -326.268
-396.75 -700.802
-1.924 87.639
-397.017 722.488
558.444 391.935
-38.917 35.233
-504.003 -471.533
720.714 -425.119
786.624 -249.625
60.117 -31.731
10.795 45.396
569.883 544.196
754.095 -359.856
525.429 674.585
-567.601 645.738
-350.498 650.764
-354.152 482.805
668.568 -365.689
774.835 -273.458
635.06 -271.813
-404.228 -499.811
-101.932 60.949
-117.709 -39.891
489.424 536.481
-351.111 536.884
64.727 55.791
461.04 406.388
459.696 425.613
792.585 -304.364
-454.891 544.262
-411.106 657.386
13.639 42.824
664.8 -196.01
407.049 569.178
684.39 -403.392
529.684 -170.268
-101.848 113.469
-518.557 -468.128
511.786 443.003
-565.279 -476.404
68.62 -11.095
590.523 -218.667
623.685 -304.743
730.308 -251.569
527.252 531.761
-515.5 -537.772
-18.045 113.49
745.196 -319.006
-34.966 44.147
757.236 -224.709
86.838 90.664
737.508 -331.727
-422.519 482.083
375.715 523.366
338.198 483.521
60.757 -67.855
-548.077 -669.185
667.225 -269.654
9.437 15.6
-556.604 -300.079
510.891 458.561
710.541 -307.332
738.41 -154.038
-397.89 665.019
478.042 325.915
-324.976 562.185
-330.856 646.477
-467.737 -524.234
524.756 -321.178
-263.09 680.556
-361.251 612.759
-537.013 -443.531
616.445 -425.914
-475.515 797.781
-285.753 736.025
-503.537 -427.467
-488.867 -575.798
628.35 -183.24
771.325 -261.149
-39.865 -1.989
395.566 493.355
-456.16 -598.028
701.972 -284.662
-446.057 577.496
841.075 -285.198
-60.006 142.967
-526.665 -313.262
535.603 534.529
748.658 -255.139
-454.646 425.538
-559.842 -494.364
-104.46 1.142
-404.721 -537.169
507.703 412.626
-186.201 190.873
622.55 518.163
31.127 225.456
102.473 -41.972
64.931 -49.944
621.917 -296.855
-573.467 -507.415
476.588 464.715
-422.092 569.146
718.472 -185.184
0.531 15.681
539.684 494.088
-79.513 -34.251
-61.568 -47.386
-37.413 -93.058
830.682 -334.543
-353.788 -488.5
652.869 -257.036
-634.677 -559.356
-342.048 557.114
-366.003 602.724
56.623 55.111
22.959 66.215
153.39 -114.526
775.433 -311.654
532.049 649.261
753.412 -318.392
40.884 -78.107
-43.236 -9.433
611.512 544.264
7.269 -16.656
-14.653 96.168
-653.514 -506.182
-345.564 734.703
848.623 -236.659
-460.31 -522.271
-306.362 488.826
42.709 54.614
514.61 513.992
-140.407 17.279
-360.214 617.438
-294.635 580.042
-386.916 662.211
-41.197 86.247
-500.845 -541.176
-335.23 734.611
-443.432 610.152
-61.791 -122.385
7.016 23.674
560.373 330.963
-514.47 -579.379
-405.508 533.191
-309.129 536.31
580.555 320.585
745.885 -343.483
464.144 443.445
-466.252 609.721
-488.711 -470.344
-394.543 -435.081
-109.964 136.527
728.752 -232.485
-13.527 15.396
-500.95 -290.646
-499.292 -448.607
693.386 462.313
-513.683 574.962
-574.73 -416.812
525.204 495.891
464.573 444.72
459.353 542.294
28.566 -96.977
499.337 473.878
723.304 -406.683
608.368 -321.298
-381.049 539.146
-584.592 -551.912
-321.854 525.078
-388.387 773.414
419.0 449.142
-539.736 -495.385
-51.535 -40.152
-326.335 592.468
21.69 -111.929
662.964 -385.661
-411.215 635.699
498.768 454.933
-280.541 612.965
-313.992 632.92
-482.294 -515.908
-462.983 -399.257
23.395 93.447
-376.847 -380.691
-423.306 469.323
-43.701 53.411
532.561 503.65
745.514 -274.288
520.103 449.069
413.144 540.824
41.74 10.537
663.223 613.36
573.181 421.271
62.584 114.07
667.141 -251.564
817.708 -202.601
-0.169 -12.04
390.461 431.783
-382.168 617.767
-585.919 -483.305
-487.4 -445.487
-523.805 -549.606
461.965 372.882
572.075 479.783
1.862 4.883
-487.956 606.231
-441.532 -756.564
779.939 -252.87
680.759 -162.397
574.548 445.125
-285.306 495.584
591.271 474.208
-501.364 -589.92
562.163 -242.999
-480.134 -555.16
693.268 -341.489
-470.546 736.807
-433.664 567.966
443.738 401.096
-576.549 -648.327
-392.26 -531.01
-516.216 -527.505
-444.288 -575.823
-296.525 500.458
461.594 438.001
-38.057 -15.375
-49.018 -23.907
536.525 472.874
575.659 387.265
-603.03 -438.707
-11.117 -43.548
-488.179 -646.127
904.606 -240.392
-448.883 -657.343
-484.09 -552.967
689.245 -380.778
-333.158 567.902
174.561 -101.356
-490.549 -488.255
509.005 438.064
-256.259 558.143
667.936 -311.749
400.697 576.189
-447.511 655.835
-28.476 -117.016
-469.465 -467.753
731.721 -374.33
652.637 -283.707
-461.8 671.397
744.506 -304.977
662.243 -197.625
548.942 515.056
-298.233 637.425
619.502 -233.092
708.742 -389.449
829.603 -246.911
711.312 -529.206
374.573 278.313
-56.65 14.016
409.037 451.773
-567.012 -468.046
-585.668 -542.639
429.245 555.84
-454.756 619.379
3.516 -28.06
745.261 -349.587
-486.377 636.22
-68.027 186.771
82.965 29.339
-60.72 -97.814
16.578 -16.24
-338.046 -496.665
-0.345 3.948
-500.164 -462.519
-472.87 -518.724
419.041 558.187
376.284 525.232
739.557 -347.753
727.653 -265.528
-479.102 630.78
-301.673 524.227
-478.161 500.331
753.791 -293.413
-78.616 -19.886
-435.522 -401.113
720.126 -321.744
-548.627 -523.829
-18.1 -0.851
-426.284 548.033
-324.917 525.825
-491.182 -413.123
81.014 16.778
-340.551 -519.63
-490.83 -620.175
432.467 649.594
565.992 519.75
705.974 -326.003
-6.183 58.557
-648.339 687.805
731.188 -248.567
84.66 253.286
701.574 -335.281
-58.461 2.625
693.705 -204.787
12.542 -63.553
-560.335 528.051
539.281 602.959
-577.204 -688.022
790.416 -299.403
-642.383 -564.365
469.653 403.423
-284.627 621.494
31.752 -214.764
-398.071 609.003
666.698 -309.054
441.513 502.842
-645.118 -426.332
-509.7 -557.592
-440.891 688.361
-562.247 530.053
613.151 -271.246
-438.552 -355.553
618.829 666.945
18.672 -31.939
684.405 -196.854
469.797 429.871
455.859 311.31
801.643 -239.426
106.759 -60.676
-409.779 773.222
632.841 -420.054
794.056 -243.241
533.959 511.342
-418.075 654.149
635.044 588.923
-45.704 -55.915
412.349 409.16
-357.241 629.12
-301.55 546.856
-606.566 -501.404
-86.869 -0.878
723.761 -295.772
-576.212 463.732
-91.719 -60.558
-464.146 -629.018
-491.89 -526.637
767.262 -183.523
-391.777 569.84
469.053 344.255
-551.572 -427.425
127.63 -88.365
472.471 618.423
-454.812 -347.188
550.272 411.457
368.422 480.433
658.026 -312.434
-483.726 498.561
710.226 -334.043
738.982 -279.745
307.925 643.417
-488.749 685.198
-44.354 -25.379
-47.391 -128.101
817.025 -198.201
-445.099 628.308
-404.589 -432.2
617.727 -328.505
738.511 454.725
-406.843 -605.892
5.994 -18.227
820.362 -238.946
6.175 -113.034
-462.656 -485.594
629.423 -304.592
618.409 -401.683
735.187 -322.309
564.094 331.225
748.565 -409.908
-139.517 -27.714
-504.988 634.977
-508.883 582.864
-535.121 -419.866
686.456 -114.085
369.807 580.604
-6.714 46.231
13.816 112.405
-32.177 -9.815
513.655 553.672
7.044 78.21
-441.353 590.498
551.221 -222.885
814.584 -269.073
-584.08 -469.961
719.051 -341.849
-17.24 -131.765
-15.79 4.906
-410.2 543.402
625.311 462.209
678.728 -405.894
-465.254 -391.343
-457.511 -484.306
-395.809 702.37
466.051 449.858
15.225 42.72
-480.614 512.393
549.778 451.239
-90.838 58.49
73.138 -132.147
-269.449 578.334
710.493 -260.46
690.319 -342.591
820.67 -122.517
-374.751 629.301
-355.595 -515.328
-383.856 -399.976
866.581 -296.785
-49.584 74.646
-529.863 -524.643
-464.504 504.064
468.758 567.994
579.884 504.254
714.622 -52.022
22.136 94.325
-330.51 494.996
-379.168 478.448
645.423 -227.677
-444.792 -548.727
-547.956 -372.731
-481.467 519.725
482.53 626.032
-527.495 480.802
760.58 -270.287
-490.463 -553.642
743.243 -255.141
-282.429 668.757
84.021 -36.626
-411.381 554.227
-462.031 577.344
-356.631 546.374
62.077 152.88
-385.785 554.9
-417.893 -484.15
84.253 -74.147
672.474 -144.835
-462.771 -591.554
-474.886 592.75
-452.227 -562.358
-381.259 705.868
-38.713 36.144
22.249 31.643
-485.954 -620.931
501.609 507.793
-191.74 -40.548
-487.424 -552.62
751.598 -272.153
712.03 -216.507
441.877 587.194
-139.488 -193.337
-466.013 395.521
-358.152 534.114
146.503 -80.486
-436.945 498.899
-418.907 -600.612
750.031 -411.781
701.61 -333.236
-371.727 600.051
-358.413 590.756
-496.245 -480.997
-403.944 499.977
-323.944 488.719
-445.058 689.211
-451.9 -593.471
-459.88 -466.989
438.588 407.967
-453.465 618.826
-357.342 799.106
-421.169 515.739
697.89 -310.832
-286.462 669.798
661.789 -212.205
-386.438 -541.756
-411.188 536.227
-469.249 724.464
508.328 455.086
-412.845 650.509
707.145 -448.623
676.26 -366.215
751.242 -283.282
-423.593 633.715
33.201 -185.039
-34.711 92.874
-445.616 -351.116
615.042 -354.713
-423.927 -676.103
-584.57 -409.329
52.589 24.581
616.726 479.51
-534.076 -530.507
21.897 80.662
461.288 593.667
629.41 -346.508
-584.608 -429.311
595.739 -155.428
174.512 196.502
5.564 -57.524
731.575 -210.111
339.544 526.881
769.347 -457.599
693.765 -312.557
492.378 511.599
-554.468 -426.833
-65.483 -100.468
622.513 484.575
-490.819 544.1
794.17 -419.323
744.521 -281.839
-31.885 -15.723
689.284 -322.473
-311.685 662.456
-58.701 15.742
626.429 -245.436
-104.482 45.857
598.561 615.512
34.912 -130.099
543.757 488.402
76.717 20.34
460.572 485.544
-445.667 632.853
811.051 -351.099
629.505 -345.378
-26.962 32.513
695.331 -207.438
484.637 539.312
-339.549 654.193
-566.752 -594.933
-465.824 -445.139
440.499 456.946
-550.671 -525.997
-537.185 -520.846
401.291 429.078
692.376 -307.944
-23.074 187.734
-643.106 -421.8
-584.194 -508.325
-532.599 -479.161
379.355 551.442
-64.486 66.348
631.466 -342.41
663.118 -292.135
-661.349 -628.675
-443.219 -574.512
844.111 -251.996
-377.352 -420.545
-637.948 -320.795
-337.052 630.871
-255.782 616.755
135.287 -171.265
-410.427 562.576
541.444 399.984
595.462 -254.606
555.26 578.243
-555.134 -490.736
709.859 -323.528
-450.407 -399.691
518.156 430.813
546.518 301.358
749.407 -178.352
452.638 497.631
28.263 24.188
118.825 -95.531
60.305 16.608
-634.477 -535.123
-433.126 -537.287
551.31 -367.513
-422.398 -424.744
-451.339 -501.568
-95.761 69.617
-471.682 -492.664
539.743 548.848
509.92 501.6
-13.591 18.669
-400.927 -477.757
693.305 -403.885
-386.548 589.123
-293.905 -377.209
647.529 -312.235
875.475 -326.091
535.156 -384.975
52.036 -86.525
-265.641 558.265
632.986 -345.042
501.819 403.186
-585.898 -505.926
-540.318 -351.928
-560.396 -430.007
21.887 -73.994
-345.894 547.391
-530.715 550.332
-521.181 -481.368
690.304 -258.076
573.945 541.627
106.873 180.695
601.507 -328.202
22.645 53.214
479.951 497.42
-534.614 694.544
745.128 -463.188
-34.484 -7.375
768.013 -263.671
-397.355 673.454
469.722 569.043
524.538 498.852
308.942 503.067
-567.54 -552.262
-545.175 -439.711
781.659 -317.295
495.151 455.076
649.961 -205.517
-492.791 -707.324
829.301 -334.815
618.477 -266.971
-541.09 -388.1
711.435 -263.594
-412.062 490.239
18.368 -124.984
-54.966 -116.686
547.745 378.906
448.867 553.773
-457.606 548.286
-495.274 -529.913
526.116 -313.251
146.991 19.26
414.777 387.594
39.165 64.181
535.839 414.401
38.613 -63.584
-77.251 95.811
596.142 -281.677
-415.017 -462.535
625.557 -301.95
-495.997 707.06
-490.107 598.971
-124.483 -20.323
590.637 481.644
-30.309 20.47
-312.345 569.116
425.828 606.416
-24.716 -110.912
417.952 464.079
-504.082 -694.642
-553.116 -546.318
56.604 -57.739
562.71 463.507
532.493 558.588
677.005 461.208
-352.612 -366.402
-44.94 -58.097
-485.34 672.939
-437.212 -531.0
2.428 -46.395
-296.4 503.591
-487.051 -455.383
373.176 548.916
-375.861 -349.314
-20.529 145.401
-497.822 -338.891
-141.645 -18.95
632.311 -388.993
-640.929 -547.816
741.628 -414.728
-478.708 -598.828
-413.947 -562.323
490.144 496.551
-507.211 -498.996
681.113 -227.522
-487.447 510.465
335.132 466.929
449.612 477.068
41.766 -24.369
-473.616 628.82
536.613 509.971
93.448 36.313
-28.899 -53.732
92.571 16.742
-536.79 574.655
2.845 -11.726
-632.01 -414.087
-398.714 -494.434
786.972 -243.655
36.599 -163.731
-373.168 -602.422
-512.295 -489.535
-496.69 481.678
485.704 429.998
-316.741 -654.976
801.052 -408.003
685.263 -218.992
403.124 620.57
603.889 460.182
-85.979 -94.213
52.966 -76.467
483.16 472.984
-489.164 724.877
543.195 427.221
-362.216 618.145
726.159 -381.553
-389.798 486.955
475.213 586.545
-478.226 527.771
-56.585 -14.162
555.826 496.309
795.813 -210.268
94.637 196.198
558.659 526.132
491.379 509.616
664.538 -270.294
-34.937 4.689
-482.492 -449.854
806.189 -144.528
-460.895 652.993
510.271 487.611
729.645 -311.217
505.979 475.997
-57.113 -49.697
699.98 -312.431
-386.743 -445.749
771.471 -433.017
28.467 -62.633
-441.651 536.357
-581.433 -406.629
469.792 602.175
-407.906 703.916
-467.9 -383.68
469.627 668.518
745.36 -289.22
-509.881 -523.083
-502.384 -544.106
744.889 -206.327
-475.761 -581.486
-52.97 66.273
-645.236 -624.958
674.944 -245.934
490.684 442.1
-376.722 -421.106
-350.929 578.262
-592.098 -508.488
758.227 -434.263
-405.291 -549.676
-347.108 406.121
639.612 -281.655
100.53 90.428
-320.29 685.611
-545.011 -598.077
655.978 505.471
-453.043 541.819
650.606 -452.538
803.29 -366.586
546.72 508.296
-401.699 -624.618
-528.705 547.488
-487.503 468.008
-475.975 -576.889
875.964 -274.997
434.19 430.97
633.485 -251.633
810.603 -289.224
680.535 -321.557
-79.146 1.819
-494.746 -532.766
-385.94 580.328
-583.593 -594.043
689.452 408.21
539.618 554.503
782.961 -261.406
-493.611 -564.456
532.399 524.167
437.846 439.251
769.543 -232.706
-587.061 -425.25
64.747 -57.12
-348.279 585.294
-639.8 -483.77
-573.055 526.152
-45.952 -54.86
4.462 -63.42
19.772 109.535
443.485 674.965
786.17 -495.701
-339.3 567.334
803.447 -281.989
-545.855 -533.336
-18.344 -85.751
734.458 -410.047
-622.175 688.285
-17.309 -90.898
-461.31 -517.263
360.446 676.41
838.731 -257.97
685.547 -317.703
-444.162 607.02
-234.576 -151.558
52.963 -35.269
-351.813 579.151
-480.526 -441.106
-0.758 69.624
618.885 -266.155
822.822 -279.457
-247.997 688.022
34.966 132.682
682.807 -299.17
-224.703 547.888
-26.86 89.866
33.586 78.375
595.235 509.819
-432.802 -512.888
-452.413 666.918
-562.342 439.798
578.062 552.319
-478.348 -461.034
-509.631 -551.937
-10.279 61.281
-339.082 513.784
587.317 585.287
-509.63 591.301
-389.389 613.229
-319.866 700.044
-516.842 -509.0
736.333 -219.916
43.486 -113.741
-548.671 -575.131
-267.834 494.795
-355.085 576.279
-458.333 469.93
781.054 -228.781
441.689 526.53
118.231 -17.101
512.885 571.035
-480.857 -507.218
-297.606 625.324
-351.692 570.503
-341.197 601.28
-535.208 -576.328
-427.189 -527.867
-362.084 616.642
-539.761 -426.773
-365.686 602.935
-417.935 -431.832
89.847 72.51
783.351 -332.253
-37.699 -52.372
744.745 -304.974
733.435 -339.118
664.556 -383.252
732.815 -260.351
389.76 583.417
-119.946 117.251
-170.959 -24.97
716.046 -171.574
-40.742 -293.866
-469.9 566.098
624.852 -415.009
-469.074 -414.413
-454.169 -462.042
-88.471 22.049
5.687 99.037
543.483 556.846
-539.483 -549.342
-539.502 -614.667
569.27 414.565
-40.13 -187.496
648.081 -255.913
-494.819 -434.709
588.132 478.952
813.273 -218.166
478.903 482.233
531.658 431.145
-548.206 -537.904
579.356 383.934
-8.177 -7.804
518.016 440.075
575.62 -118.233
600.438 372.253
531.244 401.301
-543.329 -593.492
487.454 503.669
-28.429 -132.068
56.145 -43.21
869.317 -320.034
722.795 -402.766
-383.366 663.276
656.914 -314.445
-473.246 -451.318
-552.787 -498.277
462.457 486.361
649.648 -458.7
-544.416 -464.324
-433.249 577.715
-493.434 -568.186
-429.912 -693.741
681.876 -350.431
48.027 122.594
716.608 -292.58
580.807 -396.555
-533.374 -373.749
618.746 -308.633
640.52 607.836
-669.237 -644.234
-16.867 -60.606
-432.55 -328.474
-455.599 579.517
-293.037 604.407
590.096 438.96
617.43 -134.311
535.802 621.22
-379.219 529.689
-624.719 -494.694
484.808 623.734
-517.377 -603.223
-296.362 593.028
-53.841 63.161
-113.017 98.409
745.905 -376.803
662.825 -312.884
698.64 -125.799
442.679 508.346
563.69 502.684
685.16 -406.192
-429.751 536.985
-476.074 462.366
-402.353 -546.023
536.03 -214.1
-448.478 -582.087
167.51 86.109
636.971 -189.645
551.383 596.874
-446.625 679.033
-456.81 -394.226
-314.949 524.665
-592.009 -366.445
-379.154 503.402
827.533 -273.191
774.404 -272.923
-348.745 -529.309
645.389 -312.499
-547.639 -480.188
80.775 85.263
-515.62 593.219
808.137 -282.247
430.435 629.312
937.332 -282.896
873.856 -377.55
-497.066 -340.816
511.843 436.289
340.625 573.735
-385.136 572.989
-525.298 -467.863
100.882 -2.524
478.367 412.886
657.554 580.71
559.937 624.768
-614.742 -488.91
626.793 502.128
-79.326 22.489
-446.166 -578.397
749.551 -547.618
-468.346 -531.331
448.277 472.703
-396.511 443.312
-431.353 -425.337
-634.11 -587.701
739.322 -289.25
-488.714 -578.178
584.841 400.884
682.851 543.159
692.861 -146.882
568.917 530.164
-387.979 718.265
-450.887 612.958
-504.242 592.735
-498.258 -628.888
-396.843 482.609
-447.211 508.403
99.296 147.313
-513.143 -579.932
-245.652 567.53
-533.293 -554.57
-512.864 -528.446
510.871 503.46
664.795 -142.594
427.234 456.879
-632.624 511.326
-371.088 -498.409
-520.573 602.979
-52.678 -52.118
-436.863 453.884
583.829 439.947
-584.111 -470.158
-150.758 32.428
-85.499 -117.498
-541.157 -505.499
636.643 -122.08
-535.071 -430.39
-513.69 -433.273
-417.608 635.166
693.41 -231.813
-521.508 -604.606
-408.948 703.504
-563.946 -324.888
455.08 495.896
674.641 -395.489
657.709 506.441
-74.992 82.73
657.702 -401.577
517.356 512.989
-94.228 -129.08
-629.242 -603.715
-13.476 127.902
-492.461 561.174
-33.548 -65.162
-50.208 -21.17
536.762 529.128
607.777 -411.05
457.722 537.984
-444.734 498.707
652.33 578.782
696.317 -349.569
-361.56 -467.49
-65.936 57.624
562.234 636.086
-389.96 541.359
759.881 -328.959
-628.937 -708.907
-433.274 450.755
-597.519 -460.406
436.702 575.257
-83.06 80.508
-535.211 -529.382
7.382 -110.322
681.522 -373.476
12.793 -82.656
700.558 620.023
27.048 -78.725
518.263 -365.004
514.234 451.628
-480.949 -496.554
-421.536 -433.675
609.91 353.388
-41.098 89.054
632.189 -335.088
-23.292 -76.793
-358.664 529.191
-345.043 712.712
-295.692 518.996
-350.207 642.163
-426.891 -546.48
19.286 174.314
638.603 -233.632
-447.898 -556.953
-135.251 33.137
739.908 -239.567
737.114 -377.384
-278.386 558.694
-527.432 -481.688
142.891 -97.489
32.297 -34.847
-329.722 540.849
592.067 555.779
790.494 -390.059
-536.759 -668.747
766.05 -182.238
-363.403 594.283
-52.648 -35.615
770.397 -232.864
-498.555 -543.979
-365.824 -473.015
-533.427 -397.014
426.771 507.962
698.614 -435.941
-435.1 -424.445
-377.632 535.695
57.046 -11.123
763.585 -204.296
-509.034 -590.412
-412.975 556.526
604.438 500.272
758.443 -149.101
505.389 530.278
815.699 -297.922
55.193 253.79
635.865 -355.92
-516.52 -364.096
52.571 -89.664
36.135 -54.392
-167.208 166.366
577.669 338.07
447.299 546.204
514.563 534.975
-401.546 527.382
-385.869 -398.579
134.561 -66.039
-470.65 -600.321
579.042 -145.894
113.662 -16.181
-649.389 -427.563
683.452 -361.57
-399.909 586.42
-393.491 632.011
629.724 -322.148
527.108 514.08
-390.965 574.406
-407.727 589.989
-237.957 674.841
500.868 537.051
591.84 -243.625
626.483 -265.192
-343.895 411.563
-478.499 -498.195
577.513 406.993
-507.773 -544.761
488.513 504.676
-513.092 -404.811
-407.62 689.766
720.788 -355.284
-493.738 -538.042
-427.948 668.013
-68.195 -216.697
518.005 669.266
479.517 557.956
38.14 -189.775
499.418 421.05
-348.859 468.891
583.003 505.089
4.943 -10.92
-459.609 -560.473
-454.762 -521.567
-497.349 625.397
-380.339 616.303
638.152 -311.495
-405.182 -459.379
-81.582 -83.736
-512.871 -452.959
780.909 -372.821
-380.602 718.119
-180.022 -47.33
-292.653 618.507
81.126 -41.122
524.999 -213.103
58.893 -81.498
639.248 -421.999
731.088 -382.643
-528.872 -436.865
608.394 -264.893
-46.033 33.605
615.221 564.81
55.776 -104.928
44.742 66.868
-569.083 -523.637
427.425 487.005
663.445 -345.427
-502.595 -562.176
759.345 -323.478
499.781 472.5
526.753 506.011
546.993 543.691
-418.543 461.633
503.602 456.208
672.526 -224.987
-327.888 512.342
587.119 558.296
-590.015 -434.813
8.533 109.134
672.392 -339.079
-478.657 -599.306
-288.259 649.836
-456.926 605.728
493.403 449.078
80.939 -55.582
134.7 -58.099
90.93 124.363
-587.615 -447.17
-486.07 -322.857
-287.856 645.916
142.464 1.072
-418.364 702.793
404.682 469.887
660.954 521.09
-481.367 746.608
399.929 458.266
-407.025 755.904
49.673 -24.373
-521.433 589.777
-539.396 -526.53
-287.573 724.24
-327.348 569.289
749.712 -298.996
575.709 -283.726
-500.822 705.78
0.286 22.796
-38.446 0.351
-446.665 470.31
-362.401 618.867
470.922 -249.725
-287.404 557.18
-479.135 -625.438
-527.988 -467.982
-329.908 -591.14
721.323 -376.352
706.167 -199.375
614.267 -230.38
-456.435 655.916
-308.887 666.475
-569.863 -550.918
-492.315 573.182
-162.43 -120.737
773.907 -229.305
-47.592 78.017
-432.836 -461.598
-448.433 -505.354
-408.906 658.218
438.878 437.246
-362.494 -439.054
816.013 -232.835
-488.647 -461.726
551.114 576.025
-407.572 578.295
-479.753 -625.025
562.995 -356.981
-498.463 506.57
-319.401 522.619
432.732 492.008
459.703 489.332
-437.393 550.348
-421.997 417.217
589.903 450.133
585.993 539.024
-507.919 537.605
695.436 -289.284
827.484 -266.584
-446.797 576.305
379.197 494.366
831.862 -301.172
-23.221 51.74
557.028 483.616
-464.548 -620.102
-399.782 698.265
763.534 -288.918
-414.748 515.817
-16.405 64.539
-424.674 422.031
-561.156 -567.317
-477.754 -590.333
-438.463 631.752
598.519 412.52
579.307 -423.857
-631.069 -701.741
-28.468 -95.731
-625.047 -451.69
-28.45 -12.238
-499.374 -562.761
620.816 -340.994
-431.159 -533.642
-472.871 -628.018
146.861 -8.834
-596.472 -518.266
70.61 77.902
-408.816 490.53
656.831 -250.896
-437.21 551.377
-111.307 149.554
-485.597 461.886
631.623 -296.18
581.724 358.444
770.799 -389.039
640.677 -118.251
501.159 526.315
548.198 516.194
-571.811 573.473
314.083 424.427
-15.889 -102.127
-44.79 8.585
-104.1 -143.917
161.14 -101.507
461.073 495.813
-388.35 603.743
-254.342 683.984
91.517 -71.944
426.81 503.054
368.212 530.062
73.366 4.12
453.913 396.789
641.972 472.807
-450.214 -503.819
427.34 485.659
713.751 -382.802
-441.508 511.834
725.249 -255.852
405.135 454.368
-398.657 472.213
109.237 -15.638
689.328 -326.931
-277.668 -509.971
627.827 522.219
-405.859 502.891
-410.686 528.178
690.358 -330.507
-371.611 613.938
513.178 515.754
4.483 -44.788
-139.279 -63.297
702.749 -390.039
-364.881 -474.038
-463.411 -550.541
-86.436 105.247
826.656 -407.911
535.753 354.419
91.271 -256.22
-393.752 571.235
-101.366 58.789
-79.829 6.57
685.397 -243.556
488.424 553.588
-356.773 614.542
-19.363 166.044
-350.541 -417.542
-263.731 687.961
-487.006 -407.803
48.047 -3.548
-55.883 35.074
-324.33 586.062
732.747 -290.34
-63.226 -99.165
-291.179 607.49
14.682 -27.771
-369.211 685.654
724.08 -166.506
149.969 -13.036
593.757 520.763
584.332 467.905
747.788 -303.683
660.154 -265.227
-694.251 -509.064
689.1 -319.646
-42.696 -31.23
25.828 -32.659
59.992 199.434
-539.201 -426.838
642.445 -212.609
687.625 -270.94
-537.818 -587.691
-531.949 439.407
-31.601 81.705
40.147 58.35
-571.365 -497.415
-431.486 553.038
473.793 506.389
546.499 -359.133
676.541 -304.173
-646.791 -583.065
467.779 487.819
606.256 -270.234
-74.706 -201.687
-370.03 598.351
381.675 501.496
438.146 388.157
615.251 -422.763
56.06 -29.127
-120.631 66.088
92.809 -155.79
471.75 455.658
84.701 -65.332
474.796 589.862
418.151 559.385
473.422 489.681
457.437 533.373
-436.886 707.724
-74.398 -82.675
580.858 566.837
704.894 -235.015
-100.963 -62.276
809.094 -498.654
574.18 499.515
-422.315 574.097
599.725 335.002
294.08 397.026
-412.986 -590.94
-396.136 -377.962
-366.723 -493.163
821.07 -266.432
-382.385 -414.856
-453.802 537.316
662.088 -276.835
549.964 489.908
-389.083 -606.319
-605.695 -592.898
-54.563 -46.607
490.323 622.199
-374.437 688.643
589.527 -305.393
-390.549 636.863
-59.884 -79.895
-346.08 627.871
683.982 442.838
526.351 569.25
-566.353 726.125
554.013 432.527
12.313 -31.624
-343.369 535.445
-505.137 590.029
454.938 481.285
-293.237 510.486
723.639 -156.513
-533.606 -404.71
754.686 -380.141
-542.715 -498.474
611.083 -378.573
434.453 408.197
506.04 553.788
615.24 518.799
439.377 586.116
99.526 84.617
-506.756 -495.873
-481.965 555.065
-557.581 -478.544
-354.44 331.233
485.56 453.352
751.665 -411.554
518.723 531.041
-292.252 630.648
-435.588 613.631
555.379 435.784
750.589 470.932
-543.241 -493.434
-408.932 633.358
115.866 -20.476
-485.64 -463.916
454.897 634.65
-11.833 -100.639
506.834 447.572
376.218 654.13
-370.42 -475.315
-512.876 -544.038
720.935 -175.932
-48.2 48.717
-466.608 667.102
593.196 655.724
-328.125 575.585
728.839 -272.29
117.398 94.643
866.031 -274.148
-476.492 670.547
-565.518 -648.945
-136.276 22.11
-13.982 -5.294
682.603 -216.511
-467.369 -485.89
783.856 -247.745
514.539 635.813
685.329 -355.503
460.9 442.987
-345.276 730.618
802.174 -131.423
-497.266 -495.276
643.226 -387.366
629.053 -385.723
93.009 -49.963
-128.855 -37.619
-443.238 607.537
-482.691 546.306
-254.152 676.735
-525.369 -426.244
933.582 -301.848
-54.374 -39.984
-26.707 50.587
373.949 469.232
-343.807 660.554
-512.219 -493.055
-684.172 -580.522
670.395 -387.167
408.101 464.466
-377.381 779.288
-598.502 -533.385
52.933 -123.323
-419.263 -352.432
-583.351 -528.992
-348.99 -503.361
-166.792 -15.742
484.236 507.538
-511.131 -453.153
546.734 601.618
696.371 -382.821
590.718 -350.396
-457.454 -454.96
-505.103 634.605
380.392 496.752
381.428 402.703
-391.93 601.217
-353.006 -432.237
-428.119 707.347
896.946 -337.176
-550.914 -446.295
-119.468 99.606
-522.471 709.637
-655.785 -577.886
402.189 409.002
22.857 60.054
-86.374 23.339
-43.489 93.35
695.773 -206.143
782.525 -443.478
-162.733 14.491
540.559 518.831
758.435 -245.839
549.548 422.89
-194.037 584.971
677.344 -220.524
-238.92 497.856
715.726 -256.21
-492.086 -420.07
-426.15 569.717
-393.122 -637.086
16.108 -59.781
645.301 -252.465
-13.333 -28.698
499.891 454.878
632.554 427.215
-554.196 588.932
714.433 -305.611
773.058 -329.128
714.399 -267.255
-477.135 -450.86
-282.909 505.882
604.805 -450.297
4.249 37.697
-470.766 524.748
-370.853 661.807
-18.358 7.559
-384.715 -497.131
786.067 -305.933
-458.589 -499.642
-454.269 -591.055
650.55 -265.71
663.25 -319.204
734.844 -280.761
714.438 -208.761
428.358 459.254
660.744 -333.387
332.423 568.995
-520.825 -427.173
791.371 -343.635
151.495 145.955
-323.047 685.791
757.757 -295.207
-18.728 104.62
685.99 -264.961
680.907 -302.92
719.354 -208.097
724.038 -355.701
29.412 66.178
-37.827 60.459
-518.248 -484.557
613.739 -378.523
-552.497 -523.212
-521.3 -356.88
596.549 326.354
738.148 -387.705
-31.867 70.139
695.472 -241.799
-479.382 658.5
638.803 343.522
-308.195 632.166
-302.871 689.476
-400.177 564.256
-576.203 658.549
713.308 -397.997
473.169 561.463
-50.443 -33.603
-13.222 15.536
105.9 31.569
414.696 450.807
143.387 19.606
652.279 -296.834
-318.095 566.911
-0.624 -28.913
-365.659 704.764
762.887 -222.669
-352.643 625.235
-31.45 -63.86
-8.243 -247.232
-39.764 -97.214
656.031 -275.069
27.428 -32.772
-310.352 603.201
616.629 670.338
560.748 558.105
104.135 99.698
-379.104 573.329
-429.455 -447.149
524.941 554.258
436.752 435.616
-428.518 666.924
-498.235 -496.313
569.69 512.926
423.302 532.231
-290.176 505.383
-475.461 -555.524
-488.805 -531.381
-410.767 531.24
-445.927 704.131
145.28 -89.507
10.68 112.342
-52.471 18.686
-499.928 -481.331
723.807 -370.035
-512.251 646.901
-585.429 -591.875
665.378 -335.231
643.178 510.399
-334.654 530.16
86.971 -61.361
435.717 454.532
542.187 471.618
-45.691 21.87
-328.861 631.304
-439.759 448.46
789.192 -157.763
736.318 -354.927
547.046 640.056
21.211 -5.509
748.337 -368.552
-290.361 584.101
589.226 472.694
-18.421 -101.973
-420.597 592.956
629.52 -223.595
415.583 570.962
-368.171 -587.723
572.703 455.195
834.864 -367.418
467.702 454.927
-506.384 580.574
599.846 358.483
-584.377 -568.026
-366.55 619.714
542.565 451.155
710.316 -433.053
608.789 -410.526
-379.06 486.839
353.637 647.294
437.213 581.092
-618.103 -591.099
786.964 -353.752
-500.953 676.432
-376.4 587.063
-386.612 -601.531
749.006 -189.257
-525.361 -600.084
59.988 -117.516
-473.378 807.265
752.593 -210.995
-219.146 68.552
742.361 -311.385
-428.705 604.764
-366.567 618.531
560.736 466.269
-364.5 535.8
-507.754 -469.626
99.476 66.2
774.978 -284.176
605.653 -215.591
-529.218 -386.72
-44.026 -31.187
741.551 -153.307
-442.927 -562.349
-91.769 -41.181
-511.072 -461.574
-23.432 64.666
-492.184 -461.172
-331.572 -535.455
-261.89 619.086
48.606 115.109
-448.139 593.17
0.57 103.733
-348.732 622.368
-492.42 482.308
659.658 -294.563
-397.926 617.212
-473.779 709.687
453.062 601.757
515.273 570.688
78.067 -1.963
-204.422 569.83
-563.0 -546.567
12.448 -91.051
637.12 -420.767
87.737 25.905
421.91 597.36
-40.043 96.94
-465.335 689.654
-551.18 -485.213
-422.969 578.35
510.384 -371.897
-508.66 -462.876
453.236 349.963
-507.755 -517.893
-30.545 -100.191
378.499 524.698
750.016 -362.215
-515.319 -580.08
-255.286 539.901
16.726 -140.196
-511.238 -494.808
-680.091 -451.853
-98.341 -75.167
542.093 498.855
615.325 -320.728
-438.32 700.293
568.633 -387.304
-4.192 -68.297
104.625 -91.359
140.761 69.396
-558.119 -589.141
31.413 -16.552
468.016 571.14
646.868 -270.478
-370.019 523.33
-1.731 6.499
-518.352 -513.389
-434.091 -487.177
620.757 -418.973
-338.299 597.708
-132.358 42.696
-290.597 544.179
115.227 14.606
636.798 -423.717
627.153 -398.24
-335.215 778.745
-0.792 -23.804
409.941 555.686
135.154 46.734
445.208 630.589
711.824 -319.778
-502.997 -655.151
366.364 574.087
767.838 -398.694
-374.851 561.47
45.635 -118.526
-30.192 58.076
-414.314 -515.795
43.919 78.062
-69.601 19.463
131.046 77.935
-359.044 617.695
464.187 518.336
765.119 -288.415
485.356 585.564
-438.312 -429.121
-378.774 -474.081
-492.0 -407.866
-440.061 647.346
684.76 -143.208
-358.017 727.823
469.389 468.027
22.219 -101.513
134.778 81.728
-417.622 581.765
-38.051 48.379
777.001 -243.677
763.3 -418.865
619.998 -336.588
-44.42 -22.536
547.863 404.27
-547.238 -545.192
-464.816 -577.161
-477.485 462.966
-469.828 -310.224
20.635 -7.773
-410.935 546.686
183.056 -82.26
747.196 -155.441
-23.864 -51.992
-576.845 -547.055
-410.591 491.49
-61.676 36.294
466.427 476.802
656.798 -210.657
548.674 473.237
-33.041 69.754
473.802 564.555
-522.692 -437.815
545.473 549.911
-24.404 28.379
-42.196 32.93
-573.454 -578.455
-520.168 -464.686
-23.568 -37.769
798.105 -403.56
-438.527 -355.821
-503.218 -528.87
-19.895 -117.123
733.276 -239.39
759.31 -446.436
454.088 396.075
6.274 -59.726
-436.775 -365.325
637.666 -318.369
501.407 481.281
-338.06 756.524
-80.781 -54.176
65.87 152.194
-402.612 673.539
-121.544 -77.597
618.126 -363.096
548.408 458.987
-424.969 705.704
766.888 -213.705
-553.503 515.432
-296.639 660.273
529.855 479.545
838.697 -389.839
800.857 -261.922
38.222 -27.737
766.01 -328.132
120.443 -105.548
-7.173 -82.754
752.609 -177.068
-283.997 596.844
-454.063 -460.281
-619.73 -631.2
-451.844 593.631
555.815 527.814
-37.164 9.885
-509.55 504.527
161.468 25.971
-44.758 -90.725
115.857 -17.938
728.713 -228.977
-400.967 687.105
-437.488 -619.561
616.829 484.871
-459.778 -424.429
-530.574 -540.065
-319.484 630.91
503.581 556.556
17.138 135.458
-503.983 -340.579
-453.639 -551.832
-367.576 -428.7
-351.242 694.173
-524.034 -437.875
-394.074 -351.519
-22.542 -55.197
-268.398 -404.441
641.901 -340.408
-502.093 -621.328
5.436 20.168
-580.591 -481.399
661.882 -323.858
567.064 454.856
-221.839 623.824
-342.977 624.039
796.24 -380.244
562.53 456.838
-395.15 -420.961
-93.137 93.819
511.324 -292.542
-31.92 -13.94
22.285 -99.07
587.721 -194.087
71.967 -5.174
516.882 516.343
49.179 -91.335
642.972 -399.35
701.269 -248.893
481.605 652.008
-502.31 636.436
111.414 -155.275
-387.53 545.119
564.388 621.221
567.451 531.501
-488.957 -406.258
791.734 -289.223
-567.098 -477.277
118.442 48.395
731.29 -383.149
706.111 -336.411
-397.827 540.081
-283.17 581.013
681.969 -239.242
768.86 -424.077
-519.11 -422.292
380.97 540.786
-565.444 -656.832
420.767 719.075
-509.42 -465.775
475.282 477.7
-591.156 -541.154
532.715 430.447
-428.398 634.125
713.833 -305.481
705.011 -340.783
-307.114 664.019
-502.885 -460.534
703.957 -182.809
486.487 604.672
-529.112 -451.882
-434.509 555.924
-499.863 -426.974
503.115 384.704
-439.004 676.742
480.07 333.511
-585.513 -437.073
-613.306 -605.679
-372.273 522.333
-414.629 -428.8
-377.941 590.302
737.534 -400.965
-23.985 72.328
489.426 546.107
-383.192 638.61
702.353 -429.408
-411.074 537.79
-573.464 -562.085
96.378 293.207
590.054 479.605
91.455 -34.465
-483.119 -399.613
-75.876 -66.327
-484.426 -506.322
873.547 -322.618
300.08 384.817
-399.743 -591.71
15.107 -93.999
508.263 578.11
-421.387 -367.801
784.391 -214.242
-114.989 -161.687
386.605 578.868
798.456 -269.492
498.667 695.161
568.997 491.393
-457.917 -482.586
-392.433 674.153
-533.053 -404.242
24.996 100.367
-395.068 611.517
674.797 -249.104
568.989 541.018
631.247 516.455
62.201 115.039
-416.981 695.553
742.036 -329.828
-625.104 -408.943
-333.89 736.592
713.524 -265.391
18.757 19.708
679.069 -239.544
453.746 521.515
-1.449 -156.307
472.211 547.845
809.082 -218.898
866.887 -273.962
-575.146 764.522
687.473 -341.177
-361.716 589.445
-166.644 636.94
-514.33 -541.716
86.914 -109.12
10.999 -21.632
653.529 -243.689
-18.905 -74.462
130.026 11.302
106.38 -86.501
722.635 -266.039
447.523 499.087
632.17 514.671
546.289 -223.418
-464.055 -521.584
-134.342 -147.235
517.677 590.567
421.639 462.564
-423.933 714.549
-148.056 -46.461
-25.089 105.235
-443.321 -503.855
-64.047 -37.779
762.931 -344.316
-535.21 -528.953
657.493 -308.391
-439.554 -522.397
736.115 -336.761
-480.903 -467.646
698.594 -359.508
823.817 -140.979
752.322 -277.769
483.702 449.177
-516.604 -609.674
-661.587 -576.12
730.153 -361.392
690.941 -209.39
514.22 497.743
6.484 -18.318
-35.706 80.664
619.552 418.377
502.278 460.224
794.743 -355.543
-474.973 569.439
588.608 -364.297
-432.365 546.522
75.809 39.56
-308.062 685.284
-115.29 -81.893
489.986 343.986
658.07 388.212
696.549 -295.086
-509.926 -567.883
773.77 -329.532
-418.035 508.829
-538.919 -632.951
588.491 -280.5
506.28 584.848
197.568 -199.485
544.054 -336.702
-610.748 -569.927
-353.992 -587.827
-320.375 523.062
181.75 -40.765
714.731 -304.13
117.393 116.494
-478.552 -434.23
-581.197 -536.201
-466.339 632.89
529.632 416.575
80.952 -103.82
-509.408 -538.134
-518.39 -508.63
-371.244 682.512
537.521 409.971
-336.432 527.354
-145.188 21.234
608.182 -286.246
-154.147 -72.407
20.933 -83.614
-377.876 -551.476
727.615 -247.038
-514.06 -534.053
566.732 415.096
-337.852 667.149
549.898 431.317
-310.226 678.95
506.49 -329.044
-488.048 -523.515
-544.421 -455.328
517.923 440.901
497.892 428.405
-330.367 566.436
-401.566 734.966
4.909 47.295
645.309 546.611
527.24 485.708
-92.164 -36.02
-434.34 663.861
703.462 -258.64
604.364 -310.232
868.984 -402.477
-541.872 -364.695
562.818 518.318
494.13 470.113
109.861 -51.035
571.674 525.155
426.863 436.57
-402.52 592.367
-286.917 484.655
804.525 -33.056
-377.585 -683.739
-504.545 592.616
-564.361 -447.252
759.65 -345.15
-330.927 527.016
-351.327 592.055
-307.095 655.547
-526.955 -403.125
-384.727 489.436
667.14 -292.725
760.299 -334.681
-466.345 600.685
-42.2 61.809
544.566 600.058
-408.499 557.608
550.554 578.706
-613.971 -629.334
688.388 -243.217
-353.823 -588.407
831.177 -205.574
-560.657 -429.011
-341.508 548.709
746.142 -312.575
586.224 470.025
-291.063 570.279
-485.245 -453.813
-560.373 -457.841
-94.36 -98.857
532.877 470.483
-131.232 107.956
-115.478 177.504
507.831 424.208
-332.582 734.199
446.55 430.13
-526.552 -635.474
-510.22 578.72
-444.482 -555.542
-539.455 694.882
609.799 -426.837
131.749 -26.029
570.531 400.783
507.118 355.574
143.635 99.841
58.746 -38.707
-52.221 85.373
-489.922 509.83
0.133 100.203
687.794 -323.653
-8.708 -67.459
-7.131 -108.841
-250.654 -137.665
-305.908 661.586
-649.823 -335.616
-355.671 503.742
-534.748 -410.556
-527.872 -566.731
-21.882 -91.037
-153.326 -67.464
732.009 -254.433
-397.875 -528.747
-446.85 669.943
790.113 -352.932
-509.535 -543.267
511.992 504.189
560.513 363.696
541.18 524.018
590.268 536.438
345.769 514.874
670.841 -379.327
466.556 438.104
-413.817 487.377
32.083 3.268
-412.352 -534.341
-571.09 685.855
-309.078 624.645
4.451 -10.198
-445.825 -417.011
-379.637 495.21
-500.844 677.352
-406.754 556.84
659.676 -263.091
600.76 -346.112
-501.932 -490.995
-543.57 -463.279
-150.878 566.819
-504.637 -404.107
447.97 592.009
-96.958 -3.976
790.829 -301.442
427.29 474.514
-468.492 487.633
-515.285 584.975
-505.401 632.826
-546.039 -488.46
-363.153 605.283
-457.687 583.983
3.83 -102.995
-480.189 -521.143
154.018 80.266
536.875 575.903
-405.916 732.822
134.189 103.334
-550.422 -265.951
816.863 -170.859
-408.531 547.138
5.596 -82.841
-449.789 -479.741
538.558 533.413
-421.084 492.669
574.431 -281.278
-516.828 -472.086
-523.012 659.302
715.837 -419.801
305.946 399.224
579.029 359.727
638.441 -448.862
760.32 -302.432
390.127 513.88
-486.19 -588.541
-240.775 515.302
813.236 -124.721
556.985 694.915
-441.348 536.041
-525.09 -579.442
-10.723 86.714
419.537 466.626
-288.631 637.087
-61.42 -7.322
-489.152 475.899
447.331 351.548
699.928 -211.992
609.6 -364.62
-559.37 568.254
705.262 -277.8
-394.502 557.072
-356.659 497.261
624.877 -374.069
501.395 412.267
-322.993 583.606
709.94 -252.467
743.263 -413.317
-460.866 476.461
585.65 387.002
736.283 -337.202
-414.698 -483.115
696.223 442.897
564.608 527.045
-449.286 -456.476
-539.025 629.217
518.187 393.156
-17.36 -119.488
356.382 507.292
-15.299 -34.186
461.017 509.721
-489.058 -486.686
72.265 -59.674
633.334 -280.047
614.125 -164.285
567.608 496.273
34.579 -109.988
-412.405 580.555
716.739 -293.922
721.997 -229.983
710.19 -326.319
555.471 -194.896
533.102 511.189
803.454 -268.771
791.316 -261.77
774.207 -214.941
469.745 554.093
810.72 -231.046
739.309 -255.097
-1.758 10.92
-450.209 -539.53
451.022 456.577
807.037 -133.812
-374.383 503.939
-408.876 659.657
-516.072 679.061
-110.052 119.676
700.288 -389.891
673.698 -412.871
870.064 -393.981
459.518 503.675
-568.598 -471.418
-494.764 -585.914
64.677 90.543
-529.623 -568.546
694.364 -459.288
-444.249 -369.29
545.4 544.583
-295.044 703.741
549.908 447.006
-301.852 517.098
35.352 114.042
645.575 -430.856
-482.248 -492.952
-547.669 -517.069
106.109 4.124
-456.803 -400.51
-28.144 21.242
-376.628 528.234
735.255 -316.414
-584.994 -587.742
335.635 511.136
645.969 -259.606
-56.123 -46.726
-424.082 -534.316
-32.019 67.666
-543.03 -468.193
28.002 34.688
750.186 -357.285
-558.541 -536.805
529.72 487.612
767.775 -311.982
642.121 -305.841
-384.491 679.375
-435.992 -455.346
-538.432 -515.08
-612.06 -671.462
667.348 -247.872
-60.918 -119.658
496.673 567.599
-492.987 573.957
454.342 396.095
-550.693 -499.032
-108.647 -46.77
794.957 -345.322
13.857 36.538
-629.371 -401.121
-373.682 648.715
747.683 -251.549
-374.57 433.05
650.902 451.407
733.031 -416.905
-644.265 523.375
-12.463 -27.771
704.734 -307.19
-95.571 -80.542
-540.844 -553.019
60.632 42.858
472.67 471.382
-341.042 559.854
-554.817 708.287
-333.084 683.401
-345.868 737.715
-420.669 -463.722
733.87 -364.161
-545.473 -598.794
-271.706 544.33
-65.355 -23.861
-359.28 -431.79
-423.031 580.486
482.834 485.99
-35.819 15.785
-512.907 -460.088
-494.989 516.019
688.348 -283.298
-269.59 530.638
-410.355 -541.476
-439.863 500.241
-490.565 -543.409
636.847 -305.184
13.498 -89.314
382.005 518.632
-547.378 -463.505
694.924 -315.354
-390.985 -730.423
-364.118 -570.143
1.847 95.107
-420.636 667.852
-391.256 617.908
-476.083 519.695
-296.533 655.603
-100.212 89.636
428.368 517.095
124.298 17.746
-565.384 -439.506
26.524 -77.143
-504.318 624.137
-559.949 -503.478
844.832 -318.758
-487.943 -471.005
-70.918 -27.824
-393.004 595.233
597.585 440.413
-465.477 642.518
721.438 -360.996
709.006 -288.867
689.728 -266.762
798.704 -205.835
19.154 124.382
-390.375 555.435
-480.848 -495.603
673.723 -416.003
-612.522 -504.189
710.09 -273.994
88.02 82.84
517.908 519.291
527.659 565.582
-413.42 -373.49
723.663 -298.636
642.543 -233.991
-364.966 587.478
845.099 -432.57
-353.789 674.699
594.07 631.213
640.195 -374.244
-555.882 638.47
-488.853 -520.691
-412.439 483.39
493.908 -187.101
434.399 648.104
150.687 -63.461
-569.401 -559.816
-491.838 558.741
652.157 -273.164
413.771 450.553
-556.375 -503.012
39.02 78.43
-372.274 501.324
-104.177 133.137
-577.026 -595.536
93.371 -121.318
-9.967 -38.116
449.156 -304.427
33.181 13.575
688.752 -156.157
-356.134 598.645
671.645 -320.997
607.321 -297.604
-479.2 507.415
332.709 513.787
-377.721 586.012
784.116 -246.247
-428.701 -566.658
385.619 471.807
-494.078 -463.662
599.003 -313.791
-371.983 548.425
719.921 -291.382
-583.205 -486.299
-84.46 -5.432
480.674 453.857
763.034 -378.137
516.415 439.048
-564.638 -498.8
452.757 348.838
444.868 527.432
610.334 -285.608
-21.022 -40.563
-514.806 635.165
-540.097 535.728
527.824 635.297
630.347 -209.535
620.615 -341.997
-404.392 -665.911
111.089 -147.333
620.719 -253.153
686.75 -193.29
491.216 583.451
461.829 497.098
779.248 -343.839
-507.147 -640.183
735.52 -460.87
-451.314 -491.709
-562.708 610.202
-67.204 -61.218
-409.536 681.876
554.899 570.222
609.624 -261.883
-498.044 -393.66
453.191 364.314
-511.952 703.317
-410.877 557.484
582.2 -414.18
544.624 560.962
-341.349 667.297
-48.272 -46.284
466.336 485.73
-333.375 507.109
-448.121 -569.722
-478.517 -568.603
-525.491 -427.52
513.296 535.769
672.137 -151.736
516.807 415.636
410.735 372.707
-605.656 -445.719
-311.168 -570.016
482.425 396.99
-446.637 -393.812
-538.777 -378.101
-321.077 -390.326
-401.793 -585.53
470.454 383.476
698.213 -493.089
81.078 54.264
658.34 -140.633
-575.058 -448.742
-367.19 643.109
-467.165 -404.493
-411.786 -479.887
421.711 510.261
-497.016 -590.463
-394.651 566.04
-82.29 -24.066
-453.589 618.309
-340.164 515.168
99.142 120.527
-70.821 -13.184
-123.796 -24.617
148.251 -2.552
451.295 503.028
-346.971 535.737
28.791 -105.601
593.071 -329.361
-453.195 -434.656
-440.895 641.797
-79.637 -63.274
1.872 59.972
-373.348 603.252
480.269 484.35
-172.089 146.24
-491.468 -627.895
-361.267 560.186
-387.361 656.377
54.59 -55.952
-322.511 617.264
640.32 -430.035
-22.826 56.181
-406.767 -515.597
-558.366 -584.479
-406.639 492.402
798.724 -286.013
326.341 393.15
-33.776 -19.118
345.646 502.321
-332.089 530.261
59.884 2.142
690.459 -298.486
-471.589 -532.201
-512.342 -395.034
114.027 -82.91
604.78 379.503
-137.093 -56.349
-557.928 -340.248
468.185 605.019
577.43 394.22
-500.97 705.156
-392.758 630.216
495.903 -466.574
-67.064 -89.355
-558.794 -433.544
505.147 510.963
-47.606 161.711
-281.567 -386.239
615.912 -373.439
-530.892 -515.475
-515.317 -613.08
-64.699 -143.968
28.885 -22.787
819.207 -257.757
-505.788 519.029
441.848 471.576
-473.082 517.456
448.236 409.765
-280.513 605.915
630.813 -347.121
-393.752 -383.865
-427.376 620.287
706.671 -330.215
125.582 -35.562
-512.123 -532.59
569.719 488.207
648.993 -426.853
717.212 -245.142
378.312 515.377
613.666 -319.429
713.222 -334.981
30.974 79.878
-588.351 -405.214
-50.772 61.841
-50.569 142.283
465.44 576.26
675.277 -301.225
-94.405 41.117
-459.282 -391.014
-378.795 552.652
92.447 13.029
-277.862 685.307
33.143 67.231
460.496 487.311
567.678 553.614
-592.163 -416.14
-298.029 565.92
-306.961 556.418
23.874 -72.297
741.885 -157.123
-27.299 -69.409
-36.17 49.129
-439.96 -435.765
23.888 -107.503
803.57 -158.962
154.605 -110.245
16.739 -86.233
-327.58 608.624
626.006 406.012
676.644 410.795
523.194 369.004
551.52 446.082
495.736 430.341
-145.173 -2.013
30.443 -52.774
-531.367 701.241
438.049 595.355
-487.738 -445.689
-279.807 510.37
584.252 450.611
733.249 -141.828
-457.771 -515.946
-285.291 624.698
-452.957 -401.149
622.91 -261.981
523.858 519.718
854.162 -378.681
754.099 -352.15
-314.836 616.876
-69.845 52.634
-528.636 -649.704
-290.292 543.014
-468.744 694.507
480.118 475.368
-571.66 -402.567
694.157 -142.188
759.394 -435.129
493.51 429.8
-514.378 548.606
-519.439 -563.199
-492.639 -554.272
317.943 497.104
-456.274 -562.207
-559.995 -496.515
-519.281 -681.984
-407.569 571.514
-457.669 531.368
66.236 4.713
45.663 -27.574
-547.714 -540.459
533.202 506.103
-609.52 554.39
618.965 378.759
815.284 -242.109
-545.634 -581.453
-528.716 -509.539
-531.658 -627.999
-32.251 58.375
685.418 -198.004
-27.107 -123.376
414.029 534.663
-566.77 -532.372
-493.627 -431.689
-29.153 48.591
377.144 482.886
536.193 446.384
-86.471 -25.968
-559.069 533.496
-280.207 550.364
13.335 70.869
-426.811 609.2
-429.377 719.632
512.499 460.73
40.048 36.498
459.395 377.898
-4.661 52.764
675.945 -340.376
551.674 -172.795
606.352 458.566
-297.012 599.108
-483.396 -563.083
-412.945 -478.335
551.814 493.684
-639.08 -552.936
-343.967 403.675
-493.478 -495.479
-429.045 671.995
-512.781 -479.538
-311.265 -471.415
-64.333 69.951
524.914 552.332
-406.961 705.055
-312.755 648.607
261.153 509.078
-358.939 453.912
785.942 -202.515
-7.658 -34.669
-518.429 -666.009
21.275 21.058
618.694 440.012
-336.152 641.147
74.023 -19.955
716.963 585.012
492.565 452.535
-413.303 630.928
-625.724 -516.752
-630.193 -536.093
-594.25 -580.76
-102.767 42.108
434.273 429.478
-409.957 613.908
-608.116 -433.867
577.117 -345.672
-513.028 -572.57
600.09 -263.673
568.246 405.599
-472.58 -391.946
-84.605 19.645
-318.488 -408.718
654.004 -493.684
-529.953 440.021
-443.949 -563.61
660.489 -248.065
522.341 465.099
642.108 -251.505
722.391 -270.681
507.603 351.975
-512.177 647.885
-380.765 689.691
-250.974 769.996
-423.938 711.46
-493.244 541.68
-45.781 20.386
502.112 422.941
557.918 -328.935
-467.514 -550.027
630.457 -231.254
541.718 499.17
545.077 560.204
-26.659 -32.835
768.089 -245.635
552.202 -362.689
757.417 -302.006
751.171 -414.391
578.37 -388.15
-451.247 488.945
-430.562 685.446
145.315 3.154
-321.072 772.714
109.939 -42.528
-361.299 -455.799
-36.682 9.175
-214.021 23.237
-489.233 601.879
-423.616 751.656
94.377 26.412
613.818 -153.933
-24.058 -182.016
-357.126 -613.528
886.993 -407.75
-589.764 -553.987
-426.641 567.664
511.793 362.549
191.608 -188.857
512.63 388.811
-419.573 493.418
-424.418 615.068
588.77 613.985
23.73 133.671
-121.5 -4.605
-532.222 462.163
702.761 -265.294
-293.977 617.639
578.128 -299.66
-302.931 513.353
624.457 -269.117
716.731 -383.421
34.126 -124.796
658.692 472.202
-316.277 597.818
-445.726 641.394
-385.49 604.866
697.586 -237.152
634.695 -423.325
-627.903 -468.983
-97.641 -152.037
-386.165 685.43
618.405 441.574
-537.311 -485.18
-329.471 549.785
74.285 -67.825
63.857 158.776
-573.308 -503.912
496.243 424.774
-100.225 -55.864
-393.053 648.256
454.366 567.114
-415.946 556.773
601.614 501.657
729.892 -328.718
515.917 476.068
424.455 456.813
-47.832 26.937
-13.781 -75.26
485.703 620.908
535.916 428.869
-571.209 -368.0
689.521 -259.986
16.392 -20.008
-434.212 786.058
575.278 593.577
-569.5 -525.539
703.698 -260.898
512.982 535.011
7.66 0.478
-291.158 532.084
18.566 65.883
589.398 374.907
830.145 -360.307
502.353 518.662
-390.928 -709.11
33.498 120.361
-490.112 -479.163
-466.103 -475.45
-459.746 -571.914
727.912 -396.731
732.264 -398.488
-427.404 -421.272
-538.413 -647.45
634.17 -192.455
-21.292 88.438
514.276 499.343
27.619 37.135
-327.617 663.977
523.036 449.88
656.992 -302.618
-482.981 -534.612
49.912 29.546
785.429 -215.991
559.49 661.938
593.564 -128.441
-488.956 -576.425
461.986 415.689
-75.004 49.14
784.712 -270.957
610.455 -311.462
440.881 461.388
567.381 463.65
698.155 -261.01
-399.858 587.893
-418.162 -580.757
-78.849 -7.897
-156.451 -22.163
-545.046 -515.93
653.182 -270.709
-377.422 595.152
-114.536 44.823
778.042 -369.76
51.11 35.403
524.659 381.979
-281.692 744.343
-358.1 734.231
952.542 -209.722
-555.356 481.72
746.787 -220.241
-396.804 680.457
-368.677 435.325
499.109 603.287
-2.916 23.816
-534.533 -474.148
-158.941 53.734
-574.296 -614.42
489.453 500.095
-262.65 577.927
-605.845 -634.831
-511.559 -680.911
773.965 -291.029
-460.678 522.296
-542.222 -506.787
-471.337 -595.597
-573.336 -497.217
-304.737 656.621
443.32 409.136
-26.711 -145.509
625.518 535.365
-519.853 -380.736
-320.866 621.178
-595.066 -411.675
-322.759 626.54
-654.853 -621.132
-434.712 -492.616
-489.08 -373.335
558.161 492.492
34.494 -70.054
633.683 -282.737
-68.693 49.338
788.299 -288.162
390.179 454.472
759.757 -208.084
108.471 -40.073
-416.215 493.739
-628.301 -448.353
-45.419 9.872
93.184 -6.143
508.234 522.761
-458.333 -480.179
446.882 537.441
649.59 -270.087
691.027 -256.156
532.831 625.061
48.732 -42.071
-677.632 -442.785
697.602 -214.733
533.847 600.836
-567.746 -510.316
756.8 -423.01
661.89 -344.917
-446.832 -381.029
-86.313 -62.145
34.859 -41.316
-370.548 668.051
590.337 -460.314
-489.769 505.134
-245.618 677.553
-461.434 -487.452
600.644 416.198
-380.264 765.159
-470.704 611.647
586.836 -266.52
-447.503 704.601
-478.224 -409.971
624.545 -383.341
88.249 -64.483
-618.862 -531.777
-327.759 666.631
-458.66 707.877
-369.127 -480.996
-437.091 629.799
685.954 -228.788
-453.924 -443.39
-92.302 25.188
69.718 -35.437
-186.119 -44.823
559.037 586.856
-347.977 -548.903
-414.275 -464.58
-380.715 501.013
805.28 -243.518
-300.224 -546.645
-281.008 588.141
-419.538 742.379
354.634 501.535
479.433 448.349
-8.011 51.162
-546.337 -413.555
679.851 -277.304
-620.935 -559.957
689.698 -278.214
-5.502 -4.584
-482.659 -607.094
735.701 -299.861
-409.884 572.268
652.918 -257.552
-548.711 -549.443
619.321 -275.637
6.517 -32.635
16.028 -156.324
-554.718 -469.037
512.231 455.059
781.54 -229.758
437.662 412.253
-81.477 49.664
397.494 606.527
-22.63 -65.19
502.332 662.653
672.159 -288.285
-532.049 -582.326
393.944 565.286
695.292 -139.79
576.314 471.944
-467.962 -675.212
-435.394 550.828
-497.216 -586.348
590.14 -201.431
585.191 -318.54
504.704 495.414
-472.246 563.134
-206.199 587.437
-457.186 699.82
521.305 516.113
-273.327 501.351
61.615 66.891
-422.241 690.357
547.859 567.4
837.65 -352.365
-569.801 -526.526
-3.018 32.689
-336.218 660.902
-544.988 -525.698
-368.275 -403.374
424.614 501.139
-450.879 -525.839
-494.595 -428.369
-427.257 -370.824
671.473 -220.706
-409.037 650.077
-359.94 686.652
-261.866 649.286
-282.692 402.152
555.275 462.765
96.904 -44.599
-613.844 -508.519
6.833 -22.799
-496.418 727.669
799.518 -267.482
-43.974 90.551
44.921 63.802
839.774 -356.87
824.261 -304.346
-77.431 -69.182
-649.602 -626.198
360.075 470.225
641.76 -336.521
398.093 565.569
-83.669 -109.746
490.605 469.53
687.555 -213.61
-416.218 520.35
-325.696 530.247
576.392 -249.321
-474.854 567.137
-103.836 165.17
-497.844 671.948
-23.753 65.501
495.455 539.294
-521.511 -473.337
-21.163 -41.387
687.069 -197.947
-608.952 -439.38
468.21 347.728
-364.547 491.797
-215.52 7.29
-305.65 560.171
718.466 -165.826
-452.069 -523.483
-469.218 494.985
121.398 50.809
-1.465 43.765
-492.328 532.9
-468.011 649.305
-354.075 595.141
722.618 -172.551
-576.969 -568.825
-295.403 695.882
-563.665 677.233
-533.81 724.903
818.085 -244.418
485.329 465.58
447.291 605.084
-467.949 740.85
113.878 59.612
638.64 -284.966
-15.722 15.856
-448.063 -577.854
-257.498 582.582
843.732 -324.415
716.103 -218.011
32.124 -85.716
19.504 -7.382
543.841 552.873
-385.852 740.475
647.43 -455.876
539.315 423.249
699.838 -315.681
572.053 480.379
-533.789 -411.14
489.616 515.648
-648.942 -582.962
873.559 -268.691
7.995 -0.404
831.042 -266.224
-379.779 613.839
-431.164 -468.402
-487.755 557.806
-433.868 -393.082
63.915 3.974
-570.135 -519.568
821.115 -343.08
-547.122 -625.514
634.892 -312.559
0.351 88.756
-456.646 428.499
823.72 -274.875
676.454 -245.196
-10.895 85.191
63.485 184.921
115.037 -73.839
-478.641 -537.102
35.337 -51.798
323.398 546.693
-93.661 -115.513
381.802 577.616
-7.536 112.401
-373.055 618.021
-76.854 91.105
-603.503 -398.515
765.073 -145.274
-532.36 -559.07
583.996 580.859
-415.04 -612.045
-208.128 -99.608
-629.183 -441.913
-493.651 710.958
181.961 105.69
15.37 9.601
244.582 -50.314
619.228 -329.558
772.77 -339.084
670.416 405.699
746.834 -431.527
-419.441 543.19
455.116 539.556
399.762 541.081
-381.296 642.419
-23.754 -24.948
352.605 380.167
-611.16 -529.234
555.233 423.044
622.16 -487.21
742.402 -195.242
543.142 -289.776
-88.032 -7.145
-533.517 -480.393
92.299 64.063
698.887 -145.368
506.264 650.387
461.398 505.903
648.917 -242.923
620.055 -268.168
526.465 509.674
-492.216 626.046
-343.945 577.222
-50.193 -77.336
-79.533 12.995
-384.583 778.872
1.748 -143.399
45.164 79.601
494.483 478.268
765.948 -365.573
558.746 -242.457
-499.411 -375.078
-461.121 752.262
-339.611 640.397
-104.706 -59.565
690.642 -287.152
-334.546 452.691
24.279 -113.649
399.466 342.681
-426.192 -515.865
478.212 522.451
832.934 -301.722
33.458 -100.812
-548.85 -514.452
448.955 419.606
43.327 111.817
587.739 -327.59
778.671 -311.757
-470.151 662.032
482.001 494.75
474.254 521.259
-475.126 587.12
-25.878 -78.479
612.633 372.961
-698.633 -525.42
48.751 -41.314
465.663 568.518
-276.828 510.522
454.049 507.073
-447.09 -510.334
-465.519 -503.919
-571.59 568.941
-453.585 -477.305
423.15 505.927
-559.47 -530.059
-381.519 539.624
-524.695 -433.691
-413.492 478.652
14.702 93.902
6.252 -31.924
-477.283 -486.216
520.001 522.497
392.226 500.896
820.484 -506.973
618.67 -365.895
-13.392 -159.762
14.398 153.794
-441.577 -413.496
830.009 -328.525
-618.42 -284.157
674.971 -301.991
-421.672 -622.733
-390.094 647.271
695.719 -427.186
694.577 -398.398
-403.877 -458.233
137.859 48.934
-317.152 516.953
109.116 68.944
-249.0 -346.684
29.601 -20.489
731.069 -329.907
748.218 -164.654
-399.081 -484.994
631.05 -400.704
-361.08 450.36
2.596 23.435
505.452 495.519
634.045 -382.762
-493.902 584.102
-457.949 574.93
652.958 505.346
-455.365 -600.7
506.253 -355.46
-531.516 -400.905
-547.91 -479.255
584.489 -444.953
-329.517 689.706
438.022 535.724
-282.564 566.933
-272.249 586.87
-47.4 81.962
-471.729 -481.199
91.927 -72.729
674.88 588.435
650.07 -189.919
-17.844 57.618
413.898 467.769
-514.519 -620.0
543.439 -409.039
-389.83 536.597
582.943 541.121
-462.004 621.471
-313.293 706.261
-148.0 1.849
-493.867 -618.907
-599.419 -571.303
-524.407 -446.315
556.346 517.251
-419.238 538.231
-406.796 651.801
644.758 -314.196
-405.167 -521.606
-48.59 67.163
-105.347 109.518
-377.378 662.746
562.034 406.468
336.288 489.258
-552.972 -527.412
583.883 -333.315
495.128 488.607
56.354 -109.03
404.626 535.395
-319.688 619.055
544.242 559.932
661.397 -268.71
-540.305 -422.619
636.943 -376.943
-271.316 636.116
-367.104 614.952
-657.749 -410.56
467.059 456.079
783.522 -332.991
693.622 -343.16
720.779 -384.658
10.029 145.712
537.935 499.395
-65.447 32.971
-478.892 -498.628
-514.235 621.05
-120.4 99.399
-398.469 -506.419
440.124 352.292
-74.644 -40.83
-590.695 -478.803
-518.171 -514.479
602.051 595.356
472.734 559.877
-62.105 80.931
-518.448 -472.859
-512.274 -589.093
-439.929 525.794
-319.358 505.543
-509.678 -459.154
650.002 -365.477
-370.843 -371.299
637.395 -284.944
-504.342 -481.15
-458.371 676.492
437.152 509.239
-395.793 631.984
708.53 -316.532
518.061 529.088
776.142 -286.859
715.107 -404.503
50.28 155.392
-457.612 555.367
562.655 558.045
-291.699 587.084
509.978 522.16
760.134 -327.997
70.458 63.833
705.11 -278.933
604.725 -278.794
-13.374 12.281
-460.821 -518.622
-581.686 -491.848
475.095 493.686
769.649 -348.576
488.044 397.432
-437.773 -348.643
0.22 17.532
712.554 -208.744
10.587 26.178
551.158 573.779
661.537 -303.42
-510.697 -555.289
803.364 -341.288
-129.149 75.179
558.913 512.509
-630.776 -530.916
-47.616 37.383
-334.894 -569.518
-643.001 -462.053
-515.897 555.583
-538.33 -571.783
55.442 -20.383
-513.902 -442.504
-475.649 744.683
75.999 55.243
-397.557 -455.64
-652.038 -556.351
58.011 -68.769
-521.158 -533.543
-436.813 -587.102
539.164 -345.729
628.878 -159.394
28.788 29.427
30.826 -72.761
849.218 -303.417
-362.299 640.075
585.906 -372.224
671.009 -240.696
-20.849 28.505
-409.913 -491.45
-602.604 -481.174
-2.95 -67.204
484.969 539.267
734.854 -145.628
124.981 26.01
753.685 -411.906
-475.817 487.491
560.71 527.296
544.377 482.647
806.865 -315.649
-451.343 -440.386
560.886 545.393
27.297 -9.521
742.654 -425.762
-400.112 572.868
647.097 -346.661
82.184 -32.407
618.535 -225.179
108.207 127.806
-385.89 -567.522
-538.762 -464.991
-473.033 -525.283
514.952 562.29
430.843 605.756
410.256 582.623
-430.513 495.528
-387.359 -486.137
409.42 477.551
-389.44 583.407
-425.874 -419.138
599.335 554.968
-458.779 703.291
666.856 -24.814
722.081 -341.989
595.012 -327.008
-437.571 512.701
705.976 -195.137
-496.491 -383.192
696.433 544.996
-396.456 779.01
608.102 -329.218
-511.922 -501.744
526.701 535.227
55.22 -0.794
608.65 -144.946
769.218 -372.075
342.753 418.086
485.198 520.419
4.299 -174.762
-320.793 720.863
326.94 519.868
423.485 433.006
658.148 -205.865
-542.013 -459.918
702.263 -351.34
-410.27 541.9
-457.078 -553.546
-531.704 -475.328
20.041 -99.553
-409.243 523.209
711.423 -294.206
383.155 448.821
-423.55 495.847
31.002 20.795
787.445 -372.491
-428.89 -581.244
686.748 -268.458
1.903 -44.931
650.209 -268.566
-512.09 -489.848
761.7 -229.658
750.212 -337.069
383.225 565.42
410.498 466.338
575.799 555.404
-526.023 -508.818
125.376 -16.678
689.281 -384.629
713.879 -353.11
420.759 424.243
-610.092 -463.87
663.567 494.561
-467.006 509.968
-428.969 -603.355
166.247 -64.352
-404.232 637.842
675.856 -407.518
-368.982 609.728
-565.122 -487.311
534.805 -290.957
490.237 477.819
612.999 -294.358
-52.519 -13.659
-144.703 73.727
832.142 -418.443
442.384 599.101
-313.731 -418.421
825.613 -417.062
-366.266 426.164
589.058 451.723
-394.564 645.478
760.26 -224.171
133.472 205.359
491.819 548.514
-402.421 568.229
500.623 416.46
-440.279 393.36
632.5 400.868
-596.968 -368.652
81.694 -42.652
80.127 39.221
-463.677 -503.006
16.222 58.157
74.534 -122.013
660.11 -331.322
-411.286 -490.219
-370.476 -542.444
730.572 -170.938
673.763 -219.061
481.859 589.323
-461.896 -451.381
-44.351 107.198
-476.942 -472.023
582.671 452.327
-441.245 663.981
511.239 527.754
150.493 -49.442
-417.648 627.619
462.261 570.787
-211.292 -147.977
-516.317 -608.146
-607.515 -561.991
-335.201 641.638
-453.185 -590.452
597.635 -357.447
-409.831 -565.787
751.596 -285.472
503.831 425.818
-501.751 -563.56
-411.581 512.394
-400.077 -408.644
638.435 -347.546
-116.656 -18.077
-6.09 -52.807
28.511 20.673
541.146 431.8
589.527 456.895
480.574 524.155
447.642 537.179
-518.147 -448.027
599.084 -252.372
480.328 495.552
783.746 -309.305
-662.492 -599.049
-658.92 692.097
-438.781 -506.058
-506.009 -519.911
-386.325 595.208
661.857 -383.85
-315.473 -580.339
603.782 -294.393
-491.875 -415.615
464.135 563.524
66.797 -71.177
820.545 -345.763
-472.544 596.045
-451.579 -430.592
-428.418 462.179
27.756 95.09
656.382 -277.658
655.249 -323.902
-456.655 -597.661
-457.925 545.841
-566.31 -456.098
-421.464 510.938
402.48 596.837
49.16 18.772
-516.439 -528.884
763.414 -272.505
18.04 -2.557
-586.22 -444.905
-437.322 656.631
722.781 -385.779
566.303 534.121
-34.505 146.335
-386.646 -445.294
404.468 420.769
-324.997 637.43
-268.834 -498.424
-476.664 -500.179
620.343 -311.951
-434.867 420.436
538.908 526.549
628.232 -205.109
600.12 468.694
548.884 474.275
714.671 -393.926
-281.462 644.297
-602.154 -486.953
471.977 461.649
396.523 537.5
-52.658 82.184
22.143 179.801
419.647 648.386
606.311 397.721
-401.711 542.902
499.089 477.117
95.954 -5.993
356.109 589.853
-528.298 -590.789
-560.433 -593.317
831.627 -122.694
605.131 -333.219
15.874 24.9
675.541 -436.498
-339.284 -480.733
422.845 516.694
639.148 -428.799
640.472 -266.43
-273.957 477.031
-479.194 612.518
631.67 -300.676
-27.303 43.139
700.302 -314.141
-373.727 472.11
-586.633 -443.779
-513.509 -456.089
23.164 -50.992
-592.159 -482.684
506.035 469.291
-312.019 668.782
-504.558 521.483
46.223 13.726
-559.152 533.963
438.651 551.089
519.462 523.144
-356.116 632.502
-505.027 -499.993
856.704 -335.897
563.669 492.871
34.687 -105.668
649.278 -337.401
-621.228 -671.443
-392.838 452.548
-369.821 -522.444
-593.79 -418.568
-494.664 -566.35
-443.503 -497.653
744.696 -475.765
647.786 -296.276
507.76 496.667
484.869 733.034
452.077 339.818
-354.257 747.593
574.779 452.908
400.314 533.764
746.604 -348.655
38.218 -120.011
-341.138 592.924
406.37 410.66
525.138 516.453
-453.309 -555.919
397.229 531.091
498.693 509.961
93.677 124.319
629.884 -431.391
570.579 401.136
-253.06 600.531
528.197 453.668
-537.66 738.571
608.218 586.551
33.848 161.499
749.191 -298.14
-446.398 -668.928
418.152 375.238
-454.083 -487.71
707.996 -162.19
-388.656 600.341
-680.991 -384.742
-507.372 -546.558
443.661 441.098
-472.757 644.629
676.53 -240.584
-18.42 -8.826
-481.048 -463.034
-458.857 -506.412
850.775 -351.492
485.003 473.201
400.898 426.111
-438.754 -479.033
-535.699 -653.212
450.148 519.783
-413.865 638.195
-26.978 -63.905
34.173 79.792
13.034 73.49
54.14 -21.079
-449.704 618.062
-455.949 -423.301
640.526 -353.645
818.828 -312.218
-373.991 623.561
491.648 618.929
741.296 -283.645
67.131 -9.915
113.884 -20.343
-49.072 66.548
-301.231 573.623
42.886 -86.566
741.646 -203.933
-368.792 -598.152
-424.859 590.255
-49.791 8.901
-624.09 -547.316
34.012 -39.521
751.697 -296.182
-617.945 -661.802
769.788 -288.681
56.818 -33.744
-477.408 679.385
-621.983 -448.501
707.349 -256.315
410.777 534.595
364.262 560.641
383.798 403.578
475.369 546.03
446.564 598.129
-419.554 595.375
542.451 405.183
-444.91 491.329
-24.987 45.115
376.471 413.888
-502.979 650.387
630.31 -372.613
594.576 -357.414
-338.843 -453.217
-597.085 568.609
456.338 588.719
-479.723 616.158
106.725 142.429
-419.517 606.05
-468.035 -542.618
-64.547 -73.41
508.349 539.77
678.355 -276.281
479.642 456.814
58.993 101.381
-457.047 802.843
-146.777 -143.772
562.845 570.471
-226.535 50.767
648.423 -260.95
-465.857 -462.917
599.491 381.363
-109.756 -124.341
536.633 -287.532
667.569 -391.828
-618.702 -665.203
-448.092 566.024
542.845 345.91
49.739 138.622
-386.408 614.717
682.246 -272.248
-416.411 572.035
-455.235 642.074
688.398 -277.41
435.937 444.243
-367.324 712.601
-38.671 -34.167
-298.996 591.236
-291.784 557.027
-363.685 -682.325
-44.695 -163.937
520.005 439.73
9.532 -88.686
720.415 -417.265
-497.743 -570.069
-305.344 644.891
-498.379 489.481
-513.161 -514.452
-610.761 791.094
-254.867 513.046
388.876 553.018
-489.637 662.776
125.016 83.719
-481.058 697.958
806.951 -313.667
-319.595 507.025
-340.708 -528.476
-358.929 682.825
-42.882 -47.943
-376.486 683.668
485.053 519.255
-5.137 -131.798
479.61 398.119
-666.879 -524.583
-472.672 -464.058
440.934 507.097
68.87 22.102
77.005 34.017
-635.971 -478.898
-89.228 -17.022
-522.175 490.399
-421.43 516.934
-20.504 8.495
660.139 -306.675
574.717 -389.008
574.014 594.383
-391.165 648.608
-397.763 -551.72
37.32 84.576
672.321 -289.569
703.089 -302.121
782.448 -281.943
-399.411 -490.212
-416.761 646.946
-440.842 561.875
-524.923 -544.572
-11.574 34.603
615.602 -115.255
4.022 -20.818
-336.778 516.739
-456.597 -392.409
-242.779 661.108
558.724 325.926
-365.808 593.992
555.073 -373.776
-284.532 470.717
-450.258 -455.313
551.72 531.304
-445.6 385.147
-434.253 -582.83
124.963 52.795
-73.964 -133.06
148.729 83.161
646.06 359.143
582.607 461.653
-617.491 -499.156
-605.118 -555.32
303.579 497.435
720.14 -309.97
64.665 -83.074
-113.3 -23.242
-607.802 -480.704
522.963 464.992
450.674 584.198
583.018 -465.467
-457.023 573.691
426.814 483.158
421.929 478.051
656.028 -406.104
-526.744 -460.615
-497.402 561.789
-584.244 -498.741
-331.743 553.335
-407.377 502.899
635.99 -303.435
664.611 378.836
-112.432 -3.364
-442.954 -472.231
835.132 -328.199
-465.606 -315.168
-452.625 -428.649
-604.188 -576.667
763.421 -346.613
454.271 555.907
-485.18 -417.031
-505.803 -363.136
637.64 -380.492
-554.979 -624.269
567.896 346.207
433.133 545.858
304.218 384.294
-71.957 41.825
528.137 327.911
454.132 510.347
18.357 184.275
-252.495 635.106
534.363 461.798
510.313 401.0
-28.585 -20.265
5.641 -137.461
667.633 -338.484
726.291 -194.537
757.662 -298.077
809.368 -306.443
-26.287 169.925
-402.9 674.434
-479.609 -584.975
-416.889 616.759
572.272 644.782
-509.57 -521.117
-556.597 -431.281
481.865 499.696
709.18 -286.586
445.802 440.14
-462.709 708.803
-534.818 -449.49
10.024 -20.66
-490.943 -426.08
762.431 -291.228
355.375 351.14
-62.626 38.888
-577.602 -475.586
-471.874 -460.115
626.457 433.715
-628.869 -500.181
-12.033 -36.162
72.167 57.973
374.519 541.062
-452.225 565.027
-493.521 -496.474
-327.019 616.866
669.496 -263.916
535.584 593.19
-576.365 -462.223
545.218 551.187
739.353 -228.631
-504.734 -480.372
32.814 -90.043
-526.728 -544.611
-325.414 544.679
-48.833 -44.807
-99.729 111.918
423.405 351.783
475.172 624.624
-397.633 585.261
687.157 -210.366
744.115 -305.778
702.574 -390.806
-558.413 583.161
-475.089 682.749
626.13 620.65
-292.959 541.138
533.193 581.711
-535.671 -491.992
-405.497 643.041
-609.582 -384.823
396.687 421.929
-308.069 455.92
649.649 -266.131
667.666 -359.792
622.31 -331.895
-403.907 -466.973
-500.941 -446.107
666.447 -407.766
721.465 -457.91
-96.568 -87.068
-50.458 -21.158
-255.734 702.578
-469.053 -599.644
469.7 502.166
-518.926 503.852
50.575 180.037
-519.667 -427.215
-414.42 592.187
659.396 -389.632
38.568 134.558
753.494 -212.412
-4.07 60.943
323.031 521.277
676.483 -312.184
-412.72 631.545
652.322 -343.758
-393.694 656.414
89.575 -49.173
516.647 -322.048
619.586 -314.329
-430.286 583.217
-373.361 588.736
-483.937 -458.347
-10.353 -149.545
99.51 -15.536
-410.122 744.137
632.513 487.805
-457.506 529.323
663.245 -415.317
-409.65 651.424
485.737 500.675
141.795 4.78
430.664 494.18
892.312 -300.212
60.629 -129.309
501.083 552.357
39.594 -21.138
-414.571 -378.396
-328.636 729.245
45.505 -52.026
631.881 549.905
653.701 610.24
50.843 -127.332
-390.874 516.858
621.768 -446.294
-648.096 -530.578
-485.843 620.163
-518.931 -465.394
-318.724 607.555
601.999 -331.224
462.033 536.234
-416.446 635.45
663.478 619.238
507.748 563.734
658.645 -325.927
-508.976 -496.707
-505.656 -429.085
570.203 423.774
745.829 -353.002
636.355 -258.025
903.129 -363.89
97.479 43.534
82.667 -19.83
393.823 421.81
32.789 -57.034
-473.37 -448.327
479.442 409.03
-426.972 -456.046
710.371 -186.895
685.531 -239.932
657.531 -290.79
-394.198 754.616
649.138 -272.344
-492.847 664.075
567.709 -144.363
692.991 -272.665
-74.915 -20.008
-86.43 -54.732
747.242 -340.916
601.881 447.111
575.695 424.7
571.806 -348.7
-371.457 588.891
-420.586 -493.12
633.211 692.861
-419.697 631.864
743.242 -195.799
482.485 470.285
808.635 -397.328
-548.214 -449.513
-326.165 565.887
699.929 -348.073
728.496 -364.796
-23.957 107.246
-373.452 535.176
-507.131 -451.498
-73.421 -174.645
4.689 -99.807
-23.757 -177.371
-598.577 602.261
-25.249 -172.98
410.691 529.33
99.086 163.029
86.349 2.281
-474.795 658.416
638.413 537.981
728.684 -432.233
577.452 -118.847
558.551 -416.808
630.76 -347.341
419.725 563.116
594.826 -258.339
646.186 -268.896
-412.856 -585.088
593.281 512.723
358.677 476.326
-317.778 517.422
687.832 -321.488
-494.292 -554.76
-465.806 -510.827
499.346 505.885
848.573 -397.783
861.231 -415.483
-619.925 -585.996
-459.702 -354.871
13.146 -70.136
-542.17 -506.24
-321.551 -550.835
720.154 -272.994
27.816 23.097
470.642 461.813
-169.669 -72.485
-473.254 606.918
570.267 -318.13
415.926 540.292
77.167 81.425
484.969 468.41
610.029 451.724
518.822 -320.143
602.711 -288.993
132.079 28.899
-632.872 -345.838
-388.12 553.021
-481.087 592.77
-531.095 -559.532
472.483 384.163
-99.265 61.82
499.068 591.028
-70.521 -82.634
522.318 678.756
-480.419 -577.175
-508.522 -567.294
-437.005 -318.645
456.435 596.55
13.485 64.266
435.119 472.462
774.904 -312.412
-321.048 530.603
533.538 284.337
508.656 410.784
-541.754 -410.425
-559.877 558.572
-378.512 710.024
-611.307 -348.831
21.806 115.089
708.965 -291.805
754.876 -299.106
-456.864 -465.69
537.474 537.346
-530.162 597.056
-454.188 -532.567
441.863 419.209
-68.435 125.319
-446.282 -480.668
-36.585 -160.612
630.619 476.398
-266.232 762.911
731.725 -336.591
-513.865 621.126
-442.596 629.822
422.22 539.924
-507.111 -549.718
-286.96 500.753
-467.007 -584.856
-99.382 114.462
-608.846 -536.984
517.072 604.25
387.125 593.589
657.347 -233.506
-329.066 525.0
410.477 430.332
437.091 451.451
-164.216 -146.505
568.55 571.848
-365.683 659.153
-363.092 566.965
604.124 -174.971
126.699 -28.167
-492.199 548.721
701.191 -246.643
425.431 370.87
-21.874 53.825
506.617 430.064
-498.079 727.76
-483.699 -415.012
684.3 -275.483
-564.864 -442.146
-435.039 441.673
771.85 -161.456
-72.6 75.203
408.354 589.672
-160.47 -20.329
655.93 -282.138
480.107 511.528
-428.522 -427.045
48.743 -0.497
633.831 -222.522
904.19 -157.165
403.091 499.893
-524.835 -575.433
559.819 -477.06
51.068 -32.073
974.022 -333.805
444.758 479.733
-475.709 616.351
-74.569 -86.301
764.591 -227.705
499.681 437.297
588.849 -458.997
-296.324 454.456
-468.152 597.744
714.088 -257.018
712.705 -320.15
-533.873 -485.711
812.908 -212.858
499.829 536.566
-492.668 -489.109
523.349 577.188
481.589 403.334
-449.058 574.581
311.566 468.001
478.432 544.654
-508.119 660.939
-378.089 611.608
-292.406 639.718
474.937 465.551
-327.29 542.838
-420.393 628.586
28.233 19.666
-325.458 619.019
-367.543 549.167
-480.961 -579.006
-522.069 -464.242
-413.243 628.53
755.781 -342.376
-330.229 579.602
826.971 -244.157
-503.081 -371.252
-428.283 -531.225
-528.846 -460.3
-167.026 63.598
455.451 535.383
-383.57 504.47
-359.918 502.889
-289.241 513.663
644.96 -257.114
-508.465 498.29
71.625 42.784
-443.448 -556.372
787.07 -213.722
-734.676 -545.294
-491.757 -483.439
421.528 552.213
-342.76 573.525
-410.672 708.418
76.956 159.557
14.295 92.303
617.538 -474.759
-604.488 -266.803
24.989 -41.318
-398.458 612.849
11.51 -47.751
632.74 -180.747
568.714 563.188
-414.496 632.751
692.305 -333.628
-399.795 707.862
-375.895 588.676
-540.605 -441.949
-564.714 -398.22
-2.448 -77.587
375.07 433.47
545.43 363.82
91.792 41.156
631.342 -382.906
406.526 528.76
404.482 502.906
660.732 -271.225
610.782 -320.378
-360.719 633.515
-541.151 -562.642
-568.663 -566.235
773.755 -361.208
-494.021 -371.859
-531.099 -435.685
604.649 428.136
-46.437 -144.612
745.013 -332.222
-521.863 -531.098
-584.926 -490.803
501.309 606.978
433.697 466.266
388.681 525.679
-419.374 -505.676
-561.69 -428.738
-447.347 -400.413
36.858 -37.186
725.885 -313.812
681.978 -335.611
-430.676 558.029
751.206 -172.547
566.196 565.142
-317.191 628.733
-400.919 -545.869
-17.798 -16.116
-351.295 -391.621
569.313 564.842
-5.701 71.395
-483.875 -529.828
765.243 -416.019
-389.095 -563.298
610.973 -369.293
726.635 -246.16
-494.379 -466.754
-562.935 -497.881
491.965 533.054
-438.715 -369.319
705.2 -337.005
792.525 -261.694
-350.968 656.068
698.416 -171.315
518.969 489.011
450.246 531.842
684.701 -194.226
-380.623 -430.218
388.603 509.966
785.696 -279.977
-333.518 664.325
-346.204 681.55
-526.004 -530.379
818.83 -407.432
-576.764 -540.177
-89.339 61.372
580.731 481.938
-447.963 698.663
739.401 -337.908
-395.983 527.488
-399.855 608.947
-97.837 40.883
-67.488 -118.487
597.392 -383.13
-157.503 -3.062
531.355 389.678
730.759 -443.749
784.198 -306.381
-433.372 -502.056
512.478 632.296
701.797 -364.403
-46.173 -62.738
-394.394 -547.118
7.729 -39.456
-420.429 639.837
487.838 539.547
-591.747 -537.656
-23.338 -166.206
-483.505 -539.946
137.17 -92.196
-560.317 -480.454
-335.551 757.093
58.396 125.501
489.528 497.291
79.231 -25.592
181.604 -119.683
603.767 -323.124
-45.713 41.371
-492.899 -645.361
729.996 -300.482
553.397 349.646
-484.034 -399.173
516.711 483.451
-432.811 -453.589
134.095 13.339
-54.898 -260.385
515.769 525.581
810.324 -369.681
694.71 -407.115
343.39 319.645
-550.002 -568.607
749.074 -287.537
-464.618 524.209
-321.017 654.293
670.379 -341.834
-472.439 591.824
-418.513 685.632
-109.396 16.327
535.646 579.952
-438.815 738.669
-355.057 527.225
-49.898 28.463
-21.452 65.315
-85.441 31.771
713.057 -263.171
-298.271 661.507
590.499 493.326
79.492 6.065
-34.349 141.121
802.031 -353.107
-453.384 -508.382
601.16 -354.794
-538.078 -509.182
-556.285 -557.795
-524.766 -408.449
-431.898 -584.983
743.594 -257.764
-489.495 -512.096
113.326 97.36
-63.657 -98.931
724.128 -273.857
561.124 -278.657
-405.297 666.262
-512.342 541.705
52.468 60.202
-614.777 -541.258
-622.332 -445.412
760.004 -199.368
-573.128 -478.857
-644.842 547.073
-36.703 0.316
15.228 152.957
671.14 -348.478
-450.105 -547.259
-362.025 751.405
-430.314 -542.58
-568.53 -513.588
-22.992 -58.062
553.99 453.984
-441.253 -399.976
717.62 -236.506
-515.186 509.33
-57.538 73.296
-32.208 114.872
610.506 -413.272
-447.106 -517.2
411.347 629.575
389.43 418.718
-328.623 -561.523
-64.276 -62.098
589.513 -294.021
-279.159 598.151
-519.624 -720.079
425.633 420.507
-11.14 35.772
-552.985 -449.239
121.1 -22.702
-474.545 -583.982
-51.94 -54.458
435.889 522.417
-519.214 -574.733
-564.754 -532.281
-600.9 -413.788
-520.086 -591.695
-283.145 655.679
-158.044 -143.874
118.036 -36.46
27.792 3.261
54.957 -0.43
522.16 498.042
504.309 521.066
26.606 91.056
-472.773 -512.575
-3.276 59.447
807.896 -283.564
-511.856 500.665
-446.136 -412.636
76.938 164.272
506.418 461.781
-630.296 -546.258
-484.999 -555.67
-2.892 91.61
-436.075 698.552
-467.737 622.621
-562.207 -534.836
-105.555 -72.33
-349.482 659.373
588.18 581.306
-607.466 -593.824
-472.808 -550.193
658.262 -284.042
441.279 606.836
-459.661 652.165
476.088 553.838
338.537 501.298
722.754 -223.817
692.602 -410.941
-506.92 -445.428
-338.465 705.454
-372.315 481.807
-473.767 -580.387
-340.611 573.562
823.101 -164.083
131.903 86.854
-420.734 658.59
651.274 584.693
-59.983 78.99
85.723 -53.65
-477.248 675.262
827.128 -498.314
-423.386 571.582
-576.287 -365.866
-379.108 551.786
-580.484 -431.761
-645.055 -501.603
784.221 -229.299
720.692 -183.014
-315.389 522.527
-383.497 -484.181
-516.902 -585.699
-385.417 496.565
434.412 582.06
-425.056 632.739
-335.159 512.993
36.541 32.811
570.262 419.593
-372.824 -491.678
708.743 -306.364
-374.879 -455.265
-116.102 174.268
516.281 377.079
799.916 -223.622
-561.617 -493.846
355.87 476.89
-58.364 -69.66
572.88 626.823
-392.662 -515.705
520.256 461.977
-5.617 123.79
-609.008 -310.197
639.495 -263.778
675.325 -219.334
-441.337 -553.771
-397.617 691.465
-382.659 562.625
653.435 -352.035
433.435 525.23
92.064 -39.118
597.434 -389.928
105.543 68.358
-392.695 -577.772
-524.561 -552.606
-486.957 436.2
-315.997 620.892
727.71 -217.126
-373.184 471.125
665.146 562.963
167.101 82.21
-26.924 -38.337
82.259 -35.568
-497.487 -571.54
627.54 -321.972
-375.203 -567.98
-448.968 508.793
-445.029 654.789
-71.31 92.68
-551.353 -430.752
69.533 33.999
511.419 509.753
-469.991 581.773
-350.861 529.913
781.328 -391.516
-359.936 655.947
-367.463 -447.959
-471.839 497.926
731.937 -392.899
-396.8 500.501
608.203 -271.589
-457.102 -509.508
-525.013 -489.686
-521.771 -423.336
705.21 -187.656
-467.83 -702.411
-73.54 -103.046
635.556 -339.389
-581.781 -520.235
-107.797 147.383
525.542 516.822
357.126 527.533
-391.34 480.588
-61.887 -39.475
624.911 -233.518
-498.469 477.38
791.933 -183.721
591.904 -252.535
-448.783 -495.897
-527.056 626.256
-203.58 -11.267
-549.291 -412.647
-393.629 -429.048
791.919 -286.794
804.055 -237.38
-469.449 -341.921
-685.099 -490.684
-427.748 -593.842
-432.126 461.023
565.27 624.885
-491.33 592.386
-489.408 -486.416
-428.33 608.216
-473.862 -636.715
11.748 -61.38
-640.621 -558.23
633.63 487.128
466.403 489.436
619.432 587.32
-449.33 835.964
720.844 -270.554
795.919 -314.048
-436.421 542.853
-382.044 561.529
784.967 -185.747
-598.322 695.46
561.578 595.343
-459.987 825.317
54.318 169.954
-57.31 -107.76
784.949 -366.835
676.492 -165.772
424.21 680.258
422.346 536.457
497.767 446.058
-469.72 -436.293
-487.149 -557.807
472.116 508.124
-407.344 -483.295
-446.723 632.387
533.102 -330.433
149.59 79.986
620.395 -321.729
-22.828 22.867
-379.574 482.499
725.314 -302.586
-550.036 490.431
26.168 -39.262
-507.43 -293.439
-632.603 609.217
-588.537 -469.834
-403.738 602.051
-372.733 727.149
523.802 429.339
530.42 604.142
78.609 191.596
513.954 -299.839
-655.751 -508.077
66.642 -1.674
-521.808 -510.305
-433.522 -622.515
316.266 551.882
31.206 27.539
637.379 375.517
-372.537 524.631
-525.81 622.082
724.08 -276.37
-523.676 -515.192
676.885 -221.43
135.732 -45.131
382.1 475.469
357.638 493.793
674.067 -279.362
-280.469 493.42
644.721 472.236
440.984 517.088
42.24 123.161
-419.727 528.762
688.447 -285.706
749.163 -309.279
505.024 553.269
27.141 37.288
-492.185 -462.136
-408.043 606.234
704.05 -288.313
-413.298 715.453
-381.764 582.448
79.352 61.821
661.951 -235.923
-429.69 610.315
719.694 -401.541
493.63 456.497
-5.658 -27.185
-1.459 -6.055
697.496 -255.463
484.367 560.007
-37.909 -104.14
632.711 -349.431
-429.259 -441.686
-482.632 508.161
698.335 -178.585
644.086 -355.602
15.627 -45.939
481.129 470.313
717.528 -273.824
760.501 -101.308
-582.419 564.247
392.122 422.693
653.72 420.148
485.255 420.353
-2.983 -87.047
-364.819 672.317
33.04 78.629
381.258 448.32
782.85 -294.318
64.705 -19.253
418.131 434.123
-51.997 12.55
-533.705 -495.74
828.946 -330.732
-295.963 599.02
627.768 603.416
39.354 26.797
517.042 567.579
456.732 429.078
561.062 -263.709
673.616 -268.535
-134.213 98.265
-85.376 -52.159
608.052 591.494
585.799 -372.166
-245.601 668.558
596.833 520.256
-269.434 666.516
-358.36 398.275
776.437 -438.372
573.974 531.318
691.07 -113.868
65.879 -57.792
-283.077 609.821
-550.958 -552.568
-605.105 -596.471
-553.0 -394.024
-273.251 622.696
-477.962 701.856
-545.77 -485.244
-450.352 -430.055
396.55 543.264
-242.96 632.73
437.54 545.242
-529.692 -394.546
583.591 504.386
608.628 -266.997
-123.276 -19.979
-295.786 757.314
-501.773 -365.851
600.908 410.588
-94.298 -113.073
665.3 -315.087
532.216 377.373
-51.442 126.387
646.842 -265.547
691.06 -396.575
-125.546 12.978
497.172 447.036
-482.598 -501.071
659.322 -335.531
-299.573 624.725
-307.664 701.676
389.359 549.188
-439.76 607.305
621.546 -354.186
-352.142 618.381
-411.637 -420.04
829.17 -307.889
779.122 -250.906
561.66 677.007
-412.826 589.17
-88.856 -44.667
-450.635 650.462
-457.49 -507.724
-479.053 -595.288
565.217 550.245
-542.619 765.156
-121.618 -165.619
716.191 -253.469
704.504 -374.726
613.014 -274.425
-526.005 -446.621
761.839 -314.527
571.388 -287.16
-56.662 116.392
633.238 -256.265
-350.88 577.121
798.177 -134.717
-660.511 -384.726
61.732 -147.13
-460.504 -469.279
-35.457 27.603
734.319 -396.467
-56.679 77.612
-392.776 -516.496
-410.487 574.887
734.928 -390.087
-328.009 722.263
-339.703 540.096
-44.496 -104.304
618.718 631.529
-505.37 -505.039
711.096 -269.676
-413.485 -563.721
-500.141 662.642
-70.837 -8.74
-557.673 -378.997
805.419 -297.408
644.521 -325.573
743.069 -327.178
399.629 498.73
53.927 -143.835
-527.186 -405.242
345.873 669.751
-455.945 -560.821
19.355 31.299
710.114 -336.852
548.525 487.273
-445.696 593.893
-430.337 741.752
550.227 -293.769
-133.944 -172.107
-545.241 -531.599
749.619 -369.807
-543.892 -498.689
-594.413 -432.977
-646.107 -403.199
130.181 11.241
-49.645 -80.664
566.633 564.658
-323.11 709.636
-324.002 621.354
-325.588 582.717
-325.31 720.172
81.856 5.465
-348.24 542.487
-445.567 -522.366
-512.841 -587.397
-406.727 -489.348
727.48 -346.796
453.763 411.202
728.905 -246.093
827.385 -461.095
571.479 481.597
433.726 615.6
698.249 -338.084
156.123 -47.765
542.36 455.278
-460.938 -443.37
-424.412 678.807
80.957 -200.906
721.79 -393.102
553.721 -252.945
-483.16 516.354
735.337 -250.85
-43.288 83.013
-399.01 637.979
-500.545 -507.347
-112.129 148.079
-360.96 656.224
576.346 379.466
415.693 292.9
481.852 511.587
710.815 -259.542
-518.98 -446.051
462.497 573.029
-611.406 -649.237
-23.443 135.415
628.669 -375.477
-348.094 589.655
7.332 -56.712
-365.455 -524.37
641.926 447.989
735.82 -386.92
462.708 354.722
478.719 533.537
827.449 -340.007
-578.018 -469.548
536.142 524.507
89.628 20.021
608.876 -317.988
422.762 461.822
48.779 40.035
519.501 529.431
473.543 507.189
101.251 -20.081
690.016 -307.438
450.043 406.87
504.448 463.91
99.006 55.579
-311.797 610.163
-384.791 598.236
571.86 687.481
-343.47 563.347
544.068 -275.874
-124.732 45.293
-18.933 54.194
-490.472 654.869
-409.916 552.608
649.658 -266.113
438.184 543.106
-557.253 -541.735
16.534 -13.159
-150.798 15.239
734.74 -217.509
-484.625 -403.244
-451.446 -520.701
679.416 585.672
-372.864 461.449
638.622 -392.533
-40.818 -114.126
685.86 -209.859
513.276 325.824
673.977 -281.925
509.756 505.899
-367.218 629.934
-351.47 -480.198
647.132 576.393
-578.487 -534.955
603.314 -282.946
-99.493 -104.455
720.026 -259.204
-14.922 -5.781
-237.847 664.01
-1.731 29.24
544.816 622.791
171.502 36.373
450.566 569.867
493.567 454.857
510.736 444.913
-434.807 531.006
563.908 518.838
32.517 -95.564
-475.028 622.599
490.339 454.724
727.226 -372.045
-525.905 696.587
-610.405 -415.228
-477.177 642.16
69.651 52.908
531.651 515.234
47.082 48.823
453.635 504.725
566.88 -213.834
-444.188 712.093
556.18 -339.54
603.164 -353.22
485.447 530.294
651.916 -319.079
-44.947 76.8
614.252 554.251
736.933 -326.35
-455.242 -564.588
-30.263 -10.827
767.324 -141.413
-88.273 -143.457
-90.14 -27.633
-396.612 612.441
-404.39 589.912
-520.095 -428.961
505.305 474.78
-488.777 735.256
401.719 492.24
777.422 -122.434
-395.162 487.69
-364.787 -406.744
431.344 510.813
579.125 -292.586
446.111 531.355
492.106 431.652
763.375 -150.345
581.05 501.208
470.42 645.804
569.489 646.331
513.94 542.889
-420.938 -566.355
-479.724 562.339
-453.384 652.923
555.144 479.09
-500.425 557.159
-549.973 -470.275
69.768 -59.531
-3.309 23.679
414.176 605.023
-434.782 -525.715
-560.416 505.13
-416.134 526.694
493.553 562.877
-29.675 27.885
-497.308 -493.995
729.9 -329.086
-551.508 -519.864
-608.718 -595.117
34.375 9.267
-456.33 639.115
-396.948 679.335
-436.781 -461.3
-100.606 76.451
66.577 -8.727
478.424 471.06
716.007 -431.92
687.248 -228.164
-455.604 529.407
-303.978 637.744
-233.549 648.091
527.469 487.13
73.967 8.332
66.84 -15.225
391.897 542.704
734.492 -359.325
-386.671 698.511
-484.247 -621.099
-33.439 181.333
-470.917 614.924
-491.841 -653.666
788.713 -248.302
609.645 -300.147
410.206 483.6
674.483 -206.454
-414.975 -577.316
-590.322 -472.041
-22.359 -46.396
-19.602 80.679
-289.707 694.363
434.767 454.981
-398.359 588.562
-320.036 603.653
-17.086 -65.253
561.694 431.07
-479.58 683.943
654.429 -294.737
-364.105 653.246
-565.639 634.465
866.786 -261.175
9.487 -8.876
521.656 506.573
462.499 639.493
641.172 -197.572
-335.902 517.17
-603.742 -452.322
534.419 495.41
-516.497 -638.666
-23.105 47.67
-218.068 595.716
593.308 -335.553
615.553 -366.891
-354.58 523.043
447.918 327.795
46.834 -31.832
-485.172 -495.816
-304.422 690.414
-313.301 713.44
-28.233 28.141
587.819 -395.785
-628.251 -334.697
-283.608 706.708
-601.538 591.782
-694.56 -533.595
95.538 72.164
-528.025 630.041
-408.816 766.68
415.527 375.809
61.342 -12.8
617.683 -485.424
-319.719 640.668
9.284 48.437
-393.09 612.741
-507.16 -433.969
694.8 -487.529
734.365 -191.078
1.693 49.207
601.044 -305.589
546.097 501.801
-422.94 -495.909
-378.38 690.79
58.184 10.467
-89.081 -54.334
560.575 416.097
768.696 -351.533
594.651 548.967
443.899 532.052
390.408 482.323
-406.549 -435.527
-325.317 557.016
652.874 -307.971
-418.361 -445.803
53.69 -38.141
-475.141 -439.518
-396.311 536.114
-21.347 39.892
9.877 72.642
-399.402 557.19
-465.065 -326.426
651.852 -288.919
-451.636 559.424
383.375 497.156
813.605 -203.045
-542.855 -599.553
829.894 -275.185
-397.21 618.29
-10.169 94.945
348.307 280.092
767.171 -359.463
30.29 -14.417
-344.59 630.218
-603.738 -498.493
-393.349 611.695
-384.982 615.105
-310.49 596.735
-573.806 -597.278
-263.512 576.332
-61.679 -40.53
417.69 575.619
-575.977 -417.237
26.087 -94.005
-534.125 -464.971
-632.496 -511.507
-84.959 -52.601
-380.374 674.7
621.771 -237.177
-53.695 -43.473
462.457 431.085
-366.91 750.212
499.458 332.285
-320.209 561.671
750.086 -249.2
-43.674 65.693
-568.311 -498.174
-399.82 650.102
477.557 600.095
-555.151 -662.716
-412.173 -483.386
-430.757 497.753
-419.525 -484.902
169.487 3.947
665.988 -307.094
826.81 -163.931
10.28 111.041
-521.345 -510.501
548.71 626.896
115.389 -44.082
619.295 426.767
51.535 -58.493
-485.771 667.53
69.151 108.942
800.989 -319.315
153.893 -7.451
-478.522 395.553
-75.036 25.092
-592.987 -361.806
-462.476 576.612
53.043 41.843
-387.329 549.046
681.397 -318.161
769.04 -334.136
-341.803 400.361
-521.117 -582.805
-378.332 -560.157
-84.49 41.498
538.479 -219.282
-490.419 -495.461
468.455 539.054
-526.083 -480.86
-393.497 513.937
10.501 -93.812
-23.977 -14.753
-537.518 -515.115
-620.584 -322.128
-470.253 -544.168
815.276 -262.924
461.806 526.35
-470.665 662.167
-306.981 590.768
-355.682 450.737
22.459 -58.971
-361.818 533.276
-406.399 -474.262
-553.248 -466.127
518.9 454.971
-404.736 -403.438
544.62 439.054
-570.153 -582.502
-577.259 -475.731
52.949 -10.27
-510.844 -480.571
-316.78 -606.985
851.718 -465.115
90.902 -29.599
-40.758 122.933
-617.385 -393.762
-366.525 -435.241
92.86 16.826
671.135 -323.261
-444.488 -344.79
-572.412 -610.477
-394.262 559.729
-443.543 606.075
-236.143 598.062
-444.109 -542.416
-616.431 -564.682
789.393 -222.572
-389.692 562.516
519.879 436.35
467.779 575.328
-358.733 560.225
600.954 636.228
505.491 597.786
751.343 -239.888
85.99 -67.971
-20.861 20.163
694.283 -295.32
535.451 -275.731
-419.553 -464.658
-460.198 -526.41
-399.162 -556.347
-506.459 641.548
-384.923 -651.363
-404.238 585.696
431.696 416.127
-394.609 688.137
576.887 535.117
-409.403 682.861
636.288 -312.225
38.361 -109.189
470.315 393.415
-322.364 622.92
58.422 96.809
-1.553 66.199
732.868 -303.469
762.049 -278.974
644.28 -372.811
-519.856 633.436
440.514 498.361
33.622 79.122
620.867 469.233
335.765 534.765
46.04 -140.471
-462.011 634.194
-386.032 625.628
-512.252 -452.854
-109.283 43.567
-456.291 621.882
629.505 -349.826
-624.653 483.014
703.589 -285.309
-547.384 -491.478
406.796 491.734
43.502 40.055
-328.76 593.197
-580.789 -484.147
-34.085 13.937
394.078 631.929
-528.739 -493.84
666.01 -304.556
584.113 -240.024
499.758 400.955
79.262 -75.167
-425.164 -579.187
-326.11 726.236
801.941 -317.037
-478.318 750.959
706.875 -362.859
583.931 452.858
-447.967 -519.959
672.364 -233.022
-382.615 -519.146
-375.109 569.636
-491.238 -507.614
554.893 561.519
117.015 -45.78
646.564 -412.051
-368.934 -587.048
745.254 -330.663
36.881 -142.781
572.262 -310.171
-439.436 603.972
-539.461 497.578
487.15 539.404
-474.851 -502.919
-63.706 -50.02
622.392 -360.221
684.232 -144.738
-509.193 -558.013
-87.212 -30.242
-463.458 592.905
377.069 440.166
-482.584 546.769
-8.324 53.177
568.937 -214.513
-245.462 473.703
-56.38 -55.154
-257.997 674.409
-512.549 620.766
518.03 402.173
516.292 609.314
590.483 413.207
-53.327 47.509
-452.251 -566.443
-33.283 22.608
502.153 600.697
574.648 -324.833
708.179 -363.815
478.48 628.353
644.609 -319.115
-400.121 -606.137
604.629 -250.664
715.098 -229.636
-440.472 635.892
-449.626 -472.276
692.725 -345.311
462.694 648.467
-451.293 -517.923
-97.239 -88.083
679.07 -347.328
-564.401 -425.242
692.905 -211.394
-407.796 790.788
493.117 456.843
-475.318 745.024
-351.861 586.077
-428.281 649.654
-481.416 -549.069
-645.392 -554.11
353.54 491.871
458.618 498.21
584.908 -226.139
498.397 491.455
405.754 640.267
-421.242 -547.437
-537.369 -375.678
55.18 50.478
50.995 -7.307
-400.846 622.863
-412.13 -617.299
-556.439 -388.347
516.53 -265.637
608.149 -416.445
-527.543 -469.832
491.741 519.131
-494.248 -669.651
651.283 358.539
478.136 425.323
-180.09 -61.83
499.059 408.838
687.527 -315.568
450.331 479.596
-279.384 511.824
1.014 10.153
758.885 -271.968
598.173 323.403
607.362 -218.264
699.172 -333.761
547.615 443.182
762.817 -363.371
618.46 -210.35
-40.021 -45.722
-549.145 -495.197
653.742 -297.524
102.56 -9.064
619.751 -185.541
655.043 -173.349
851.669 -312.096
-534.442 580.223
571.749 551.119
480.716 483.47
-436.999 -421.452
-393.515 689.593
-418.072 733.555
-688.526 -600.967
740.843 -332.083
390.263 570.223
641.437 -358.928
-530.039 490.115
814.996 -306.246
686.725 -283.214
45.018 -21.437
689.194 -301.659
-366.516 690.95
667.62 -424.288
480.71 457.366
-526.143 -644.519
524.498 625.689
-493.511 569.147
-678.879 -502.202
-566.574 -596.708
-24.794 48.907
-399.676 616.615
68.873 20.882
888.018 -314.708
-474.51 -526.667
-356.18 594.833
-474.935 -506.366
-453.837 505.603
714.33 -397.269
-369.697 592.543
525.832 667.328
-346.037 618.955
431.055 478.678
880.837 -273.832
590.384 527.128
-377.029 -528.37
729.687 -345.272
661.549 -432.772
780.162 -492.404
657.054 -376.864
-489.254 -449.133
-428.343 -372.408
610.087 -424.903
-268.615 561.108
161.317 69.367
-357.036 571.108
786.424 -311.657
706.361 -192.353
-445.296 -494.1
-6.905 74.877
-288.518 630.442
-41.439 -16.227
95.302 -97.234
-63.731 119.352
-536.348 -374.08
-487.288 -517.946
-246.437 518.005
144.413 -80.706
-405.954 604.126
-534.314 580.681
462.096 505.269
-620.412 -542.028
726.589 -359.643
441.753 416.107
-522.244 -572.039
-505.043 -474.066
455.014 362.3
-627.088 575.315
-161.042 82.148
716.069 -392.123
-534.438 -500.374
781.433 -158.465
-567.607 -373.364
-532.134 -427.626
-430.32 672.802
-495.236 660.54
