9.355 -8.791
-468.743 690.487
-481.161 -597.836
-305.141 606.57
730.169 -344.273
-474.537 643.877
505.955 517.374
-57.968 -54.876
-464.206 645.543
-477.841 -392.772
-20.367 -92.271
574.663 -483.875
-363.41 656.455
-520.212 -501.925
105.983 123.54
-559.054 620.679
-501.951 -590.721
680.941 -178.332
701.979 -267.823
769.137 -321.004
4.073 53.085
-52.249 51.786
712.937 -227.952
84.102 -11.375
746.455 -190.938
-392.92 520.86
44.99 131.705
755.252 -380.24
676.862 -261.645
-71.429 21.305
504.498 530.925
495.476 502.122
-44.838 11.469
-364.923 -511.619
393.059 695.671
548.081 435.478
-359.754 659.626
-552.715 -426.121
-47.56 19.254
574.062 -111.139
-358.572 -395.373
-445.793 710.492
-23.237 47.346
-294.326 476.483
750.079 -264.248
-481.231 677.719
-549.254 -590.891
546.135 563.012
-483.772 -463.105
-457.216 717.087
-20.165 69.983
643.857 -261.412
668.181 -457.726
-45.263 35.41
657.82 -339.506
554.517 422.05
700.088 -210.814
-530.134 -445.173
-545.764 526.593
721.184 -265.502
109.83 -8.055
562.948 495.763
-432.362 521.882
481.063 520.541
-451.195 -655.793
773.345 -319.2
27.396 -60.528
24.356 -72.854
-495.776 530.955
661.675 -326.895
-359.354 600.919
11.42 69.681
-24.211 120.423
-7.959 -66.175
-458.563 735.008
559.94 386.986
605.827 320.007
455.858 405.083
21.223 84.534
811.269 -457.59
12.473 -31.106
-573.434 -524.931
577.231 353.999
-17.237 -40.532
-304.386 476.953
-48.928 -59.536
533.8 598.212
-390.899 678.125
737.971 -300.203
-488.908 557.906
593.378 577.99
466.683 286.774
-462.242 684.319
106.182 -63.807
656.294 -250.274
-419.521 579.987
-346.594 474.146
-516.622 -474.655
-386.25 541.567
46.954 -15.316
-609.81 -368.046
-429.79 402.911
21.185 -60.247
-602.801 -538.961
492.458 655.8
453.829 487.381
51.16 -56.502
-60.088 -121.99
646.394 -396.59
17.368 -41.169
49.101 85.126
-366.548 577.034
348.783 630.037
-363.362 615.922
-460.482 -420.308
-359.011 647.79
303.948 160.567
729.219 -331.993
643.056 -341.108
-433.117 -442.074
-473.397 567.374
851.132 -146.696
-434.984 -443.013
-513.213 -600.785
50.104 150.99
52.086 20.296
683.741 -334.455
-394.765 -678.703
591.766 -432.701
-407.386 -337.268
103.088 60.264
711.446 540.347
-287.775 629.082
-289.162 520.175
580.9 474.09
66.997 27.429
541.996 533.66
-407.535 679.49
-311.457 645.642
831.803 -320.448
-23.502 -33.854
-387.006 641.204
451.89 508.961
-520.249 -492.878
-510.187 613.554
-407.459 672.19
585.829 412.452
524.124 538.884
95.558 -9.661
-368.252 607.887
655.928 -367.158
643.393 620.823
798.05 -181.059
499.87 526.259
-504.222 -544.32
667.944 -244.999
607.993 471.935
-458.828 496.469
72.407 41.56
-442.051 648.42
-244.062 518.4
-348.035 578.101
-437.925 657.399
776.586 -204.097
441.526 446.307
584.495 377.037
62.105 32.861
-548.282 -519.672
-559.963 -480.034
-451.773 -408.733
-376.727 586.315
-279.086 626.113
-516.69 -534.171
276.596 526.66
711.52 -206.24
-93.323 61.922
1.25 189.074
686.547 -381.933
2.225 110.21
479.998 557.498
-349.491 672.178
-427.321 661.922
-384.577 -590.003
-409.126 646.777
-357.485 635.289
50.969 -25.242
-450.79 -585.185
-466.256 628.594
-49.145 79.599
457.688 402.237
-597.872 -437.393
9.202 -2.939
-271.607 568.085
73.034 54.425
-496.419 -521.3
88.742 -122.398
-99.504 56.339
34.644 -60.276
-15.123 36.991
-406.847 560.038
715.97 -473.42
510.855 575.039
566.257 545.149
-71.935 -31.981
732.537 -359.676
-120.638 -51.481
-34.34 -129.92
-553.187 -589.239
415.215 532.907
-65.9 4.852
573.079 457.687
-438.231 -645.646
437.706 534.622
553.447 522.419
-692.639 -416.947
714.404 -351.401
-329.8 634.451
520.073 564.295
-468.464 -470.619
-73.08 -22.932
-92.951 -33.404
837.694 -293.812
697.165 -301.643
797.766 -254.399
-247.054 102.277
66.592 -208.781
-252.446 527.455
66.267 20.045
15.811 -88.043
121.425 9.94
-34.27 -129.141
-447.588 557.295
-473.725 404.427
-346.492 579.883
775.325 -375.195
678.895 -316.841
-479.441 551.323
426.622 458.574
-550.983 585.198
40.616 59.625
732.221 -283.947
-401.68 525.504
-496.167 -675.011
-523.489 -504.888
-288.559 653.769
-499.844 528.344
-369.243 683.821
623.751 -383.56
-542.818 -657.051
-351.563 687.381
701.699 -391.938
564.581 -348.941
76.263 99.764
-514.096 -415.723
563.183 479.806
428.595 668.869
-378.255 562.876
-141.64 2.22
7.523 -11.466
476.387 528.3
410.887 417.95
81.401 4.396
-72.508 -39.838
482.544 575.714
602.362 -184.126
509.578 560.148
310.988 476.939
-608.165 -612.738
-370.374 -363.093
-269.772 614.803
503.385 459.8
12.465 60.722
11.689 93.82
-481.352 691.559
-610.775 -498.211
-466.869 -404.361
14.703 85.525
-509.227 -419.008
-476.035 -608.41
-44.261 -64.029
739.963 -222.352
-475.253 -513.735
718.055 -310.014
482.71 430.85
744.783 -373.383
767.388 -189.897
-405.091 634.327
-557.714 -469.406
754.476 -230.571
-355.174 687.85
-331.243 784.612
-538.046 -526.935
58.318 -103.264
-388.162 556.837
1.961 40.733
-441.552 694.949
-522.817 -429.008
568.732 446.898
-706.707 -499.337
668.029 -331.764
-22.833 -31.555
-617.707 -651.73
7.856 75.574
-36.89 101.372
2.266 -36.595
-369.944 -553.286
434.321 348.132
-462.091 673.395
-422.211 524.911
-549.362 -664.919
-525.636 -505.481
-310.765 554.586
7.682 -9.246
-499.164 -485.279
-533.994 -434.16
646.439 465.988
-575.601 -449.333
-379.046 565.599
-251.499 560.165
-56.786 28.371
-439.482 -417.603
-366.223 -408.227
438.54 359.93
-322.203 612.813
-320.758 600.908
621.773 -302.988
23.104 -1.024
740.888 -251.056
566.513 474.481
733.104 -194.497
-302.949 642.957
722.337 -368.538
-352.341 552.706
-381.478 -385.077
67.838 -126.92
780.84 -300.094
102.662 -61.372
681.154 -225.088
-352.328 648.664
452.488 406.218
-289.989 575.267
-347.474 677.576
-504.464 -391.115
-341.088 686.499
620.357 -241.412
25.388 48.64
-292.606 642.543
-62.652 -14.4
25.415 -33.02
797.688 -281.349
704.285 -234.351
403.368 516.017
768.382 -337.568
-434.361 -404.471
-430.146 538.67
-697.383 -475.712
-2.977 -213.706
-266.275 548.893
639.433 -447.527
-537.085 -556.548
-561.534 -395.772
673.73 -183.829
-578.801 -373.842
-451.544 513.245
448.929 469.743
-489.808 558.082
-478.079 -508.804
643.52 -413.132
-467.563 -450.605
-81.933 51.237
-520.175 -395.072
-448.916 663.733
-405.815 -474.185
-469.305 603.447
-65.34 -5.883
507.966 490.784
405.685 505.226
575.393 462.395
420.559 505.628
67.893 3.082
745.023 -433.658
564.544 423.453
-472.232 618.749
-347.174 707.122
402.251 448.114
711.814 -397.99
-103.913 134.927
-337.677 -381.302
686.064 -248.22
-331.622 586.793
28.367 -84.356
-450.968 456.482
-585.066 600.822
671.967 -172.892
43.316 -55.719
-435.12 547.656
20.72 -20.653
548.821 686.835
579.013 585.756
-550.085 -456.132
592.851 -264.105
-66.549 -26.395
853.98 -353.398
437.885 533.73
713.152 -465.005
-556.828 -568.306
-473.579 -503.719
-489.356 -420.616
731.724 -276.093
297.722 326.342
163.4 78.844
441.74 388.351
-498.41 -411.051
-530.096 -445.548
-419.025 583.247
790.443 -326.947
-548.117 -575.216
-468.194 488.821
-69.658 105.729
728.39 -360.0
442.453 425.008
514.134 467.614
717.831 -385.095
526.883 431.594
94.291 -40.213
-543.218 684.612
595.936 482.113
-333.488 504.384
-429.277 681.769
-684.74 -527.89
-417.104 -608.711
-411.424 532.759
564.938 -327.408
679.966 -295.406
670.389 -361.452
-136.023 -115.977
-368.906 554.09
-426.718 523.672
-499.441 -529.983
-449.196 657.424
495.128 457.169
-531.667 -510.462
67.145 -26.219
-554.47 621.218
6.668 -8.81
580.435 576.798
605.75 -347.811
-473.561 -538.894
769.053 -242.974
-5.385 23.678
-461.588 -479.98
555.635 -232.081
530.744 530.867
882.709 -371.42
697.268 -201.886
68.014 -86.737
-359.773 676.167
577.919 506.941
554.308 630.446
-71.762 -167.813
697.998 -433.313
684.47 -284.394
765.329 -367.606
-364.268 632.073
530.515 594.961
-456.071 674.107
-52.776 -30.022
673.974 -269.825
858.858 -400.369
671.222 474.552
-42.702 -21.253
-467.631 628.91
593.851 465.727
795.222 -358.446
-347.162 509.847
106.471 77.63
841.524 -172.59
-756.101 -608.686
85.314 -27.117
767.231 -197.109
-435.738 569.314
415.426 500.195
578.153 604.542
-287.266 711.757
-591.601 -467.275
-562.35 -535.351
-713.068 -413.89
-340.216 555.593
625.641 702.305
-493.583 -509.691
-400.223 501.068
784.833 -412.536
-469.348 556.344
18.253 38.903
572.558 416.359
-472.943 -487.609
83.658 -66.201
-70.806 75.203
616.052 530.344
591.38 523.946
704.135 -435.726
-428.932 627.367
-506.889 -513.999
-107.184 -57.373
-363.535 520.884
476.989 504.434
597.501 -274.605
-528.851 -566.345
680.015 564.428
-357.422 507.992
675.446 -277.72
-426.883 -612.499
5.154 82.4
-445.479 605.454
-68.241 -84.926
483.075 452.804
-28.821 -158.681
462.019 416.364
-351.566 -406.428
33.378 26.339
-572.368 -441.407
-420.625 699.664
648.351 532.57
794.986 -408.741
611.469 -230.045
28.183 100.88
560.834 496.643
-489.506 -389.561
703.137 -233.387
451.628 658.793
15.539 -151.021
-211.677 -93.336
-507.818 -592.941
-453.461 -428.568
-460.943 -430.016
585.141 -289.975
96.941 -62.435
647.021 -418.473
670.638 -401.434
19.895 13.051
702.576 -363.406
1.33 110.77
56.675 43.132
375.711 552.496
-536.465 561.775
518.148 352.054
-356.907 585.502
-412.617 443.261
-347.267 660.656
633.999 -302.563
377.608 451.58
-590.399 -547.603
599.592 535.136
644.001 -102.936
753.965 -304.196
896.742 -297.223
653.543 -298.3
578.697 -354.612
-509.897 675.278
564.371 -346.096
-49.847 75.219
-35.009 -68.349
-328.381 593.286
38.811 58.225
491.882 545.453
441.95 632.817
656.346 -327.757
-325.982 567.51
-320.762 587.188
420.641 539.268
-324.753 599.651
-387.216 621.814
-543.199 -476.993
141.987 -81.879
513.107 477.166
-509.17 -471.556
-386.582 648.107
-480.35 564.191
-545.514 682.24
458.537 462.802
582.111 -279.157
135.698 54.608
-65.165 50.912
-586.454 -471.359
-11.656 -166.622
781.726 -295.089
493.657 576.335
-414.648 -600.047
-558.353 -453.535
795.206 -352.628
483.875 391.26
-316.29 662.657
413.924 570.436
646.377 612.98
444.771 443.298
749.594 -279.381
-453.1 -573.484
-356.248 719.038
531.711 623.32
863.353 -163.296
-586.56 -490.932
698.068 443.289
753.744 -347.306
88.749 -3.889
498.903 471.131
-610.708 -565.737
-332.004 564.386
447.741 480.088
-18.779 -11.763
425.387 595.319
-41.871 45.207
-399.382 -538.396
49.14 -74.926
744.677 -505.926
-439.624 548.53
400.114 454.479
589.687 667.156
-57.622 -0.899
582.415 -220.711
-564.094 -481.32
-472.121 644.822
504.5 483.393
-413.063 -500.315
681.865 508.671
-490.616 500.657
-25.095 -54.25
-19.683 54.712
3.435 -120.506
-391.868 540.279
755.959 -364.981
639.817 558.997
476.319 600.656
-45.583 54.449
74.704 -87.094
35.215 95.737
-652.483 -543.993
74.192 45.448
-457.447 -470.218
-466.078 -567.77
463.093 709.388
-30.083 -145.411
-300.493 555.526
517.615 566.334
-348.323 409.411
699.046 -227.053
-514.961 -562.04
733.581 -384.327
-46.37 -27.731
-460.639 -478.007
-565.213 -687.713
-573.962 -332.529
-520.222 -552.097
499.46 668.35
-477.029 531.965
-499.434 625.036
-326.123 624.501
-344.562 600.621
-452.002 668.916
877.979 -244.275
759.635 -215.264
-124.287 22.077
-670.09 -507.105
-467.831 -539.497
559.248 489.922
691.047 -294.459
-358.069 684.422
-171.801 741.724
364.042 400.254
655.951 -485.497
-502.223 -501.448
-507.128 -372.103
584.744 -289.532
-366.587 525.307
26.408 -69.351
539.526 519.86
-374.322 533.08
742.335 -520.567
105.902 93.975
-64.409 -188.892
471.006 503.49
569.681 509.105
682.691 -285.381
-317.922 739.69
377.369 546.647
683.539 -253.796
435.239 648.171
-592.143 -545.465
611.644 340.539
-413.042 665.217
-247.683 613.14
-366.513 623.275
769.73 -166.944
747.046 -338.48
522.053 358.606
-58.176 14.092
604.103 -327.628
-588.795 -404.793
511.26 364.907
-213.267 128.358
676.55 -313.069
673.573 457.54
-551.634 -438.775
583.035 -218.755
602.867 -224.751
13.531 -2.078
-619.331 -452.84
61.062 -98.67
548.764 481.771
661.491 -169.17
-121.224 60.744
-473.16 -406.981
-453.913 606.067
30.647 -42.641
-508.173 -456.534
-420.682 -476.528
21.66 -52.385
727.194 -274.271
546.789 456.449
-497.808 -447.518
-245.52 596.112
-14.899 -139.682
-41.406 137.951
480.793 482.469
548.751 -275.631
577.023 465.734
564.671 574.903
-185.848 -121.065
79.109 53.356
750.348 -181.177
-407.585 -597.758
-48.516 90.501
564.611 563.933
-433.315 -434.479
567.31 629.749
784.384 -155.094
747.21 -283.537
498.816 749.343
25.674 -15.029
753.944 -209.406
548.537 365.27
739.306 -364.594
-413.942 609.808
815.486 -240.972
-32.712 -34.675
376.608 325.115
-418.381 583.902
-8.648 -51.08
471.949 525.039
674.603 432.859
-229.115 620.837
-69.694 -29.284
-461.31 573.341
-294.118 576.206
635.226 409.655
-356.097 586.497
477.168 598.856
39.812 -131.742
-419.333 -505.452
-391.609 608.537
-470.45 764.897
529.092 623.536
-519.423 -515.489
-366.366 578.314
-412.676 -555.938
480.513 306.332
686.497 -284.5
-494.332 616.869
507.468 487.66
-438.98 625.63
668.376 -251.727
53.722 27.273
-632.629 -446.747
744.505 -285.436
-366.919 495.744
-572.93 -426.046
655.725 453.096
506.416 319.818
601.732 603.253
-452.978 613.996
-410.748 659.08
-328.738 705.16
155.639 25.056
-376.109 -468.001
724.779 -329.276
437.67 488.231
765.787 -157.853
622.212 -339.303
-516.429 -517.345
-321.402 667.577
692.128 -269.371
-431.795 -513.989
401.533 393.236
69.738 -122.916
-51.955 142.046
-318.807 522.228
441.236 445.876
548.481 505.116
195.867 9.477
451.273 429.272
591.484 540.91
-403.993 684.927
477.043 483.95
701.415 -413.044
-473.308 -381.221
-494.167 -564.568
90.907 -25.011
42.867 45.413
581.191 492.462
643.591 -228.937
566.267 551.572
709.645 -183.404
-559.076 -308.741
-41.767 186.339
560.447 500.135
57.334 7.786
-493.677 -570.457
505.709 369.277
-475.385 581.443
-620.15 -469.032
560.974 -229.114
-515.958 -466.449
-687.691 -532.343
-342.292 727.882
458.715 593.541
-441.66 545.29
764.233 -342.623
-450.834 722.877
-324.551 552.492
-361.298 743.444
739.613 -364.607
-272.455 573.259
-486.669 -366.3
-172.944 520.592
605.147 -304.763
524.346 479.294
96.559 115.904
-458.836 566.251
625.042 473.852
-486.975 -606.659
81.267 -51.181
-479.218 646.348
476.612 466.051
-544.537 -414.669
-114.432 -157.781
704.445 -286.909
378.853 507.608
-420.569 647.615
3.041 13.307
559.251 477.947
691.225 -272.462
722.47 -266.907
-412.992 631.705
-523.407 -463.493
394.782 547.63
603.677 -416.877
-427.177 581.379
26.948 5.279
21.193 11.706
-437.312 726.526
738.285 -345.607
647.981 -234.134
597.21 559.392
645.99 -311.255
-506.968 -497.41
472.432 426.911
-89.574 -6.65
-456.636 556.206
-360.905 642.338
733.712 -297.131
-612.461 -501.406
298.113 382.151
517.579 578.706
-307.524 574.103
-382.284 655.695
608.741 -244.437
528.517 397.006
-576.635 -445.684
31.27 7.086
811.6 -323.4
-559.95 -642.905
580.054 516.091
-62.982 -73.18
-353.355 580.329
-524.083 668.586
-602.039 -673.467
-334.455 440.397
502.39 484.211
-367.715 645.714
457.737 433.741
-513.687 691.183
-435.68 674.178
-544.417 -600.364
534.409 578.664
-422.81 620.752
-394.972 600.073
-111.208 11.931
567.341 447.027
803.631 -282.026
-421.992 749.04
-429.409 471.26
24.134 -37.887
-5.815 -52.176
443.391 610.189
788.7 -326.733
624.8 542.091
-498.005 616.76
13.554 -27.565
596.469 558.575
482.548 457.409
-492.076 -633.763
687.728 -366.999
-260.817 523.186
400.541 524.802
439.311 647.741
-345.731 547.623
-75.029 52.776
556.869 555.429
672.391 -229.159
678.508 -214.797
572.082 532.172
-416.415 607.689
132.165 82.174
401.855 581.448
545.643 505.41
-31.952 -109.995
-498.167 -440.084
1.028 51.331
61.885 -58.927
468.922 362.086
-479.216 -525.067
-433.695 -558.567
-490.563 654.676
689.678 -431.092
6.145 -20.085
-484.647 744.154
300.738 305.494
-561.813 580.261
-258.863 548.549
-528.914 652.705
-366.071 587.838
767.562 -332.794
-31.573 -15.087
-314.401 590.829
-475.192 -355.829
445.275 403.078
-320.402 649.197
778.584 -248.825
547.96 473.6
660.88 -343.035
-460.969 -522.854
-48.425 -106.825
28.364 29.269
445.301 527.823
-83.708 36.731
-13.804 72.075
38.004 46.969
-501.788 513.354
-246.439 394.986
471.95 638.514
-58.112 -179.455
692.804 -271.499
25.703 102.491
741.086 -340.329
-536.732 -625.733
-447.836 -600.322
-331.648 779.307
544.427 331.011
642.886 -267.681
-401.259 -454.051
328.38 532.487
582.321 549.941
731.887 -372.663
-449.094 457.415
730.48 -338.895
481.579 459.128
-431.58 546.556
-394.076 650.538
15.952 -5.993
566.166 549.983
730.2 -428.085
784.213 -345.258
499.529 585.433
691.989 -209.489
508.903 487.125
579.252 605.325
440.842 528.524
506.829 690.854
-369.501 -515.632
-421.898 -573.936
-39.075 3.437
465.626 599.866
-490.897 -501.229
720.825 -470.559
634.64 420.148
90.471 -22.217
69.208 -77.329
562.782 539.318
-83.917 -71.26
562.246 487.69
-369.653 546.23
-633.485 -344.234
34.514 6.365
-466.717 563.816
-478.358 -454.252
-458.428 661.219
-500.623 658.281
-105.867 12.706
-305.604 768.117
691.591 -235.497
-625.299 -478.994
-334.65 554.885
-516.55 -608.206
-102.662 58.172
885.217 -237.185
731.648 -412.597
-419.399 -484.745
-440.983 -520.89
-398.769 617.981
-413.369 695.613
550.799 545.785
368.984 393.244
-475.345 -524.295
-372.312 543.573
680.5 -277.265
-90.189 -113.777
68.47 133.185
-572.883 552.37
766.16 -420.795
128.544 -24.708
-655.012 -453.971
-419.203 569.307
726.81 -491.742
-440.535 635.346
-496.449 -400.436
502.767 581.54
-600.642 -620.459
521.683 331.944
468.506 621.892
-76.014 57.513
91.121 10.36
-431.731 591.136
-191.027 477.498
-434.623 644.955
716.594 -191.141
80.284 -69.239
421.092 593.024
-414.509 -570.643
-416.214 465.654
-624.608 -594.631
-268.271 567.113
435.644 401.157
-396.631 -541.998
-14.148 -15.825
-109.995 160.323
-419.641 668.272
-39.682 -3.143
-412.98 528.587
-427.749 -485.336
-507.17 409.231
-464.054 -518.901
-465.18 -509.928
-465.167 581.245
-272.877 624.136
-404.064 572.605
-524.656 -524.169
301.06 544.08
-266.291 -532.839
15.47 -65.111
724.022 -362.252
671.216 -151.333
-495.776 -406.879
671.639 -283.176
524.446 358.106
444.906 440.429
381.26 493.492
-373.39 637.81
-501.388 -536.248
-66.827 72.793
515.537 391.434
477.777 470.655
810.204 -334.806
24.622 -130.351
-558.495 -596.66
679.846 -260.65
615.501 -274.141
-307.086 540.442
536.798 435.242
491.435 672.729
705.004 -350.7
-332.059 484.522
-375.992 -486.892
-460.729 519.818
-715.439 -496.086
842.262 -203.862
453.927 519.638
-381.936 -444.204
-428.406 596.991
60.851 107.181
-339.566 735.917
-419.396 -408.97
626.927 -260.565
-545.666 -588.761
-511.155 598.907
-60.748 33.589
-497.627 -684.207
727.702 -325.496
693.879 -471.883
417.151 467.493
-4.213 61.26
151.664 -42.378
171.671 -105.884
-636.41 -559.642
744.437 -315.912
798.689 -287.449
-34.276 -49.677
-453.537 -528.835
582.46 428.364
-484.958 -541.045
-252.493 492.881
412.584 624.986
555.363 530.058
610.951 480.926
516.749 381.185
683.962 286.445
13.956 22.042
610.899 476.68
-395.934 622.622
-472.161 597.478
397.573 387.814
772.969 -287.007
-465.439 -509.677
-480.019 -535.734
-283.068 632.412
905.964 -297.453
-468.602 -420.097
678.367 -260.314
541.941 505.058
516.348 494.23
-452.971 609.042
-498.148 -399.999
474.526 571.915
-146.033 -39.805
-398.617 675.042
597.902 477.231
-438.969 618.781
441.957 408.306
581.711 -431.924
-442.531 -506.859
536.838 515.979
-541.873 -455.509
590.612 376.863
0.551 11.601
-7.677 24.269
716.399 -383.012
737.611 -220.557
-489.191 -412.249
718.656 -284.32
-506.395 -520.055
725.806 -148.977
490.912 314.829
755.23 -276.63
-472.33 -445.212
657.321 556.983
726.937 -270.132
-3.146 -186.294
-383.22 668.521
635.31 418.609
752.669 -193.557
-501.916 -318.043
541.862 587.176
-543.04 -502.884
-567.092 -506.029
-426.451 -514.338
-367.999 560.951
718.242 -400.537
425.982 568.28
-268.586 563.201
-369.664 564.668
-532.556 -531.943
715.285 -308.165
-579.408 -432.183
84.086 144.325
-460.199 478.073
50.995 -27.729
730.836 -420.323
-518.501 634.299
560.409 458.478
-412.44 585.057
-337.395 388.507
-82.877 63.408
-87.438 -65.04
1.989 69.482
568.221 419.555
654.924 -392.454
-335.693 591.53
-524.263 -440.766
521.069 576.262
515.294 426.779
-222.109 141.077
634.966 -309.581
-521.395 530.666
708.427 -270.035
675.322 -334.162
677.971 -210.626
787.625 -381.639
587.858 556.333
-318.862 -539.331
657.18 -319.086
16.134 -35.853
-541.879 -432.254
618.249 -272.808
11.38 -27.863
-505.653 -378.375
-600.952 -464.492
-16.778 176.022
576.126 436.328
-452.154 -608.053
491.769 453.741
-55.07 53.91
-446.509 615.671
77.722 10.54
-516.6 -466.035
35.978 114.106
-361.691 562.251
-388.349 599.886
-555.466 599.539
567.903 307.352
666.837 -360.72
-280.841 669.334
193.461 125.525
478.687 528.408
-515.487 478.971
1.876 3.058
-538.079 660.286
651.965 -194.365
679.513 -222.456
-513.834 -611.005
435.046 565.798
717.574 -324.682
-468.362 611.072
-436.536 581.245
620.88 -59.288
385.746 510.752
-399.168 -429.649
551.356 549.68
-252.814 29.3
427.772 554.147
723.399 -309.231
-472.49 456.937
425.426 409.278
466.605 517.837
0.697 -70.883
0.085 -190.729
54.63 -49.165
8.618 -27.474
25.98 1.335
619.849 -346.811
-507.086 674.541
-446.451 -632.827
-30.061 29.735
-453.366 -566.777
-44.664 14.091
897.913 -296.594
-555.682 -558.058
717.785 -222.056
46.377 189.817
-464.737 -486.857
46.174 24.462
-576.542 -431.11
-2.584 292.528
26.867 -108.488
10.936 88.753
111.514 15.68
-603.73 -421.302
-388.8 712.805
821.154 -149.004
581.921 558.788
498.624 452.134
-103.211 81.933
-505.889 -481.735
-479.068 710.102
499.682 468.58
-525.02 -393.012
-625.623 584.154
-492.5 -403.092
385.518 549.735
-433.978 -584.216
-521.695 601.875
-531.719 -407.961
-257.618 570.11
472.356 483.267
709.723 -224.399
534.249 589.126
-10.946 84.996
532.085 522.591
665.644 503.848
-588.232 -383.426
825.795 -345.287
-551.831 -370.739
-350.633 586.79
786.475 -223.511
664.987 -337.825
675.266 -212.698
-534.201 -495.024
395.089 509.67
529.647 472.317
857.599 -246.743
-535.421 -431.054
592.987 -479.235
-27.217 210.884
-543.753 -485.048
66.952 -80.791
420.052 459.57
-333.899 622.638
681.205 -141.256
-74.866 67.977
-107.143 -45.137
-386.189 540.301
701.32 -203.512
-441.436 -453.034
539.233 462.702
801.678 -331.104
-3.78 35.423
-44.205 -11.939
-422.184 659.562
-42.831 119.73
768.78 -218.055
93.308 45.023
-574.255 -499.721
-32.378 115.828
25.943 44.794
551.842 -317.603
577.449 521.155
381.81 503.128
-419.02 647.029
73.943 -112.943
671.871 418.665
-582.296 -536.02
-541.389 -413.34
26.883 -36.4
-512.288 -396.331
-402.47 660.174
645.144 468.313
597.138 510.027
607.113 509.02
591.768 517.516
476.991 421.931
524.79 431.349
-424.953 -443.761
735.355 -343.161
-668.477 -429.118
613.06 522.965
469.851 519.387
-551.711 -378.867
-359.538 -597.653
-21.442 41.71
577.617 528.071
-307.888 521.04
659.316 -253.047
-519.884 -581.347
-487.951 -553.618
-520.088 -472.66
854.992 -223.857
642.886 -270.174
-380.395 -624.339
-385.999 640.141
-549.512 -296.169
359.074 387.061
364.942 589.108
570.951 606.055
441.29 512.111
-495.65 -367.785
-313.999 -506.461
691.375 -166.772
475.507 589.238
559.511 582.017
-23.785 -2.857
634.801 621.7
-457.994 555.9
686.022 -385.001
-443.763 585.237
451.434 556.658
-147.087 -99.411
-317.116 518.494
-440.132 -456.087
688.579 -371.829
-339.814 772.611
-465.301 -445.699
-453.238 -507.079
591.635 -414.928
-673.395 -541.132
-438.997 478.251
-23.511 10.805
-40.239 167.014
0.421 105.627
506.784 513.343
-7.142 156.781
-93.34 10.462
-487.809 651.897
751.755 -217.392
56.503 -75.397
-515.765 -469.912
659.203 -324.773
666.675 -186.735
48.44 60.597
-360.324 588.248
677.439 -499.102
25.867 -61.538
108.758 164.58
49.271 -126.027
-616.524 -348.122
578.783 -294.819
-66.003 -44.854
-319.228 611.957
590.176 455.946
469.234 564.126
8.147 -95.38
-280.41 517.515
-469.695 -388.838
61.448 -90.008
33.36 122.455
122.222 -108.535
731.031 -260.647
574.054 -228.784
-374.631 -546.743
-543.29 -566.829
568.025 556.614
861.556 -471.914
-562.277 559.723
-54.387 78.011
494.49 586.449
632.031 -240.555
-558.625 -557.097
97.906 -45.453
-674.195 -680.932
-448.131 -461.345
-429.083 -502.542
124.19 -33.672
955.284 -262.773
-443.319 560.674
696.418 -410.478
-498.895 512.217
-48.603 -67.461
626.6 -358.395
566.23 424.786
468.711 478.23
489.015 523.908
-34.625 -78.598
87.541 -140.07
612.335 -299.897
41.574 -32.65
-372.936 605.036
595.233 -296.303
554.915 -186.835
45.408 -15.677
-485.606 559.73
595.143 -351.06
-377.764 546.74
-406.708 660.209
432.466 516.222
661.817 -303.982
680.682 -134.114
617.071 -309.891
823.945 -187.403
-296.272 466.483
-463.778 -612.974
-377.959 720.996
28.173 52.13
464.696 625.553
476.725 629.078
470.18 436.133
787.12 -302.627
445.95 500.008
376.825 621.464
-420.23 578.169
-360.044 499.156
588.821 -201.123
430.219 544.771
-448.721 -566.663
528.705 456.544
-16.37 12.216
-19.097 -126.019
-567.253 -470.135
-429.481 -460.276
-18.89 17.815
534.832 461.611
592.607 626.405
-360.614 598.793
733.974 -284.898
-603.873 -538.588
701.039 365.158
748.377 -275.733
173.384 -0.031
-524.97 -528.26
-401.648 617.274
72.648 -1.043
-556.955 -605.494
660.099 -373.883
641.765 -164.028
-506.462 553.324
26.288 -56.097
-513.647 623.874
-260.429 563.004
528.477 429.319
-433.417 603.036
-518.843 -421.119
642.879 -409.22
142.09 -98.943
18.893 -15.324
-426.097 562.092
110.105 -76.22
-359.131 535.421
-348.935 690.579
-536.831 710.294
-411.975 646.144
325.612 483.243
-278.679 649.336
797.086 -159.932
-411.366 -420.475
-635.975 -489.427
-437.565 -624.803
623.841 -408.353
-381.124 470.353
-295.911 641.298
650.76 -237.037
531.763 424.873
-303.661 578.626
618.644 -329.294
620.123 -405.583
686.346 -221.861
-270.443 580.818
111.488 -99.912
-633.473 -496.305
573.259 455.032
761.94 -442.117
-558.475 -451.449
-476.612 -507.65
-393.13 550.229
-510.329 686.603
-64.477 53.625
-74.983 72.756
648.145 -409.56
11.961 -139.477
737.341 -295.129
26.529 -79.29
556.841 546.463
-142.915 40.947
711.591 -463.018
-562.5 -570.337
647.212 -19.296
-599.775 -463.807
575.516 -231.391
-12.846 64.505
-129.469 74.502
-494.98 -514.417
-562.824 -649.905
449.675 612.909
640.441 -356.297
53.035 -180.249
539.378 544.364
-442.363 -552.126
614.238 -239.445
-303.595 -616.317
417.679 486.945
499.647 524.206
624.774 584.894
-18.593 56.799
853.971 -340.776
764.384 -403.311
865.287 -243.433
620.219 -250.146
-645.26 -426.087
-618.836 -603.919
678.742 -406.936
718.519 -288.983
-488.573 595.288
-266.443 583.651
450.786 466.895
2.514 -15.917
-426.47 -508.707
-615.603 -576.663
600.128 -321.708
-400.596 667.591
707.685 -340.727
-391.559 681.283
662.607 -394.051
19.481 89.162
546.451 540.514
77.964 53.026
688.945 -259.296
335.397 515.645
-457.953 585.109
111.161 9.502
-474.391 -536.254
-377.703 578.283
617.167 -261.367
692.07 -360.325
319.125 401.167
-540.549 -718.3
404.917 408.766
-496.459 624.482
-482.132 -562.466
-9.808 -1.043
-358.917 -478.991
701.931 -147.89
681.276 -308.733
813.287 -406.271
418.11 502.362
526.891 565.589
-455.894 463.05
45.699 -32.549
-40.073 82.645
-380.971 552.392
110.315 -51.851
81.453 -108.661
758.203 -101.448
157.843 -26.644
411.891 486.031
779.477 -367.498
796.511 -295.129
-574.294 -449.185
810.452 -331.681
725.183 -371.502
557.319 -342.937
-447.471 -477.514
613.896 -371.077
-449.826 609.229
499.55 571.641
517.624 -250.82
59.77 47.076
-558.291 -540.967
535.991 492.549
501.408 441.09
577.619 567.84
-477.265 625.093
422.872 393.834
680.465 -214.232
-32.689 81.785
475.156 434.149
12.379 -29.75
-341.949 544.708
587.176 459.082
-292.275 615.372
548.036 484.451
-581.116 -373.712
809.222 -316.547
-538.078 -517.878
571.066 405.774
-518.946 -634.715
734.069 -208.507
-572.732 -523.909
-28.048 -36.768
-586.795 -454.652
-393.54 525.731
-215.012 515.631
-84.035 141.18
27.62 -44.294
-485.804 512.662
-584.129 -552.894
-554.822 550.58
-294.106 597.456
-628.214 -416.12
-685.746 -474.988
-622.268 596.902
334.622 550.619
739.381 -195.042
540.588 394.646
-491.358 -462.338
-351.405 641.016
88.997 22.457
-396.432 548.009
-27.964 141.328
718.271 -248.202
518.676 382.497
-510.345 -493.955
-19.936 -70.096
-391.206 709.257
498.324 547.937
-48.22 -134.152
693.794 -226.578
108.229 11.759
685.021 -255.849
586.665 474.823
-448.995 704.732
729.332 -293.853
358.553 523.709
-384.905 714.472
-124.442 23.339
-360.787 -405.919
644.193 -264.932
703.277 -178.535
602.028 -379.268
-443.791 598.17
-18.769 112.643
27.037 65.522
-341.914 -471.587
-156.499 568.8
-293.283 -456.858
-481.39 -455.342
-599.195 -543.518
550.505 653.788
718.591 -325.958
400.829 521.493
-417.948 -569.24
665.98 462.196
-384.426 556.234
-454.755 -446.203
556.063 600.415
549.965 478.604
-402.716 599.501
-32.083 -72.054
-240.975 338.372
-438.098 -504.232
34.325 96.482
504.782 660.879
711.598 -379.644
-433.282 664.697
-374.836 -507.887
-641.761 -431.401
-370.225 650.727
-475.437 532.35
-423.079 -587.281
-402.256 601.506
-454.477 594.548
-461.094 -497.835
593.504 -235.86
307.542 506.77
-435.877 594.392
84.747 -37.825
-450.546 695.567
479.672 487.981
-417.842 724.571
-625.704 -461.909
792.684 -333.828
-328.863 631.16
550.241 535.952
565.771 457.752
-567.082 -631.614
455.965 534.087
425.967 286.426
-51.137 50.638
-380.147 -446.375
-400.82 691.063
0.088 50.405
-45.339 -41.621
-487.401 728.397
-501.25 583.611
-426.47 613.023
-114.503 110.745
686.816 -396.586
-421.388 655.767
-465.971 -535.377
453.673 409.548
-332.355 447.423
-559.415 -469.12
834.975 -432.756
608.165 -224.323
400.383 473.234
432.602 584.892
-434.136 -584.529
412.75 601.813
-384.108 434.78
724.804 -412.138
579.653 -337.696
611.876 -209.382
536.014 652.043
678.957 499.257
-41.213 -49.341
-441.597 581.425
442.699 464.479
-339.39 683.876
-461.852 541.592
-374.661 729.503
743.815 -299.196
-481.285 -516.051
-150.554 -39.488
-432.258 -555.674
745.898 -268.423
-368.765 680.438
866.371 -186.343
672.955 -368.358
465.959 504.975
-573.767 -292.353
-18.01 -43.936
-445.252 599.308
484.549 540.434
89.598 -89.573
-66.039 -112.719
430.473 539.927
-303.282 650.905
-293.695 627.025
502.5 547.56
23.296 118.776
540.81 -182.906
-565.669 -477.005
368.315 462.896
-393.434 -511.887
-429.016 512.743
35.481 -90.372
-19.794 39.918
496.861 574.161
-351.119 -488.149
649.245 -354.458
-377.53 -546.545
-14.18 -134.627
-362.424 420.452
-37.363 -63.018
-497.982 -533.327
609.498 -362.271
-260.137 606.713
-17.176 131.59
-581.482 -541.101
-485.093 -223.519
-483.007 -704.217
654.55 -212.398
-62.694 -115.433
33.52 -41.677
668.091 -337.547
-576.619 -573.153
-469.951 -550.95
-434.156 -557.7
-408.524 789.093
-569.862 -574.886
506.574 646.736
-452.021 -406.919
-396.866 720.677
-448.884 -417.08
743.816 -211.077
-516.772 -473.994
-524.313 -290.145
-356.602 690.492
-325.109 514.901
582.243 437.697
-292.626 597.045
-420.999 -492.89
774.223 -332.981
-400.737 639.982
-568.044 -456.117
618.712 -490.916
-579.154 -424.801
-206.993 624.346
589.331 -300.327
-299.67 539.364
-388.165 455.841
-396.309 608.463
-421.484 687.437
-464.263 683.625
666.252 -342.752
512.467 525.179
-451.331 -461.528
-61.751 145.372
-478.419 -470.776
-674.885 -506.053
-489.023 -467.828
635.075 -187.604
505.4 482.298
74.537 41.813
528.541 548.228
-0.037 14.055
-391.224 690.918
526.875 508.92
538.8 317.57
-471.215 -580.616
561.964 -281.091
-225.001 655.425
-373.805 472.999
-436.986 633.574
560.301 -429.873
-440.602 -556.311
-42.116 0.815
-306.068 642.236
640.06 686.534
-396.716 360.449
590.964 368.205
-564.645 -539.041
-453.467 578.073
638.68 -311.472
-88.959 -33.901
598.133 -188.983
-354.861 609.682
522.591 481.103
-320.36 548.55
-16.453 45.531
806.611 -283.536
473.138 394.571
567.282 536.098
652.14 -389.318
-474.335 499.236
-412.729 555.188
673.624 -199.974
-532.342 -430.906
-432.721 687.213
23.945 -3.477
752.49 -426.065
-474.654 -496.635
-547.326 -432.262
-418.41 -555.767
735.522 -334.391
-376.333 482.242
442.361 509.441
802.598 -225.169
32.123 49.428
-418.382 -545.685
565.212 434.714
-42.547 137.231
103.057 -97.762
-421.792 598.386
740.56 -357.692
-309.2 694.112
46.683 -25.096
537.057 497.063
560.985 494.544
-517.006 -611.423
-392.015 620.577
114.667 25.894
685.893 405.348
-418.709 607.218
481.677 601.277
-30.4 -71.021
-360.427 680.476
-471.67 496.927
671.904 -264.445
-503.9 -460.801
410.669 537.037
427.4 505.841
-439.759 -441.474
590.445 328.487
-537.308 -459.388
-466.204 -481.766
486.229 425.254
681.723 -297.605
-469.118 -653.387
-33.755 46.739
-475.412 -577.661
490.683 472.714
-477.02 659.262
806.007 -415.118
-489.586 -473.577
646.806 -232.34
-35.197 76.44
139.622 -109.171
-366.227 604.522
-84.251 67.796
528.854 357.707
-455.531 489.469
59.724 38.589
-307.613 713.729
506.293 562.118
-307.187 613.863
-428.105 543.699
-565.164 -508.854
-56.902 2.179
484.128 402.562
-415.755 562.91
-522.785 655.074
-580.658 -581.153
-587.918 -539.829
-512.393 501.277
510.987 545.777
756.327 -120.946
-58.279 -43.955
675.02 -169.209
-579.984 -366.993
-383.231 696.703
818.202 -253.345
457.677 282.667
-466.99 -480.551
-61.784 4.014
664.955 -318.349
-62.025 147.599
617.978 -294.14
679.261 -338.787
-470.751 648.082
-571.063 -677.895
537.73 598.791
513.244 551.633
616.385 476.723
-490.549 517.395
-544.902 -425.041
624.441 499.865
-118.388 17.745
770.372 -220.982
534.997 507.094
559.286 558.712
740.418 -292.774
612.192 -195.315
734.523 -356.105
22.696 -68.877
-12.073 182.272
-560.79 -556.379
-97.905 -55.03
0.998 -64.838
658.693 498.677
447.223 593.497
203.283 125.58
-430.689 -502.013
429.261 538.784
4.291 88.233
20.167 56.815
-731.913 -676.85
723.092 -388.582
-426.866 -443.475
551.888 331.67
433.98 424.3
682.609 -353.744
812.576 -306.472
595.272 569.898
647.728 518.912
-444.641 657.92
14.329 63.349
-101.217 113.145
101.449 76.044
749.786 -293.261
-453.799 617.581
-531.27 665.343
418.649 421.338
491.6 361.389
-13.421 30.358
726.65 -311.502
682.756 -492.585
597.477 513.139
597.628 -455.247
763.051 -130.552
533.578 523.143
-493.137 709.029
-12.775 -31.159
788.006 -392.258
557.098 434.763
-438.861 568.644
755.738 -451.341
695.057 402.216
692.856 -354.444
608.099 -214.313
749.216 -326.021
563.137 385.326
735.696 -273.584
-22.154 -79.046
-603.673 -427.645
495.032 554.595
-77.378 104.067
665.598 -270.262
677.042 -311.243
-99.739 654.586
-88.948 -77.832
-88.766 26.932
-417.365 644.379
136.644 10.658
-431.39 540.264
608.988 -362.335
-401.328 -583.178
758.363 -492.122
468.959 517.737
-298.871 637.434
-118.582 89.338
-462.072 611.236
86.145 -3.966
-451.011 -558.218
-391.639 462.04
-429.009 -426.209
-607.058 -400.698
41.119 -64.061
-116.294 -24.659
-291.338 732.004
687.295 -451.205
-24.413 -15.282
390.014 572.017
651.537 413.478
-552.128 -689.038
506.258 463.462
-45.463 144.43
358.909 598.783
815.19 -215.735
292.211 445.055
719.418 -428.793
627.6 377.869
-16.563 -77.659
554.595 464.294
737.823 -321.638
-364.697 495.332
726.396 -222.644
-589.564 -620.722
-24.706 -37.109
702.207 -243.655
-607.09 -551.669
-621.405 -468.194
34.548 124.673
-51.113 -9.75
799.382 -148.55
817.253 -253.44
489.608 532.771
-458.323 506.486
-416.423 635.738
-533.88 576.4
472.114 401.047
479.69 610.987
400.921 319.543
-454.633 -471.037
-368.831 609.911
473.741 452.8
-488.428 473.319
-419.76 656.153
698.313 -325.644
679.262 -329.493
-439.514 -460.927
650.564 -359.417
555.146 446.306
550.803 392.97
651.491 -203.963
-516.573 -364.594
530.703 416.589
739.772 -240.304
-135.936 -31.909
440.294 386.824
734.598 -283.522
-483.905 -483.686
717.84 -329.142
-528.877 -562.235
-380.556 -466.642
-502.471 609.908
-403.75 -433.133
-500.166 -405.502
5.407 -8.083
672.833 -121.506
729.977 -242.628
-472.382 -483.147
-438.389 430.135
341.515 481.842
-544.566 -506.205
713.645 -391.206
-410.203 732.63
721.986 -320.635
603.537 530.137
-497.461 -430.042
747.689 -299.694
-499.489 552.614
56.037 66.109
25.561 -16.285
-430.091 -477.973
764.787 -232.468
47.15 -2.625
-411.129 625.196
-12.529 51.696
526.54 580.025
-408.236 589.049
-513.07 573.087
-402.791 -491.329
-403.248 609.284
-476.31 -575.644
566.118 566.755
-488.655 -522.074
-24.423 71.435
-485.262 -563.905
-505.05 569.984
-411.742 -455.799
695.636 -309.742
625.003 -249.385
12.08 -40.144
792.637 -416.013
166.067 95.988
-59.211 -10.816
-410.925 552.459
-511.906 -569.157
18.236 103.704
765.239 -291.298
-373.877 439.716
19.197 19.957
-547.579 -468.844
-493.87 619.571
342.201 579.435
507.469 364.576
-635.875 -414.347
464.975 574.624
669.028 -299.198
844.035 -370.3
-445.572 568.053
-518.25 532.267
-6.484 -56.506
-353.456 740.665
591.061 456.501
644.072 -290.162
-527.867 -483.262
-567.385 -337.301
613.342 -406.134
38.802 101.14
6.615 -116.391
-385.068 -609.158
-21.14 100.251
706.253 -290.562
328.595 466.232
-459.014 612.039
-402.818 597.76
-244.069 645.074
448.907 457.888
-462.594 -315.197
32.716 7.569
687.144 -242.142
143.38 -127.497
159.592 86.383
427.823 410.566
-452.926 509.392
766.132 -277.786
633.431 565.35
-399.551 611.924
-368.329 682.554
-295.044 666.209
697.806 -473.564
690.115 -150.096
-446.616 -312.715
-408.156 426.551
90.79 -13.201
-507.642 -614.283
-310.619 678.719
84.39 -97.497
785.477 -318.145
-632.623 678.384
488.321 423.729
-18.795 25.062
477.236 425.066
-47.463 20.451
308.248 624.414
-404.212 664.268
76.682 -68.659
-517.622 -568.023
-384.119 597.377
479.287 631.881
-484.61 -575.845
-411.749 615.525
-79.229 -123.35
668.913 -396.623
-451.307 387.299
-14.798 31.55
-462.545 638.977
-535.498 -518.625
-520.946 616.897
709.618 -273.158
681.733 -235.463
-60.704 65.172
80.0 -87.822
505.724 485.053
-496.063 600.738
419.329 520.115
-378.228 -573.065
453.209 530.61
-575.492 -535.985
-472.269 679.226
46.702 67.43
380.039 657.622
671.311 -303.01
43.819 49.963
566.798 523.063
-570.05 -577.054
-477.74 636.337
361.971 460.714
-523.095 -543.614
-552.348 -453.141
729.976 -270.107
-429.811 -448.586
399.531 435.024
45.747 196.033
603.947 -274.683
4.862 -47.574
539.808 513.843
736.075 -377.402
482.629 483.611
-458.424 533.757
46.053 -21.64
87.016 -9.107
810.762 -231.663
664.097 -389.425
30.742 34.248
-524.845 -614.35
-373.463 670.442
44.678 92.585
-478.905 -527.737
472.217 479.931
-24.136 -212.423
486.772 508.587
-686.139 -438.305
-561.235 -536.977
-502.939 -583.897
-308.245 660.665
47.988 -46.684
-127.014 72.737
-642.39 -479.814
560.222 556.247
-525.79 -494.788
-402.053 -296.703
108.516 48.413
620.104 -280.567
-276.893 554.293
-452.728 -388.857
44.364 51.081
-441.312 594.582
-540.888 -317.197
-368.452 540.252
783.705 -157.308
503.764 390.197
-31.506 -109.222
-398.089 -586.652
560.998 -280.539
-458.927 -557.139
-43.387 65.212
-557.304 -526.638
604.748 -322.151
-405.448 579.635
-468.355 588.092
713.384 -312.826
-139.777 60.799
-381.814 605.364
-516.134 637.99
610.722 554.454
-103.487 90.483
-11.636 69.886
588.721 578.13
72.781 9.796
-140.032 25.08
41.692 44.895
-390.801 709.985
491.248 540.377
-144.314 -58.035
-392.377 546.581
528.984 500.0
490.794 470.937
612.97 669.048
-488.866 -444.095
-396.206 -386.739
545.648 521.729
-16.757 -62.982
799.096 -289.464
604.972 373.592
40.897 128.111
-347.094 710.44
63.803 -20.409
373.152 273.635
-450.911 -647.262
82.127 -140.193
4.294 -38.817
668.821 -445.279
-339.12 594.389
486.956 -131.505
-110.864 -50.624
660.318 -248.004
-390.197 565.189
45.802 -16.058
-114.978 53.028
643.608 -358.42
-290.202 566.97
-127.992 146.907
0.987 111.197
-396.087 632.754
-49.496 2.258
-311.371 529.381
-76.086 10.368
14.059 168.543
-592.054 -411.632
-514.776 -566.582
145.865 46.14
-604.189 -677.303
790.923 -186.78
13.621 -5.232
-411.836 -488.706
572.782 429.939
191.799 -36.318
669.097 -327.512
-467.832 -446.867
-346.438 661.38
53.158 143.437
-353.625 -473.383
-548.157 -546.283
-599.431 -445.311
-23.454 -109.932
-407.405 525.681
494.994 469.224
67.685 -54.175
-399.724 556.651
-301.45 619.071
40.961 -14.994
-634.58 -332.932
649.077 -319.033
650.687 -396.061
17.34 22.023
-483.083 -559.108
-416.786 -494.382
482.387 426.085
473.937 422.362
707.073 -268.574
-479.229 -410.386
616.363 640.639
-363.252 -576.632
-542.028 -399.128
-453.536 -490.075
-467.578 -342.079
-150.403 95.437
-529.931 -643.222
735.729 -189.612
711.715 -174.487
-22.955 57.554
-542.527 583.449
-499.162 -464.754
26.273 -15.444
460.995 559.878
-451.239 -430.102
-577.206 -414.148
-586.524 -526.571
-338.239 552.85
431.558 552.917
-408.463 588.068
-126.629 -126.611
426.129 511.918
-227.473 719.006
794.192 -320.414
-315.707 -568.858
-381.448 471.456
-384.305 601.765
-463.84 668.254
-446.074 787.92
534.382 489.338
27.047 -28.295
-374.437 476.744
782.022 -356.765
68.621 131.284
-327.018 589.244
-89.228 74.025
93.574 3.328
676.652 -245.466
-472.417 -625.45
-346.869 592.61
1.892 -180.872
-423.38 730.256
109.219 47.912
-50.472 -98.804
473.6 545.329
603.881 405.86
-537.002 -560.789
-69.605 -51.522
92.562 159.497
-36.317 -40.204
-544.207 322.896
-534.48 -456.362
26.269 77.577
605.031 469.893
622.367 506.089
-434.363 602.104
390.995 553.543
455.101 -250.436
-145.966 32.69
504.103 567.85
-443.571 -510.22
-410.789 572.571
-519.519 -595.972
-677.113 -375.24
-614.387 -432.619
-348.495 638.659
-464.524 517.618
576.206 594.709
535.136 613.456
547.173 412.134
-63.465 -91.682
594.001 -371.349
-494.058 -442.922
-529.977 -488.973
-101.704 163.178
-441.872 592.674
565.051 554.39
-557.839 -473.077
-372.318 646.337
-447.512 -492.344
602.368 481.374
99.321 -36.02
737.607 -313.738
-560.621 -443.877
514.685 577.802
-515.009 -325.287
500.202 494.892
-357.532 -440.943
-93.047 17.207
62.071 -20.913
658.852 -173.748
-11.323 14.745
659.362 372.736
-676.568 -385.843
-574.238 -445.807
738.395 -415.546
-436.81 -479.182
66.32 -68.275
-301.123 454.718
-520.48 -530.012
420.35 455.461
391.653 456.9
-470.19 -380.032
28.602 -0.348
55.097 -6.498
-437.227 661.464
-448.443 508.666
-481.926 -486.98
437.764 452.191
-484.818 -590.897
234.36 79.835
475.094 541.707
519.619 329.246
-384.9 562.4
-336.674 634.276
396.448 456.891
-430.495 621.019
-488.624 -467.629
406.322 450.629
588.341 -293.649
-379.304 583.569
-546.323 -372.752
-620.161 -592.49
78.518 47.525
15.374 69.257
-573.567 -482.987
804.332 -348.694
-455.116 -475.557
0.361 -25.846
-408.269 671.741
-31.109 -19.115
-81.13 9.226
-11.922 -67.851
-11.164 -37.453
638.954 -219.133
-422.102 -551.525
-293.019 647.941
-237.2 592.635
476.502 475.094
-469.704 451.75
-482.661 -469.946
-317.577 -546.725
-504.354 533.415
-412.715 -333.809
-434.689 -463.427
-25.546 57.211
88.732 -64.098
-362.287 630.515
76.988 -170.065
-9.018 159.121
577.995 390.47
175.291 -166.666
695.892 -361.842
-83.241 46.834
533.532 429.562
-389.015 -608.8
744.599 427.615
601.827 -333.821
-492.202 -459.053
317.319 483.869
-396.636 719.846
-444.389 470.137
654.549 -226.564
-449.633 -250.858
389.471 530.965
-506.869 -502.045
-431.346 495.9
151.29 -118.589
-417.783 616.601
538.226 532.979
-126.719 121.307
-37.228 82.92
606.908 -197.491
-406.201 463.286
799.221 -232.106
517.297 358.886
-12.009 9.934
-474.416 500.363
-471.408 -545.396
-279.851 521.668
552.11 638.331
-16.453 107.546
-346.007 686.491
14.801 58.162
-436.128 -354.712
-335.44 611.747
664.469 -301.004
507.438 494.642
-395.574 679.088
-529.679 776.4
-433.743 703.502
40.213 37.387
-502.735 390.057
16.654 -89.676
547.351 524.837
-53.594 -131.347
328.307 568.263
777.667 -433.495
425.869 531.776
-537.162 -576.211
782.208 -390.395
-583.283 -449.613
457.037 561.257
-543.392 -547.939
456.455 560.261
67.914 63.535
241.834 414.526
-489.095 -414.933
514.751 559.148
-103.892 3.664
478.69 388.835
-351.158 659.958
10.04 121.593
-27.102 -87.668
443.13 443.939
34.196 -83.008
-534.053 -508.915
-74.717 159.127
-605.845 -534.159
684.722 -248.533
-446.342 612.729
108.217 9.148
-500.343 -368.608
42.663 -41.988
819.643 -182.507
-718.212 -424.594
531.821 559.824
-376.587 620.254
661.234 -439.796
511.604 -213.511
-478.456 567.8
-454.862 675.564
476.029 585.728
-149.382 61.267
-391.903 651.217
756.923 -284.498
751.794 -412.95
-318.981 581.737
-402.73 538.657
50.966 44.839
-451.87 544.077
-591.891 -502.162
-322.38 555.016
-141.494 72.87
391.907 520.688
643.047 420.657
704.362 -374.985
60.207 -50.096
647.243 530.474
908.95 -247.388
-444.936 -562.556
-62.254 54.029
-536.565 -525.689
633.285 -150.683
694.193 -240.246
757.486 -292.994
-377.687 575.49
137.207 63.98
-437.122 594.56
-593.294 -533.502
-271.491 640.116
520.189 398.01
718.226 -232.5
24.583 -93.703
-392.028 -419.07
7.522 116.22
-321.996 700.699
490.908 487.586
-474.791 643.033
737.263 -391.247
-420.484 566.698
553.023 559.74
-453.526 660.211
517.934 366.612
-477.265 556.358
-313.405 -385.149
-15.369 65.869
-148.917 -78.696
30.139 -159.585
-438.077 -502.138
716.415 -283.884
-69.958 -62.009
-480.984 -458.315
776.579 -110.352
-454.082 605.926
-467.084 531.519
-484.902 466.27
759.508 -317.901
822.875 -260.985
670.386 -209.287
-392.256 589.491
639.719 535.275
-403.164 701.537
619.976 -522.694
405.649 363.399
-469.84 560.172
-398.221 499.971
710.624 -289.588
-262.391 529.401
400.818 371.835
788.711 -340.165
-110.646 40.821
-63.037 -79.647
-493.745 -380.72
442.674 561.104
520.006 -341.957
756.123 -238.96
-441.837 626.531
-447.219 634.302
-269.83 641.485
-447.743 633.374
-455.139 651.162
4.353 39.603
483.85 578.995
-357.607 682.543
718.775 -466.001
591.532 -313.573
1.62 45.131
47.09 0.016
-55.799 84.723
390.713 416.75
-257.735 575.413
735.958 -461.708
-357.107 519.591
-514.023 -400.805
-102.218 9.373
45.375 -31.673
-455.964 557.253
715.644 -458.882
31.908 51.015
21.731 22.393
540.144 412.851
-59.152 -70.725
636.715 -319.955
-329.419 458.323
-25.479 -5.916
653.984 -295.018
-493.662 -531.431
-426.987 -337.328
676.046 -319.786
-323.363 542.645
10.081 -102.886
-367.343 486.416
526.689 -373.666
-557.047 455.08
-470.002 -419.634
-605.24 -465.788
745.356 -231.87
47.305 -63.456
74.079 -41.184
794.491 -214.065
521.338 475.765
746.845 510.679
-548.468 530.885
791.127 -350.511
661.243 -298.995
477.331 391.769
-379.859 524.528
108.191 -125.641
-504.927 -497.8
-430.061 536.883
723.524 -289.738
598.352 -274.262
765.283 -206.055
-464.631 707.798
-146.326 -22.013
591.784 580.698
-380.497 -439.412
437.593 407.196
558.106 493.294
2.528 -20.77
-25.893 94.941
-74.717 -35.131
685.139 -271.752
156.307 3.221
622.818 -382.946
22.762 53.185
-566.105 -586.19
547.608 416.158
694.323 -326.58
-532.183 -465.265
583.853 450.186
650.429 -383.17
-471.438 -380.058
406.089 569.832
952.216 -435.498
819.291 -394.532
114.004 -19.668
-282.54 469.565
-501.62 526.769
27.529 110.547
-409.782 -477.065
-471.619 -520.587
-532.561 608.136
-78.361 -3.122
32.013 33.907
-424.495 545.928
-343.085 660.669
20.428 56.238
750.721 -308.806
769.845 -246.485
417.486 506.835
-61.892 120.683
758.192 -261.912
-33.384 -30.087
385.605 622.744
3.615 91.17
-426.736 -428.342
696.257 -254.397
581.049 534.07
-460.903 559.734
560.758 580.024
672.255 -362.869
-509.68 -470.499
748.728 -159.38
-288.929 708.735
728.806 -221.613
-108.842 -11.893
-539.485 -673.173
-308.49 -454.378
-429.583 537.183
-367.052 -524.589
-311.172 649.719
486.705 510.231
508.145 -258.211
685.006 -264.043
64.763 28.742
603.335 -487.515
706.976 -286.723
-614.106 -492.879
-420.882 585.545
-23.687 48.608
113.927 71.472
465.183 375.52
-23.9 106.736
631.927 -170.059
534.657 592.81
593.485 -348.176
-385.784 754.123
-428.603 -530.779
-583.06 -496.094
-338.251 635.739
-468.17 571.763
-448.751 -709.046
-429.774 669.262
-471.891 -322.536
-432.095 540.675
471.565 551.069
505.163 392.497
-410.92 634.132
330.338 424.795
658.605 -329.586
-391.577 692.165
-421.223 -662.816
-380.903 450.3
556.326 544.543
-499.434 631.211
-14.507 15.923
-384.537 530.525
728.44 -387.047
-379.694 529.671
10.172 27.252
-25.973 -19.082
-96.775 -25.487
746.328 -271.23
770.231 -394.332
523.61 505.516
628.437 362.935
77.329 -145.576
-411.012 -523.235
640.965 642.613
-401.614 643.032
-512.497 -511.877
4.543 28.033
784.52 -238.424
-112.366 -71.377
795.906 -250.71
-491.961 400.535
-458.677 626.253
752.021 -304.59
596.216 -120.985
-468.995 572.494
95.99 -70.118
-332.655 568.659
577.954 616.376
-554.51 675.159
-436.752 -360.247
-252.902 574.858
-278.348 599.778
487.873 545.857
-309.944 556.161
769.517 -221.034
641.927 279.136
633.42 450.769
517.453 499.732
-176.455 82.523
-222.889 61.825
836.87 -306.475
-611.035 -565.842
-497.8 -343.914
-424.981 -322.674
-503.048 -392.213
689.07 -248.409
-626.442 -385.992
79.013 70.554
528.995 453.151
685.282 -361.084
-338.19 519.247
-339.526 526.168
-535.466 -561.734
-272.637 579.351
-382.703 -408.883
-402.075 712.655
578.718 -390.649
552.008 390.967
34.882 111.448
716.818 -331.95
697.311 541.503
54.808 -12.716
696.049 -201.856
-270.052 749.592
640.562 -323.673
-385.028 505.271
-135.779 -100.168
515.163 515.68
-303.284 698.918
-87.386 80.908
563.475 353.007
93.6 87.14
108.69 -50.033
-437.194 604.975
689.229 -177.532
-16.164 35.746
-54.977 -148.687
525.217 -309.224
760.702 -445.301
-332.827 -542.505
687.087 -278.944
-458.689 -375.661
-455.048 -359.958
-249.578 599.968
759.751 -377.825
-622.701 -476.891
-573.636 -674.619
-599.783 -461.411
-65.427 58.522
-301.335 587.11
-399.825 659.738
-482.063 -539.673
467.112 583.794
790.752 -334.928
-544.139 -524.752
-454.858 671.993
613.332 -150.676
-474.752 -568.647
733.825 -453.324
-23.243 12.667
359.361 521.066
-438.513 -546.066
-507.742 -524.212
738.844 -232.466
-668.395 -614.709
440.53 447.495
508.08 404.525
-474.769 -412.58
-395.022 612.907
58.493 -6.306
-445.302 559.621
-283.699 -402.032
693.66 -285.846
253.17 589.375
-427.881 -404.112
-502.515 664.379
574.081 618.966
-562.786 -570.278
584.774 476.376
-300.197 596.609
719.84 -272.39
405.5 528.464
-30.179 15.827
510.582 463.938
765.919 -341.502
-292.066 618.847
75.524 30.905
82.925 113.065
72.495 -34.941
484.665 528.035
-39.372 -182.331
-357.877 497.986
-11.691 -104.755
94.194 8.393
139.06 -117.881
702.183 -311.991
-72.446 4.233
-469.605 -636.503
28.16 -146.832
416.554 460.519
12.028 -18.67
-373.576 791.768
-470.851 389.984
-405.578 -479.795
-43.684 -21.615
546.873 657.751
-525.984 579.089
-511.676 -469.276
632.175 -289.239
516.19 512.183
447.919 486.425
-39.823 -185.301
-521.472 -533.97
-275.456 700.281
-144.17 -35.296
451.524 630.782
725.951 -268.307
7.274 -59.54
-595.712 677.733
-40.956 100.22
-35.888 33.377
64.532 25.838
588.154 613.581
701.215 -298.66
-603.634 -520.07
-441.479 -430.614
416.955 564.587
-602.722 -493.967
690.186 -303.413
92.07 37.526
-461.57 524.456
-548.364 -544.677
-478.521 666.766
553.789 486.813
-413.267 565.515
522.079 514.637
448.592 499.614
712.853 -247.182
-446.323 626.962
-557.309 -593.964
-473.552 -454.026
465.651 366.09
657.348 -389.216
571.106 409.93
-364.95 601.202
603.534 520.571
-452.834 -479.663
626.668 383.027
-491.527 639.246
-356.97 -375.902
601.941 -275.509
27.892 -41.74
713.912 -331.78
-326.607 602.549
817.132 -296.911
558.635 582.082
-560.034 611.593
18.942 -61.16
29.03 65.256
-417.891 622.604
-522.238 614.304
572.199 520.558
456.96 558.367
451.576 477.427
-463.463 647.813
630.575 -430.098
-365.782 533.566
-455.178 476.671
-441.394 -628.095
569.402 -397.977
634.135 -477.893
-6.484 -112.587
527.108 534.594
635.001 507.555
551.511 567.731
540.99 500.73
40.976 68.054
555.769 594.303
659.68 -389.164
-200.86 562.344
749.774 -340.472
-362.721 696.127
-355.906 -552.531
695.413 -497.439
-95.056 -34.558
-501.005 -660.002
-520.981 -618.272
502.735 515.731
103.079 -77.97
-518.494 -428.354
-322.418 573.559
-450.692 -424.517
681.486 -280.945
-37.633 61.448
-70.491 221.867
27.705 2.04
93.634 49.417
-20.009 -5.621
-557.423 -262.839
650.365 -376.437
-333.568 715.019
-446.195 620.983
-608.048 -432.258
608.051 578.091
654.99 -275.737
-257.85 -472.604
-442.902 -532.361
-541.66 525.87
680.719 -283.681
-440.277 598.671
694.729 465.127
573.964 533.685
373.572 354.927
79.05 8.059
669.739 -334.152
-101.286 10.52
-43.335 37.643
-500.869 -436.756
573.569 555.022
-304.51 620.17
55.822 -107.906
574.851 517.072
740.887 -236.3
-413.831 537.97
489.064 578.44
598.729 558.682
511.201 493.039
539.381 639.112
573.106 540.103
-400.397 -625.342
-312.577 -436.301
505.186 319.848
-386.731 607.19
-450.463 665.306
-63.455 -37.863
388.862 540.582
-377.707 537.212
-667.736 -575.174
-357.652 721.972
573.95 385.851
-551.471 620.373
422.183 271.696
-371.905 494.846
-343.541 541.71
-355.732 -482.612
-624.76 -589.305
-432.521 -594.011
-351.513 580.913
-517.444 -452.349
47.669 41.299
442.345 519.401
529.486 418.6
-587.241 -545.049
680.862 -428.627
-389.148 577.579
534.344 514.395
-465.031 725.329
-427.14 667.246
823.741 -281.486
-535.18 -581.032
-515.352 399.635
-447.655 557.864
-433.44 -618.293
11.918 63.459
-427.937 -436.477
832.441 -244.817
651.104 -330.448
-76.917 -36.432
-415.46 -578.653
29.046 64.517
-54.765 -123.31
-366.773 442.996
-558.731 -453.517
-452.833 531.875
-442.081 710.504
37.823 49.018
-591.051 -448.601
532.56 459.573
479.666 550.93
-546.3 -531.452
693.638 -174.162
747.548 -277.226
-500.285 -407.53
-39.126 -1.811
40.13 86.138
668.223 -302.695
-550.613 -493.159
-531.288 -453.068
436.619 458.303
-127.179 -64.103
-491.609 -517.526
501.867 436.289
862.151 -274.273
454.924 490.18
-346.26 709.644
-384.854 773.816
-300.696 640.623
406.419 537.097
156.09 140.44
-463.465 580.603
-504.331 -426.251
-500.193 -589.42
563.469 549.686
-567.024 -532.723
-346.237 607.499
82.987 43.794
435.48 568.656
697.703 -170.789
-511.428 -585.037
773.199 -285.331
60.158 -23.039
107.202 -80.781
469.249 347.972
678.654 555.71
-373.922 554.188
-441.903 -434.166
706.255 -340.281
766.906 -255.372
444.759 413.255
-475.541 -555.431
613.651 -292.344
661.311 -381.766
687.632 -253.73
664.33 -189.192
-500.725 -428.982
-119.719 56.271
754.908 -301.884
-381.59 631.379
495.816 486.601
-356.381 707.641
50.65 -67.101
-358.051 711.413
738.751 -429.665
-362.557 643.056
-287.327 511.416
718.189 -386.715
603.393 -378.955
-585.45 -506.225
596.878 -317.266
-367.917 493.744
-513.643 533.587
-22.338 53.681
624.098 -294.772
91.398 -29.245
-463.974 641.171
709.746 -318.066
3.925 44.055
5.279 -62.065
115.823 120.317
5.045 15.691
462.972 593.711
-340.84 -439.016
394.952 372.341
-323.781 475.656
-601.522 -587.39
720.075 -310.362
-437.803 -508.575
24.087 -36.006
-706.205 -409.414
151.59 117.83
-52.342 155.17
79.591 -26.603
-535.392 -466.108
-483.203 -579.345
20.098 -15.607
-318.412 601.901
637.105 -212.245
125.114 -31.295
69.472 -115.505
674.933 -330.609
-439.062 722.344
766.016 -219.947
10.771 -4.645
-483.793 -568.819
454.983 425.615
755.103 -336.536
653.857 -383.366
619.725 -257.663
32.765 -114.385
378.397 525.924
-6.623 -111.795
830.189 -390.333
88.109 -133.355
-519.851 -524.161
8.622 25.258
-326.69 678.978
-525.437 -362.192
640.069 -328.363
743.449 -425.373
558.114 -473.594
4.983 -89.339
-259.772 579.078
-594.647 -405.968
40.407 -3.091
103.95 47.59
489.896 587.716
-35.739 6.991
-479.207 -509.73
451.578 592.228
615.562 518.507
-332.86 539.606
621.518 -232.646
-357.389 728.759
542.545 347.938
432.667 455.01
-520.451 -507.682
-550.107 -485.677
35.758 100.667
694.17 -181.72
-597.863 -380.58
67.233 -99.466
483.819 464.661
-344.756 557.327
-434.35 -552.133
-427.813 683.828
-3.377 -10.069
-532.455 513.858
591.138 515.124
781.964 -260.441
581.452 436.216
639.265 436.919
760.984 -299.519
-396.599 591.162
397.208 460.874
651.987 541.277
-314.775 670.836
-24.075 -59.329
546.478 564.843
404.767 500.068
586.558 503.158
-389.202 614.754
746.18 -287.61
77.592 -29.695
707.664 -306.136
83.696 67.202
669.789 -235.524
759.738 -345.685
-434.833 591.005
716.849 -306.303
469.582 470.154
-453.923 554.075
599.006 -294.195
461.126 437.165
-449.639 596.985
-467.663 619.042
-479.385 507.37
-479.239 -533.446
-597.81 -550.014
592.408 522.258
33.434 -140.752
528.521 482.649
409.7 409.964
-549.225 -483.16
734.527 -382.441
485.628 497.714
448.826 496.729
-273.162 547.323
699.862 -323.108
-50.23 32.726
803.16 -291.085
508.025 519.157
-11.377 -87.332
35.666 62.031
652.782 617.939
-331.616 -325.246
487.226 438.333
-33.753 194.828
-445.979 -526.261
-388.435 675.97
-419.914 657.788
491.428 307.595
-18.214 -68.278
-527.477 -462.895
714.086 -352.887
-66.817 108.232
-231.9 682.016
-489.874 -556.693
-75.736 -92.181
740.411 -283.058
-542.671 497.272
9.081 10.369
663.242 -259.712
565.199 550.649
-516.627 -474.765
-381.937 564.076
-505.85 -575.273
630.379 -181.443
565.114 625.148
455.932 646.304
554.208 500.387
61.583 -54.89
-474.487 596.338
-117.315 1.718
80.164 96.011
471.607 550.798
37.955 29.548
-478.406 -391.137
423.242 525.29
-543.317 571.4
702.027 -232.485
21.206 -15.777
753.548 -333.273
-528.814 -503.996
-560.631 -444.014
-514.181 631.515
-268.707 699.313
459.977 699.394
678.872 491.067
15.161 -2.41
-469.792 -552.022
-20.028 28.042
-479.236 633.531
502.371 399.302
-309.957 559.309
514.269 494.205
-571.582 -485.787
440.941 418.485
674.575 -158.171
-102.776 -54.985
-547.817 -453.166
-554.747 -373.14
627.981 477.951
-383.091 -429.384
570.219 625.707
421.029 604.022
-398.849 667.023
-712.762 -471.226
761.621 -273.328
-422.399 584.867
-67.871 1.586
-462.566 -420.295
-543.028 709.848
-573.664 553.964
40.406 -62.729
-394.098 -492.366
754.85 -320.643
-387.812 533.439
103.854 -61.429
-359.083 656.596
-204.556 602.514
-430.872 -407.196
67.014 -25.916
-316.135 509.8
-273.098 612.562
555.02 562.71
-88.374 72.655
-65.608 -5.145
-540.957 -424.484
540.52 576.799
603.159 -310.746
632.979 -379.991
-49.931 -69.768
668.401 -201.695
763.686 -353.979
-464.511 634.087
490.863 463.039
-381.355 -363.867
20.383 176.045
663.364 -403.076
-369.104 529.662
-146.53 72.397
-541.823 -393.625
391.672 616.111
-97.112 35.503
709.602 -315.307
84.829 -28.691
94.741 4.637
459.24 573.051
-32.966 -56.458
753.533 -362.872
-23.898 -11.09
639.146 -303.322
656.757 -225.994
756.879 -370.389
693.726 -192.599
552.766 345.25
503.144 436.872
-466.853 678.57
60.273 14.441
-521.198 -585.148
-544.348 -585.243
-474.757 618.508
-133.767 84.519
553.812 -315.166
328.622 422.34
-341.129 -521.228
-524.481 544.645
-376.234 578.072
534.536 465.578
75.37 -23.795
-432.036 596.977
-57.186 -49.92
-404.696 -429.306
758.407 -272.555
688.221 -200.575
-351.256 647.748
-356.234 -487.119
588.418 -152.159
-44.71 -78.16
-397.522 538.513
-10.606 -142.951
-67.191 -89.516
419.904 373.329
416.902 410.451
-515.009 478.476
-532.857 -562.658
-322.581 535.821
834.414 -326.398
147.378 -5.706
544.075 405.188
-559.793 -471.826
590.144 -311.083
554.816 429.651
746.921 -306.266
61.178 182.086
-46.433 64.379
609.281 -274.934
-368.054 -478.081
-387.39 -486.37
-114.112 29.23
-489.419 552.335
-411.933 663.783
-14.841 10.051
-150.851 15.159
-450.517 -450.438
-487.572 637.485
-460.731 590.14
-444.142 629.797
677.996 -301.693
634.699 -203.353
-466.351 -607.373
-472.826 -488.647
-603.661 615.415
-84.185 -46.269
137.531 -17.955
94.342 -6.666
366.438 502.837
587.124 564.982
550.205 -335.754
-372.427 662.83
604.87 464.429
-517.595 -552.259
-445.204 725.482
755.156 -244.546
787.836 -435.22
-456.534 614.93
473.334 400.458
758.485 -375.215
889.078 -270.832
-448.881 622.143
689.629 -330.461
-466.867 -596.572
758.599 -446.335
-170.966 115.817
488.78 604.578
-193.285 505.565
712.6 -144.765
-17.509 -16.497
1.688 137.339
635.028 -213.71
754.969 -374.443
882.478 -434.294
-105.155 136.134
-269.829 -427.114
673.622 459.59
-104.053 101.253
409.444 555.242
702.037 -214.36
-469.113 -418.042
731.483 -249.398
-520.909 -489.103
-352.66 689.184
495.985 605.091
-608.771 -521.866
425.374 677.791
651.571 -165.175
364.015 560.239
619.136 -168.86
-15.304 160.19
-502.273 -586.976
-515.454 -437.895
56.787 -144.244
-35.261 -125.122
-310.859 528.647
-461.386 -441.547
-497.473 -542.706
722.435 -276.358
-293.621 684.776
613.036 527.162
819.775 -215.092
-520.997 402.638
-495.982 -543.166
444.019 529.89
-467.027 -485.786
-318.528 480.287
-343.626 560.111
406.451 535.685
86.21 -58.39
-407.484 590.816
-246.092 531.695
-117.716 117.651
5.065 6.879
436.721 440.249
-55.939 72.3
-467.667 -328.874
562.218 444.376
-4.644 -48.986
-315.952 786.853
164.95 48.42
-11.521 53.611
-360.443 615.315
655.883 -226.222
397.011 452.982
488.207 485.391
-515.827 605.8
549.221 495.001
-492.581 -520.617
-514.627 -696.565
-379.884 -499.64
710.666 -294.499
661.844 -297.648
607.669 -176.935
-61.573 5.584
-112.977 163.197
-528.22 -584.331
-350.38 709.783
-517.072 -617.629
-50.651 11.603
-51.033 -91.289
-102.976 133.156
-469.512 590.309
558.518 548.453
-529.539 -362.237
-450.712 -452.971
-514.46 722.261
622.548 -362.806
-359.487 530.39
729.624 -267.481
465.595 532.249
516.866 521.991
-339.849 535.939
-408.204 693.159
739.703 -226.965
-23.365 31.539
10.331 -23.621
-468.447 -382.421
-10.324 58.244
527.597 -304.824
-384.148 657.605
-428.633 -491.039
575.509 627.888
675.54 -481.177
-284.86 639.976
-427.299 -509.624
-443.209 577.719
612.527 -333.647
-365.39 622.998
597.23 545.625
-405.0 -414.584
613.292 -284.183
440.545 560.178
466.384 491.684
500.35 454.601
126.042 -28.303
-602.8 -473.906
-16.941 -34.189
639.198 598.677
685.311 -345.894
135.294 -54.62
-555.171 -427.468
-529.708 541.183
-524.357 -625.58
-36.601 69.374
-453.273 523.059
42.261 -38.664
-435.362 670.611
-436.092 553.023
-485.698 -555.053
-141.427 174.754
610.286 -244.436
-343.875 714.614
-515.733 -667.092
-423.344 -401.506
-375.322 522.165
529.189 550.146
-541.416 573.532
535.333 512.184
-473.259 -505.609
425.516 520.405
-515.812 -692.365
-522.514 553.094
73.846 23.479
-557.917 651.629
658.174 -295.356
-396.45 644.063
-308.872 630.412
523.329 489.695
92.477 -134.287
-288.004 540.734
-432.435 -399.274
-454.052 645.887
585.135 -214.513
521.047 568.721
455.239 465.056
694.267 -193.268
493.127 419.358
454.212 465.723
-557.698 -577.11
-539.281 -471.091
-572.894 -543.813
533.252 630.282
-16.657 106.393
-348.269 628.418
427.153 563.252
545.021 -134.147
462.865 501.717
-390.971 -511.004
101.914 -5.35
390.31 442.825
-462.376 -522.949
644.914 -287.985
-479.641 597.211
-447.286 -501.656
755.99 -172.903
-503.47 682.121
42.994 -10.744
86.453 -37.117
699.732 -292.815
856.616 -376.111
-362.916 726.543
-671.183 -503.531
-538.441 -524.013
817.044 -416.267
685.293 -261.435
600.754 453.893
-460.968 530.287
-39.979 36.681
-412.166 -495.489
-403.073 -599.745
760.878 -345.741
72.502 21.634
541.886 -198.803
823.046 -397.657
542.509 523.875
-434.019 -458.326
26.662 150.395
48.21 -1.414
507.92 579.637
-53.976 22.77
754.094 -383.598
32.693 36.667
679.67 -274.815
-35.477 5.176
-48.987 38.745
-489.073 -355.829
431.534 480.03
-33.081 -22.881
-26.017 56.912
-481.032 630.861
-348.123 540.196
502.609 388.974
530.316 361.185
-420.11 685.517
-61.238 -66.073
-379.957 -609.472
-319.87 632.782
375.495 550.227
727.741 -274.594
521.022 -169.903
-400.14 614.462
-450.893 546.102
-414.528 -411.172
757.347 -298.911
611.135 508.277
670.544 555.534
732.061 -380.063
-315.101 618.023
541.053 389.614
-607.286 -380.164
344.672 524.07
469.393 566.266
755.151 -388.917
-360.262 565.725
-408.013 742.316
725.248 -124.174
480.261 515.011
452.797 432.153
791.739 -325.953
-345.21 607.248
708.361 -375.402
513.497 626.14
190.938 -47.497
-99.414 -34.488
-410.991 -501.782
-490.109 -399.55
79.179 2.13
-471.243 -475.832
-3.548 -14.608
-569.798 -522.129
648.366 -405.884
741.479 -214.447
-331.996 564.95
-544.478 -575.646
650.278 -477.684
-442.576 641.737
-44.478 -23.143
586.732 -262.735
-346.533 622.671
-520.467 -518.63
658.448 -180.149
596.306 -320.769
692.559 -472.931
602.019 -345.106
-498.251 477.16
48.512 -86.178
468.759 383.823
416.759 546.067
10.835 -93.287
-433.723 -617.545
80.93 -98.21
729.189 -346.006
-393.336 -551.181
697.967 -191.139
-43.898 71.342
652.245 -154.751
-489.307 606.5
762.806 -392.841
695.89 -283.154
-399.23 597.581
401.663 346.394
426.58 442.682
2.24 -6.556
524.961 -408.85
35.896 84.886
-411.749 643.618
-5.42 5.952
-338.835 476.421
82.191 -93.248
800.955 -349.697
10.481 -54.656
-337.771 539.811
-408.28 -480.649
413.672 567.82
-57.121 -121.236
682.787 -301.313
722.894 -302.032
-329.089 721.314
405.446 473.929
-440.544 -393.924
-547.514 -416.406
527.932 -290.439
437.235 586.075
-125.959 22.685
498.419 470.198
-474.222 -526.111
-368.693 580.779
739.309 -332.555
440.016 661.702
715.088 -199.933
634.149 -358.785
-402.49 -479.427
-20.381 61.703
674.569 -76.316
-319.25 -491.492
860.062 -339.981
-60.089 89.192
12.243 -18.653
-496.3 697.8
-560.175 565.579
-36.89 23.552
654.759 -228.37
452.091 528.026
-446.428 636.025
682.843 -243.986
-557.488 -634.584
531.88 497.663
-386.895 516.456
-525.83 599.775
362.479 421.059
408.488 653.116
103.098 -1.856
58.573 -57.073
-391.811 656.139
899.46 -146.294
485.55 -351.214
-59.965 -27.933
667.75 -326.883
718.279 -395.494
-431.851 -519.551
-450.439 -566.643
-480.629 523.974
-535.598 -603.23
-116.187 -19.23
-339.268 453.638
-396.252 705.688
-81.109 65.643
194.235 -107.148
496.353 478.541
98.979 17.778
62.062 13.374
369.467 514.25
-213.601 587.018
446.825 467.443
-388.94 687.128
-484.603 -546.392
-333.666 591.55
-478.705 626.381
42.47 79.468
-23.255 -13.567
-499.908 -569.553
-449.186 629.317
171.025 -68.375
-2.613 56.468
626.863 424.253
53.279 -7.712
-559.726 -489.866
841.316 -343.459
46.141 61.852
628.052 -371.174
790.413 -426.252
820.168 -322.85
498.844 539.847
-639.433 -476.595
488.706 545.739
-488.193 -418.983
599.269 543.709
370.426 403.062
580.109 -352.192
-465.502 655.195
-373.379 647.765
-352.69 565.732
929.782 -375.571
679.529 442.865
706.047 345.795
-551.382 -394.03
-319.099 625.516
533.988 453.168
12.815 6.201
548.703 427.606
-444.483 692.982
-340.016 -605.129
13.149 -70.901
31.549 156.52
684.612 -286.625
-238.657 452.379
362.982 669.009
67.025 -77.329
-476.898 690.203
288.438 524.795
-371.337 610.556
-395.449 519.448
-473.287 654.492
-478.6 -379.206
797.073 -247.476
-105.277 181.303
551.464 475.561
637.595 -368.012
-545.377 -441.156
-541.485 -416.787
-446.698 -339.593
12.118 -11.008
-291.637 629.031
730.72 -327.126
683.989 -183.94
418.709 447.346
-7.572 -125.478
558.52 -395.194
467.21 499.06
31.95 -5.48
-537.809 -306.991
414.864 488.129
-503.225 458.158
779.599 -396.943
-192.03 68.587
-404.216 -549.431
-438.699 -504.461
797.024 -420.392
467.364 531.614
-406.906 531.72
444.948 365.679
-483.21 -370.023
-371.841 567.19
-541.363 -396.008
-60.827 58.379
-572.846 -439.031
24.838 5.108
664.619 -258.038
471.877 341.718
455.089 473.136
76.384 12.344
-536.337 -503.683
22.66 0.837
-444.795 -438.912
600.615 -269.521
796.875 -398.22
-337.931 622.303
-49.031 14.366
704.351 -383.657
-432.831 -548.965
527.012 392.584
-200.977 87.329
687.15 -461.496
-514.075 -566.443
-382.574 621.766
456.986 454.944
698.173 -429.288
-328.016 625.178
502.898 353.273
-377.711 590.178
780.411 -213.799
608.671 388.479
969.365 -256.278
35.862 38.947
-498.312 529.376
-264.678 735.007
613.635 -375.048
-49.734 -63.62
-441.131 618.556
-551.084 -563.11
-512.325 -569.559
-593.741 -361.743
-742.345 -512.182
517.238 664.073
29.55 -102.841
-378.58 -588.435
-494.51 -465.166
-433.458 540.058
-507.494 -616.872
-568.06 -567.31
947.078 -249.414
631.119 564.103
517.822 531.195
-564.665 -529.979
-61.308 72.979
695.993 -409.002
-521.323 -499.719
-414.668 513.183
538.046 465.6
81.251 88.371
-356.055 567.421
-484.997 572.628
86.121 -17.655
-564.602 -528.157
-34.183 3.568
33.426 32.889
640.226 552.311
-572.82 -545.847
60.654 14.592
-382.653 707.867
692.651 -189.841
-29.827 8.361
-412.418 -450.056
-259.177 572.08
679.729 -264.106
-11.981 23.408
562.12 460.613
454.564 544.953
-421.882 618.257
-494.554 -586.499
-473.201 630.979
672.78 -186.288
627.541 477.58
-524.001 -574.341
-504.087 574.813
-579.604 -344.912
668.933 401.531
-510.599 -504.356
-585.315 -508.43
857.416 -286.798
-411.325 691.898
591.683 386.061
43.563 -55.04
523.288 401.854
710.854 -304.411
-460.218 587.644
518.28 414.194
422.041 342.014
-400.151 561.406
-516.992 578.231
-435.441 -538.533
-1.446 -64.02
13.094 16.152
-64.994 -152.025
-140.114 -126.606
-334.9 717.511
-353.84 698.028
-30.508 137.346
-59.414 -58.678
609.768 341.909
28.188 -57.05
751.247 -277.51
-564.125 -442.176
430.101 400.986
-675.495 -483.843
414.808 562.159
41.017 -32.821
615.865 546.726
-53.765 29.42
-53.671 160.083
82.444 61.914
653.925 -381.35
-397.757 572.96
494.424 565.356
-525.351 -468.534
521.941 378.692
686.939 -392.77
665.709 -347.745
-454.405 -653.978
680.662 451.606
425.705 601.309
791.402 -183.967
-541.533 525.188
-478.438 -461.328
591.36 -364.194
449.274 565.591
-20.909 36.818
-437.475 624.164
-11.825 -72.385
69.503 32.227
236.706 58.472
-340.475 580.503
462.759 423.552
-0.938 -61.313
444.095 548.358
-333.834 585.145
547.165 537.668
389.272 451.479
8.157 72.494
-372.118 -739.127
374.47 563.1
47.896 56.158
525.62 518.77
-521.934 -533.467
723.888 -296.089
107.039 22.014
-445.521 -481.471
720.406 -279.561
-322.016 -431.731
607.223 -252.621
-85.28 -17.15
591.34 -290.541
-525.613 -325.899
732.866 -387.606
-53.013 7.947
-489.516 588.719
68.299 27.053
-19.498 16.999
32.158 0.452
562.489 459.753
-274.627 578.458
814.978 -302.723
650.328 -435.927
546.819 398.085
-11.193 -4.297
-27.989 31.262
423.138 458.804
759.628 -231.605
514.186 535.723
-423.786 -470.292
706.012 -405.493
583.359 -311.068
614.184 -367.541
-26.604 78.59
435.362 376.25
-485.053 -474.809
-515.334 -430.462
43.887 42.542
724.786 -227.063
-404.624 597.094
-59.866 -49.99
632.516 -310.717
-465.176 574.011
-69.529 -52.833
-301.348 671.429
-478.027 510.742
-627.923 592.609
468.286 451.433
47.771 32.208
-461.27 690.473
-584.091 -474.35
82.099 214.048
-422.253 647.826
-533.983 512.458
730.062 -305.21
154.616 -30.839
-53.549 -53.756
-166.536 -4.774
-34.647 24.411
-639.637 -434.921
-304.985 -484.638
619.821 347.024
493.139 -347.761
-494.36 -419.188
955.38 -463.285
-504.371 -479.186
-84.223 76.579
-17.929 -24.723
662.56 -261.027
672.62 -210.621
-257.184 533.366
-520.373 -409.522
675.731 -293.138
-70.105 -86.349
384.867 621.08
-484.961 -424.612
-363.092 550.133
775.514 -274.027
88.816 76.753
-346.935 633.255
598.641 520.879
380.712 545.212
692.972 -243.485
-444.443 580.631
-440.528 -550.695
-31.598 -103.419
-351.032 442.485
-401.446 535.159
-476.59 692.025
-560.711 580.218
540.924 471.29
660.073 -320.751
-78.969 22.906
503.161 624.319
-335.154 664.488
-396.932 555.631
732.497 -199.897
-515.838 -524.995
665.623 -254.242
-366.999 -432.005
550.127 443.784
10.647 -20.452
528.166 -267.67
-357.681 768.137
-634.828 -379.421
-646.63 -457.918
-91.489 -133.808
465.203 598.459
649.317 -314.186
-421.459 650.152
-324.651 712.182
32.245 79.4
-363.431 720.558
-385.813 -516.554
-429.863 -489.255
-552.585 -536.147
16.329 41.594
-405.018 -541.897
486.684 522.105
-214.466 500.062
599.988 523.483
-408.293 -523.835
-51.482 15.226
773.519 -152.167
536.097 497.196
-78.998 42.975
-372.596 650.399
-185.196 -84.017
595.107 -302.348
533.05 493.248
759.839 -329.91
596.59 499.618
-359.906 546.471
-543.167 -478.821
519.569 501.669
-437.637 -472.482
515.219 566.247
665.978 -219.961
-421.181 -476.749
-455.632 -458.441
-307.527 569.226
539.445 454.621
-549.431 -561.044
-325.445 654.17
755.184 -328.889
-366.315 629.074
590.178 -281.142
945.024 -339.456
27.917 -17.747
-553.412 -526.288
-531.987 -311.644
-415.63 -476.909
774.099 -224.312
-468.673 -576.923
-319.678 571.907
465.059 445.868
24.068 -76.759
-481.187 -618.431
-36.205 -33.593
361.468 475.722
-511.406 -485.56
-517.989 -550.283
-622.272 -452.126
-568.491 621.987
-490.913 635.699
409.596 536.099
398.118 538.894
-420.513 -544.371
-115.545 82.049
-7.64 41.4
484.15 536.285
-230.489 564.817
-6.734 12.985
-41.778 5.978
-490.346 569.406
486.645 455.204
717.279 -266.586
-444.433 -418.501
-445.388 556.843
-31.882 37.173
-474.693 623.088
-502.707 603.431
774.461 -269.112
-487.834 -291.224
-437.642 582.536
-486.843 -558.819
-414.371 511.058
695.831 -302.713
-388.738 552.592
-260.841 652.655
70.588 21.732
-519.372 -489.438
-627.942 -459.481
-526.596 604.726
-453.806 608.216
-428.469 -510.439
501.072 434.444
-476.339 -517.115
772.438 -258.081
-31.012 105.862
-563.932 -439.04
470.087 438.764
-403.926 665.566
-370.299 656.387
666.835 -403.766
644.255 -184.553
757.112 -289.315
-87.94 -138.79
-286.362 544.573
-451.245 553.842
475.835 535.853
567.867 588.492
-439.251 -488.983
-581.086 -565.702
491.053 543.812
764.309 -354.115
592.548 536.607
589.786 -172.345
102.63 -3.452
542.011 474.738
-342.61 512.688
55.588 -37.9
-477.489 -378.572
719.696 -237.598
454.165 483.552
769.059 -450.424
720.141 -457.945
-565.243 -542.154
-5.216 8.282
-315.53 -529.994
-509.825 -409.505
774.974 -234.759
-34.407 167.867
389.615 551.034
-326.799 519.844
-479.871 674.213
674.871 -236.309
668.32 -153.922
793.87 -353.679
-450.704 -438.665
-375.597 590.0
-475.211 651.616
-0.592 44.714
622.364 -352.928
-511.674 -456.512
655.329 -310.437
738.517 -227.805
524.651 361.484
-387.393 -509.376
-604.108 -609.835
-452.446 666.141
169.478 -149.869
-345.217 599.534
450.462 596.327
652.191 480.882
659.468 -366.305
-443.131 -438.335
579.917 554.789
513.889 479.771
-281.159 569.93
740.51 -391.637
573.09 532.297
-318.771 455.803
-347.099 -455.065
732.764 -302.704
-510.787 -583.533
-465.007 -512.943
-550.047 -478.873
-441.308 598.439
416.217 554.812
25.094 -110.603
470.935 364.601
-547.07 -473.849
-426.533 586.662
676.184 -253.513
773.851 -263.305
170.068 -19.306
430.441 527.675
552.479 387.97
369.436 415.33
540.594 472.478
-527.175 472.363
515.068 587.843
477.255 540.1
-49.918 15.051
-15.668 -107.49
683.833 -160.001
-501.975 -575.671
-581.631 -526.414
-429.376 647.729
-86.681 -4.547
-533.516 -492.527
-50.166 -58.19
899.136 -465.38
-304.066 614.909
-532.556 -500.562
-572.47 -548.689
495.685 476.45
527.277 570.432
-368.429 -711.802
-370.233 533.227
621.393 -379.902
505.022 511.049
517.319 497.499
628.408 -279.37
749.269 -340.998
-367.174 491.772
135.547 -122.5
567.403 -312.145
-449.872 -460.484
-637.558 -463.032
565.823 -261.757
-451.117 -594.621
-471.699 -368.74
127.581 27.757
411.816 502.797
698.103 -259.591
-541.543 -557.623
-521.852 746.91
471.007 497.176
557.568 371.46
683.409 -346.26
537.316 689.067
-462.316 -659.929
-488.655 -350.162
512.756 -303.894
-462.587 451.976
567.245 441.064
606.295 354.292
-580.813 -381.369
-619.596 598.622
-379.035 -576.764
-414.315 693.26
-462.942 761.704
655.474 -357.433
-362.062 694.874
-43.187 74.609
441.865 350.613
-424.781 526.282
-585.04 551.911
-493.956 -483.161
-570.193 -499.035
393.471 565.704
221.198 -29.462
598.71 -250.316
-282.736 618.234
506.791 499.066
99.106 73.175
-435.127 -589.88
621.874 -319.882
66.208 -44.276
-483.085 -547.242
752.425 -317.625
755.694 -334.394
-484.225 -475.47
505.965 558.306
-94.853 -17.018
678.594 -304.583
129.179 -74.926
698.719 -373.166
9.071 -34.426
-278.936 568.944
-41.646 27.812
2.926 92.715
667.509 -202.069
642.148 -370.1
-530.006 579.472
724.032 -319.137
589.21 574.57
-679.891 -260.335
10.934 -91.501
-495.136 -476.825
22.086 0.452
-443.606 -626.757
601.279 -272.621
625.254 383.93
-413.719 704.809
-54.672 3.591
1.56 71.38
-293.087 523.233
-444.224 560.596
-10.282 11.265
-541.837 -474.851
733.908 -329.691
42.403 3.973
-17.392 -30.518
810.724 -242.315
-14.934 1.669
-451.837 697.027
-493.189 585.873
-496.67 -413.872
446.452 412.913
606.165 444.553
548.199 488.188
-288.288 443.992
674.388 -369.121
83.791 -88.529
759.915 -368.028
-335.827 637.273
-474.602 -599.792
819.972 -316.112
-87.416 1.739
-473.194 528.246
-11.511 46.096
572.593 541.121
716.867 -253.89
-417.408 -491.793
-397.197 468.613
-50.282 -17.962
679.698 -227.082
476.078 472.116
659.244 -333.856
-356.67 750.904
181.231 61.351
1.547 -95.794
477.779 487.39
696.881 -159.926
503.318 332.04
-361.015 -519.911
3.989 49.248
-445.851 -598.735
-416.746 554.665
-71.895 189.035
369.071 277.922
83.335 173.423
-297.716 479.671
683.009 -346.386
434.884 570.14
497.724 478.829
-352.707 516.851
699.796 -329.118
-573.814 -496.414
-385.888 638.777
-323.968 682.453
-11.566 -49.16
-437.321 -502.504
551.978 619.182
-365.056 -517.288
-413.593 527.132
635.205 -315.891
672.771 445.983
-483.786 -357.346
8.783 -37.6
-518.839 729.395
-246.046 474.936
-432.668 588.282
566.955 475.461
435.181 465.639
-389.334 630.184
772.061 -353.573
456.841 466.343
-334.307 495.792
412.077 381.893
-217.768 471.507
681.653 -333.624
710.547 -192.969
-369.946 -574.214
-531.897 677.296
-329.568 555.443
683.031 -229.452
123.921 -55.639
-75.131 -92.439
-554.739 -412.355
626.571 -288.354
-484.434 723.343
524.424 574.798
432.839 530.045
20.475 130.35
-400.13 647.654
-459.465 567.205
-512.492 -475.03
454.903 491.443
411.687 425.3
563.594 598.73
476.777 577.458
496.549 410.121
487.385 389.949
-363.335 467.31
661.316 -355.512
-430.057 -578.164
-434.043 649.889
-50.432 -8.884
702.315 -261.389
-393.55 580.5
-509.644 -406.603
651.397 -339.119
533.32 557.727
-520.804 -583.031
617.249 -244.231
-510.424 -630.609
569.469 385.266
725.699 -148.219
770.589 -304.684
-503.507 540.317
655.939 -280.1
-460.084 651.661
4.115 84.171
681.025 -451.553
411.537 460.642
-452.534 -469.632
-262.991 727.148
856.475 -236.679
-418.594 551.969
595.29 -441.516
654.849 -289.786
717.209 -192.674
-555.997 -422.008
663.528 476.529
-359.98 568.446
427.981 540.287
-611.038 -427.984
736.746 -179.72
738.637 -350.404
30.384 45.949
507.474 465.556
-609.469 -539.467
740.549 -222.97
-376.917 472.652
644.292 359.119
81.927 -11.306
752.781 -336.662
592.603 446.147
-47.791 -98.239
-479.096 607.949
-549.954 -406.693
-505.802 -461.142
565.276 413.139
-673.717 -517.284
-252.359 583.08
-496.511 -520.102
769.32 -407.633
393.327 472.372
443.832 498.914
85.573 14.788
604.66 -282.956
-403.445 607.057
450.163 399.126
-413.582 563.404
446.804 438.536
707.739 -215.761
-503.896 -610.691
529.77 370.555
56.581 4.875
347.487 524.836
803.058 -423.321
763.437 -244.853
-4.979 -72.732
-419.806 392.114
698.813 -290.068
654.272 -307.106
486.037 474.733
-420.811 711.773
486.479 683.965
556.76 450.275
603.029 -257.323
125.491 156.998
519.854 529.507
797.257 -368.524
-8.349 -42.062
-539.232 648.497
505.426 655.893
397.237 390.796
512.307 538.391
-6.172 6.783
-13.561 87.48
562.042 -320.267
698.656 -393.001
761.738 -230.477
457.803 530.618
517.629 496.131
-518.517 -585.738
432.648 561.736
-71.024 -58.976
780.689 -335.983
515.051 520.43
538.834 352.978
-533.815 604.736
-524.127 -614.901
-408.295 -376.78
-133.59 60.095
-481.888 -586.107
429.161 542.042
-380.737 600.076
-449.875 427.67
-423.268 505.188
-530.871 515.777
-582.065 661.527
-556.717 -431.962
147.118 -163.372
-85.818 102.114
-475.263 565.131
-501.265 -390.892
-423.125 -397.897
-334.714 634.776
679.685 -386.327
-350.393 -534.427
-484.919 -653.93
44.584 -55.804
38.896 80.457
506.87 557.899
467.999 562.998
37.197 -92.854
762.327 -167.834
-489.061 611.553
28.799 114.935
-441.455 614.704
-685.761 -510.413
838.409 -155.971
455.052 485.698
-592.231 -468.689
810.807 -224.285
434.134 611.05
-345.185 618.345
-93.551 -47.839
-427.136 464.916
-429.48 556.482
-303.272 650.412
461.818 481.617
443.418 591.934
824.733 -305.257
-279.801 651.487
601.14 -341.578
-644.179 -582.948
24.274 -148.938
-78.228 13.361
-540.213 -544.09
440.802 456.848
-519.777 622.169
-413.919 -461.58
-414.565 -651.75
-289.92 -548.126
686.993 -304.79
1.857 16.795
-458.464 494.374
553.948 571.975
-562.459 -328.904
-61.575 64.788
-563.476 -498.809
373.541 475.579
-546.21 678.019
-474.774 -487.87
-310.926 715.548
-396.885 644.64
538.599 462.54
738.853 -205.812
411.822 656.291
-93.038 -16.588
359.527 615.78
-484.05 603.824
-496.775 584.04
356.165 544.182
456.762 430.672
708.963 -315.726
423.914 564.154
570.549 373.737
812.47 -273.517
662.809 481.246
-511.075 -418.093
795.427 -283.124
-566.755 -578.613
74.535 -83.647
582.753 -232.848
-522.023 -470.677
-297.033 703.923
-492.054 -482.412
634.454 -184.178
-498.901 713.297
-566.398 -429.744
778.312 -355.749
-347.661 -479.162
-587.718 -444.728
-432.895 -562.255
743.408 -297.608
631.967 467.968
-527.926 -563.584
-36.794 101.912
701.739 -357.199
-65.968 57.14
82.234 30.783
63.729 16.709
-476.159 -573.059
-553.835 -621.406
-433.102 580.991
591.576 -284.796
740.172 -319.637
518.331 475.735
-458.993 651.275
524.515 635.271
12.857 147.054
741.356 -388.686
-489.025 699.433
499.848 485.01
-470.719 643.181
673.074 -388.689
-499.633 -476.724
-1.223 -49.452
433.411 523.654
-148.867 105.531
-386.191 686.356
-520.337 705.625
503.902 452.322
-482.376 -490.816
-479.612 -653.702
-419.368 571.799
-110.056 20.002
26.989 -43.452
485.133 566.141
-459.054 585.355
-355.396 393.893
574.716 522.134
487.694 612.294
-577.907 -463.867
498.532 530.997
643.363 -190.252
-9.248 24.456
-295.698 440.448
-86.403 -30.242
-659.936 -494.446
-415.763 647.912
-481.304 -625.919
54.191 -18.372
-490.676 -565.648
-86.744 46.683
-19.94 104.796
670.577 -306.066
728.007 -327.907
-463.26 545.292
476.153 561.917
-498.166 -603.062
39.599 -44.609
-443.946 -460.05
454.537 410.915
-401.403 552.847
6.745 16.695
-233.12 562.122
-361.781 638.461
-37.126 -53.822
736.361 -196.367
654.518 -355.275
547.211 629.212
-363.921 582.664
-413.784 -538.063
583.582 453.536
516.452 391.745
702.993 -432.743
532.097 537.987
70.864 47.617
-441.838 673.24
542.444 409.375
-663.339 -488.492
-543.096 -546.803
578.228 488.073
-16.736 -161.444
471.583 335.974
11.11 -21.244
516.594 606.102
552.155 606.611
668.626 429.589
507.184 459.952
-314.624 697.904
18.087 223.808
-47.626 -15.76
61.904 19.914
-84.256 9.472
-413.315 -492.834
504.821 576.416
627.498 -267.958
12.236 -28.204
556.537 452.854
715.606 -288.448
-512.287 -475.947
512.496 438.116
837.621 -307.718
657.27 -434.671
-370.376 -431.365
-418.184 756.439
-315.754 448.029
191.253 -15.936
421.881 618.441
-438.058 636.621
-420.601 -561.577
-462.247 -505.043
-439.222 591.56
781.524 -115.771
-36.528 140.896
-393.181 -500.22
-22.915 -204.398
435.362 443.208
-522.099 -602.4
460.724 328.704
-265.184 622.31
512.126 462.738
-489.662 -442.613
-324.309 640.151
681.427 -404.09
-487.218 -622.377
-387.789 482.041
738.953 -342.542
-518.165 591.074
448.318 471.402
-473.586 -522.274
-488.119 573.189
-67.898 62.367
-424.276 516.735
569.673 565.483
-43.077 94.231
550.742 488.122
727.371 -180.886
-61.631 101.249
472.467 494.121
-461.925 574.22
-448.641 578.133
-524.809 -346.259
510.001 487.343
-481.158 646.377
-409.666 -583.816
682.43 -282.275
-101.684 145.446
426.634 539.813
-457.843 -438.988
-429.53 681.043
-557.204 -600.078
-565.014 -434.121
547.917 445.748
33.337 -8.502
-88.835 163.715
-383.124 -389.757
-514.377 -515.868
-439.758 -573.804
459.57 510.799
597.449 450.618
-426.408 483.841
-59.66 118.263
-398.853 750.118
-307.783 781.179
-97.979 77.638
-325.429 546.426
93.194 -46.55
-81.586 -51.653
-429.883 -551.234
600.783 536.04
452.428 494.966
-419.303 -635.51
-4.166 24.202
-524.008 -408.266
503.921 366.09
104.357 36.088
-556.48 -572.845
-458.235 487.152
778.803 -414.987
113.613 -124.153
42.255 -2.864
25.64 13.58
-456.351 496.719
446.996 456.972
451.554 596.319
703.522 -281.478
-39.218 -22.095
-591.233 -547.43
37.5 -62.266
104.03 200.641
-353.657 717.792
-463.697 631.913
-497.087 -425.545
-103.583 19.829
-491.227 -470.687
-19.727 -85.306
575.801 614.005
-340.684 -597.207
-476.705 -419.592
662.702 558.037
676.565 -193.446
478.685 619.075
627.595 -189.57
422.584 375.906
680.741 -252.527
-397.683 606.571
-381.352 671.687
-570.366 -664.246
-451.618 531.196
458.505 593.549
-408.534 545.046
623.528 433.292
637.817 -229.373
-513.99 -506.946
31.396 40.334
563.261 459.412
408.828 338.06
737.643 -378.96
-400.719 542.934
-70.57 79.044
-583.006 -344.443
-521.309 558.043
43.352 -70.242
630.361 -256.353
-647.041 -457.102
-122.684 -27.615
-249.601 594.398
658.072 -245.536
-304.024 491.551
-18.011 -22.546
-590.927 -582.309
10.345 -14.495
-445.519 -465.06
-526.998 455.168
49.739 101.33
713.597 -173.215
0.589 31.36
626.986 -364.566
370.938 621.776
7.781 142.627
-424.121 638.876
158.723 8.354
-264.451 644.559
-404.073 577.803
54.075 -75.423
-75.243 100.101
537.548 -249.288
873.518 -304.262
-334.31 525.218
-35.659 32.509
-157.462 34.751
434.599 491.442
-134.396 -71.268
-307.494 532.021
100.772 -56.418
484.656 506.624
-364.436 -423.28
-638.985 -607.247
377.895 475.438
-384.406 462.789
430.435 516.876
612.234 460.561
-434.687 449.235
19.842 39.068
-326.676 548.522
-388.966 559.203
-525.009 439.374
675.823 -224.272
-414.718 -549.303
-35.335 -48.981
-526.547 -432.416
473.473 403.345
-337.135 630.802
682.765 -361.769
-430.162 660.484
666.713 -290.009
-512.757 613.009
710.387 -359.872
593.179 570.989
684.681 -326.654
-443.577 776.247
-42.6 -26.128
367.208 462.209
-276.76 567.007
752.643 -310.419
-407.737 850.992
-413.682 718.63
-148.649 -116.314
-427.305 548.17
-517.782 -566.599
654.57 -351.971
-315.845 574.153
-398.116 -617.564
-345.604 424.212
-455.096 -473.153
-420.532 -549.411
157.646 59.434
751.401 -191.722
-538.688 566.683
-21.697 -19.225
-382.213 -539.562
-479.95 -467.208
354.015 410.009
-418.272 609.767
461.472 476.949
-515.855 -510.363
-332.336 616.126
-525.672 -545.348
-623.897 -487.117
-96.233 83.443
-394.438 522.852
85.433 9.554
-459.903 393.444
575.802 547.119
545.013 -254.269
-312.027 -515.637
-358.496 648.959
522.615 -298.979
105.885 -113.181
-59.262 138.778
-630.642 -462.084
18.552 26.704
75.514 70.612
-427.018 550.137
-82.139 -188.184
401.377 511.412
707.726 -338.367
703.501 404.684
-527.017 664.367
-481.568 642.041
-300.269 580.32
37.48 43.962
611.442 -300.243
4.886 -75.047
640.944 -289.124
-540.566 583.928
-385.11 509.718
509.39 539.395
723.513 -330.211
-34.575 16.74
424.748 527.698
-276.192 -416.872
-540.635 -464.913
-512.464 -569.918
-386.097 564.91
668.12 -483.508
-508.597 -558.663
-378.889 554.492
-509.236 -475.106
378.393 437.263
-450.001 588.764
-32.123 -5.569
450.999 430.837
-323.072 697.765
682.223 -375.63
-532.103 -456.062
-364.63 610.707
-499.463 -482.384
546.126 -347.535
471.65 387.328
542.529 477.427
587.286 518.449
567.601 508.263
564.929 -350.354
725.702 -277.747
48.966 186.783
-187.568 683.731
-425.701 657.891
-499.357 554.617
18.297 19.284
379.471 616.95
115.643 -32.947
-566.687 -469.52
-388.301 623.735
311.873 421.192
48.639 129.249
-437.202 -524.215
66.654 -37.054
-373.506 -437.501
17.916 -66.083
495.859 522.318
-534.87 -437.71
-78.625 27.86
524.978 557.429
668.996 -306.061
390.202 494.71
40.791 6.934
40.946 -190.354
634.206 423.096
725.565 -243.747
744.176 -231.07
835.979 -207.69
763.441 -255.753
-585.702 -579.783
460.978 389.888
600.126 -218.059
-308.156 561.138
119.42 21.177
-74.842 14.003
-467.669 -594.725
408.296 508.716
649.652 -206.765
631.98 -346.267
-545.739 -656.564
-570.424 -563.799
-413.137 -408.087
37.399 90.827
-488.018 -579.809
-468.348 686.86
-440.88 529.047
98.551 -18.495
-414.925 451.075
-440.768 -643.064
-370.453 697.345
-95.808 122.08
796.173 -284.755
737.856 -305.946
-295.487 581.972
-395.484 715.006
-443.865 -583.332
482.238 600.14
665.89 -245.888
763.412 -256.016
-399.347 648.809
615.415 592.661
535.268 610.243
476.437 400.968
767.189 -289.348
-484.42 -418.314
-490.051 782.613
478.784 468.256
-608.647 -508.118
-445.893 -547.525
772.2 -250.991
633.082 -359.765
-371.292 702.422
516.482 472.265
106.403 -59.284
681.463 -213.081
587.229 -210.545
-78.607 -162.969
10.97 72.668
515.656 453.612
-368.995 705.397
622.392 -360.201
-397.666 693.958
820.66 -323.339
739.292 -238.856
-438.197 569.065
-455.559 -572.668
-337.289 -516.689
-499.358 -375.455
-403.892 751.955
-552.304 -561.642
-584.894 -562.203
812.629 -332.756
700.866 -285.126
-400.922 -472.575
306.692 560.662
550.478 503.15
-587.281 -501.901
-550.594 -485.911
505.152 518.365
13.359 -82.383
721.149 -237.959
436.376 629.011
-501.216 -497.889
-462.318 596.857
715.406 -301.036
461.669 573.143
131.026 -69.291
709.194 -369.969
637.185 -207.909
728.315 -367.819
775.897 -151.931
-512.512 -456.11
-328.076 610.131
459.73 283.051
-356.516 559.399
91.307 68.502
-350.215 438.552
441.442 591.127
-487.421 -492.562
527.053 377.348
783.693 -378.625
854.478 -390.744
23.624 79.643
458.035 548.648
-538.778 -437.513
-520.746 -482.548
-526.356 600.724
751.543 -351.558
603.055 431.664
611.314 -371.083
-78.705 -6.207
759.874 -343.418
623.795 -118.15
591.675 -289.602
427.844 521.829
591.514 -262.311
-554.388 -404.794
-435.173 512.39
686.205 -303.344
444.226 511.715
543.548 438.324
-327.467 -418.767
636.249 630.452
622.094 664.226
544.585 472.624
-473.375 -470.964
-374.604 551.971
-567.399 692.795
-454.997 -446.495
529.384 453.625
553.785 615.785
189.698 -37.767
602.457 -295.808
-29.948 -0.544
-479.182 -545.552
-471.799 -568.785
-488.895 -462.369
673.362 -351.971
583.787 -429.292
-574.985 -420.303
-228.426 569.363
546.474 -302.349
-352.128 704.687
-448.044 -353.757
754.938 -216.347
452.779 472.896
589.247 -245.269
446.941 540.343
890.8 -211.388
-274.009 471.064
481.345 540.94
877.167 -448.675
-74.351 -71.255
482.784 552.027
-22.356 -84.56
434.635 529.124
560.738 521.783
535.571 551.524
-528.674 474.688
513.498 398.356
483.425 681.977
-583.599 -484.981
47.314 -102.766
720.527 -308.887
772.788 -247.345
7.912 -64.453
346.18 428.516
477.775 516.021
472.274 557.242
495.258 663.046
33.275 -19.767
565.885 430.126
594.323 452.659
-428.967 569.189
399.669 624.723
589.887 569.564
-91.436 -99.544
-20.222 163.821
502.532 -298.8
-309.293 -452.013
-604.653 -488.389
501.52 483.416
-361.741 800.415
564.134 -275.005
492.76 508.147
3.494 -142.542
-461.465 649.668
-67.126 57.05
43.543 1.35
-469.684 -600.945
773.227 -241.324
-434.1 640.602
813.207 -132.2
1.121 -61.688
647.528 595.662
638.894 -201.776
12.114 -118.998
45.381 -109.256
545.552 355.685
730.49 -319.58
-185.471 -37.723
477.583 458.119
696.292 -295.596
601.759 495.965
-590.766 -439.491
-556.255 -466.596
-67.427 9.267
593.994 -282.535
585.233 -264.026
-640.133 -570.585
646.961 -293.907
743.981 -346.025
-516.218 737.431
490.722 543.555
720.215 -358.444
566.27 545.288
20.737 66.431
460.695 576.81
-533.771 -506.791
-298.218 569.058
88.543 -153.033
-49.419 -61.702
-453.078 654.78
73.196 -95.319
-104.375 -43.775
573.841 496.268
-473.162 -502.882
565.038 467.041
470.378 592.295
-419.859 774.64
-626.718 -521.198
423.861 515.589
434.507 456.046
-42.831 -12.835
-332.73 607.703
-509.525 -496.801
841.352 -304.484
730.765 -333.336
449.3 561.609
-517.507 -357.915
-201.232 514.102
-347.505 487.948
13.025 -151.923
633.521 431.904
43.501 57.761
669.226 -281.115
-422.721 -354.721
679.33 -313.452
796.501 -321.308
-481.826 -458.766
-47.52 -54.49
708.368 -215.889
631.087 -258.141
-490.525 613.215
14.086 79.447
-60.884 -38.316
-523.147 561.542
-534.09 605.319
-361.352 620.414
94.046 -107.373
-453.038 433.967
-367.38 511.976
-445.287 -469.541
-38.154 -5.725
68.544 81.351
-435.415 -425.395
-377.219 669.502
534.644 397.738
-442.777 744.354
-550.916 -471.502
691.681 -322.524
638.574 -335.298
714.793 -250.831
41.899 7.985
-292.9 455.838
-323.257 -518.133
-521.411 -461.834
-437.34 -583.359
65.654 5.094
517.935 507.658
676.252 -445.125
-302.337 706.028
373.92 350.987
-563.909 -567.851
130.352 -79.28
-683.798 -316.236
-298.6 489.913
666.387 -317.277
610.328 -272.569
-530.402 -461.366
-599.992 -603.322
606.794 486.249
442.829 485.346
-435.557 -481.526
571.996 -372.922
-310.94 612.002
-515.068 557.783
-113.883 17.918
690.688 346.141
-489.584 545.103
-443.49 -596.97
15.29 31.879
785.246 -250.808
670.198 -371.863
683.343 -181.449
-325.622 511.706
603.124 -430.943
-470.499 543.751
462.772 394.654
451.888 349.329
530.281 526.911
563.674 437.277
-433.664 611.313
804.299 -164.773
135.846 -92.904
784.641 -250.73
-452.954 -526.848
-415.861 547.739
-387.043 691.125
-618.877 -589.141
523.638 483.039
-514.998 -487.374
623.623 354.21
70.011 -187.582
31.092 -85.695
65.833 -23.608
573.168 396.796
-34.2 54.535
-555.516 -525.436
702.847 -195.963
-611.813 -390.615
-450.169 587.482
-36.078 43.666
652.808 -398.649
-368.546 506.778
560.467 -323.885
-489.79 610.666
754.838 -227.587
-355.318 -523.454
-676.044 -506.091
-532.374 -513.174
736.724 -344.471
382.574 532.116
771.61 -268.866
-570.356 580.548
-46.618 -39.58
-577.747 -520.476
762.484 -269.76
-434.189 457.885
38.707 -31.571
-451.799 -593.117
-262.619 603.597
596.644 -404.977
-503.739 596.939
737.744 -315.761
52.029 -74.073
-83.243 -81.469
702.005 -344.649
763.895 -211.557
-473.47 -586.686
-521.4 -411.763
577.992 451.843
784.931 -274.439
681.299 -389.039
-516.493 -482.613
563.356 377.748
-366.486 -601.011
-4.923 -113.747
590.223 549.253
807.695 -199.019
471.833 326.278
-59.163 18.893
-467.907 570.922
574.527 588.371
344.176 480.994
-425.163 571.636
507.782 529.237
564.991 -225.527
-456.933 -443.23
-52.301 65.037
633.933 555.523
-349.547 638.221
655.512 -251.977
825.367 -239.008
-347.069 -560.17
603.162 -228.311
772.485 -230.389
88.1 132.089
617.717 553.485
-452.225 -473.208
-134.174 1.901
58.073 71.332
-407.843 -399.783
-462.733 -537.643
52.95 -39.442
613.494 407.593
509.471 470.475
-539.524 -566.414
58.854 -44.928
-448.368 -398.715
56.341 -5.101
572.709 626.962
-543.514 -493.515
833.697 -286.697
602.145 495.314
739.931 -198.791
-471.272 -600.28
-599.106 -345.166
800.986 -302.514
468.361 469.405
-553.208 -543.355
674.497 537.226
-396.376 699.159
-507.441 -515.478
677.869 -233.505
-633.3 -517.671
751.843 -241.763
-440.166 466.979
-452.508 -468.068
-119.593 -83.334
-233.128 722.105
452.752 381.209
451.445 610.428
-20.214 -26.631
-278.023 550.998
-8.055 -158.735
-376.488 495.95
-112.96 119.989
-390.915 582.933
483.536 374.331
-519.973 543.841
69.023 -24.926
623.165 -210.205
44.208 100.831
596.006 654.725
525.008 410.138
-403.057 -538.627
-399.11 642.749
496.765 533.043
593.866 621.9
-354.858 -506.605
8.574 -4.243
-611.143 -574.748
-129.759 26.453
-389.245 596.668
549.772 515.457
-564.735 -498.87
575.666 411.587
-589.13 -529.421
800.468 -370.577
-435.814 -498.125
-47.092 22.659
-35.434 -71.916
-448.703 -505.775
-357.396 687.722
559.188 647.224
776.782 -340.725
166.84 41.6
-592.861 -516.923
456.19 390.434
725.701 -357.473
565.518 581.83
619.124 -216.823
603.228 543.935
-506.904 648.887
107.884 -105.277
-569.57 -335.055
612.381 440.891
544.638 468.28
-101.382 -29.957
554.392 -376.269
-38.014 80.275
-340.092 729.638
-498.756 -538.291
115.92 -67.553
-523.575 -527.632
-414.763 -510.216
-432.247 -430.25
404.04 489.526
449.602 650.851
530.177 515.163
334.58 537.306
436.322 514.653
850.301 -208.809
-304.459 638.325
-428.377 561.177
131.242 -138.265
483.553 481.305
816.222 -122.582
-382.652 -453.003
9.357 -43.07
17.005 116.163
-488.181 509.68
0.961 -16.134
-536.811 -515.979
171.711 30.801
658.38 -175.854
-474.646 -496.822
-10.039 -51.893
542.143 -242.374
-575.287 -456.514
541.754 536.454
664.307 -221.397
582.283 -272.084
534.694 540.608
26.327 52.075
-587.338 606.345
-509.782 -503.183
-306.477 -314.074
473.036 409.008
-539.798 -638.954
768.841 -403.571
430.373 527.93
566.475 523.636
552.699 443.406
799.435 -229.965
598.169 494.499
-491.217 -408.78
691.433 -331.996
480.023 546.604
709.81 -317.139
671.042 -371.674
-548.509 -454.692
555.838 564.796
-449.156 -534.52
57.809 -182.66
130.355 81.493
658.584 494.871
8.879 37.429
-487.133 -615.89
-440.42 -491.83
19.028 -68.855
-94.73 -95.489
612.184 -299.304
-414.357 -409.445
706.266 -437.909
-436.076 606.826
-508.759 -348.325
-42.474 -0.973
393.892 372.071
525.882 -312.894
693.431 -301.466
527.327 536.46
-531.032 -522.136
547.575 543.176
36.157 -14.223
623.186 -312.061
-52.27 1.542
679.571 -283.879
624.46 -265.381
-464.987 -556.988
692.887 -344.941
594.802 421.558
-343.115 551.767
568.124 555.937
553.937 475.523
-49.467 30.081
603.649 -229.376
764.463 -287.76
551.417 394.905
-366.132 -351.435
-51.437 -175.964
622.872 -107.4
-486.381 -436.944
-473.485 -616.237
-450.018 -395.218
-495.488 548.199
-520.781 -594.927
-421.072 -534.926
-351.603 417.352
-232.037 679.051
-455.837 454.801
38.971 25.27
-341.21 659.159
601.697 -257.479
-482.657 579.751
10.9 -15.502
-84.446 72.119
-507.182 -559.847
553.462 511.476
-479.218 -507.208
486.114 428.187
-331.405 499.946
-611.548 -622.201
514.394 445.247
549.871 473.513
118.508 -148.011
723.372 -97.896
-472.699 598.342
-549.316 -514.308
-345.386 757.044
-342.513 554.888
-568.487 -392.347
-149.544 -77.774
458.767 439.802
-534.589 -577.83
498.676 531.851
643.02 -328.183
-387.541 546.022
-474.657 590.485
407.922 501.576
-504.926 -555.182
-413.235 781.976
-371.847 677.485
-382.683 594.646
-19.517 41.213
385.344 423.723
488.371 511.659
461.694 439.551
29.422 -6.407
-537.161 476.547
13.755 -20.9
-425.958 698.88
559.409 593.785
316.342 423.901
812.619 -333.63
-389.828 549.366
95.507 -83.486
-537.515 -424.519
-315.976 -527.744
-456.022 -505.014
504.77 499.718
-566.345 -417.29
-526.829 -473.429
687.444 -283.437
82.772 23.371
540.49 588.765
744.461 -274.366
-59.316 12.03
668.615 -273.287
-547.29 -526.927
596.36 468.24
-374.906 670.599
639.945 -290.056
771.268 -340.803
676.594 -325.106
-568.412 -498.366
681.884 -381.493
123.559 7.591
675.72 -436.04
-93.997 20.927
-468.156 694.284
-48.817 -80.889
1.742 -51.192
774.774 -101.832
-568.696 581.754
48.454 -26.175
558.028 -261.034
48.357 34.606
415.503 494.222
36.3 -15.578
-399.304 558.915
694.825 -267.61
582.303 386.722
638.375 -374.234
-556.107 -374.678
556.329 521.477
-483.729 -400.392
-570.174 573.94
-483.362 -595.537
1.489 55.804
-546.331 -467.512
-81.641 -4.089
-501.023 -376.607
495.851 612.123
-263.389 546.868
661.675 -247.307
-61.719 116.417
519.78 457.975
-91.213 29.353
448.163 440.995
-16.595 -51.162
648.418 -278.042
-346.009 516.242
518.504 427.039
855.953 -322.544
158.211 -120.099
-575.021 -571.218
-69.011 69.18
-508.021 -438.011
-396.827 -559.797
-555.395 -537.869
512.722 389.314
22.716 -73.539
714.513 -342.254
-48.147 53.202
662.239 -252.026
-531.139 624.577
766.815 -230.298
411.814 561.58
-456.73 -465.465
-29.611 -40.097
18.768 69.048
-15.275 17.5
-73.415 -11.105
-363.212 -666.094
-41.508 -88.689
571.391 -215.64
-341.838 643.005
418.49 351.078
770.914 -331.473
591.133 -240.577
655.905 -277.775
812.193 -66.736
-700.312 -538.05
-434.605 620.746
-470.397 -510.262
-304.851 494.754
-462.317 558.601
-373.132 -371.676
750.442 -214.315
-369.17 529.794
-500.978 -563.055
-436.984 -478.398
146.004 -71.664
572.838 594.091
532.401 533.596
-6.138 -93.155
432.433 356.279
-436.38 -548.473
28.947 -86.325
742.884 -165.824
-401.147 639.341
-483.905 623.778
-394.416 664.991
-430.973 -486.796
756.033 -210.995
846.437 -394.155
823.314 -364.327
-423.874 -538.981
670.955 -349.435
-111.27 11.038
43.095 -3.533
810.927 -194.678
158.563 203.024
519.221 501.923
427.476 420.949
736.159 -167.522
51.485 -103.033
57.068 -65.425
573.345 -385.459
26.722 -14.648
-356.222 -428.036
-443.078 -408.827
487.057 527.767
-136.388 80.293
28.469 53.13
73.754 63.691
796.166 -321.561
-554.971 -496.344
568.379 535.384
-485.806 635.02
64.904 -27.622
-21.096 -1.225
-479.113 -592.692
-400.281 549.078
-386.211 -372.063
-520.376 564.914
555.793 514.732
638.538 -344.162
-552.279 -648.806
-481.314 728.864
-497.085 -462.438
471.823 535.517
528.658 426.168
210.46 11.906
-369.847 713.823
563.999 490.447
421.111 501.247
572.056 667.335
487.369 486.242
-499.021 679.862
451.894 452.274
-473.597 -473.698
563.578 478.474
-311.856 -505.144
-439.298 689.932
-100.66 -142.654
-513.154 -495.098
690.316 -246.104
-574.133 -493.433
-595.217 -473.488
308.169 405.286
431.456 659.408
779.215 -252.336
-444.425 610.881
-70.09 90.063
-100.541 56.736
-411.003 591.594
-550.43 -581.712
16.582 165.322
672.632 -291.049
-517.28 571.453
52.627 -30.768
534.499 556.834
-424.295 -490.648
-548.229 -516.687
485.323 511.732
-566.861 -451.782
-438.262 552.09
-508.598 -409.526
12.392 -0.585
421.228 367.592
87.778 49.463
461.187 477.688
79.278 -28.064
480.471 540.211
-440.463 689.551
506.313 417.838
-77.851 -138.339
-352.799 653.972
-274.283 532.607
725.377 -261.412
-440.006 -563.314
654.612 -404.739
490.62 599.057
48.135 -98.91
694.345 -239.374
-295.043 692.464
69.266 -35.396
-482.781 -344.376
-358.154 575.269
839.657 -281.063
-503.971 -516.587
680.93 -421.519
-464.082 -460.356
-24.124 -115.552
707.295 -326.141
517.475 418.8
748.017 -504.601
710.912 -145.039
514.619 441.726
-267.419 650.234
-486.273 451.376
454.089 500.833
568.603 469.323
-612.036 -449.811
475.23 588.062
-521.413 -313.905
497.951 539.975
-459.143 709.452
351.484 454.466
-59.502 130.664
-133.22 -61.294
707.557 -254.005
157.986 12.02
-612.076 -527.536
-397.436 627.182
-190.327 77.1
740.692 -444.842
521.146 436.694
-33.117 25.443
401.355 519.09
684.167 -192.248
-291.796 748.459
-390.18 -600.007
-465.324 629.001
458.184 409.382
-152.276 14.661
606.39 -215.606
433.153 406.636
901.558 -305.104
768.287 -397.58
534.084 572.495
569.967 537.864
-561.978 -476.795
543.856 476.742
545.108 445.224
566.076 -329.73
-405.057 -426.244
90.77 -77.301
-33.291 -83.48
703.056 -307.522
464.767 442.767
536.468 538.079
548.929 515.541
78.831 33.188
164.837 -49.665
-324.822 499.614
659.345 -485.085
-601.969 -501.029
678.508 -321.137
42.526 39.682
-478.864 520.009
-588.398 -692.746
-489.921 746.842
-380.099 489.684
-116.144 -93.257
-441.03 -538.849
-393.846 657.741
-509.254 -492.681
-590.142 -507.951
-481.667 415.472
529.562 489.295
-577.941 606.732
801.12 -386.819
-430.623 630.36
38.799 -36.698
149.007 18.24
-368.487 514.102
729.832 -309.357
-388.205 495.272
-51.935 36.984
-445.494 511.902
807.963 -198.297
-473.43 621.074
-530.205 -461.107
-570.591 642.344
-466.352 -503.702
35.955 94.588
-69.898 51.031
63.812 -110.844
-482.501 624.159
-453.944 -468.0
722.343 -315.797
-526.272 -461.993
-476.365 -589.758
610.522 -283.122
-472.019 -477.738
-443.07 605.453
-57.708 60.823
4.324 145.145
-383.925 580.112
510.046 456.874
-430.198 -528.513
603.154 593.98
775.631 -234.653
-535.313 -428.25
-443.038 600.217
433.945 724.02
717.296 -372.795
427.407 498.247
146.301 -19.237
796.73 -296.262
163.221 -8.391
-595.375 380.428
-100.388 25.358
535.746 432.578
-66.737 81.325
-35.019 20.497
709.778 -315.979
-407.382 -499.434
703.09 -412.735
-209.35 521.902
42.801 -71.171
-586.692 -517.529
-376.225 749.456
46.545 53.325
547.509 469.298
-521.221 643.513
36.185 -90.933
-426.092 -497.791
518.354 472.83
532.809 507.895
639.522 -415.042
-533.318 -404.763
56.019 -84.381
-662.298 -565.649
-541.448 -430.747
-66.686 39.392
454.403 570.121
441.723 297.636
640.38 -279.916
559.556 576.677
-296.466 677.012
-393.035 544.69
665.997 -386.117
678.435 -252.584
477.274 469.023
-414.808 576.407
645.377 -341.44
681.961 -320.993
-484.807 -331.062
622.494 -297.563
549.559 -260.581
667.992 -199.507
504.147 522.481
452.608 576.193
537.806 525.554
672.347 -350.72
470.655 559.689
-285.431 694.285
-45.791 69.99
-601.728 -451.258
850.319 -215.888
566.119 565.056
544.228 571.724
658.602 -270.729
-122.543 -51.528
-355.109 555.58
-594.766 -494.265
-616.328 -491.345
66.555 -108.855
-61.528 31.719
-567.755 -457.282
-490.999 -354.499
-397.962 672.768
499.196 582.517
763.83 -318.726
-414.868 591.912
415.068 470.149
638.124 -253.979
735.012 -217.938
-547.286 -490.855
-490.918 698.468
-15.466 18.958
-3.002 -62.002
-551.289 -495.135
491.082 475.129
49.733 42.705
-12.046 106.126
-383.262 -341.655
75.819 -48.22
551.684 -211.473
629.383 -406.957
-45.511 -79.984
504.946 468.65
480.92 613.761
-553.765 -488.073
-41.217 151.46
741.405 -307.233
-327.076 660.623
694.772 -299.373
-421.391 582.57
-422.399 557.114
-17.783 -35.349
0.738 18.201
-20.019 2.53
-496.485 690.152
456.661 423.366
16.199 -4.916
-470.476 -476.299
-441.831 -391.606
699.268 -383.564
715.309 -286.272
754.102 -505.771
624.794 -339.489
-310.903 623.802
-430.973 485.204
604.738 -285.272
-15.005 65.638
-487.985 -685.884
-298.34 586.779
-404.4 714.781
-341.506 542.945
-496.823 568.031
459.855 609.375
-416.024 -682.2
-541.802 -563.506
-583.843 -511.032
-535.608 -540.634
13.199 -5.862
-77.745 -48.28
75.051 12.066
804.356 -290.914
608.697 -179.592
-555.517 -474.613
-513.454 -468.425
-22.172 47.045
746.222 -186.152
-458.982 -467.051
-20.275 -104.314
-406.609 -426.666
459.782 557.61
-470.6 655.515
-283.461 576.177
588.528 422.698
715.783 -368.989
-7.311 9.012
633.878 522.749
-465.772 408.542
-367.528 443.159
-348.172 610.958
102.846 -53.445
59.476 133.962
720.474 -313.226
31.509 -38.233
409.24 479.131
565.278 515.055
-653.017 -647.569
-380.885 564.896
-54.651 111.174
431.208 442.658
-533.682 415.413
707.66 -258.281
-468.592 -569.427
-367.768 -527.533
-67.473 16.696
-615.899 -567.54
825.336 -323.988
-61.516 -80.927
540.465 483.301
-58.907 114.255
-535.996 -471.376
-97.304 53.281
518.194 634.737
-528.168 -545.37
62.693 -36.092
-357.795 -524.244
-367.909 746.463
510.586 432.655
465.538 538.292
-61.785 71.723
560.723 526.303
637.507 -429.145
663.739 -399.092
696.219 -269.124
13.487 -148.616
478.466 469.07
-312.642 -523.917
588.442 483.831
-57.433 -87.181
-521.744 489.281
-9.702 -13.269
-281.292 494.389
475.774 541.515
554.233 -381.771
-460.501 -503.432
-465.062 -578.586
-417.376 615.334
591.7 572.498
-518.206 -571.695
62.995 96.316
483.503 557.263
723.167 -371.831
-420.157 728.08
475.522 482.909
-298.76 655.015
124.502 -45.547
-340.277 593.641
-577.503 -477.266
-388.338 705.276
796.029 -194.104
716.412 -423.111
-625.774 -554.642
-441.296 -578.952
-7.544 -14.857
478.24 563.765
-511.152 -669.377
-493.055 658.059
-339.619 512.302
-666.078 -456.491
482.942 421.751
-497.066 590.73
441.026 447.222
780.021 -255.936
726.734 -235.225
578.068 558.223
864.926 -367.266
672.345 -327.043
553.72 -243.125
-119.062 -26.033
-559.924 -503.527
-308.58 720.427
526.583 321.927
-504.265 -484.035
-541.418 -544.132
-411.223 514.551
-487.985 -420.295
604.558 588.443
724.869 -268.325
-348.202 631.851
718.428 -420.074
779.206 -358.655
734.903 -5.424
828.65 -363.808
-71.634 64.317
-504.377 -411.139
-425.341 550.374
499.126 504.926
2.255 -114.091
-493.875 609.895
568.735 -328.558
-59.43 64.727
-266.103 701.283
711.56 -319.83
-332.765 565.739
111.558 98.33
648.69 -261.328
378.896 449.382
-0.862 -65.222
-547.951 -497.805
-390.183 432.437
-48.216 5.013
595.224 -303.61
569.345 -253.96
598.902 -190.032
-342.663 519.8
102.603 -139.142
606.999 -284.627
-115.366 112.753
97.118 -59.524
841.79 -235.16
96.378 207.992
467.903 514.579
-461.444 -352.924
-31.311 -61.769
-468.859 -517.534
24.722 22.168
764.802 -238.131
540.94 400.284
-517.287 -502.855
813.926 -300.911
-500.37 -371.584
444.893 410.987
-267.76 602.582
-504.736 -604.291
585.491 -345.926
-540.359 -471.521
-14.182 -57.814
-443.856 -459.535
554.206 321.22
-543.067 644.927
-59.573 -130.406
-494.546 657.76
607.832 -220.844
-292.976 690.631
649.992 489.245
-15.428 46.572
-55.894 26.745
-396.71 -329.911
673.977 -270.964
139.72 -40.946
857.303 -310.995
-555.638 -484.006
-406.456 500.479
-405.406 429.437
-79.594 -24.378
-262.953 690.896
684.63 -314.939
509.276 598.586
72.387 -28.786
23.676 104.606
-64.801 -179.632
-27.855 -27.076
-35.853 -85.988
-516.227 570.23
81.99 66.744
519.491 494.493
-63.098 -140.664
-500.021 588.839
-429.93 743.88
409.664 541.293
-424.267 -619.661
618.967 -280.684
-409.869 603.879
24.267 -33.738
-357.841 601.658
-545.367 631.337
-44.574 129.114
43.558 15.502
-122.874 -65.93
-398.766 682.743
-30.763 -155.629
50.461 -3.303
697.745 -246.094
546.215 408.666
638.011 490.37
-447.642 624.079
646.629 -283.811
505.065 532.788
-535.544 -484.897
-547.041 -537.477
202.41 -43.867
636.222 -177.243
-347.619 630.151
607.492 -290.491
827.172 -405.226
-385.732 636.714
557.171 -417.081
-72.7 148.17
-328.71 613.757
-454.343 -486.487
101.846 67.43
-517.035 -439.347
806.824 -380.935
-363.511 458.493
-437.34 -595.023
-476.399 540.759
-361.358 634.309
785.34 -276.362
713.868 -247.033
-346.858 -589.038
73.027 -67.989
829.041 -181.467
4.478 -43.884
-559.932 -393.079
-571.868 569.906
-444.741 611.308
685.819 -293.556
490.738 569.875
584.884 452.215
547.546 577.587
682.164 -348.967
711.939 -371.37
-495.823 578.408
738.532 -268.568
-543.034 589.284
413.772 529.646
-532.849 581.689
-528.778 -495.691
-426.948 -549.574
-365.443 515.76
-409.766 718.796
-377.858 631.301
-596.64 -571.892
-501.037 495.089
722.506 -313.946
693.253 -498.094
-458.036 637.933
-395.045 516.646
415.304 587.014
-466.402 498.156
-383.911 755.352
46.095 -94.273
-360.307 638.94
-436.857 583.197
-503.05 -438.694
-296.842 625.579
767.254 -355.488
480.525 447.735
27.706 -14.972
613.457 -339.246
333.67 483.528
-30.804 -44.256
702.104 -288.587
-594.601 -586.774
809.895 -242.715
-522.149 -413.174
756.832 -295.384
495.059 505.534
642.136 -360.818
87.062 45.31
481.085 546.048
65.47 -47.942
-414.571 570.78
621.592 -368.56
-499.259 574.691
536.378 358.871
592.667 396.495
-450.346 -659.561
649.004 -200.872
-489.22 518.699
556.054 411.235
555.603 556.473
-386.451 -524.345
613.137 438.296
789.999 -331.419
-389.509 468.848
758.617 -380.381
345.784 444.61
-15.119 96.468
-625.441 -536.024
675.37 -240.775
661.958 -299.307
-352.077 547.081
0.709 36.64
-26.193 30.688
-487.53 637.91
-591.868 -699.224
651.838 -183.063
-34.435 -100.089
524.961 471.058
-572.161 -452.808
532.09 424.283
-364.457 620.135
-330.643 541.667
534.133 346.417
-437.129 434.165
-462.07 483.746
623.641 -313.163
-509.715 699.04
112.048 -13.789
-271.895 513.789
489.847 417.176
88.701 15.408
541.621 -335.363
484.767 584.655
588.143 -365.406
37.064 109.763
529.101 432.984
-249.617 -459.772
87.011 -160.788
682.596 -246.504
-422.489 686.524
-581.509 -466.862
-387.095 526.284
526.041 562.32
780.136 -238.982
646.981 -182.796
-532.199 -416.192
-429.586 -360.809
-291.373 552.22
33.459 -9.53
-389.392 552.538
-335.974 735.263
610.104 -269.454
-470.255 614.699
472.626 473.033
-438.745 686.206
855.098 -298.73
-401.097 -471.351
731.496 -192.618
-507.306 -537.675
-542.118 -479.226
417.252 542.768
15.248 36.335
72.426 4.682
491.566 570.325
-241.804 590.739
765.477 -267.986
-488.994 -488.289
-576.4 -596.305
482.161 494.017
-390.776 648.462
-398.119 579.234
-408.595 655.249
-139.461 27.961
723.475 -313.151
381.049 577.044
465.073 569.282
-118.527 -62.433
-365.118 626.323
411.907 524.899
-412.088 432.15
-492.702 -441.916
449.966 635.589
649.322 -282.661
-315.012 530.055
-340.926 589.972
-317.798 -434.097
668.583 -228.232
-310.792 618.76
638.969 -243.187
-53.63 -76.007
454.582 446.126
-499.8 -495.457
-520.453 -340.48
471.073 613.467
566.776 -381.519
509.887 487.56
-411.007 437.478
74.681 65.351
-512.382 597.921
-289.982 702.592
-519.964 -610.581
-519.819 -559.577
522.709 561.318
-461.493 613.472
699.2 -233.597
32.243 104.593
416.243 572.322
-449.655 -487.003
93.582 -92.009
-538.527 526.336
-394.567 644.068
789.569 -201.908
-403.214 597.577
-7.692 -31.111
-351.188 -566.498
-315.755 531.482
-517.373 -523.515
589.967 504.608
-580.416 -548.507
486.939 547.558
-385.073 688.253
771.726 -337.993
487.322 591.219
-418.246 529.238
866.029 -242.15
1.733 -20.686
729.543 -308.93
886.517 -99.744
525.895 -242.418
-581.21 -484.896
548.626 383.358
548.982 -229.51
-55.537 -38.668
44.884 -156.468
457.345 609.532
497.548 303.564
393.101 553.452
735.962 -188.807
19.665 -125.68
454.106 398.855
-3.018 54.987
656.729 -183.377
771.02 -302.514
-494.572 -510.377
-21.619 -144.988
263.574 469.872
609.18 533.954
23.377 36.667
525.821 407.521
-592.236 -485.004
584.016 -429.404
-430.365 447.772
119.824 18.285
630.271 -158.122
-388.903 483.261
-378.4 628.669
-452.606 -491.851
420.93 368.466
-505.843 -682.681
701.735 -249.015
-418.587 548.582
-504.931 -466.805
595.825 -327.048
-443.13 533.367
508.256 388.53
559.538 413.439
-337.981 -533.411
-544.57 619.123
-38.094 -64.11
14.957 -93.534
-38.69 72.425
746.509 -201.118
-13.004 -207.112
-542.797 -481.68
639.311 -266.092
392.663 530.074
99.171 -152.117
631.571 -161.31
553.207 556.61
440.75 588.128
830.057 -338.97
-584.334 333.798
119.532 4.897
-346.404 708.026
71.968 142.555
565.077 524.757
-268.283 30.392
-536.754 -539.927
539.343 499.347
677.985 -233.632
-49.152 125.55
-337.838 651.425
600.41 -277.13
567.284 522.853
4.825 -46.96
-2.556 33.447
435.22 463.652
-609.621 -453.57
49.85 102.807
-332.194 717.293
799.84 -275.13
-530.126 -491.514
-431.703 -500.342
-266.88 -504.032
754.914 -303.836
-325.349 686.26
574.605 449.102
-461.772 580.111
51.802 -50.199
626.527 473.59
-76.537 -187.804
706.291 -304.651
50.817 -30.672
-115.966 49.424
-113.514 27.215
461.143 476.577
-436.343 690.605
514.816 389.795
358.418 424.651
711.36 -339.546
635.631 -303.493
578.481 719.334
-337.133 576.077
690.401 -295.865
-107.749 4.462
533.723 338.961
-603.859 -451.56
384.113 485.45
422.923 483.914
441.232 440.73
75.537 -30.227
624.457 -352.659
-72.887 24.152
-24.537 -100.406
449.481 460.673
664.534 -266.969
560.021 383.594
425.676 392.163
17.785 11.787
-541.693 515.401
741.882 -387.493
449.267 417.231
317.344 420.143
538.678 554.458
21.352 -83.983
626.062 -37.165
-142.592 79.516
-468.837 -585.902
-497.146 -489.683
824.241 -235.567
-0.789 -92.082
-122.141 -29.883
-551.25 -619.674
-516.645 -596.228
-390.2 725.951
-444.844 -483.81
696.322 -217.266
629.045 462.142
99.929 -24.426
-411.71 574.438
-127.497 -163.514
-521.228 -473.607
-425.491 653.181
2.496 126.86
-301.255 600.588
-337.072 -443.613
-377.705 725.862
-488.715 532.468
611.405 521.563
-627.791 -484.289
437.77 508.06
547.51 495.396
-388.147 445.397
680.036 -255.041
459.08 433.622
-542.797 -463.931
-489.533 -643.893
658.41 -310.757
-531.343 628.015
512.916 677.915
746.803 -276.15
635.396 457.322
602.046 584.737
524.662 510.845
-468.36 -645.5
692.213 -433.176
-255.16 611.388
-415.047 553.358
-512.041 -404.126
-106.643 -8.166
677.534 -218.125
607.878 447.973
-612.663 -467.988
684.574 -393.542
847.685 -231.257
633.932 -229.873
-288.135 586.744
479.669 366.57
545.704 -274.821
-67.036 9.311
-59.359 -26.172
696.02 -139.752
508.834 550.516
16.068 -36.874
710.251 -296.891
513.474 580.796
653.081 -223.058
-603.138 -616.894
-322.27 691.1
-329.246 586.526
-638.966 -420.38
-397.503 554.389
501.619 474.3
-445.959 -608.091
477.836 467.253
515.221 468.455
522.482 532.292
798.883 -389.122
86.149 119.612
505.864 484.2
-80.152 2.923
-329.992 674.048
-203.08 -10.681
113.207 24.338
-387.726 594.769
882.275 -292.167
-47.532 50.853
-563.685 -635.583
-2.493 19.71
664.692 -356.208
-412.123 -547.306
255.086 -23.8
-353.376 579.494
25.933 45.919
455.39 519.456
25.575 75.072
727.812 -347.217
-272.08 637.553
448.527 575.496
-488.637 -668.118
360.876 505.897
105.053 -17.188
-391.474 725.573
532.296 442.527
-265.112 671.557
32.708 53.608
-373.275 551.142
58.263 207.972
73.107 -133.01
-12.424 43.081
-319.78 505.566
-303.693 669.274
-519.908 -490.71
-336.798 682.815
679.82 -349.214
142.771 120.129
780.38 -205.325
531.166 481.67
39.784 -82.235
80.852 58.416
383.141 569.525
634.092 -324.118
28.966 -16.499
-453.309 461.821
416.6 559.2
808.635 -266.857
-44.119 -8.492
676.342 -325.162
119.924 -99.152
-429.639 465.478
719.717 -294.661
-542.416 -578.294
381.873 585.7
-503.827 -516.395
691.825 -219.534
-413.648 583.758
724.508 -231.801
560.926 502.84
697.903 -131.663
683.041 -289.652
683.664 -343.66
90.323 132.545
-480.566 -459.215
456.272 505.302
763.108 -276.982
-479.475 -529.548
-471.222 -463.604
376.74 474.263
383.179 504.391
-444.329 620.034
-460.948 -419.696
439.062 432.216
712.559 -333.117
718.404 -140.679
51.371 23.991
720.861 -296.106
459.859 483.115
881.31 -304.23
-375.049 477.371
601.223 -231.957
-442.463 587.84
-437.856 -521.95
482.663 572.445
530.999 462.4
-8.569 14.193
-313.568 517.589
166.022 -72.998
-125.599 80.596
641.353 -259.749
-288.974 502.473
-5.11 7.053
663.084 -329.374
535.453 415.369
-8.208 177.849
-259.377 596.274
-454.101 656.318
752.315 -282.641
696.008 -284.149
-369.922 655.315
-37.447 129.909
-502.545 -532.726
-558.294 -505.237
582.831 -334.187
467.291 506.728
-584.559 -563.098
430.158 467.883
-505.271 -498.131
69.276 -99.891
-565.554 -580.862
681.944 -304.069
4.003 -62.08
528.532 503.283
-415.496 658.853
-35.55 -119.554
717.928 -230.0
686.17 -162.299
-531.891 -463.525
-374.813 -486.781
748.186 -240.514
-233.2 663.324
0.902 92.899
788.65 -247.085
790.4 -284.786
389.122 435.053
710.472 -171.536
413.176 534.832
520.221 496.111
-559.584 -583.131
640.884 -41.767
497.868 459.069
-546.054 -393.482
-570.763 -472.131
13.352 48.115
-552.98 -484.458
-538.863 -648.249
769.373 -342.224
-29.167 -19.225
-207.866 716.332
677.081 -213.271
18.504 94.884
436.069 513.617
690.4 -285.79
-282.93 681.02
670.817 -289.267
-479.489 -309.424
-527.878 -498.207
706.889 -231.038
-556.807 -492.717
40.503 -17.097
-77.019 62.495
-330.71 543.622
-82.547 82.409
-32.852 66.676
515.949 675.55
651.402 -287.588
-442.939 -380.316
850.149 -289.647
485.063 550.41
779.154 -191.767
-316.659 -452.442
-629.536 514.514
760.162 -381.662
-513.58 -469.268
845.166 -268.047
-382.263 628.12
521.614 547.613
424.764 458.587
672.729 -258.858
546.415 406.672
-456.007 637.043
465.826 494.459
-53.537 -51.047
-109.933 56.231
-468.066 -458.045
794.597 -291.625
-601.748 513.76
-506.916 538.286
560.769 530.104
-397.458 -443.54
-411.274 610.988
-479.204 -261.932
305.985 614.247
-405.622 -474.833
541.285 652.793
657.261 -357.634
-487.095 696.199
572.915 510.909
-127.737 24.324
632.119 -295.17
-32.665 -72.826
-379.629 -639.725
545.308 -176.416
-563.249 -467.125
-101.543 12.081
-234.724 613.778
-527.673 -410.106
692.824 293.949
527.858 -364.765
855.936 -279.476
-35.128 -109.47
511.202 597.044
-685.593 -638.082
-369.514 -561.466
-557.009 444.835
634.057 511.783
719.878 -190.968
160.807 26.209
-544.86 -393.921
-599.853 -537.208
557.099 630.78
703.462 -388.878
-553.68 -506.657
20.409 10.145
698.728 -334.95
711.722 -299.59
619.876 551.094
774.9 -294.656
-6.065 -213.17
-248.044 640.013
-210.486 635.137
-153.909 103.862
-496.334 -753.168
854.761 -360.978
-536.483 -363.457
-325.378 605.537
22.844 -99.015
33.224 -33.344
616.353 511.465
-595.221 -336.291
695.149 -247.323
683.342 -365.912
60.505 -141.38
586.55 -328.99
-478.953 562.615
268.995 597.112
540.652 557.038
434.41 554.652
-547.154 -367.412
-501.075 556.061
-79.859 -56.532
552.776 -226.473
597.94 -413.947
790.743 -442.08
731.016 -298.035
562.241 445.595
630.349 -342.139
-45.814 174.559
-66.816 45.972
672.527 -253.039
354.963 659.366
454.598 389.495
748.579 -241.895
-432.172 581.55
561.679 545.172
601.366 -354.526
507.223 459.477
-70.611 89.39
-522.177 -372.157
583.708 -324.015
-3.19 -46.781
-410.458 684.971
576.187 454.71
-10.515 -35.521
-53.283 -28.076
558.846 406.996
-204.955 45.547
-612.826 -512.052
528.788 481.18
-74.701 -44.759
-525.679 -562.78
-97.095 65.739
655.775 -226.584
55.192 122.608
-334.123 564.793
502.759 590.352
-523.632 -442.076
722.67 -371.573
-426.956 801.971
833.509 -323.089
745.218 -318.802
498.842 524.398
-473.27 -545.946
519.831 453.541
592.813 398.056
-468.331 -448.147
-561.027 -429.622
50.888 94.14
171.174 40.163
-514.121 -579.974
-325.309 652.739
-542.917 -557.937
710.465 -172.953
-628.026 -542.83
735.609 -335.043
-565.924 -402.092
-304.15 500.025
-30.992 68.938
-506.292 666.769
679.372 -301.815
-423.077 -518.38
-503.322 -384.249
-455.254 -395.252
-334.169 607.613
62.05 -58.1
803.464 -137.988
-468.779 -559.582
-363.631 668.533
-490.294 -593.563
670.446 -282.443
519.443 503.935
-598.208 -544.899
706.747 -455.304
-513.654 -552.139
-334.803 595.22
705.263 -255.652
-437.339 476.088
744.344 -230.307
151.902 -35.983
-460.741 -475.124
22.3 55.843
-335.198 773.702
-553.453 -525.569
576.476 -281.812
-52.034 -171.233
386.677 493.902
774.652 -352.968
-550.088 -498.142
-136.304 -100.308
726.573 -350.314
1.098 141.673
730.645 -250.646
-439.353 630.145
553.045 516.152
769.35 -267.63
-461.518 -650.367
-9.149 -75.486
494.51 593.444
525.879 425.534
-462.422 -673.86
801.237 -400.822
-443.104 -440.582
-353.335 -410.193
625.781 412.782
374.821 594.305
-263.752 690.762
-77.821 25.215
-479.012 759.803
-386.032 -526.283
481.561 528.704
-444.033 648.206
-467.551 718.011
334.263 538.3
-271.702 -423.986
-531.779 -545.076
-550.294 -555.262
525.529 -231.022
-87.308 88.131
-432.108 643.606
-480.688 651.547
690.246 -306.426
741.297 -349.29
535.105 344.44
-621.372 -496.862
-513.721 449.005
-343.94 460.235
806.018 -157.144
-495.487 546.134
-475.836 -460.578
-640.753 -457.503
679.672 -265.502
674.495 -321.289
-288.48 648.235
-409.042 613.88
-488.537 529.002
647.773 -300.267
-51.276 -138.95
-345.505 557.738
-479.538 568.884
-511.928 503.159
-628.497 -464.754
100.748 -16.274
-320.083 669.698
-416.858 -654.678
506.979 417.677
451.054 404.511
-584.557 -475.629
-387.441 664.828
-538.167 -502.084
-245.336 667.096
521.462 567.631
-429.204 617.376
-176.776 -7.663
-553.733 -556.498
-445.672 569.105
742.038 -317.571
-423.767 574.15
-509.275 -329.302
-558.378 -639.377
-439.37 676.221
-440.168 -583.068
-446.09 -398.853
477.508 520.442
330.956 481.549
-453.145 570.272
-221.204 -111.556
-455.446 -612.638
605.403 -384.401
-294.12 684.454
174.053 -162.049
693.352 -298.999
-337.142 527.94
111.2 -12.47
673.47 -290.82
-52.706 -61.554
-535.389 569.999
395.525 475.883
-503.346 -411.566
-439.498 585.511
607.053 488.515
448.06 444.704
-508.487 -382.612
-383.116 619.644
95.241 -69.985
785.282 -346.806
741.205 -323.53
-576.103 -396.791
-35.48 14.054
417.32 559.236
711.062 -335.923
-348.802 -555.646
-46.868 11.724
-504.084 593.482
-10.322 -52.37
-503.895 532.169
-381.031 -425.877
-623.353 -512.31
478.437 473.491
664.684 -331.793
683.344 -262.379
-634.227 -505.122
-362.449 443.03
-471.089 650.228
746.18 -326.008
-85.271 -2.123
90.416 -3.442
-529.513 -442.533
58.719 44.171
-664.831 -473.739
393.706 573.783
-462.139 -559.784
-457.93 -390.122
432.632 486.796
-565.877 -455.449
502.68 540.161
651.124 -215.545
440.927 563.367
390.637 346.86
-610.477 -465.58
96.357 -26.954
526.641 441.336
422.151 436.894
541.076 469.17
-16.844 116.001
738.559 -243.294
713.304 -301.838
561.121 477.178
36.594 1.662
-313.034 619.289
71.551 -48.101
568.355 235.379
-464.223 510.641
-1.195 107.513
-136.655 82.724
589.361 -142.235
37.909 17.77
-492.781 -480.003
806.829 -391.047
753.674 -307.096
605.95 -354.88
60.749 3.723
143.834 116.787
649.285 603.5
494.673 396.405
586.251 612.525
126.542 141.564
-396.909 600.902
-551.097 -534.321
448.408 491.839
-403.429 425.064
696.804 -293.995
389.113 609.69
-436.359 651.487
-38.909 113.093
-587.347 -440.524
626.667 -222.877
-3.801 -2.013
-479.243 -474.739
571.008 645.601
124.754 101.197
606.163 -358.419
500.365 376.793
790.989 -378.718
-506.384 -492.169
-36.431 -56.107
-440.684 -390.119
489.91 489.028
-561.303 583.412
-527.761 600.327
667.888 -293.594
512.713 436.217
781.793 -121.276
-528.663 552.506
-451.613 555.054
101.238 -38.731
546.652 370.708
-469.951 668.22
-399.778 580.985
-49.918 -33.619
625.852 -151.612
-460.271 -468.706
-408.708 476.928
-429.159 450.531
42.724 -62.704
686.325 -383.846
646.548 -283.2
-396.697 -574.433
393.852 470.004
59.49 23.816
554.61 465.341
-542.691 624.112
-504.756 701.639
-409.366 632.259
-13.135 4.066
-394.475 -530.731
608.807 599.474
496.449 533.251
57.835 -47.687
-28.428 -16.31
-340.918 571.359
568.541 466.701
839.698 -415.788
-391.467 391.853
-538.326 -428.287
-366.457 526.091
-464.72 677.604
-569.361 -392.634
-16.456 -32.842
-400.509 -680.307
508.525 511.51
637.105 -361.659
754.855 -372.939
411.765 425.337
-485.314 -503.502
-365.597 652.82
699.579 -243.77
-308.552 545.09
120.382 -98.123
727.504 -339.973
-490.1 558.528
-583.508 -422.165
680.902 -212.893
-447.438 -479.25
-57.491 -6.614
680.124 -183.63
511.09 491.825
-539.308 598.598
-469.921 -512.529
4.8 -33.212
-376.073 551.379
-527.614 -498.453
-82.519 -63.257
-567.695 -610.585
-477.921 664.733
-503.947 515.324
681.02 -279.179
-554.403 -525.047
-365.437 672.144
-518.411 -586.221
638.973 -367.406
-60.582 113.721
-41.402 -4.899
-295.089 580.063
-535.742 -516.385
622.207 391.709
-381.213 -551.987
606.744 -365.558
62.587 -35.639
-12.437 65.595
646.115 -384.407
-493.206 488.745
-53.343 35.501
608.661 -374.537
397.576 620.379
579.165 484.829
-382.746 -647.575
612.541 -316.741
736.223 -231.112
-76.931 -4.532
-58.043 -95.445
693.931 -302.408
-493.116 583.441
-342.152 615.728
-574.188 -522.751
632.951 595.009
-432.821 630.654
-586.256 -503.666
25.778 -130.08
-594.598 -369.745
607.337 -235.059
477.854 482.564
731.493 -222.224
-525.046 -521.571
-538.628 -530.561
-470.735 535.098
-491.362 -485.958
796.958 -286.05
-414.042 547.54
-505.821 501.579
688.771 -202.392
-495.268 586.952
457.527 321.673
-508.435 655.415
-581.879 -457.688
-660.987 619.363
-271.263 427.275
-410.38 668.573
-358.087 675.695
433.378 536.377
554.776 588.577
-473.839 674.965
557.208 526.204
-445.092 -280.218
24.211 47.887
726.895 -302.782
499.067 540.663
-532.209 -436.719
-413.648 528.52
-321.491 720.296
-502.864 465.169
531.937 475.308
563.181 -278.679
-464.925 -493.642
701.977 -323.322
-343.607 571.82
-443.654 -624.285
-402.726 613.802
383.497 451.536
704.698 -207.365
659.185 -254.869
631.67 -283.128
471.935 531.189
-573.78 -503.265
526.524 355.763
-513.789 -427.821
-440.402 -406.018
531.087 468.279
-517.241 584.054
441.826 597.294
-362.222 570.697
-386.762 703.944
-573.098 -487.25
-334.712 539.407
-116.031 33.552
734.299 -259.372
439.404 540.569
-537.434 -539.718
-1.329 -115.184
17.556 -0.372
499.436 549.793
-405.809 -378.289
-34.635 67.608
-584.375 663.611
689.459 -404.724
514.4 509.042
-69.876 -87.344
49.389 41.533
-484.2 -400.283
35.883 21.692
737.323 -291.864
-30.83 -65.911
82.463 -74.551
-521.1 668.971
681.765 -460.124
-505.43 -452.827
577.979 534.762
557.226 488.97
546.648 503.842
39.359 -38.949
736.286 -340.979
571.024 437.637
146.044 89.724
756.839 -246.253
565.139 -318.021
728.49 -253.724
-423.843 743.562
353.672 654.151
547.798 383.024
-386.188 688.309
-80.18 40.647
-509.516 686.183
-28.274 -108.958
597.593 -360.032
-7.569 -3.459
578.161 488.392
482.382 470.925
-506.932 541.987
130.159 -65.392
706.131 -301.896
538.757 494.792
711.814 -409.164
-301.493 646.517
838.218 -188.331
98.159 120.511
-624.82 -663.998
363.107 552.674
613.918 -220.231
-364.19 620.347
577.504 -215.408
-375.339 528.481
-419.5 578.486
-411.648 394.699
-491.921 -437.715
-321.45 -382.792
598.856 -263.446
-407.057 546.081
506.91 585.498
-520.835 -596.772
-446.712 -534.54
755.964 -431.735
733.959 -348.016
579.002 -292.278
-463.934 714.633
705.276 -353.317
450.552 580.015
19.345 -78.234
511.523 450.912
-309.641 675.318
548.853 -300.191
420.635 456.645
809.492 -397.817
473.712 477.486
622.689 319.278
-698.956 -436.937
-488.664 798.056
567.116 324.878
-8.698 50.167
428.063 451.861
-509.056 -549.357
441.723 422.592
674.75 -352.131
-465.461 -379.188
-382.64 738.257
-265.124 499.909
-479.146 680.459
-653.177 -558.203
853.505 -265.402
725.748 -205.678
-491.898 636.398
751.414 -370.202
-494.025 -689.495
744.192 -409.33
-561.061 -536.759
-356.666 607.082
536.406 493.346
-265.586 648.8
-157.656 6.242
-456.374 -601.966
-454.156 565.564
652.963 -370.32
573.339 464.423
82.306 -19.671
450.249 402.973
-540.43 -590.46
-476.214 659.377
-389.741 582.643
-433.804 -442.501
-508.536 541.314
-47.165 36.344
-446.37 546.18
-521.454 614.572
649.716 -390.04
732.126 -346.716
-416.633 580.276
580.688 -152.17
-91.079 -179.19
20.445 -66.135
678.003 -259.222
-291.144 574.236
-389.954 -463.831
678.554 -381.653
795.983 -447.222
-576.376 -673.006
727.698 -347.375
-581.878 -404.396
-438.104 -351.025
89.128 -31.822
-466.768 672.592
659.705 -226.444
596.109 426.475
95.696 21.924
-383.833 632.97
638.354 -240.964
-559.865 -618.82
43.644 -5.061
366.578 612.252
383.417 533.115
9.028 55.21
-454.716 -487.086
-526.83 -598.754
148.398 24.517
-314.648 794.76
-16.228 46.003
-465.839 488.104
641.936 -310.248
-535.696 -444.92
616.85 554.571
-44.632 12.559
873.786 -165.53
-436.921 -424.721
-213.181 616.296
675.968 -418.28
754.393 -273.626
539.452 427.467
-413.402 -387.992
495.808 450.344
-533.548 681.522
477.814 399.06
508.899 570.923
729.182 -404.403
-541.504 609.191
-412.584 -505.164
568.825 457.367
40.365 -184.973
552.792 364.861
-46.919 -48.199
642.929 -294.868
85.613 -77.245
140.322 -10.98
-34.588 82.192
31.185 -143.295
83.337 78.878
424.926 464.746
-88.984 -101.762
53.824 -68.547
-587.891 -565.912
-109.127 102.201
-393.683 -561.664
695.137 -307.531
-559.165 -483.881
527.841 272.323
493.986 535.275
-412.151 672.964
-365.728 671.192
-150.088 101.515
-553.978 -519.134
710.894 -236.079
-20.345 -73.233
-205.938 791.256
-492.361 482.842
698.692 -381.059
-401.389 723.825
593.2 500.657
605.191 539.572
-377.526 -578.072
735.692 -275.209
467.736 531.717
-26.726 -62.194
-434.168 -549.175
-367.002 675.516
510.109 629.34
-451.448 456.733
-95.058 20.205
606.182 -299.685
666.453 542.393
754.06 -377.644
-474.739 -498.696
564.011 505.112
711.021 -332.949
-377.759 649.233
-494.346 591.448
80.416 -63.672
449.057 529.159
-388.158 750.817
-593.556 -571.794
-389.849 664.84
-43.21 43.79
2.385 23.943
51.313 -7.696
428.748 442.887
-296.162 677.605
-417.814 479.815
782.436 -296.554
675.299 -349.568
601.199 443.599
57.853 41.924
-603.806 -564.285
521.326 613.863
792.487 -271.311
-531.559 -521.554
-62.996 -28.128
-158.275 68.371
697.169 -320.394
-408.084 521.935
-483.361 -428.018
-11.641 -19.605
-43.342 -110.878
-524.081 -489.256
-378.582 591.546
120.568 24.408
74.527 31.896
-484.203 625.737
-38.472 16.919
550.555 554.749
-417.07 599.51
720.751 -254.85
-289.96 571.149
455.496 482.976
-499.868 537.697
8.923 41.601
712.835 -443.198
36.533 -79.334
-313.518 639.543
344.021 348.559
-38.748 -8.388
406.438 591.946
743.817 -176.7
693.135 -363.445
-655.868 -507.265
-482.093 659.515
-531.504 -584.522
-93.093 149.54
472.549 420.105
-525.006 -479.583
-405.196 -494.617
537.129 504.717
564.041 508.192
489.23 609.171
-482.133 -633.993
-552.35 -404.817
-404.42 -469.925
854.112 -268.774
447.432 524.681
-47.415 71.184
409.392 623.168
-551.388 -404.518
40.794 99.597
539.548 658.062
-316.252 786.692
-501.506 -477.346
-46.552 -98.58
502.687 462.505
660.773 433.117
509.8 643.703
-223.656 616.721
515.566 476.515
640.945 -197.531
87.024 10.267
585.181 -454.287
486.014 495.692
-435.839 491.609
-401.083 668.295
-306.604 513.306
-449.46 674.498
-375.864 546.3
502.507 424.101
-434.251 628.548
-324.414 553.875
152.242 -38.641
-434.804 -481.112
99.665 -36.365
721.484 -289.715
-523.023 -507.287
70.12 -61.948
-473.677 -411.044
-335.653 644.921
719.129 -303.718
14.942 78.748
-480.681 584.451
760.642 -200.97
719.217 -327.566
-396.562 -568.319
-513.071 -613.223
681.35 -359.318
470.081 401.968
-391.799 -521.755
138.333 126.44
529.833 585.009
-411.398 -541.51
-238.046 640.11
689.807 682.348
4.296 -3.872
622.682 -167.01
707.998 -261.08
457.076 418.097
570.787 539.984
750.681 -287.585
-501.7 -482.502
505.16 538.765
-445.581 -501.239
77.665 110.231
515.445 -423.099
450.086 443.48
741.412 -295.132
-489.182 -528.906
-453.439 572.209
-328.059 571.134
433.002 663.389
526.273 365.751
583.211 -397.245
-468.952 -456.998
-403.708 535.889
391.329 391.646
559.305 557.4
602.346 -304.231
718.349 -383.949
751.945 -472.404
-53.312 -102.559
-33.846 -54.352
-609.036 -572.071
30.341 47.255
682.976 465.938
-366.859 536.465
-544.439 -603.3
635.304 -316.794
24.787 76.466
475.675 445.948
-518.611 -428.945
-114.087 -64.669
61.898 -133.214
-57.138 -95.073
766.405 -276.391
715.635 -225.989
553.994 -503.931
-11.267 7.61
-519.493 -470.293
707.205 563.032
-509.705 -511.893
-522.788 628.111
-404.353 -563.712
-325.576 590.084
-443.096 -633.197
640.923 -210.924
740.603 -462.725
702.695 -241.902
-20.618 20.814
-312.36 505.984
-459.662 -454.029
58.701 -16.945
591.689 563.342
-436.24 -584.966
-516.429 -585.094
-438.295 -361.512
545.056 492.281
508.439 534.046
-32.635 -93.67
-414.015 670.907
-531.319 -447.049
590.769 368.75
459.55 487.107
-58.448 -96.109
-525.7 -533.57
580.06 431.828
-536.71 -643.56
-519.813 700.229
-423.24 665.421
-544.177 -710.768
-66.052 -44.806
-525.142 -485.515
-626.141 -563.418
-10.307 -81.176
656.483 -313.932
-606.505 -492.577
-477.43 -472.084
-584.036 -559.92
-533.048 -451.058
504.712 498.755
196.112 12.179
-373.559 576.738
458.446 546.881
-531.146 -534.985
33.036 -56.724
652.008 360.976
-379.675 -495.682
668.738 -300.899
-308.271 562.539
-72.304 -3.83
-363.67 -597.51
469.02 448.907
-484.414 668.417
427.664 586.499
510.485 536.839
71.851 122.445
-534.618 -538.761
-375.983 643.354
-406.481 658.827
392.972 382.014
411.694 470.744
-497.056 675.68
679.362 -368.096
696.449 -406.057
5.13 115.784
-354.928 777.087
779.161 -461.874
127.737 69.479
529.07 412.521
-386.6 642.54
-128.114 121.168
673.921 -349.279
472.455 342.984
-387.398 -634.572
-365.567 -492.102
501.087 512.319
-441.198 533.281
-500.772 482.922
631.53 470.869
-419.931 -659.495
-527.956 -502.249
566.125 473.15
-538.829 667.215
-418.921 599.343
727.185 -278.427
-388.749 -510.97
504.85 422.589
146.666 17.464
603.799 -268.098
4.858 -183.734
478.151 525.634
-311.479 -466.45
-397.542 831.034
696.728 -297.055
-366.96 -614.694
-455.951 587.299
30.532 -61.61
28.051 195.557
-335.692 598.269
-510.32 -529.936
-254.26 443.847
-465.224 -427.463
-33.17 -133.201
662.715 -178.757
411.584 504.763
-420.111 655.355
-586.413 602.897
-424.54 720.869
713.691 -316.35
-503.221 821.944
537.526 432.31
667.281 -298.102
-507.61 736.405
-502.814 -511.468
-358.021 606.633
647.093 478.376
-378.888 570.38
43.311 -57.708
568.937 425.97
1.852 5.189
-493.933 -498.1
827.575 -116.341
408.507 472.616
-512.739 -487.537
-559.541 -538.262
587.875 459.626
906.067 -293.441
742.271 -350.452
-461.339 -593.313
-421.363 -660.176
-34.785 -62.19
-48.65 63.518
460.091 604.869
65.184 131.359
105.425 -125.559
-528.304 -561.388
-493.315 627.612
-452.503 -462.224
719.386 -256.961
-527.468 -504.268
724.719 -275.053
-444.854 618.53
431.846 570.278
708.205 -211.254
-417.208 615.744
-61.053 -62.109
559.277 -250.348
53.955 -77.085
576.74 -289.001
489.276 505.397
20.908 113.736
376.635 273.946
563.514 -352.888
52.188 -136.908
403.283 515.883
-434.53 454.442
-476.132 -358.889
-268.525 694.658
-458.674 -602.396
750.964 -188.438
97.226 27.719
-371.28 624.354
6.78 94.966
439.959 556.191
-447.642 -586.382
-404.667 626.706
543.367 562.239
54.522 34.024
-402.557 548.36
-377.825 618.274
-538.773 -448.85
-578.306 509.479
-181.793 55.664
635.117 -310.989
609.443 639.75
487.906 328.593
692.803 -270.391
-2.111 -131.388
-60.97 207.891
811.12 -302.973
550.871 -218.929
-315.956 581.826
741.762 -244.312
603.076 -377.498
163.443 92.285
70.434 -72.978
-797.657 -357.51
619.272 -280.037
-456.6 -431.761
-612.307 -509.675
717.49 -353.641
615.491 -306.554
-481.938 -557.117
736.054 -110.406
105.212 8.383
581.064 -317.855
45.376 48.354
544.448 527.728
655.498 -324.017
-30.539 -28.362
-423.686 -376.693
43.207 9.989
515.334 503.753
638.859 -325.269
458.372 461.419
131.089 122.644
-332.396 546.447
-292.769 719.149
-132.602 62.065
493.057 435.019
659.289 -342.299
28.173 -85.621
20.425 86.046
-185.335 -75.2
-573.025 -447.564
-518.056 -486.559
725.154 -327.988
14.985 -59.91
-359.844 -393.564
-445.933 -495.061
35.383 22.17
463.872 426.233
580.548 546.063
551.959 474.494
14.65 127.412
17.01 97.429
566.768 451.713
-616.103 -422.16
69.522 48.729
630.973 -276.031
-368.562 633.285
-492.03 621.005
-0.691 -40.229
-448.684 495.951
23.172 5.213
721.009 -389.943
790.338 -334.955
-311.632 498.988
-37.014 -136.61
60.614 -67.87
694.613 -289.726
-392.805 -418.912
-20.673 2.92
-514.088 -576.001
663.37 -384.585
-100.895 23.271
24.205 104.501
670.904 -172.502
-474.008 607.303
564.156 -426.511
-579.438 -412.011
663.36 -282.696
41.486 -22.311
514.858 485.007
-620.906 -488.499
709.944 -343.793
529.063 550.901
742.72 -271.118
585.733 523.651
-551.577 -685.859
-298.263 688.55
-40.947 -61.158
-7.406 -38.783
571.303 -261.365
778.823 -446.304
-524.612 -505.654
-333.83 674.153
-617.458 -432.964
486.275 539.452
-454.891 611.49
535.988 431.795
-483.12 627.076
-458.175 -562.118
-450.074 467.072
-449.132 -345.695
610.295 -195.684
-445.436 696.526
-424.432 -519.458
-484.385 521.182
-5.719 108.248
-618.542 -335.379
-340.896 647.548
369.114 307.957
-487.563 580.462
383.111 510.451
471.644 599.983
-64.081 -20.417
40.686 -45.884
798.97 -316.499
514.101 547.884
-10.842 -12.34
-450.317 -496.452
600.812 -342.052
-476.122 665.997
541.102 437.663
661.264 -132.317
780.4 -309.966
-452.822 -556.563
585.881 -297.044
447.076 448.289
-373.62 695.974
519.829 -380.263
-436.554 -537.418
812.358 -382.838
-397.706 -514.586
87.892 75.87
729.351 -216.192
819.085 -236.054
779.993 -346.511
-433.18 -484.196
-570.827 -383.15
381.716 492.093
-277.774 -530.053
-442.754 -374.272
372.832 610.39
-413.619 563.05
-107.312 49.274
34.531 92.423
666.957 -481.853
531.941 -298.971
641.529 -221.869
-56.074 -47.11
765.713 -377.946
-541.681 -367.012
-446.382 549.527
-499.221 587.048
-65.817 -78.431
-97.023 -10.612
-45.92 15.478
677.465 -299.114
-453.945 895.409
751.841 -573.832
-520.731 -534.945
-440.465 -574.645
618.079 494.268
424.873 422.868
716.117 -371.386
613.359 -378.615
591.832 498.972
749.348 -336.051
-475.412 -590.419
16.571 13.748
-558.156 -523.498
-573.08 -434.749
-519.957 -556.987
-544.038 -562.12
577.883 -341.2
31.972 22.36
-400.443 -723.519
-486.269 598.019
410.727 471.471
473.606 544.317
79.075 -57.647
-695.811 -528.649
-512.565 -528.001
-19.655 209.104
-412.524 506.272
501.309 510.322
483.206 444.368
-417.684 -482.684
-437.101 556.317
433.387 604.216
-517.557 -525.667
61.645 -127.233
-26.928 38.682
-480.286 652.415
-481.31 482.207
-425.009 584.799
-341.868 697.918
-305.612 620.59
-421.874 759.282
-461.545 662.136
-302.943 657.071
394.004 577.178
110.873 -59.447
133.43 -81.067
-432.084 -489.811
19.855 -186.109
559.702 565.399
531.364 538.951
398.235 555.655
-534.285 -458.095
-355.251 -591.267
757.919 -278.14
31.792 -73.277
-27.638 65.675
-441.832 -548.859
-548.372 -467.332
-14.694 -127.282
560.369 -266.336
-7.088 26.326
38.836 44.607
-555.588 -493.279
467.752 560.477
-407.859 584.802
-553.188 -585.565
335.58 562.434
572.435 454.608
723.852 -345.983
642.636 -354.85
521.299 524.516
-562.752 497.451
56.654 122.822
-378.642 612.758
503.351 376.146
-405.544 552.123
687.632 -182.953
-471.736 -506.122
-453.607 -505.785
-402.136 -395.144
-491.111 -431.561
688.481 -203.374
61.928 -94.624
-548.435 -508.929
782.213 -331.141
42.854 -37.721
-383.754 544.179
739.583 -379.991
449.82 507.559
46.31 106.725
-403.936 527.541
717.981 -344.114
-299.417 736.515
-544.153 -464.479
-422.759 -425.473
-512.064 681.925
-424.604 -487.925
-259.912 701.49
-97.887 -38.671
587.417 397.303
773.858 -252.472
553.932 507.632
-395.655 -573.779
93.302 109.666
-469.147 593.254
516.097 485.185
-460.181 -503.93
671.65 -310.727
-443.687 664.383
-481.937 660.679
746.787 -289.538
-557.917 -417.768
-331.906 746.366
-394.838 624.689
-589.714 721.257
523.21 506.329
-640.882 -482.301
-656.726 -398.605
586.162 324.573
-359.399 657.339
376.251 443.339
26.345 -54.683
0.593 59.484
-393.705 568.339
-498.569 -598.044
-410.098 650.655
-525.692 -611.142
-318.996 652.653
-464.09 -562.609
-85.206 32.719
709.223 -408.005
818.338 -291.957
-187.082 -10.398
-491.124 545.275
524.693 563.347
-488.29 584.345
84.806 -38.475
-184.866 550.899
-54.004 -85.953
-423.773 592.067
-14.502 65.852
93.369 25.866
-69.347 -22.829
-19.813 -54.33
670.154 482.516
-511.817 -509.442
-637.962 -499.002
-202.211 -7.368
664.379 -353.573
-523.642 -632.807
-388.395 -455.965
-347.618 487.345
-570.652 -630.383
750.811 -177.915
-448.306 -603.335
651.578 -267.825
482.832 425.465
858.045 -324.385
805.252 -366.751
-12.005 7.552
908.416 -303.895
140.718 -86.227
578.446 502.18
-649.938 -425.715
757.735 -432.7
-331.098 693.602
705.339 -281.523
-499.853 -606.74
-63.918 -89.224
715.834 -336.399
-48.223 11.32
-416.286 622.908
-461.855 507.423
-544.629 -326.149
-383.938 -544.983
630.94 510.427
-444.578 730.341
617.844 -330.553
703.967 -246.009
-545.396 -593.138
761.202 -276.138
367.126 520.499
193.653 91.719
566.931 421.358
69.124 140.991
-484.523 -486.162
347.407 486.881
804.518 -363.229
586.367 517.224
-65.35 114.022
-368.729 571.432
-497.293 515.691
861.601 -163.054
-480.898 -523.241
-493.983 -644.612
-483.567 -596.045
-426.403 666.694
-76.56 40.223
569.266 -447.628
-616.072 -501.625
556.902 -157.497
-123.987 -11.806
-416.977 -353.373
555.935 -326.367
785.787 -188.496
-417.952 -593.647
-283.279 478.963
402.56 427.833
558.727 416.517
453.013 537.323
695.173 -358.25
863.486 -261.064
12.946 -187.374
-425.175 663.907
-457.917 -423.156
-496.755 693.6
-481.178 520.204
509.683 446.337
73.465 -29.958
-25.133 79.802
-496.084 -662.756
-429.085 -522.985
-495.441 -446.929
11.749 -58.684
512.367 297.397
513.551 -200.329
695.161 -308.847
-544.624 -522.83
88.802 72.361
615.935 464.093
-457.661 -517.819
376.797 556.076
538.572 419.515
757.864 -235.062
-480.841 -551.283
21.404 43.273
6.497 -206.936
656.249 -268.05
457.225 621.372
-26.92 -67.375
2.401 -0.857
721.042 -293.798
786.005 -402.731
-439.719 683.126
495.805 489.348
75.431 112.183
321.442 346.918
713.148 -153.423
559.113 617.021
-359.623 -460.888
-444.023 457.132
-467.082 656.102
677.841 -384.66
-501.597 565.82
-7.486 150.782
-462.514 -592.414
30.145 70.442
460.244 561.676
-494.767 -580.296
-499.586 455.931
-0.759 97.126
39.694 44.937
-511.688 -478.074
-56.927 45.728
-11.361 38.832
558.95 544.665
530.239 487.849
-328.542 566.79
579.822 417.622
477.418 563.623
-558.465 -451.476
-478.784 -476.981
572.855 575.288
615.351 -330.798
715.598 -461.573
393.849 398.696
476.09 441.724
775.303 -307.846
-376.222 -527.095
-494.692 -599.264
702.436 -260.624
-327.896 767.039
32.915 -14.097
-511.625 -514.81
394.931 626.578
644.09 -340.587
-11.426 72.954
-437.057 -536.797
-466.695 -304.279
-472.506 -484.219
-391.515 594.22
-418.972 -420.414
-437.522 657.335
-64.139 34.586
137.414 -40.745
304.698 500.78
-481.829 680.24
456.599 437.841
704.229 -249.779
209.424 -65.601
-537.878 -435.329
496.856 477.082
-127.586 -43.023
688.292 -375.958
587.552 594.558
-262.009 -489.68
-409.668 549.655
-546.876 -486.297
409.601 417.914
-244.077 602.467
-107.614 14.164
-619.088 -665.091
703.429 -254.917
89.751 60.934
-556.643 -615.714
610.088 539.554
25.648 169.515
-10.97 18.78
-437.69 -447.727
682.134 -118.922
525.344 437.202
-382.865 655.589
532.956 390.765
700.166 -318.08
-515.646 -466.449
686.089 -349.287
-327.317 474.221
513.238 641.357
814.38 -280.748
-130.05 21.113
-492.318 -442.764
-115.241 68.415
-0.95 -24.468
-466.515 -494.77
-591.062 -540.479
-436.824 662.21
608.092 -237.171
468.253 442.386
66.436 -35.718
895.842 -208.995
-491.013 -415.308
382.485 460.453
547.237 438.925
-484.969 499.529
758.092 -357.462
-325.787 656.143
-470.746 -518.276
-132.692 38.449
-377.042 622.731
61.215 40.48
-515.186 477.9
546.056 578.161
912.766 -236.133
-475.053 652.027
-365.533 622.968
-298.534 607.796
-360.635 678.004
551.678 432.484
620.059 -335.91
705.149 -328.576
590.221 398.719
769.079 -403.658
-303.619 507.427
31.56 -14.754
-363.597 -418.858
-224.091 497.677
764.961 -364.925
-77.301 9.714
-525.956 553.367
-15.634 125.078
-356.174 729.212
742.195 -324.738
593.175 -199.517
1.932 -26.149
-622.708 -618.134
480.189 451.928
585.91 481.139
-354.625 613.843
499.375 408.32
-486.091 -633.847
-583.083 -416.139
763.193 -156.091
-475.049 -399.326
583.38 450.701
-413.704 -327.463
-65.09 86.997
-587.558 -555.498
581.519 587.42
11.55 -37.535
113.111 42.739
-669.687 -596.751
32.749 18.102
-455.478 699.79
-417.492 -394.651
-651.629 -543.415
590.975 480.428
101.464 28.55
401.965 397.596
-5.46 -15.201
808.411 -158.028
360.985 507.721
-476.861 -376.63
-483.021 698.236
36.834 31.655
692.346 -280.678
-473.273 626.236
-392.818 756.366
-455.184 653.784
-490.985 -588.824
15.017 -21.444
477.904 322.133
772.088 -286.532
598.567 -303.732
-507.922 -504.939
-99.371 -45.224
-477.084 646.939
-529.68 -601.977
-443.163 -531.324
-110.069 41.629
-426.377 -380.933
12.252 107.531
-421.927 -501.127
-419.772 -508.653
607.666 -264.916
-416.23 604.394
162.231 92.916
536.828 316.606
-442.433 -583.824
658.049 -228.596
-488.514 538.444
-430.517 486.612
610.092 -377.199
17.352 -17.262
545.632 527.884
-338.009 563.534
514.52 568.201
-65.539 2.195
-310.813 562.573
517.09 477.097
696.564 -355.458
-136.02 -12.584
-353.522 526.546
160.948 14.155
799.689 -200.117
680.66 616.257
597.291 495.156
-542.79 -471.142
-504.019 557.818
-398.302 601.596
712.644 -221.438
-433.266 543.618
-27.598 -28.884
850.27 -272.883
-471.4 -544.699
656.699 -263.853
-484.033 602.176
787.53 -418.304
-11.612 -0.247
-499.06 -351.041
558.96 378.021
558.188 482.947
38.558 83.1
683.18 -286.018
-484.497 661.627
502.229 486.03
114.879 101.535
16.751 -177.092
-613.489 -549.817
623.375 -389.112
776.269 -442.285
497.748 535.443
387.714 471.023
770.71 -242.88
699.975 -287.718
19.528 -63.865
62.578 8.864
788.654 -241.239
-48.169 34.777
503.835 607.331
-458.773 417.876
519.008 520.447
-506.469 596.371
-224.2 673.987
-672.21 -449.505
-444.034 491.036
-40.235 -25.751
-463.645 -401.922
524.624 422.565
-436.274 646.96
570.217 598.753
-373.805 532.533
-102.927 7.894
495.814 619.095
634.029 -402.274
-468.012 -462.352
-605.278 -521.607
-487.79 -627.973
-403.39 554.644
92.45 -133.983
128.719 37.163
728.826 -244.846
-374.693 613.734
-159.606 42.756
802.854 -347.917
572.121 -327.235
538.7 447.041
-416.946 503.745
-560.08 -485.54
-457.071 706.861
495.464 618.197
-6.314 62.804
697.93 -323.013
607.696 -201.492
691.773 -196.437
442.904 498.181
-455.521 -530.437
-468.131 -518.711
43.068 -148.953
478.078 618.302
93.44 -105.342
-341.472 687.7
-456.191 -424.498
-347.056 684.549
333.617 552.075
387.713 523.391
181.702 -77.003
-395.059 -563.612
-34.887 -183.095
-16.915 57.216
885.075 -355.36
492.522 463.435
765.9 -314.275
-25.097 51.852
-7.253 153.79
-91.063 -106.326
777.675 -309.762
-547.151 -484.346
-338.361 539.818
450.798 498.09
747.04 -326.572
-559.322 -485.124
462.832 469.929
-507.03 -510.233
339.223 501.437
806.694 -252.271
-567.146 575.384
-519.419 -584.112
520.145 546.271
-504.05 358.175
-325.002 486.836
-434.18 568.752
-336.752 585.517
562.493 -182.412
-76.028 -19.456
-504.213 -566.311
-393.76 -608.912
-456.499 -563.857
-389.2 468.229
818.973 -206.981
-380.724 609.191
-489.493 -410.482
639.488 -107.414
503.719 -260.421
-420.423 490.052
66.171 -38.092
674.902 -342.239
719.245 -323.786
682.207 -249.078
171.706 119.512
723.431 -120.335
514.947 414.28
457.846 553.876
748.731 -393.232
-140.06 119.551
-398.115 648.115
-63.323 46.529
732.439 -330.8
686.997 -295.077
823.058 -163.895
-605.681 -476.76
-666.726 -525.494
711.413 -166.072
-576.139 -574.23
543.205 372.759
849.671 -216.982
468.47 635.211
-26.129 114.112
-52.969 126.223
-376.845 726.813
-553.241 -649.08
693.768 -375.582
-614.866 -506.735
602.306 621.482
649.14 -294.929
-84.59 -10.999
-129.194 114.725
-416.928 653.991
704.533 -283.179
606.101 416.382
719.568 -362.241
424.953 618.32
590.0 -228.997
-690.965 -440.406
39.137 -73.421
-514.331 -453.528
507.98 392.567
-511.195 622.055
-1.123 -13.958
-443.258 -408.347
14.649 120.585
13.202 80.444
406.375 308.145
719.262 -109.489
72.625 67.831
352.486 437.926
-412.627 574.465
-385.626 429.057
-358.192 519.0
-458.077 -432.706
562.437 499.697
853.789 -445.115
-399.953 -422.795
-89.224 -129.237
-540.624 -538.705
567.427 521.503
-433.897 635.052
52.715 76.557
-619.192 -420.712
584.07 -110.591
621.105 605.621
-230.904 542.12
724.016 -195.737
95.212 19.281
791.707 -468.348
-554.421 -675.853
-481.971 610.489
834.811 -221.901
-26.835 -116.646
-421.954 -471.004
-530.949 632.398
-304.185 626.62
132.046 -12.583
725.965 -248.142
-450.006 499.473
731.445 -255.945
657.883 -395.497
544.375 375.336
-494.601 -368.207
651.186 -232.525
-88.43 -141.859
-449.448 731.334
439.669 568.849
-411.809 800.84
539.922 677.422
-396.649 543.412
-414.639 490.064
637.41 451.864
467.862 573.712
676.67 -229.769
-366.245 -525.163
80.136 19.269
452.787 443.005
-7.456 26.741
526.121 501.659
-469.929 -473.075
-247.068 604.124
-645.171 -439.658
-46.005 -85.794
-350.633 -574.689
587.035 -310.845
699.259 -285.815
-455.508 -524.639
-450.666 570.156
-522.409 -433.134
0.571 -139.602
96.211 55.516
-15.786 83.587
-501.276 -450.285
-5.567 -33.728
734.386 -164.842
-125.602 121.917
-70.576 -95.45
27.71 -96.598
-496.417 -466.014
498.94 576.54
-405.634 605.349
-105.301 42.147
-453.469 710.623
-408.387 361.236
682.53 -413.028
-337.086 513.835
597.716 597.049
-582.686 668.437
-74.126 -122.585
-444.034 608.855
-47.458 37.86
-13.966 -28.892
431.998 502.086
703.012 -234.025
732.724 -319.505
441.401 486.755
24.721 146.398
-421.185 734.226
695.377 480.52
-468.874 -334.977
-462.682 542.788
-593.119 -504.56
661.834 334.553
584.947 451.517
-358.671 759.358
488.213 571.988
641.403 -337.618
-497.598 448.496
-579.972 -433.485
820.574 -476.106
-80.192 93.244
713.108 -283.963
-93.597 146.222
-619.744 -386.883
60.467 -42.658
466.931 449.756
-258.491 609.227
679.089 -268.903
476.701 416.857
529.095 370.035
-359.439 507.301
-527.691 -471.882
447.195 469.851
-471.024 -453.087
-2.236 -75.126
-273.133 6.131
-431.519 472.294
-532.196 -526.305
655.691 -238.708
-506.468 -389.205
-35.156 27.781
-303.875 690.353
-422.689 649.476
-564.015 -456.089
-417.651 -536.434
480.24 467.52
401.317 480.519
-436.842 -458.068
47.531 60.001
-585.282 -370.722
582.484 404.054
134.296 50.985
-504.205 -521.237
-1.277 46.956
540.311 446.034
-455.847 -503.622
-413.3 -513.599
-92.751 94.992
-419.656 568.493
-561.453 -435.049
-317.632 556.666
-658.437 -458.465
-500.937 -500.448
516.798 591.2
737.642 -221.892
683.283 -326.877
-298.937 590.34
-582.122 -377.353
78.88 11.229
412.852 560.6
466.789 605.494
-348.264 631.798
-393.462 483.408
-298.598 571.513
-610.024 600.85
-515.864 -473.608
-309.21 577.703
-444.519 564.566
-22.973 -65.681
639.734 564.94
15.958 -51.066
-477.634 -562.204
492.863 505.964
-479.515 -357.546
-486.603 -453.205
496.04 373.086
-547.239 -464.042
-621.857 415.913
-124.446 -15.545
-492.444 -399.583
-434.278 720.698
-387.783 704.636
37.599 75.328
-532.623 -574.391
22.023 73.194
-434.198 511.303
-484.537 -600.592
-509.088 -501.539
612.294 460.131
76.545 -0.775
-377.133 -422.094
509.115 573.699
-413.481 -345.458
568.453 -328.291
-73.217 25.888
-531.222 -419.327
477.915 614.572
580.885 -308.546
111.169 -82.504
-461.006 593.509
463.667 619.078
-18.579 -31.952
621.015 435.598
148.906 -31.59
31.475 33.674
663.527 -317.421
452.361 474.777
727.202 -99.015
605.633 -414.301
23.735 62.593
544.835 512.195
-108.878 -6.629
-532.663 -404.922
816.576 -195.38
-493.37 -592.332
22.717 8.361
-390.02 -537.811
829.303 -283.97
-433.398 704.182
-434.213 577.784
-675.066 -581.171
-496.119 -423.125
714.416 -97.383
205.656 -23.14
-102.549 23.186
657.041 -369.428
533.124 518.551
-396.123 709.535
852.79 -364.557
11.561 161.424
741.723 -304.06
-484.712 571.021
74.605 -86.544
-29.024 -8.237
-322.982 652.371
-478.454 -466.639
-539.376 634.814
86.285 35.147
-290.255 623.184
-443.445 -615.999
31.694 -52.411
598.686 -205.188
-475.556 -428.562
-49.795 -116.709
604.251 -374.203
-46.925 -140.836
745.346 -265.131
136.441 -71.207
442.534 488.63
-396.032 763.624
-520.968 -518.005
525.844 347.936
-506.053 671.569
447.543 561.907
378.906 497.917
655.442 -221.143
-12.473 -88.006
480.743 475.619
21.553 -110.886
-50.778 -59.776
653.762 -373.59
-490.244 -509.612
497.032 538.706
684.217 -265.218
91.146 -25.596
-515.242 -307.346
373.762 443.399
621.419 -215.528
43.461 111.584
-34.904 -55.25
668.858 -350.971
825.35 -259.239
425.79 455.811
-503.505 -466.729
-472.502 -541.366
285.782 450.075
-400.018 -594.494
-476.775 -533.579
458.688 492.423
503.574 617.889
-443.091 558.643
546.854 496.29
777.2 -279.692
809.964 -247.497
649.505 -385.162
625.233 -428.846
29.02 -22.634
476.752 438.088
638.082 -300.487
537.39 545.516
785.367 -218.358
-396.718 551.911
101.149 43.362
-509.244 -461.319
-477.299 542.767
-380.171 -523.356
-271.582 601.103
-337.907 603.606
655.5 -396.081
-545.381 -475.09
-269.321 655.587
-46.303 -70.378
-612.409 -618.313
574.376 415.797
-183.284 -117.85
-388.202 -517.078
-67.352 -139.069
723.399 -338.526
-202.876 -57.304
-375.524 481.747
-407.216 -567.152
-494.551 578.323
534.307 484.812
-458.176 -535.486
646.611 580.923
19.321 -0.847
499.738 484.948
57.823 63.018
703.785 -283.773
-353.592 774.929
-12.92 -70.667
-348.752 640.743
-405.796 506.414
-182.376 633.721
-415.865 -583.736
91.651 56.078
-483.557 -542.205
758.243 -338.106
739.116 -263.393
448.979 513.642
679.23 -332.077
-533.788 -559.08
584.162 531.0
-425.404 -515.466
-642.449 -470.813
-59.208 36.073
552.965 658.671
-389.492 -538.77
625.452 -193.698
-458.731 663.405
525.729 516.266
534.327 403.979
794.422 -482.708
705.487 -374.347
-589.729 -568.013
-598.878 -430.705
624.809 -268.234
-383.77 -515.604
773.846 -227.511
446.84 497.43
620.553 -356.315
391.243 563.205
503.836 520.426
-516.247 548.988
684.776 -281.623
-119.499 -102.926
801.32 -456.329
-373.66 -529.352
-557.798 -520.473
490.757 362.277
638.454 526.521
682.792 -239.064
402.932 478.72
747.237 -359.953
-257.95 573.347
-309.416 757.232
-505.906 -520.281
-546.581 -480.789
-567.552 -445.173
-461.471 548.059
-318.57 500.593
-505.458 576.825
-470.159 -412.918
510.609 588.684
619.013 -324.495
439.446 490.973
-536.67 662.677
-64.329 -6.159
475.609 456.119
629.407 -350.788
-119.747 -107.686
470.731 -238.746
710.788 -353.079
661.107 393.491
567.903 649.017
844.006 -220.034
-136.01 58.73
65.83 -90.255
-421.258 659.641
579.524 387.129
679.944 624.035
-480.846 -650.001
-376.679 -394.019
605.25 -287.312
433.468 537.294
528.425 -241.532
-509.806 -440.946
86.199 -13.907
595.606 -170.672
-306.205 652.498
166.775 -147.642
-426.109 -512.224
686.292 -337.584
808.572 -195.969
-511.195 -487.17
730.107 -396.343
647.59 -428.772
555.319 431.45
544.177 491.418
-488.906 633.716
777.962 -274.04
-120.011 -32.516
469.438 581.45
355.132 604.771
-470.096 -458.879
-357.531 762.858
741.909 -212.542
-319.861 646.066
786.35 -378.124
-505.573 -561.632
-442.332 592.572
53.367 -53.475
420.725 535.579
415.765 505.883
611.003 -291.417
870.721 -138.023
776.166 -210.377
-84.085 -134.091
624.113 -293.933
-4.992 -57.836
533.117 539.117
493.452 721.291
640.361 -400.598
678.316 600.797
-439.196 -526.634
677.817 -269.157
661.504 -273.779
-37.108 -118.12
-251.929 607.632
-553.988 572.441
-179.263 -47.129
525.47 480.707
-390.701 596.014
746.445 -195.348
822.736 -312.11
509.855 394.179
-542.32 -573.082
71.079 35.315
101.856 37.567
442.238 421.234
54.437 39.737
521.037 474.109
42.488 -20.062
-447.313 523.964
586.475 510.432
120.481 47.282
-387.609 631.265
-472.218 -425.951
-380.776 687.884
-526.028 678.831
-442.963 608.136
-304.83 745.568
639.257 -292.399
-265.335 568.251
-500.18 -628.616
707.637 -332.556
-538.897 -668.315
697.033 -301.215
741.116 -257.528
446.775 380.652
-445.104 -367.222
-514.586 -564.844
467.591 488.947
-501.134 -480.491
81.135 -56.576
-254.697 625.573
713.983 -429.919
-446.816 720.325
-593.352 -629.027
460.461 525.202
-302.796 562.162
-429.038 610.967
-350.84 -557.108
23.427 -15.358
609.139 402.043
-461.535 621.397
382.385 486.84
570.735 647.989
393.462 374.7
-356.791 566.203
-58.605 136.887
-358.978 607.823
-237.289 549.562
520.311 389.39
-74.599 20.759
580.143 -393.044
-29.626 47.981
572.8 559.356
-472.803 682.626
-510.581 -451.589
-345.425 646.896
-449.017 704.717
493.564 531.525
-28.029 -28.178
846.357 -244.75
-337.923 654.88
652.855 -268.107
-360.003 449.59
-651.056 -393.744
-382.836 -636.719
629.077 -337.716
-394.259 577.396
525.682 631.668
560.891 691.244
-84.162 172.579
-487.454 754.034
778.451 -383.808
-21.7 -116.592
99.438 -45.325
-401.411 606.157
-431.349 -664.079
-472.289 -569.255
-85.392 -85.732
-84.645 90.287
650.57 -426.203
-404.151 -377.436
706.616 364.46
-481.33 596.162
-507.764 -529.651
-560.43 -452.468
452.472 392.965
-402.923 676.079
643.517 -249.299
-89.065 -138.776
-483.675 -487.541
-437.893 627.777
-11.853 42.187
-576.501 -598.535
-623.33 -616.058
-317.701 579.879
683.071 -238.037
-24.207 -103.339
534.719 413.711
-514.304 684.408
-497.759 -478.71
-62.307 94.571
637.746 -216.818
-220.362 570.258
-523.975 -522.658
98.65 -49.976
7.45 80.085
514.047 495.084
26.06 15.87
-405.244 -594.628
312.447 443.087
-530.679 -601.769
-593.647 -367.795
-94.381 64.717
-335.944 654.845
728.039 -325.63
458.915 465.792
427.933 468.878
133.599 -69.68
868.54 -326.074
-143.662 3.038
-160.251 27.183
-63.464 42.952
-26.089 -31.504
-411.367 -425.714
-395.887 584.958
-447.32 576.127
-502.069 705.004
710.373 -291.387
520.974 484.37
638.628 -110.501
-442.948 705.18
497.738 619.254
-387.433 620.115
-359.53 654.691
-625.941 -569.029
-471.056 692.444
-492.467 -524.531
-566.29 -387.798
-158.866 -83.012
659.202 -260.613
561.878 556.859
733.13 -336.831
749.272 -307.428
668.845 -297.595
-517.946 -494.054
-345.043 635.558
-398.513 689.653
624.936 -277.459
-437.495 -429.751
-502.219 603.071
880.952 -205.097
84.682 59.815
-619.169 -697.555
-92.027 18.529
-407.438 -507.806
655.239 -411.592
-416.334 686.289
459.084 -235.921
618.41 -328.684
14.435 43.618
-335.132 -554.909
-490.862 -548.909
-483.018 450.004
634.347 -430.578
-150.558 -38.269
-477.25 588.543
679.4 -315.105
699.1 526.478
636.881 -249.357
-459.127 599.161
-302.813 -383.685
-0.232 -51.673
-22.711 128.7
-387.823 501.936
-162.541 708.286
-368.678 569.958
-515.664 -403.642
-406.027 579.548
38.88 -6.562
-374.262 581.67
-455.85 525.215
-391.552 505.802
2.072 129.687
-639.103 -465.57
460.072 470.644
-581.49 -356.561
620.162 -256.751
760.577 -192.252
518.202 430.501
121.758 -21.804
-415.53 615.713
-30.061 -73.76
740.378 -239.608
-509.534 -525.999
-314.635 637.218
517.554 647.198
-318.929 539.706
-382.616 -420.808
-1.357 -1.603
751.521 -376.162
-514.279 -513.579
-407.301 626.308
25.148 -33.968
-19.446 61.938
-39.852 39.357
-90.255 110.037
466.12 472.736
662.072 -376.088
-430.853 640.345
676.535 -331.834
362.353 477.903
-319.081 634.105
-479.353 -526.449
482.282 408.88
-1.521 18.167
525.923 515.901
54.331 -89.715
-422.311 456.67
445.789 436.261
1.969 36.724
178.815 135.347
612.613 -186.484
-428.976 563.56
581.868 465.831
-385.814 587.947
-399.297 -423.549
-253.469 602.064
-485.704 -427.251
530.617 516.595
-358.972 523.223
502.86 499.072
-350.452 683.404
15.829 106.569
-169.423 -0.396
666.854 567.711
-598.133 -605.945
859.414 -347.095
-331.446 650.252
-388.104 638.914
652.027 -378.589
533.651 526.429
-34.403 32.695
-495.817 508.518
-490.336 -543.515
-476.423 -438.906
685.173 -326.69
37.415 -136.45
-572.11 -417.525
565.793 529.537
-362.219 567.528
414.153 483.286
-0.481 39.438
-291.577 598.522
526.652 505.503
-380.584 -612.369
-378.357 -562.496
-373.909 -621.87
-582.878 -420.3
-41.951 61.896
-656.213 -410.056
85.571 -81.367
561.186 377.96
742.43 -375.894
-481.536 768.289
85.103 -118.659
-390.409 -455.413
-367.497 547.908
-486.825 -489.346
601.471 484.56
-480.619 -527.94
-493.945 384.374
-125.865 -24.179
-16.59 41.597
-549.214 -512.281
-369.827 515.298
-501.108 -541.831
-369.792 663.086
-5.966 -3.964
-48.948 -31.561
456.152 461.08
-9.251 -23.588
-373.269 554.988
734.48 -342.779
-495.666 -526.956
-540.631 -559.366
-342.798 616.162
-23.738 -85.116
727.277 -136.428
-113.247 99.348
-340.919 622.486
703.467 -338.101
50.665 -11.841
-460.348 -595.124
-334.26 572.562
388.006 468.655
-441.028 -533.46
741.698 -369.279
550.717 353.072
-84.922 -14.102
-300.944 596.411
-395.485 557.507
-68.059 45.876
785.067 -252.884
-532.234 -565.703
-456.139 652.601
-447.189 514.363
-578.106 -533.347
635.187 -195.776
457.562 399.7
34.862 -22.418
-641.072 -545.05
-408.819 670.918
-446.901 611.301
-561.613 701.204
-520.862 525.92
485.305 625.475
608.906 -126.163
468.606 450.407
765.853 -346.882
-380.254 767.951
-351.48 -635.621
761.404 -225.729
-421.27 565.529
507.875 407.548
-621.018 -606.252
-629.606 -592.76
707.128 -376.358
-427.596 -314.758
495.419 556.779
709.099 -229.925
-489.926 -505.093
515.512 474.241
-520.248 -493.521
-435.388 468.573
-79.129 17.714
-575.87 -539.877
662.011 -246.988
62.512 -55.56
103.076 -37.877
713.139 -285.335
-457.789 553.981
-425.311 -556.656
-17.44 74.127
514.054 473.795
-350.078 517.338
-380.97 576.388
-451.954 569.373
-530.965 -425.982
729.813 -316.229
-439.074 -431.406
-492.266 -492.029
544.856 296.85
-489.311 -413.869
473.626 549.251
-512.792 578.542
433.268 559.626
-549.986 -437.516
-455.994 645.507
686.452 -318.048
-412.322 575.732
533.938 480.452
761.636 -344.686
-419.467 473.517
-589.507 -469.664
-459.593 -466.056
584.269 609.556
38.427 -114.41
-595.574 -639.023
-383.572 563.47
-293.277 636.72
-351.405 468.946
501.095 659.665
-10.257 100.772
-513.347 -477.799
763.432 -327.228
472.241 459.955
694.047 -235.716
676.309 -252.146
632.511 -303.567
652.368 -284.23
467.693 451.448
749.764 -158.467
-491.56 -416.214
-396.191 613.517
-285.161 -456.824
-463.888 -555.074
-523.251 -479.233
-430.118 -641.026
511.547 567.182
-469.524 -427.357
761.22 -242.969
701.431 -308.16
-461.284 -444.798
599.205 -324.248
-442.98 -702.76
-583.327 -524.97
761.226 -445.915
-33.164 -65.831
525.372 586.287
604.916 -324.505
35.906 105.769
437.376 581.775
645.592 439.379
-311.684 641.645
305.074 427.763
-467.168 -432.571
-533.826 -476.508
-332.569 713.902
-587.58 -415.662
-471.953 517.851
14.452 -25.503
700.932 376.128
-408.181 463.299
-402.429 406.344
20.186 -51.94
475.585 425.979
-550.577 -352.304
756.495 -323.479
-435.669 623.26
712.239 -279.937
-414.873 -464.706
-514.662 656.289
-476.945 -456.806
86.569 -16.23
782.072 -271.055
-47.812 89.778
61.416 -116.659
-428.249 -575.406
-722.775 -356.388
551.764 438.338
-332.424 603.869
794.646 -256.109
475.372 508.852
-480.503 -463.754
-581.958 632.016
676.393 -428.472
-646.601 -558.393
758.069 -382.647
615.436 -408.878
-358.769 676.181
366.078 639.086
-440.339 532.558
644.437 -182.044
-436.445 657.4
750.74 -175.718
-294.842 -554.719
-329.279 487.13
522.686 480.381
-498.066 -624.511
694.545 -412.259
-508.947 -635.694
-344.856 -643.75
-347.862 600.652
-643.407 -541.012
-430.425 729.695
-395.663 -544.858
700.509 -244.738
-367.772 535.066
478.025 475.066
-604.916 -422.99
-391.398 509.67
-556.094 -511.559
-340.507 493.591
497.324 498.725
719.973 -288.362
63.998 -7.983
-347.602 492.268
-7.767 -43.485
-362.427 651.19
-62.299 118.24
7.04 -35.967
627.055 436.072
3.803 55.273
658.763 -394.257
-23.505 9.193
-433.119 -586.562
-502.438 -640.355
601.849 512.399
18.587 -36.025
-457.77 604.272
403.604 421.003
547.304 470.415
-444.056 -428.83
490.227 401.886
698.923 -226.062
-440.483 622.479
659.816 -319.926
661.927 -413.929
-311.066 427.412
-425.914 -477.118
618.93 -282.998
224.034 -49.112
-315.568 686.069
-33.171 108.117
354.077 369.721
693.273 -292.307
-567.266 -573.746
186.079 -37.208
2.815 -117.863
-29.161 -107.727
-395.898 577.543
-443.668 -584.21
-422.701 718.868
101.084 -107.245
626.797 -242.475
-390.103 585.406
595.747 -435.575
-294.507 488.748
-436.678 524.646
-482.034 -339.927
-577.217 -524.952
674.958 514.288
589.785 -400.197
775.971 -384.268
85.535 -7.124
-563.022 -531.176
-616.382 564.228
636.309 -260.767
137.494 136.9
389.056 603.673
480.319 477.32
691.199 -338.45
467.572 586.067
110.195 -60.767
583.735 570.78
78.071 13.585
433.924 578.217
-382.216 577.652
-581.115 537.416
761.647 -309.582
791.24 -421.708
491.138 612.91
-600.889 -526.551
658.217 631.229
-311.535 572.486
-389.88 663.465
652.413 -262.437
-439.195 557.348
-577.442 -480.119
-283.528 650.486
412.804 600.859
632.677 -90.881
682.695 -150.441
-384.786 428.238
72.302 61.937
-505.49 -532.457
446.684 587.875
545.77 679.01
-1.672 -4.874
611.15 645.777
778.422 -271.061
513.003 516.337
57.68 73.647
-542.452 -550.347
-2.006 -95.824
442.772 652.793
-475.588 -489.282
-59.233 -35.109
-492.596 741.814
703.028 -252.224
-452.839 -711.678
-502.425 669.955
340.613 477.596
-322.372 691.569
22.709 -196.448
509.302 493.863
826.619 -349.239
-592.15 -636.721
-593.132 -672.05
587.454 -402.807
-519.11 -511.524
-407.97 599.136
-494.292 -356.409
-565.977 -553.486
-337.864 529.642
-453.48 -464.833
563.918 403.671
-476.728 -490.599
529.765 -207.333
629.17 -473.762
-634.823 -513.671
819.851 -262.244
-31.621 -18.531
-435.123 627.896
25.716 52.242
756.42 -352.011
-21.056 88.363
27.448 91.792
-258.907 447.081
619.382 550.808
-455.95 586.975
-492.861 699.234
-525.991 649.891
-136.946 2.114
629.438 -207.431
469.891 370.042
431.533 527.184
-531.767 -441.505
-298.269 630.847
-421.829 -495.404
28.295 33.784
-374.316 541.346
622.997 -418.174
-314.935 611.532
694.013 -247.852
450.042 461.867
-433.434 565.775
68.362 230.646
687.713 -406.669
-540.715 640.594
-304.691 646.602
-626.621 -460.469
-420.64 -491.821
37.155 15.618
-407.993 -523.782
812.559 -256.901
632.634 -465.321
-606.043 -503.909
611.03 454.551
698.596 -452.697
-542.619 536.644
-469.456 526.007
491.085 436.202
-562.584 636.4
-531.492 -458.677
805.572 -130.295
-367.856 668.64
-438.099 -512.088
505.73 563.761
-461.503 648.896
-37.752 101.902
-400.909 579.477
551.501 -140.222
-545.08 -389.244
-591.881 -526.607
-568.131 -507.579
621.649 -371.116
-605.206 -487.409
472.115 511.279
469.531 571.158
-558.865 -523.036
-414.074 498.669
-377.335 -400.314
52.301 11.923
473.129 608.838
569.333 -337.481
550.499 533.295
724.639 -371.507
-566.769 -570.646
694.964 -328.465
-604.265 -531.093
-585.464 -498.341
-11.886 120.543
-551.69 -481.924
494.871 507.775
746.449 -307.28
-400.064 565.121
681.367 492.795
683.606 -68.616
-581.334 -475.384
582.529 447.964
703.647 -462.075
-582.706 -616.041
-335.99 681.706
736.091 -267.686
107.483 -16.558
631.605 -384.348
767.225 -388.487
758.7 -312.924
-468.137 -487.44
-524.587 579.787
566.899 553.75
-468.823 -454.116
562.784 391.128
487.189 619.485
699.51 -302.73
28.35 -63.507
-331.41 -490.33
-421.886 597.919
616.986 -300.943
644.654 -315.88
583.061 -233.838
559.584 544.101
-505.645 -536.181
159.271 -116.16
774.251 -402.731
521.706 568.496
674.474 548.853
-342.401 646.851
-527.387 -539.916
594.457 566.204
143.229 -20.298
415.473 634.662
-377.659 603.37
782.182 -323.537
453.175 375.222
603.316 -339.264
-325.22 644.473
29.932 -0.448
-606.667 477.881
-557.874 725.178
-295.776 446.162
441.415 579.182
-401.149 553.462
-303.805 606.748
636.616 -376.699
-412.773 681.517
490.788 500.93
-34.608 -113.011
-128.228 24.615
-555.444 -462.08
-343.305 480.764
725.86 -220.284
567.946 444.622
-701.325 -452.722
-545.295 -650.719
-662.898 -459.48
-475.159 631.009
-328.646 527.483
613.754 -242.566
-485.364 589.435
464.627 475.049
-342.038 557.277
-569.723 -426.309
569.343 527.129
-416.066 -277.878
-434.135 711.958
877.088 -430.286
613.857 561.079
757.628 -127.722
570.392 -341.73
-418.896 568.291
-92.05 69.625
-582.312 -346.426
-512.643 801.124
744.588 -270.92
-546.524 -463.929
763.627 -207.339
-637.455 489.022
455.615 440.693
772.737 -216.623
780.63 -232.548
568.918 582.735
596.203 -314.662
-493.056 -453.697
-300.917 619.903
744.333 -286.254
-401.644 582.339
762.633 -357.48
71.616 90.638
694.509 -211.337
