547.11 -940.749
-453.346 985.172
-18.793 -288.378
882.286 -136.304
359.39 321.344
-828.612 237.232
596.11 426.217
-835.924 -691.558
423.354 267.802
479.311 -366.644
-786.898 -989.61
-383.465 -280.165
-460.467 -734.986
-625.216 -102.313
109.48 -183.912
-947.476 -292.171
-813.871 196.088
-351.139 -229.524
-416.305 -224.401
-830.601 802.272
810.415 956.346
143.921 -660.834
-238.536 -722.32
-397.737 -13.752
-873.466 -130.647
-157.795 -31.537
-846.157 -496.601
-506.82 250.067
187.613 -608.904
-786.055 -390.684
897.647 -335.566
240.384 608.153
-340.917 -330.528
630.951 719.017
948.451 -727.751
-358.67 894.558
-598.297 -371.633
929.149 937.45
-417.104 389.916
-17.985 151.759
-515.151 -247.889
632.989 -214.13
-772.224 127.701
184.454 91.258
363.425 100.198
906.009 -76.756
416.734 -123.09
-417.338 385.671
637.931 591.314
-181.717 -1.394
266.672 -515.958
317.326 430.473
578.154 -852.07
981.401 -41.531
-198.39 13.225
840.784 383.418
87.29 581.442
-280.941 791.003
73.812 276.361
-830.036 537.908
315.203 -289.982
294.0 -911.407
967.216 354.944
-200.765 505.366
931.434 -139.089
-978.904 -482.523
21.352 37.596
161.037 150.471
-108.443 -217.732
544.684 177.18
0.932 -310.065
-950.875 -790.901
-168.049 923.456
-767.861 881.352
-716.65 -376.219
-89.335 -586.265
-34.148 -47.675
-123.668 393.527
-362.181 -399.472
620.372 -769.829
698.36 295.94
354.279 -671.292
967.801 -512.174
-651.094 -679.729
119.698 916.925
-536.289 -189.905
-631.096 280.958
-135.731 -941.615
228.214 -605.351
184.406 -222.328
409.471 -588.431
504.651 617.46
-874.872 -796.496
743.959 -626.08
-348.03 -84.899
-475.293 725.273
55.43 278.217
193.942 222.617
174.009 -304.151
691.036 234.725
627.477 411.977
-405.11 228.969
-830.496 -732.104
-764.277 -389.24
-633.911 386.873
21.65 -163.522
-724.265 -232.58
-628.493 271.003
386.866 290.52
999.799 109.825
-20.716 -719.407
-370.84 -97.998
-892.777 -281.922
-980.833 -726.931
630.432 927.658
10.876 -10.06
369.393 -168.739
679.784 -22.601
-834.659 -938.279
522.113 -415.82
-450.294 75.217
-663.582 -85.357
485.037 531.839
99.452 -773.578
-771.587 550.226
646.566 -266.276
645.222 -916.779
437.96 92.707
979.551 -795.167
660.141 502.691
-404.582 998.625
-100.535 -302.846
633.457 -121.86
987.915 551.263
-526.108 621.405
175.848 -298.738
421.508 265.541
-668.037 -721.53
-586.761 -586.115
-881.284 -298.369
-437.83 77.537
-352.693 408.108
-421.334 -465.314
716.034 970.977
358.599 -809.55
925.544 571.382
837.537 984.972
734.095 -746.224
732.158 -500.646
422.79 656.964
522.947 352.469
-21.083 154.851
-462.566 -171.55
-96.017 267.256
760.25 -813.81
31.227 -443.549
872.672 -261.858
900.508 -345.421
-995.054 548.271
465.448 461.864
-83.101 328.288
-283.555 -873.339
68.849 -564.34
-140.714 -576.297
-462.926 656.687
-324.49 155.867
132.284 -29.324
-312.521 365.104
-903.181 -800.851
567.78 -80.836
-751.526 715.303
-117.428 -998.648
916.064 -595.364
377.184 -736.174
299.994 -682.045
865.451 -451.961
309.176 -499.221
-256.312 807.601
-668.95 -207.317
-388.982 398.883
-531.712 310.97
407.396 -997.827
-46.387 -734.6
-547.618 359.965
-981.426 391.194
634.218 976.31
-155.372 -735.65
-858.343 -233.86
461.527 -795.146
-373.297 761.978
-725.741 546.921
506.316 -733.708
985.88 -714.294
61.017 -983.051
300.04 -119.801
444.864 256.16
-697.252 -176.58
373.132 719.925
-826.624 -799.07
504.891 179.148
-231.936 926.497
-370.993 -720.34
-446.065 -831.503
106.793 200.016
215.186 557.939
380.952 695.784
316.811 -396.701
35.498 19.045
495.687 -408.916
-890.862 795.825
909.343 -10.225
-774.513 -0.835
187.86 56.573
955.394 973.765
867.849 -736.034
721.628 136.761
-269.175 365.884
525.452 908.906
540.734 -966.621
-864.935 -475.629
-920.346 -879.062
578.58 13.221
257.141 2.098
-169.136 403.621
-835.144 73.13
232.094 -445.065
-380.186 22.609
-593.605 616.12
72.78 -218.537
268.588 669.053
362.111 -867.77
397.352 459.917
692.936 -884.188
-827.574 -131.033
-93.256 217.665
-381.42 483.387
481.316 -761.114
415.801 402.999
-672.335 906.032
46.011 565.974
441.531 -666.074
-746.139 562.248
-462.471 772.83
542.861 -941.287
614.216 -456.039
-872.256 424.646
153.303 -845.86
-89.604 -279.752
-0.78 133.772
-264.624 -489.768
-794.19 147.825
445.557 -543.191
17.65 -911.924
725.857 -510.897
-56.471 -234.041
-699.831 862.32
714.97 105.73
827.895 481.332
-161.261 -356.396
-167.487 440.576
-457.484 -844.226
-254.384 4.082
803.882 -641.311
608.676 962.828
908.159 -862.147
-69.812 -435.386
689.693 -345.398
106.183 -984.062
-598.658 127.613
-392.181 245.435
-72.147 183.382
-13.279 545.227
-609.155 800.887
520.964 -509.746
-987.244 -179.928
-534.005 -307.153
679.148 754.397
901.981 -997.076
314.608 698.012
454.43 -792.102
59.629 -523.665
-15.942 -880.21
993.919 423.305
-813.947 842.549
794.575 39.518
401.694 -255.016
949.11 -830.195
-808.846 -732.972
639.926 -850.339
135.641 -130.034
928.437 -526.457
-478.018 -369.982
601.634 401.451
470.706 -363.885
-456.088 -850.625
-594.575 559.874
169.416 -689.179
-671.25 -67.89
-186.975 71.849
929.269 -584.728
-383.385 -469.984
-760.173 -684.769
372.11 652.773
393.756 -919.34
671.85 -344.413
-817.574 -503.562
-288.514 26.919
354.367 -479.666
981.353 -937.836
-191.216 -95.598
496.157 -500.295
-75.914 607.794
-720.414 -976.086
660.745 965.134
-738.57 647.347
-255.521 260.595
289.37 164.648
-482.359 625.494
-956.4 -871.056
804.992 -113.137
-742.417 810.156
658.712 -336.9
-914.607 -78.01
-664.022 147.768
643.371 -210.003
-941.035 366.426
-654.386 -570.568
-625.698 -440.291
766.848 -930.701
238.353 -508.43
-409.79 -176.016
101.377 -878.042
-440.448 -725.528
-601.084 769.305
51.628 261.509
604.336 589.692
978.807 563.832
-281.776 89.036
-30.641 825.354
4.787 -223.237
-640.368 -362.245
-561.96 791.53
557.077 -882.818
983.063 58.865
533.684 999.211
947.96 -799.731
313.729 -466.946
632.57 834.519
-888.183 992.784
-561.177 693.01
594.781 -290.391
678.445 690.442
-647.799 185.039
612.42 395.253
827.96 -943.587
401.122 895.117
127.213 126.218
-623.533 976.012
763.253 -15.547
-381.894 -19.127
-819.485 -534.753
-562.382 52.897
-998.633 835.792
-597.071 -739.021
433.875 837.562
688.568 -352.822
-956.174 173.218
834.448 548.733
692.962 721.339
921.118 -252.818
883.846 -208.809
-797.936 -396.47
-727.097 -684.992
897.387 583.685
921.324 298.361
-651.595 937.486
387.121 857.69
573.984 -553.526
177.9 -649.297
-386.354 376.997
-745.303 457.662
897.576 897.396
-216.797 988.566
930.368 -935.235
204.777 842.076
935.063 -558.209
131.1 873.376
-718.713 490.687
-524.008 964.759
-664.225 770.641
-822.548 417.932
278.205 773.307
-106.74 -469.575
-500.918 -864.41
-486.684 -783.931
-997.438 -228.126
465.169 938.204
769.104 -13.836
-242.575 92.048
-797.143 -41.021
728.101 301.939
374.321 -674.687
-852.581 691.525
-410.183 -362.566
903.324 -851.599
-659.79 -249.084
463.97 94.093
796.248 -813.791
188.061 227.289
-34.526 -938.014
884.885 -670.006
779.507 -685.792
-797.484 -588.899
-620.031 394.393
444.076 459.948
-469.47 -436.954
-524.903 -900.729
143.54 679.709
-692.82 -278.342
-144.788 -410.901
324.04 200.431
-600.65 -948.529
-658.336 -416.377
-836.128 687.538
-383.293 -205.065
-21.806 322.08
-817.726 88.252
-630.238 770.985
-261.197 -108.449
-473.408 -69.884
-547.515 -462.876
-876.721 504.47
334.937 -828.585
-312.417 82.898
941.411 179.453
107.204 681.594
636.81 -162.736
71.029 733.788
-50.351 763.308
-47.475 -842.09
805.554 428.611
4.203 800.91
600.901 355.07
240.546 -759.436
514.378 -654.242
968.736 944.33
616.921 -747.628
-153.25 976.56
-129.214 994.538
254.452 668.216
-484.227 821.609
828.348 -865.976
-223.802 -205.29
-347.746 -447.598
-83.686 746.933
573.101 246.116
45.124 -160.812
-171.115 -703.601
175.868 516.755
879.3 849.856
125.368 -798.019
-427.814 71.267
-312.262 -178.22
-233.913 -28.83
217.924 -925.069
-449.172 -712.295
217.311 387.323
-922.435 779.148
-337.012 -524.841
491.5 841.67
794.063 -959.534
634.772 -393.89
-439.307 -16.762
392.366 -803.565
737.8 -731.229
948.439 -113.779
651.647 -461.16
-166.455 291.11
-624.129 -577.219
647.939 481.89
518.987 734.378
642.035 30.539
-682.055 -377.754
13.591 -728.7
702.591 758.665
-942.104 -614.473
665.86 673.953
-501.019 -87.103
836.062 409.268
-452.045 647.013
10.253 270.82
-752.254 -938.874
-255.066 188.087
-644.833 740.962
173.76 -300.48
-672.973 788.984
497.922 377.701
-429.861 -226.869
-674.185 144.516
929.835 714.222
294.76 355.39
-461.833 -180.986
-959.895 560.607
535.145 -982.204
823.031 294.743
202.284 -983.073
-495.219 610.171
-389.081 934.049
285.481 -152.386
-247.049 -302.582
-496.003 -66.604
354.392 648.622
-205.695 -795.376
23.027 324.711
686.568 -251.54
294.684 218.1
-403.048 -783.791
-872.326 976.722
281.189 722.983
-477.706 422.188
784.748 -402.418
-700.141 530.949
799.374 610.86
604.727 200.067
321.061 361.512
442.566 310.801
994.938 -481.147
-162.869 -223.45
-929.362 416.138
144.085 -620.17
453.1 -555.274
69.27 569.794
813.053 343.737
14.63 690.838
681.277 752.99
-637.728 -804.794
-744.112 -482.696
616.688 525.836
-633.863 359.425
-328.735 -821.4
-289.433 488.42
-385.829 576.181
-337.366 -478.882
-411.898 702.428
-58.927 732.787
167.149 888.602
-857.569 778.852
0.955 734.996
-236.662 -403.288
-891.876 708.48
-725.269 -599.407
-181.616 138.807
813.242 -84.857
-367.233 431.337
557.882 -24.838
262.066 -646.351
268.998 -990.573
-452.944 522.387
-662.788 528.967
-20.846 527.138
-823.917 228.959
266.975 -193.213
930.656 -233.367
-924.549 -601.171
-253.797 -971.846
-355.574 666.457
-618.847 353.496
253.374 -502.354
387.049 -311.3
-742.138 -232.899
177.341 -665.96
647.688 -403.595
-418.344 455.664
192.74 -324.33
775.948 990.945
-314.534 802.768
-281.498 -623.148
896.169 836.411
-193.217 -543.163
454.338 -737.588
468.153 179.386
-662.031 -266.817
301.081 -925.273
753.088 -488.422
69.467 -902.826
989.36 323.94
307.135 -960.516
379.499 -166.449
-239.492 94.565
-51.207 -693.746
390.384 260.623
-397.767 323.329
324.966 -460.046
211.269 -725.673
661.305 -790.172
437.532 -764.531
-771.975 -787.473
-602.707 -600.501
-474.012 46.292
-596.654 406.874
-409.298 -921.189
-7.291 -584.612
866.249 -338.793
-994.524 343.266
813.76 670.464
338.044 -701.711
-819.835 23.411
447.127 -797.419
-488.216 -537.679
977.332 -407.956
-71.445 -800.382
-650.596 -921.111
-418.866 603.192
-374.586 477.08
-810.003 516.408
-908.222 703.997
326.71 -658.975
-284.945 -124.571
243.614 756.951
-814.097 629.929
-634.261 -198.445
924.62 -456.334
-228.569 701.343
599.798 297.693
593.819 -773.887
392.34 -882.707
884.934 -681.209
-167.945 181.501
604.53 356.786
-637.479 -240.498
-282.802 -942.368
368.928 677.073
946.889 -738.689
840.796 -774.125
-177.431 -908.055
-476.774 -371.524
409.136 355.858
535.057 153.298
130.024 955.791
339.689 -323.399
46.206 401.16
-809.516 323.427
-502.846 -308.501
352.591 -230.247
678.066 116.688
975.583 -890.868
286.797 -686.145
697.691 703.742
738.831 -850.27
-16.704 -518.216
940.29 -899.299
-554.587 286.635
-193.446 -530.0
-81.811 602.523
-103.803 713.178
-105.864 -762.586
-5.253 306.746
-794.713 -175.323
114.262 -999.661
-818.209 208.407
238.132 -390.804
16.675 -586.298
342.949 900.71
-273.315 -891.45
-554.164 -91.08
120.302 239.516
-53.733 314.334
431.827 -771.953
518.64 -556.506
-317.286 659.768
928.867 -416.033
43.97 404.192
-908.444 -671.689
-719.102 433.712
443.118 -786.077
221.704 -624.913
860.433 -214.207
-85.908 562.841
433.576 -784.469
-171.059 853.253
674.932 177.622
544.29 -98.991
316.913 912.381
-730.728 -2.343
60.729 -902.857
870.617 677.632
-34.136 16.666
842.325 -645.595
157.109 460.989
-743.236 -225.189
201.092 765.392
8.22 -230.675
959.002 831.82
524.749 -452.808
927.187 940.983
-94.309 -733.256
-174.509 400.029
496.854 -402.174
402.989 721.415
423.749 871.024
265.167 -598.222
248.335 -418.841
-309.413 344.747
962.671 300.173
916.653 7.787
388.624 -355.237
-769.189 -295.524
-39.26 141.276
334.314 -165.044
495.737 682.779
-428.144 694.602
616.61 45.46
-949.456 -709.347
340.508 -600.195
500.37 -678.129
-426.769 -498.878
678.764 381.19
-409.719 507.188
-935.387 628.052
-795.04 736.071
478.985 729.683
484.825 122.541
-524.809 568.614
597.644 -424.723
328.987 852.97
-224.891 913.404
951.645 -374.692
104.249 -974.07
-497.318 241.123
561.85 740.236
659.967 822.973
409.258 295.265
510.215 93.23
206.774 552.293
928.58 -411.645
-645.148 365.318
-626.047 -652.41
27.694 -245.604
-142.984 113.197
-739.867 167.972
-489.968 -338.874
419.379 -690.389
-692.593 -354.74
-898.289 864.764
231.217 323.78
-18.898 145.354
-283.829 568.063
-364.282 -560.076
-632.262 -863.647
10.281 -168.138
74.072 -816.109
-557.604 -573.292
-336.233 -278.404
-563.109 505.311
60.998 993.262
647.377 962.266
-982.393 337.877
-108.666 808.993
227.402 242.263
917.794 365.103
-358.126 831.865
889.975 -228.248
80.475 -434.342
822.672 644.218
-250.084 605.633
-108.886 -912.297
796.563 -614.975
27.789 896.424
-665.21 912.552
75.95 -985.339
-869.056 340.67
547.165 729.902
-151.581 -792.146
75.508 405.486
952.448 550.413
293.122 879.502
493.782 -692.491
-81.55 -336.569
-824.958 -891.464
588.43 116.168
149.925 -544.709
-482.704 -223.935
260.435 -133.95
-966.218 346.597
69.669 282.845
236.699 511.921
171.216 401.764
-854.821 856.096
-787.729 573.784
-397.299 -826.99
530.548 -124.648
-209.773 321.446
-52.025 66.936
-727.237 -218.015
594.969 91.449
920.269 -711.849
354.578 828.338
590.034 458.649
-253.739 898.93
107.048 110.139
-753.53 -989.94
193.31 74.304
893.959 -390.618
496.593 807.093
-312.297 -174.691
291.863 25.105
-678.091 -558.424
669.497 -611.348
-637.284 599.32
704.502 702.775
864.74 988.626
-77.47 99.329
-418.695 -865.274
-803.595 451.179
-25.619 -338.298
-743.57 310.946
-799.91 239.032
800.237 -364.428
-98.708 232.685
-388.649 168.34
131.104 -271.013
-367.334 -143.385
-990.336 -507.65
-556.949 479.632
-127.752 680.22
-731.388 465.946
755.772 -74.303
-282.517 -389.056
103.344 -648.46
213.255 683.586
717.427 -719.997
77.236 -473.531
772.672 -847.075
-849.2 -962.739
14.357 -937.612
163.781 -189.731
180.073 812.607
103.188 86.939
997.456 -55.792
550.394 -268.363
-553.387 544.29
466.454 -418.002
-70.598 20.824
-206.43 4.335
325.357 695.964
613.08 228.072
-668.313 28.273
-107.559 -641.71
897.424 318.827
935.471 471.84
-32.993 -282.409
-562.362 -24.716
-874.278 -261.13
-914.383 -586.452
815.452 -277.497
-60.652 -90.713
-907.125 961.18
-351.858 407.473
42.746 659.294
669.745 -473.368
88.7 -652.3
307.351 -269.406
306.673 670.938
33.326 -247.342
814.485 32.744
-294.204 735.439
-26.277 -35.78
208.422 3.674
-722.063 -668.788
-845.824 286.954
-576.966 -626.189
-275.554 434.605
-763.34 -539.307
622.345 440.511
-36.967 -42.371
-578.592 -677.507
666.73 -955.108
-913.711 146.973
-677.742 259.081
-921.618 144.539
-888.176 -483.481
-639.925 916.477
198.715 127.209
-962.76 439.095
323.49 -433.091
-828.503 -101.593
985.552 734.605
-658.866 660.727
201.677 589.232
640.906 -636.232
319.298 -470.959
448.374 -314.657
-93.06 181.192
-540.372 -229.076
-782.86 -595.303
719.183 8.719
-160.41 -700.878
-807.403 -48.262
229.496 -921.927
567.736 6.658
-764.967 -35.518
-739.342 206.949
655.044 793.938
549.741 298.463
44.088 -259.245
-913.123 59.633
-541.027 604.6
579.111 -237.527
178.096 482.788
523.078 393.415
-804.566 -732.234
-45.718 -534.974
718.106 -433.467
753.533 -182.707
-621.958 418.298
578.845 155.974
-764.343 -985.612
309.092 375.533
-368.197 -275.46
-690.443 303.152
-492.735 709.954
-152.877 -268.712
-448.879 361.211
509.944 -173.544
567.577 -35.064
-259.574 109.823
-492.445 -386.694
-311.287 410.989
471.565 709.998
318.566 495.628
-106.81 398.623
-676.41 -571.084
-198.878 -323.124
101.152 394.115
413.58 -678.524
929.141 -989.419
-817.823 -709.343
851.724 -129.245
-871.839 -556.46
-839.921 -924.489
-231.348 968.896
227.931 42.011
423.212 194.945
891.432 640.457
280.583 -122.056
-596.586 313.768
607.82 -427.987
-932.781 199.03
31.627 -536.658
-661.034 -927.878
-521.487 -999.425
-685.11 993.634
559.346 -293.745
-209.714 172.16
35.485 473.851
-862.766 -819.668
-431.012 659.53
830.018 -303.81
926.575 -446.984
212.727 -610.95
859.428 149.813
-477.785 -185.731
-787.07 -855.228
-411.496 894.031
605.884 913.419
752.226 626.295
149.788 388.384
932.111 126.337
539.934 514.947
922.477 -82.303
-78.559 173.653
-945.299 -767.463
-864.891 267.324
988.396 353.826
-540.14 -368.539
910.891 33.008
-980.554 664.354
-503.485 -813.981
347.396 642.149
-847.942 862.792
-46.889 -292.924
788.633 -461.848
894.236 366.215
819.855 -2.001
-600.667 470.858
745.485 -586.443
-594.467 -500.609
237.194 -688.009
-786.621 840.376
351.624 326.848
227.654 528.488
82.948 -915.474
-35.416 241.335
-15.319 970.723
794.0 737.538
-18.389 968.789
832.014 -439.467
-555.814 153.33
-891.704 598.54
-43.36 81.536
4.95 -212.566
372.677 -650.399
953.014 396.489
-79.859 378.421
-976.36 -578.495
162.016 -349.128
225.556 -480.598
97.127 -525.722
-57.309 226.168
-268.152 -2.46
-578.935 401.425
-255.381 708.652
-440.741 -640.222
-737.722 151.785
-542.867 -800.261
-460.102 -528.39
-135.562 -238.233
-708.313 918.296
-700.904 611.337
-646.785 -0.804
991.124 698.78
34.014 441.121
570.666 -399.932
124.277 135.669
-203.196 381.086
-879.927 627.636
-46.921 259.724
-100.29 -330.687
-278.076 120.7
863.689 -484.57
-960.329 -757.525
734.737 926.233
-602.084 151.789
298.262 -650.922
560.618 -289.782
346.386 -25.013
473.052 779.265
-237.858 -426.953
263.424 -710.303
-664.849 615.434
-325.223 262.547
143.275 697.802
-857.312 -676.001
-543.564 -366.244
-417.287 -465.055
289.289 -457.504
-110.203 725.613
-273.67 173.84
931.052 -172.022
-632.228 -953.798
455.545 324.045
880.875 401.394
-839.871 -666.179
-793.981 -872.415
757.382 96.867
-947.27 -205.975
529.993 -833.498
-475.095 -689.451
309.665 770.943
-381.259 -505.207
-431.649 252.961
-737.446 677.036
-942.857 327.098
720.738 -349.597
-47.691 949.963
81.168 -455.171
-110.31 939.085
395.246 -645.927
195.168 262.095
271.702 127.969
46.92 279.056
-380.677 -305.663
79.336 609.416
-116.279 -268.433
-480.386 -392.854
-999.815 630.76
695.893 -312.23
-61.604 -983.366
844.177 893.915
-45.866 -981.735
-139.129 -414.155
-537.569 -985.564
-252.712 -176.528
121.109 -210.496
-673.461 474.236
-220.553 -243.284
-474.039 -155.521
-520.876 529.077
819.909 615.15
369.281 -430.646
485.854 617.617
-174.192 706.964
-635.186 -420.809
273.785 235.459
-455.732 245.508
-624.421 -961.209
-900.736 69.942
-628.125 -795.453
-461.61 430.392
454.214 -534.379
-698.633 -12.841
-316.174 -376.847
598.925 995.927
-72.631 582.849
-339.503 687.093
903.288 -887.923
551.306 -857.231
-59.706 -615.615
683.079 634.501
656.504 -756.077
536.291 -502.075
542.451 -114.078
475.238 -932.979
-78.331 541.992
42.278 964.232
-54.349 362.885
-375.781 -353.874
258.329 -915.628
874.842 41.853
-493.375 277.04
-602.553 775.039
727.315 -564.424
-774.143 265.818
-350.973 -665.279
-447.8 -760.701
578.288 -982.14
-916.013 566.95
-49.459 192.425
-257.203 -821.04
-684.603 -817.197
237.29 861.698
993.946 250.265
-880.45 289.15
402.656 582.932
-748.345 -534.651
963.351 577.124
513.395 611.051
-122.562 -614.069
378.5 -283.665
-730.536 797.326
-29.396 -125.0
-410.571 394.076
-620.448 -626.747
-304.671 464.805
-449.351 662.699
828.948 109.041
-862.247 -689.949
-408.655 -473.301
-265.775 -998.56
276.052 -241.913
-628.931 -962.56
713.659 552.033
-522.427 442.007
316.579 77.913
-225.018 48.14
-4.902 102.936
226.078 -354.8
281.808 -779.072
46.401 -866.64
670.387 -740.451
746.986 -595.842
-29.259 -802.493
142.024 672.599
315.843 51.643
402.628 -488.123
-267.292 211.907
-858.252 860.422
-582.524 -17.189
779.535 -840.086
602.04 -878.6
116.04 876.488
-168.094 -261.863
416.868 647.286
-468.369 -918.694
-859.224 -392.191
889.207 921.173
-805.761 450.344
63.322 -621.079
52.384 -502.474
250.65 -642.204
498.389 -169.631
-788.972 277.249
-284.073 -82.559
330.485 765.648
-666.381 -639.207
-196.886 -324.974
-683.647 996.867
-113.976 -295.352
-369.69 982.926
-350.692 -256.561
528.369 -138.824
451.735 216.827
126.289 -572.144
531.416 852.294
-491.822 923.304
-105.0 -205.819
452.627 965.913
191.526 35.219
986.824 -396.317
-399.332 -556.227
711.441 -956.597
643.88 379.438
-448.086 107.326
112.646 851.845
-690.57 -924.527
-288.688 -723.184
-265.834 164.311
-534.012 622.148
-816.19 -200.404
835.764 468.532
447.161 585.808
-654.195 651.41
379.19 152.465
815.311 190.462
-399.213 461.579
152.567 -843.045
-888.155 541.803
-304.14 634.283
-166.957 735.662
739.573 -546.565
305.558 204.603
-977.131 554.837
-235.026 -390.433
-917.635 79.859
-700.84 4.803
-558.406 -898.96
463.157 -214.235
-108.768 190.264
9.459 -555.829
-420.434 -211.355
-735.622 -834.91
142.881 -901.378
-201.617 -829.842
3.646 547.65
-739.25 -730.258
118.592 -24.278
304.497 -607.801
231.994 471.336
-507.508 -856.712
553.544 -353.177
848.276 -820.811
343.495 -152.919
-303.384 -358.523
187.754 -951.586
-390.362 975.304
232.442 980.318
-115.58 -708.363
-910.245 636.344
-600.63 -252.358
515.468 705.528
-775.257 -890.924
897.882 853.459
737.505 640.268
-972.533 387.59
-777.444 -99.877
-954.504 -581.981
76.011 -592.397
46.532 -482.684
-33.947 459.847
-717.305 397.51
-963.223 166.01
327.057 -913.036
-659.361 -431.973
578.377 235.93
-893.83 309.516
-983.332 -222.71
-457.379 704.166
320.201 728.565
-961.843 734.821
298.822 -537.663
-238.598 953.224
-800.793 -369.088
733.545 63.121
-627.165 1.302
-84.027 852.7
-957.023 -505.216
58.831 -332.861
-213.2 -685.989
-306.44 -296.174
250.462 -527.59
956.489 2.503
623.786 251.585
757.355 780.804
629.717 -941.068
109.879 -439.612
-696.584 794.351
313.864 -824.41
-235.586 921.211
224.897 251.049
-545.144 -519.278
-694.502 941.074
819.471 -341.431
84.468 -586.485
-722.847 82.708
600.21 725.175
-382.003 410.273
47.611 -729.495
991.372 951.554
-709.695 866.06
834.224 -365.008
114.681 897.203
-763.225 -364.805
759.276 454.159
530.87 760.264
-171.92 -177.496
-113.991 867.537
788.26 866.5
-452.408 558.216
-786.457 -630.507
524.895 223.963
-466.275 134.086
-538.177 -535.635
374.756 -281.477
376.283 -46.796
4.649 209.424
424.038 -252.081
704.259 -17.109
-724.975 -613.48
-935.541 529.078
-969.971 -460.283
-173.912 484.733
976.487 515.553
-867.727 854.206
971.255 734.258
-20.114 -350.209
-84.91 -506.432
-190.266 -916.347
470.664 -239.252
-374.205 223.01
484.936 187.612
50.461 751.566
573.84 41.298
-96.781 654.02
-915.168 991.673
37.405 -208.778
470.34 115.402
32.253 261.297
-901.409 -417.641
-203.92 -390.892
655.242 -77.306
-155.076 226.269
-890.907 33.939
-715.521 659.787
-96.604 445.294
-773.657 557.462
875.685 392.228
-729.387 -172.881
-98.228 -642.243
180.631 425.269
-596.136 -90.634
-499.835 383.435
814.325 592.972
436.749 -752.912
-771.67 -101.203
-274.113 47.635
-231.825 582.133
23.333 899.508
-242.643 -238.786
536.521 824.506
130.983 319.061
-699.821 737.637
-642.266 424.095
-160.837 -380.963
537.261 -107.484
252.906 -764.892
-736.858 -594.297
245.121 -493.778
-82.715 710.822
87.002 -988.499
765.406 -524.243
177.725 -48.576
-179.697 -841.19
200.204 -510.574
94.683 239.532
115.097 650.505
-902.162 -703.488
306.554 -926.558
707.659 333.993
676.029 -403.117
840.769 -901.937
-166.086 -643.503
344.181 222.18
383.027 189.938
574.615 -645.161
-89.324 157.933
862.96 -813.747
-401.411 -262.861
-242.121 -864.667
-145.352 100.942
-414.335 -730.908
389.239 -451.163
54.105 49.292
391.659 224.107
-781.396 459.457
257.957 974.379
-32.674 377.309
867.783 972.557
-425.625 217.689
-367.023 50.782
990.049 -292.293
-740.574 125.269
39.412 263.715
-14.991 -640.186
218.812 417.174
958.515 -996.838
-952.026 250.921
-764.149 696.14
599.129 997.974
-171.918 -332.415
120.831 275.007
-977.405 -597.626
-436.747 580.391
-384.455 13.379
-352.152 -987.737
371.672 -317.277
448.793 231.987
-941.765 -648.742
-338.97 -324.126
344.946 832.326
594.509 291.304
-37.009 254.401
784.117 73.935
-329.781 567.978
-172.094 485.169
670.211 -401.313
449.928 -368.994
71.771 -583.475
370.987 599.071
776.059 -292.809
939.227 -439.08
-937.654 967.238
253.022 684.812
141.963 -220.867
190.384 729.187
503.08 410.532
-371.001 -936.744
-172.261 -5.891
-524.716 -96.187
901.453 -567.72
-395.363 -775.537
569.888 555.581
826.708 -112.452
-950.13 -34.674
0.109 -619.577
847.274 464.882
47.256 551.066
-713.41 743.598
644.277 876.048
353.435 -734.566
449.141 -81.263
427.355 44.69
-991.78 864.675
374.105 188.575
-825.848 -66.248
-907.72 41.155
317.969 -375.038
155.12 -375.714
784.271 -358.239
-614.909 -446.701
-361.7 -117.769
-764.698 -701.359
-452.726 -969.487
245.89 28.121
-586.845 -299.364
-363.03 -716.886
408.707 -433.465
-510.35 -857.514
226.526 -322.522
-112.705 -739.852
-58.529 350.992
-788.146 -892.4
-147.069 -642.034
192.243 185.512
672.349 398.731
232.631 -375.119
634.884 425.797
341.741 66.97
947.364 511.486
-68.609 -736.409
625.702 839.378
-63.448 -88.832
368.956 420.432
-69.207 -536.612
-552.411 722.193
233.884 825.723
-215.846 399.229
330.361 577.557
764.808 -93.434
-939.472 -49.331
-297.118 -77.517
-658.397 535.883
208.88 -745.212
-794.136 635.106
593.516 -348.261
298.903 584.862
65.491 -198.367
-173.116 241.75
95.898 947.783
-232.367 -318.572
627.831 181.94
568.628 -129.293
574.654 89.054
-527.691 325.225
-844.211 861.727
148.377 -26.739
184.326 -74.183
110.175 644.046
-647.652 911.767
-860.785 -782.511
628.133 542.687
-242.178 -11.41
320.33 -818.934
634.067 774.523
806.512 272.266
-999.631 -706.549
-701.567 62.512
-220.035 155.863
-608.667 363.034
-366.805 140.553
826.409 -390.9
886.667 -130.546
965.161 -311.471
-821.425 -983.761
972.843 -191.605
-744.889 -411.631
-261.554 97.77
-893.745 406.708
641.507 -281.511
722.496 731.359
-529.518 404.444
-211.463 -363.745
-234.421 -236.87
90.238 324.975
-50.257 -623.546
-230.81 848.964
679.925 -691.465
994.912 340.132
-731.445 -856.508
-968.584 442.678
-26.597 -126.53
980.435 -830.673
284.486 -168.289
-87.943 577.857
208.859 -148.592
-640.405 18.83
104.1 -99.908
-289.386 -628.418
209.147 155.877
693.608 -526.5
3.458 -178.324
92.333 -266.06
956.467 136.299
409.765 -773.671
-36.934 380.995
-715.825 462.586
967.158 967.337
557.74 -70.127
-843.531 779.831
-823.107 -55.097
483.372 920.822
-843.836 267.375
596.196 -375.001
-894.451 -312.908
557.054 -62.262
25.326 -61.535
467.629 -157.968
921.163 596.446
-421.583 -929.348
845.729 498.851
453.943 127.413
-877.164 -53.679
-661.842 -896.76
980.73 617.792
248.634 -426.369
-834.98 11.192
702.891 -444.302
-734.922 -438.056
715.717 -971.594
-776.901 -650.772
183.54 -697.729
-106.694 615.681
-477.495 401.55
-30.163 598.744
724.029 -314.304
-831.197 -709.859
867.884 -691.699
-8.103 987.171
540.736 -524.105
-119.63 275.149
-578.287 468.722
-309.849 284.522
510.968 -768.011
-664.799 -202.51
-397.266 492.301
504.856 65.042
-240.398 411.216
-50.821 -709.7
740.555 -976.274
854.445 -102.359
356.987 923.525
365.753 -917.965
835.424 274.848
912.367 -136.428
836.084 716.711
-330.065 -465.824
-803.446 308.687
-217.692 546.302
498.182 468.627
177.449 -610.149
-325.187 380.557
-640.167 95.225
345.604 663.379
-976.077 -804.602
-792.185 -108.116
-561.167 -433.406
-613.841 -952.599
-816.117 877.011
313.211 670.918
900.978 276.166
416.15 -760.046
712.882 -740.185
312.789 799.794
132.138 934.331
792.003 391.307
-493.329 -66.089
872.364 277.561
845.391 -447.233
-146.033 806.783
539.761 -353.192
-676.068 -852.006
554.212 -234.402
-334.691 -879.883
911.211 -470.67
-118.85 -16.556
857.173 220.604
-643.116 -15.885
-712.255 537.415
-563.227 286.676
825.218 430.801
-793.426 -854.161
142.689 -498.807
-108.236 793.025
-702.291 280.671
865.787 329.212
-467.127 400.11
809.235 149.281
30.766 879.822
-18.641 -127.885
688.098 561.874
570.763 80.257
-993.385 908.311
635.953 -35.867
134.488 870.084
-282.163 363.671
-198.77 264.545
917.648 -818.666
69.253 921.851
-839.086 -80.721
533.016 295.585
-646.763 -921.338
-231.673 -617.994
391.765 792.921
261.234 -281.478
-830.275 265.583
470.648 -720.114
-613.815 439.478
185.891 -21.535
-874.015 81.104
-384.538 67.88
668.501 -101.385
991.667 -925.915
-887.891 575.557
-914.371 -763.626
614.207 334.633
-83.259 356.156
748.511 -702.093
158.691 849.632
-926.245 -716.819
307.663 -57.561
836.038 -908.397
402.594 -738.925
-655.502 -900.084
-385.325 587.394
-87.631 -658.621
182.085 635.6
-787.338 -5.713
598.35 -558.855
608.907 -147.577
623.042 964.386
356.796 -351.53
951.707 151.934
-725.341 672.854
586.203 528.456
186.171 -328.993
-758.509 -717.526
-169.691 392.592
106.815 -122.678
851.351 -918.602
-800.064 694.733
224.883 555.323
-968.739 -26.065
-987.301 -641.174
-821.718 303.512
773.83 -167.556
614.824 545.125
384.717 -587.68
279.651 46.174
-175.937 876.179
221.076 -924.758
-639.999 -0.225
900.596 254.383
565.166 -304.293
-990.86 -528.722
-764.984 60.398
-808.632 -276.197
522.256 79.446
-561.448 540.663
318.654 -447.147
-612.562 593.226
370.488 937.148
-51.174 -647.352
340.285 -913.769
289.722 -429.871
-130.657 -331.411
610.307 516.816
-913.365 480.834
849.723 -648.225
570.984 -29.877
-767.87 790.158
442.806 185.413
-348.055 -602.497
353.705 -348.63
557.951 -347.736
-803.872 475.496
739.773 -248.935
-558.674 -58.019
-31.185 780.978
-710.117 855.774
-90.018 -225.339
-727.191 439.642
264.042 951.112
-595.578 -745.576
384.421 -880.697
-726.997 703.303
-82.842 -657.597
-312.848 772.818
207.272 579.094
275.998 223.056
-660.129 940.272
710.008 -827.051
713.948 -21.573
991.329 183.162
673.978 -441.658
460.036 472.358
-506.692 -345.408
158.934 783.645
183.543 -702.061
147.402 -989.845
960.368 -919.883
-58.695 537.213
-932.759 62.243
-41.461 596.035
642.583 -95.117
-518.977 116.974
-975.154 463.573
899.868 -734.576
-408.419 295.28
-818.541 -40.434
-390.327 406.609
715.844 494.573
-951.173 -90.318
543.67 748.398
-189.279 579.717
-259.159 -71.408
266.805 720.765
-858.603 786.869
-334.188 -934.572
-148.195 -460.421
892.191 84.87
588.958 575.384
-838.082 761.694
471.522 -890.377
890.644 349.306
775.956 -778.067
-268.818 238.267
-268.858 -649.465
117.581 -865.988
418.674 -590.575
962.503 -522.735
-772.885 -43.013
878.296 160.239
918.207 -580.412
490.033 -549.126
-294.577 -465.284
360.453 -445.709
-873.262 -309.547
-27.546 53.365
-754.581 419.651
356.617 65.711
-415.471 241.903
599.808 890.731
617.592 881.752
-868.745 783.806
-84.252 -839.659
795.892 -423.255
913.254 -781.27
-448.115 394.164
-7.343 749.986
41.375 254.552
-413.661 939.149
82.87 -735.945
-306.6 -112.28
289.369 -416.966
-874.101 743.587
-535.344 894.897
289.344 -176.617
-314.415 292.102
-347.387 186.715
393.727 683.816
-109.487 -391.835
-736.091 578.697
-656.526 -479.985
-31.514 941.448
539.499 -905.362
-293.758 -88.147
-667.274 848.263
423.624 -429.507
946.412 678.663
385.719 332.712
-693.03 -524.189
-917.697 -366.748
-747.053 -479.186
-631.007 124.974
-930.622 -366.112
-312.306 -254.17
79.733 -674.805
-396.88 840.868
-190.875 -1.166
-709.232 -83.919
-359.564 -991.411
476.99 951.202
-337.439 410.903
-52.179 -420.346
888.019 961.38
147.455 -705.833
130.463 813.762
-115.789 378.294
463.281 800.349
-721.153 101.92
-383.836 -196.74
681.754 -108.055
-815.038 -889.933
282.625 166.863
-555.712 871.33
-444.146 -954.903
76.825 -109.084
343.116 -825.246
23.575 -611.1
-364.484 210.156
886.804 816.894
-277.87 -704.108
707.608 -260.74
-254.338 -430.699
-297.29 955.047
748.603 -824.803
455.707 -111.559
985.194 607.371
-422.732 611.346
940.721 -152.336
792.858 -720.865
174.36 -827.844
-584.432 -50.774
735.052 973.277
-867.768 920.191
512.228 -823.103
-181.079 828.821
-170.972 111.628
420.494 510.487
-726.146 -627.987
-236.461 107.734
-915.534 652.497
669.17 -392.171
118.562 -73.096
-946.32 -995.107
-474.646 912.053
668.486 -54.918
307.626 785.373
-165.686 -16.227
375.686 -510.499
-761.291 -445.566
988.666 -866.55
491.131 162.132
131.149 736.692
255.992 -47.919
388.49 -760.833
25.052 150.527
690.56 -674.306
-882.979 -360.638
756.635 -729.005
-673.382 -454.659
-160.972 824.209
-288.031 -420.288
59.225 872.634
27.733 532.885
-633.505 -810.983
505.257 87.425
744.886 653.644
369.934 -397.855
370.887 376.693
-808.333 160.093
646.63 -974.205
36.341 -253.972
-30.202 -319.374
821.576 -795.164
-690.89 -557.773
-623.166 794.113
226.857 662.832
51.306 64.191
102.226 512.613
-772.067 -79.017
-847.199 637.689
846.82 -40.964
-376.853 -274.863
634.077 779.453
195.297 527.179
-315.91 419.79
-942.481 629.148
-555.284 713.63
-715.281 -546.851
-749.312 -739.563
-842.79 381.636
568.059 -844.529
549.385 514.668
-914.966 -784.365
586.11 26.958
-881.47 -762.156
-493.975 -867.505
335.173 509.101
564.742 840.196
-589.198 802.35
-630.436 -296.933
-818.441 691.723
883.69 897.583
-304.327 -678.885
1.269 457.108
-516.355 140.471
-801.789 156.267
-972.031 -566.004
-616.905 -436.286
803.321 74.253
947.16 -802.629
-571.969 8.391
415.512 -267.074
178.761 -120.668
915.495 -638.303
-290.355 -240.77
-571.452 -544.892
-774.309 969.226
-752.769 -779.368
-728.175 524.547
409.462 114.264
-918.783 -343.769
-768.555 -432.777
200.779 -375.986
952.358 -112.088
107.832 -418.821
710.731 -622.43
-860.782 682.117
-48.646 358.262
-641.405 997.447
-16.703 -789.656
-123.883 317.097
-829.988 -713.265
-198.751 181.114
-796.556 850.581
955.707 -870.579
950.415 -322.737
189.922 981.323
-754.476 676.218
450.401 -442.963
426.988 163.837
-454.054 578.985
287.662 -199.529
-48.347 206.331
-191.113 -30.934
-442.219 535.999
-783.927 -498.62
-5.452 256.742
-730.783 -800.793
-894.295 -863.543
356.215 944.145
-234.734 358.409
-694.527 243.934
-807.333 -846.965
503.219 535.144
585.463 -596.136
324.186 -19.499
-476.669 -312.769
719.345 93.24
905.161 -936.803
-139.187 829.878
-232.74 -370.882
-247.327 -80.688
-934.28 113.333
720.721 -393.911
412.118 -17.041
-731.024 431.446
-25.09 -781.236
350.049 320.157
370.748 144.42
-48.178 708.703
13.37 -217.23
-10.618 941.742
233.879 -294.472
955.566 -359.034
-943.706 -909.763
673.868 -302.246
484.114 -946.2
782.686 -317.487
-805.3 -309.714
-285.268 -297.461
322.48 -504.772
296.166 185.063
820.778 -869.0
-390.175 -324.811
-960.576 -347.766
-78.181 726.737
136.099 802.82
-466.762 391.917
175.978 971.53
-244.525 -219.398
145.077 616.653
-799.887 350.223
-328.065 5.537
529.808 -320.921
229.656 -273.331
-128.018 -6.097
694.668 574.299
680.761 71.668
-425.289 -904.937
992.455 -195.945
-548.228 485.776
-816.084 688.374
-810.533 -326.324
-865.46 602.371
-49.463 -580.522
591.303 303.074
-396.306 608.253
-134.179 79.895
-599.846 -195.398
249.928 -93.543
526.884 -638.798
-962.793 406.663
725.42 153.687
-574.094 924.234
484.416 -65.409
874.326 65.439
228.845 538.238
-132.551 132.233
253.517 44.539
-271.451 -704.513
-699.055 370.613
-399.449 -129.222
-362.694 660.429
-871.145 -592.884
-175.123 647.421
292.085 -487.107
202.465 -188.268
-772.883 -616.168
-508.827 654.458
-71.681 119.65
-127.734 293.844
-925.993 -681.283
-727.139 -483.206
607.076 317.341
-648.03 705.042
927.574 -28.316
-960.183 719.168
-832.141 203.199
734.344 801.15
-185.986 -273.132
314.861 -819.387
886.324 448.469
-718.88 -776.135
468.961 865.871
43.915 657.963
899.349 863.111
-496.384 769.13
-523.846 -755.446
613.374 -341.428
168.652 -220.099
496.748 -528.124
-154.262 -711.444
-649.691 939.847
-121.049 -491.388
178.962 -19.283
-250.59 897.422
-367.02 -152.437
365.477 926.631
758.867 873.945
-274.004 431.342
642.731 -957.852
933.61 211.629
682.946 324.447
881.697 381.365
577.605 -520.648
105.456 -381.463
916.967 -274.29
624.501 -755.892
733.906 715.294
-223.058 819.578
-214.049 955.986
-488.933 -819.499
645.415 -529.079
-579.227 780.493
831.782 262.705
758.934 533.482
-187.422 -932.237
732.889 646.396
880.991 -57.817
-174.077 682.327
434.772 753.522
640.483 648.802
396.964 12.669
-296.287 204.232
626.856 475.571
-93.476 -945.298
-895.802 283.185
260.313 582.039
-727.816 -198.676
256.593 -372.556
-835.536 -684.355
32.732 939.329
661.243 526.325
693.921 371.507
585.285 -361.202
-43.269 470.344
-478.64 374.934
653.537 599.057
-602.673 -171.007
-636.221 752.78
889.514 768.683
-551.026 896.218
846.225 294.213
253.255 813.69
948.255 -603.468
402.522 -662.488
-197.93 -142.193
-479.684 -821.877
-264.16 894.487
-765.299 437.167
-129.683 839.978
-92.584 347.22
-762.975 427.127
-618.912 723.873
564.244 -424.076
-11.664 -739.601
712.675 200.166
990.415 -434.066
354.377 -163.338
-182.952 -708.114
-419.614 -476.401
235.36 814.656
-260.725 368.534
-83.672 -979.36
-733.59 -353.508
386.047 373.705
426.672 416.906
472.208 -487.549
-809.441 -882.495
-334.275 -530.317
816.453 993.479
878.644 934.42
196.464 496.484
-908.976 -492.686
239.316 -394.985
-210.606 -258.198
936.116 119.121
160.974 -479.417
7.493 860.654
755.794 -736.161
-365.365 60.848
-716.409 -766.316
-911.676 -744.257
743.359 669.608
495.647 852.474
-434.149 753.873
225.863 523.128
-472.484 -373.979
785.344 -368.914
989.13 527.351
-697.471 706.067
314.839 596.44
-893.556 -702.758
-540.279 -928.276
-479.552 411.926
-127.14 990.403
854.413 -918.417
-286.96 418.058
-29.601 -14.023
691.677 733.759
-752.692 -812.844
736.346 -638.69
-663.41 17.476
-454.417 781.789
171.355 167.095
943.255 52.031
141.576 -167.162
-846.329 536.507
353.817 774.735
-948.076 362.625
361.279 -211.66
180.677 902.44
673.954 -692.449
-837.874 661.398
319.079 -91.889
910.403 188.409
-988.389 939.541
312.346 901.792
-350.169 463.09
468.639 914.806
138.317 -577.266
-902.636 287.288
-353.658 -888.93
-858.552 903.8
-237.218 -202.283
-643.978 930.099
731.031 -821.623
704.692 -674.119
558.985 -430.128
505.117 308.129
-758.796 -18.31
-135.283 612.706
-379.797 369.924
-737.427 331.041
664.106 25.306
-20.754 770.826
-47.121 126.114
-153.859 512.981
621.989 227.736
-131.788 -147.966
-919.124 -316.51
-72.95 -551.54
372.473 -689.861
-9.355 259.119
49.356 -418.594
-125.289 814.415
-44.777 -702.787
-744.421 805.807
683.076 46.184
-409.037 -904.543
-846.935 -909.81
-784.736 -150.173
-811.031 321.711
136.956 -493.239
-490.28 -836.461
6.889 -772.129
323.157 -640.896
-635.584 -214.085
-833.419 753.511
-404.705 174.417
-90.004 340.52
247.621 -469.851
933.439 742.69
-625.617 -629.825
494.059 208.106
743.232 -787.339
68.752 -988.306
-766.643 -656.529
-45.76 383.612
737.561 931.608
203.775 -26.555
236.999 947.844
-278.542 347.606
380.587 -210.006
-394.687 -749.821
-972.248 -776.175
-968.23 941.041
718.024 -581.541
297.246 299.48
-128.423 252.118
580.023 -618.171
-398.164 -73.149
-52.022 -956.366
-667.789 -695.156
405.196 927.734
-57.022 719.593
170.453 -597.323
138.861 667.677
-898.156 -984.251
260.82 426.186
958.974 697.233
474.157 191.679
108.609 -418.451
-25.007 -27.798
182.079 222.991
357.336 633.378
-24.197 428.581
56.618 -155.991
-368.3 -872.979
785.754 -165.725
-53.324 -10.422
877.929 -306.472
395.029 -958.386
-423.978 -615.597
-312.305 -535.794
-560.595 818.14
-321.694 204.2
684.934 313.916
-737.683 -413.212
422.77 919.607
666.161 346.215
469.169 591.945
599.51 689.063
243.685 -435.086
498.509 334.113
-741.807 -601.032
211.498 -798.193
-168.031 987.534
-392.696 -581.134
-905.901 -963.739
761.812 -285.912
-682.789 655.897
788.915 -936.06
-872.669 -138.759
235.126 -758.624
-551.809 -484.356
-319.352 -289.518
-906.647 755.427
-465.018 -697.643
380.271 30.775
338.972 412.81
853.264 -124.347
-85.729 683.194
-778.138 -788.216
221.145 564.313
894.767 647.22
-916.061 -789.178
259.852 741.739
821.972 -685.935
-415.754 -116.964
11.793 465.104
-801.412 294.186
-330.785 -724.455
697.19 -121.783
-168.5 538.066
-509.368 618.29
-317.36 10.045
-829.532 -255.127
509.69 -278.713
329.991 -696.778
507.014 -156.556
-543.636 603.537
-173.181 -181.381
-82.494 704.781
589.215 -276.451
-940.474 -708.831
-980.103 612.494
887.286 -830.444
-370.391 963.89
-671.351 -877.063
518.385 320.352
282.932 805.022
-884.38 263.215
426.739 320.723
39.557 -408.551
-195.994 361.741
107.221 -391.354
485.395 818.462
-984.196 -440.439
55.583 840.901
400.59 -107.622
-589.733 88.851
576.683 304.074
394.942 775.35
563.126 -190.989
-605.408 -396.937
-926.06 -331.014
450.197 480.104
-747.989 983.848
-432.144 -814.361
103.572 42.672
514.093 -679.945
-944.218 593.197
185.007 -517.32
548.316 453.018
973.909 -779.116
-880.109 -254.042
253.979 -291.053
-904.534 301.925
-750.5 -404.078
473.717 -93.706
965.901 610.775
978.0 131.194
788.678 255.489
66.577 191.098
-299.326 -430.929
569.579 429.709
344.868 428.702
39.333 -504.733
-344.306 164.738
645.685 -277.465
-804.024 423.281
656.875 -836.106
-875.613 777.019
-47.494 -107.672
-261.412 52.511
176.479 37.89
-210.435 -472.613
-2.345 -153.156
-119.84 862.071
-20.918 946.545
647.624 -711.308
-745.752 422.301
-741.23 409.049
726.543 -763.884
-574.715 -53.289
492.993 888.139
-261.336 903.644
203.2 -182.76
-758.267 143.53
-919.436 -693.391
-257.065 982.04
-393.48 -28.149
582.407 -715.72
179.248 -902.698
788.506 778.114
-568.837 638.25
-22.413 -755.344
-302.702 740.853
-164.85 146.118
131.528 800.575
562.699 -49.545
440.067 211.419
523.902 9.528
-78.128 -100.141
-101.851 732.691
-349.567 599.623
329.005 -180.743
-534.355 -209.206
81.989 916.159
780.086 471.826
291.833 731.907
414.417 143.99
592.318 414.798
122.089 -752.437
118.706 -615.147
237.408 153.711
-894.251 140.489
-621.208 -48.329
793.729 -759.434
872.364 -640.513
-962.053 573.514
-509.427 411.235
775.312 -111.541
613.842 213.71
-196.404 -910.033
723.949 -953.474
-125.965 -170.127
719.297 -365.235
-485.644 -770.711
-801.333 -663.688
-711.931 -488.891
-820.743 -386.412
-185.447 -661.618
228.951 -349.419
-945.658 -882.996
-220.121 -359.917
-174.354 -351.564
-248.974 655.483
-758.067 -594.881
504.267 172.058
-14.041 504.78
-229.903 -769.837
-878.736 -70.353
-185.847 -31.657
-185.012 -532.519
772.312 -461.681
926.949 350.195
-507.368 109.415
570.428 -390.774
-186.508 -832.183
271.598 -593.086
935.823 -253.39
970.617 564.047
75.071 -152.495
822.985 -96.516
-997.998 -70.696
658.744 -421.501
944.164 -998.914
867.014 -35.627
195.736 678.975
-239.693 -297.164
264.414 170.318
20.657 -909.031
478.366 126.163
-398.723 -209.39
-754.046 -720.699
112.958 -441.083
-136.075 220.891
914.834 -363.392
364.202 -314.729
-477.279 505.388
-94.564 -508.143
966.044 -316.74
-80.401 199.027
-968.251 383.69
292.887 -995.905
-46.942 802.89
345.413 -173.674
790.536 406.599
524.93 76.263
574.61 298.195
-844.954 -938.105
664.168 343.226
344.492 -294.011
625.562 654.934
-284.069 -645.627
535.932 394.06
-983.137 -74.615
872.496 -110.845
-556.958 -960.437
-437.731 842.797
-284.358 -820.067
226.885 -393.643
435.619 -531.484
-12.383 -274.002
-438.487 809.015
413.936 -581.827
-607.826 642.247
-207.828 739.832
138.204 -11.977
103.57 319.677
131.414 364.767
130.28 -869.279
-743.507 -869.901
-480.751 139.807
-544.07 46.16
564.505 -616.297
355.957 983.903
385.972 65.883
-494.158 120.232
-92.148 875.781
281.933 886.148
-896.274 877.519
-134.904 990.213
-451.929 360.347
-66.827 -277.056
518.043 767.605
-550.904 -444.134
-159.876 -102.277
-989.681 -610.784
-836.382 143.639
-949.256 474.888
956.191 -152.359
-851.119 -500.032
-671.037 -378.388
251.989 -806.548
-40.067 616.118
185.062 252.594
-331.395 -499.181
-784.319 -523.282
-318.396 -891.134
-332.823 588.222
887.095 551.499
239.133 528.197
250.698 157.869
-828.931 -878.626
-933.313 -373.441
695.384 -869.944
-744.928 838.232
-116.163 -397.058
252.37 -868.419
355.129 118.516
-410.166 -237.089
-808.339 503.927
-533.776 199.152
319.448 -978.787
-232.16 590.329
759.876 238.461
-320.767 875.17
565.858 -91.846
-343.613 -615.037
-794.621 190.35
-864.911 578.833
-612.771 146.424
274.727 -487.428
-157.986 449.246
-110.751 -513.695
594.051 -879.018
-376.666 -128.304
919.483 508.747
-377.624 770.444
550.991 -705.182
-382.651 -314.199
-262.34 -983.836
172.88 356.601
-885.365 14.216
670.35 717.404
-155.878 -609.186
-599.256 817.0
570.528 -316.896
335.72 389.563
963.847 199.525
-337.709 156.821
926.13 232.206
-162.609 -675.44
-91.396 578.383
-915.616 -561.188
-992.606 -553.95
-539.452 247.84
-521.962 469.172
905.176 -336.97
480.163 -589.367
-631.511 979.756
-274.366 -852.538
-939.965 -769.621
-418.848 -611.193
171.373 531.065
-912.19 -940.629
-604.35 -651.707
770.764 437.673
-320.365 109.01
-642.917 -957.016
685.763 821.298
-958.012 354.905
-242.154 574.828
-778.062 872.228
-389.855 -519.7
618.976 321.817
882.324 954.204
995.39 763.328
756.776 -869.245
-711.136 848.311
589.796 -616.637
-243.609 -251.489
199.098 953.963
-510.901 -907.61
232.056 -621.796
70.937 579.176
-344.639 -893.482
591.224 745.703
703.005 936.769
771.669 -581.525
-837.185 -58.665
327.004 -870.254
17.228 502.616
290.143 18.317
-2.824 -71.465
-356.354 -252.243
389.019 431.3
-10.416 -463.329
-198.108 842.37
167.965 -926.791
-560.947 -593.999
726.337 -208.2
-388.002 777.418
142.741 870.998
-251.785 101.104
-731.339 -831.944
-110.989 -296.85
167.924 -69.494
242.252 -147.795
-64.898 -182.094
609.009 -365.959
-235.258 -640.869
-532.419 290.71
-281.814 -835.163
685.207 25.582
287.309 571.747
853.212 -803.182
-857.303 -923.437
-599.387 -606.707
-341.517 -394.569
631.13 367.079
-451.071 411.285
995.991 996.81
504.767 479.642
824.765 -982.932
-401.052 644.618
566.257 -192.378
-188.483 159.908
310.617 -55.992
25.294 522.321
-701.438 -204.989
-546.147 498.274
-51.123 31.651
571.949 515.243
445.021 -77.198
583.83 -373.85
-624.307 540.262
395.883 -580.83
-100.056 116.894
-250.6 155.017
-743.309 886.708
-980.638 620.803
668.598 -320.356
-161.705 371.526
-193.263 557.287
75.208 -347.841
-953.52 570.716
844.288 -692.618
905.275 -339.499
259.679 206.006
215.675 733.89
960.344 -591.591
-218.728 68.981
-623.323 -782.723
139.03 -96.929
789.488 -813.517
-791.374 105.814
-935.882 378.049
-22.773 -626.616
-861.018 925.989
-432.365 -533.921
319.14 -860.041
-885.094 37.063
-656.349 719.415
-178.278 -685.929
-778.512 72.906
-43.498 -862.474
910.194 731.399
-740.135 -588.646
-135.599 419.343
-50.44 207.419
878.309 174.984
4.95 369.672
-449.118 -985.113
-714.616 -872.06
-201.526 615.132
51.713 820.605
758.479 -79.591
152.266 474.581
-424.176 761.988
-87.387 400.633
423.296 -405.103
226.055 619.97
-649.747 -501.73
799.929 466.488
-84.344 821.666
-633.111 137.231
-212.897 891.375
-520.609 741.079
-452.447 256.166
-416.221 832.593
396.088 444.819
-565.49 -13.025
984.779 105.648
990.633 -846.933
-789.551 533.078
-347.974 -98.128
-494.467 12.129
-75.665 -853.609
388.971 499.472
-237.689 491.915
711.546 -206.651
-978.525 -770.635
834.274 -345.779
497.352 -30.482
-863.526 96.857
-515.413 900.037
-719.488 640.853
683.125 -658.822
-963.868 -798.97
-411.711 69.308
-218.301 -844.829
527.178 354.766
-693.007 -283.826
-566.655 -931.11
350.088 -567.667
393.485 673.002
623.024 282.024
432.821 794.02
-218.763 -383.351
-895.169 -990.669
544.819 534.228
857.641 -250.711
-522.919 -817.227
-156.635 978.581
-325.767 -615.696
337.899 -558.864
764.572 593.848
660.901 -664.234
-665.905 -168.64
-784.632 -345.717
124.108 -620.905
-585.761 83.405
877.846 -758.392
-572.44 -286.847
-652.757 -195.721
-367.52 -221.627
-82.448 -867.967
630.17 299.89
-262.04 -865.337
-562.878 -396.932
197.738 966.205
-796.373 72.363
981.063 700.93
-657.082 918.069
199.734 962.832
392.631 355.801
944.734 387.441
-335.907 270.707
767.934 -364.066
703.108 -35.739
-329.79 217.067
170.074 -235.257
281.184 -535.149
174.937 976.762
-534.788 232.697
793.559 -382.303
475.827 514.491
239.532 -880.154
-250.953 -406.771
-696.659 -591.229
-924.187 846.818
196.15 891.753
478.511 -342.62
-443.747 287.204
520.988 41.746
955.135 296.093
-423.09 -952.613
693.87 -337.459
-515.502 78.624
813.264 330.012
-503.324 374.7
439.004 216.126
-237.028 -356.726
-115.278 -987.915
739.733 -860.03
-615.069 268.734
-716.936 -591.56
-816.481 185.261
662.442 863.625
-527.38 -843.671
449.978 -377.074
443.348 -510.15
-647.129 -502.061
-429.294 -103.458
271.208 -456.278
562.578 -839.968
945.11 -203.511
-664.468 -117.248
10.585 469.856
520.649 639.208
587.117 -960.378
-237.161 708.084
517.717 843.065
190.367 -694.403
453.296 -485.417
-72.698 -92.794
-249.706 212.051
-856.121 -726.687
-61.483 -690.551
-620.748 -974.331
1.4 450.691
-17.093 851.382
880.57 940.985
-253.71 -20.898
282.097 176.618
-182.425 -922.346
843.206 -230.348
131.217 -611.544
-127.404 -489.483
826.172 444.491
19.217 -22.756
376.979 392.911
301.813 853.038
471.328 -515.294
-930.985 626.253
261.905 352.851
394.943 290.667
-477.339 -89.058
362.133 -491.424
204.299 903.556
683.032 -975.325
541.944 288.795
833.766 -204.666
172.321 801.991
37.074 -622.353
-154.11 659.499
-494.258 -395.561
935.367 316.972
-234.423 -384.042
-176.782 752.801
455.304 -822.253
272.36 553.382
-311.214 -714.573
497.46 860.034
-204.06 -383.799
974.051 632.779
-996.843 -860.317
392.633 49.924
309.042 466.084
-658.731 -250.697
408.094 -603.959
-636.031 896.967
-98.678 628.741
-628.724 -882.036
-634.541 518.329
-481.296 804.547
-182.415 253.675
248.843 736.724
-667.748 -413.749
-244.543 -446.476
-315.696 171.293
-44.206 345.609
-798.382 -877.887
503.597 -985.547
164.891 975.238
-806.316 44.669
-985.476 205.97
973.794 522.728
864.257 -53.536
-325.94 -141.093
-258.43 780.304
998.89 633.694
881.982 330.157
-243.129 -885.517
-287.942 -339.489
-799.645 -86.161
396.617 450.44
775.941 -722.274
203.818 738.011
-441.065 398.529
630.104 -263.14
236.703 317.752
-49.601 -173.747
-624.13 972.363
915.094 625.238
-966.739 -279.589
-908.491 615.116
-348.95 -111.388
213.526 -199.67
225.185 -837.262
-144.167 862.967
861.689 973.743
714.2 810.406
468.555 -412.274
-609.846 -713.677
40.109 143.785
713.605 9.273
-744.277 593.642
-397.303 346.124
97.493 749.572
-663.894 -107.427
-768.643 325.284
-518.197 -576.718
506.505 319.49
-821.136 -130.213
431.53 -679.529
857.935 805.297
532.618 -559.248
-484.743 -47.395
795.022 -753.804
-728.487 69.087
450.829 -819.116
383.569 743.881
863.56 532.675
201.359 287.973
-245.979 434.885
472.005 -236.699
284.204 123.8
712.282 616.895
-552.898 -768.62
-824.639 -821.721
481.162 874.421
489.236 -767.788
-264.526 706.661
908.137 153.834
-996.643 -876.23
71.206 694.237
959.699 -360.714
-269.952 358.604
593.131 39.503
203.235 -555.717
-209.375 76.586
-78.794 -710.598
885.78 674.433
-0.335 -88.431
202.931 -708.259
330.701 602.584
405.934 197.761
-382.217 980.67
-753.072 993.697
413.045 -43.435
657.375 -9.949
408.281 -246.583
962.286 -333.711
655.769 -578.774
465.316 620.837
400.815 -894.867
730.864 -641.96
-24.991 -216.384
968.779 318.501
697.036 982.126
95.886 -325.18
355.797 980.629
515.428 -217.874
55.689 -433.92
392.753 -609.816
712.504 -212.455
-738.199 504.533
160.767 610.144
699.619 419.175
-84.935 -672.611
-724.878 391.911
-417.837 -710.354
-563.727 496.765
470.638 -981.735
451.915 151.364
356.636 976.968
-704.789 900.796
-145.778 683.32
851.971 -807.905
948.318 -640.734
-895.056 960.554
300.196 186.785
939.454 253.945
-192.012 -932.014
-518.289 -22.748
375.968 909.111
305.594 -249.257
383.59 590.65
317.038 555.462
729.792 300.622
-449.568 306.391
-265.354 -759.999
-834.726 -21.563
337.584 19.497
-953.946 145.964
145.261 -452.55
490.719 588.687
-637.807 -31.617
289.193 -132.687
142.846 -801.117
-873.003 817.761
590.45 -630.22
625.736 -960.507
112.12 72.834
624.393 -22.873
37.802 169.443
427.498 580.135
-751.821 505.976
931.362 795.205
-638.672 198.205
-640.125 109.444
601.026 -753.909
-742.368 -587.54
-677.579 124.992
702.9 -929.989
959.857 12.297
-272.881 88.854
-153.897 890.457
-999.829 -398.8
892.429 38.886
565.604 318.315
-110.159 154.143
390.203 45.333
972.039 -295.766
76.419 -580.321
-801.982 639.527
-525.799 -623.853
-400.582 665.256
914.846 204.289
-567.92 -281.87
-743.016 244.625
-851.281 -490.065
-236.435 807.32
-199.881 -833.492
-491.641 -149.313
389.031 71.809
-858.884 465.35
990.719 393.606
-614.745 -255.715
314.636 641.016
209.889 -160.627
-693.017 984.898
-132.746 -948.18
207.214 -844.951
-750.758 -780.02
96.738 -868.081
280.355 -274.361
-332.965 -453.494
737.711 -548.469
-980.273 -245.688
937.547 -242.735
-789.995 851.272
-648.537 456.655
-386.901 642.686
-20.763 57.92
400.911 730.797
103.084 214.934
793.14 -658.505
893.021 -220.873
-309.654 482.594
936.001 63.364
189.234 699.26
-46.276 -744.856
-981.005 27.131
-689.017 -747.263
-242.399 470.845
-894.271 450.839
949.0 415.005
-501.777 217.406
413.574 -633.791
972.493 596.938
4.458 -448.354
-144.47 883.354
762.775 628.047
-389.625 715.843
894.909 -186.97
-374.526 -819.719
-841.05 459.906
889.734 -669.774
-885.177 486.819
108.32 -14.299
748.706 924.333
-152.033 17.365
461.595 -40.688
30.023 995.909
776.161 395.764
-189.057 232.573
821.773 491.835
428.32 405.183
499.336 -511.548
477.966 901.737
646.727 760.664
56.223 218.387
214.747 929.295
349.044 763.861
47.033 -549.863
-849.755 678.818
27.369 904.967
-154.555 -241.81
-253.433 -773.533
828.09 -500.47
78.239 532.828
-764.269 -401.644
-412.91 -573.868
476.051 137.684
-565.074 -390.36
866.223 285.947
651.455 -929.142
-73.886 235.497
-23.467 -288.512
231.06 -342.896
-292.215 -989.691
780.393 -627.685
-290.935 -797.324
-15.908 -830.512
28.637 -692.579
-752.315 -25.176
-688.739 313.267
-547.81 -209.282
-401.43 -143.317
-635.636 623.088
-782.61 -122.856
678.715 -676.331
-292.524 -132.08
-281.527 741.028
-603.071 -620.866
-919.487 -210.908
487.848 801.996
-679.375 -602.016
-41.41 330.486
-468.401 -157.809
100.247 599.64
428.642 -350.225
528.785 763.533
3.717 847.123
686.126 -222.303
-780.534 -784.241
-957.696 -688.916
0.002 534.77
-526.99 356.621
-315.718 952.877
474.863 -131.343
-421.067 -28.142
521.8 -504.505
-695.009 22.48
-501.066 533.455
728.334 988.514
-505.291 641.219
-603.175 412.922
619.905 402.29
4.668 -637.624
985.103 182.392
268.954 -541.232
-735.408 -923.267
980.798 858.197
-147.394 232.935
-818.129 -898.089
-185.406 -387.108
266.62 -537.145
-327.644 -41.61
19.727 287.746
-391.42 -461.508
-438.888 -297.951
-163.852 -360.318
-904.887 -918.222
-895.739 489.509
-576.045 -55.884
816.964 -798.477
-630.32 896.656
-272.838 -391.287
-806.226 -972.677
103.536 723.949
-337.577 482.584
-277.23 557.617
57.724 -256.815
300.497 -579.933
-231.901 774.388
-739.029 485.175
-759.291 173.123
824.354 308.71
-619.133 409.32
851.001 -850.241
93.158 -314.204
450.701 979.289
-596.002 441.539
-912.378 -616.587
100.991 -494.949
754.151 706.877
813.63 950.252
789.826 -103.036
434.652 821.698
-864.583 -161.992
862.665 7.739
-956.25 198.307
393.412 -742.132
-909.11 132.35
588.781 387.607
481.43 -205.012
369.389 740.511
943.077 -668.964
501.456 -231.699
558.744 -198.302
-457.012 -631.867
-679.994 -564.385
393.443 758.31
581.294 -89.118
415.508 50.146
-393.18 -559.327
416.509 104.302
-657.782 -908.775
-523.566 -921.819
-703.721 767.205
854.496 -459.13
581.243 284.826
-501.984 646.821
69.19 -997.2
-305.076 210.319
-261.78 -833.508
410.923 98.55
444.159 -183.314
222.964 -350.73
-885.473 631.844
647.864 -561.441
930.455 -646.53
943.209 74.777
957.525 556.372
561.026 -787.115
491.54 -236.038
307.649 740.052
268.611 101.756
633.694 -558.722
-462.413 163.328
615.466 505.795
-688.717 -536.554
452.572 -262.72
804.336 -812.618
-636.973 -629.944
724.704 -622.28
-18.963 458.96
295.129 -957.905
-674.163 -644.531
-211.605 215.644
-861.092 -855.903
-509.492 818.262
940.771 -799.532
53.557 453.529
615.985 206.587
-244.25 -958.568
653.124 526.892
288.964 -912.52
-503.314 -832.809
-714.729 254.769
-973.006 932.722
915.235 -787.322
472.263 -323.22
414.912 -595.357
-39.149 125.702
-111.348 -673.711
-336.487 -690.973
-888.249 384.082
254.972 -753.849
649.85 -794.369
-406.523 23.085
672.967 -716.33
824.334 -951.998
-145.729 -705.247
310.729 -548.231
757.98 -230.512
768.448 645.57
-775.183 -660.882
-779.729 -796.527
911.698 -285.384
231.394 -763.298
846.639 839.747
791.173 209.013
-643.864 60.961
199.223 358.867
-699.56 334.547
-396.872 635.125
-303.229 -792.155
832.469 323.463
865.764 621.439
422.613 -847.261
-995.642 866.19
-702.714 311.708
-359.488 -218.801
442.687 571.092
-43.136 -865.373
155.686 919.171
-443.048 -819.106
989.543 -636.255
-229.965 -361.368
-152.336 386.842
-172.111 587.003
-333.07 604.282
307.908 -508.184
-162.681 -5.795
67.541 64.949
642.808 -230.745
161.928 -156.318
155.753 386.998
496.567 406.187
-529.614 -994.268
987.811 -965.691
116.749 915.232
841.808 -880.845
-301.305 697.503
733.545 638.021
-410.605 -711.72
706.624 943.639
825.908 -515.005
655.644 -888.269
-724.397 924.104
407.926 -245.078
-947.306 929.826
-256.632 402.804
325.495 -852.459
674.874 740.954
-939.629 -269.512
-842.013 -845.869
138.366 627.423
-700.566 -635.151
487.116 496.214
397.128 -400.985
-176.955 -325.326
562.794 390.494
-426.462 -688.225
762.314 -935.762
502.266 6.591
-978.265 665.36
359.807 751.953
108.312 659.036
838.3 3.745
418.706 -152.659
-686.399 946.245
43.002 955.853
-749.733 -576.272
238.088 -562.187
-632.612 491.991
118.589 683.426
633.118 -63.128
-373.621 283.782
654.507 -670.351
606.679 293.294
-610.539 -783.198
-844.383 206.38
693.219 -943.902
-435.586 83.136
-869.362 194.222
513.043 -381.76
103.383 276.778
-935.266 -461.664
953.326 129.594
127.479 580.451
-908.639 -370.839
887.018 -983.043
-286.702 -435.196
-203.727 -610.233
503.685 451.376
947.701 405.314
-805.24 -185.427
482.903 -797.994
614.989 -699.627
174.351 -235.777
172.716 704.054
-419.761 -696.924
-73.788 770.408
-813.418 436.925
768.804 614.952
308.44 537.651
-677.906 927.335
32.602 457.441
302.79 860.454
-317.169 570.704
-321.959 -279.367
711.905 -138.197
781.36 548.35
-224.731 -582.359
220.774 -850.003
-695.197 255.579
-4.954 609.453
-714.755 740.915
94.272 937.894
562.891 -825.665
-811.772 -372.563
868.112 -677.055
-439.765 -273.343
-821.542 -641.627
543.881 -484.112
-53.478 -487.947
753.316 300.584
-719.106 -752.068
137.467 -920.815
718.007 -198.122
714.002 834.28
-742.032 -266.535
689.671 904.09
-252.634 364.402
11.885 -474.345
751.073 365.111
241.227 287.734
482.085 -510.366
642.47 -984.114
706.12 -418.679
-683.588 -201.439
-854.043 -223.554
-75.443 -812.994
-68.245 284.969
800.253 -70.294
-828.355 463.556
834.921 844.981
536.433 -601.058
-342.559 -365.43
992.876 -27.41
404.582 -47.561
-443.25 -923.435
-688.518 -60.065
280.433 -359.627
-937.353 202.155
-239.43 872.919
-277.014 -139.781
-53.181 -891.845
736.041 905.29
367.343 -460.304
271.375 -832.817
-861.482 -189.863
-403.326 424.413
742.578 49.556
339.289 -481.106
661.098 -815.117
803.283 -315.962
506.352 -670.933
-301.447 -161.798
-49.001 377.661
-678.622 393.38
-290.615 385.803
-221.724 -980.137
566.145 194.257
-844.383 335.925
233.025 -352.535
972.736 877.938
485.673 473.439
-366.969 -698.987
-82.682 -705.027
728.603 -772.786
939.952 -187.227
41.383 -992.646
-98.882 665.022
-748.566 -101.343
938.915 -805.108
-562.754 958.064
-159.648 92.172
-667.798 -244.887
-303.829 904.754
943.489 153.673
-971.258 627.559
-967.617 793.31
4.17 735.516
398.634 297.823
-88.005 -179.226
-295.578 84.934
46.34 530.162
-773.24 -648.372
-143.233 -646.21
189.784 85.526
-236.873 690.183
377.101 -125.013
-433.503 240.753
850.271 713.995
990.726 611.88
-792.376 299.249
232.521 -177.441
-7.19 503.454
854.458 -800.596
-111.793 162.467
-934.729 -420.191
-158.718 -554.241
-90.74 -237.84
-608.88 -60.852
-751.119 935.232
828.059 -174.131
640.836 407.67
482.306 -984.79
-250.712 -552.127
-432.791 759.214
-471.002 676.968
590.276 -170.567
-516.891 800.375
-170.887 -968.94
-693.249 -251.189
633.414 640.069
199.891 -329.82
918.321 985.658
-516.338 946.981
-614.679 288.869
657.1 602.663
155.707 -742.259
272.547 954.711
-652.565 808.343
34.554 -125.197
-800.844 602.344
8.514 262.882
568.563 686.061
254.637 -479.54
105.811 897.401
-592.475 -813.469
-125.158 257.788
186.576 -944.363
415.152 841.189
-842.455 -235.19
484.679 -738.904
-92.587 263.004
-283.757 -520.556
795.818 -406.155
70.834 -509.491
560.058 572.096
540.783 318.515
-450.07 869.952
254.876 276.773
158.709 -793.162
-81.745 191.789
-785.847 -435.074
789.21 -814.446
-11.51 -277.205
676.632 -218.4
-17.926 -956.086
-852.848 918.434
-847.375 374.673
-249.491 -372.83
816.605 617.098
-640.387 -979.719
-642.646 134.588
213.31 -937.099
951.832 987.479
-32.178 228.01
92.966 -683.223
483.394 853.166
-614.309 -940.89
-953.924 23.489
-695.308 733.749
-770.423 -566.084
-344.921 -560.478
455.488 879.696
-464.819 -36.85
906.459 -302.893
102.994 -411.358
490.389 -8.397
25.313 -200.116
-613.892 -654.081
374.115 774.63
-437.834 -214.348
167.297 532.898
-376.83 588.199
907.524 -24.336
765.715 -152.525
494.159 631.784
245.822 214.591
-141.374 134.284
-252.079 265.397
-871.467 -665.502
-932.48 22.714
173.738 -413.053
653.373 290.196
930.29 -295.493
-940.12 -640.192
-354.638 581.793
-284.511 -854.719
313.909 -256.071
559.029 -755.393
-362.822 -978.198
-342.261 -69.247
590.479 797.488
123.281 -228.818
203.604 54.525
-794.16 -443.903
215.809 766.72
719.825 -850.352
785.328 -156.5
512.402 -364.433
-359.757 -605.753
605.45 -2.698
980.519 -157.526
-751.815 -657.721
-346.25 -234.285
152.828 -429.926
287.333 712.206
975.91 823.286
-431.268 683.286
-194.378 791.659
836.069 -921.76
289.551 -861.092
-809.76 605.027
446.507 -450.653
507.385 -199.311
112.9 -373.651
224.641 -213.345
392.914 -90.837
697.345 934.305
-757.174 -252.188
235.954 -941.424
-904.332 -979.208
-789.729 -354.282
375.198 -128.635
-659.617 -617.681
804.553 -262.241
805.761 979.13
868.221 736.03
-480.625 569.888
-778.393 894.29
-849.916 -341.342
225.501 624.971
-460.176 -659.323
-724.473 -78.612
-747.423 723.79
506.07 775.597
931.673 -173.412
-106.441 -755.253
55.178 155.769
322.538 952.699
-356.177 461.729
-548.339 -472.376
-407.532 -834.411
117.03 745.745
318.962 470.537
-588.218 -843.967
943.53 -879.466
-973.744 -567.729
637.023 -624.165
-790.931 -582.677
181.046 55.289
716.918 520.976
-376.349 -91.956
-692.002 9.023
828.251 -562.43
-272.712 950.129
735.718 26.928
560.042 -624.093
-444.323 -671.607
-385.706 739.663
296.766 -705.421
752.392 490.052
-518.875 788.196
-625.94 -942.828
323.771 -94.718
-468.843 853.855
-831.866 -137.053
-698.76 4.381
15.854 -893.686
-454.822 -804.375
297.243 464.003
-154.823 -411.988
-194.616 188.098
59.126 -12.768
-132.869 362.321
292.69 917.943
-560.84 -893.724
-928.624 -467.644
-868.305 -797.936
-547.07 240.441
431.647 -216.184
-797.391 467.849
759.055 -463.466
-588.589 571.455
-304.734 -424.015
192.627 467.765
-811.515 6.48
400.942 -46.483
-389.352 813.336
-522.761 -369.775
-861.091 -625.311
799.738 -716.333
-974.53 -50.799
-331.892 -644.97
-472.336 -846.046
358.406 706.179
188.01 939.083
166.318 -23.385
-504.979 -781.228
637.853 134.533
980.826 670.718
50.538 -665.391
-706.834 -812.18
-390.795 472.373
-94.767 469.63
979.586 -485.321
-27.013 -271.421
-972.878 -294.747
420.314 782.745
549.053 713.912
804.334 191.487
-774.478 371.568
456.431 -958.545
957.275 712.531
318.734 -716.734
-4.336 -511.264
482.025 946.581
-281.16 488.73
-612.316 909.629
277.468 930.906
754.288 357.603
798.443 -101.461
916.612 53.814
-469.381 358.133
775.99 -217.948
-165.411 987.887
-381.353 -917.8
40.155 -313.451
224.735 -133.081
-89.945 936.306
584.681 -423.183
938.94 -2.146
371.053 -67.365
-699.544 933.343
247.59 328.641
-392.709 -423.48
599.57 -968.815
-918.094 -433.965
186.143 -893.613
-388.357 -139.354
320.507 -998.717
-497.133 -299.564
-433.469 718.021
330.652 537.771
-689.926 -827.993
-458.662 991.829
-606.545 170.45
-838.564 -562.284
-53.644 -290.736
623.418 274.089
-154.873 933.814
-803.723 -477.478
-395.955 -378.528
127.815 357.846
-355.04 156.335
366.642 -600.987
-728.618 108.568
-397.875 -828.804
133.33 256.638
91.661 -248.068
751.843 -126.214
-722.78 -116.197
-373.479 869.76
425.197 -63.242
-144.662 -158.989
-179.483 -944.654
117.818 914.984
-158.163 511.713
230.417 -395.22
-514.709 24.414
-745.45 86.539
131.149 -413.314
510.67 -214.681
-194.116 -988.094
614.962 749.822
-79.558 -891.308
-890.614 659.789
299.76 -333.033
-805.202 -418.846
-37.064 -337.385
-878.27 480.946
348.826 478.727
-893.959 -589.871
-711.696 480.848
-9.391 -552.913
351.362 704.511
-398.216 -378.218
978.317 -987.098
-30.09 375.549
-770.582 -999.929
207.581 -757.931
-806.273 -591.413
-52.515 665.453
-112.368 -888.694
-756.377 -190.885
965.393 640.542
683.442 93.438
643.373 362.641
718.628 234.317
-135.293 272.394
-630.384 637.1
314.931 -658.449
483.329 93.362
-47.683 -419.928
335.071 918.183
-14.072 335.399
-217.622 395.305
-785.328 -166.207
-150.334 -944.059
-85.835 128.418
-977.961 -394.477
290.218 786.442
239.753 -914.736
814.117 925.593
-64.186 446.131
-446.192 963.507
-284.505 711.679
6.411 -302.332
412.449 -218.751
-874.468 311.838
-296.266 438.418
-321.418 430.365
573.394 -443.32
525.215 -394.14
-212.143 832.32
290.268 -246.955
-56.495 317.944
152.078 854.824
550.796 50.868
-741.156 -351.847
910.389 -303.81
234.95 -192.452
-910.142 704.062
-681.641 -806.919
-787.559 868.468
-47.174 519.819
962.657 617.111
465.294 -526.766
799.589 -652.004
784.946 511.628
-159.888 -871.26
223.807 -771.052
693.604 -854.237
526.704 213.067
681.359 847.102
-357.682 397.451
-244.742 977.742
147.559 -600.531
-495.01 -124.97
-427.821 -597.615
-675.821 627.675
617.344 -615.408
164.216 258.231
337.316 -592.921
620.018 786.582
-280.878 -183.945
93.162 -856.07
-629.391 459.954
821.977 284.465
-7.649 664.806
140.74 -52.534
-295.788 236.958
117.395 -724.253
-865.691 -144.977
-247.764 -858.265
-843.712 564.775
-403.546 -764.145
-538.853 202.979
-338.16 -551.958
881.235 844.547
-497.236 406.547
-864.094 742.947
936.23 -850.446
150.712 706.39
863.618 0.094
-201.561 -886.704
395.036 -778.251
-58.043 834.783
-473.894 -940.044
-323.91 -478.238
-330.918 529.472
-721.423 94.175
467.745 848.349
326.672 756.54
-528.766 -854.176
895.995 808.648
406.182 531.148
-929.276 962.112
899.816 196.295
224.865 -838.813
102.851 893.201
-458.983 -916.518
-928.8 15.209
300.674 -136.969
-393.163 699.667
942.931 -957.113
-889.287 547.226
622.726 68.372
720.589 363.882
475.847 104.992
-895.719 531.363
390.881 -140.563
-146.333 -724.459
-124.094 794.293
965.069 -264.583
-612.709 -126.95
-884.155 -535.933
177.235 -545.748
494.951 776.671
586.362 136.097
981.877 -970.203
439.654 625.244
-846.777 -746.568
-638.813 -912.561
-300.665 310.418
-511.511 -415.175
212.248 -42.597
-755.247 -846.392
-499.602 87.292
-10.141 470.437
-286.083 830.202
-559.425 426.268
882.854 560.417
-414.633 307.288
53.688 -464.93
395.543 6.891
-892.005 800.851
411.003 243.744
-440.432 -592.89
-725.737 951.877
-538.928 483.817
-578.461 -255.22
632.759 -716.078
955.819 396.684
299.816 -92.474
-771.523 -2.185
-932.488 -444.065
-231.647 654.358
-831.013 -441.815
219.495 -9.285
725.546 -230.674
-911.169 -588.54
-631.146 -137.83
-895.481 -389.704
83.098 -304.391
-948.016 217.479
786.339 845.397
814.899 620.487
181.917 514.504
-318.111 658.479
-131.848 -144.902
458.452 470.829
-885.763 -781.58
-223.779 442.594
355.939 717.028
875.952 -72.995
145.205 136.606
37.826 -674.902
-237.418 491.268
849.322 -736.255
-969.633 599.178
901.934 -828.926
-500.135 85.609
-324.935 -210.798
231.094 -276.61
318.46 564.853
620.519 215.998
-751.387 136.882
-358.021 -470.965
-642.431 -74.551
-120.181 -67.121
931.771 -39.584
688.651 -564.315
-882.83 877.669
-447.109 220.657
-371.947 -871.913
-640.392 531.954
-447.711 738.111
-745.555 260.676
-706.196 235.899
-900.841 -771.107
-922.996 368.883
721.141 159.781
-916.089 434.715
-878.374 429.099
-481.89 -485.11
356.776 714.981
-293.33 436.639
201.158 -300.541
-845.042 -112.375
22.071 -526.043
-348.422 -257.281
645.386 -168.061
283.774 751.706
-713.841 -346.919
576.329 -330.028
-183.725 303.956
-58.63 947.002
243.833 -679.374
-910.779 860.617
823.745 -948.929
218.076 616.068
21.592 561.748
16.365 162.973
-311.895 -570.263
661.454 -934.801
452.52 -237.821
995.642 -843.11
-845.377 871.036
-550.838 6.992
148.878 96.466
-163.84 466.091
695.19 55.513
-897.137 -55.342
48.896 -117.965
-461.635 672.018
-413.869 -511.942
-513.853 535.287
-276.07 -88.358
496.377 -769.166
-517.907 465.597
760.454 -276.238
-296.031 11.287
829.271 306.66
210.437 -102.064
-162.3 138.685
653.568 -749.437
75.232 552.897
-184.765 169.511
-723.72 -479.442
-426.23 -372.311
-836.988 -157.955
966.496 152.024
265.26 545.29
799.745 752.811
-968.975 -758.422
-473.248 109.158
860.25 485.708
-747.204 -931.849
-137.16 380.093
979.867 -735.244
733.76 837.246
808.521 -291.264
-195.365 113.882
423.967 -761.941
794.853 796.708
182.956 233.259
988.268 -909.525
477.497 -290.085
-102.209 -182.251
-100.493 669.609
-421.418 -45.788
-730.789 -633.098
531.911 832.684
873.243 -832.421
791.198 187.107
-260.252 298.81
-241.251 -122.826
17.334 176.162
889.536 -806.203
-405.303 -317.766
128.263 794.603
159.656 688.131
-146.621 -354.4
-362.843 -643.168
-713.607 627.974
469.251 978.411
-578.639 38.27
150.276 230.955
-801.067 -430.418
-762.898 -452.303
-122.167 770.698
-423.042 835.386
977.611 506.938
849.032 332.867
-717.994 -586.314
677.58 509.729
-945.3 805.083
919.713 79.659
597.984 -986.67
665.009 -948.445
-593.718 883.612
142.33 464.179
41.788 662.076
-410.117 -780.77
412.644 689.488
-111.19 -135.468
-473.887 729.006
986.155 463.267
-767.075 -292.558
-841.866 586.641
454.723 -345.769
14.12 -447.784
261.248 25.688
554.091 413.62
-370.38 849.46
-133.245 864.736
588.395 -364.946
682.862 322.261
755.147 -928.728
268.994 -984.059
-726.251 -247.582
886.325 346.695
-469.428 -697.134
627.738 467.121
-434.801 -602.854
751.728 901.666
714.314 498.892
-993.605 -865.477
115.474 -582.906
-643.77 -163.681
-473.852 -239.42
167.798 275.429
-31.534 313.882
-639.871 -399.799
-536.213 -415.768
-29.88 593.492
-215.58 -285.744
-38.082 -806.934
-775.265 761.79
509.922 -425.457
938.724 -349.206
324.836 -768.362
-70.528 -362.188
-772.927 393.937
409.638 547.364
-32.523 609.443
-21.651 -175.994
-530.28 -418.14
14.975 779.621
565.656 -878.393
543.597 -476.789
-364.763 -217.243
-116.097 -202.641
824.737 -463.366
456.374 -320.317
637.049 -382.979
-180.377 145.011
-666.93 -587.598
250.573 895.756
226.608 -340.632
209.922 -960.16
444.457 604.826
-819.495 409.461
824.457 533.684
105.788 309.863
37.298 -275.804
-603.12 -686.014
71.398 719.446
-541.331 602.571
821.308 -336.996
-568.77 466.669
880.028 -927.85
-959.943 880.71
-794.959 -204.125
-30.2 -686.109
-397.067 -539.99
544.823 -505.383
-455.084 -752.714
568.107 310.552
-737.614 481.051
-460.003 -830.167
-852.22 444.226
524.772 -169.24
-970.516 660.503
209.744 -696.305
471.747 585.24
-611.432 211.383
-375.621 -352.547
24.711 -953.136
-451.901 -594.667
-471.46 312.101
-57.199 -417.523
-813.875 933.773
121.993 -33.301
815.332 66.408
-510.772 -965.575
-5.93 -212.71
-254.525 93.163
-783.391 -551.878
950.381 -205.303
-535.769 -260.357
126.307 285.637
-335.129 619.362
951.635 -809.222
-661.489 729.655
-20.377 -500.062
-717.339 232.977
-52.971 446.065
133.278 -535.14
534.817 -495.952
-377.09 -324.263
-698.776 -357.114
130.625 -186.931
-988.856 380.795
510.076 589.392
91.177 -373.968
304.017 -356.324
417.736 28.862
717.306 985.511
-837.131 -789.912
398.511 -248.628
513.773 -675.814
496.298 -667.606
-124.797 943.833
-921.876 -151.636
-658.556 606.307
-25.613 497.987
94.17 -201.189
-406.498 -129.041
-411.553 843.94
353.366 44.96
230.201 -256.736
300.441 -716.965
46.502 -591.076
228.0 428.95
38.76 -497.521
-74.24 872.405
854.159 440.261
704.792 -729.322
48.757 658.816
-980.358 -167.394
-699.302 -865.904
953.952 -376.319
-624.651 388.09
75.463 -337.93
-877.784 -62.612
-687.094 -299.094
118.312 -547.941
257.644 855.759
-450.839 641.509
736.186 168.937
-388.499 249.002
-193.463 -490.501
82.034 318.735
-845.048 -695.156
461.316 -440.029
-474.125 -795.356
593.769 174.634
532.109 -339.68
543.957 184.34
-445.525 614.599
742.673 336.994
-53.186 -663.801
566.73 978.174
-817.323 606.708
-707.017 -670.363
749.228 -353.324
791.907 -895.622
23.411 -120.622
329.684 -345.821
0.75 -765.407
120.29 -245.381
-228.94 -51.044
-376.476 43.971
61.371 766.571
684.382 910.72
890.98 667.21
422.695 679.752
120.972 -19.813
577.93 370.735
115.81 -129.173
-303.639 -949.409
-268.626 -67.848
340.078 456.983
-572.44 119.588
995.8 878.814
-235.085 -641.989
495.257 -978.655
-115.839 52.005
-988.771 -379.219
-811.783 -262.265
-492.479 843.128
213.549 -932.944
-450.097 -42.53
-912.165 390.998
-493.924 250.541
942.281 646.651
726.371 855.15
994.463 264.48
-19.399 -53.103
749.874 501.173
614.861 -923.613
-942.326 788.53
-693.616 472.392
741.826 -736.704
-160.855 691.606
-887.904 274.956
-875.349 -805.049
88.167 966.807
-611.635 228.008
-966.651 674.547
696.46 -367.039
418.618 811.449
173.695 888.602
32.681 881.09
-193.654 675.433
339.282 -870.09
650.095 3.051
457.914 -832.063
-113.202 -448.949
-602.633 10.932
-654.064 493.657
675.719 -993.551
-452.474 -298.63
-317.095 136.347
392.584 132.379
-73.989 -767.477
-818.877 459.101
-628.682 182.297
931.531 533.445
577.473 -564.948
-250.941 -837.45
448.554 -506.536
674.617 284.635
802.958 -617.828
511.665 -734.53
-893.329 411.828
-643.992 -719.148
-368.918 -548.079
-623.509 767.137
-645.776 -410.135
395.116 -470.91
-20.229 157.392
-302.282 283.652
-100.654 262.053
663.461 -926.538
669.448 -228.639
75.898 -578.674
404.375 -306.157
621.817 592.543
-585.106 399.308
7.531 659.715
588.59 -818.485
546.818 -483.572
-64.624 -937.104
-769.404 316.664
-627.149 -720.369
173.642 -255.435
-244.18 176.782
-932.3 402.577
258.944 738.658
-984.203 -157.184
-330.575 295.763
-799.585 826.298
-387.449 -66.318
-627.679 -956.5
618.443 -87.109
151.93 -130.063
-201.333 668.193
-494.85 -253.57
-324.243 357.112
-399.653 941.531
754.865 526.346
801.731 13.922
-158.028 548.145
907.964 -198.5
-942.89 24.409
844.707 773.19
930.471 885.693
-603.076 944.856
503.7 -740.218
-333.706 919.827
940.65 -381.453
531.646 602.979
-82.573 -669.316
-998.314 -705.018
765.909 -397.435
-839.249 -527.633
-593.356 -819.666
-510.535 369.427
691.337 -251.484
-45.312 -310.576
-58.399 373.573
397.559 825.666
336.874 662.694
412.448 526.112
-808.35 -742.995
526.089 -732.947
546.521 796.043
639.582 460.744
-150.815 -212.299
-856.686 -23.381
480.858 172.858
-556.612 217.045
535.688 -261.735
-320.298 646.476
221.133 503.369
829.172 291.155
-723.84 -624.059
-577.535 -129.199
-320.827 308.09
-148.577 -430.072
-226.369 642.55
-930.347 917.025
-156.526 -672.914
364.68 668.465
-70.155 -834.719
372.131 -797.19
724.933 607.101
-975.551 -361.948
149.364 -232.019
-90.616 -27.721
919.842 -196.593
542.719 -394.091
-482.702 268.234
207.272 604.837
-99.46 -254.349
-52.905 -329.873
70.048 -270.276
570.989 961.469
63.423 -233.056
349.438 -699.226
-325.769 868.354
180.306 -604.774
625.67 455.258
-90.021 -902.913
-436.572 -756.897
-20.757 -265.792
778.332 372.775
-495.346 -325.077
-407.711 638.339
85.497 -642.544
-286.229 -964.962
-350.735 271.965
191.558 -285.511
-926.775 477.361
-502.747 -831.906
-810.855 453.575
265.84 -137.799
-450.608 943.706
377.984 -511.799
651.143 669.836
465.376 47.117
-83.161 -846.928
-254.409 -706.499
953.687 275.629
764.074 -236.174
960.533 -842.47
854.881 498.534
-154.94 -955.233
900.718 -486.284
305.791 765.851
673.707 -133.129
-767.149 -616.713
-478.049 -393.597
28.079 708.487
-512.495 597.908
-251.527 -54.163
521.438 -126.109
493.74 556.618
-446.292 342.879
209.245 819.493
356.416 -454.641
-185.634 -962.562
-171.35 -740.466
-465.893 198.159
951.795 -363.681
-557.353 -963.854
-350.782 -872.555
-424.337 424.067
653.95 175.828
269.545 -342.496
-221.921 859.745
-974.866 -318.808
-307.267 -111.234
-76.105 485.142
-578.725 395.451
345.972 -488.615
-935.467 704.583
935.447 262.768
122.651 -309.402
-584.898 969.737
-261.617 -416.354
-369.324 349.003
-940.871 249.725
-666.531 -296.747
-136.938 991.652
-953.183 946.714
112.879 -18.486
-530.563 842.353
-736.605 214.243
699.336 -806.04
-563.389 984.262
141.49 -642.755
-681.765 555.049
468.921 -197.767
-182.968 502.562
-163.64 198.497
-361.193 -273.651
-788.722 769.516
920.479 523.506
-364.45 71.254
-215.653 718.113
-10.334 -72.172
652.277 -101.088
847.821 -644.747
-423.184 65.331
-331.89 -71.957
-655.459 814.562
-233.293 306.208
948.495 -179.412
272.834 237.752
-722.856 239.841
997.82 199.136
464.296 890.978
-349.959 -500.118
138.612 -56.173
-818.067 -259.408
485.931 767.025
308.232 104.115
726.877 700.618
-677.241 -261.871
749.3 -649.578
874.282 842.771
-354.552 -414.036
788.891 -585.985
-77.641 -509.906
206.498 979.427
593.507 945.611
0.43 -777.685
208.014 -337.482
840.312 -681.467
-75.576 924.948
-986.233 -935.355
353.745 734.125
991.069 724.338
-859.269 -165.821
-479.942 431.953
-758.036 553.193
294.179 68.342
-952.56 -38.385
452.064 -414.074
-203.207 644.632
537.523 -273.253
433.249 23.119
299.26 -142.823
-751.886 -708.033
-475.002 650.457
507.156 -776.433
-662.093 -174.214
-320.331 825.949
591.106 -579.83
-805.749 284.071
-851.861 798.391
-16.846 -510.543
-480.001 -409.416
-110.656 574.748
399.123 136.462
188.856 522.645
-703.952 -423.139
-557.957 -258.298
-274.552 -417.563
889.584 -683.395
267.789 -49.43
-120.275 -410.241
487.466 390.165
-706.948 -415.334
-231.547 273.525
-943.991 -576.676
-394.087 168.47
-481.158 442.279
490.914 992.235
-188.311 236.92
-659.18 -311.573
-688.246 705.221
-371.408 -251.275
730.817 -29.508
-661.758 50.474
-649.225 794.267
-971.535 893.897
-315.266 -381.383
-551.38 -443.369
556.029 578.548
299.993 -286.997
-81.357 825.405
812.604 679.954
691.492 566.175
48.237 -543.257
-594.94 328.488
-203.018 -802.32
-340.97 -865.605
106.569 69.508
482.516 745.231
940.874 -888.05
133.404 -504.056
-487.856 478.872
379.398 301.614
-509.826 379.275
-87.868 -919.534
218.275 103.951
-817.282 -619.972
661.385 -872.662
806.267 45.115
-878.27 -544.828
171.355 162.541
-71.457 73.867
562.825 -362.283
267.811 -607.148
-767.187 -833.228
-605.208 84.738
-570.012 -25.539
138.659 163.427
722.278 -776.952
773.035 554.792
-610.402 611.532
228.827 -87.491
-999.01 509.121
202.708 -14.79
-646.936 14.586
28.4 902.871
-400.725 734.522
-501.956 -449.423
122.529 -382.392
-119.912 954.458
891.394 -24.839
-361.585 948.709
-58.987 -673.738
-868.881 -135.97
-390.718 850.591
-113.603 275.766
77.18 -634.689
557.584 525.705
-573.567 3.559
-359.968 60.799
-794.166 -399.877
219.053 142.017
-690.805 -687.225
532.795 571.622
704.715 220.246
-685.735 913.414
962.309 306.981
577.497 559.51
-461.234 865.687
-56.037 712.475
-392.764 -710.027
-332.556 -292.133
490.428 -100.584
-149.404 -212.916
-165.753 524.445
-191.838 937.36
-292.776 610.742
949.972 534.097
-961.041 408.678
-582.782 433.345
-410.406 -253.05
-356.308 581.84
-348.63 119.945
-601.096 -570.04
5.887 712.807
-786.331 -513.724
-349.034 -40.635
442.528 -60.256
942.266 -908.0
318.836 375.602
817.775 -25.917
-439.715 213.41
-249.962 -797.12
279.257 -447.908
-261.102 847.212
-777.938 -731.431
499.652 -350.909
550.486 -172.445
-696.455 -699.161
-402.289 -600.011
-823.99 -509.547
145.466 525.574
-478.562 62.055
-417.161 -956.296
544.201 -863.992
571.801 422.805
-372.078 706.867
810.207 -108.319
769.17 -631.72
-63.347 -78.393
-333.976 355.338
408.121 -489.284
495.301 -953.723
-761.619 -178.442
-207.384 -27.285
-903.938 56.795
825.964 24.523
-967.597 -125.586
-935.832 8.423
596.556 580.275
-15.981 149.631
268.748 468.868
130.614 948.455
561.176 63.525
597.182 692.599
-824.539 844.994
220.063 985.899
503.815 534.231
-138.107 -446.27
-97.423 761.081
477.873 300.887
-853.948 295.68
-320.381 55.428
385.172 640.417
-135.206 -957.033
149.476 -987.292
656.445 -962.257
-549.54 -145.701
-482.294 -554.22
349.077 -346.761
-84.493 330.804
539.856 148.877
-290.709 760.623
734.486 -694.79
545.984 -587.712
-636.827 -947.551
203.843 689.397
558.926 80.153
909.321 -345.078
-369.328 -539.792
-582.385 -394.141
-151.433 -457.844
872.605 -565.528
-289.31 -725.376
797.759 -120.718
668.314 -249.772
-112.095 487.885
479.826 -239.167
-106.375 -201.644
-588.735 -238.99
628.999 -814.296
-649.806 826.566
449.037 -756.592
513.213 -759.283
-21.783 209.697
499.365 -366.241
-618.038 970.304
599.582 -280.283
-489.431 -776.015
-86.093 -985.489
606.823 -199.383
714.986 -290.638
891.464 673.069
-131.702 695.616
-398.611 999.413
-831.097 287.164
-220.628 -57.277
902.618 -450.568
294.719 -353.458
-718.528 -502.004
129.158 -744.103
-688.483 390.14
524.576 -877.637
604.761 732.69
321.904 -256.592
-170.247 -685.035
-655.16 872.583
930.6 483.933
620.639 -636.771
758.155 -781.217
-675.253 -4.889
-387.87 250.625
817.962 -469.637
-357.855 566.538
-336.836 777.641
-931.554 744.056
827.154 -907.001
-245.926 197.015
50.409 -683.655
-970.123 794.377
-815.752 976.383
-775.179 -48.621
966.738 712.281
73.454 -731.189
206.542 273.71
-377.138 -61.026
805.766 -743.603
312.749 -268.835
227.219 432.631
-44.42 497.438
703.937 -607.426
-561.378 -740.385
884.578 -548.896
-835.622 -810.422
-192.323 773.836
-789.544 -547.553
-630.746 318.739
-342.748 947.913
336.713 39.834
154.334 767.166
519.787 -736.586
-155.958 322.404
158.737 869.249
-931.549 812.029
-229.94 -903.963
-604.208 -635.655
-714.091 -931.772
589.544 -676.23
-354.935 144.173
-32.31 -312.196
257.426 633.979
154.403 -95.792
-570.328 242.625
91.759 -764.362
-441.39 537.022
847.771 -325.491
785.054 -489.431
613.977 -25.29
97.802 326.496
336.025 -315.25
38.146 -873.764
-269.156 284.585
929.507 -747.544
-545.75 -85.133
-777.726 100.93
-408.573 746.613
-385.939 -127.672
968.623 -834.066
733.935 9.447
-204.884 882.499
997.09 -610.244
680.026 -556.286
-966.562 466.825
-292.127 201.873
-696.458 719.852
50.09 600.52
-274.688 -539.153
894.327 61.74
-251.056 -799.724
-668.729 268.625
236.369 686.478
502.208 -695.898
884.384 219.331
716.59 -443.157
918.114 897.798
-407.007 801.913
944.018 787.489
-63.992 -727.76
876.287 -999.293
-497.342 111.515
-376.789 846.104
226.235 918.552
-881.556 -179.249
-712.417 644.883
529.186 613.977
901.821 -515.074
572.626 292.169
-218.001 -613.257
668.658 -858.937
926.715 -447.564
785.277 -753.057
479.31 888.682
-696.308 -113.237
344.476 521.169
-978.462 -765.416
-377.679 -794.776
257.091 -57.781
320.843 -402.356
-750.271 485.823
-91.265 -859.195
957.986 821.012
-317.246 -455.794
975.919 -236.997
782.233 -774.325
-66.949 169.957
752.485 382.874
588.911 516.919
-550.733 -793.9
995.211 206.632
198.094 -274.901
738.723 329.821
673.418 926.489
-156.652 276.12
730.334 -439.593
448.105 -448.269
-496.658 15.647
-160.709 672.592
966.173 -833.813
-797.738 611.983
-514.512 -10.048
182.169 331.257
-792.069 561.844
417.058 121.342
674.824 -248.355
37.934 850.486
-234.826 203.325
180.686 587.2
908.143 151.251
-765.053 528.061
-278.598 345.219
807.579 -156.341
-212.51 488.62
-305.391 576.273
704.466 146.69
45.531 880.394
626.321 256.237
555.262 338.137
-948.719 133.86
-951.711 891.9
-802.392 841.339
603.79 458.115
698.86 -492.972
636.737 -311.901
947.159 -502.598
-107.986 -904.402
-83.591 981.951
-473.653 587.282
-581.238 541.618
94.555 -356.238
-197.358 -302.922
630.939 689.44
713.293 -332.473
232.805 479.719
672.471 -544.858
657.366 -797.404
443.881 278.903
-374.151 -5.615
-627.616 -234.607
-470.639 414.792
-298.812 611.795
791.56 509.542
918.617 -354.48
-777.039 163.694
817.661 400.457
120.971 513.541
76.509 -204.058
391.272 -602.761
-818.916 195.939
753.866 -190.726
-473.26 431.776
65.656 -206.487
842.517 -792.748
912.15 629.146
774.902 -412.175
140.214 -835.577
998.878 -114.928
-918.454 95.974
335.043 -452.423
-11.014 666.496
966.525 -509.297
-548.335 295.79
-568.064 -975.163
-512.64 -958.452
224.441 675.861
-170.948 102.452
136.171 -175.353
695.81 161.791
254.51 777.208
958.262 493.586
413.492 963.832
606.852 -472.885
-259.543 800.106
873.844 -359.691
-285.852 916.182
-731.014 719.889
972.512 -506.209
76.551 -742.471
962.022 568.437
14.908 -48.525
-373.03 614.507
208.183 440.212
435.129 289.932
108.146 970.154
-69.427 148.518
-893.597 237.612
-5.734 -127.631
906.328 -657.318
119.917 117.992
-884.908 -304.794
735.154 -704.24
364.014 -869.174
437.738 139.507
894.702 455.521
427.224 -18.38
408.436 885.496
972.413 -569.592
-95.777 76.791
349.335 -338.934
139.715 751.937
892.536 -711.534
79.225 362.643
-371.083 -986.449
219.189 424.227
-283.301 -760.633
954.708 227.701
59.544 460.761
465.113 -502.401
203.051 517.642
-641.318 -637.524
298.814 -10.05
-761.0 -821.789
892.294 148.006
898.06 -225.098
-184.852 392.83
-722.981 -313.409
-808.273 -289.686
414.526 758.129
-0.636 -630.867
-197.144 -546.72
971.272 266.015
-320.56 503.631
47.735 -959.198
212.319 964.02
-881.708 -253.706
-662.974 927.2
58.242 -990.678
-230.493 -944.693
810.29 126.729
718.717 911.423
-623.036 241.745
-636.427 -563.252
-309.504 744.194
825.229 199.437
147.97 782.874
412.735 759.344
-645.016 -702.3
637.991 -939.317
-922.451 75.18
916.063 881.408
614.41 -376.669
-417.138 -301.892
-639.166 36.978
800.461 -4.698
207.007 994.684
839.998 875.637
857.213 95.961
-222.308 -104.129
-767.237 108.924
-323.312 -268.613
-521.097 635.171
-623.32 -191.431
-283.357 833.221
842.249 621.815
819.336 415.275
678.124 -802.439
39.688 327.025
-358.894 54.675
150.174 63.851
-211.63 92.762
-598.136 -359.367
-104.191 -603.917
888.495 -147.362
-129.722 -835.222
-952.332 -791.363
122.506 219.326
-388.205 984.575
541.482 541.685
397.803 55.1
-916.735 893.56
-385.76 174.94
800.553 85.574
281.865 478.514
68.584 -905.585
-394.108 -623.522
928.374 -895.129
650.789 747.41
477.08 47.969
-643.42 -258.352
398.366 821.324
-802.699 899.929
784.712 424.821
-854.073 -592.784
-586.526 280.842
-968.815 844.173
-587.94 378.779
848.624 -990.522
-519.225 627.275
662.608 968.804
974.171 653.144
-256.432 675.575
-910.486 -716.661
-507.654 337.066
763.89 -154.319
141.079 727.487
252.381 -590.247
757.362 473.267
-454.77 380.563
-168.225 -172.72
-443.827 802.152
633.449 -23.567
200.259 253.074
-209.063 392.004
-101.744 325.926
-554.051 275.194
-769.443 804.434
-22.926 -633.283
-345.243 887.006
-487.002 361.811
861.239 -203.591
72.52 -430.59
140.217 -783.016
-761.199 645.755
768.053 900.418
109.5 -4.066
-745.77 991.117
-62.086 -781.312
-542.71 666.189
-631.043 525.083
612.818 -516.496
230.642 -123.783
-714.483 194.003
-917.896 867.231
533.58 -622.061
-579.137 -364.157
137.603 897.179
-317.305 900.829
843.68 -299.766
-598.701 288.27
-217.376 -693.805
-416.389 -872.701
-632.074 -611.322
316.024 -122.257
742.675 -861.234
-508.448 57.113
113.706 -713.273
928.353 -886.574
369.526 -180.152
68.548 237.172
-660.17 865.601
-259.256 -713.027
-792.415 -532.676
-237.573 125.423
627.412 537.391
-760.716 -550.964
256.573 127.278
-852.152 297.725
821.623 874.422
289.58 -435.063
232.098 -100.658
496.139 365.762
225.217 -309.707
975.955 -90.031
838.853 -693.724
72.909 -279.73
-711.185 274.186
-651.294 934.74
998.281 763.875
-263.844 -958.126
610.901 -712.032
-80.136 421.372
82.997 -546.029
-195.538 680.271
-294.117 883.762
-157.719 -164.549
466.899 -112.214
-223.114 -272.879
-347.978 -202.234
446.615 -588.17
-566.081 -618.07
-610.796 747.212
318.652 237.753
800.709 96.411
527.953 -183.584
288.0 -572.973
-717.337 -782.7
304.475 -399.359
665.776 549.155
247.192 -898.229
-565.644 103.386
-686.561 -231.419
35.002 -639.37
-114.039 387.939
-228.059 333.987
-453.36 491.943
126.728 -688.289
-196.247 563.718
-604.381 -177.421
-62.84 736.06
-738.89 862.505
-367.571 866.04
224.65 470.635
751.833 352.379
573.925 -828.5
-982.663 724.499
-894.495 705.202
-373.412 803.608
-593.986 -698.794
-573.976 681.357
-274.12 818.491
166.897 656.509
-49.825 407.206
-420.518 -797.001
123.775 801.634
-695.966 -169.628
64.61 236.578
-683.439 104.642
-60.865 966.606
379.927 807.303
952.249 327.738
-706.707 -110.192
511.347 -728.803
-238.102 -241.26
-659.084 -960.092
376.243 635.903
861.884 169.782
-636.333 787.976
940.593 893.208
133.566 771.208
975.631 772.981
-862.22 -730.113
-399.791 -212.768
-701.028 985.794
581.935 337.808
923.15 -358.603
422.816 897.524
-833.855 205.625
598.635 -968.089
782.095 -164.523
-661.88 702.506
-615.954 -439.508
40.863 831.85
-20.782 811.633
-895.978 -522.392
-386.728 -102.138
-134.101 -919.089
499.995 519.53
-83.825 -839.512
102.548 -738.7
956.497 248.339
469.283 -961.576
-238.658 809.07
-239.966 -928.034
343.808 393.712
-328.73 606.292
707.253 568.241
-185.61 -315.743
885.813 438.234
104.765 -22.339
-466.655 826.715
837.552 -830.409
332.445 -362.772
17.583 -772.949
621.51 612.453
-785.901 -851.171
-253.223 -691.988
602.914 557.753
727.381 -980.71
-973.106 613.972
740.319 234.921
-687.512 252.253
742.699 -78.474
746.803 572.263
-788.335 -756.043
408.295 -600.957
492.128 -837.689
-816.592 902.784
-992.318 583.185
-533.849 -900.003
-841.176 -359.19
58.667 -47.912
-605.4 975.859
210.916 -627.87
-423.873 352.319
730.016 -877.467
-630.144 -987.373
-648.298 -604.559
-712.214 83.997
945.447 399.934
405.736 -848.44
-625.904 -357.189
983.961 -675.153
270.594 184.616
203.108 13.309
-429.194 -146.953
648.937 470.886
61.102 309.684
936.278 -496.664
508.594 -870.693
-874.434 -311.553
465.828 239.691
635.407 -840.097
528.868 432.219
-976.002 488.537
-823.537 176.277
832.667 -277.04
362.162 356.391
-868.242 -475.125
679.45 -98.426
484.385 -39.102
-0.61 526.825
-373.051 998.195
-619.43 174.458
-914.601 -294.21
-70.11 -76.72
846.892 692.963
944.552 -72.752
798.179 -95.647
-715.834 501.104
-160.806 -951.04
-721.136 -366.553
979.524 264.386
-201.163 -972.1
582.75 323.544
-654.44 185.874
-632.181 -810.308
-217.417 -700.2
-325.37 -956.639
-215.536 -392.956
910.392 98.657
-544.521 -26.93
447.458 -134.288
894.662 -680.359
938.2 -880.479
922.879 -866.188
-353.435 -46.599
-421.356 -529.695
886.676 607.244
-167.309 -974.065
-383.985 -682.795
260.918 368.115
-142.005 -756.305
-741.144 -436.206
449.514 614.249
728.195 -260.865
940.861 -873.75
-105.844 -165.999
-581.088 -347.599
-533.123 743.748
-374.926 831.476
945.056 573.612
109.991 154.44
-337.879 -611.244
-745.734 -356.334
265.363 942.271
-542.147 185.67
-525.964 639.314
-22.824 -60.495
-961.205 21.921
-808.835 500.385
247.214 -837.385
-18.119 205.2
781.821 916.545
-467.985 -101.03
554.866 582.563
-447.579 -713.833
695.546 -881.957
-506.829 266.14
-345.571 649.674
-34.894 -707.76
-454.485 -359.929
970.569 209.542
72.62 648.273
291.683 915.451
195.174 -759.275
466.84 470.99
-610.114 597.697
-435.087 581.419
-154.017 637.173
-978.172 -478.024
-711.881 -949.433
303.27 524.747
-842.581 -70.121
819.613 -704.771
251.78 110.529
187.69 516.923
-784.51 -452.896
-448.101 412.593
-93.333 -674.198
-742.929 912.211
-752.17 735.475
105.15 -262.356
-369.463 441.002
100.254 257.781
292.657 -208.925
-346.779 672.147
-930.932 -434.182
131.234 137.059
766.519 -888.282
434.54 -736.266
-872.244 -864.211
-696.86 45.561
880.246 -529.973
509.319 944.639
-323.684 -174.716
501.701 -15.089
90.223 49.359
283.637 -208.02
-690.032 645.692
628.728 -103.004
-769.502 822.849
-478.491 -521.469
289.517 115.369
-895.034 685.786
-548.96 -915.21
-561.998 -534.669
-694.739 740.966
1.168 -354.099
511.926 340.526
-961.489 531.073
-15.545 339.284
394.249 100.062
-919.74 179.337
-582.327 165.478
-985.695 403.648
163.166 -263.764
797.158 -671.642
-574.443 72.46
830.401 488.508
-437.166 112.525
21.759 -680.273
-596.828 215.237
-331.029 -345.884
-479.316 -761.665
-429.237 -942.365
206.736 302.817
23.61 -188.618
-630.336 -916.68
609.272 485.627
748.469 -599.715
140.414 494.546
665.859 348.413
773.304 635.721
-278.123 -891.265
252.235 133.693
768.761 -495.335
22.199 -380.197
-567.153 -638.162
-332.136 -0.815
439.884 439.939
-84.231 -218.491
507.717 841.638
-39.649 193.481
590.006 334.049
875.65 -844.652
-785.477 -999.459
-937.6 -899.944
-977.576 -451.537
-999.981 -109.879
457.496 922.417
-805.535 -263.9
291.544 941.88
483.693 -254.358
-440.043 307.252
-405.06 -930.014
-759.847 -716.324
-86.145 864.491
966.566 829.132
-759.35 273.42
904.85 585.525
760.581 864.086
-650.837 -774.826
449.618 -89.511
772.88 389.837
-453.731 -954.882
126.461 -873.432
383.603 -569.049
-204.922 -245.15
-925.678 -135.025
-68.597 -649.954
-973.462 794.816
313.22 918.858
752.752 419.803
437.742 -594.603
-465.431 342.485
926.379 -623.86
379.35 620.708
991.675 -911.754
126.424 713.996
117.889 405.894
583.928 431.139
485.052 -426.966
-823.168 -265.406
641.428 89.181
-253.465 803.642
452.397 81.534
-358.578 278.628
-185.997 160.424
-255.78 967.026
534.627 -704.734
345.316 778.858
351.421 -184.348
922.773 -827.109
-493.599 -724.717
849.438 290.928
-98.463 78.424
360.675 779.482
-313.092 836.597
965.428 -709.899
-316.7 265.395
489.588 702.196
147.385 954.464
584.556 649.371
-207.3 646.887
761.446 981.008
87.993 39.138
150.929 -490.566
100.897 884.58
479.423 368.021
575.448 -21.64
-349.025 672.938
-253.356 873.856
46.242 638.722
-561.857 -297.731
-184.003 503.131
-787.147 280.939
-92.692 668.699
790.469 -623.338
-998.808 587.188
9.022 -784.398
-711.289 -855.587
900.221 -516.333
-187.76 650.464
83.934 -806.826
628.989 -952.989
-937.805 -757.849
-628.572 552.136
-857.328 -493.132
902.025 -156.165
-284.971 -193.998
395.637 -399.569
-224.505 -583.103
-142.952 179.382
-43.121 229.606
-916.25 -17.333
-936.964 -360.736
-937.919 401.263
722.35 -232.489
78.035 -803.986
377.182 240.463
-297.89 942.725
-19.383 -945.344
-922.657 -25.103
811.751 -50.256
87.47 -834.071
448.557 431.217
844.622 -90.628
498.104 -517.243
968.0 -931.316
-380.373 554.328
709.284 -566.889
-178.786 -979.412
-743.232 725.433
561.67 871.076
-111.14 4.145
-73.64 394.262
-223.644 849.961
307.405 -902.57
171.322 396.433
-17.802 804.523
-413.221 -674.508
-419.427 -337.169
-780.651 -690.408
674.749 -601.754
-27.505 -988.615
551.48 613.605
810.82 544.925
-912.251 -634.644
-319.859 366.066
691.077 -542.535
-110.667 401.56
823.31 -796.925
-721.589 480.713
893.345 125.542
-123.805 -266.649
397.842 -958.925
50.35 387.624
269.664 -787.344
-52.684 -442.196
114.563 -155.49
-869.649 -474.449
897.324 -284.715
-197.346 838.549
813.232 751.066
-757.978 -676.009
140.841 329.282
-107.796 993.041
-253.366 -473.987
-866.362 579.996
-628.98 -173.488
119.333 -535.503
-705.226 -733.57
402.948 -977.613
-880.012 576.174
-774.495 331.822
171.146 -982.285
760.769 -725.876
841.463 721.171
602.451 -622.666
-50.481 -42.531
-801.906 -224.285
266.793 82.806
607.74 -707.775
-746.089 19.736
722.371 -864.012
26.769 974.723
132.315 -505.864
506.827 679.542
-276.555 -549.316
-475.063 -880.654
-136.258 741.337
561.264 -944.67
343.312 861.56
-218.448 212.873
733.871 497.217
-745.347 229.792
580.935 777.488
292.082 510.86
-685.43 197.958
-424.745 546.198
-134.517 -938.172
-867.332 -830.315
783.301 -708.872
282.8 -260.958
-213.465 -70.986
613.623 834.222
-393.006 70.582
-345.824 -383.716
896.992 22.88
-227.812 742.318
376.903 390.499
846.908 210.41
322.018 147.976
-61.344 -818.025
-20.649 -315.18
33.995 262.732
-496.814 -463.577
-457.498 -422.106
27.036 -373.897
811.622 814.435
132.03 -302.974
-387.305 651.47
35.344 -176.922
-472.18 -152.304
318.222 536.628
781.101 -721.445
539.818 -409.969
374.207 -277.026
85.552 -357.715
596.061 163.498
-653.169 449.185
752.291 277.191
-588.532 579.89
660.779 -633.844
294.955 -6.089
-508.732 -31.313
-458.519 136.379
74.817 -707.32
211.968 -494.929
933.027 626.229
967.735 -993.466
-622.144 868.244
855.611 -90.479
981.708 167.167
-445.817 134.907
-601.62 -898.014
-144.585 963.393
190.544 -47.264
-226.231 -761.11
-637.791 -277.33
602.6 -890.996
694.349 -445.288
96.981 -463.171
567.741 851.496
373.449 -590.215
782.623 133.135
-980.288 -324.788
248.72 -445.652
-140.395 -539.023
236.624 141.234
-466.528 105.232
681.536 -696.594
107.42 -366.564
-560.255 611.421
650.239 -593.718
232.593 908.947
-817.644 480.912
957.345 -460.542
-27.486 -808.633
690.765 -558.053
-80.987 -668.715
-652.914 -559.317
-785.226 -522.459
-383.012 159.275
199.433 -226.593
-573.224 -799.267
-836.006 424.85
-114.945 478.329
-231.049 230.106
-239.675 82.529
-456.553 763.613
-16.96 579.176
47.871 -355.84
-1.936 231.276
676.438 213.108
-254.078 406.913
201.907 397.858
-244.671 576.14
-585.738 -371.576
-189.795 -502.469
-418.642 -538.209
200.871 -60.574
-951.448 870.531
-511.854 395.162
-95.508 600.201
-222.26 -309.632
-238.058 -18.085
448.357 818.376
-821.078 -490.149
-542.886 -266.81
994.198 -42.938
-662.917 707.294
290.018 198.21
620.284 691.805
958.323 -270.856
521.42 -820.055
831.7 -815.246
390.626 -899.87
-841.489 864.02
-93.798 -413.694
717.001 -442.973
831.926 -541.823
-376.803 41.016
-536.369 -815.458
-895.707 309.244
568.526 907.678
883.018 -648.112
95.877 884.032
789.844 -527.51
615.457 -609.23
425.058 -865.236
-796.979 634.58
-642.539 -751.725
-74.926 521.721
446.417 -694.563
864.3 -508.707
-982.507 710.815
532.699 26.492
-958.564 9.019
-886.3 -730.102
-903.311 -688.181
-735.418 723.377
668.56 147.729
-441.446 -508.422
-649.71 -780.248
-503.57 280.272
509.027 -865.852
-245.15 -998.853
-78.455 597.676
355.051 -209.966
82.938 -192.203
50.102 924.21
886.571 -292.129
211.034 436.712
498.687 503.263
46.941 -184.643
6.305 -0.547
609.677 -586.214
199.596 -264.997
-403.116 208.792
-175.174 -248.112
-252.753 -370.91
-602.594 -967.917
-128.925 276.907
-705.66 730.394
581.049 498.451
298.143 -396.056
-511.016 -967.244
-545.857 -121.948
-26.448 -67.302
-69.591 764.767
-73.401 -168.4
-897.307 895.451
794.078 845.493
-409.164 -893.761
-69.821 -226.886
306.864 -133.235
196.473 -290.451
25.123 -45.784
867.954 737.258
-41.083 -295.035
-613.041 843.971
-668.109 984.199
-708.122 422.21
-460.783 -950.633
-562.612 42.182
-951.72 -193.176
597.022 -79.418
243.545 -430.146
-898.167 33.995
-753.404 -123.204
-24.966 527.279
-927.688 558.616
457.329 132.701
-865.422 936.259
865.895 -244.15
321.233 -120.277
445.087 -465.788
-715.578 829.99
-813.621 -232.221
-211.201 -916.217
-394.179 907.119
-611.013 138.59
-164.822 651.844
-696.707 94.112
-489.704 832.143
-998.866 -867.543
717.681 -468.985
-34.671 -867.822
-63.387 962.395
849.644 -13.036
-840.061 -80.787
798.811 233.597
958.916 701.188
911.337 -483.833
117.137 778.341
628.761 -338.8
329.883 53.418
335.504 670.717
179.559 365.203
612.378 556.592
-509.407 629.864
-132.253 -455.623
879.88 -398.862
945.522 982.626
-897.427 183.386
603.348 -484.715
648.138 110.028
688.976 -562.095
912.354 -71.305
-693.483 -802.806
84.419 -274.014
485.047 -161.417
-337.574 -837.742
-675.109 -37.653
856.82 -867.359
-372.086 778.613
-128.753 630.122
-691.908 -53.652
-938.809 875.188
-763.547 -528.635
758.212 -16.278
916.549 176.846
-189.365 698.9
-427.065 221.145
-670.211 -681.616
-345.714 -246.305
-834.243 -835.81
592.389 -983.02
80.741 -14.703
-815.37 940.12
616.197 295.94
983.675 -995.825
-644.854 -733.033
967.402 -266.466
371.323 653.515
-285.499 143.995
-919.14 785.759
-339.717 -922.116
165.727 976.369
228.727 642.86
-615.504 -660.131
-218.272 986.962
-784.923 186.74
230.87 52.175
663.604 -431.11
-870.115 212.335
-480.036 286.928
399.885 -807.76
212.967 378.064
-935.933 704.313
330.017 389.818
620.542 -282.496
17.752 -412.693
411.315 -197.812
613.932 -529.75
969.197 -381.348
-346.781 -518.637
-702.558 -689.562
-841.094 175.366
-764.564 -784.651
-102.16 -701.346
-853.116 540.733
375.452 158.541
437.281 -129.33
-754.763 288.622
885.157 104.24
175.342 874.872
-580.456 -53.543
-932.328 -686.938
-617.023 -867.889
-937.241 706.135
-495.636 -626.875
-4.766 316.659
-205.021 418.283
-352.841 -734.193
-346.184 933.394
-155.303 -370.423
830.986 133.137
399.71 -985.123
566.413 908.579
-168.398 -26.212
976.738 -703.664
768.438 -519.953
207.844 914.125
814.614 441.569
-164.26 541.72
263.076 422.73
600.417 -253.952
-994.525 -34.403
648.648 2.154
-577.876 -334.964
317.331 473.091
9.962 61.738
779.173 987.262
224.928 224.449
-130.125 899.634
600.559 -90.095
438.214 94.246
77.585 511.547
-910.973 -334.789
-185.327 254.085
583.677 -50.965
756.469 858.097
828.21 217.521
-538.11 -369.641
181.787 -101.457
-399.435 304.109
-922.579 -541.054
808.761 -491.716
-469.268 61.486
-918.912 904.017
-101.5 -206.04
-139.978 917.275
604.782 -452.731
628.849 93.092
-166.49 3.504
905.195 589.259
280.039 -387.592
200.49 -897.609
977.737 -573.171
322.577 -424.886
-768.257 -530.333
978.554 121.509
-342.825 90.127
-599.486 370.168
-840.646 293.686
893.157 -958.618
-740.245 498.82
-483.614 314.914
343.622 -168.849
811.909 -591.813
-672.185 -804.791
863.483 -381.015
84.639 97.361
-862.82 965.627
746.442 706.061
-993.344 -520.897
557.33 588.853
888.728 930.287
-773.258 -97.417
-757.122 532.0
559.075 -69.406
-755.805 335.997
-443.399 -833.464
578.0 -293.52
-224.239 -621.4
889.881 450.63
821.84 240.684
938.844 532.968
984.246 -675.416
-315.798 44.173
379.06 -611.659
982.227 514.629
-297.235 -319.638
-221.444 513.513
-792.861 24.84
623.619 -575.28
-619.713 274.978
546.927 495.469
-866.199 986.044
-546.498 314.051
825.766 -11.25
541.678 -225.449
285.055 -601.774
-916.071 -94.181
-992.557 -289.157
975.325 867.84
297.434 -168.933
675.038 939.167
724.014 -829.549
686.045 189.297
122.825 -767.012
-728.459 -11.309
992.271 451.807
-318.593 249.893
-935.04 670.453
-365.866 -375.884
644.329 -413.097
717.314 -890.174
-399.59 928.156
-726.161 -483.437
-240.838 -693.926
-320.118 -175.94
-851.205 61.925
-849.777 -383.23
-400.36 -954.536
962.508 -344.492
423.601 739.01
862.821 205.813
703.14 -274.936
-809.685 -471.6
-332.43 776.817
-634.762 -575.379
600.743 -536.961
-446.97 682.934
100.417 82.613
718.505 623.154
97.873 154.724
380.964 -405.587
104.733 -404.908
790.652 504.604
-918.525 837.677
-159.658 315.795
-461.904 -895.893
-862.505 897.968
176.609 -786.343
-46.046 -61.554
-277.744 83.929
-471.435 181.708
122.381 588.214
-835.982 -663.24
296.972 138.03
733.384 261.678
-966.309 -563.164
416.323 -661.261
914.583 727.651
19.369 979.294
-989.427 45.95
-453.371 589.322
552.525 -624.9
95.128 -881.257
-577.985 333.765
-615.056 55.562
-311.464 -190.959
181.54 821.492
-424.674 -501.939
712.28 -750.702
-159.552 296.675
-4.646 955.632
-188.91 -617.67
-494.128 -743.618
-631.284 281.641
-760.046 342.048
-735.103 -919.588
996.29 489.76
462.505 368.136
-734.076 -563.729
918.8 149.149
303.706 434.473
659.941 -972.48
-786.093 -587.333
-711.233 448.628
571.195 737.602
-349.777 -177.746
319.04 360.629
-113.176 -596.902
270.103 -586.437
-293.644 739.902
716.227 324.607
-20.173 898.286
-125.098 -495.777
-133.413 -682.79
562.786 667.38
496.649 48.564
-592.32 -779.167
-425.58 -433.108
-645.88 538.107
-53.532 525.267
-869.41 -91.142
-393.609 -551.369
-598.152 727.696
678.936 927.016
-460.721 -39.299
-123.741 -733.027
562.016 290.441
-230.837 972.986
103.493 283.777
-710.616 -464.648
-258.332 -490.378
-802.331 724.005
32.961 -379.566
-192.571 -874.064
914.308 -785.762
797.551 -495.802
-511.412 915.358
862.743 711.7
148.827 848.861
843.655 255.039
954.903 -993.258
917.243 -345.247
379.276 107.745
135.902 -997.079
-613.162 -783.068
-387.324 528.324
-497.665 609.186
172.385 257.694
339.673 921.308
130.431 -286.225
-240.157 249.238
780.514 -350.57
715.593 -286.239
517.853 64.972
-13.699 -138.354
124.871 379.459
-793.615 791.851
-537.391 733.103
-590.081 -175.28
991.912 -854.792
361.922 951.855
-117.438 -728.558
476.049 -563.059
-806.288 -487.087
836.407 -181.724
982.631 286.038
779.603 786.205
-813.034 847.134
223.548 -812.98
-499.367 196.647
492.835 876.543
-517.58 -47.975
-445.837 -665.925
514.653 457.329
852.456 -20.901
984.514 591.445
774.937 -799.813
7.401 -541.342
151.35 -999.814
392.758 869.31
506.655 112.574
-671.411 477.801
961.41 143.408
334.597 -614.911
644.628 -531.561
-909.592 -641.217
654.555 -604.711
-410.0 -877.45
-101.066 237.292
-937.018 451.488
448.124 -266.715
513.179 522.185
669.493 -136.355
375.834 667.239
-681.862 -243.828
-657.25 -929.741
-649.809 685.815
-159.287 -830.345
-684.931 -853.574
-169.894 -130.763
399.375 -667.622
427.394 427.445
767.657 61.732
801.828 183.366
923.782 171.241
-339.901 -93.89
657.551 188.539
321.033 -568.825
-101.883 -655.73
673.38 -109.848
-368.54 212.563
852.426 596.604
671.247 -607.461
-408.932 545.116
-70.263 -817.951
162.805 593.204
-746.442 -892.416
474.007 67.086
714.352 120.13
-210.786 299.311
424.898 633.409
-894.337 -640.415
751.598 597.886
-519.034 -898.484
716.606 87.341
-851.654 78.006
-832.864 50.152
-812.927 -477.72
97.815 656.22
-911.963 -18.983
675.803 -720.575
580.056 397.551
-821.234 -704.356
-115.305 -155.755
267.709 -839.686
520.279 -78.202
362.678 985.504
-324.637 -933.788
-976.941 -945.356
329.764 -951.586
619.195 -939.305
-355.007 515.117
615.944 171.681
-834.735 -619.156
906.177 -803.479
567.299 78.063
-256.921 574.932
496.943 209.742
438.451 976.806
-374.312 344.357
589.379 8.04
-420.276 -415.724
-681.451 91.55
-704.113 336.287
80.027 -425.632
44.444 535.974
-698.846 648.714
-422.046 243.31
-915.08 -241.109
-919.234 -130.62
-947.497 198.423
-994.409 -477.429
-508.774 -309.296
-317.022 -277.067
31.781 60.07
-189.633 126.003
-528.396 -701.454
-461.181 -544.31
-356.719 322.648
-267.579 643.156
570.28 -249.349
-916.254 428.576
250.034 -893.927
-584.167 -179.633
712.051 116.525
236.182 573.046
-966.011 248.796
272.49 877.194
849.285 -630.467
-870.971 -464.379
-906.027 -755.179
-216.647 669.796
-751.471 111.587
58.579 -990.057
251.157 -482.677
713.892 -645.11
896.89 -3.106
861.8 31.327
-243.824 527.706
56.643 -871.668
-464.401 -690.278
-868.939 393.289
238.149 -409.698
-658.258 142.841
338.99 461.104
-184.718 -682.814
-514.568 -160.401
433.982 -263.487
450.457 56.642
-572.251 -380.83
556.59 -835.663
746.888 644.074
-416.749 964.417
-220.238 -290.648
500.586 515.316
732.547 -915.362
-193.442 -541.842
351.502 -320.139
366.367 -412.334
918.437 822.866
-953.472 -830.786
-245.458 -177.617
-440.425 -418.798
151.419 629.444
10.433 836.103
544.074 461.56
-263.256 112.181
1.94 -643.091
964.6 -336.898
944.952 -68.635
663.507 -876.94
376.515 -924.918
373.655 -884.953
705.931 -522.366
832.972 -582.126
530.093 -289.873
657.051 -484.566
-369.852 417.756
-210.56 -556.242
-717.168 -795.649
-810.85 199.71
52.423 442.503
574.746 88.756
212.913 -602.762
186.635 261.747
-604.02 -566.435
-190.011 -353.96
-548.565 764.766
709.627 446.722
912.421 836.261
223.75 9.773
516.797 -345.118
-221.319 -76.574
1.367 -185.605
105.1 728.032
783.648 -978.656
-630.342 640.698
994.526 -941.204
-786.508 557.266
-775.971 -744.186
194.393 848.653
-511.228 -245.418
-55.454 405.677
-472.226 -432.702
958.003 -760.598
449.555 -168.978
-993.852 242.116
-572.596 -264.19
584.165 -732.147
-884.11 -377.544
-858.175 -753.653
51.923 543.735
-426.328 78.459
-548.312 -205.996
-45.306 676.13
173.114 513.042
-185.442 -658.799
445.908 883.2
213.137 11.705
-852.997 -97.416
-329.617 -163.462
-815.551 867.556
390.834 714.555
-412.103 39.36
-185.504 494.291
659.166 260.956
556.037 -325.016
-15.249 -209.007
-129.258 581.464
-907.283 387.373
-766.975 -742.427
560.614 -964.062
-915.683 -614.123
980.517 40.513
-593.636 -218.821
769.079 -823.241
742.47 -945.461
-692.016 -88.742
-359.244 490.323
-800.109 -648.984
-562.792 794.987
-288.409 634.795
18.152 -633.192
144.083 -29.228
694.863 -151.053
122.742 804.836
242.357 967.84
662.783 -419.198
926.258 -768.343
-391.988 109.061
587.623 970.294
560.487 -314.781
-525.149 725.667
825.449 473.316
57.216 -185.086
-576.079 290.271
229.017 -751.726
-795.051 -258.874
382.216 -963.892
644.514 14.799
986.381 161.687
-870.32 -421.301
148.175 869.923
429.306 -93.784
-489.512 614.65
-194.29 195.701
145.575 885.182
-158.524 248.968
616.14 739.16
313.542 660.564
283.499 518.989
492.038 351.817
522.169 708.404
-820.691 44.425
-709.638 567.062
158.559 273.554
137.522 -706.136
130.68 -411.185
544.599 774.677
138.963 584.597
713.669 906.577
781.079 -783.29
678.373 614.155
-553.944 561.056
552.538 -140.251
127.83 921.256
-890.455 244.436
-954.079 115.817
-689.998 280.479
-85.637 -164.593
783.215 283.872
-652.171 -568.186
123.319 989.384
-543.779 213.462
-348.444 325.087
815.72 300.379
797.044 40.417
314.518 122.307
-965.001 637.546
-430.597 -993.856
-310.634 -185.056
327.166 963.196
804.497 132.536
-131.704 -940.12
609.171 568.152
-187.538 526.211
89.001 -706.775
321.837 -813.005
101.228 145.827
-310.565 260.706
846.923 -566.736
123.588 617.484
-803.494 661.228
764.574 532.982
614.465 -372.611
-326.295 847.652
-759.628 686.616
554.437 -202.659
-702.096 175.222
546.29 699.527
-456.197 797.988
709.274 665.06
-671.509 504.666
-998.044 335.433
27.797 200.785
814.678 -221.427
996.887 -766.432
959.301 -225.625
-595.883 -837.572
-613.334 223.78
647.121 646.65
-949.029 890.687
-249.617 -888.027
296.57 -839.791
259.724 -853.674
475.461 -891.353
-184.418 -645.622
259.074 -608.201
164.925 -113.373
-177.73 -712.704
459.953 -558.978
-440.4 -966.364
-9.462 -114.61
-436.998 -675.375
428.631 -101.95
-720.539 -193.562
726.033 342.787
192.624 -310.899
110.929 -815.861
744.897 449.976
652.012 845.658
846.18 963.965
130.843 864.97
-866.412 555.48
-954.53 873.149
349.265 -474.402
940.594 -603.122
-92.267 -821.626
-734.669 862.773
-284.242 861.222
-594.763 831.639
-197.375 -65.614
854.334 -71.49
-590.166 992.222
815.276 356.065
-842.811 -673.234
-240.341 -562.258
-156.201 650.335
959.088 -364.488
-64.545 92.226
952.866 -248.038
-619.226 -105.021
782.801 90.378
-385.804 185.11
451.973 -662.613
157.613 -904.429
728.246 -411.967
-913.997 634.923
-137.681 -430.479
-894.2 -96.523
364.097 664.001
-203.281 68.364
855.368 810.086
481.833 -0.683
26.782 830.341
-849.643 667.916
278.125 756.363
788.532 177.986
654.646 -795.324
-613.229 38.849
947.357 -656.761
92.25 469.096
-17.388 462.457
212.988 -532.271
-147.959 652.667
749.467 78.72
753.286 696.152
-645.567 363.063
-363.117 -941.686
-542.183 500.542
919.535 -954.163
571.215 177.223
438.366 -142.622
361.491 988.935
-92.853 400.223
-194.681 876.389
-528.1 -189.831
559.772 -706.912
584.808 -269.827
-995.497 81.241
-831.295 681.361
-639.102 258.35
-344.219 -681.566
984.302 357.494
319.11 -970.336
-329.898 977.747
874.118 373.495
-190.131 -699.319
-854.276 302.603
874.134 -854.493
141.237 -345.215
-204.139 -86.549
188.342 -921.13
181.265 545.142
-462.965 -140.078
217.923 -422.392
93.452 -967.667
-683.326 784.353
-924.424 -338.237
-932.178 210.333
459.274 324.627
84.565 950.019
196.446 382.813
14.722 -416.265
-740.024 764.982
-324.558 470.849
24.411 259.032
294.542 -432.868
-96.273 91.385
-84.229 620.519
825.837 390.561
-117.189 -286.124
-641.915 790.392
-196.693 -219.008
-608.023 538.215
313.453 -947.564
231.166 -450.2
560.496 927.047
-873.038 255.638
946.715 -10.203
64.395 -231.051
-700.166 247.282
830.637 11.611
437.079 -692.169
668.176 -359.767
153.609 -12.186
499.529 581.056
64.281 363.125
-998.691 287.099
364.677 584.81
-262.638 391.003
766.041 327.14
735.575 511.134
-219.691 455.377
-336.246 -86.729
-923.368 346.022
-664.161 799.534
-648.186 492.946
704.963 -463.355
-634.888 47.17
-78.628 -211.866
-719.292 652.937
222.775 -628.622
-506.75 903.28
367.051 478.721
693.486 579.07
660.617 -555.606
881.21 92.364
803.036 145.189
-793.795 -190.198
-478.543 368.939
831.994 -626.796
522.996 444.842
864.322 -644.203
890.049 -221.847
937.256 -656.286
892.129 -556.696
389.195 -313.35
215.875 372.875
-795.559 720.9
879.159 -787.579
421.231 -261.537
-948.681 291.642
37.87 912.518
899.154 117.37
-968.735 -359.117
-24.463 360.206
649.724 -551.587
-611.681 256.256
-760.044 350.853
24.62 153.929
852.637 -773.606
-37.565 -31.502
-906.22 43.085
409.372 163.954
-461.732 -924.619
677.126 -579.628
-384.839 -349.508
-92.647 -346.464
-344.468 -785.556
457.865 -267.78
772.198 635.078
-48.289 691.751
49.05 -523.702
-147.5 703.119
-908.416 919.6
-468.491 693.21
394.252 286.624
-781.791 900.774
584.909 -929.616
-292.281 -86.734
231.438 895.95
-755.973 183.47
-54.225 -879.715
465.004 -736.731
-43.972 -456.636
-740.448 689.404
53.566 712.907
-303.367 -674.421
-726.3 -338.214
618.196 618.783
-143.696 -883.262
-351.09 545.851
12.879 584.591
-100.441 -115.597
-402.7 -664.82
-14.576 -324.219
-325.429 481.604
338.63 82.699
-320.928 176.642
929.071 593.205
-365.345 425.352
227.296 -644.45
-742.206 916.01
820.974 935.269
624.836 -143.785
-335.41 -727.749
702.026 764.98
-914.25 603.243
-254.993 -540.853
294.68 -535.821
916.923 -737.744
754.743 766.168
654.152 598.624
736.97 -861.515
-988.861 -320.14
-932.421 -591.817
266.01 111.092
-635.702 -799.261
-393.475 702.244
49.584 -233.865
172.867 990.201
-18.741 -0.831
700.684 980.926
-555.829 -101.991
274.644 -117.872
898.915 286.291
-700.591 -987.269
-267.412 30.628
477.497 -664.582
-262.331 -581.698
917.383 51.655
610.77 -654.252
86.729 632.712
474.092 -619.153
-874.169 -599.638
-713.575 682.334
-985.831 -390.261
-814.792 -245.687
-983.77 -820.298
-510.503 -475.219
-679.698 435.089
-73.628 -951.549
-669.882 -56.679
37.363 -825.816
-87.945 573.846
799.703 -39.841
-358.302 493.653
-273.625 255.469
-32.333 -242.181
725.475 884.275
-349.132 237.223
21.856 551.036
339.568 -92.853
799.303 107.6
459.113 -215.009
98.748 -636.695
-120.927 -758.14
-62.455 -873.356
374.966 -603.358
574.423 456.607
851.59 310.792
933.24 913.382
852.174 -348.355
-654.912 153.296
133.749 229.618
481.989 763.117
910.684 465.61
598.806 314.494
170.353 280.715
-527.456 101.318
-527.091 -666.872
306.639 404.941
-510.958 155.21
789.043 -593.627
111.888 -383.877
-164.249 -21.794
289.213 474.23
765.013 -562.268
616.484 -420.314
883.797 142.087
-477.924 -492.208
621.527 549.862
222.426 450.06
-639.079 -106.347
649.738 721.228
-122.408 -626.411
-651.339 -860.235
-889.125 -507.021
802.145 -62.978
54.0 -4.598
-774.974 -19.345
790.765 -346.246
159.157 116.625
829.962 -513.946
-701.521 624.642
505.498 -802.887
586.467 -205.737
581.171 725.956
95.959 -653.467
766.743 -469.377
108.42 213.16
879.454 769.651
37.248 11.831
137.843 -301.374
-578.829 479.962
409.906 -255.614
28.669 -630.688
274.854 -211.308
-878.238 675.709
501.214 995.091
537.137 -596.01
-443.74 -395.793
845.089 290.814
629.345 710.371
147.705 -781.038
-867.183 670.368
-673.991 -579.897
455.916 797.079
735.185 -954.319
-701.569 154.377
558.441 459.534
173.759 -303.505
-951.94 -394.419
-44.063 307.509
469.844 -614.297
224.16 -607.335
-990.175 -168.831
-59.807 -579.166
186.97 -814.142
934.829 -709.632
-903.167 -698.137
-696.425 -585.509
-763.842 373.572
400.804 -79.31
-66.894 320.366
-892.993 211.675
492.042 -821.527
-774.581 -194.607
-740.995 -638.586
-758.086 443.341
-107.018 445.999
323.435 851.061
519.904 864.805
-604.097 245.948
459.362 -925.954
143.768 -137.103
-325.374 72.297
320.674 -89.313
753.745 622.518
553.298 -792.741
528.72 -435.91
-799.083 -431.099
579.674 366.083
250.697 -718.778
-325.689 -982.516
329.847 963.968
-699.744 -426.574
-742.385 679.983
182.802 401.251
-266.546 935.353
443.148 679.292
-867.965 484.224
310.313 610.724
-570.764 333.901
192.405 -743.593
389.121 -6.884
-965.823 -805.664
937.771 -762.699
-449.076 -152.276
-281.968 -346.722
-266.619 -386.11
848.04 -575.975
-945.916 883.025
776.205 557.042
-948.709 980.2
860.37 -155.08
-276.355 -676.092
-538.386 -10.286
-879.382 198.134
-876.963 437.682
927.988 -137.556
723.929 -955.239
-543.598 -747.034
-437.202 300.189
802.24 -315.219
-477.876 728.11
655.535 368.897
284.082 -556.326
420.663 -429.088
-500.605 -750.611
232.274 815.961
-188.92 -7.226
828.413 279.677
-262.868 786.085
-383.481 -870.235
-114.375 354.137
996.079 -256.06
-149.66 -655.035
-507.805 -40.857
-787.15 673.54
-497.801 -131.63
-778.88 109.883
538.314 594.518
28.366 -922.539
-946.709 822.936
585.06 107.687
-799.246 -202.723
526.888 -820.039
-676.251 32.56
88.745 33.704
624.672 340.389
-104.478 -703.736
-939.036 439.585
948.402 408.608
-73.089 -609.028
-915.099 -94.074
-506.994 -76.108
-541.622 -840.585
-904.403 740.458
-277.758 61.388
-448.904 -399.527
602.053 -650.039
408.129 -950.42
130.262 -636.548
63.383 56.245
-289.333 -148.183
-141.03 -492.479
-940.632 -759.007
-989.067 -602.07
342.102 744.336
-599.269 -194.84
645.171 838.912
-121.048 -491.558
-125.05 -212.752
646.386 -842.133
170.294 49.232
661.386 398.955
-49.993 -935.831
959.646 -194.031
-148.873 -378.797
-339.337 178.628
510.192 590.207
-898.845 177.029
333.073 -751.353
-495.367 -960.704
310.206 171.129
87.756 882.953
-864.111 429.806
514.574 715.841
262.149 -460.887
-993.946 -501.419
994.97 -868.442
568.915 -915.406
221.117 3.672
615.664 -404.742
660.262 643.423
858.522 -210.0
212.218 979.396
277.763 296.054
-602.672 180.634
370.311 627.331
-235.558 113.084
-414.768 -178.226
-235.992 -800.846
-567.433 -426.69
-901.792 -40.216
-467.652 -533.402
-651.609 -355.361
-633.969 473.936
934.082 339.463
190.243 165.728
823.939 991.341
-107.864 -970.679
422.974 822.142
-669.715 -138.426
976.09 320.645
-947.386 -65.463
31.142 639.627
81.101 -656.944
-821.954 -890.155
-683.283 330.716
-945.141 606.499
255.54 -809.844
861.778 873.025
887.428 598.372
-529.579 368.692
501.851 143.125
190.948 769.902
560.079 -102.839
-706.788 -776.087
952.023 925.038
461.913 75.004
251.921 929.164
855.607 16.435
630.638 702.801
941.016 856.151
788.327 -391.772
-723.519 515.665
-97.417 760.355
-287.898 26.291
854.205 142.175
-119.293 13.696
-124.664 -976.932
-654.85 623.741
-480.999 -906.355
-51.385 -53.449
-812.606 685.185
684.238 -239.5
-829.744 191.361
-816.993 295.904
-831.935 -684.338
781.98 348.681
180.86 582.927
199.803 -153.051
807.623 -699.126
452.411 -215.791
886.54 340.552
695.865 329.167
-899.949 -913.731
-290.718 426.764
-482.697 580.942
580.233 -152.954
-290.78 -911.958
799.174 284.654
-645.941 -431.765
787.526 381.861
116.375 -333.386
-245.226 -785.982
862.02 162.067
717.987 317.262
282.354 -636.549
279.997 769.535
852.454 404.022
-433.92 219.65
-232.539 -502.69
-470.337 223.608
-948.758 -93.88
-375.213 -870.48
-976.77 121.666
-795.581 -715.321
962.453 -288.857
520.098 651.04
-186.738 85.239
-749.885 5.066
147.741 578.688
-555.995 69.244
65.407 3.618
228.16 760.669
-725.081 -482.937
-40.953 981.19
505.791 -109.651
151.5 -150.171
246.478 -873.18
-400.201 -571.096
659.393 172.996
513.377 449.542
-284.506 510.982
199.38 629.727
997.158 746.266
429.47 -784.079
-573.312 439.429
788.885 -316.542
962.025 -912.418
-490.975 112.588
-811.209 -335.099
660.118 -956.138
-668.853 812.858
-443.167 -395.824
-710.711 -750.861
-805.277 -364.233
-936.868 -613.503
-421.696 -943.49
134.439 -195.871
-873.641 511.211
-31.521 823.108
495.044 544.8
-746.445 -482.616
76.48 506.016
260.974 93.409
912.852 458.972
732.598 -76.55
102.306 -806.204
-840.761 -458.26
33.943 990.553
574.554 679.469
245.095 838.233
253.18 894.37
91.83 232.936
76.808 609.533
-502.048 950.512
-208.345 237.09
-119.307 860.62
-237.675 -375.299
785.046 -819.408
-319.43 -477.562
-372.889 319.813
-778.708 227.394
444.763 359.046
-882.824 374.905
-44.487 -277.368
393.982 -237.02
389.533 -297.478
-859.233 -842.787
365.532 -876.266
665.048 75.635
542.585 615.008
-585.717 -371.224
-178.421 418.713
-748.474 29.336
-480.189 -255.223
-888.377 -28.984
-901.697 188.235
302.655 -397.734
-728.227 60.706
160.728 -642.145
-413.365 -247.329
-249.911 730.368
571.034 481.12
113.505 -130.184
-4.993 -899.995
578.356 -475.738
-971.29 581.006
-378.516 -152.819
-271.625 512.533
-320.167 784.927
142.42 565.034
-382.957 -362.135
-558.535 562.519
610.529 -942.217
-738.288 714.075
-260.941 597.86
751.771 566.558
708.576 -631.349
-162.532 401.197
-891.615 -207.019
-331.996 216.48
-542.196 -892.602
389.585 350.535
-679.472 -626.524
-650.184 -411.775
926.558 596.384
-143.636 762.708
387.899 -52.103
-197.528 527.618
226.546 -219.713
-792.687 -646.245
418.282 -800.171
-254.981 944.824
6.721 913.091
66.818 34.139
-223.51 -880.063
520.986 958.858
-969.972 -50.829
32.541 -207.838
421.934 983.274
-744.296 749.238
-654.222 191.049
883.537 -111.823
571.187 -972.76
603.828 -107.769
988.432 -182.903
-473.756 -671.78
623.978 -847.721
460.894 839.044
-893.058 57.524
-542.385 519.444
-42.556 -544.048
-308.562 177.484
-228.261 505.118
-903.813 108.215
947.406 271.116
-263.008 -470.546
28.112 -380.474
-753.188 114.984
502.357 6.925
757.3 -275.942
504.843 900.047
-905.702 351.641
-141.525 -388.994
-265.146 304.414
-322.922 -708.716
-606.381 760.109
-777.193 888.929
-691.672 425.85
-105.101 539.502
229.553 472.958
954.301 364.344
241.58 631.198
-830.266 -123.223
547.107 528.315
-514.208 -413.06
283.031 484.523
-21.43 -938.59
735.22 110.178
-240.986 -660.568
-854.448 -50.534
428.434 310.11
-878.444 693.59
213.481 -225.95
-506.124 -916.595
-342.097 270.683
-933.6 217.762
585.652 -540.911
438.373 6.083
-710.347 248.258
-541.125 695.541
762.193 -976.369
715.677 726.446
575.679 480.613
29.404 430.311
-207.322 -51.659
-426.789 810.006
685.12 -309.319
-655.5 -491.795
833.58 911.023
-476.694 -145.005
651.704 -579.468
70.16 -276.736
-868.085 205.535
-565.115 409.154
104.942 -968.861
372.481 511.304
600.906 339.036
-518.153 191.513
-705.833 -87.013
4.678 322.141
748.267 470.682
607.81 135.797
-148.83 172.652
28.985 -689.993
773.45 381.2
-878.158 986.415
-370.996 157.55
-734.31 -41.317
-451.518 -101.172
-724.939 -246.316
-927.142 -820.917
457.799 196.435
495.398 -237.323
-494.734 -464.401
809.117 663.283
297.395 184.786
-674.532 -529.068
136.026 -793.593
951.572 970.661
319.062 -0.062
-216.206 633.823
887.403 133.162
966.811 34.162
29.368 -901.248
156.148 848.246
-664.434 -757.747
632.429 -970.194
-539.961 777.927
-967.445 383.33
-228.12 -132.059
-770.771 820.082
15.846 262.758
342.946 116.217
604.076 -38.307
-227.532 -977.592
-832.777 -409.057
-254.657 593.719
-422.472 834.538
-529.536 106.065
857.112 299.751
282.307 -829.895
20.67 -905.271
-34.824 -157.72
502.15 712.429
283.029 -610.025
-381.34 732.709
177.403 664.115
580.211 -930.262
-602.889 546.189
-966.197 670.602
-191.445 -635.241
-259.883 631.161
886.917 904.994
176.653 -124.93
-850.934 -960.91
378.063 -128.177
944.888 336.884
-155.836 -815.945
-973.916 294.61
832.28 -401.818
-826.917 -819.407
681.447 986.235
-550.409 -435.615
615.526 83.308
-798.857 228.237
844.79 182.963
544.852 -61.132
45.585 -969.911
546.011 520.418
-140.207 96.47
-411.598 -718.347
68.592 134.936
243.66 -681.389
213.866 569.823
55.909 79.871
116.06 40.078
270.558 -763.373
58.277 364.256
281.677 563.179
-854.704 -938.73
605.702 -142.491
-273.957 687.786
138.699 793.584
-953.253 189.403
-746.992 886.536
-734.598 762.359
528.001 -282.987
698.54 262.119
154.624 662.074
-626.456 -970.615
955.556 106.592
-988.311 887.216
794.645 -262.912
-721.6 -854.321
-78.029 -328.771
-371.291 914.674
-78.859 -86.164
412.133 341.928
-724.061 -406.404
204.246 568.117
-806.856 345.949
669.571 102.852
-439.338 217.103
184.441 879.931
-128.515 -645.948
-718.173 886.05
-331.465 175.27
-101.442 622.326
763.283 826.826
-471.332 462.823
-467.198 -736.219
646.615 -306.777
-412.703 -27.787
670.017 -362.079
559.005 -747.162
689.844 -716.928
689.128 -265.662
661.009 420.613
-963.876 468.635
-873.261 -201.403
850.682 796.953
-179.983 901.278
-81.284 -577.456
-727.975 695.237
-59.995 -644.749
-674.09 119.98
-343.803 442.239
575.095 -989.886
-822.081 40.341
890.64 633.654
-634.464 377.695
434.154 -519.259
-727.501 -160.629
-221.028 867.921
848.392 589.683
-253.717 -37.059
-882.165 -297.135
124.917 396.03
897.583 -817.066
148.722 949.449
220.837 687.681
771.817 -781.585
632.563 -827.653
-628.14 -838.258
760.224 487.736
-545.174 633.881
587.89 -893.52
139.024 -600.781
-934.344 -858.24
-139.624 -372.18
-970.588 913.962
-487.149 401.322
975.949 -826.753
8.36 570.415
123.549 -345.542
-413.929 621.456
-718.302 134.974
-63.35 186.196
146.169 730.409
-175.75 -736.99
-485.818 913.1
531.982 -173.161
465.405 918.672
586.063 29.341
-717.499 -51.73
609.547 621.874
-834.715 803.393
450.706 -858.554
-484.366 -909.192
-296.41 122.961
221.548 -556.442
-633.648 -63.456
-406.46 941.64
567.343 456.744
-124.299 48.036
762.618 -516.087
742.714 -697.232
59.879 -188.737
-453.983 91.34
-922.164 -141.466
-612.488 95.907
979.453 992.912
781.992 861.898
6.76 94.325
935.346 -364.161
-544.297 842.275
595.587 261.244
699.619 -188.216
-724.201 -905.134
-332.015 -108.968
-111.333 -446.6
-899.758 -279.788
239.749 -295.122
-271.556 -205.868
-588.02 -634.455
649.304 188.133
81.684 -333.387
531.32 -785.72
-13.231 399.674
461.24 332.165
200.177 778.966
-800.54 -833.331
-799.766 557.818
882.808 -810.491
972.56 -961.807
-342.932 -410.136
884.859 363.954
-892.033 405.394
-663.62 -952.414
434.174 -258.102
-532.384 635.145
864.335 397.265
-833.684 -645.747
-998.7 -834.614
-729.534 -124.525
-372.506 587.773
131.781 743.846
-880.958 -684.183
-164.638 624.912
837.946 -842.12
-778.012 -570.802
438.949 -633.814
757.016 933.225
309.353 372.787
-480.741 267.433
235.27 -936.019
-434.961 911.723
-15.375 529.97
408.369 689.05
-72.609 101.489
861.501 416.594
179.774 -267.685
-943.899 -538.801
501.992 -868.474
-980.555 -214.659
914.785 244.081
939.669 545.723
-975.59 380.059
157.956 -993.992
-303.58 875.375
756.574 -143.184
12.965 397.459
520.634 -871.181
85.522 253.722
819.715 910.824
980.971 -326.379
230.747 783.814
919.689 -281.652
519.93 -512.738
-252.4 134.164
-706.984 -277.308
-858.677 -881.35
927.508 138.789
155.218 288.251
-204.433 -143.054
828.014 648.496
-882.42 93.471
434.258 -44.999
-911.822 390.904
-516.728 -42.036
-465.888 360.436
433.313 912.833
324.425 140.552
-422.048 162.106
926.36 -250.063
-549.943 -994.442
-18.447 -246.046
696.132 -685.649
-343.817 -564.068
265.766 656.885
-854.243 -574.967
-241.034 -489.792
797.688 -632.71
-788.464 74.478
-632.459 -877.703
-626.46 894.05
404.913 -701.097
578.554 -384.569
712.023 -860.512
474.458 -936.103
-920.332 790.06
-156.49 353.534
-287.661 -988.763
528.611 82.028
827.049 20.873
-514.049 -697.066
805.706 -823.228
-214.836 -560.112
-727.838 855.037
-436.82 356.677
915.376 847.059
-86.923 508.474
992.045 112.967
964.043 -97.705
714.42 721.408
-824.546 186.838
187.193 -153.005
-665.026 -907.148
906.503 -519.461
342.073 764.611
594.679 769.489
-717.069 -259.912
41.322 -844.525
-76.113 -73.265
-950.672 191.675
-997.805 -110.165
-818.332 -311.496
-675.795 427.389
101.462 -638.135
-137.102 914.87
-802.051 590.523
451.114 -658.166
-294.857 820.772
571.353 44.508
819.722 445.579
372.791 131.087
-132.53 545.605
6.266 -577.128
-257.143 100.476
-836.894 177.083
-374.105 499.249
380.535 -59.11
407.955 -811.607
112.026 -911.086
-899.312 984.831
-320.661 -527.334
69.956 616.592
207.748 -568.106
94.978 -249.125
885.21 17.041
163.769 798.429
607.412 -447.778
922.89 -378.017
-893.159 -808.051
27.827 -663.757
507.986 -674.973
-892.051 102.4
230.084 73.309
250.544 677.365
-542.723 324.971
-689.026 -496.076
-445.151 -25.451
-442.478 -577.155
-736.642 498.612
49.801 -780.588
-157.08 906.973
-280.197 204.887
-607.434 -979.584
-746.934 254.606
-973.908 -927.769
-584.285 -898.585
874.209 391.757
-561.965 -737.599
433.879 -3.946
700.973 -745.616
751.621 -512.601
435.705 -917.142
553.692 -738.714
-812.926 -329.07
-905.93 -493.069
-605.917 364.364
649.757 -311.131
586.094 -538.382
656.354 -86.164
-288.282 806.187
-808.092 74.538
-735.962 -857.925
-954.164 -676.202
196.43 -168.579
766.921 371.575
484.593 -60.647
-243.76 216.237
721.201 -681.757
498.148 61.772
-761.337 570.316
-472.659 684.294
483.748 642.356
-866.238 -225.801
-675.595 134.978
602.917 -593.952
-762.969 -26.304
2.174 -266.215
114.36 -262.851
682.477 682.869
814.822 -78.991
506.286 781.849
-233.671 400.852
859.723 -831.775
24.29 -212.567
-276.659 -393.607
-426.121 526.134
-490.529 312.054
-118.049 -137.03
959.393 369.716
209.318 -622.871
-550.561 -166.335
-982.928 294.446
-246.142 -92.769
-741.048 -662.113
-730.621 764.128
-765.058 -408.965
-706.284 -567.116
-178.129 -725.109
657.497 -312.955
309.092 390.853
-466.89 -697.389
358.356 700.301
272.464 909.92
67.602 -14.015
972.657 900.742
235.399 479.811
860.61 -704.962
-519.796 -377.73
641.321 -830.729
201.57 365.397
-472.661 -597.974
-322.329 -521.156
-732.044 931.388
978.648 894.469
948.217 -626.682
-268.733 -884.794
63.258 -550.174
-478.516 -595.386
630.473 617.834
-518.229 -842.629
668.908 696.679
58.004 -188.664
-252.276 437.536
-260.41 -66.191
455.528 832.275
127.431 -462.874
-338.35 -92.937
173.653 789.829
594.975 -463.498
544.177 802.976
271.456 893.979
-279.015 -520.142
-258.562 -55.624
714.493 -213.945
862.387 189.294
5.58 924.55
-872.836 -582.757
-439.286 -841.843
-313.485 -260.122
70.973 816.517
145.373 850.586
873.693 834.13
-387.301 -824.923
-316.619 520.836
191.889 -353.807
879.903 151.433
-205.85 688.479
-636.552 706.897
-520.942 -93.599
961.675 -726.582
-264.115 434.809
974.598 -468.61
-230.388 866.25
-428.17 995.392
907.314 301.33
167.042 -504.375
794.521 881.917
633.156 -398.005
-366.53 -382.107
436.789 -888.327
133.142 -559.979
540.64 -547.989
922.101 361.339
-963.856 68.316
372.517 -756.036
880.293 643.903
839.505 -715.823
-759.505 -263.279
97.966 -815.244
865.064 -438.297
-687.163 -274.504
938.922 -441.28
792.522 -134.109
811.687 595.021
-480.477 688.283
300.974 357.425
-902.781 -5.56
285.632 -672.799
296.209 631.736
-949.37 58.074
593.265 750.624
640.712 -554.871
-110.581 -94.067
154.609 -199.39
-352.172 -623.399
-63.939 -777.05
822.053 291.411
-906.717 526.384
400.532 630.582
627.343 864.858
-874.236 855.143
-265.025 298.154
316.571 -908.739
-949.366 -696.034
712.67 -643.637
-743.953 -381.622
-360.423 325.136
890.726 -760.17
-947.06 -397.752
935.319 384.599
-753.164 836.946
526.128 58.173
255.093 -826.311
986.909 816.866
-603.081 -603.769
244.869 -297.871
-691.651 551.131
-647.979 441.692
201.866 -627.026
452.509 711.89
568.186 -312.061
438.273 932.72
-295.502 786.503
318.548 -573.583
-530.737 -662.048
279.873 541.716
-114.612 398.621
-619.792 44.425
215.847 -997.152
-272.819 -52.637
386.985 788.804
663.193 563.717
-548.996 -546.726
-146.357 14.552
943.986 -60.915
-816.724 -902.09
952.246 -908.877
-625.125 214.269
575.824 -758.414
11.333 -683.21
707.08 -237.734
-802.659 -17.216
-688.058 -800.447
289.612 904.3
960.968 -555.477
925.492 355.542
264.24 -634.23
-820.719 718.06
332.441 683.629
-130.516 414.903
-475.723 719.059
558.701 -43.047
-351.376 507.503
-737.952 -580.36
939.729 -566.618
381.703 -694.467
904.568 839.285
16.717 269.481
508.763 -415.926
994.277 -307.788
980.779 716.129
132.147 434.71
330.008 370.656
720.465 -642.724
916.709 -189.945
-245.946 642.106
235.865 986.116
-577.873 312.179
800.436 -515.514
794.178 580.712
-42.423 597.476
-866.662 295.509
63.145 -456.888
367.348 -16.447
-790.917 -527.37
-28.866 -369.489
713.544 899.556
544.34 306.402
-352.082 -972.896
319.983 -560.497
-229.266 -197.415
-885.336 569.09
327.94 -541.523
656.344 -52.947
-269.25 -873.485
460.995 581.508
-909.934 -363.159
137.354 598.564
873.567 319.376
-263.425 -143.762
440.76 -855.958
132.453 836.624
-315.558 -143.47
-966.186 866.69
-817.352 441.793
184.85 -576.96
-357.919 94.244
-284.495 -630.274
-45.679 -998.944
-725.824 -492.758
-130.806 -683.409
-970.182 245.499
304.058 -807.812
457.928 -820.389
-385.038 881.602
143.147 503.796
-140.007 893.27
-192.933 63.961
294.533 -188.033
132.789 46.44
-568.761 -670.053
-18.901 -32.255
-840.194 203.884
540.982 -736.297
304.069 349.9
-943.363 918.288
390.906 927.669
69.53 -49.691
89.393 -295.166
681.32 871.939
881.409 369.876
800.218 396.567
-382.465 -769.424
-816.609 539.927
-342.369 -623.248
907.626 344.227
571.275 273.868
-636.622 -750.622
-908.639 -757.897
-861.494 684.33
549.191 -27.42
-243.728 986.375
126.081 -87.81
843.322 -40.124
421.933 -997.619
-158.27 122.525
-208.714 -381.626
330.763 -129.483
-198.173 144.792
186.172 846.714
769.627 -821.946
632.431 -228.686
-304.883 381.252
-932.451 715.802
-933.948 -186.588
-293.993 398.063
-59.48 -924.73
478.23 950.103
130.093 232.917
925.772 -117.241
-780.18 269.979
300.148 -725.294
391.891 -554.52
-588.223 389.443
187.129 438.032
-641.507 -300.471
-676.976 -677.795
-172.949 -587.26
-400.581 974.896
706.651 228.163
832.33 241.53
119.182 139.834
-329.202 -213.058
845.206 -172.105
-130.751 -402.926
-339.185 -476.55
802.253 846.692
490.658 -385.217
-485.204 -854.012
793.376 223.973
-208.956 856.006
178.177 505.963
-515.084 411.374
715.45 -448.424
-98.219 -547.17
761.835 754.147
-472.411 51.649
352.043 314.765
122.714 -707.792
-904.512 -343.624
-159.744 210.878
-45.944 870.359
976.654 338.016
66.357 541.074
44.77 716.267
-460.783 -501.646
-792.777 -984.048
788.432 142.014
-741.822 382.544
-769.713 -42.526
-913.297 -346.353
798.476 37.144
-614.567 260.595
568.738 -258.912
-54.765 171.21
718.287 -748.678
-511.132 -914.179
-443.725 -134.325
-391.227 857.801
-703.237 221.877
133.147 645.921
-717.13 474.593
-288.457 -727.279
-770.403 467.678
-77.058 716.943
728.638 57.53
189.811 -619.371
164.701 256.009
679.166 927.685
110.754 -139.512
612.329 845.396
218.968 888.764
-477.817 -279.008
-403.311 -481.25
-345.488 -224.227
-830.716 -554.355
84.08 -258.027
770.036 -406.753
-632.866 657.627
-684.857 341.497
-728.536 715.951
-610.194 -84.961
-633.777 -186.845
312.047 -962.567
-536.019 -98.476
158.891 8.869
386.293 601.992
-207.51 643.109
662.39 -934.661
582.939 977.153
302.25 421.511
794.373 138.162
-438.84 506.526
918.527 -694.019
609.435 -820.659
325.328 -25.409
778.537 -871.177
-473.008 987.094
-395.804 682.945
-883.109 -543.238
587.878 669.43
894.498 -673.261
630.133 219.004
-439.338 -218.313
-637.652 503.213
459.665 507.783
517.552 -602.059
-733.047 988.033
247.217 -532.454
-727.416 -731.116
-197.455 983.013
-568.948 755.629
-540.556 -561.081
-492.722 -63.108
-864.558 384.516
340.655 -144.447
-87.412 865.629
-978.588 711.806
-716.011 -43.224
219.922 501.808
-369.623 797.29
-886.669 -444.012
-259.61 -887.9
883.124 -653.917
-538.339 163.442
539.165 632.129
-658.745 -941.913
-458.294 835.8
584.808 -906.667
80.368 -83.095
893.096 599.11
618.999 594.327
834.543 -967.229
-91.562 -673.911
-673.187 594.137
-414.652 762.16
-883.021 628.648
444.425 832.584
-482.113 766.196
-74.86 552.376
-796.819 834.689
284.386 381.968
-357.77 -479.1
-788.258 573.319
201.44 724.531
851.319 -899.907
-280.478 83.248
73.646 840.996
-691.828 355.277
257.845 -321.043
744.42 -871.822
-688.896 197.594
605.329 169.867
376.185 -229.445
516.499 -436.505
-490.555 14.266
478.995 894.309
-29.064 254.402
-97.261 538.842
-847.382 -627.386
-740.019 -828.095
-905.707 61.832
932.021 -916.073
393.778 965.04
105.598 614.685
485.495 -900.007
832.662 951.996
-852.132 710.115
725.908 -30.537
387.172 595.875
865.065 196.528
-294.956 175.514
238.853 -496.362
-290.081 196.355
470.437 794.8
-781.216 -795.953
-648.994 810.632
890.693 496.877
-500.453 115.113
-636.424 -957.072
714.31 -700.693
-774.026 -647.705
358.254 370.198
-478.654 758.14
-235.0 916.228
817.543 480.076
-996.985 79.157
-608.996 952.324
-411.145 -114.363
809.687 -962.957
4.407 37.13
17.149 160.221
-338.813 -458.076
-958.381 -667.58
720.363 227.699
-244.954 14.974
-301.278 224.155
749.912 -621.067
363.742 -6.33
247.828 807.547
-205.478 269.322
-581.594 895.257
195.465 -366.935
-533.657 -630.027
842.564 -51.669
589.581 -679.964
-282.615 -692.778
-163.278 771.645
-301.421 -832.57
619.042 -732.358
308.24 145.409
854.893 -698.181
-428.325 -857.328
848.121 910.1
537.21 -563.267
-696.73 -364.508
514.902 402.263
-195.554 -128.217
-73.455 440.403
-691.661 -182.789
653.336 445.44
328.161 907.911
-914.509 -246.034
-329.551 -481.582
28.744 292.614
102.45 -805.808
-590.475 -786.062
309.403 520.566
-919.105 -454.777
68.865 701.983
408.745 -685.932
637.844 -832.584
701.007 -811.278
657.671 564.222
-255.774 -407.855
325.493 766.872
422.458 76.653
739.46 86.88
71.571 982.868
-404.091 -983.128
527.152 -780.529
-346.567 112.544
-883.025 -381.392
-388.811 -732.87
673.64 -998.08
589.225 -644.677
856.137 831.133
-4.344 276.562
-39.117 663.817
41.562 551.877
919.525 275.612
-436.462 740.433
497.869 550.142
-762.496 -129.311
-741.398 -407.611
-639.415 221.03
429.718 -127.763
-710.339 -849.793
-633.957 -388.723
-872.072 -431.356
223.468 63.795
591.675 -774.464
465.478 875.322
834.073 136.704
723.745 731.682
-819.905 725.402
-106.973 650.765
-187.497 218.821
953.528 -444.63
381.309 -806.93
-678.233 396.618
-778.213 99.105
-885.974 750.367
-155.503 -958.126
376.378 -663.817
-995.738 -989.235
872.492 495.991
78.483 -613.216
-207.941 745.936
-992.302 263.617
-346.725 -641.079
-511.456 58.92
-530.113 419.569
870.635 106.301
-676.322 -164.14
620.633 -658.168
556.707 534.613
-875.104 -97.796
67.964 -135.609
645.27 512.573
867.125 715.589
-645.379 111.62
779.071 764.028
3.203 785.914
346.35 765.528
-592.307 629.115
-184.982 493.968
11.316 269.999
766.546 926.95
826.102 500.085
535.927 -645.934
-90.248 -504.336
104.3 930.264
-782.68 946.295
-620.256 327.648
582.204 -597.75
-548.782 217.548
-801.701 81.129
16.204 941.633
-301.345 -626.33
474.346 456.646
-873.399 -46.259
416.494 528.508
881.949 -960.43
905.335 -35.443
-228.715 301.285
-155.016 258.299
-259.532 164.002
-987.452 797.708
76.453 -799.098
308.378 -467.198
540.649 242.34
-65.822 -110.811
-180.497 -78.711
6.336 -778.662
939.874 -162.001
706.458 286.503
82.036 -402.183
321.482 -643.61
351.114 981.352
643.817 -698.649
-218.422 -262.721
906.682 -201.492
-231.056 -658.37
739.755 149.492
-811.598 -352.654
-591.72 233.485
186.353 782.218
-674.985 -347.699
204.688 342.325
256.549 -981.935
-111.325 -404.277
-726.993 723.306
-955.05 -463.766
-49.641 529.664
-175.989 180.531
994.032 -874.142
-124.254 237.472
-31.138 124.872
106.492 190.578
-386.013 359.431
-490.18 -296.113
235.614 141.957
-188.744 -849.464
18.118 605.455
603.965 693.96
-774.911 -75.913
-422.049 -83.329
887.448 -313.275
-202.664 163.05
616.855 -786.364
-238.359 552.811
67.408 -469.558
-367.926 584.67
-666.669 280.019
612.407 751.677
-346.666 -658.197
671.389 973.17
-671.947 -720.918
-82.638 -206.585
-420.244 203.659
-877.587 679.735
-641.717 69.283
-494.675 40.167
540.345 -998.91
754.52 146.269
-620.092 331.451
-917.702 -35.065
333.515 81.714
-526.078 190.009
-52.546 666.815
487.026 -788.027
-304.734 968.496
-526.875 -701.245
920.263 576.606
830.397 -905.513
-574.292 359.314
440.408 519.545
-193.406 184.348
738.878 192.88
290.099 -965.425
936.482 -285.127
-414.432 115.916
534.508 -616.836
-123.45 82.725
689.341 981.055
-136.014 138.964
5.307 -40.295
442.027 -960.989
-763.37 -55.792
-171.109 285.478
-930.161 -774.003
500.24 -144.546
777.111 -754.25
-538.148 837.868
-393.968 937.858
-736.947 190.612
-913.468 -32.104
330.53 909.384
117.252 858.251
637.0 -251.55
-398.233 -922.761
-716.473 556.238
-766.342 820.322
222.564 -127.624
-44.626 -369.147
-149.06 -643.479
877.881 -638.4
217.977 -336.43
-569.09 270.405
319.813 -120.846
-941.201 -2.192
-39.199 -222.405
82.368 369.469
-348.639 194.575
201.565 -347.485
-807.222 648.179
-536.479 -549.552
-987.787 660.873
938.898 -425.06
457.308 -563.677
-667.552 657.799
798.942 -887.287
482.045 -211.227
316.824 893.01
861.037 -864.021
434.262 -55.397
846.271 280.185
266.615 -73.371
-685.894 544.802
72.143 91.156
-507.238 -306.99
-358.03 350.214
108.288 -658.062
168.912 -389.452
362.536 -307.449
425.605 -374.744
-187.84 954.997
-344.617 -263.513
-831.933 -866.88
-328.024 -895.549
703.359 -905.673
-382.972 -814.508
-103.526 -385.487
-56.768 529.372
277.257 -286.756
-717.708 -123.279
57.849 486.7
464.497 -775.73
578.941 -77.512
-287.186 -399.439
611.555 142.152
-601.122 -421.23
802.604 -593.651
-333.26 -23.339
68.631 -555.509
-750.376 -564.454
-833.708 575.031
376.762 -520.708
288.619 836.888
960.806 -145.752
-925.131 -51.131
69.896 -649.835
827.217 -863.365
588.808 -40.162
-49.564 -980.715
654.42 -130.41
-368.061 -874.81
-636.921 -109.659
-388.541 -346.571
321.788 853.164
457.877 -34.738
611.554 23.716
-796.946 129.05
-785.24 -150.288
-43.268 -414.925
738.713 -6.872
470.441 -114.614
-242.2 -674.829
618.144 177.701
-869.391 -379.217
-580.2 -207.892
175.322 151.184
777.318 258.21
-139.977 943.338
-317.09 219.183
150.231 580.593
378.987 -775.669
64.532 108.207
-40.619 154.879
62.583 -532.095
862.247 417.74
-672.548 408.543
80.605 -180.802
44.134 809.204
-659.598 -410.382
-446.129 875.766
552.958 -404.918
502.165 801.888
339.984 448.394
165.678 -123.919
122.08 753.683
647.77 779.666
-342.813 419.958
-302.941 39.799
890.896 483.795
685.174 -897.316
-713.082 -117.785
167.614 462.256
218.405 794.388
691.457 677.183
640.003 -401.521
80.896 278.596
814.608 -96.294
-836.101 -971.223
-343.668 161.199
-401.503 930.973
850.881 621.77
579.815 589.61
-587.779 -7.321
747.697 46.145
-217.563 46.74
-834.0 452.239
276.391 -580.16
5.555 503.971
697.843 -771.846
-836.168 -508.477
972.143 -16.632
77.541 -449.796
832.871 152.875
775.016 -954.672
589.854 313.382
732.933 687.42
145.717 691.846
666.789 -109.41
154.184 -259.187
-704.386 722.886
849.223 170.402
-557.978 578.637
-821.139 658.118
-373.838 9.185
501.716 509.088
-70.641 498.005
537.604 337.872
-609.682 346.669
-960.05 488.826
-756.279 -517.738
168.986 -979.13
917.052 65.277
705.663 969.518
-385.252 292.637
-369.702 -757.475
447.014 -915.475
-881.858 62.238
652.704 595.202
711.171 434.358
-914.567 -344.519
758.639 -401.326
429.267 -586.832
-860.642 -313.498
394.32 574.036
-7.621 -241.771
-195.886 830.025
-842.268 380.414
19.314 199.168
136.7 -582.028
-516.011 237.364
408.629 253.263
89.105 950.855
953.144 683.108
-139.596 -266.564
911.253 -99.274
-507.379 301.323
721.548 640.823
-521.182 -25.313
-628.125 -306.565
754.441 -797.476
-419.645 -214.225
357.685 -914.825
-731.952 16.116
-520.032 -27.682
-86.129 710.521
89.405 -156.352
531.419 -243.579
-990.628 828.225
-410.029 42.48
-244.578 -490.225
-862.624 409.591
-175.583 -930.076
-790.314 998.352
-76.346 897.579
269.212 -590.525
70.826 636.271
838.092 -180.811
-468.798 950.626
926.669 -925.053
338.558 93.726
-729.262 960.258
-983.455 -714.58
-160.603 -155.559
867.254 18.22
-795.103 267.52
352.864 -93.425
57.737 158.023
183.955 588.494
853.13 150.689
150.265 -910.193
-9.406 -479.745
512.343 834.885
720.534 253.392
384.111 -992.812
-652.599 11.313
527.063 -443.561
227.332 -91.311
-460.755 -360.198
921.833 -776.228
413.824 662.316
533.838 75.275
785.513 -728.43
-18.08 -92.974
776.532 -957.454
935.67 612.088
919.711 970.239
577.672 515.118
678.287 641.522
551.319 531.333
-929.77 -389.866
-583.471 7.754
45.435 -869.988
-13.165 96.753
-113.625 494.826
923.601 -555.111
-531.927 -190.594
521.962 -100.986
658.8 -811.414
434.92 210.086
245.377 -774.566
903.028 -613.997
651.809 746.695
938.649 -627.421
-744.567 -733.519
-470.985 -666.283
-920.962 -476.068
310.418 -659.229
739.781 788.877
222.426 448.322
-287.801 -76.349
-985.354 515.924
-867.43 -886.806
380.283 378.934
677.731 -455.777
130.052 -680.878
-257.537 561.566
680.377 286.493
-881.006 -34.558
232.251 -802.419
268.584 -711.114
501.306 87.972
-68.768 174.763
470.757 -50.661
488.818 965.927
731.1 148.673
-590.628 -645.088
-843.743 -7.982
-402.905 -711.694
-420.775 -469.971
780.148 291.372
-572.03 -161.568
-784.235 656.874
-896.765 -615.162
-234.856 -136.758
375.085 -569.776
-50.218 -701.381
-201.287 388.917
-660.33 868.5
-697.107 -929.704
189.114 558.866
-527.109 786.525
-171.791 -728.916
142.482 -606.812
916.872 166.785
-980.047 -70.307
209.83 -939.95
-808.441 -513.21
-332.923 595.883
931.394 -948.006
-77.21 230.672
-821.05 505.27
-930.785 -97.058
-679.505 -781.686
81.072 -238.651
-917.487 18.632
769.199 310.172
-8.771 -628.724
-950.097 647.255
-367.573 844.099
546.948 486.963
584.694 997.587
-778.081 -665.632
615.486 928.826
-52.078 -987.423
-486.329 -510.243
-892.413 956.742
650.105 519.153
-413.728 573.037
804.783 -632.666
-711.551 295.892
-969.206 -315.358
-570.652 175.426
510.658 -716.168
465.137 873.038
460.851 166.682
-389.818 646.586
595.673 -51.079
-639.411 234.048
-583.512 -634.737
283.106 -293.756
-811.253 845.899
-59.35 -842.194
-68.763 636.682
440.4 -951.787
941.349 -732.127
896.037 654.322
-281.819 80.1
-776.106 -925.889
-788.463 149.945
-779.12 910.165
74.048 844.375
-818.162 610.846
80.985 -190.793
514.896 -428.928
213.301 71.721
-172.752 -42.061
-144.08 757.616
961.329 348.929
-746.197 -72.782
998.255 815.709
0.4 -461.531
-87.627 -952.729
498.403 -123.356
314.698 952.843
953.441 -780.929
-934.942 -416.848
692.742 -738.741
-125.634 -912.776
-192.672 473.954
528.183 866.58
537.07 884.775
-596.8 215.859
460.725 -744.285
-605.239 -347.929
-539.078 80.665
19.723 -459.162
889.098 -921.855
-684.559 -551.997
930.928 -179.563
-451.358 -625.017
428.832 -980.543
-868.164 -667.001
486.961 -16.664
877.601 -703.231
-970.91 805.325
-997.02 -583.725
-564.392 -878.081
-963.653 37.994
-502.666 -416.618
428.635 -193.388
-521.455 -777.54
-990.341 32.316
143.475 556.29
998.545 -757.364
-761.778 596.642
-953.715 909.89
700.789 -231.034
505.937 255.551
640.8 -722.273
-11.056 867.638
484.329 163.945
63.865 546.669
453.511 480.025
235.552 -223.591
83.554 466.111
-399.597 977.984
901.91 885.605
733.202 95.226
-39.942 -483.974
-510.112 -898.676
842.719 631.871
944.882 30.1
368.594 -501.918
-762.519 -806.438
670.065 906.185
-835.036 -807.757
764.761 -363.318
324.306 110.592
-261.24 -481.724
2.497 518.459
925.706 -381.908
945.557 -621.775
-480.452 695.729
-975.923 -273.962
-352.116 -521.653
-174.254 -940.057
-356.697 886.899
214.419 -499.234
164.009 408.107
726.46 -136.115
-703.46 -892.663
-882.88 -724.104
762.469 442.035
620.227 412.68
78.15 -816.796
13.991 841.301
305.237 26.678
192.927 534.116
936.292 -701.416
781.366 -718.523
61.757 1.594
-859.944 -475.84
-350.477 -728.114
-545.197 825.485
274.347 -614.693
-376.854 902.07
-555.462 991.492
-965.206 -410.682
-681.059 -810.598
543.179 900.836
103.321 -335.969
97.904 373.237
876.536 256.684
572.604 949.106
-308.097 -964.202
331.117 784.509
-771.155 -936.586
-70.703 -654.214
-889.237 -147.059
-952.937 -829.494
123.115 44.743
-83.438 -940.751
446.813 491.275
-648.438 967.218
-745.695 470.016
850.461 -145.569
-298.305 -749.813
309.728 -471.016
64.703 -251.477
-4.483 -141.234
502.86 -551.223
629.793 782.411
826.893 507.839
-375.887 450.812
941.29 -389.077
-644.591 -711.347
-120.388 975.151
704.26 -400.308
650.435 -949.694
244.078 -334.207
-986.313 -1.559
487.043 251.843
-590.084 463.778
-16.364 -702.198
-530.243 116.669
-156.289 -17.662
-180.335 -661.846
880.403 513.725
498.907 -747.565
-82.305 905.428
-211.518 973.731
18.776 694.608
407.185 -225.146
-297.835 397.58
-199.621 -694.714
-739.956 967.13
912.785 242.802
-116.14 995.58
704.602 -116.004
712.519 -460.875
247.091 -53.39
659.739 324.783
156.362 278.224
-276.789 -927.001
949.934 -782.294
20.52 1.197
-33.255 -397.326
-708.851 -529.413
728.189 623.39
-384.801 -385.523
-161.448 477.841
-243.193 -695.279
-779.074 -826.239
581.26 -134.353
-494.444 476.51
-287.439 -286.166
149.664 -655.865
939.793 319.85
-447.175 -433.89
636.721 532.83
-797.849 420.515
-13.885 -608.87
100.862 62.393
-72.801 -994.957
337.38 -532.997
-549.305 354.336
577.91 0.886
728.0 612.583
448.031 56.47
-445.545 602.742
73.681 986.145
-189.697 732.343
-963.427 693.484
633.117 985.927
-636.51 -678.004
756.325 -377.996
313.023 -442.068
604.294 -627.024
726.38 -763.072
-197.103 -378.089
487.948 55.785
-991.617 891.936
-6.657 -799.04
459.962 744.59
-229.899 974.909
-594.728 -875.036
397.735 -789.931
-106.556 656.144
245.795 824.838
-901.003 -821.069
-447.955 876.717
-580.287 837.967
-50.312 -766.447
-786.124 379.718
495.077 179.388
-66.73 304.463
-170.118 561.349
-790.075 260.682
-224.092 854.626
521.119 879.813
367.486 233.678
502.512 -898.143
14.653 -802.956
296.028 690.802
272.265 642.951
-342.686 -270.683
-981.149 -759.039
-587.934 -124.901
-553.086 60.218
412.338 -954.732
845.248 116.223
351.991 674.242
45.172 -993.074
-724.796 -64.036
520.906 430.118
-64.103 890.987
-788.433 -945.019
380.519 -777.864
231.139 951.896
-690.743 787.515
353.692 758.231
176.157 975.688
-497.372 -19.18
-758.771 -604.069
-322.304 -546.63
-105.183 -161.549
726.582 799.341
-986.052 596.538
94.06 347.473
432.636 -267.327
-296.204 734.263
1.003 -970.539
302.664 338.259
-413.68 596.805
-730.093 752.678
928.018 -675.461
648.481 -218.594
-923.897 986.628
204.93 526.837
102.972 693.832
-480.837 332.764
-960.154 601.694
364.481 -286.985
-126.139 380.187
-508.184 699.409
828.781 -270.646
497.136 754.944
-715.925 -356.292
471.6 677.459
789.298 646.903
-223.21 -991.176
855.487 -564.829
-272.043 958.45
909.982 297.555
533.688 785.576
-686.919 697.069
405.633 389.676
240.006 731.405
155.775 -422.883
710.559 6.778
-559.219 -979.562
825.749 477.18
201.374 618.979
628.095 -367.214
-542.734 -705.28
-263.398 -857.463
-47.458 -270.543
615.086 100.099
-223.73 -418.397
425.83 -509.864
335.493 871.436
725.004 -534.655
99.901 -813.055
-348.297 640.371
760.929 -447.725
-2.662 -480.847
987.25 -18.832
640.526 170.416
-151.027 918.312
-359.885 -506.436
-326.08 488.92
828.788 -777.666
92.017 -847.28
-101.92 -14.641
614.36 -732.027
184.551 530.154
-4.499 -803.075
-275.439 -690.471
708.164 278.984
524.854 624.196
-76.28 -545.835
-233.295 -692.983
573.536 -129.737
476.292 981.551
543.404 -154.297
-74.848 -717.307
-283.794 -116.914
-945.367 -592.852
653.82 -72.309
-276.692 611.018
509.397 -38.631
989.816 505.277
-37.691 445.32
-566.974 -26.648
-386.209 -543.458
-968.109 -628.575
-115.399 642.676
681.073 6.51
-351.365 -81.963
-637.864 -900.379
125.245 -335.338
541.156 -211.146
56.155 962.53
787.006 -628.127
32.389 -399.485
-908.614 -166.761
-498.657 -979.429
305.405 -245.506
-586.251 -43.53
-864.804 669.67
-586.946 -323.485
453.258 933.79
-198.227 -164.862
-723.274 207.484
-564.224 58.028
444.071 671.791
214.763 -187.126
343.644 -939.581
-473.508 837.045
46.631 -213.231
358.847 -647.27
387.843 560.344
554.842 -480.584
-306.294 -949.201
49.653 668.488
544.006 -51.469
155.421 484.407
913.986 -345.256
707.509 -141.871
-485.255 -982.331
-616.296 312.475
-356.662 -99.536
473.491 0.383
763.672 -0.377
-321.998 -490.618
-127.332 -846.051
408.927 -944.758
662.347 53.937
-705.675 -638.145
-579.884 -195.118
674.587 -89.117
-587.516 -880.727
-647.873 887.386
-705.55 -793.425
523.153 671.833
660.265 302.498
-19.808 213.495
937.424 -786.784
-671.237 558.876
-684.771 766.082
-256.102 -422.1
674.299 -191.703
106.918 -935.236
-648.557 -792.869
-150.338 157.17
-585.339 712.956
-641.658 -940.824
-639.634 -173.583
922.162 137.278
99.186 -808.689
958.597 -467.718
357.217 -462.725
657.651 -878.9
92.734 736.703
-98.846 767.076
518.946 843.182
612.447 -839.23
847.702 -108.704
557.065 776.345
370.502 882.725
-417.589 -603.431
-630.501 670.261
-632.92 833.641
-246.53 -552.246
-773.735 616.68
-680.181 -442.726
-112.797 957.776
831.76 -989.341
-555.415 125.643
482.866 512.464
-349.807 -878.269
761.953 231.564
225.496 973.281
-349.9 397.762
-562.032 209.423
-745.559 401.429
982.613 -13.487
81.836 -825.987
789.615 -764.254
-224.767 -303.877
-904.484 949.88
126.424 -141.524
-749.123 -139.106
-160.437 -209.734
-337.745 -656.709
726.025 105.93
-392.555 954.461
176.224 -470.45
497.837 172.768
-953.21 445.572
11.331 92.263
-397.295 -994.422
496.367 987.435
507.075 692.975
-956.599 -910.81
-979.541 429.737
-793.435 919.661
688.885 190.044
-668.192 543.294
808.237 553.259
888.993 764.233
-523.607 -934.851
-481.904 144.845
-930.81 -549.659
797.505 -303.008
-615.143 -587.42
-986.879 -664.455
-284.958 -918.526
619.175 811.736
610.721 -311.895
946.851 -772.956
769.472 -547.516
-324.711 -342.878
435.827 794.924
-547.927 -190.36
8.587 108.768
120.524 390.285
-583.698 -612.718
551.53 -614.504
-675.598 699.604
-211.772 -673.577
-146.491 -985.515
74.807 -306.361
493.242 76.732
290.219 -755.102
663.307 577.32
505.317 -819.068
759.408 -884.936
560.151 502.714
-214.356 815.347
223.457 229.576
902.758 -764.191
-514.546 -7.174
-603.824 -37.756
-382.02 -256.609
-679.894 812.829
-232.138 190.595
733.928 281.834
132.714 803.374
-316.204 971.967
-804.422 -735.122
-208.954 -847.973
-541.84 -36.765
-535.762 -198.435
888.308 709.942
-451.861 -362.996
335.56 17.392
835.619 -496.251
-794.229 811.412
402.439 780.712
-148.553 -102.862
532.905 -947.101
142.164 -683.322
483.653 66.092
-462.841 749.12
-459.036 -617.896
410.301 -874.411
382.166 720.12
-290.749 -364.41
-458.188 439.591
-720.852 163.773
-789.865 -524.474
682.632 34.849
-116.767 834.651
-78.009 -720.685
-67.724 947.65
-251.277 482.498
719.939 -693.349
-813.151 90.512
416.392 -491.255
595.79 -357.328
863.542 582.434
181.402 471.908
938.254 -394.978
85.463 -14.724
-137.156 268.095
659.03 -603.451
-582.061 -531.044
-659.689 179.136
116.38 -291.42
-284.063 235.022
-885.68 -319.413
432.823 331.024
920.07 -450.126
766.841 -332.913
6.912 568.776
470.482 60.81
659.085 82.972
945.321 -358.722
-125.514 587.469
-730.049 577.072
-964.021 15.831
-204.203 -749.341
169.002 -663.436
-389.713 -566.587
560.279 749.792
474.228 -839.694
171.204 -662.454
-681.952 -632.866
-299.274 509.964
66.567 -294.662
591.629 867.652
-188.53 513.866
977.714 -105.556
104.941 -622.594
520.958 761.624
292.238 -818.721
891.528 585.838
-508.632 -452.946
-425.053 146.795
188.043 576.122
210.969 310.249
-211.162 662.951
-113.232 -731.242
-202.996 -475.448
662.088 -314.618
678.287 925.746
-277.387 -611.589
-866.493 671.908
294.032 -962.474
-536.801 -850.258
474.648 -831.196
-560.788 -258.529
-598.416 238.374
-731.062 -404.243
-72.639 -826.313
183.772 -235.357
-988.422 -906.446
930.181 863.528
-712.868 -28.293
-925.456 -200.051
-199.533 846.938
496.725 661.907
-890.214 951.233
740.617 -218.155
-563.223 51.443
878.786 -979.353
144.886 -543.462
-653.072 -457.246
-819.737 652.325
318.07 714.779
346.593 -588.828
734.693 -603.545
-179.267 -975.138
873.713 234.436
-433.771 -813.693
-129.454 -725.566
-599.901 -801.716
-302.068 799.856
-424.589 830.786
-606.745 -642.646
-60.263 789.519
46.718 -46.782
-159.553 837.173
-936.708 717.306
-583.144 -497.984
-415.365 247.351
-909.994 -445.114
-142.866 -861.077
-344.412 -319.638
23.194 -117.239
996.011 671.787
-11.171 230.992
-622.429 -400.441
-634.496 764.41
-425.938 -561.615
-384.695 542.991
-844.461 -7.579
-561.951 -309.299
561.81 592.261
1.966 -222.558
-488.943 140.545
994.866 -668.984
748.293 545.422
-260.554 -549.211
684.133 -726.369
118.824 -917.075
376.429 -654.087
31.435 467.884
-467.559 305.674
958.506 -993.574
-322.193 1.72
-325.568 771.273
-36.582 887.213
-651.238 -218.37
-442.946 -357.426
179.933 -967.993
596.166 163.102
-559.251 67.261
-476.3 -145.318
-390.551 692.86
270.182 474.078
-412.8 -88.779
912.37 45.101
-448.385 -85.927
-207.641 -249.647
84.464 -97.255
303.65 712.278
756.941 -487.186
-171.812 -65.292
358.873 -224.601
-532.32 106.905
618.27 929.351
-865.713 318.243
764.536 -825.744
-254.466 35.058
217.858 -932.884
-880.379 -94.377
849.006 -666.126
686.247 -977.814
34.046 -330.957
395.009 299.624
675.256 -229.883
-419.888 -527.624
-176.205 764.605
-933.468 798.851
-544.213 -504.043
-465.982 -150.388
18.392 -577.452
-207.284 289.224
331.744 -955.494
-190.897 401.686
775.328 -759.514
866.032 -633.927
-633.18 -179.375
715.243 822.449
284.746 552.203
228.617 542.195
-95.756 294.085
-138.184 -563.94
519.855 352.506
616.676 -906.618
-58.544 -589.508
-170.58 -390.64
626.413 392.751
387.199 736.916
7.43 -36.844
-200.39 483.782
-370.175 988.514
-354.694 -956.185
341.491 -394.633
-723.899 656.872
388.939 -882.635
295.823 122.069
529.988 529.685
90.13 -197.055
446.577 -940.521
-218.492 -626.362
-877.616 -860.544
526.012 155.761
924.315 792.627
-970.34 -616.684
619.169 162.709
533.475 17.94
231.419 345.808
133.301 73.016
-680.523 -760.004
-692.163 404.856
931.551 538.929
545.23 -533.239
-819.126 475.075
844.11 67.787
644.717 -384.078
-475.171 -189.55
-416.127 -939.586
435.927 182.717
373.926 329.737
944.952 -825.804
542.165 915.283
-395.026 979.134
203.008 -961.445
-435.446 550.175
220.992 -162.906
-946.432 -239.237
-640.736 233.86
639.052 -121.622
-996.016 -483.073
214.516 -675.188
998.678 -535.999
824.926 484.998
-444.128 572.699
623.446 394.749
565.62 387.476
644.052 -849.311
449.358 -776.708
-57.048 720.065
-988.839 268.035
907.696 -457.841
-556.412 -772.204
766.056 55.408
727.395 517.247
842.277 -794.088
300.983 -494.805
544.798 842.016
316.34 802.505
308.098 -813.693
-997.055 878.965
549.421 -771.125
-891.202 198.154
-687.848 261.622
-914.937 759.671
-592.826 26.355
78.842 35.163
796.508 921.88
-868.82 -681.332
-699.555 -668.791
891.738 100.536
302.564 540.788
665.847 684.895
-347.502 893.053
321.027 -961.519
-705.39 15.285
158.907 -322.242
129.894 283.172
-66.147 -448.78
-849.476 79.674
-154.035 184.673
-775.333 199.682
788.693 717.159
-657.019 -55.504
-216.174 -968.888
-933.813 -733.062
-966.514 249.801
-87.421 271.205
608.929 988.531
-157.442 345.036
764.726 -438.778
-563.316 606.137
-237.03 301.921
283.85 -331.984
43.841 642.641
-30.894 -988.261
-642.715 471.569
-409.53 323.848
315.499 -403.487
315.259 -252.13
-184.356 -962.865
-819.95 852.067
913.649 -82.941
-502.712 -634.721
818.945 139.752
-189.862 632.725
408.432 -500.149
-246.555 522.09
-998.462 836.582
-412.712 -249.135
-734.085 529.71
379.412 -915.943
-290.28 396.802
-150.171 2.464
-841.682 65.577
-120.769 -265.567
883.261 359.339
941.795 747.408
654.138 -456.045
754.362 20.042
-706.26 -295.444
433.699 -96.461
-3.174 35.542
-447.11 424.6
-177.772 998.125
921.46 -538.358
-923.119 -193.536
-72.815 550.926
940.312 -184.495
170.614 -741.304
162.954 133.895
-30.796 822.742
774.931 810.159
-730.223 -899.005
-486.855 209.664
-226.097 -668.429
-178.542 239.765
-977.841 -166.094
-854.657 -92.59
862.832 166.814
-646.159 785.081
-246.089 970.533
817.362 895.966
314.609 -691.36
829.626 206.405
902.698 96.323
-569.328 502.991
469.608 730.323
-200.366 29.536
420.231 -98.12
-625.418 832.729
-132.343 -397.784
-505.882 50.384
-902.289 895.054
614.959 790.426
626.197 -808.709
-599.716 55.76
-620.801 528.872
-830.724 982.084
-195.098 -941.338
793.61 -420.814
-900.659 957.777
396.79 859.892
-706.412 233.879
493.986 -865.322
584.819 482.382
322.67 705.814
741.43 462.178
128.046 -564.546
-763.582 -591.75
623.055 -8.588
-695.389 271.136
87.128 -735.209
182.873 80.292
288.855 665.647
-232.511 -680.462
571.809 879.643
-729.135 817.181
-340.987 939.242
297.929 -888.778
-634.697 -326.333
-535.745 140.455
-31.041 -146.748
217.262 600.799
244.771 -477.962
811.488 -198.642
830.747 136.77
953.53 553.576
842.434 957.994
-932.09 975.475
-259.957 67.896
758.694 -829.65
317.764 -507.99
870.485 -102.86
-183.018 -798.992
52.385 143.742
956.341 -694.13
528.963 830.704
283.911 542.488
699.148 -986.545
-504.182 878.753
-18.495 -758.968
-673.266 -548.923
-854.915 -611.658
320.952 -368.503
-190.592 -974.535
-7.599 -8.264
284.727 -853.451
981.159 -300.776
-548.489 -827.678
151.197 326.482
931.996 -706.774
-332.948 244.027
671.65 195.24
-858.035 -603.448
-31.442 -580.066
-919.37 -403.46
-632.303 -412.154
992.613 -449.877
-102.892 99.9
-999.829 -458.133
-137.496 -112.137
917.538 -168.034
-742.658 -549.015
972.89 846.01
769.71 383.656
-59.128 -357.294
554.784 216.602
572.855 259.75
954.914 376.122
706.664 949.976
-820.343 390.153
922.027 -667.083
76.426 -305.773
-464.031 -232.947
943.201 -925.921
627.886 116.689
-291.965 -997.089
-307.367 483.975
457.84 615.521
-358.078 670.336
-478.856 436.626
238.309 338.154
-502.247 332.811
843.651 -906.218
-16.206 -54.41
-898.843 -977.384
-508.34 657.749
-974.797 -377.035
785.577 -765.541
-447.417 -963.25
522.279 208.414
576.924 91.863
-643.578 608.544
-951.733 -581.988
-234.762 537.891
534.36 476.831
-920.189 27.483
830.677 87.976
-201.32 897.039
256.684 386.746
-957.916 -110.368
80.97 -696.896
-356.608 216.161
-324.108 941.652
-235.727 384.098
418.588 -586.707
-592.553 -526.54
441.666 -735.698
-889.012 -620.253
970.907 -400.038
700.008 6.275
14.458 -893.156
537.244 -135.995
-914.857 439.669
210.238 -34.064
937.642 193.162
-917.947 358.998
-765.031 398.583
-814.687 678.191
644.649 258.403
958.163 731.305
-842.278 -600.616
712.318 -709.481
-220.405 -799.48
-329.428 -448.646
-322.993 -905.909
-673.981 -201.319
-627.059 -761.39
187.999 -193.444
-409.463 -90.356
367.488 975.577
-706.52 -372.921
201.239 -59.233
-985.979 -45.186
-454.726 422.336
-407.468 452.819
917.16 -886.59
63.645 783.425
545.151 837.068
790.8 -840.143
501.43 -421.449
491.796 645.749
144.59 458.389
153.158 -157.551
585.344 607.813
995.604 -735.459
-185.11 -503.606
406.246 152.436
845.698 -273.396
952.446 -724.264
-231.265 479.726
-397.586 -740.52
-27.676 111.048
-103.151 -567.836
-223.477 -197.43
-338.712 625.202
-213.259 -916.94
-208.381 -132.055
-983.273 -911.966
461.868 774.199
-824.54 266.575
-468.036 -983.971
90.037 -758.634
719.162 173.283
184.73 976.873
-882.595 481.56
278.189 -713.675
-729.489 216.62
-322.067 377.119
534.785 -79.864
-257.945 -65.018
194.912 -537.47
-775.772 298.535
-626.654 -215.154
-900.922 433.216
-139.234 -733.904
934.016 -302.366
629.455 -14.007
-409.448 -356.639
622.641 962.965
181.072 -725.876
-361.954 494.333
925.289 -436.968
-429.373 -341.245
27.589 -751.289
-967.42 122.12
436.733 190.486
-304.278 -299.218
-577.277 772.63
690.536 524.178
-203.726 -187.711
733.912 194.236
371.657 -701.184
-13.353 -9.917
-370.205 -185.198
-975.857 939.015
-183.222 621.72
680.713 -380.806
-153.886 -104.71
-407.335 727.385
-691.473 -156.801
843.011 -967.929
-606.519 599.554
-874.224 7.936
-945.654 -251.082
-601.904 -991.264
-117.562 358.781
269.617 -819.668
-5.899 -812.221
-153.507 -306.278
-119.925 -876.323
-742.103 -488.68
-849.893 -509.41
-347.205 -115.325
-469.303 419.31
937.258 463.846
-269.266 -805.852
623.301 388.793
975.028 -64.924
-891.172 445.364
-753.784 867.152
-840.096 285.972
49.426 151.158
-204.281 928.848
873.459 695.225
-190.769 -570.384
-339.805 770.349
107.458 -610.383
-355.462 214.546
-472.314 341.105
-79.988 93.877
-986.169 373.33
-901.648 -628.529
-514.225 492.184
-43.463 -51.904
462.073 84.122
-511.279 -988.042
284.778 127.324
-672.115 206.94
-135.027 -516.209
-620.693 634.759
380.406 207.409
-41.884 572.268
-733.477 131.045
721.222 -421.808
-920.164 737.154
843.119 -355.68
526.173 630.954
869.543 791.539
-79.621 234.623
187.479 -626.337
-669.324 -53.204
-526.486 866.104
-681.093 441.86
734.932 303.411
-906.532 -523.403
-635.278 150.463
-497.276 983.151
-869.483 233.695
-544.094 596.752
32.531 -413.33
-575.164 -406.155
319.686 209.3
50.542 778.916
-981.814 345.336
-337.201 -357.836
-831.793 685.482
380.087 -746.325
-221.992 829.677
-114.869 -127.165
379.452 244.671
-596.521 918.797
-751.366 -992.44
664.677 577.205
969.363 -573.112
-690.549 546.914
-135.008 250.834
558.165 827.222
-14.474 -65.121
-563.312 878.467
-171.665 451.953
399.687 -932.46
-203.148 857.16
460.227 -943.446
605.31 -993.102
117.023 -895.28
-243.096 -930.894
228.725 -661.069
6.847 -391.529
260.349 -830.371
648.183 280.626
582.171 -404.978
-892.709 795.614
-459.503 350.795
737.084 -53.514
517.222 12.679
-143.945 -159.504
-257.499 852.007
683.715 -140.6
-680.198 685.539
-509.779 -190.324
609.701 324.719
-286.34 693.899
619.145 -192.92
910.399 -475.256
-176.754 -858.052
147.353 -465.468
190.025 291.378
-582.268 45.437
-564.821 174.149
540.149 358.782
497.123 677.286
416.135 684.227
196.314 -845.226
197.484 412.131
-145.501 178.555
240.442 -370.012
-372.835 733.551
194.431 600.871
-584.926 647.092
550.155 -126.963
-567.044 -736.424
-555.137 180.955
786.377 -797.141
-798.311 437.202
171.448 869.121
67.335 301.833
321.066 820.459
-340.911 -423.367
865.571 -544.043
-967.433 399.606
-635.095 -99.14
482.625 975.42
751.355 -725.059
-613.783 183.157
62.109 830.84
878.094 -399.658
653.422 858.288
-676.769 -204.617
-77.81 8.031
-16.61 694.489
548.702 52.711
817.987 -742.464
-99.498 285.92
297.863 -884.383
314.529 945.062
-419.754 -224.134
-901.048 395.057
974.899 -600.143
446.673 151.069
-259.844 -388.105
495.187 149.909
72.96 739.681
-457.963 -950.997
358.896 30.628
373.397 247.064
134.738 593.56
-614.405 356.542
-517.116 -992.585
241.791 836.658
-691.669 -210.057
-761.34 678.821
-881.292 760.114
-165.638 -231.618
-735.183 -802.087
-354.697 801.737
464.91 368.768
-187.296 -444.434
-1.476 853.578
894.044 -355.053
503.216 -283.052
-12.935 -800.248
932.125 -490.469
-138.093 -988.558
-895.394 47.55
-324.843 573.793
-170.15 61.909
-734.415 366.587
-285.173 -170.554
-294.2 -349.808
-692.188 783.548
723.15 -479.976
539.68 177.457
-55.381 -407.788
-712.559 696.06
-596.567 58.567
824.299 996.223
-966.023 551.063
672.995 641.164
734.526 460.38
-94.729 916.663
-183.581 -908.836
244.422 619.781
-464.438 832.614
25.389 -177.576
-653.283 594.627
-334.431 -902.977
222.927 69.348
-939.206 217.427
745.301 493.415
-574.818 335.947
-975.768 540.316
275.94 647.345
-48.739 -30.418
689.267 642.538
151.713 -26.043
681.399 -326.729
-694.287 -462.548
-580.51 -221.519
-459.396 -973.635
-364.454 -915.525
-590.712 507.022
-244.718 382.603
-401.69 18.879
967.339 146.074
-3.469 278.317
-554.456 -497.57
-962.323 -326.435
656.774 522.537
-909.685 315.722
-135.607 -662.828
233.983 -459.47
301.347 617.484
-911.41 -533.463
-819.953 822.695
200.929 525.413
-335.753 -439.267
683.063 -964.876
-617.58 -375.642
-918.262 -807.262
488.204 329.976
-57.67 65.181
-79.448 219.325
911.335 -772.642
-382.475 26.971
-149.279 -465.39
818.107 45.362
-682.066 -992.613
43.964 447.818
678.198 -360.0
282.776 747.584
392.663 611.962
-447.093 141.103
-681.653 293.406
-560.434 942.148
-141.274 473.657
-278.811 97.272
432.863 513.488
-668.507 -160.02
-38.869 856.184
-580.426 698.613
-113.095 399.588
-232.102 -636.413
180.711 314.406
284.483 362.764
-256.939 963.452
59.262 787.045
528.712 -62.522
1.305 -410.198
-706.637 -237.03
-276.372 -320.229
-375.181 245.715
187.44 -953.193
-159.183 -694.475
-732.965 449.865
-559.873 -52.486
-99.38 5.174
158.543 961.392
767.807 -544.002
358.619 146.418
-928.177 625.103
525.821 -143.173
647.844 745.842
428.935 255.375
-103.958 342.198
104.378 619.84
968.861 161.85
406.534 -858.797
582.123 -158.561
-372.08 -594.95
49.663 977.666
757.055 89.292
248.63 -920.417
-95.134 -579.738
28.377 -294.515
-870.396 -11.775
-883.844 162.062
-260.812 975.132
524.211 254.375
-664.703 653.548
-579.804 -472.851
23.453 -177.95
50.247 722.489
918.97 370.496
-202.813 -698.125
187.356 362.518
-639.187 871.308
572.703 205.254
264.07 -332.521
-823.568 756.988
93.646 -690.627
134.145 578.223
45.989 -226.067
311.327 524.836
21.487 -732.37
616.843 297.712
-23.091 830.817
-223.952 520.85
931.448 -926.704
-763.157 -90.637
-736.09 -37.905
-706.531 109.674
-224.756 213.391
-538.064 -450.198
412.88 325.507
699.075 322.706
214.944 -91.757
-907.56 427.696
-911.523 -18.34
-79.517 228.367
724.504 565.881
730.063 993.087
-617.982 -291.374
-107.818 600.732
-115.482 479.47
531.884 679.729
316.4 759.705
-799.7 -341.461
264.251 362.691
535.263 -120.043
810.137 -285.047
287.415 49.595
235.735 351.004
478.301 33.157
421.817 -439.687
-910.575 -264.711
18.202 -581.527
943.717 -377.273
-382.862 -33.205
-897.187 839.492
-795.195 -695.231
-546.357 296.353
-354.592 -901.561
-198.807 980.96
-772.338 255.57
-212.912 868.788
67.63 -850.704
-925.051 277.74
756.683 -99.332
-107.183 -893.126
764.96 -535.758
947.045 608.593
255.126 -285.679
24.756 -473.191
952.653 149.01
-413.111 829.959
979.352 638.806
-153.483 712.45
907.558 628.807
-867.213 -564.142
-730.575 -361.404
-562.74 -2.782
323.81 737.208
-289.866 889.807
-267.897 412.837
-679.666 820.024
338.72 325.093
-532.957 18.088
923.464 548.046
-583.245 -924.508
129.87 -822.544
118.421 843.533
323.778 285.066
991.86 -546.463
-649.899 -819.06
709.073 472.776
-862.055 -306.081
477.732 75.088
166.156 594.194
-952.068 -66.872
-585.392 -416.726
-231.399 -58.115
-490.784 -646.628
-755.337 486.021
144.604 89.539
300.603 843.156
-25.888 481.447
846.697 219.519
-150.61 -116.093
-326.66 896.609
795.12 -846.155
328.809 -191.021
103.623 291.061
885.584 782.481
-802.236 575.471
-400.296 -453.085
-40.975 398.101
-882.853 181.597
634.597 -593.209
-26.293 -100.503
-948.339 992.448
182.983 437.931
-749.25 -189.864
328.876 993.841
942.187 541.301
-942.656 -696.875
923.486 268.83
938.489 498.203
150.276 291.619
-231.058 638.34
-766.85 781.383
-168.768 -95.16
-753.771 492.51
979.895 -172.274
905.093 -997.009
994.764 493.211
830.541 -444.23
622.615 843.439
-731.145 698.059
-743.988 360.099
957.697 -462.67
176.766 -920.764
799.289 -582.486
-124.564 -153.247
-558.586 -158.048
-283.833 480.739
