378.067 -562.83 601.575
-331.863 -526.646 -186.424
-871.737 382.116 -840.197
266.008 -954.241 -538.331
387.517 993.337 -534.145
394.793 -234.638 -107.719
537.733 -404.125 520.663
-75.318 -535.897 -642.08
634.346 531.907 -585.793
-746.065 -190.448 916.704
-172.7 768.978 483.958
563.553 -224.494 -945.674
-709.118 -143.326 820.312
-522.75 -768.493 -219.483
53.862 -106.053 -741.81
-77.646 -586.429 302.594
522.385 152.448 963.343
-770.108 -808.899 -345.417
451.01 771.043 917.245
538.525 635.009 104.971
-186.77 -518.292 -136.97
420.447 253.015 -862.726
4.098 -630.111 -825.071
676.502 48.57 -265.108
938.676 454.002 186.593
-397.281 -414.054 399.248
-859.323 596.589 529.894
191.368 982.51 -175.896
-912.529 228.801 82.184
-937.207 -432.393 950.265
-9.994 262.613 -453.788
350.767 -907.16 809.027
411.185 -128.69 919.183
-504.217 -244.025 873.958
-689.485 147.494 -768.933
-879.082 184.096 -199.39
-993.018 -281.82 340.006
-359.516 541.696 966.792
387.292 111.379 431.722
-945.619 450.218 -611.184
106.294 502.986 -271.539
-813.307 150.636 932.975
582.261 11.003 20.843
486.658 -353.928 -618.659
584.424 -956.02 -858.412
389.824 -538.832 638.456
-604.339 -197.236 -866.713
-693.913 -189.89 558.907
394.571 -87.56 491.876
-714.342 -737.017 987.34
441.149 -732.868 -344.573
91.805 -133.362 371.082
-124.406 617.975 913.157
-704.221 -923.033 884.865
968.748 608.878 386.197
-471.339 42.637 520.686
-470.992 -110.677 547.393
135.471 261.495 -606.713
-304.67 -848.854 375.87
-402.698 -385.788 -368.273
-238.432 101.892 -352.795
-47.307 -256.165 -267.66
402.526 -411.458 -640.396
-618.351 -39.263 -111.84
-234.811 182.73 -743.667
288.835 208.435 -961.802
5.559 -270.24 -718.493
-410.358 -374.55 31.94
-597.316 -943.011 -551.219
668.605 589.573 -130.829
553.423 -215.083 557.394
453.551 234.085 247.765
-244.792 -799.658 416.497
361.452 741.874 -297.035
80.838 138.695 81.721
820.472 -791.373 -382.861
925.5 -686.527 410.269
-486.35 739.385 -762.564
466.485 304.146 -816.902
-223.738 -839.691 -225.12
-541.481 47.73 411.276
527.981 -159.135 -40.558
-331.62 -17.039 -122.341
96.261 -201.347 73.037
-153.365 236.901 612.39
202.819 321.831 -980.207
-272.884 -242.983 618.847
-177.908 979.923 776.908
27.467 -296.319 470.023
972.596 903.925 412.517
832.84 666.207 741.384
668.721 293.836 328.189
-811.921 -226.016 -375.411
-982.785 -192.815 52.691
285.225 -27.514 404.466
-814.014 475.912 43.63
199.484 -587.423 -256.201
-307.804 911.919 227.282
-956.646 -43.748 -295.585
771.633 653.994 256.511
-843.879 876.009 188.32
-153.499 58.415 227.335
955.325 -686.848 329.041
367.963 -988.122 152.825
-855.903 -199.63 -46.974
-278.9 947.175 -432.224
250.016 -634.469 -206.134
283.476 -136.476 -930.918
890.744 27.127 -552.434
111.818 -832.517 333.523
-189.807 -855.195 -852.501
-999.214 866.146 349.712
682.033 535.365 705.663
372.534 469.185 -926.8
-804.249 522.745 876.645
-113.95 -286.508 -863.687
-851.719 535.216 871.278
-859.764 964.675 227.407
128.785 -547.216 -213.232
-912.236 -473.498 468.745
-505.219 -385.146 -545.615
-720.316 419.624 -595.765
347.234 -710.452 -455.45
-67.947 313.099 482.296
-335.818 -790.571 -665.273
820.496 -591.544 -627.07
959.221 389.955 849.989
-682.826 -969.432 585.564
285.141 -759.459 84.664
-507.876 -309.921 792.053
81.048 655.81 346.698
-559.08 -556.544 -847.971
284.393 942.163 -536.165
-818.67 -581.522 -911.584
-547.096 740.635 -687.207
489.127 -640.317 78.909
-707.824 557.366 931.287
-751.469 744.69 -730.699
81.467 -802.37 103.942
960.126 -186.556 986.778
-714.879 970.086 874.549
201.944 -443.901 -983.458
-732.824 -458.236 -473.632
106.215 -928.308 -905.346
421.258 -615.788 14.03
-823.358 -626.069 -642.541
743.447 526.196 -489.023
619.074 -418.489 -471.117
848.28 -222.946 878.556
-362.225 -545.524 773.273
866.021 195.464 -144.304
-271.542 -574.386 229.486
383.439 779.827 -169.626
-219.094 802.85 -870.674
523.711 750.12 -87.479
768.482 15.177 791.111
219.831 -613.167 -459.193
517.194 -315.869 -162.708
-622.137 -17.401 762.793
504.622 254.051 -380.617
-982.453 412.738 58.551
-364.46 266.161 -610.759
-596.297 99.694 -993.837
-632.302 38.058 -990.503
997.581 -327.447 -164.449
-280.343 577.589 678.184
-729.253 -989.727 -634.691
847.085 -574.242 -798.576
-5.227 -72.201 -448.009
-201.553 -83.425 935.321
-244.261 -167.845 -62.165
489.77 -42.993 662.037
-204.258 -536.216 -439.932
96.445 418.453 -681.865
670.794 570.769 66.125
-839.432 105.08 19.706
977.545 428.575 733.464
-675.244 -516.757 325.758
-204.533 955.759 -883.689
-55.215 822.057 -198.345
-176.734 520.04 833.893
559.033 -626.85 147.77
-806.659 -45.191 -539.513
-909.687 -55.156 939.083
710.602 -678.976 837.284
-50.704 526.29 9.303
414.052 747.537 -967.853
691.271 -318.193 -612.995
-15.886 259.954 -154.001
489.337 336.793 -84.894
813.832 -916.665 327.933
182.929 317.669 809.221
164.994 -744.698 -816.958
-970.81 -904.487 -582.126
247.928 700.23 688.939
109.21 -642.102 515.674
-570.078 -510.979 -85.116
39.68 -730.769 -76.902
-548.657 927.552 34.618
-715.898 753.436 -9.082
-811.069 72.849 -577.728
129.08 -549.741 -851.029
-643.843 -827.211 -969.61
811.27 -134.603 779.32
-950.931 -144.334 211.305
-579.735 93.692 -609.581
-156.448 721.202 583.027
226.536 295.705 93.91
-327.387 -342.713 -225.024
-497.861 19.244 267.958
-898.872 498.297 -813.738
-969.222 402.214 -678.412
999.969 -105.133 428.039
314.854 614.077 -61.152
-101.997 -515.394 944.034
609.755 514.059 162.619
-651.059 376.518 705.404
-3.567 6.143 -505.237
-124.658 -395.048 339.689
-234.304 -721.634 958.99
360.82 493.342 -222.265
-265.069 -102.385 -256.743
286.533 -722.818 -619.261
526.518 524.531 400.567
848.06 468.388 -568.898
198.277 -966.974 987.777
858.966 659.427 -928.788
-466.846 814.094 305.944
-822.165 -201.896 -335.848
988.501 820.859 610.128
409.114 -43.185 -716.107
743.491 -713.747 -255.098
537.7 512.559 954.417
-656.057 651.575 -450.312
-214.103 -574.076 -859.6
-277.042 401.683 248.278
748.138 323.563 -778.047
288.705 409.632 -764.529
-247.69 -975.237 283.08
215.067 807.697 -340.057
-141.038 -53.6 -372.504
735.147 -100.771 -194.672
-63.652 -924.483 579.392
204.24 -92.375 -445.959
795.127 428.408 -223.08
-383.488 -735.196 639.735
165.927 -74.979 -65.938
-942.41 -805.15 364.545
471.552 -137.267 -244.002
-430.12 980.688 166.786
397.127 106.123 -723.891
258.274 -24.087 -748.333
-942.622 726.786 633.737
-979.596 911.355 314.314
-303.611 204.105 -772.475
796.869 839.252 872.701
793.247 791.57 -441.611
738.991 780.943 -899.144
-154.986 -823.842 0.72
-72.717 -255.827 0.696
-604.264 -413.348 -921.347
-244.574 239.833 41.353
720.746 -963.445 204.662
831.789 -588.803 -180.694
-515.503 528.937 806.504
-58.363 747.294 516.215
927.307 -100.633 -443.015
-594.909 752.909 -725.33
166.053 -480.353 -750.357
724.154 -330.149 -540.762
-845.816 -725.372 637.351
615.225 -987.559 -735.42
958.673 287.58 985.056
77.432 925.159 -640.525
365.263 728.526 393.161
9.404 -943.242 328.087
-109.29 -286.665 -46.312
-620.437 239.816 -489.785
900.744 -210.574 11.902
187.336 754.896 477.957
-209.189 -186.979 749.181
779.759 671.617 752.048
801.197 815.724 131.654
-224.613 -435.225 412.261
379.758 867.689 -728.033
-87.946 -987.837 -174.602
612.188 913.709 -150.521
-490.667 -229.05 -65.6
-15.052 -753.558 544.887
416.902 735.21 845.877
476.32 839.023 562.194
-733.856 208.449 704.056
167.89 -466.096 -430.362
653.836 -127.295 -143.838
-365.221 -149.573 -268.3
619.43 -973.445 -742.653
277.324 491.571 610.787
912.653 -928.145 -870.32
-642.307 55.37 -305.689
-645.172 291.621 -833.169
-133.418 639.756 608.823
-730.353 -533.868 -105.637
327.434 -885.314 -598.666
-542.955 -220.316 -863.237
-215.939 664.229 -285.869
-510.621 -755.876 -568.685
-181.406 -376.814 984.239
574.19 -517.435 276.305
-96.217 -550.42 967.717
-818.926 -990.45 -990.91
-727.688 -674.279 -515.053
103.266 -350.743 -729.909
-306.83 -398.915 -228.952
-898.377 -679.234 -304.525
909.111 -79.679 -290.441
-10.512 -678.343 944.47
-888.586 -563.34 -540.2
-4.573 -570.831 -101.228
90.942 683.504 959.411
-681.183 643.226 906.451
-233.833 -673.771 -319.853
-743.169 570.167 265.224
70.899 -5.853 -953.878
-31.38 -783.962 -580.907
-669.734 793.776 683.891
-750.105 621.356 -559.22
-366.342 -181.756 653.694
958.353 451.92 -532.483
221.061 -874.916 -666.374
-35.785 -772.296 912.292
985.073 -464.428 -911.567
158.613 980.953 620.786
159.752 774.466 690.5
-906.288 -855.038 252.12
-77.522 41.187 -877.093
213.282 -244.605 -994.258
948.238 -713.598 -775.704
904.396 670.438 -335.184
-730.028 -111.654 513.398
231.718 -650.699 -701.808
663.097 360.121 925.747
246.838 -531.884 -91.599
-460.133 550.44 -180.758
-501.358 -675.207 -602.597
-548.045 -327.186 -522.694
-356.802 -870.765 444.604
54.78 -892.504 509.391
895.604 802.034 728.712
-638.454 -50.495 -983.712
162.555 700.485 -66.265
0.662 -600.825 -295.584
-294.287 -871.587 -737.619
767.977 -677.756 -484.448
371.479 -347.919 352.433
378.246 860.051 391.233
-921.351 -46.684 -122.993
527.1 -175.265 -803.17
702.647 -41.944 932.315
200.47 -130.014 -771.42
477.504 410.357 935.784
111.45 765.306 -829.871
-336.94 -966.177 -339.693
-90.786 -209.056 -796.031
-764.783 268.687 -398.804
327.72 119.411 271.442
465.407 -339.782 88.24
-998.679 551.115 479.941
490.901 -358.075 -291.878
-216.461 -545.544 -669.914
352.014 -288.685 248.114
-496.973 880.739 -592.507
-69.016 714.961 912.571
510.341 -954.79 216.902
-838.392 -731.655 -338.683
-743.499 -872.164 -843.578
-422.959 815.456 -548.895
-478.916 16.444 -81.307
-721.392 750.097 924.288
-809.887 6.283 -85.669
621.561 -913.205 140.695
-512.615 -952.532 -953.378
193.51 491.814 -17.56
-861.46 484.275 -121.784
-579.454 242.195 422.702
872.643 672.18 635.649
-28.609 -543.692 -102.384
49.325 -82.543 -432.212
978.237 -661.607 -59.311
497.638 -223.595 709.969
-169.348 -489.539 -647.238
-258.399 946.706 420.773
75.808 816.256 -641.571
351.855 525.127 -471.447
-878.309 -212.774 730.245
-533.946 -413.588 -458.051
-437.078 -943.554 -302.185
-293.165 -170.693 -325.717
479.979 -938.997 1.543
329.108 -697.549 34.472
-649.883 -471.024 794.905
84.878 -843.476 -840.444
-135.602 50.161 211.297
322.81 -674.031 -179.617
-849.645 531.632 -539.164
-789.857 234.6 858.424
-404.491 499.364 450.327
860.429 -103.314 -968.87
616.093 -719.795 872.319
-89.82 4.081 -304.897
-390.187 565.35 870.624
37.542 449.875 911.306
-148.687 -792.226 286.573
-395.1 -633.242 186.247
341.917 915.215 -815.472
231.885 -909.934 65.9
-686.385 -978.266 -237.138
-680.1 -211.536 74.202
602.628 285.729 321.547
-772.624 364.01 -225.285
-922.777 140.916 157.918
730.314 -144.527 635.931
-475.272 755.184 -64.618
-384.022 10.879 734.188
338.597 -937.09 472.42
-369.849 -486.455 417.809
116.37 -893.199 -996.045
-576.432 744.068 -127.463
236.382 -258.173 290.764
-34.984 431.1 691.879
850.304 236.207 412.791
255.847 -731.185 -60.965
-311.051 799.371 900.566
691.57 -154.926 -411.57
664.999 -39.314 667.996
-292.131 522.255 72.246
704.356 -623.247 160.672
-220.605 -554.775 359.156
549.103 842.436 283.035
-238.942 -862.493 -487.148
-331.54 -40.39 -36.176
123.31 257.989 -439.916
633.835 -65.794 -101.752
-986.527 -769.249 -667.434
437.338 442.426 897.634
-570.949 -844.15 698.199
966.531 731.705 -827.26
917.696 -926.587 -241.1
685.814 -794.086 -579.736
910.079 416.537 194.067
935.02 -323.283 -39.467
-562.736 706.924 -927.977
-189.387 -419.016 -207.012
781.479 -691.027 230.314
380.736 642.941 -209.645
532.811 375.89 -548.7
21.929 91.027 362.933
165.505 -35.488 -783.014
-173.7 261.564 630.908
384.771 -482.633 675.829
-580.655 -439.055 125.033
285.435 114.372 505.022
-831.991 192.548 -762.406
-408.244 -191.753 -745.423
720.969 -233.892 -478.807
-90.946 -902.21 -520.932
168.374 -399.378 -766.645
518.492 39.82 -322.656
-489.893 590.019 582.712
-454.294 -756.996 563.494
-341.347 -844.65 -250.591
-801.304 135.578 5.361
744.012 -903.868 493.37
-339.313 -660.751 822.008
575.099 -215.892 -215.404
417.009 51.005 228.603
450.115 -741.07 -215.722
92.739 181.868 719.915
-144.855 21.805 696.108
-922.728 -969.873 719.759
148.694 -193.562 304.754
-56.93 733.057 627.32
-334.492 166.11 -983.235
179.785 -362.837 -452.734
-773.935 63.386 -66.867
742.717 644.068 -540.369
-791.13 538.237 485.523
207.073 776.77 -784.424
-95.1 869.518 635.91
573.277 -414.983 -168.304
750.48 417.41 14.878
897.462 26.13 931.667
-236.944 -363.379 -658.919
-986.68 575.61 230.216
248.425 -943.224 -615.137
-485.583 523.255 142.468
153.861 -131.187 568.657
273.377 -191.127 -343.03
115.031 929.904 -183.523
451.43 -365.151 -756.673
525.149 872.785 -200.139
61.349 846.905 -692.4
820.188 208.209 -382.763
-318.373 270.398 252.777
949.792 -406.302 -860.18
607.541 -218.763 32.187
120.71 662.775 -339.637
-511.228 467.572 528.714
611.93 -480.063 -190.059
670.448 -50.001 -515.862
741.633 952.446 -635.463
421.727 -727.66 516.749
660.544 -106.832 -898.981
-809.909 135.952 -735.587
-989.026 260.129 858.475
908.975 398.991 -748.085
-299.672 -278.162 -0.273
-452.475 -205.825 -700.86
133.715 190.783 -981.356
-457.565 -234.529 -778.178
-89.012 -866.658 813.391
625.574 -894.179 44.058
-775.831 -146.444 532.354
-311.592 453.679 -335.048
877.559 -150.239 -677.471
-374.963 -739.648 -622.199
667.077 -203.471 108.848
-732.147 -225.909 292.859
-914.271 486.804 -176.526
-759.742 -356.391 211.819
-829.009 -6.504 -648.237
-292.152 311.502 -131.507
2.915 -758.697 -870.4
-526.084 52.373 -825.493
-175.43 647.274 -282.665
195.976 -51.225 447.272
450.464 777.035 -205.723
-918.483 130.396 -824.277
880.409 -373.9 -745.144
689.734 -618.566 416.654
-348.986 -578.168 691.433
-179.99 -652.714 -715.759
-102.693 -710.974 -435.878
485.801 320.32 -41.076
-288.383 250.186 732.207
253.435 496.473 920.474
76.937 852.966 432.841
761.878 -545.042 -557.953
-772.471 -111.242 -650.126
939.146 990.309 886.822
-210.503 156.099 -76.882
221.221 792.289 -559.284
33.123 -566.614 -858.499
570.917 251.182 901.583
-414.406 -437.229 -171.735
-731.647 -320.517 463.346
474.234 -303.959 130.467
-858.429 -109.267 375.037
-348.362 372.425 490.1
-371.397 642.065 406.843
-288.556 -989.187 -507.465
-772.67 113.05 812.495
-497.692 -713.841 880.953
606.725 -530.102 94.025
780.297 -375.621 -663.935
333.857 -786.264 -979.223
-321.382 62.48 452.958
240.09 -113.251 -136.33
-874.719 73.953 -900.32
659.468 170.228 321.316
-873.596 957.777 258.805
719.344 581.383 -772.179
888.265 -148.034 -966.636
915.25 444.84 -591.904
-230.462 -217.154 895.268
-936.95 582.592 309.759
348.413 -163.086 33.35
-342.4 -414.217 -302.432
-435.1 802.485 -532.093
-821.066 -16.843 324.495
-594.501 985.682 -57.236
-575.249 -871.427 -97.36
-93.728 -346.557 -787.069
813.432 488.94 749.769
-774.242 977.666 -426.577
274.651 -211.333 -310.632
926.046 -494.782 -669.779
-123.34 489.476 651.764
-890.195 413.028 -692.579
585.721 663.982 -653.43
-560.368 293.983 -139.578
548.203 576.797 709.549
-633.738 -308.263 -94.292
-761.194 618.978 -789.192
462.74 -418.824 291.307
921.357 111.751 759.955
-695.877 766.272 927.022
817.023 434.956 -95.994
466.249 -526.358 64.127
324.273 359.249 384.357
-239.845 764.972 -417.526
360.666 -161.782 -65.002
-16.087 134.3 -978.585
-721.885 226.609 118.993
697.339 -845.999 812.089
51.356 62.994 346.925
-849.659 -504.817 504.516
473.416 804.597 -356.017
901.96 -300.263 158.873
670.809 193.572 -914.501
462.112 175.915 -477.006
-433.343 -151.677 -800.64
-228.595 793.477 -425.671
832.299 -445.108 973.056
-655.27 -97.449 -491.052
394.611 -985.386 871.506
708.614 49.978 -713.142
-847.443 173.918 -749.262
-94.936 858.678 -245.269
-912.371 717.217 -893.251
579.705 -371.3 -896.213
295.075 755.858 -472.793
84.604 -40.07 -643.949
-105.465 589.66 43.767
689.314 41.294 -212.995
-80.742 -928.895 348.464
595.57 -830.56 368.053
738.603 450.849 256.733
973.698 -592.053 447.99
-164.593 -464.785 -326.018
-401.741 -186.784 -292.697
661.122 -178.643 329.345
831.824 408.384 -142.166
-630.023 -560.525 -641.643
-677.496 962.513 -201.95
719.362 420.927 -347.216
-428.754 -291.074 555.511
306.373 781.749 407.205
-760.153 -884.302 -124.644
-857.117 -571.173 -184.757
-965.65 -581.054 105.111
-280.147 974.328 638.517
584.759 469.716 202.028
965.481 -858.719 717.309
-159.792 469.768 -694.525
522.972 -122.011 459.764
593.111 627.587 983.839
373.1 699.336 791.846
-143.731 404.107 -78.79
724.807 -378.698 -323.095
-579.97 -596.506 869.129
-701.149 -332.169 415.71
-616.341 252.708 573.694
-945.25 198.529 561.761
-985.609 -962.31 -41.663
-151.369 300.283 497.784
782.936 130.335 976.364
-172.872 952.969 752.766
-369.898 -88.853 -731.486
-550.096 382.957 599.391
679.385 578.964 -555.519
609.245 -250.035 -25.071
-252.288 -528.352 -353.754
-110.327 276.885 952.372
-363.454 -340.785 497.831
54.772 -827.867 272.769
308.565 479.892 727.9
956.862 -334.946 -855.133
506.765 614.833 -303.599
713.577 -866.092 -507.927
173.51 -783.382 -680.061
233.312 310.135 626.343
624.925 357.381 687.365
-505.11 -941.164 816.569
-608.425 -882.999 -102.995
-913.24 236.42 -474.122
664.168 215.086 181.465
-715.276 -82.705 -643.855
818.57 785.061 -834.048
-312.149 364.754 896.236
-662.664 -49.049 -863.514
-552.622 -983.894 -56.163
-949.125 -110.195 254.64
818.47 613.132 662.337
228.728 486.325 490.392
-848.03 660.437 -549.825
-469.486 -976.898 809.414
-880.01 730.848 -655.17
-796.904 -140.057 955.978
869.87 577.318 -363.731
245.933 183.953 -732.989
152.209 420.493 -863.914
999.847 614.231 -764.88
-290.064 487.093 -287.762
-486.428 966.531 -94.345
470.315 947.326 -510.421
-256.856 369.341 -276.531
60.509 -748.578 -5.606
506.351 -689.967 230.735
452.918 956.011 188.592
-891.96 -904.457 566.182
-541.045 368.752 -943.119
-898.104 834.961 -538.972
-87.758 -372.34 58.228
-616.08 324.784 979.064
112.305 -751.437 453.004
-273.051 -613.879 963.866
-118.581 789.802 518.681
-989.584 -333.809 -829.966
43.322 -524.058 741.189
13.955 -553.124 -74.192
-998.509 -205.102 346.918
657.233 331.408 -961.289
-664.542 696.677 -357.237
-649.136 -490.013 373.429
-866.264 -292.227 -556.847
-736.036 -309.143 -679.406
-751.911 -404.5 853.289
489.633 -15.575 -503.854
-553.118 -985.958 -48.466
642.694 -787.811 465.863
-210.67 926.704 873.466
866.843 455.652 944.181
-435.892 -484.071 -235.026
-485.71 -270.241 -837.912
875.384 846.74 908.619
635.045 281.289 -410.263
203.048 -718.097 -533.427
127.798 492.16 73.054
-659.747 566.304 -190.738
686.635 327.597 154.508
-776.984 -999.526 -202.11
32.882 -86.169 -597.622
-367.258 -839.814 340.489
-154.845 584.469 -198.588
-637.649 238.346 -422.761
-617.197 -85.564 -59.892
-356.385 -452.553 -252.385
767.547 890.09 406.374
-786.481 508.934 -5.457
831.918 -746.944 -261.409
-188.038 -280.404 163.288
159.912 431.242 852.199
987.534 993.25 -985.971
-632.603 636.823 -522.67
158.629 601.383 -942.027
93.712 -960.212 653.736
735.966 117.461 182.665
-119.172 -339.13 -7.598
414.555 -79.081 -64.983
149.005 -54.282 -757.436
960.917 792.918 207.898
-499.962 -482.822 -86.666
-49.669 -990.535 -280.156
-658.417 702.05 834.571
-589.891 383.853 -690.784
408.173 269.653 964.645
342.069 -427.765 451.507
-736.293 -519.752 -797.499
860.571 -934.149 -262.547
-667.881 618.601 791.834
146.021 -823.659 805.74
876.6 136.955 -499.206
-392.386 -797.101 494.555
-271.821 -278.708 -760.753
-827.765 235.298 207.009
505.439 -879.593 -352.862
-425.504 388.471 -34.335
463.851 283.945 938.129
-77.09 -480.44 -333.427
795.819 797.442 -836.864
-860.069 173.471 -937.555
196.714 -40.569 -894.91
841.325 -709.062 237.776
-277.362 436.006 -438.274
-890.487 837.697 -51.908
-566.284 -549.268 953.932
-103.234 -413.684 708.044
-860.332 -411.514 -103.065
916.717 -42.576 -184.305
275.249 -79.99 83.899
-202.267 -710.313 240.215
-636.386 611.495 87.376
513.593 -923.82 0.413
-531.965 954.01 -325.9
-609.747 -92.465 -51.955
3.826 225.675 180.244
-418.307 -678.919 -948.538
924.901 -430.848 17.288
-591.018 736.66 -689.395
97.532 458.192 14.665
265.352 454.632 -216.755
188.203 212.219 -766.772
-682.593 -474.528 -932.012
481.857 254.934 12.285
-659.735 -888.255 -460.466
61.805 197.909 639.015
141.29 -176.236 729.732
-671.481 -470.167 -489.219
-519.557 -58.04 482.03
-808.363 793.202 -676.775
-282.753 494.818 -63.84
-360.288 890.6 -177.649
-663.991 -358.545 -432.023
989.388 70.776 390.901
-625.712 -450.946 -811.383
-478.194 491.047 -50.182
319.443 -387.453 913.493
575.82 830.936 -982.036
-321.296 669.622 -122.979
-847.688 318.679 -985.038
-234.557 -58.262 290.72
-837.807 618.628 60.026
376.662 -137.366 386.533
-710.334 -935.02 232.86
-904.218 -715.312 -73.342
617.796 443.845 -633.256
113.792 491.898 -841.442
-866.391 452.869 299.471
919.195 696.233 -157.597
701.592 973.181 224.086
-101.323 710.329 39.837
-781.304 -362.106 801.281
-527.985 329.479 -657.942
-861.688 549.265 337.015
694.914 -299.449 599.252
-994.779 385.977 897.815
75.52 370.966 61.615
606.86 -350.302 368.927
-99.217 -856.875 -684.58
368.311 285.796 787.121
935.82 -866.213 -745.409
968.536 -634.677 681.836
202.749 645.749 118.117
-61.888 649.793 -722.118
280.392 -127.29 -492.108
214.704 -233.176 514.958
374.498 828.656 -32.09
189.701 -969.821 248.485
223.951 -817.097 694.491
-72.59 -72.522 508.413
160.92 26.975 476.189
510.249 -769.545 -325.308
436.845 441.944 978.357
-644.046 -235.016 642.39
170.543 -237.152 -828.213
862.361 -505.514 268.76
618.781 751.042 956.508
-155.45 935.04 972.359
497.855 -659.801 -536.226
-890.515 -268.604 -604.019
-617.697 887.98 619.368
400.169 967.852 703.655
563.32 -27.789 111.262
896.76 992.436 -678.059
-715.246 32.474 -85.748
-330.338 305.472 -973.072
-649.916 229.042 381.91
969.345 400.576 -928.972
207.44 337.171 -344.523
921.428 -166.188 -924.636
540.174 -128.014 126.483
-825.446 -999.589 -757.779
-164.611 -577.132 826.422
948.904 500.394 597.57
-99.295 -467.125 -69.96
918.443 -546.415 462.673
930.196 -418.372 115.869
842.169 -713.371 -889.375
-685.689 340.934 740.294
-344.788 -553.612 -516.627
434.057 528.093 559.69
-185.764 258.642 781.248
302.969 318.24 569.108
290.158 -720.378 696.398
126.298 473.361 -539.033
-694.881 -482.399 -886.57
605.106 667.233 602.45
887.336 -247.742 694.517
-746.792 316.218 -419.552
-990.039 -789.139 262.794
601.24 770.992 949.293
-755.249 -98.781 261.517
-362.384 -295.332 972.297
933.799 -74.922 -336.833
-570.148 -571.376 -547.863
411.195 684.022 -605.859
852.288 -547.94 -818.517
-649.79 -456.044 -61.661
-677.422 549.83 -87.247
259.62 474.428 -529.765
-845.058 -719.814 628.017
-304.91 -731.537 826.089
143.592 915.579 248.339
-941.908 -516.677 762.927
675.246 -125.845 730.586
-484.531 -787.494 639.446
-282.094 343.79 315.956
-587.41 -371.036 -254.66
868.805 -640.579 -601.254
528.429 -611.339 -165.058
-532.593 782.689 -616.023
141.21 -24.3 74.951
959.157 352.621 -550.461
-652.042 -905.645 -586.747
-61.874 -83.466 461.274
-911.459 693.234 398.175
565.383 248.161 456.985
-878.751 -133.988 -276.997
-312.576 78.79 686.718
716.901 -760.139 -574.59
87.526 678.16 590.307
-639.529 -484.69 -660.669
351.151 624.658 -122.483
772.685 -426.26 -613.224
315.612 878.846 213.097
566.575 823.443 227.562
427.021 483.048 820.039
770.207 580.844 569.274
-653.183 481.46 -846.881
-349.77 -35.96 141.857
-417.452 -337.211 223.574
-647.375 728.648 -7.232
-335.937 714.371 729.965
480.189 109.712 393.691
-93.225 833.464 -435.919
-165.925 -540.931 503.499
-305.812 -843.278 -812.883
-888.649 995.238 -579.439
330.394 -371.467 814.757
248.928 -178.436 468.852
-276.64 -654.287 -675.439
779.938 -700.667 -596.255
-110.386 603.882 70.961
103.929 -591.548 -950.498
574.751 -922.734 -135.352
390.394 -286.126 -578.376
-486.195 -745.032 112.376
732.625 76.653 -967.014
-311.977 -866.101 274.763
991.52 -898.251 -947.031
-227.009 -905.189 -334.009
-766.398 -591.901 -519.642
852.309 -246.664 -564.21
551.254 -461.794 -953.798
666.002 439.539 -902.569
731.25 454.355 77.776
462.08 322.652 -803.348
763.136 350.821 -812.46
776.565 443.06 521.738
210.172 164.074 -356.9
977.605 622.106 475.012
-448.042 896.81 844.666
767.646 -561.802 398.334
-91.412 723.071 -824.719
-459.677 261.486 113.402
-93.374 119.176 -976.963
-411.935 872.842 -863.859
90.816 -746.144 22.896
869.215 46.148 570.028
576.687 744.21 -732.561
-298.653 621.706 165.547
257.26 327.935 -68.367
-736.784 305.052 259.667
-23.433 987.567 540.344
217.75 750.329 -232.001
-313.91 -764.12 -296.319
987.509 943.327 -849.783
549.608 903.829 -634.874
-138.336 -27.467 -585.196
1.358 -174.951 -22.697
416.003 -507.109 978.774
-167.14 -774.403 722.154
-334.222 -79.894 676.766
957.03 611.717 -978.487
-800.788 561.066 928.362
-905.602 -448.7 671.645
-390.992 445.993 -373.937
681.098 753.367 -814.802
-369.202 877.679 -511.382
230.806 213.751 177.269
832.902 -776.353 -676.1
392.179 689.554 647.836
-233.186 -195.356 -870.904
-211.204 -109.235 795.973
-552.843 -533.679 35.999
905.663 -373.757 4.727
-403.994 654.33 770.618
-553.878 854.602 -688.877
850.841 -917.779 43.699
-393.889 890.944 -513.633
546.662 -451.657 224.302
-679.884 921.512 804.296
279.856 -164.945 -312.53
-989.003 -304.693 -964.277
-747.955 -269.396 -950.945
-321.72 -624.894 -194.394
-366.6 -108.792 -149.927
-370.813 188.111 -596.754
99.857 212.417 -936.732
-224.63 827.947 394.536
-267.475 55.939 -917.01
784.587 -347.797 -299.697
-122.885 5.825 -823.304
-854.507 -366.212 -618.215
-374.668 275.918 173.703
182.251 -397.104 131.574
-563.032 -505.014 824.696
-126.247 175.583 -45.568
678.05 602.855 661.889
689.921 -233.256 -924.374
-643.476 808.418 837.605
219.21 -887.716 -888.223
76.97 -410.117 616.616
101.551 -14.042 959.035
707.659 374.349 661.093
809.62 -796.897 678.64
-640.616 -386.209 -12.258
-742.902 -126.055 -149.977
-213.093 373.347 -784.595
346.21 227.081 500.284
-15.743 303.6 -63.612
9.293 -965.576 756.488
-561.809 -899.52 126.358
378.184 -915.214 -31.693
-680.518 925.124 538.677
486.444 349.265 -734.222
-168.934 -611.237 -968.677
873.312 27.664 478.855
618.888 -973.725 -232.193
379.461 -216.163 -497.398
-373.684 -213.679 -861.304
265.525 478.361 908.796
678.039 -459.721 182.041
405.404 -4.423 67.475
404.07 690.017 559.922
-28.004 793.346 -410.629
-612.05 781.642 -416.665
172.59 217.724 826.936
136.941 -738.801 363.088
-807.645 651.593 463.793
-281.63 552.863 786.276
-556.103 59.363 162.279
147.988 -66.668 946.747
504.074 133.943 -450.182
700.387 495.833 -204.042
766.66 -394.902 -946.497
-642.699 -483.405 -245.53
-603.265 159.688 -870.273
-705.01 17.165 -242.709
-283.997 134.255 -741.554
980.253 -294.3 431.6
-182.625 467.135 472.436
31.945 -809.752 604.874
-448.359 -306.871 947.301
-765.932 -408.45 532.327
-250.837 534.287 -498.364
477.146 -172.624 -774.012
-256.357 559.526 -623.194
-966.354 -907.578 -159.229
-468.073 -210.667 -520.973
112.504 885.319 533.007
214.069 -464.65 339.619
389.971 108.44 -896.771
968.572 31.145 537.289
-43.687 785.217 266.168
-105.675 203.138 944.507
696.035 -818.2 -748.291
-28.437 -845.86 466.195
-817.182 -613.398 492.015
460.82 222.808 -826.551
-643.949 367.457 155.733
296.231 57.34 880.234
737.562 504.34 -691.595
-320.779 99.145 -452.085
-69.299 770.019 162.276
-504.568 644.824 279.656
568.7 -502.295 351.109
242.915 -195.142 380.775
885.602 -382.748 938.997
466.745 -903.743 -519.29
897.655 -995.478 625.425
-411.397 123.222 -697.114
-412.09 -862.153 -810.26
780.883 -556.26 751.267
809.087 145.189 -218.598
-418.693 469.02 -75.026
900.612 157.646 247.376
-446.038 -951.943 501.029
139.782 293.069 -513.973
117.672 667.03 -486.216
928.699 -318.214 -812.633
865.471 -591.921 -48.255
-578.416 107.204 -977.592
610.331 401.67 178.1
0.154 940.009 836.202
702.85 -905.048 152.272
-199.27 752.432 -805.14
449.229 196.058 426.127
429.427 906.669 -137.188
5.519 -293.711 863.518
-581.294 417.946 -266.372
-130.785 838.074 256.674
773.255 -156.303 679.338
-455.032 811.326 357.933
548.053 636.268 450.786
-801.43 -741.433 608.431
188.595 231.498 64.913
-194.627 3.28 -473.102
483.68 -66.743 -130.938
833.559 -259.597 -104.025
-8.706 468.052 -410.361
391.966 228.958 688.516
-661.109 -85.925 526.251
374.702 481.883 934.769
875.317 -713.178 -233.105
595.999 -866.144 395.905
8.273 938.185 -333.592
46.397 -905.988 15.391
-771.459 -500.871 753.849
-571.898 -847.987 907.545
-349.223 -166.528 -260.444
785.458 -512.128 23.28
-241.956 752.746 -309.051
-469.317 428.275 -281.742
-383.99 156.749 -877.224
150.737 232.769 -807.174
-172.713 673.492 525.474
-305.921 -318.942 -839.87
-378.127 -403.932 135.198
978.335 -961.767 -441.3
622.632 -156.305 -439.982
-260.98 133.817 -275.051
893.934 768.302 741.02
316.319 175.567 614.805
586.626 78.982 223.874
71.742 15.313 619.755
688.792 -840.68 592.902
-981.804 -801.313 -385.048
-604.218 528.907 396.476
467.444 -960.954 423.179
362.121 -47.632 317.452
100.104 175.744 -496.99
176.81 -563.204 -295.893
32.199 41.053 -266.797
-892.706 26.699 500.156
257.607 335.97 -676.01
80.192 75.678 401.114
-204.427 -31.318 -903.439
979.165 456.227 332.465
819.355 787.833 372.21
-466.223 505.649 805.602
907.597 -844.327 604.562
342.922 923.008 -936.956
373.068 -427.354 690.016
-291.277 675.872 880.772
333.068 -418.878 190.529
-304.127 -115.043 -892.77
354.517 -503.207 639.774
748.676 548.143 178.247
23.87 -536.116 -102.217
-685.01 361.761 992.014
252.86 -444.26 10.742
700.523 -772.085 503.589
904.33 -607.142 -453.825
879.726 165.508 861.466
80.207 -116.206 706.804
16.654 984.44 -276.877
-3.658 472.769 277.16
-64.072 400.971 -281.906
829.578 686.389 23.408
962.207 863.132 -499.084
943.356 614.557 961.287
247.119 936.147 -820.609
142.774 -643.808 -67.902
708.468 -945.0 825.385
457.982 966.725 360.262
-538.381 173.245 -974.678
-320.275 -650.581 -101.142
-22.346 294.304 -106.631
797.602 -334.901 616.921
719.367 -949.909 -353.391
780.164 901.205 805.191
-889.243 777.669 -4.619
-468.586 944.415 166.986
573.816 -108.296 943.271
188.018 128.244 -181.223
658.302 763.42 169.05
-986.386 351.89 834.923
-990.885 -491.703 966.014
-777.161 -917.237 722.689
-16.848 -363.248 73.956
686.293 -316.553 180.24
650.93 133.959 925.0
521.091 60.08 40.699
-727.7 -330.017 -414.736
304.717 -549.769 -606.919
-557.519 -789.66 376.974
-536.045 827.843 987.263
966.888 564.142 403.898
678.853 152.61 858.483
-409.653 176.058 -128.077
-175.692 818.559 -920.081
-610.416 695.974 -900.523
325.662 -951.84 908.683
-920.037 5.681 52.767
878.258 116.27 -780.386
-59.839 508.792 76.578
242.513 258.292 678.998
267.24 101.422 -460.362
-97.098 955.691 278.282
-838.766 653.102 -116.385
772.964 531.246 644.323
-517.524 836.399 970.038
795.832 520.763 -72.752
-360.909 407.288 -814.749
635.426 -31.808 230.179
333.073 285.14 701.894
-386.947 -502.262 -626.88
-195.321 -972.386 80.247
-128.113 831.902 -795.143
178.093 -571.872 -760.677
-273.711 -771.477 -370.21
504.293 67.783 -966.471
1.164 -105.137 -483.439
-633.545 -189.049 -43.39
-488.051 -714.727 -7.286
40.054 674.712 525.048
-446.94 780.267 88.381
-340.83 274.353 723.842
239.608 -841.884 630.667
-165.177 524.351 462.821
171.403 -949.816 98.081
983.649 909.44 710.905
84.976 -431.606 489.49
161.771 -248.18 774.12
345.125 666.541 439.324
797.662 804.549 -121.672
-879.576 -942.378 991.416
-164.306 966.91 763.525
-719.83 882.413 300.466
-942.085 -682.42 -891.806
-232.796 -599.382 -66.637
561.485 -468.82 -587.655
-547.224 -95.119 869.41
79.955 139.611 188.563
245.401 -709.881 -423.791
314.773 247.577 -624.982
-667.87 -357.111 820.524
-981.55 923.267 25.292
-817.271 -720.502 590.228
927.556 -47.225 413.548
-356.419 -54.889 -982.397
219.968 -817.36 -381.399
421.038 -279.372 -471.258
604.115 -197.22 734.918
-20.672 127.203 -546.631
-666.285 148.08 -241.572
816.845 -419.035 256.182
-388.89 830.03 -651.09
80.782 664.161 774.825
204.96 -387.967 31.715
-922.197 790.043 -678.208
197.289 757.102 108.729
221.924 -474.331 450.257
-111.634 954.21 -481.727
-890.974 192.348 -948.949
21.688 -436.216 -136.464
-751.204 -599.446 -182.42
881.44 -644.829 96.718
-685.462 105.336 -783.516
282.554 -288.854 330.503
-733.83 -918.728 -364.071
609.219 984.467 -198.98
102.474 76.433 212.265
152.664 -773.834 -450.474
58.641 -560.715 210.577
-281.015 914.91 -563.295
-346.8 758.234 296.086
561.183 -279.748 -200.108
-470.437 239.618 -178.918
852.575 -457.251 -47.105
828.471 542.236 177.575
711.394 -72.626 -959.522
-942.942 -283.716 404.129
-971.863 977.477 -998.127
367.65 697.106 -815.655
-68.43 758.832 -901.587
924.762 -471.477 654.7
-784.699 -313.564 -740.702
-16.837 -274.836 403.464
-954.642 -82.342 -130.333
565.202 -38.837 -923.303
806.421 22.988 601.285
281.849 9.947 -784.524
-556.064 174.587 -960.883
194.931 785.226 609.307
-252.727 -68.036 -205.57
-683.223 -992.658 -159.761
159.124 -113.096 847.079
641.395 95.306 986.934
-989.954 -368.975 -50.893
214.028 957.553 -637.084
-434.904 609.977 586.669
-421.817 235.901 405.658
-275.588 781.115 -888.168
-465.195 315.32 837.099
292.011 134.646 352.04
416.052 -284.485 207.588
50.485 -279.765 -392.004
963.738 -526.715 -662.177
-184.846 393.164 649.056
942.185 327.481 -388.358
866.34 542.9 -369.319
316.503 -536.87 -989.953
706.323 -549.413 21.842
-261.365 -998.272 -59.475
323.941 350.979 -748.559
466.445 -765.94 645.649
263.795 425.943 757.533
-675.377 18.101 -232.608
878.358 -436.159 -153.458
-629.578 261.161 738.845
476.98 -372.095 -953.321
-174.999 -295.379 -934.278
-82.215 182.586 -855.341
-905.413 7.807 -587.397
-556.434 888.555 -601.699
-250.124 -608.724 -253.42
-160.015 309.161 -549.465
-577.47 -935.55 -666.986
-241.43 -569.277 110.884
-351.822 -700.196 552.965
-195.772 596.933 685.437
539.474 162.458 477.733
-232.195 -857.6 182.714
-532.442 -206.845 338.633
926.761 339.527 362.702
-70.203 785.295 -431.232
-447.357 -807.388 -298.699
-378.228 -491.677 709.917
-373.875 -251.773 -193.618
-465.346 357.301 891.994
-444.624 -564.821 390.962
-174.157 338.947 358.753
-5.048 -992.37 994.468
-14.751 94.391 538.644
878.682 100.182 764.683
907.071 -42.503 101.993
-831.582 -635.489 -384.136
94.96 885.519 -779.539
-969.835 -878.668 -686.83
-797.053 134.83 854.978
-448.712 244.082 -455.892
-790.863 23.418 489.59
654.707 234.598 44.58
381.233 -679.84 281.402
120.934 628.566 31.683
-396.082 -100.257 36.708
39.612 -990.433 -997.208
-519.131 988.632 291.16
200.523 661.75 584.803
-782.687 183.118 -570.763
-279.69 205.52 407.239
12.925 295.333 649.27
744.829 453.581 -738.359
-184.158 -182.113 -104.991
82.117 3.395 309.884
879.15 -783.78 216.428
-193.309 88.361 972.653
626.027 244.922 -752.019
-105.48 -708.566 -965.072
366.672 547.221 -869.856
-721.198 -46.515 50.319
-484.892 227.582 -52.454
793.846 -223.648 -994.793
665.63 -127.921 215.907
-622.126 -223.277 -360.229
-136.014 272.544 -742.609
-203.321 318.893 -246.647
-516.963 -400.079 799.028
144.79 700.18 -210.083
-233.437 -272.886 690.316
315.829 735.905 -53.505
-867.431 253.491 -111.01
846.38 -440.96 -453.646
-50.668 -921.678 -575.246
766.666 -589.467 709.968
632.362 465.018 119.61
-160.695 45.861 -718.626
863.144 -285.145 300.477
-0.11 308.191 -605.613
-537.51 -241.396 -33.41
-765.119 263.287 -775.514
423.86 -659.019 -451.77
-25.974 -452.632 983.506
-477.233 391.814 355.163
-416.58 968.075 838.36
435.587 402.425 490.886
780.222 223.721 -42.474
525.41 4.407 239.28
595.995 30.808 -415.437
0.775 839.285 -537.348
131.422 214.954 544.469
13.991 -778.53 -709.748
995.318 -28.483 748.899
-921.759 972.479 935.878
992.726 883.569 330.304
229.855 -38.97 -499.163
127.626 -620.941 531.078
804.211 -593.016 -887.259
-754.446 -366.143 405.999
997.702 337.126 -660.317
407.425 136.339 862.407
-571.981 567.521 -239.958
-22.154 860.507 514.716
-938.291 556.817 687.501
-16.382 -188.617 500.624
-277.863 323.477 971.943
-678.25 -85.084 280.169
-229.664 -565.567 97.803
-673.031 -666.18 969.864
632.106 125.039 -446.352
251.476 981.048 -190.73
-568.217 -46.558 -243.227
339.575 788.288 -429.538
584.58 699.407 985.244
-444.75 -266.645 -675.53
-351.627 498.203 -700.676
876.95 -543.982 -193.5
907.87 326.275 167.315
-319.34 706.542 -237.075
377.865 -6.897 280.125
29.628 341.873 -488.568
586.359 -23.471 863.289
566.702 528.242 395.069
82.553 -198.056 146.356
993.061 -203.016 -508.08
4.486 -594.069 -100.772
532.815 675.647 272.88
55.701 -867.346 -889.361
369.876 -653.106 17.133
-899.459 -805.442 -274.953
-389.496 999.413 -811.058
-281.745 815.601 886.25
-492.079 274.193 -925.176
-548.945 -970.882 -637.797
-480.674 -399.481 725.464
-449.514 -181.305 -925.867
782.462 820.468 157.146
68.289 -573.871 920.633
-759.399 279.002 723.205
385.108 -410.545 678.304
-144.896 660.463 318.944
-644.365 114.267 172.307
-175.876 197.284 -200.365
84.408 572.577 756.119
-684.549 -740.338 -460.271
500.819 340.46 -928.217
-81.139 888.714 462.015
-514.706 677.193 842.533
898.846 189.179 -811.765
778.021 -17.299 -92.588
-492.199 403.955 -704.899
716.239 151.609 -291.051
977.892 39.596 -977.711
381.658 150.405 -565.224
-887.727 806.669 -948.983
-195.58 350.694 -708.716
-382.753 -959.573 576.821
555.928 963.016 -533.12
113.271 460.372 -791.258
-265.959 925.735 -345.263
968.633 -405.155 180.92
931.016 509.918 746.212
239.586 998.08 660.44
475.234 -734.333 -613.825
232.067 643.684 -243.061
-536.027 763.783 360.293
-401.142 -201.951 520.495
-268.574 598.573 841.961
-952.258 -581.453 -970.82
-595.278 53.154 -923.172
67.803 -266.192 743.624
331.898 -795.717 -798.444
77.599 -288.505 -357.544
92.493 -137.069 -389.315
887.055 -865.02 -641.007
162.751 -622.201 907.849
-861.814 727.291 -358.7
610.838 892.679 -879.693
-814.294 591.391 677.096
188.225 -182.857 903.905
-12.061 -223.889 -338.671
842.974 795.825 -116.936
-142.037 -967.87 523.676
-283.948 -680.58 299.95
-472.455 960.916 -909.839
948.81 783.445 -585.116
-411.693 -515.992 92.429
-817.881 905.147 176.508
-181.142 953.259 -129.446
-695.559 257.137 977.538
686.975 139.472 397.421
-544.358 723.044 212.077
-28.231 967.419 239.047
496.216 -156.92 326.425
806.143 396.17 559.513
529.706 662.5 633.27
652.852 -950.058 -157.77
268.527 126.277 -992.309
535.045 -761.402 -207.991
-756.304 832.623 -818.856
-958.382 -32.401 846.731
156.361 -421.328 -564.125
-899.248 955.163 43.624
-748.141 -173.702 -336.602
661.981 -510.348 -789.583
476.259 230.036 7.263
-272.731 348.035 -198.108
-496.001 -775.291 32.14
-609.753 -260.114 -144.076
669.22 383.883 906.084
341.983 349.397 588.252
221.693 -612.779 -844.836
766.028 395.838 -975.927
-433.941 222.923 518.063
1.276 390.253 -340.14
15.019 82.758 -349.853
390.113 -846.028 46.925
-242.688 -873.883 -662.878
-308.138 -345.053 -182.85
80.259 192.35 -597.364
-426.296 16.308 183.336
803.896 -744.152 -262.982
-289.961 94.703 -799.244
-66.579 -694.013 -263.591
458.457 -197.644 -904.538
-294.499 68.579 961.838
-171.02 -604.169 356.832
-896.433 -829.959 -738.836
222.052 351.716 794.622
-976.082 -18.279 612.45
898.833 -462.54 -958.555
575.159 532.919 757.313
-597.142 -523.331 -315.85
-646.513 -812.524 -741.726
-625.705 -395.896 -163.311
-689.576 -168.02 -650.499
904.188 153.811 650.67
466.13 -574.944 -156.824
-564.351 -674.609 594.891
70.389 297.559 293.815
211.457 -55.593 401.381
-595.693 -800.288 821.888
-38.565 -605.463 -354.612
439.516 346.761 111.731
-671.878 -87.392 -552.191
-754.61 -763.102 863.529
-641.508 197.98 -89.689
-403.252 -773.814 -396.148
137.731 9.607 -742.927
684.836 -842.383 488.993
605.07 -742.041 -956.696
-102.475 -994.799 635.326
764.061 238.561 914.739
706.082 261.611 638.78
-877.332 -593.644 -145.412
-666.765 -984.286 301.096
-580.259 407.629 368.527
-149.233 975.78 927.834
-348.656 867.517 749.469
358.285 -101.558 -348.482
-192.793 104.043 -707.267
-901.018 -491.005 10.405
-638.111 -420.844 -761.565
855.677 -923.605 -816.484
332.289 83.726 -490.578
680.916 -998.924 101.698
348.58 -316.707 -638.649
870.511 -717.206 -542.164
492.503 340.81 -176.421
781.868 -984.065 -973.74
-202.803 661.975 -835.531
-675.654 853.123 -974.226
99.999 -234.764 846.452
698.287 -715.522 288.375
-565.178 101.848 963.258
-2.018 229.98 663.905
498.99 -498.735 50.63
-761.04 -949.934 -985.239
-441.598 949.738 766.443
690.111 425.325 -917.102
-789.771 -50.656 649.273
328.004 333.134 217.991
254.37 -126.002 -910.191
-757.851 -957.288 -51.187
-135.204 -286.226 741.288
-528.33 -145.763 933.81
406.835 -237.877 -300.133
593.694 -205.873 768.756
689.746 175.302 -751.95
-855.13 604.436 451.344
49.494 -353.495 253.119
-67.497 461.482 59.931
534.213 802.673 795.544
28.062 23.465 -914.467
439.647 51.719 -434.237
158.529 102.253 360.829
87.2 -907.058 534.22
-727.452 843.793 -336.339
-180.82 -366.135 -276.191
-91.719 903.778 486.042
756.09 -362.803 441.714
-567.144 943.526 687.289
616.548 22.565 -579.197
104.6 -247.801 585.128
-837.504 931.395 -466.245
220.489 766.443 508.193
-84.735 630.457 -20.42
685.871 631.726 -988.815
38.687 122.859 494.428
223.93 426.74 458.802
565.459 -890.952 -908.715
56.97 -302.867 907.714
-769.915 -247.609 698.479
590.933 836.643 -614.661
-535.634 457.75 -255.867
-127.075 714.174 812.442
-645.981 752.599 -101.197
170.395 753.05 665.84
595.076 -877.286 421.256
424.95 -593.577 304.256
-374.825 247.757 -631.62
-191.178 -408.413 -579.365
-329.903 742.514 -553.486
-547.737 248.693 740.526
444.066 -321.495 -553.359
833.409 251.41 -235.292
925.211 -477.994 -743.393
-556.327 -361.948 -477.245
240.874 -940.653 559.54
31.642 302.348 590.403
-247.996 -191.075 883.358
97.131 -321.044 -310.702
953.417 681.745 -57.417
-619.077 358.511 -487.526
-77.3 -636.169 -660.64
993.804 357.272 512.158
-377.473 -821.563 -317.778
346.425 967.194 -647.9
91.363 -721.959 -808.454
642.679 -971.389 -158.875
748.181 934.169 -576.43
-183.636 250.063 251.987
732.788 -718.022 740.574
-825.863 -620.014 -598.18
723.952 -480.62 -603.741
-463.085 852.215 365.033
321.102 -26.813 -151.775
-672.203 479.397 -929.774
-88.931 858.659 572.913
887.044 -923.057 -780.242
-31.181 -362.184 276.597
-897.359 -160.452 132.372
-378.546 330.513 -954.808
-635.269 -200.021 -127.343
773.964 -304.996 18.16
401.185 -626.673 349.156
762.617 -256.558 -92.868
754.936 683.893 -605.371
236.637 631.495 -44.081
-342.265 294.378 452.201
500.42 -56.406 -515.398
770.913 -666.541 329.392
843.809 -275.694 978.673
-357.527 489.676 -695.342
-217.909 914.695 320.116
848.691 -135.751 -891.571
722.073 -434.995 -357.778
238.476 685.008 -734.506
732.768 -919.731 77.825
92.341 562.002 67.783
934.712 441.713 816.868
-362.404 -748.877 708.093
-893.203 -231.79 -260.396
47.31 443.037 964.594
698.299 289.674 856.039
890.103 -423.44 -705.751
581.472 -674.646 -436.298
859.413 -71.544 -538.657
67.182 -220.809 839.705
-984.233 713.909 383.131
75.491 583.177 -449.822
474.219 -891.687 633.686
-403.138 -756.948 243.676
-35.18 -774.925 304.305
278.427 932.455 664.026
-46.356 67.247 293.759
571.964 -554.27 949.07
-873.484 221.753 -384.498
-46.555 902.07 887.88
708.071 -183.951 305.361
968.564 442.952 -596.237
-593.548 105.062 47.233
314.384 -627.389 3.85
940.567 -370.745 -638.629
-763.393 234.866 -861.178
-326.446 -586.193 -324.619
-784.806 584.838 -482.762
-749.433 719.674 -541.129
547.726 -941.363 667.285
-148.492 -816.622 92.072
-496.014 522.979 331.894
322.563 266.465 404.212
-112.062 714.222 989.714
-123.756 -907.345 772.881
402.145 277.344 -139.407
-655.258 903.436 26.475
-213.391 -32.614 -295.764
-532.225 592.603 -399.0
-940.641 -158.274 -762.696
-284.862 -529.321 -337.05
-657.092 668.436 585.949
398.296 426.877 -56.24
599.535 -62.753 -279.927
276.063 -76.06 60.029
193.014 703.931 -953.981
-100.333 -409.144 375.132
861.516 736.828 -571.944
839.847 -168.56 722.44
45.079 -316.644 -919.048
-215.103 413.221 702.696
-546.213 -211.288 996.373
-313.178 -793.306 -283.498
737.554 -934.914 63.269
199.035 319.897 79.888
596.886 -837.609 534.066
33.206 -93.677 -574.564
754.044 150.987 -248.453
-462.525 190.314 162.993
921.615 -997.834 -117.78
801.542 -739.895 726.904
454.005 -892.266 586.625
139.723 -548.298 -980.065
744.134 639.496 -895.692
-519.708 56.578 -883.842
-358.993 18.451 -736.456
-630.222 573.983 -371.866
-645.546 -925.235 307.751
-201.795 -556.386 -218.43
-503.308 -3.486 -809.283
-399.4 -940.959 -773.676
493.658 697.802 451.68
-380.122 -186.55 -374.572
135.855 798.264 -409.607
648.333 717.319 -296.349
997.337 -284.49 -130.84
-723.709 16.104 -825.27
278.643 247.381 -4.399
-517.499 53.876 -821.652
836.901 -874.625 -621.561
-420.949 -322.371 -470.559
-234.223 -186.668 544.729
193.358 -804.75 611.049
-510.059 980.198 529.09
824.452 847.622 201.436
-126.63 -112.477 217.553
923.553 -79.664 852.644
-312.924 2.53 -442.086
-496.039 410.21 -861.67
428.469 231.109 184.128
-91.026 348.823 902.856
345.786 353.343 779.732
813.746 -272.174 -111.074
585.503 -549.634 -642.847
-287.767 365.781 -262.764
711.443 -118.567 -561.003
295.735 -295.031 -155.309
-360.741 150.663 -86.949
-537.083 989.757 -373.331
578.677 -546.224 485.75
203.953 945.622 -274.57
459.784 613.903 -88.418
-969.906 -173.723 761.035
-819.324 -488.345 577.268
486.01 78.069 147.772
358.248 454.474 560.124
820.28 709.605 395.085
-804.871 -574.502 156.707
184.375 714.171 -765.53
-485.755 -238.768 268.127
-440.507 22.709 350.922
-272.043 206.708 554.349
-768.218 550.319 603.635
513.943 -98.215 -702.724
324.951 443.492 -244.952
-282.433 -250.3 -490.681
-794.218 -769.135 -731.68
33.196 -758.842 -901.946
-307.409 -350.731 829.733
-843.333 49.391 -329.027
402.101 683.839 -945.594
-547.492 847.455 -100.542
-217.177 -126.561 -151.506
-508.125 963.39 991.018
-965.676 -193.624 998.337
-16.781 676.018 -59.387
203.363 -399.15 -77.056
-483.855 702.59 465.59
839.547 -395.289 112.75
381.092 199.415 -787.048
9.313 109.297 -775.269
-954.3 -238.885 -601.402
751.34 607.886 -412.936
-904.835 183.454 -36.495
-929.943 -214.455 517.469
-56.066 806.927 -726.167
700.21 -852.846 -684.151
-457.498 -481.94 -579.545
-124.382 207.13 -968.954
-560.095 215.983 -128.697
-9.939 -706.817 960.63
-20.504 -407.573 793.029
597.826 79.958 581.974
723.715 797.134 368.007
97.192 -126.26 657.865
572.511 -374.76 350.735
664.087 99.288 953.997
-996.048 -810.462 -247.833
632.697 -989.516 -781.292
-511.041 -580.703 38.596
220.701 -301.331 394.308
-149.204 -52.64 446.308
77.305 -348.575 -566.864
324.069 250.491 -536.292
604.453 -441.138 -531.077
336.409 952.771 -6.113
277.767 -991.13 -736.047
-686.927 -954.59 -931.238
-317.502 -845.068 315.17
613.909 170.179 385.039
-994.132 -607.292 -758.355
936.503 314.768 -358.927
-145.933 250.534 -89.68
-504.713 -486.698 -182.523
217.149 -32.367 664.371
110.962 930.666 -422.254
548.557 818.723 -618.533
-517.72 -751.27 -875.74
-643.83 -253.392 -425.582
-488.083 636.253 409.719
352.477 887.871 557.15
87.072 -595.102 -785.483
-430.47 880.303 172.961
-373.389 138.799 368.128
-745.439 -623.492 -771.65
-894.04 290.696 702.21
-968.621 595.09 349.602
-564.476 -23.444 -215.826
-548.446 483.878 -514.026
-487.11 -108.383 -683.469
141.363 336.181 627.112
-861.933 517.538 116.187
674.663 350.147 -783.342
-658.695 -221.804 602.867
212.485 987.272 -389.733
609.96 -334.514 88.686
503.612 -992.608 578.061
804.329 -342.895 -321.78
438.548 640.212 -810.179
-669.342 -49.466 469.456
-6.9 -203.856 -914.358
744.556 -662.655 -705.452
182.823 -350.186 478.327
720.65 291.946 915.181
-432.967 406.132 263.629
-217.214 382.446 -584.957
417.983 355.269 -875.706
-34.608 944.561 -309.174
815.146 -875.692 167.987
672.589 55.386 699.656
-52.01 911.424 -783.132
620.731 960.721 -969.863
28.479 62.542 878.914
-504.008 625.695 768.187
233.221 754.808 -8.058
137.404 -546.561 479.567
-790.455 -912.122 766.323
-474.237 -551.222 -922.121
-297.587 -370.157 -536.263
694.043 -586.943 304.051
-452.329 -522.142 179.857
-913.081 -191.959 295.441
-263.758 387.806 522.161
906.033 279.302 349.594
-899.217 -615.076 68.727
-353.222 -361.518 26.89
816.553 573.652 525.065
-914.871 -782.859 899.266
-786.35 878.667 630.642
-443.133 529.422 -533.196
103.218 -956.063 557.355
-221.656 -617.661 -46.428
-164.413 -560.503 273.138
14.665 738.787 -222.41
-189.578 53.642 -204.684
-84.443 -791.344 -559.853
293.835 708.086 489.844
-373.824 -572.91 -860.761
-435.359 -319.141 293.646
-317.196 -342.221 627.925
748.644 398.094 437.007
-2.811 779.628 -280.98
258.846 251.892 -267.997
-74.166 594.792 -620.429
-352.19 806.826 -880.869
428.819 879.23 -523.242
-757.064 155.336 257.397
-349.765 743.141 -470.199
202.153 328.732 -791.703
277.102 -558.07 -5.98
-58.478 111.696 -406.075
608.19 -442.452 -940.267
-6.773 831.824 -200.279
-364.457 -680.856 410.803
210.2 -779.893 401.923
-583.006 174.735 -834.272
-160.392 -756.716 -890.464
-925.819 817.177 356.562
-464.9 -485.229 604.072
872.732 227.051 -231.998
-893.734 918.899 -30.688
525.542 -956.469 787.834
-560.83 -960.659 -56.358
-596.502 488.29 -752.188
864.707 -668.491 812.858
56.094 209.696 132.865
619.052 552.882 32.373
-525.124 -540.247 235.335
-162.844 75.78 -464.409
733.261 -972.372 655.381
-651.561 547.358 -531.73
-37.527 -886.171 -500.762
56.872 393.588 -812.172
-418.477 990.007 415.56
-95.343 127.245 746.293
141.598 -404.952 -873.021
175.137 105.164 -714.548
-494.151 -817.115 985.652
303.29 563.038 622.222
-751.876 11.911 405.622
325.797 -458.025 -83.215
628.864 -904.306 -557.563
468.623 391.331 303.876
767.511 -973.449 -47.472
340.896 259.808 -209.763
-1.465 355.235 46.41
-843.959 144.98 22.063
-198.566 -621.466 -706.566
307.391 -49.066 -682.336
-546.423 -469.468 -534.527
-436.656 207.743 -81.148
-635.247 488.614 371.835
282.592 821.541 -751.515
-186.648 995.251 -518.699
194.587 843.67 911.989
-965.209 815.578 -455.85
165.568 831.935 -418.12
-704.729 -485.916 -961.777
-57.728 -861.756 81.692
-373.168 -448.204 -417.747
591.473 -537.931 409.892
-555.853 158.864 -32.515
-939.423 983.475 -319.202
280.622 -459.186 -649.357
-560.909 428.148 -539.478
691.046 -834.234 515.744
59.76 402.071 -284.904
85.035 923.644 -346.137
-555.054 967.692 -868.222
777.149 363.705 -973.159
-388.31 604.502 386.511
-147.137 -914.744 -528.967
464.391 553.918 -625.261
805.646 -836.522 -141.927
735.21 754.22 -423.078
373.216 992.026 -375.952
-868.061 200.934 11.554
-417.862 -272.551 538.303
911.327 -271.814 172.807
165.807 -949.862 434.921
-765.476 397.032 616.127
-61.903 -929.402 455.484
-821.139 627.548 891.696
-844.94 -735.496 470.447
948.208 388.788 -922.407
486.503 -90.38 -415.834
-109.837 -565.471 379.29
801.156 431.445 890.357
149.435 -908.353 686.52
420.097 607.423 937.091
536.679 388.217 -930.857
-182.88 -372.03 357.618
474.361 212.845 844.266
-485.347 372.171 -331.308
859.078 -923.62 -845.584
521.945 -882.981 -648.912
-671.432 137.336 148.624
252.575 442.622 -672.785
359.231 216.002 -52.523
689.348 -579.328 -548.991
341.415 -512.12 -474.075
-15.215 -877.65 -860.96
208.469 30.964 206.876
-100.323 -567.77 -834.112
-177.828 467.237 84.7
-460.883 -974.823 -321.559
502.125 664.485 -151.986
272.808 -975.776 297.059
475.443 -796.517 172.715
-836.358 -835.482 -230.747
838.755 890.614 564.484
-43.92 658.889 -638.809
218.04 68.871 843.658
-827.376 -434.081 717.991
652.374 781.726 115.627
-29.411 -385.329 582.389
-957.032 -845.78 -432.773
531.603 240.207 -51.569
-959.737 675.515 -404.352
323.922 788.236 -258.35
-179.992 321.909 -925.557
-971.796 881.839 588.141
100.589 684.227 438.53
403.833 -494.457 411.694
-229.006 -516.028 328.387
-153.404 -314.488 -601.106
-453.824 508.703 -375.888
444.101 -550.969 -477.081
431.394 792.238 323.569
414.434 761.255 -93.998
-815.052 407.538 28.38
264.718 -932.547 420.574
-242.062 61.456 861.749
-402.307 48.428 642.551
-143.309 257.471 -805.789
705.753 425.732 256.179
609.712 -447.779 -988.062
-414.71 -459.033 -737.062
-696.12 -729.16 -840.309
493.847 -811.176 -413.783
683.454 564.652 -40.866
769.122 91.857 651.393
113.269 433.241 -142.244
143.912 -950.664 -114.954
-95.159 971.613 -80.738
-161.054 -147.47 792.435
330.549 -294.589 99.838
338.926 -857.331 446.712
301.452 -192.128 405.881
-735.505 -204.939 313.357
873.204 992.821 642.118
580.036 -877.136 -869.535
-94.13 -495.314 -319.347
-213.222 593.316 -915.157
33.428 -394.009 533.355
246.441 -752.768 -38.123
-383.057 294.81 -134.992
-725.204 554.164 -362.168
-614.001 241.807 868.606
-87.192 -772.706 450.828
747.365 -538.817 109.041
-988.617 633.657 41.973
-272.491 -831.614 720.444
-36.848 -866.33 870.636
-550.972 215.236 -935.387
487.741 143.515 476.317
777.05 -836.879 829.424
-687.566 -865.819 124.371
343.815 710.723 -992.758
-297.32 -663.197 871.047
-694.631 -310.402 -232.377
579.433 902.076 245.126
234.127 374.166 -802.134
-200.742 -835.529 141.161
238.957 938.674 -783.972
-382.916 573.118 -439.601
850.476 -107.819 451.524
-84.03 -689.346 130.95
895.88 949.73 541.425
507.975 207.246 775.76
-573.355 -409.958 -922.762
593.961 -960.914 -582.882
-200.498 185.813 -573.09
-324.995 -182.131 -513.85
-889.187 -685.051 263.376
505.386 -338.348 -225.287
-156.778 -657.375 933.196
475.12 778.261 -120.14
126.597 726.373 297.599
577.355 308.765 -82.526
925.581 -212.917 -841.286
-871.604 446.968 -881.579
666.307 336.657 211.681
-215.483 550.461 -110.436
848.939 -769.816 912.405
231.064 -42.275 456.856
-809.137 -337.929 635.584
919.168 -424.003 490.511
661.016 -552.295 -439.277
-767.785 380.893 105.602
-728.628 112.055 43.435
-389.353 563.555 527.955
-137.665 114.196 -319.365
45.926 -261.687 720.318
-46.055 -39.519 336.688
-406.699 350.656 823.075
-198.821 -605.498 549.935
-543.777 75.203 -700.96
949.873 124.556 -296.248
-558.795 -469.779 -464.389
-440.974 18.732 -708.381
-56.18 461.108 882.365
126.496 -453.003 196.224
251.166 193.666 717.385
-115.847 -902.61 -460.583
969.018 -60.17 411.94
86.82 -484.591 760.935
542.118 -497.226 -123.129
-63.763 -246.488 -184.002
-858.421 275.638 277.654
-610.454 -546.677 -95.73
-761.312 187.647 -731.606
420.763 929.825 -573.744
4.345 814.651 -481.237
-314.95 854.765 -659.697
-516.309 882.354 927.596
-672.108 -371.304 -351.932
-927.949 -428.859 630.628
561.851 425.148 975.66
710.594 -2.744 465.158
283.637 987.327 -67.897
-317.038 172.04 -897.116
-557.629 78.469 -319.174
-321.87 308.881 11.096
52.227 839.937 -552.954
-421.833 47.339 -528.36
73.538 -367.732 206.12
877.897 -761.304 -346.1
-69.08 -6.471 -912.147
-376.766 410.666 142.931
-846.65 -880.643 -415.988
-244.761 -183.278 207.769
432.028 70.713 723.032
-400.781 -647.173 -451.236
-217.52 67.62 -314.109
-880.273 -547.593 490.134
516.289 -731.23 -636.519
-800.674 185.565 -413.78
-6.673 -110.353 697.907
753.012 -138.16 245.362
-634.19 940.053 329.576
534.468 563.312 614.483
911.159 -822.801 609.042
855.808 507.007 -560.957
104.104 -753.054 723.018
560.775 524.356 401.605
727.436 -847.462 527.459
360.127 358.7 -343.133
-478.345 -899.183 -638.493
-484.928 185.139 190.155
-7.619 -10.539 923.264
204.887 89.072 833.187
514.602 -720.265 -493.704
71.111 423.677 -823.557
-974.828 219.917 536.301
348.374 -534.406 -751.423
30.227 683.57 -194.226
-740.74 -981.677 -859.149
-114.727 -678.588 346.842
-272.144 20.011 656.98
-280.811 -659.444 -98.762
243.761 -838.882 381.021
274.764 647.922 924.286
733.333 673.611 -734.609
-47.052 -706.709 575.799
636.65 -716.936 163.21
986.513 45.258 -567.19
-101.332 384.314 382.69
-801.068 565.038 -796.543
849.787 378.788 -278.861
-373.65 -289.676 -66.772
-507.536 812.402 -508.915
-744.686 67.066 759.087
-914.175 32.675 -527.356
772.817 -16.824 -917.337
-76.254 942.948 267.518
-481.065 -932.596 -451.622
533.928 177.061 591.948
-275.003 191.143 93.853
-440.822 -280.863 -627.226
-660.519 -331.305 555.329
784.461 218.295 -32.96
-16.965 -506.279 -616.449
-368.929 -800.453 -801.843
-287.469 -603.709 741.08
354.825 -821.333 -882.377
626.596 7.426 -17.848
366.297 -386.07 952.184
-785.882 291.377 -519.286
-830.274 -631.673 552.39
-948.598 -297.326 287.877
-190.923 -915.742 242.6
784.982 468.97 -746.873
108.079 673.248 -361.657
86.442 -541.882 -350.008
735.034 576.966 416.799
-569.513 241.378 931.834
-288.623 779.345 -904.804
405.697 344.438 -503.885
-233.94 -299.257 246.917
386.396 -572.962 688.299
19.132 -686.637 430.949
-93.028 301.564 509.691
695.436 252.481 410.638
29.958 -601.626 664.5
-190.692 -348.887 -745.233
-966.21 -832.197 -818.889
-787.982 633.667 274.221
986.008 19.517 -973.822
-466.951 456.544 0.438
733.442 618.235 -287.251
-61.342 882.85 -186.415
20.281 446.305 -134.224
-759.215 857.633 976.58
468.843 445.075 -483.196
-872.709 36.196 261.166
66.978 912.888 64.542
497.176 414.051 -880.624
500.948 794.237 438.635
245.424 -229.298 523.792
324.742 -478.139 577.172
-678.244 -633.57 98.925
-938.527 300.742 -41.755
17.268 430.006 146.926
-519.246 199.481 -260.32
419.363 502.028 839.563
402.811 378.721 -227.92
-532.291 -287.208 895.355
134.414 -977.069 -849.911
-453.553 -226.297 164.54
272.104 -844.084 985.124
-195.244 484.318 -546.025
61.58 933.701 395.738
-305.841 -749.217 853.832
-203.253 375.549 735.482
-950.704 -448.887 -887.939
-701.411 512.646 271.188
-292.615 121.737 75.035
232.258 600.019 -708.332
-245.408 569.415 873.892
884.674 695.434 703.21
526.15 279.941 754.135
-659.881 10.726 283.867
573.1 -510.822 -773.414
-405.724 -926.535 249.893
-753.562 923.074 39.885
406.441 154.422 693.354
159.23 -631.704 575.361
-241.603 -825.102 -808.656
-889.018 -306.797 947.551
-669.41 722.464 169.326
327.726 463.892 -17.696
-613.625 905.048 -977.866
-5.218 -247.874 826.354
136.629 722.463 808.087
481.901 -633.931 -824.468
333.445 630.059 -805.27
-117.788 907.263 29.686
-806.509 -529.292 -977.257
-268.508 582.523 586.848
-224.631 485.088 977.48
-372.093 -667.214 -475.126
57.493 -258.793 518.036
43.367 -41.1 -609.873
-986.871 399.486 204.074
-345.772 -361.725 -461.865
854.436 569.798 619.748
-777.416 -209.572 627.239
62.433 -217.104 517.036
-759.572 599.032 447.203
419.037 931.433 498.08
-416.383 780.817 -578.149
-64.152 -458.807 279.995
783.446 924.757 986.416
-333.264 -209.86 703.128
-51.732 27.826 174.986
315.643 -623.702 512.404
944.889 222.965 -638.798
-381.808 -790.569 231.681
-319.716 -501.604 -137.043
326.446 952.443 -129.705
143.896 333.856 403.978
-135.115 678.264 -999.256
33.944 558.06 486.761
424.813 218.279 571.25
-316.463 -350.941 -141.394
441.67 25.979 -647.254
257.57 -872.894 -819.842
-317.988 -292.269 -484.045
661.46 -983.454 -766.447
982.776 -552.082 554.373
-576.055 -958.135 520.141
-347.945 -66.072 -337.376
-426.127 265.778 808.55
-692.313 -296.641 -126.437
-869.984 -191.499 583.9
-702.283 -244.491 -267.181
-903.477 -703.601 149.419
206.377 -137.486 455.496
893.017 -269.721 413.089
963.042 78.359 893.779
-997.053 -809.809 -37.924
904.31 -788.148 41.032
-744.214 675.217 734.886
-418.735 -353.911 125.05
-153.604 -784.998 72.918
-51.542 143.957 478.618
886.991 -859.986 -98.506
-507.208 -901.967 452.602
364.784 430.903 849.89
221.148 -559.494 -607.61
613.984 6.262 -423.11
235.43 -42.914 257.205
905.039 -446.561 513.79
19.283 -591.743 -528.131
686.216 717.14 833.527
39.321 131.094 -486.654
-922.175 -230.604 -602.303
803.784 830.973 -298.943
-226.181 -272.913 -425.717
-788.31 -250.788 -229.795
-382.48 355.645 760.747
-670.721 329.508 701.378
78.853 -357.251 -28.56
749.868 -257.88 579.076
980.399 -133.69 -342.401
-236.45 -345.127 -499.597
-79.7 550.538 740.817
-399.665 -194.936 -776.465
89.569 144.453 -396.591
694.928 807.944 -188.722
-254.47 263.283 -725.918
209.427 31.3 94.375
5.323 788.917 187.732
923.404 -620.76 -200.829
465.392 790.512 239.865
-398.015 290.251 847.806
60.165 615.955 -536.797
362.818 -130.261 -185.463
394.227 705.822 -528.012
-743.096 178.141 818.598
227.055 577.738 -893.325
-878.885 190.215 -47.045
-761.551 -292.776 447.713
554.782 390.61 681.392
48.408 458.564 -16.146
-952.103 -464.869 -719.846
-72.812 -894.205 64.792
-509.568 -127.352 -355.084
526.286 -441.884 -97.324
-746.022 -196.308 908.437
686.567 35.912 663.734
-166.443 -790.772 -130.3
-757.784 -405.828 129.851
-418.546 -897.06 120.705
405.461 -23.916 -847.95
640.511 -158.663 398.531
-823.195 -14.353 -31.949
711.86 -758.29 -458.189
779.507 381.877 202.014
-895.387 -317.938 781.785
-915.399 -336.941 -506.456
-513.436 -666.795 -228.043
558.502 942.019 316.958
393.807 835.107 -759.724
966.119 -443.594 -213.734
-377.77 -452.862 -751.172
-302.651 45.502 978.009
-124.116 418.956 -412.596
-622.654 811.968 -433.272
173.356 -785.805 -475.182
652.32 53.434 66.945
-81.688 246.12 -168.446
691.988 -641.837 -41.445
-781.239 -731.129 -89.301
-955.404 -187.988 648.044
552.541 153.791 522.335
-684.146 -84.411 -600.103
654.592 844.147 130.332
582.404 767.327 752.109
-38.895 668.734 -713.61
-56.571 886.334 -962.846
-974.717 -814.939 -591.018
828.481 615.372 894.024
-649.193 -697.473 430.926
642.918 -430.383 90.001
799.698 127.638 -804.118
470.531 151.031 -500.194
-71.498 119.028 208.583
556.593 469.862 516.016
-456.342 -532.26 553.239
456.216 357.996 395.734
-464.863 -60.069 -443.692
961.23 -110.184 26.855
677.996 437.678 -135.461
573.106 -189.107 -839.503
-140.952 575.034 216.239
482.981 599.587 -452.413
546.464 -674.844 -262.428
-91.683 619.023 -626.729
-348.998 -925.604 630.336
174.414 784.631 775.149
-906.277 -267.914 -358.915
334.461 -543.698 -619.436
-222.272 -394.195 -344.478
685.87 240.761 375.651
-444.726 -882.88 74.102
351.585 -26.12 -517.892
-705.146 -372.962 -670.367
-839.399 169.076 736.294
-334.012 -677.014 -598.264
-672.844 -802.683 -248.149
-9.479 -20.491 604.375
-68.869 307.636 -90.455
294.031 32.862 -139.384
114.099 763.088 -461.332
-333.647 -852.806 -554.047
555.551 -736.761 -702.305
957.791 -677.873 -4.27
-823.005 -679.705 338.728
-645.004 -494.0 -298.553
571.313 -1.968 -814.484
216.745 458.4 965.775
927.278 970.618 -242.504
54.502 -324.901 57.007
948.001 -49.124 -631.217
51.038 773.405 -275.543
433.848 -133.569 -721.972
293.474 -849.474 628.168
-755.987 516.536 19.088
22.91 -967.085 -422.197
-111.778 373.141 -164.376
585.892 -68.138 520.266
-682.239 948.792 -91.88
-159.168 -826.814 707.079
371.602 610.641 -205.186
514.966 313.554 -664.213
-454.024 816.594 -848.168
-975.694 -184.403 784.666
-433.574 -400.151 -197.158
564.314 -726.421 736.329
-337.833 -31.21 736.877
313.59 -865.745 284.022
-45.5 145.505 -590.516
-727.466 -467.925 -201.807
807.659 337.123 778.12
434.443 171.482 263.89
-677.318 539.057 716.992
858.693 -103.152 100.178
-870.589 957.057 -662.329
-641.096 481.966 722.149
-137.077 651.006 3.47
268.882 83.336 -316.516
248.58 393.71 -783.901
32.983 -899.469 761.445
-183.695 260.965 -746.754
11.41 -317.962 517.375
-116.679 -580.172 -180.997
-763.49 -185.452 -700.745
420.3 480.673 13.983
-932.898 -123.995 258.787
107.292 327.823 -812.641
-77.533 626.933 -731.87
-307.623 921.376 964.768
620.847 388.031 -796.902
-377.174 56.096 272.14
-672.366 -128.839 -376.83
308.672 -755.235 724.381
-503.932 -607.137 -18.068
-307.235 130.171 -928.046
-128.782 -746.571 701.845
-843.895 -869.329 99.312
831.374 -523.97 -0.074
-802.783 -301.441 -774.746
105.181 -825.222 -522.513
-127.483 823.292 -11.506
583.603 -41.156 -698.696
-671.168 787.536 70.611
809.263 -227.887 -974.753
-119.829 146.956 -943.467
131.508 -594.014 -116.216
-307.378 14.653 -298.757
-335.949 -294.966 609.284
-3.503 -765.96 6.974
282.991 685.656 83.348
-453.822 -346.927 221.912
-734.119 286.287 -592.835
-652.628 -761.073 112.991
-782.404 760.354 -918.348
135.419 -942.718 -437.786
611.397 902.988 703.003
822.241 -259.902 -428.419
834.437 473.525 -544.831
-968.184 138.007 -732.592
-29.779 437.601 -327.323
946.125 -729.086 913.307
-854.984 830.278 827.221
231.1 88.227 -628.475
102.466 -852.137 874.806
-163.516 -600.03 -485.714
-349.09 -466.766 831.741
760.701 -956.307 -607.458
-695.329 -202.355 507.273
931.988 -898.943 92.716
545.506 617.754 -716.432
662.218 -901.219 -531.266
804.055 -308.438 -439.239
753.462 -816.751 -381.633
-295.334 490.001 -30.791
299.06 -371.717 817.058
116.2 467.251 887.291
366.419 653.044 227.387
751.781 -131.02 801.479
769.055 -49.905 581.69
-510.707 815.854 -675.977
284.153 -604.75 703.554
-750.283 137.761 -166.718
783.633 -175.437 465.87
184.182 791.053 -770.475
71.396 580.023 -375.229
26.751 217.86 689.875
-845.821 -304.216 346.045
460.775 98.066 473.669
280.253 -490.875 336.219
-618.833 692.366 951.385
55.059 503.871 -615.722
412.92 -903.088 -566.783
732.556 -670.822 -770.54
315.578 703.957 -917.206
-278.295 190.368 -742.932
481.6 895.056 623.663
-289.441 787.792 -532.944
-796.181 611.467 345.677
299.202 248.921 825.823
871.156 -294.97 -775.93
58.202 -63.185 -750.467
536.875 725.963 -292.18
-214.685 -665.559 -203.232
-750.342 -910.548 -465.501
766.354 -876.713 77.897
727.1 -12.855 559.722
-112.332 37.102 371.918
747.604 823.148 567.656
578.217 652.813 616.712
237.686 -342.559 535.847
-307.062 537.815 791.263
-486.127 203.215 342.649
-322.348 -837.088 -735.122
-164.794 -43.941 -78.059
-234.446 -621.609 555.959
-967.854 24.122 665.98
234.572 -286.277 445.008
-979.641 -426.72 861.131
-783.919 -141.08 619.274
69.365 -955.886 959.015
-931.099 245.525 -370.814
98.222 442.431 -790.664
-754.315 -299.302 -606.014
479.957 727.719 328.141
-789.447 310.817 -17.662
626.319 29.731 -356.237
460.285 965.986 354.272
-507.271 820.506 -986.454
-620.524 142.95 -334.641
-988.25 -663.831 593.135
-243.058 954.755 740.494
-925.296 -1.383 -817.415
350.059 163.805 -965.117
-262.852 -597.632 894.5
-405.378 -129.153 -804.547
703.677 -30.71 968.278
-184.508 718.223 -904.269
-251.281 937.14 -173.389
-26.905 -756.162 966.401
814.099 -544.176 257.881
-301.317 245.957 -161.205
-472.746 -606.123 410.523
875.381 -965.106 70.762
-87.278 399.439 568.09
689.877 -897.547 -118.657
448.148 -394.489 -48.968
488.113 234.822 569.275
572.179 827.19 -906.936
-691.302 166.935 804.145
31.261 -738.611 933.394
-489.547 334.44 324.863
454.956 -230.573 -574.296
-604.21 -692.499 408.466
-809.909 -776.537 429.969
430.178 -747.058 463.068
906.234 672.738 -917.342
-96.95 403.751 -890.177
160.665 -184.712 -342.66
-892.209 94.973 -585.75
326.123 -150.361 -962.75
534.645 588.236 -652.33
924.783 -114.537 -952.533
-66.302 23.066 351.237
480.255 100.749 898.783
-494.51 -87.636 -933.004
-104.632 327.168 -957.118
451.662 813.769 765.225
-224.247 -595.575 -657.952
-521.828 -703.676 299.122
-909.255 967.383 483.954
724.155 513.0 121.237
730.372 -903.673 -356.874
-230.554 552.078 336.452
220.9 837.457 807.121
290.645 -244.333 490.367
-246.088 713.118 117.831
279.142 -340.091 -321.113
-909.044 -330.846 726.088
-675.518 -603.503 771.904
98.616 -456.017 701.867
-646.808 4.446 590.833
760.898 210.25 565.668
24.156 650.412 690.373
658.847 -656.524 772.699
129.299 54.584 -898.571
263.376 -593.106 44.756
172.167 -291.867 -554.635
217.248 -59.084 85.373
914.377 903.722 409.864
347.706 439.513 -276.238
656.823 -665.812 -339.679
328.666 853.488 -749.298
949.407 -646.128 951.052
300.473 -414.485 802.608
509.674 279.077 494.467
-270.487 -971.277 711.223
-719.531 -605.907 180.96
639.409 553.503 -175.565
-249.391 -456.494 -407.872
-633.937 970.902 -937.511
-647.082 594.009 489.643
-682.929 -916.031 -706.192
-117.373 449.939 -261.771
619.168 -363.29 797.304
-96.724 813.544 -22.848
772.878 596.003 117.517
-306.525 -219.355 856.372
-310.682 123.266 -573.084
712.907 359.136 123.696
-175.607 375.478 335.519
-636.354 -984.412 -951.829
110.37 167.791 -274.057
-151.362 -371.719 160.161
-610.063 -501.916 133.468
-127.853 849.417 -988.671
-893.78 -910.708 -588.459
-588.711 -596.129 372.762
-915.343 346.125 319.716
-583.519 272.85 -550.203
810.802 664.824 -908.509
-275.701 628.194 99.725
830.662 966.545 -530.709
-566.269 -424.772 -344.727
324.214 -895.338 -996.17
-748.394 -124.635 -621.412
464.965 648.055 -829.528
-472.561 539.255 -450.716
-333.279 310.642 -170.529
-223.519 164.888 345.412
-354.479 302.772 -474.584
-327.42 630.296 572.511
753.076 707.355 -311.937
783.01 384.546 -380.375
-667.527 667.92 219.798
-337.451 452.747 -854.604
-288.965 519.523 -917.41
-869.97 -991.185 -525.014
-253.313 762.33 55.107
981.785 -865.597 -89.123
-447.839 786.248 386.229
15.958 -238.93 -814.075
-414.395 206.901 -807.699
-43.804 -133.455 -810.166
-521.174 16.389 -425.214
132.187 -891.655 834.372
407.154 -716.128 517.072
615.218 118.194 183.813
-367.989 11.811 -30.636
-403.133 -68.837 767.184
-41.721 579.361 129.135
-793.348 907.089 827.475
-371.851 347.574 185.867
647.341 846.228 872.308
-330.174 -756.464 -809.515
930.763 -368.927 510.194
-631.932 -473.177 421.831
324.345 387.467 -491.41
-414.645 594.201 723.812
73.853 -961.671 805.879
362.769 123.084 -652.294
627.841 -796.273 415.973
-416.272 937.492 293.062
-472.669 837.346 307.254
98.397 585.03 982.638
291.329 -555.253 544.072
-68.954 34.582 5.444
-362.33 -388.5 134.29
-620.12 542.927 -939.958
251.323 511.612 -282.748
-845.136 210.583 -923.765
-286.7 611.904 455.343
255.333 -546.147 289.909
-282.658 339.37 -909.994
711.081 430.935 -623.541
-828.479 -672.855 637.323
631.105 -793.771 220.292
497.38 864.512 807.098
-35.52 677.145 -474.049
-323.224 250.723 576.766
670.471 227.123 -451.026
-338.09 11.72 -741.736
469.339 54.043 859.087
658.498 -838.167 -720.553
743.767 -741.407 715.596
639.841 422.855 -17.96
366.609 453.231 898.441
801.095 -557.624 -329.668
904.644 -213.668 -475.511
-602.848 -38.268 848.556
329.571 -679.706 -892.883
185.521 236.839 514.985
-486.186 -192.011 -616.844
-880.711 -426.937 -772.921
-321.714 -266.175 404.752
-247.732 -51.424 321.606
881.645 630.418 346.908
10.807 734.27 431.303
-59.036 741.689 -455.714
-234.484 270.632 604.865
-828.547 215.491 -239.642
-993.384 254.472 -676.225
-887.298 653.08 -427.225
824.773 -96.913 109.076
575.245 -144.193 70.075
358.187 903.003 415.189
-91.507 881.576 -607.334
85.792 107.97 -59.337
637.667 -209.903 -384.567
8.155 -359.715 169.504
194.572 -704.267 -525.262
584.37 -579.07 435.394
872.091 765.821 471.759
977.322 -73.647 447.806
-998.745 461.826 -649.577
-618.408 -31.331 797.328
-948.438 -657.512 54.845
-851.304 -3.175 635.194
-168.133 -267.61 -586.176
18.505 -186.877 846.946
-153.874 -570.634 -21.511
224.488 -159.432 -462.466
-640.978 649.246 200.394
-180.945 -290.485 63.257
-166.269 206.704 -122.293
-48.375 670.352 73.521
549.656 -421.559 824.785
-329.062 121.307 709.907
774.528 -52.573 -149.357
610.245 -252.876 703.158
787.315 78.409 119.762
-284.56 820.763 238.516
-575.75 -480.221 -315.436
49.932 180.146 -636.592
-739.655 -769.355 -700.248
985.558 -941.518 -498.629
-43.12 575.433 292.412
227.419 -35.915 -134.795
-575.077 70.006 459.776
-607.939 -480.786 -632.298
66.176 -256.645 -653.09
-923.383 535.367 -898.904
120.555 -317.117 -192.624
21.865 -431.437 -982.873
611.923 -839.972 283.701
304.359 899.19 -523.002
-437.364 667.333 705.62
-37.116 113.134 -954.209
-347.922 613.797 -588.841
472.504 720.49 834.18
693.75 -720.998 648.69
-334.665 959.22 -848.957
-474.326 467.768 -272.333
835.274 -729.663 -55.529
-619.687 -746.878 674.514
-985.75 -861.023 -281.854
-823.551 -353.067 134.209
-808.604 -812.757 668.306
-682.407 929.383 -66.104
-82.618 443.413 -852.68
-711.673 566.612 -896.349
343.224 -953.498 -456.512
300.741 110.492 418.907
541.663 818.701 57.565
-943.176 30.479 -478.061
-966.108 -997.948 853.788
469.804 175.96 -566.658
56.052 716.06 -823.258
-217.086 -564.195 -565.916
37.11 251.925 858.131
924.847 -331.693 -182.189
289.968 289.078 686.667
-401.261 88.417 -468.624
-88.213 -228.643 -253.569
447.252 -114.938 110.246
-717.986 781.634 -682.921
280.897 158.632 -760.98
-640.722 940.864 -125.679
-394.845 4.482 -480.985
85.963 -595.31 -190.434
767.265 567.057 -403.261
261.43 562.533 -467.524
-132.183 -458.139 -145.478
-967.019 985.108 70.81
-663.407 629.712 -676.486
-816.843 -653.144 -651.264
279.215 11.692 204.958
802.626 -240.932 285.087
-12.778 -107.907 -247.44
752.911 -758.177 976.644
730.097 -11.846 -555.199
627.419 -853.268 841.193
-398.127 -335.155 618.665
-387.791 667.061 905.783
775.165 -888.311 -274.938
-965.714 827.011 -165.826
-667.082 -250.214 -113.694
139.598 -858.728 87.935
-980.135 -185.405 -757.975
-651.228 896.564 43.655
-225.885 859.077 -807.729
-809.476 -919.994 405.426
34.955 -467.275 -935.017
-480.357 446.419 -641.97
146.261 743.193 462.119
-691.161 194.823 -709.869
-386.453 435.421 -865.421
871.231 -558.162 -773.116
561.413 -497.475 -557.19
601.559 -650.634 308.675
-230.848 -716.711 317.929
-627.191 149.597 -759.86
-205.181 896.238 -536.793
-628.975 680.327 -775.2
-85.674 734.164 -673.219
776.371 624.376 -392.83
512.565 974.562 -612.598
-735.752 -942.262 772.558
-481.64 -444.991 -69.721
-609.694 -951.35 904.536
831.213 -582.32 22.695
511.31 -85.256 367.053
-287.033 -836.719 -876.938
126.466 208.139 486.445
-117.676 -163.657 -357.539
-883.44 -442.203 -607.827
662.249 -593.826 -257.387
839.806 37.146 -290.777
-329.793 901.061 590.209
-340.872 -648.122 -813.589
377.459 999.726 839.771
698.166 -91.293 -34.424
-403.502 404.543 855.856
-169.101 -894.385 177.825
254.815 -485.91 -742.108
-640.337 38.652 475.274
-495.634 -678.766 -856.139
381.492 -513.173 944.494
686.586 -43.577 350.707
-557.535 4.832 -705.157
813.029 834.734 -327.805
-140.533 812.235 -50.875
-316.911 -468.923 -618.786
-386.129 -285.967 -652.076
-958.889 272.308 670.944
-698.607 -808.135 -334.69
724.066 -733.698 622.746
-840.764 -93.775 -756.532
665.741 743.416 -637.359
938.013 -627.455 133.996
-37.543 96.605 345.608
888.592 654.441 -971.417
-844.417 668.073 894.897
-586.981 242.91 68.458
73.935 -176.922 -65.891
226.386 350.835 -905.78
89.432 341.663 -59.097
306.057 -271.296 -355.625
-14.333 -693.556 304.259
-271.332 -716.939 416.352
-721.563 -320.626 4.703
-474.479 -593.279 777.091
-84.259 -654.563 -809.88
-966.533 465.95 947.701
-584.313 -408.309 762.9
912.685 -691.512 -571.264
885.035 -167.799 -94.561
321.846 389.861 -546.099
217.975 -949.266 -622.838
-532.6 -724.465 670.437
839.646 464.598 -412.557
-606.798 694.238 -462.704
827.814 542.001 459.809
-184.732 -850.789 -587.003
918.465 -155.604 -611.738
741.958 92.145 180.694
-366.092 -191.151 -320.096
446.117 332.803 -767.107
-132.642 395.514 897.777
-957.107 803.496 -980.982
309.07 -354.99 512.88
764.836 64.099 -60.187
-12.73 -495.735 -215.054
-323.17 -736.484 435.359
-791.618 893.313 845.848
-778.097 -567.63 772.558
516.8 -963.752 374.93
71.296 -117.823 322.614
214.979 501.468 -625.231
-549.36 -609.994 -778.003
-463.507 -123.367 765.984
418.585 384.376 -401.971
880.772 997.357 -144.354
-11.317 758.331 803.174
-839.179 -986.268 225.209
-430.053 692.27 784.309
-879.319 239.164 882.094
595.632 951.548 -566.175
-432.345 -878.433 -937.641
-471.74 -686.296 -576.146
477.301 -170.236 -618.567
600.235 135.533 -524.682
137.251 -567.336 584.338
430.553 -782.513 -121.376
585.175 -994.14 992.46
208.164 -353.233 -191.39
-640.981 8.858 859.381
23.525 992.835 251.187
-683.803 -758.284 101.277
-3.144 -960.95 -165.919
-8.265 9.064 -161.4
-721.629 157.52 -207.714
929.332 -782.491 917.119
-568.581 786.563 937.084
-71.174 147.768 718.919
-746.114 -262.006 680.926
580.387 119.644 724.903
938.858 243.982 225.532
-417.358 -274.955 -550.004
-980.457 -772.92 -400.295
-351.186 994.579 49.844
830.987 -282.098 229.584
404.457 56.526 633.757
-176.073 192.031 174.398
-515.656 -163.9 399.865
949.006 -845.363 -16.116
-245.619 -793.514 735.762
541.821 560.059 807.487
-562.046 -727.574 -198.338
242.618 -891.559 -918.465
521.706 -735.608 -916.588
285.049 918.499 -991.341
904.519 -523.452 929.456
918.619 584.126 -926.434
-146.055 636.065 835.97
-242.313 -296.382 -782.78
488.84 -29.732 63.337
-338.492 506.405 897.612
-611.981 753.157 83.662
412.12 -931.281 -227.072
-409.225 858.309 840.203
509.648 -428.7 199.62
460.153 499.073 224.983
-118.025 -827.903 -810.761
734.403 -343.204 -855.256
-15.222 93.696 511.634
309.67 773.21 398.607
-285.559 130.837 -991.929
-736.11 338.248 -126.456
-40.536 736.414 902.2
-694.243 975.164 -383.971
655.137 234.022 155.716
-363.122 -746.434 685.348
329.566 982.195 -491.612
-928.83 -742.057 -377.313
-240.605 -517.81 235.011
-487.265 -88.927 868.484
-469.563 -976.278 600.37
-615.432 510.343 411.197
-654.622 -105.586 152.266
-743.957 -60.184 69.061
242.732 -156.232 -571.496
528.273 -525.878 472.092
375.192 593.869 -113.597
43.738 -124.983 -11.703
-640.057 -328.278 56.606
264.83 572.43 -781.624
-931.649 941.492 -293.457
-460.139 453.17 -146.559
-853.563 358.299 344.43
-725.483 81.49 638.121
979.808 -499.73 -525.454
635.806 -764.919 -924.859
626.483 -623.093 -416.486
419.636 -953.779 -521.402
69.388 -928.733 427.308
-758.403 836.911 684.594
-721.349 -295.724 201.781
956.702 395.953 261.746
-246.166 -314.9 -495.456
-685.882 854.796 753.22
221.021 287.567 -228.649
-170.532 160.792 289.007
148.037 669.699 -318.406
-89.461 -874.633 -568.844
419.18 521.865 932.793
-162.403 -99.148 806.082
-998.466 -338.186 -1.378
888.816 607.334 -585.599
677.822 -561.456 60.509
-457.716 -689.245 -861.802
-815.757 306.811 -686.681
-278.562 -1.063 511.675
595.8 -607.429 607.875
-677.266 -729.219 317.722
-849.024 -436.613 856.526
-440.357 795.696 62.38
368.426 573.135 383.811
767.721 704.704 4.968
-571.188 -189.373 387.795
-39.706 -848.422 994.094
-208.635 360.312 443.368
524.153 462.953 -812.969
-95.486 86.577 -193.997
955.231 516.713 284.975
216.172 375.935 488.826
192.003 -252.525 -397.539
-272.723 -325.452 910.777
995.542 250.675 -885.576
-543.763 -49.876 971.945
-803.742 -859.392 880.567
655.869 -60.567 -121.686
-356.968 -615.679 264.387
-50.387 -747.48 331.606
-721.117 210.687 666.962
749.663 -84.65 -120.078
163.481 472.171 -7.48
991.978 -163.438 392.759
-850.216 -941.96 119.383
905.287 -236.32 561.524
-169.997 606.601 -388.861
866.764 -584.404 -791.546
140.527 203.59 -163.67
-775.092 -887.855 78.781
-855.04 -803.305 501.312
283.157 416.245 -7.982
-699.876 449.356 -862.798
873.603 -623.466 -195.68
846.429 -578.364 -833.397
-679.535 249.589 -716.676
-820.911 -975.122 662.933
586.792 -61.133 364.52
-70.953 -113.355 -555.999
96.673 37.044 -616.365
103.406 311.688 -216.297
258.486 -759.745 268.56
367.165 -73.885 606.349
114.758 -451.363 -671.947
838.278 254.111 -84.808
601.184 362.238 -716.947
702.322 873.952 192.811
-929.404 403.19 391.542
-97.947 -256.574 -727.862
494.459 841.799 362.374
178.754 338.834 -204.717
35.687 -202.417 666.434
375.475 -83.405 -989.028
905.279 -614.487 950.577
851.773 -616.84 218.483
785.526 806.284 -427.505
671.203 -492.117 -432.493
909.207 958.557 916.522
-46.799 989.841 -869.238
581.264 -307.049 -488.106
-597.78 -718.655 27.081
946.922 -763.647 -287.338
-805.343 -575.267 -951.06
-693.675 163.709 -208.504
746.289 587.711 -619.073
693.682 190.52 -606.261
174.01 226.259 650.948
823.07 280.438 -367.951
876.525 -706.111 31.072
931.045 526.679 -924.134
-117.484 616.454 876.561
-188.554 -310.333 -402.205
-893.131 934.699 826.571
-35.755 -490.326 -748.102
-136.755 -551.295 90.962
-542.149 -150.509 354.991
287.836 942.547 -127.781
545.674 -877.255 -103.594
-382.366 139.782 -753.318
-969.114 385.445 -375.668
-153.895 990.631 -606.916
280.129 635.453 168.907
782.664 516.543 -219.815
854.798 327.285 553.111
139.988 937.817 -550.695
948.015 -980.347 554.937
48.292 -490.227 -794.4
522.054 409.916 92.798
242.749 125.799 456.604
186.3 -646.451 373.15
-162.253 6.761 -900.597
-587.151 210.996 550.414
861.214 393.683 -797.544
-424.691 214.454 -110.541
-315.779 488.463 4.953
500.922 693.741 -637.731
297.124 619.723 462.682
313.764 -728.646 94.419
992.325 -311.681 476.386
-52.732 -203.153 482.295
-854.234 -661.495 965.576
-608.671 514.43 -398.595
493.265 396.223 -510.475
188.19 -260.617 820.503
-267.007 461.451 867.825
-945.692 150.611 673.429
-467.305 -139.542 -182.683
562.025 216.983 563.473
-987.436 -46.016 516.753
-561.523 353.198 -325.907
113.621 700.066 254.81
246.525 490.292 -905.307
244.716 -8.322 502.262
370.678 -796.033 382.522
-684.602 -319.673 356.121
390.178 -30.641 -447.196
724.114 -892.402 -288.552
-339.254 -50.516 -278.502
-322.796 793.751 -311.889
99.749 613.661 -115.782
-640.79 -883.602 -76.682
340.143 -892.907 560.613
-348.427 284.993 -311.745
-411.63 884.012 -971.344
-367.209 143.815 535.364
-795.577 337.805 947.27
999.762 545.872 120.943
810.776 -858.443 642.157
550.479 -0.161 -344.032
-625.677 -812.491 -619.62
-684.718 -902.702 -478.969
-479.931 426.663 -411.615
-924.298 -542.015 714.82
506.198 -979.753 230.927
624.505 -62.117 -457.639
543.361 -487.957 483.33
567.03 538.635 629.583
-49.506 713.701 -528.489
-530.496 596.791 439.327
-552.344 594.093 278.595
-108.988 922.351 -400.058
853.575 -912.67 741.313
773.292 303.883 923.998
648.711 -168.034 -747.368
90.452 192.807 -411.894
-695.737 925.131 422.91
-190.415 394.749 480.426
63.823 406.825 -364.886
908.441 332.682 -251.195
-514.294 -373.413 253.707
-106.358 125.951 -58.043
-580.065 415.702 45.933
949.987 -667.736 -27.356
-819.009 -551.812 -964.184
23.17 517.489 -707.381
-157.87 562.813 -91.472
-389.837 -240.567 132.949
-651.331 675.556 322.888
-115.261 -524.15 -731.339
-418.936 241.951 -279.211
554.912 -57.0 -70.005
-833.897 394.803 -543.477
2.82 726.591 -323.152
718.793 152.347 115.605
-706.746 -373.736 -259.585
228.698 -664.922 -111.311
608.991 773.584 845.561
803.859 353.516 -606.28
464.942 865.485 204.994
17.47 -31.237 791.573
-6.125 264.339 166.791
-973.044 621.959 913.882
269.706 897.979 539.463
-867.107 253.158 911.379
-375.787 -722.336 667.896
121.844 583.215 791.108
-173.561 732.578 222.326
366.447 -298.655 -113.392
-499.856 -618.923 -434.354
-21.112 -487.542 914.975
-599.138 -96.461 -262.484
-602.703 759.312 -381.331
516.986 -98.839 829.566
944.251 299.436 -288.147
421.13 -86.91 605.345
737.212 230.916 984.397
987.078 392.567 216.811
-349.15 880.187 -607.845
279.278 60.131 -232.029
201.828 -934.98 895.575
609.328 -644.549 -572.013
989.224 653.415 210.841
-218.463 449.674 -238.786
269.343 -107.018 -14.437
-465.418 -799.79 -548.393
603.053 -917.568 -612.739
-900.235 300.55 -807.502
707.783 -730.206 -350.67
817.847 508.348 346.676
-197.046 275.251 -684.059
926.476 293.737 922.439
701.088 -632.837 3.581
-441.823 -608.452 626.068
-281.357 -437.755 -297.512
-335.387 599.708 -330.548
325.03 857.331 -243.119
-49.399 102.813 -283.926
581.811 -269.01 774.969
89.197 695.67 -805.04
-47.565 390.988 65.784
-662.138 795.148 -744.362
-926.192 -537.748 430.416
273.95 -114.604 -259.948
633.404 488.552 -244.564
523.308 -733.682 280.608
182.682 -534.03 208.703
338.137 -656.09 -668.951
-996.459 185.992 -470.557
-975.541 -121.224 15.956
-34.762 -518.779 -198.884
-393.201 735.518 -906.868
-44.33 172.622 -979.977
-965.071 -835.857 -865.819
-464.721 315.489 953.017
550.248 -920.637 -900.15
-118.973 -975.572 -405.612
147.598 -219.169 302.344
721.582 -839.27 30.257
680.199 144.714 39.272
-966.034 196.135 -583.315
932.116 630.098 -487.091
459.924 818.845 100.325
130.731 339.387 519.594
186.89 10.853 289.462
769.258 -454.716 169.021
-310.517 -252.864 -705.785
-169.1 741.451 143.764
947.773 -374.379 432.182
413.001 714.481 -478.287
447.623 178.906 -89.08
912.774 -304.28 -0.197
-429.974 -882.411 -714.99
413.744 851.303 -530.799
114.431 471.953 371.527
-475.974 470.589 -497.298
-421.049 767.915 101.867
-655.569 285.245 -390.419
799.85 993.116 -215.452
517.048 161.98 547.517
474.247 -696.307 102.213
701.307 832.074 -680.123
657.217 -412.915 -606.2
434.858 -527.004 -103.633
817.181 -135.842 716.313
-418.505 -55.61 245.593
587.613 -792.279 -488.68
949.79 104.335 -408.283
791.318 -74.377 -545.114
-9.252 -681.972 395.804
-963.399 279.5 153.93
203.415 -749.575 -138.264
-184.597 -351.296 -72.721
806.791 -118.467 -959.411
310.164 999.042 -704.261
-679.525 -667.034 254.635
559.228 -117.668 160.68
-971.034 -126.253 575.854
949.88 -43.029 -312.46
-59.783 -533.409 605.427
-922.27 -571.568 -583.936
543.111 -586.965 893.553
430.498 -271.936 -887.244
369.526 -811.994 715.34
693.315 -386.074 -177.713
264.568 463.455 193.818
701.033 711.565 -124.556
388.846 -145.138 -362.433
456.842 -46.514 -260.761
-816.702 -758.482 119.221
-189.738 416.827 765.223
-472.632 484.081 658.694
796.16 504.731 707.971
362.843 -76.556 791.61
300.521 -191.976 -749.969
204.101 -546.414 -134.65
-559.753 800.289 779.679
-650.753 321.454 838.757
-200.88 751.781 523.478
408.426 298.693 590.66
894.362 -279.003 180.795
-270.372 -566.504 -467.181
800.236 -713.403 -676.621
288.314 -780.801 642.832
496.025 688.305 -315.363
-18.068 400.462 811.492
-270.214 -826.139 -726.02
720.998 -491.926 -423.071
310.791 -832.936 -302.922
839.583 -702.728 284.163
524.224 63.234 -562.013
464.638 -870.447 736.252
-3.122 -302.365 70.092
-12.917 138.274 799.272
195.715 -602.221 872.614
650.837 459.08 789.391
624.216 90.847 -612.677
-157.677 -206.21 -793.551
348.372 -539.606 -590.9
-577.624 -311.491 -487.46
381.974 -974.457 576.089
207.13 -326.435 254.621
-429.429 -219.129 172.017
996.695 220.755 -971.214
165.585 836.939 776.878
349.083 743.471 71.762
-532.674 162.861 -882.491
448.21 -694.268 -951.414
-728.453 -513.433 -180.476
71.133 564.334 -716.138
-839.547 635.379 67.636
-289.981 817.51 -467.185
-340.643 336.507 826.404
-638.071 -785.312 -999.295
191.791 -149.625 -736.11
-386.399 851.072 985.169
-41.242 311.563 -941.529
-648.492 706.583 -138.597
-577.628 962.262 -688.768
967.88 109.325 122.341
731.127 -528.569 983.585
-947.208 997.357 741.982
206.444 882.549 479.057
-987.028 8.201 -751.107
-131.17 -110.781 -943.73
-236.863 -671.081 98.656
-596.437 189.613 -539.976
691.631 638.245 151.904
-301.225 369.068 -94.062
274.907 -695.785 866.488
-857.986 -653.197 796.417
275.881 9.34 -358.675
891.411 192.51 952.245
160.117 -913.401 916.041
208.72 -293.041 -322.775
613.973 -102.065 575.557
459.292 -440.627 -745.342
672.442 -986.977 591.452
-920.098 454.679 831.78
-496.454 -128.005 -117.584
269.57 756.569 645.645
301.469 -250.196 -483.118
-250.813 -680.496 258.927
312.328 -29.859 933.321
-649.485 666.504 -272.467
-391.737 -514.713 -605.816
764.143 615.313 -446.497
-717.971 -34.796 -553.321
618.196 792.916 -930.505
227.914 -591.452 741.726
904.229 328.076 -721.059
-319.957 449.825 -836.429
837.96 -777.782 -424.016
888.447 -149.972 -222.031
-837.367 -498.206 462.53
417.192 478.08 357.022
596.175 -869.401 -731.028
809.932 464.425 31.275
-63.105 182.233 -778.326
538.126 -477.792 621.817
714.267 15.428 490.489
-559.585 -780.978 -151.856
231.405 -750.838 839.78
213.675 -319.239 261.773
299.683 414.889 -108.082
908.992 59.707 -746.084
-691.614 -741.159 513.341
-865.937 -83.782 -118.823
-481.129 149.219 908.715
-708.544 455.583 -104.962
-34.631 -704.156 -971.705
318.019 -115.985 940.472
-80.711 -708.831 83.862
969.301 -189.908 -904.489
735.633 963.45 -628.324
-607.803 -18.403 -868.527
325.745 -695.336 873.278
-258.8 -571.698 -821.184
959.135 -23.958 309.177
-808.868 661.44 -8.296
968.392 675.302 21.365
-78.852 651.45 233.754
-415.474 461.953 -113.58
892.183 598.092 145.769
556.37 -730.984 581.071
-330.176 -783.98 -112.849
548.969 560.601 -143.68
159.139 -238.056 873.738
-590.799 -117.18 -314.049
-345.834 73.171 -573.088
-913.429 -665.412 817.95
-588.486 726.574 -239.284
782.166 772.566 397.76
-842.708 -155.724 558.237
399.229 499.609 947.35
38.873 685.255 194.839
-343.126 -622.099 598.032
-674.47 -404.278 79.725
-535.169 -641.184 196.407
-902.044 -955.43 848.472
-761.172 -937.018 981.082
296.561 -463.142 -335.728
-337.205 529.227 900.259
666.567 451.39 881.712
-793.706 879.392 -711.668
688.493 -274.028 -684.024
-659.68 -460.766 -511.601
-653.028 293.71 -846.262
-359.223 279.971 352.078
-768.464 -49.482 -141.789
-895.372 -163.805 -85.008
-898.408 304.59 -163.578
-177.212 152.36 -457.487
-258.544 -92.927 -296.245
272.186 211.685 -817.231
-476.69 -533.229 -371.582
165.837 -345.648 965.311
-826.211 -652.676 -179.818
142.061 -320.348 194.723
904.019 -480.527 709.329
-394.496 -314.985 678.797
-58.614 741.53 -567.06
-318.288 -775.703 923.495
-138.469 401.896 -956.03
-548.685 -850.921 697.436
105.743 253.471 -8.572
321.232 -428.482 625.007
445.074 -618.041 -328.544
540.462 -833.063 -923.974
-149.203 -780.11 -908.539
121.79 -110.074 728.199
-58.22 671.949 -524.214
-167.816 -200.335 -801.691
598.173 624.825 980.231
-146.131 662.791 859.472
-750.54 -477.434 -997.946
-579.517 425.236 746.41
566.448 -406.873 -905.925
829.574 117.307 -461.399
-306.14 -520.147 -788.732
469.057 -562.619 -237.217
28.148 -556.596 432.525
979.667 465.355 -607.156
-357.646 -571.074 -509.056
335.544 -73.591 881.533
840.865 640.542 131.473
-247.569 424.179 -605.466
-832.998 -66.855 -367.233
-677.375 930.923 8.188
877.339 922.529 210.178
-317.931 923.444 668.998
63.965 364.987 -401.027
-647.697 -263.451 -301.064
-911.495 -511.215 -580.132
-176.306 87.978 -295.754
-393.804 511.928 987.699
207.71 390.631 -285.901
783.704 -436.944 113.034
-617.742 -945.388 -546.703
-17.043 498.432 513.703
-935.922 -566.285 998.566
916.997 763.995 -205.143
-696.637 -527.144 -973.511
-235.387 125.614 457.579
-605.632 -419.198 462.923
-441.842 -82.588 514.161
79.327 -745.997 -724.894
-341.334 223.003 670.473
-166.765 -860.364 764.996
-445.534 525.87 32.35
-594.558 267.501 -536.398
318.665 661.474 267.416
750.755 -365.088 274.546
841.742 -851.14 527.701
106.78 648.514 -660.63
559.872 60.594 -145.332
430.956 -805.003 21.322
443.541 945.847 76.705
-342.546 -129.085 -217.154
-771.72 805.397 701.112
170.004 -850.236 -853.469
564.103 -941.551 -697.155
-187.302 990.851 476.563
66.944 204.298 -903.939
677.145 937.014 464.808
952.924 601.86 872.81
853.098 -508.463 -577.686
755.071 -970.756 623.352
-415.074 -148.068 560.485
-534.454 -377.214 -886.776
-104.574 -302.272 -392.919
-571.898 -927.782 244.927
971.448 424.569 989.226
-432.248 -617.622 485.028
-386.679 133.913 856.675
683.342 -321.63 858.131
134.177 583.951 -952.619
850.279 -912.765 -438.462
-493.027 907.331 343.691
683.245 -869.072 818.922
8.725 909.057 -387.98
534.775 215.533 776.491
-136.792 -445.65 -222.33
-666.664 -487.079 -130.915
-544.446 321.537 193.317
748.841 329.644 -730.615
316.839 150.267 138.837
-237.873 -687.578 172.068
-118.335 -107.613 -494.679
-856.201 -354.842 160.965
75.101 -760.308 27.804
-739.806 793.958 -678.478
21.409 -793.43 971.534
563.557 -423.6 -622.748
933.488 438.513 474.753
337.812 -293.684 -375.359
-554.828 -812.191 -296.459
-812.875 -862.208 -693.552
950.871 -470.515 887.259
636.45 -117.977 514.943
-387.157 149.67 635.804
469.22 -677.377 793.234
-751.689 -140.457 -63.071
984.322 -875.112 -883.814
325.515 816.009 -325.369
831.176 -987.984 436.49
-762.89 838.988 217.261
-830.695 317.786 -199.084
-430.76 940.873 134.009
-681.281 91.828 -199.648
509.914 293.386 -823.125
805.716 -562.578 247.209
841.28 -569.515 135.059
-906.754 335.511 -854.662
-413.914 197.847 346.29
-278.224 -273.55 136.103
-504.593 692.702 -180.317
747.328 -465.803 -87.09
70.249 6.56 945.311
96.79 785.576 469.436
219.577 66.155 -533.951
550.131 363.95 -538.725
-953.932 674.622 999.716
588.634 -403.859 -376.43
606.722 -374.163 528.249
-778.423 480.422 781.462
297.059 919.466 458.422
-815.911 -269.804 808.638
-855.572 490.898 503.496
-150.574 -572.232 -959.456
234.764 367.561 248.172
314.911 248.824 -970.739
-422.915 -722.032 890.32
-555.563 803.416 -400.195
-895.956 583.113 707.224
-373.034 979.764 -953.71
-812.714 -147.481 416.33
-274.637 596.538 -636.991
523.031 229.113 600.547
25.514 471.884 985.8
-202.436 86.63 -879.832
467.569 918.601 793.299
220.906 659.745 764.619
816.15 -58.989 -318.855
-729.551 -531.67 622.395
-677.31 825.781 728.164
99.763 473.476 -238.035
-706.921 -413.465 -545.918
-825.53 595.204 -173.32
339.107 905.162 -64.546
610.341 -446.287 -952.375
366.581 430.374 -867.405
-812.712 -132.278 113.437
583.043 873.119 -286.875
-787.95 689.958 627.865
-427.555 664.875 848.959
153.956 26.044 482.235
153.984 -723.028 174.696
22.782 681.649 882.968
-504.609 -959.13 -680.921
804.013 -947.25 -823.276
193.628 934.232 231.718
40.402 -524.907 988.495
-941.146 594.485 38.256
-950.684 -123.224 -171.292
-209.84 -676.427 -471.108
-676.864 10.569 -201.871
376.022 -384.907 601.147
-97.605 -77.833 -485.915
-343.807 -805.002 10.657
467.717 88.477 -828.26
-698.532 92.449 359.964
311.627 -586.298 491.567
428.051 -515.893 -148.476
-811.926 282.257 -827.584
-869.26 -222.161 900.029
-738.746 -529.443 559.259
-319.479 286.984 -731.9
684.741 -477.923 -555.262
-849.354 643.135 146.694
-261.366 566.964 931.317
-89.953 -607.48 49.8
-847.486 -349.565 868.004
-206.236 704.966 627.088
-967.745 323.926 546.288
77.286 -50.303 -766.318
-530.062 -799.182 892.595
-691.788 -8.299 235.487
323.325 -339.31 -813.254
-52.78 -102.895 958.45
-352.246 689.523 -443.805
218.098 278.852 -409.854
776.804 -774.589 -840.12
887.073 746.625 743.179
32.916 -87.388 -766.874
454.447 -316.311 -314.228
-125.94 -977.509 -755.106
435.479 -487.237 -327.888
-105.388 964.042 317.878
559.952 -598.723 739.992
-654.144 689.597 697.071
-795.817 197.159 475.849
859.506 658.821 804.243
316.532 -268.931 331.235
-984.165 -804.88 -74.194
618.591 -356.385 -647.975
-853.708 -112.378 935.738
617.963 270.24 -410.57
831.275 -165.784 -339.432
-360.552 -884.808 -832.679
-446.664 -226.479 641.592
719.681 92.332 275.663
-792.037 -487.836 417.013
-491.666 -540.928 317.113
909.329 -411.558 -464.227
-358.38 12.306 705.521
725.371 -629.716 -535.092
-254.699 634.065 70.483
-743.677 -210.293 -316.843
-359.28 946.375 -425.948
-687.502 574.533 -902.333
-431.988 772.053 -300.207
327.937 -383.644 -100.186
0.464 -73.078 88.567
353.301 313.182 772.011
-398.939 -149.228 449.553
-280.717 -285.867 163.78
460.575 -145.356 577.735
335.96 -381.872 -182.318
-215.816 727.109 -89.4
610.763 461.51 -356.661
-237.066 -24.864 2.214
780.449 322.594 -857.358
-412.033 -140.563 -257.377
-905.882 221.698 255.777
445.124 435.93 -835.955
9.468 -458.031 454.947
-889.12 -716.919 -236.968
837.6 689.567 -567.891
210.988 -823.047 252.893
953.4 859.973 973.521
212.786 -180.667 602.634
-617.278 -246.674 859.233
631.854 621.115 -634.212
986.365 83.759 -289.318
-626.087 427.43 947.434
271.632 -131.923 -506.984
466.182 230.991 -968.309
554.181 -888.891 278.816
262.374 -444.808 -611.407
313.872 228.609 538.537
131.556 37.507 -910.318
739.034 470.432 652.118
-946.887 645.108 768.998
-646.723 950.803 -514.989
157.799 684.676 542.273
609.191 478.093 267.232
117.387 -564.629 -587.274
-721.186 -201.44 -753.193
267.0 -850.589 218.244
894.769 758.501 -688.194
-985.6 615.243 -553.267
383.165 78.212 801.344
-211.779 288.484 123.795
806.222 982.286 -854.921
339.435 -630.736 482.916
359.185 -456.621 740.249
-977.057 -625.498 -873.753
549.145 -722.777 -246.602
584.583 974.369 -520.882
884.95 69.343 168.51
630.22 -653.459 -154.813
288.582 541.8 223.314
614.249 -317.425 -321.292
584.505 49.332 -184.48
432.166 706.744 672.611
674.29 -579.032 365.803
588.448 762.398 534.479
-60.323 -811.098 151.585
-21.747 291.581 72.434
-134.553 590.998 655.852
444.395 647.684 718.95
490.278 -940.655 590.34
862.618 670.474 457.217
835.384 -161.395 72.265
462.421 919.372 -695.618
864.557 -308.058 -897.577
10.049 -471.913 77.074
212.022 -885.232 -397.34
-553.307 -400.952 688.601
-956.729 955.83 811.396
-105.657 142.078 743.173
-8.081 -607.622 706.48
-401.367 788.232 -826.424
-599.763 -830.498 690.704
-665.348 -489.79 153.65
-884.847 545.735 -540.292
-474.885 -316.299 -708.793
936.102 297.18 -25.358
209.173 -517.556 941.187
113.255 -852.074 99.109
-0.494 612.964 755.69
921.043 -905.52 -937.385
-234.8 768.841 -390.083
-651.778 676.72 -447.845
-246.002 -93.088 -235.996
-372.033 174.857 708.653
-289.893 490.774 -475.369
-199.22 -857.961 -41.266
225.434 -490.801 -382.54
-995.03 890.107 -571.667
-394.541 -182.162 -313.377
-665.509 869.679 711.231
-471.001 36.655 627.086
685.672 720.311 -155.154
476.877 -749.872 766.577
-691.663 292.423 672.734
-625.047 172.957 443.414
43.609 -357.009 492.474
511.763 -781.27 401.405
106.578 -419.06 -106.011
-267.732 112.572 970.672
275.582 -503.655 776.352
885.156 756.201 246.273
-427.031 -528.693 -505.423
-213.151 -21.58 -264.452
61.131 311.171 46.492
745.384 -176.286 436.866
-179.877 -759.008 585.698
-989.755 100.046 828.098
165.074 110.446 699.372
910.382 -60.721 43.189
-34.322 -636.6 360.586
486.169 -748.726 -915.071
556.664 339.144 920.022
-364.525 592.71 -549.108
-721.518 117.77 27.705
573.99 529.001 785.536
-362.14 342.037 -250.814
-308.605 -428.776 -301.465
581.406 -100.436 -754.778
-889.984 -559.615 -735.286
-449.054 -38.937 223.5
651.785 -357.981 -895.975
-324.035 783.751 -511.843
48.117 -127.694 -93.314
-891.327 -969.003 342.616
-284.132 -550.926 -957.74
735.504 798.977 -129.531
440.224 444.05 -915.29
-546.595 -755.183 725.489
447.704 -140.174 -470.877
603.911 940.292 245.427
75.069 -158.375 -760.535
211.644 -975.089 -375.531
157.951 -798.945 337.396
-735.464 215.663 700.969
-57.572 92.526 -151.941
-709.004 -905.387 -46.283
-533.408 678.38 717.861
-220.999 -369.69 977.282
-990.675 94.777 -208.292
-835.512 207.768 -35.343
771.432 -905.247 -50.474
307.864 928.778 577.261
-886.127 -314.754 221.601
-380.277 -246.775 32.526
-451.693 237.815 -977.874
-945.744 311.348 756.511
-357.741 -536.069 994.412
-14.769 432.729 543.134
865.913 883.925 -29.491
965.794 -395.443 -827.749
-839.097 -51.172 776.842
630.226 557.7 -460.713
-11.507 640.741 -124.118
-439.581 -231.62 -357.512
-921.905 487.5 595.979
-406.641 -686.105 -290.493
619.743 -947.333 589.155
-214.753 345.195 -847.119
-865.055 -706.508 -610.076
-178.511 445.055 -5.703
702.285 185.215 230.202
38.71 -639.688 -353.062
813.812 555.726 524.493
-776.757 -348.168 -594.575
110.378 521.707 794.016
-898.924 -104.432 -261.889
673.037 674.85 302.068
-416.282 248.547 383.212
-473.621 -799.414 833.252
-510.468 -800.472 991.031
518.146 712.09 -643.822
-581.901 883.074 990.483
-566.825 -77.054 -541.325
-37.223 -591.516 656.134
244.037 497.556 531.256
-345.713 233.612 889.851
136.579 -842.003 602.827
189.994 37.662 -521.766
100.114 342.062 363.566
-378.14 -181.616 -964.72
527.947 713.804 162.955
194.156 962.838 -322.4
717.102 -71.106 -772.303
999.776 -901.699 61.884
131.645 -451.162 -292.8
346.931 -679.301 770.553
633.853 -886.702 -839.937
-574.532 -622.143 -615.869
-402.407 -88.036 837.78
-967.604 971.922 -543.425
363.348 399.259 721.633
-376.078 768.91 -171.166
-530.027 -144.353 861.009
-186.408 -199.277 709.595
-718.41 -451.132 264.762
605.456 -334.488 -141.102
-225.431 -99.944 -192.996
346.752 843.848 439.099
-761.1 -52.502 -815.411
-193.521 -880.176 -415.857
-501.412 -50.96 298.628
999.357 -78.877 -724.193
548.194 -860.035 947.07
675.631 -326.916 475.861
252.252 -484.44 -195.855
-426.994 814.618 951.82
-196.409 -429.27 -76.203
-759.301 94.459 269.248
-685.244 754.45 -509.149
-141.549 -201.403 -716.957
439.718 940.053 223.066
-515.728 112.836 -399.047
417.978 -248.309 24.72
978.206 -784.919 574.888
-258.601 325.698 433.771
-8.777 -214.778 -591.687
267.003 -443.634 -101.971
210.244 327.452 843.343
-257.06 -995.039 -355.407
-971.641 -185.181 -55.586
-153.901 608.586 874.075
-277.216 971.447 93.023
135.075 606.216 -559.364
-654.352 886.335 14.858
704.74 252.655 210.125
661.459 164.578 403.876
982.465 288.308 -363.616
-88.113 307.486 780.83
173.903 952.677 953.619
-421.479 -873.324 6.558
329.88 -429.808 -179.473
257.821 29.903 -571.756
28.816 269.17 240.929
-249.081 227.28 208.056
-703.229 -306.335 721.642
-93.616 847.963 -285.935
-269.331 391.748 -722.788
223.095 -201.032 689.558
882.828 882.742 243.508
-582.153 -703.299 -802.723
-330.85 -442.21 -705.744
-864.312 -636.375 584.928
-359.807 -262.595 260.351
711.073 -393.625 795.61
-701.622 -328.568 -291.328
317.366 -892.258 -552.611
24.941 840.17 -824.258
-89.658 -421.109 -262.97
874.267 -460.64 455.129
-860.579 529.961 998.32
907.57 145.422 256.962
-995.476 703.895 -910.685
289.133 563.538 -607.113
-124.697 679.371 -89.689
16.975 -352.447 181.518
-978.629 749.919 611.421
-515.249 781.547 -652.935
-662.403 -484.438 689.513
-287.251 -424.749 997.755
-636.002 -437.765 -506.942
-642.969 451.391 234.695
776.531 -405.954 107.021
711.911 2.684 613.015
562.306 974.262 417.574
650.772 -515.104 -728.89
741.214 -337.471 -887.806
20.253 929.016 -933.305
811.976 219.615 484.107
-58.446 71.619 266.658
-664.128 -507.204 -808.242
-380.71 -173.357 464.91
-893.034 -906.463 -38.183
465.222 -394.543 682.454
949.474 -523.684 544.911
845.201 600.44 -341.84
978.544 179.06 -815.618
-549.298 551.582 -446.172
294.601 588.546 -767.065
-840.321 799.269 454.681
-112.08 -461.399 573.447
-295.766 -818.184 724.485
625.964 -194.607 -522.202
-244.537 726.175 72.113
-498.096 747.824 598.72
969.388 907.911 -63.746
-80.118 -305.271 -238.27
492.791 783.613 -944.363
604.244 -705.409 -900.149
-539.545 -364.096 -563.643
559.307 -283.531 -705.707
632.668 677.475 172.625
-595.672 -864.934 310.015
807.104 -134.671 299.252
-214.323 -964.206 -368.654
-880.271 962.563 786.487
381.989 668.171 -145.139
-168.972 687.086 677.243
535.921 919.506 -491.956
404.348 -425.747 60.662
812.125 120.415 905.256
-47.887 -133.246 749.2
298.338 -461.226 979.125
792.155 137.156 105.489
-702.448 204.826 640.936
628.077 -877.546 687.778
434.517 -91.558 30.313
-864.108 108.17 -775.203
23.838 11.892 851.305
800.086 247.899 -227.034
594.033 72.154 -189.102
-443.255 289.422 -744.057
400.606 583.237 -415.682
-293.628 54.889 -551.824
435.816 677.533 426.18
-948.477 -807.977 -641.121
-709.341 -372.13 -572.595
87.26 -176.052 389.797
-873.705 -256.718 518.769
-907.61 881.661 666.924
353.518 -983.292 -986.367
54.511 497.416 528.303
889.513 341.805 416.746
715.841 785.265 486.035
-921.685 -539.357 -375.53
-576.919 557.3 -571.595
-159.307 734.784 -754.362
995.081 164.837 480.479
33.141 78.315 111.303
512.518 198.129 -95.379
-543.228 801.502 -463.845
627.519 969.52 -567.545
-865.208 275.633 741.227
-931.249 646.221 -890.943
-939.145 750.155 -655.806
347.299 -194.141 -522.303
438.711 888.072 944.421
345.255 -180.266 813.002
995.964 -451.082 -676.933
766.087 905.417 987.31
319.132 -79.549 -417.262
808.988 -884.243 125.367
-579.834 10.957 507.185
42.037 -4.07 -659.997
-790.126 935.371 783.651
-506.542 979.178 -792.623
780.551 895.679 -19.17
518.071 578.014 727.158
622.947 88.314 -522.819
-311.807 -226.492 818.263
553.62 -383.553 -284.99
-202.934 755.796 -84.417
77.623 -982.889 -747.063
-24.288 689.399 857.583
-209.318 -910.994 118.336
958.313 959.139 349.722
-115.756 -17.18 84.655
760.373 46.511 88.816
919.52 229.6 -225.982
-68.614 -500.678 -480.921
-816.361 -644.519 -294.571
108.454 -826.833 -284.781
355.446 329.775 -72.77
-197.463 -389.318 -893.014
893.948 437.777 -966.697
-410.388 -790.015 587.54
-217.925 -332.74 732.633
957.029 205.584 -586.396
762.4 -388.329 -566.322
485.618 90.414 685.491
-841.492 960.677 100.961
976.253 402.761 305.886
-71.131 651.399 -922.119
651.006 -247.306 -136.447
-209.679 -809.712 971.63
437.513 -629.579 -410.0
-696.736 972.517 -147.865
25.629 744.097 -29.106
-899.021 -498.168 -965.766
-230.268 945.93 519.7
-462.236 -929.687 192.844
-95.518 -264.725 501.353
36.727 -977.067 -762.892
63.817 -330.513 88.742
-238.074 -694.578 18.872
-841.412 360.783 -997.197
-978.312 135.575 -943.046
66.862 -359.736 144.532
489.905 718.156 -870.543
671.087 526.596 933.878
876.142 394.797 -703.337
-666.906 36.108 477.198
538.947 812.085 807.258
-501.405 355.384 -653.193
925.962 -513.484 728.295
29.256 691.465 -503.964
761.289 138.849 419.557
-502.085 -531.454 63.49
-633.16 758.186 855.381
58.407 986.221 167.785
-551.516 340.608 -131.53
251.373 648.902 256.571
-678.823 -867.769 383.476
692.458 669.371 -810.52
209.334 -2.792 860.968
941.524 809.448 -315.905
283.365 177.553 -255.487
-521.218 408.897 902.948
995.705 171.84 594.445
-400.573 789.573 409.997
946.427 -354.402 517.967
-236.955 785.482 304.272
192.243 -836.573 -658.798
-845.934 722.998 443.24
76.624 2.498 497.486
-954.09 754.991 -526.598
748.411 447.539 -412.898
464.259 -512.285 354.709
482.447 -638.207 -104.767
-30.921 -848.933 358.565
-15.563 478.444 -681.674
-88.047 -194.775 -915.936
895.749 751.651 -169.866
-174.618 422.841 437.986
68.226 487.521 39.636
130.861 -485.785 -822.434
719.572 622.579 -544.185
158.075 -457.203 643.42
942.191 -81.329 -39.327
949.003 -570.839 -821.576
661.396 -30.78 -526.199
-163.956 -313.418 412.789
-859.891 637.188 -255.663
724.471 -700.897 829.114
-554.342 460.723 -572.252
697.082 -646.067 -923.811
589.826 -989.045 -373.376
-202.396 555.12 121.763
419.98 -482.021 108.296
-68.638 170.848 -213.308
-796.706 -920.627 597.496
-365.811 323.183 -605.252
59.979 750.933 525.179
420.098 179.539 452.774
-972.62 -236.09 -1.633
581.516 905.724 -624.692
-213.184 699.25 180.362
213.983 -6.214 414.559
-275.181 -186.68 -532.754
236.606 75.152 365.135
-976.614 803.92 -909.921
-560.49 71.92 491.371
799.136 839.099 719.065
309.047 797.672 753.042
774.098 581.192 59.692
789.552 -261.761 -389.916
28.227 528.306 979.721
230.288 86.073 942.636
-967.396 317.859 -340.651
-635.41 791.724 -497.81
996.2 -554.722 -128.561
163.998 -131.199 463.886
-219.731 -208.043 -378.753
-910.685 -315.297 798.865
-606.859 812.035 74.498
408.91 -291.694 -132.466
781.405 -826.517 437.278
-691.851 866.555 -662.444
761.405 541.085 -94.964
479.866 -395.418 -176.747
-487.682 827.842 672.68
-719.051 219.368 -107.577
520.1 447.154 803.797
897.038 653.391 -755.217
-848.442 -448.974 -367.465
108.678 60.124 -16.812
-88.572 5.132 -83.314
106.958 -407.271 599.091
-247.274 -54.646 -225.657
-277.081 232.241 421.454
-544.836 175.698 -834.598
755.419 62.558 -292.72
-216.483 -418.724 -679.924
-603.98 -748.296 -841.944
-830.125 -865.851 934.207
221.151 149.961 -18.654
-319.993 163.138 -168.101
536.123 66.056 361.752
-862.234 571.353 238.733
-430.255 -801.917 89.202
-547.188 -165.305 -326.396
925.286 613.032 25.32
-417.779 -538.773 -527.671
-108.994 -815.357 3.354
-534.086 -735.248 778.735
-86.824 -984.739 -252.503
-5.438 181.027 347.213
433.158 847.328 -221.663
-647.004 -811.703 55.271
428.336 -803.493 -750.757
38.681 -453.893 -190.827
-247.641 505.246 581.151
875.115 94.589 -986.591
660.291 -727.208 876.487
-196.35 -321.438 -539.669
502.111 -650.979 -848.316
384.815 -65.583 567.914
699.128 -209.045 -447.323
-342.65 -67.378 934.329
848.906 -820.468 -533.235
360.948 370.567 -236.509
817.44 -961.246 -967.902
140.922 -534.005 483.456
-340.592 47.345 537.864
-453.472 -293.952 -375.613
116.644 -829.221 -344.803
352.925 610.443 230.94
85.551 635.727 930.937
-605.829 -305.099 -214.487
683.627 573.607 253.811
501.305 757.573 -909.875
718.361 -69.658 194.16
124.344 590.607 -495.539
-818.247 416.16 254.162
475.338 414.499 969.055
-779.064 361.473 230.474
731.322 427.729 -589.336
-537.846 567.699 363.61
-263.253 -729.926 616.136
902.572 762.121 16.038
-405.751 -914.607 -929.47
379.563 364.351 -706.183
-716.342 -577.521 707.411
-762.248 210.874 -913.753
846.798 -718.55 370.903
-97.099 -777.119 -957.101
688.157 -937.902 938.878
-263.167 -954.905 226.232
-298.242 612.537 582.119
541.732 -841.167 804.288
-17.663 -928.292 -820.642
-729.766 351.837 784.395
-769.937 351.375 847.438
-804.744 -605.757 658.305
154.102 23.907 72.913
-61.717 337.804 113.171
-951.882 546.953 448.145
-162.859 -468.575 -576.103
-828.403 764.995 659.395
59.822 -617.187 686.114
-766.889 -36.095 334.113
-113.781 477.019 -44.169
45.895 840.511 -390.227
-148.4 33.007 615.04
156.291 -739.119 -401.335
961.704 -783.005 635.392
-744.223 279.97 157.002
305.869 960.835 -118.901
-191.69 328.992 34.271
660.615 470.406 -163.826
-358.887 -12.948 -485.191
-240.292 815.621 359.69
840.41 756.331 754.341
674.578 564.96 -192.604
729.487 -307.159 597.508
-238.151 -769.377 930.356
954.606 -743.967 20.245
611.777 -871.246 -246.288
-369.003 900.732 275.509
981.349 998.824 -93.566
-298.601 -735.569 238.714
-83.041 635.601 919.062
256.454 458.653 787.033
-199.133 -946.171 -594.57
668.961 945.463 156.704
258.369 -470.282 163.183
-107.373 900.449 799.449
-580.058 919.895 -94.522
275.229 671.55 969.981
-617.29 938.153 -479.084
864.479 125.973 -360.191
-919.367 -595.813 220.886
-647.021 556.416 -284.15
476.245 -182.383 677.433
-634.608 -42.434 984.765
59.163 -406.098 -408.315
395.139 749.248 -346.244
656.732 904.864 -868.949
-100.678 997.409 52.416
303.849 -463.005 615.649
-655.501 636.298 -821.331
-376.78 443.505 -372.805
846.334 -783.194 -286.312
-741.74 -121.944 967.23
784.349 663.568 -102.409
-981.894 -503.578 321.671
-814.539 -911.706 369.957
-869.567 806.601 -133.882
-209.304 259.014 -687.866
185.728 173.805 -623.694
713.268 -337.708 725.225
-827.853 -106.184 800.678
65.927 614.408 557.467
277.991 596.286 234.085
91.914 295.421 -737.755
691.832 -119.126 560.236
-331.615 422.215 219.23
852.433 140.445 -402.967
549.155 267.067 719.532
777.426 -566.254 -716.694
-340.54 459.246 150.296
-50.333 399.024 857.217
-803.934 927.891 -191.638
817.396 850.38 161.77
264.185 -56.617 -909.348
826.009 -59.68 -15.589
-951.375 -943.402 -72.661
237.281 -483.746 -818.462
-802.938 643.744 -482.828
924.21 937.836 821.574
373.962 798.41 -770.9
447.935 947.35 184.043
-789.252 276.282 -595.088
-61.233 540.937 300.765
981.466 -793.193 627.722
635.29 -559.739 434.231
-207.841 -273.614 795.54
510.535 728.944 -816.337
-429.393 95.423 -522.597
-696.782 498.644 956.122
786.71 -348.298 -926.348
-975.37 -325.087 301.539
609.101 778.077 -930.923
-461.808 -155.378 86.102
308.945 -347.959 494.717
867.97 -976.601 461.995
234.529 683.316 369.082
-914.159 125.953 -507.866
-903.0 -751.808 -801.774
-871.795 796.222 820.949
-695.448 517.783 801.992
435.617 -898.549 504.7
507.347 203.686 443.812
912.201 243.316 -892.837
-578.63 980.125 598.769
242.154 -723.392 -578.864
-856.743 -238.498 -720.67
625.632 446.716 556.232
667.354 754.428 182.729
229.519 -452.488 319.049
599.526 252.389 -204.668
-211.899 164.803 -563.262
892.116 -109.957 642.029
22.54 -324.586 -896.893
-759.713 193.751 163.665
-381.53 543.602 556.504
743.999 567.856 -362.132
-180.181 104.252 755.608
-690.005 891.286 -7.72
901.982 557.051 70.299
431.201 -982.66 218.461
132.935 557.429 401.764
-581.278 -485.879 -954.148
-835.311 -150.77 -406.151
-488.453 959.875 -380.023
962.155 -518.884 620.871
232.095 811.303 -726.475
-151.782 -679.015 -660.91
991.891 -585.295 -685.002
937.933 -912.364 988.362
-662.969 301.93 10.403
52.562 53.035 591.784
-946.129 -167.012 774.726
-259.613 617.378 -706.763
-139.065 -516.976 -286.969
-157.346 88.141 -413.244
991.868 498.188 -482.606
-54.857 183.002 141.759
-255.076 157.222 684.644
759.86 -360.546 873.12
-665.278 -186.948 265.653
385.148 274.019 825.138
-189.1 953.539 824.755
-755.588 916.122 44.854
162.338 290.644 -60.578
-95.442 179.828 269.105
-358.057 -912.212 -687.528
431.265 362.711 209.152
-823.21 -633.743 -653.61
-565.125 -826.419 583.918
556.374 478.64 130.532
89.874 -612.658 -51.384
-78.516 268.707 263.927
659.936 -469.705 473.287
217.51 -736.959 164.433
826.558 799.04 703.117
-127.611 283.5 -228.344
-538.846 724.314 251.751
231.239 -621.244 13.896
-544.579 932.465 -738.438
-651.931 -724.432 -396.497
-929.094 -664.824 596.933
847.001 282.265 -633.243
-541.529 554.688 538.246
854.126 264.48 12.355
971.132 971.658 97.537
-635.921 -104.783 899.094
-932.868 -386.331 538.163
-820.456 744.364 845.737
823.032 882.774 -46.82
806.578 -596.486 368.741
173.261 102.502 864.897
482.785 179.361 567.99
282.701 9.207 -698.138
449.16 740.809 -754.21
-799.67 -405.566 -312.115
-284.803 493.614 296.859
225.428 532.623 686.623
958.109 265.65 727.79
49.799 368.762 323.134
-626.666 -871.706 -617.171
13.957 929.91 10.305
751.599 378.077 59.104
-755.387 992.337 -936.431
-588.873 332.981 -96.044
-568.488 189.558 -812.839
-143.994 375.974 926.121
-128.729 741.656 -971.084
801.545 -412.158 -910.417
789.148 -396.491 648.039
-647.066 949.696 766.262
-596.32 -255.211 -918.654
-806.687 -133.471 655.169
160.959 500.576 644.942
795.075 -421.945 -563.38
599.416 -626.538 326.512
-190.13 392.043 976.732
-372.776 -73.898 378.479
176.949 -556.389 281.627
-182.425 -225.284 -647.675
114.29 -783.501 415.733
-296.981 -24.9 -301.564
-743.866 -837.922 -162.066
356.442 164.858 -885.174
-607.768 -728.85 980.752
-681.929 785.094 -790.936
50.219 633.725 -732.447
-859.074 887.228 -63.695
-551.866 608.206 6.219
-371.843 839.132 818.124
749.365 -732.18 702.964
882.121 -765.113 -509.039
796.835 -759.713 -836.232
995.128 -324.867 -272.779
522.002 619.325 -117.358
294.843 -418.357 698.882
946.401 -220.426 -431.865
-449.167 -958.542 357.301
884.791 -701.294 -97.365
294.45 50.857 509.028
-659.621 -221.225 747.199
-696.974 -786.832 -27.43
-150.258 -998.052 136.779
-307.574 303.231 -584.989
82.77 65.396 -105.657
4.071 258.704 -882.945
632.088 -824.241 640.554
-698.975 -518.656 72.607
-216.266 -184.914 142.082
-842.951 82.235 318.403
388.649 -638.302 67.499
-282.564 499.269 -35.1
748.901 922.002 456.669
973.33 -966.627 -610.421
-511.965 644.588 -806.387
-371.355 947.97 605.678
-24.999 -95.795 -138.646
-779.396 -70.024 -132.396
305.503 135.973 433.911
889.751 62.716 -215.9
317.196 -265.109 -203.755
891.82 -872.196 499.578
231.131 937.385 -244.217
289.701 -716.713 190.148
-513.79 -854.32 26.951
-732.984 -966.487 280.466
397.541 393.43 489.711
-405.252 223.578 453.923
459.377 223.523 -615.914
558.491 568.309 821.528
182.707 -457.71 531.386
-134.564 188.603 420.181
-122.844 768.771 256.346
556.644 -26.682 466.339
-809.571 329.475 781.982
403.95 363.028 -237.264
-762.317 422.296 251.891
-859.041 -177.691 -530.323
-832.017 -302.607 311.324
594.378 -30.838 -890.092
-774.444 -203.359 99.42
-249.527 -128.222 913.637
337.197 -82.295 806.533
-645.559 977.304 -328.477
-446.228 125.821 803.897
-640.62 -158.352 756.934
512.952 492.074 753.399
915.24 -561.779 -200.059
218.849 912.782 102.942
589.781 361.582 -620.699
245.901 292.293 168.478
-822.529 -727.933 -917.271
375.702 -836.908 -253.973
702.568 740.658 -567.311
-769.548 -490.081 173.196
747.668 -178.031 -312.911
-545.435 263.356 -288.957
-114.328 -815.001 -964.546
891.623 -32.827 -97.969
423.092 -722.693 816.762
561.545 -691.918 -845.93
-175.108 -693.482 -995.306
-156.58 -105.911 -478.816
624.571 -918.212 -981.316
79.972 -975.603 451.913
-928.247 -535.215 -278.258
681.123 814.051 -833.402
-142.454 -227.849 -936.961
-278.75 -158.973 988.088
-342.776 655.704 -852.022
-695.855 -581.547 -836.719
-23.719 -589.895 597.391
-550.014 934.962 -441.224
141.5 -808.165 -463.937
367.297 96.731 -302.506
-758.892 -907.497 -363.933
-219.36 592.296 291.507
-110.132 -155.236 244.106
-86.101 839.527 -48.488
-851.796 -537.317 -667.18
91.964 -807.377 -71.28
-297.038 -237.122 324.225
-202.469 506.02 622.105
-156.707 210.832 451.313
-243.842 814.457 144.11
-589.156 728.321 -741.434
847.81 468.058 -775.819
683.964 380.869 431.414
530.656 750.68 -844.005
-505.15 610.666 -829.605
-180.094 -848.162 789.385
429.068 -336.01 -180.846
47.98 509.495 -180.102
-477.872 -766.895 917.821
14.637 -359.472 276.717
994.731 -39.019 -465.397
866.318 -109.041 150.871
126.943 469.95 -519.795
-308.883 695.929 -997.89
-141.663 -526.864 917.59
535.049 -12.479 927.828
499.615 -784.382 -740.123
-609.377 548.408 238.598
-881.267 507.272 -633.511
-912.461 -324.971 850.216
-259.822 -55.76 790.925
-459.029 312.908 519.75
722.05 623.676 -225.751
-295.162 -546.129 906.732
33.362 306.349 -431.532
-460.435 -339.276 773.174
-725.885 509.114 193.743
-386.691 365.31 944.793
-785.243 790.091 269.785
657.491 478.268 435.128
-598.153 -322.719 398.991
364.821 -738.546 809.448
-979.233 827.046 372.787
774.721 959.041 444.275
-362.82 -760.357 504.204
531.463 -382.34 -425.528
-848.307 -632.569 -794.607
-526.351 90.401 779.018
218.501 -949.963 566.925
630.307 -825.357 -64.656
-429.571 361.153 925.08
-296.996 326.628 181.06
25.232 -287.728 644.665
-950.297 -931.361 579.715
-251.202 -389.303 -187.98
457.27 -124.448 863.264
-997.312 -163.933 695.665
-637.828 -627.225 -236.296
-227.372 186.377 681.798
67.591 516.819 156.744
727.095 -330.566 -14.984
856.588 -241.879 337.1
140.609 971.804 419.132
327.663 -643.488 -330.872
-884.337 -831.202 -992.495
-787.383 -815.775 555.432
21.967 609.989 -311.752
-932.176 -439.888 -836.45
-415.384 -774.52 301.477
-768.054 -886.339 826.874
-704.898 8.036 185.777
988.603 443.062 -973.852
-856.307 -749.151 175.322
-328.46 -793.34 -979.947
-151.707 888.498 665.242
-484.359 -673.156 182.415
252.962 42.322 -325.633
-479.533 815.78 152.917
-315.155 -548.883 326.051
-168.486 -790.267 607.684
-363.097 939.156 225.867
105.646 956.54 -788.715
962.989 -746.996 175.866
-3.817 -532.678 -78.893
243.033 190.212 584.179
-426.647 -614.689 672.183
-249.651 509.081 -728.06
675.398 -952.706 -668.226
354.219 -612.441 650.726
66.184 -368.701 -135.05
-205.154 -173.934 627.658
503.782 -965.775 -646.928
-421.036 -329.383 273.315
-491.329 -377.607 221.997
762.578 -836.328 -793.219
27.673 -734.132 885.127
-643.804 -548.266 905.644
231.881 720.837 -272.591
-364.465 -963.718 223.985
-517.206 228.61 -464.193
837.209 819.814 -393.737
230.797 696.924 361.774
818.268 -692.936 512.855
-168.185 710.576 -521.987
734.057 734.75 302.752
291.638 -729.191 -407.402
213.466 975.603 -430.86
-535.06 -60.31 -437.724
396.001 -850.415 -637.259
480.76 -639.334 100.282
-980.25 -935.806 -110.719
-755.271 339.602 427.98
-809.305 600.471 -544.8
-882.558 -955.988 851.544
-83.059 -242.876 -650.146
88.538 489.779 -562.804
455.277 42.796 -712.978
-540.091 -599.357 413.803
-858.721 27.82 -957.579
-231.918 -151.067 706.79
804.08 -471.091 496.541
-50.472 805.384 -941.088
973.494 79.893 -587.988
-673.763 -565.52 323.336
-602.42 -853.957 639.5
-884.604 198.332 -356.978
-939.132 481.376 -157.25
-552.343 979.619 962.885
-855.89 862.183 968.557
63.416 -272.87 -76.95
-655.209 485.0 787.145
-267.862 -515.552 -113.047
201.576 261.503 -973.073
642.503 952.895 -14.228
-493.27 216.925 433.016
-257.954 520.267 295.943
264.143 -121.49 -234.465
-684.574 -835.63 147.122
-343.301 610.341 169.069
-97.749 665.434 -806.003
-855.223 685.481 -62.559
296.02 -671.619 -491.908
453.733 509.365 676.012
-828.948 -409.65 -454.899
-333.234 -743.084 -735.288
621.742 484.406 609.705
472.534 936.362 705.94
738.973 915.837 -204.963
-779.63 25.211 -43.389
-368.275 -451.916 858.988
462.443 -76.31 -131.602
665.042 193.021 -641.519
751.024 608.935 879.988
-488.361 -200.998 -346.996
863.837 934.489 38.677
-34.169 -72.186 -69.492
-72.339 -733.605 615.145
605.484 778.17 -265.047
76.074 302.439 505.072
760.717 -809.17 595.514
-696.25 10.002 -823.028
-176.28 -53.702 149.528
454.804 117.598 -416.706
372.909 554.138 179.425
-973.782 948.508 938.915
309.358 613.364 556.54
-889.24 -568.289 805.596
383.762 -267.119 -207.51
869.754 -21.757 43.565
-574.885 191.933 -482.697
838.404 -274.405 -964.455
460.877 998.141 550.851
206.246 -554.761 -950.433
-916.348 -53.136 -236.073
-129.656 -186.884 -534.601
-309.991 -346.6 244.74
707.676 -492.178 -937.959
643.012 343.341 -950.206
300.756 -475.836 -569.954
855.872 435.666 -52.666
-636.815 -207.262 -944.341
437.285 228.282 53.778
776.606 522.196 433.364
225.411 426.609 -129.883
-118.438 -29.031 664.534
-551.564 -979.413 -110.252
-944.163 -445.153 -646.766
-411.203 325.745 -105.666
-15.204 -556.416 887.976
-899.395 978.139 660.327
-829.874 470.979 636.644
-433.505 -141.764 894.934
-739.186 168.212 403.361
870.32 652.142 762.18
-189.551 487.276 -899.762
-235.153 -42.283 505.871
938.498 -349.049 -995.226
409.958 -214.287 438.392
956.32 -414.884 67.852
179.009 847.11 123.127
354.349 -882.81 -330.194
-873.987 -353.694 -324.047
918.95 -795.926 9.108
255.23 -71.833 -397.816
486.377 712.691 796.58
-529.987 -493.809 768.118
-29.409 -516.086 46.516
272.223 432.023 -957.12
-145.079 -102.542 514.133
650.853 776.443 448.767
-612.098 -989.126 -275.286
911.351 -373.478 -280.508
722.382 -784.632 379.891
737.839 842.457 523.488
-539.051 730.814 123.977
-756.01 -227.075 -648.435
-394.287 -146.541 -394.525
-322.228 789.506 607.424
595.977 -273.071 505.78
357.45 -535.273 -773.29
887.305 -817.751 -626.401
-256.297 -827.194 952.611
498.151 956.781 -316.727
-71.455 -495.554 62.447
98.797 598.788 288.921
103.274 -899.317 -744.891
-422.761 742.998 -112.181
-381.947 -918.091 -858.44
-561.305 857.363 -502.302
-449.589 187.498 -185.634
346.279 -348.596 841.976
-108.197 -191.858 341.624
-59.705 545.608 254.711
-886.735 -193.765 373.294
990.488 147.976 493.927
84.057 -482.386 487.901
728.426 -392.127 -238.328
362.533 -972.857 852.495
-173.174 -978.465 -165.406
-544.555 141.532 705.166
9.334 -115.035 372.262
-903.333 337.633 -815.598
47.421 739.478 -55.184
-493.561 -687.003 227.936
921.212 550.33 -845.625
-190.484 152.724 623.605
-659.374 518.207 634.939
-168.341 -295.433 618.657
-278.706 -103.295 635.451
-957.212 -312.35 -221.084
91.168 464.204 -226.68
-765.557 330.155 -878.302
-615.856 549.682 420.398
-312.992 -927.722 -299.654
378.282 -758.921 -116.83
-34.193 -451.89 566.987
925.656 -113.715 -244.233
276.488 -473.011 -661.262
685.885 311.689 -31.305
476.352 599.894 82.222
-778.022 247.886 -799.587
-706.883 750.174 600.164
-497.988 211.003 -534.008
-943.651 654.508 -448.728
961.806 789.468 -457.53
-275.1 389.512 521.136
635.438 -553.507 -938.505
-644.755 -761.993 -299.041
-901.563 488.473 -99.192
484.962 -602.593 -671.486
650.926 -614.677 806.192
870.203 36.195 -119.16
-632.789 -793.523 -469.95
-454.26 -283.277 477.678
-532.895 -759.324 209.871
718.046 -799.419 356.007
-687.714 736.928 -359.3
142.473 -623.203 844.203
370.0 331.653 -481.642
132.348 223.605 246.129
352.662 -929.494 978.539
-830.956 735.372 163.048
554.482 461.14 -100.777
-636.3 668.882 728.423
-562.398 -455.678 -718.394
220.748 -880.097 -544.208
-381.576 -86.771 -658.957
259.75 -410.202 691.986
-791.711 591.533 -963.514
796.801 922.941 -574.83
883.797 -777.811 844.011
846.018 -365.753 -937.051
-665.373 -576.281 -104.254
-603.001 -200.206 -962.842
-938.821 697.8 535.048
-122.632 51.92 987.18
-127.369 771.51 -659.583
-930.281 202.945 -498.828
44.743 305.49 994.578
237.536 910.396 -279.966
-377.577 163.535 932.832
217.802 -249.665 568.307
487.146 581.79 -107.175
827.467 -446.112 -927.151
957.47 633.389 -217.017
812.331 930.0 633.973
-20.979 -821.461 835.431
-716.227 834.633 -453.38
-341.737 356.471 684.082
-462.301 -266.042 425.203
-869.742 -29.503 46.042
285.218 -562.177 -61.529
-270.317 -717.449 874.945
624.975 38.264 636.761
-939.65 574.203 952.077
168.421 -430.506 -37.453
-21.493 -786.217 -8.541
-887.246 -381.649 894.201
532.883 966.636 -675.425
116.272 -844.44 -498.84
841.268 583.482 615.319
921.933 -461.345 -645.212
-379.985 572.708 470.434
292.987 361.715 319.393
314.181 794.974 855.117
-513.772 920.136 -314.498
-914.86 920.442 563.307
-967.74 988.102 736.599
940.709 -363.631 817.735
228.446 546.564 720.039
-492.981 490.331 -588.125
-161.966 -483.643 -656.29
-424.471 515.353 -865.087
724.1 -707.88 134.084
251.877 329.112 115.477
415.211 17.834 -476.76
-147.086 -190.366 37.574
452.935 -592.902 -507.496
323.859 881.34 -238.409
167.846 511.751 809.026
678.259 763.903 -429.577
515.633 -260.1 823.605
-264.521 625.08 -772.638
13.739 -804.489 580.479
-397.822 157.061 -516.466
983.523 646.304 149.115
-174.632 32.809 -567.153
-655.585 -872.223 1.716
266.482 752.415 -381.974
789.997 -631.777 491.121
-920.448 218.731 -933.585
991.491 507.135 -803.359
-332.363 530.153 -247.188
399.798 -628.797 -984.508
355.496 -540.785 -314.579
280.885 884.792 457.058
86.028 -310.94 623.613
562.173 -474.243 -697.208
-478.495 -91.559 -309.434
3.642 -144.329 -889.109
-962.574 834.282 90.308
-647.963 -545.964 -294.277
-504.876 -552.687 905.633
235.769 689.851 -882.003
-978.799 436.703 43.921
-451.52 -832.999 -359.12
158.135 826.488 838.618
-123.622 -756.367 -872.357
-361.808 -611.837 65.166
154.618 710.527 -987.796
887.086 -326.367 40.975
194.167 790.318 504.172
-19.24 794.552 -316.915
-775.418 -942.372 95.747
414.399 405.501 992.113
-685.58 -373.868 395.95
-932.501 991.703 -341.369
-324.921 551.857 -277.0
975.17 895.748 -69.205
-177.306 278.508 -208.192
709.924 941.412 408.086
204.156 -168.55 -453.344
242.765 882.9 838.87
-107.342 -220.878 -886.981
672.684 53.833 518.483
-782.037 658.338 959.076
198.089 -593.118 -466.975
96.636 836.124 98.567
219.968 -173.318 888.308
-614.069 -988.783 -598.423
423.153 -394.217 76.853
-767.603 702.501 -412.792
-396.481 917.797 -515.702
420.629 -224.468 -524.237
-195.936 21.954 752.701
908.974 200.58 529.689
-69.176 865.816 -55.141
608.099 760.427 188.276
-180.059 830.607 -210.721
325.9 130.166 615.594
828.987 -804.68 34.779
958.925 -617.042 200.129
-310.58 -901.81 997.256
-420.728 924.701 -906.39
-213.951 192.844 -429.553
337.596 280.467 -316.483
-516.141 -820.355 -775.138
599.505 998.687 -461.519
-503.467 79.953 263.56
-913.492 251.329 552.178
252.544 335.18 -957.422
-487.791 678.38 -55.744
-563.346 934.547 -111.542
-718.82 659.576 142.407
51.28 216.933 -89.818
79.444 -642.979 -2.271
968.932 -533.192 -714.502
-45.721 -696.912 -686.849
-865.925 803.117 -813.942
-602.954 476.719 -142.042
-305.606 -223.361 -321.6
403.747 -129.45 185.839
391.434 114.926 699.965
-994.867 -728.27 456.261
308.511 -957.789 499.197
874.869 171.006 -586.422
259.886 -85.066 -988.124
-827.416 848.772 -926.812
-29.243 285.38 -997.673
-887.674 220.469 99.235
3.053 -278.083 570.206
-923.278 -840.028 -550.513
-227.456 21.204 -428.63
-126.147 385.477 -624.762
-154.735 904.636 102.701
-412.925 478.086 -721.833
742.905 -874.78 -842.007
212.519 638.501 -61.757
-127.59 -571.731 808.862
697.847 -914.871 807.783
-948.821 -405.309 481.696
170.688 687.56 649.554
-298.438 189.63 -508.889
200.286 441.399 -327.39
-496.057 932.46 206.454
-122.028 -302.497 833.439
-529.864 -818.066 988.637
596.569 -737.993 248.499
981.201 -34.834 -672.274
262.323 803.252 -535.445
438.199 109.862 -229.355
858.855 879.078 70.127
-346.435 616.067 -86.352
-110.059 266.302 -214.917
-777.617 642.769 112.048
258.193 -941.508 -375.008
-196.158 -70.737 209.11
717.015 -962.412 -493.933
919.85 396.929 -696.257
-74.189 755.087 -539.107
843.345 -823.007 97.15
-607.223 302.707 326.226
473.866 415.397 4.667
-309.112 149.639 646.92
523.076 -289.344 -833.356
-854.377 483.52 665.13
-49.962 -750.506 80.301
704.295 -60.442 -913.757
418.92 22.915 -435.684
-715.145 -833.45 -441.27
527.74 -392.667 567.645
71.357 -943.1 -40.032
950.587 790.449 949.083
-427.842 -269.676 -709.866
-46.758 -918.182 539.815
59.016 849.786 -303.997
-66.063 -818.935 75.496
83.248 -865.629 -396.59
-631.409 129.38 -413.094
-950.204 863.589 773.461
-918.493 131.589 380.933
-930.899 196.079 684.637
191.543 651.151 28.334
684.611 90.194 -296.072
389.977 333.117 978.088
-724.898 736.686 87.754
263.063 -704.169 -717.782
127.561 284.332 989.685
-914.586 -386.13 951.557
-146.823 187.908 91.053
-256.236 -587.955 -978.268
-517.856 -74.081 -221.479
5.395 923.611 332.107
694.018 296.751 975.207
-980.476 -82.663 -904.32
439.77 -902.416 592.25
969.585 -530.129 -118.175
-201.789 160.039 -693.866
987.244 -347.973 820.576
824.191 713.05 701.928
548.692 -215.539 171.405
-229.919 506.66 102.333
-0.818 -704.699 -908.661
-154.138 -377.805 655.63
906.043 442.688 -590.858
-478.282 651.579 -523.584
-897.788 402.252 -37.172
64.008 -437.284 699.98
-137.45 -847.452 492.909
-560.552 242.743 442.869
-727.25 -738.213 -330.945
-720.256 -702.449 357.552
602.46 -510.189 745.575
534.557 -648.549 299.806
-726.765 -378.617 -536.826
-217.36 -78.988 74.108
-866.373 -593.059 90.015
-482.495 155.13 -471.014
-565.163 -446.064 -638.732
739.545 913.484 -525.873
76.765 -300.957 -96.56
-882.699 -781.083 -222.771
147.706 -478.153 -953.71
957.865 865.856 -968.206
-504.858 -220.812 -844.106
-576.199 -459.044 795.976
239.115 161.806 -636.713
-5.872 874.584 -732.447
621.779 450.665 -885.499
389.37 -11.951 402.667
741.855 480.914 153.118
-527.389 -168.693 818.449
234.264 87.832 554.863
-972.696 -814.075 -932.549
685.374 -445.297 986.103
-615.612 -195.97 -632.664
213.506 -277.596 327.897
712.378 335.323 -665.632
-595.901 813.001 -623.757
214.361 58.193 208.461
-633.216 -460.092 -492.757
283.209 -371.712 -624.416
-362.125 817.527 379.042
-611.758 -652.921 884.917
-535.014 -265.961 -112.119
440.287 132.632 133.788
322.624 -784.66 -268.421
292.268 -347.466 45.465
-51.509 824.034 -799.31
-389.94 -92.096 -171.743
-659.517 -761.55 -117.693
816.657 478.102 -35.216
-885.047 -598.542 528.341
-330.181 -81.74 917.256
708.002 712.326 540.249
104.942 69.095 237.044
318.251 608.999 474.924
-318.697 -880.622 -839.87
-330.099 -634.182 -307.146
749.108 477.288 311.8
-828.523 419.508 -71.077
650.812 148.609 541.77
-303.193 -211.423 -815.129
990.605 657.641 940.829
742.927 49.499 -975.33
878.639 470.527 103.071
75.153 -416.248 446.969
-377.866 -14.832 -416.857
-518.87 -969.825 -872.268
630.169 872.76 -138.974
-907.815 -832.414 -85.076
-738.008 -361.777 -480.275
550.091 712.274 650.406
212.34 -711.605 -717.657
-567.911 -792.99 940.613
694.509 -105.406 -185.372
448.36 349.0 -415.849
-960.983 825.092 -35.35
634.045 -494.693 855.79
169.104 992.684 -725.253
-284.56 1.609 898.507
987.867 222.194 -372.12
-651.478 -894.491 334.445
-998.532 922.714 -593.089
172.716 417.082 -304.979
-162.535 -312.246 297.509
764.432 299.634 948.487
-493.814 96.287 -859.048
-118.575 -396.515 773.828
796.497 -425.069 462.916
-155.417 396.591 405.992
529.88 594.477 672.544
-363.39 433.247 -81.136
-975.047 472.321 -270.741
64.698 -921.089 -502.864
-687.714 229.298 -468.708
142.354 392.228 588.495
461.188 150.501 -754.849
431.003 -616.92 -334.794
808.765 -186.503 700.582
510.903 266.98 -588.76
109.994 651.214 -374.281
-809.207 -623.962 694.371
764.666 -707.317 733.427
201.804 946.268 -687.386
74.231 445.152 -702.338
-267.862 242.855 -101.637
300.643 799.432 870.379
-995.059 -85.462 738.115
-820.653 -408.932 420.85
-191.984 -543.909 300.51
508.36 807.18 493.29
-347.642 -974.411 -503.34
-677.011 -202.512 108.938
-361.079 549.143 -217.729
651.432 -823.613 941.709
702.557 471.107 857.362
-159.163 876.478 727.846
239.926 -916.396 721.718
936.222 62.634 163.278
553.47 -219.783 -523.169
167.637 101.874 585.01
390.669 32.547 83.949
146.454 -783.688 -265.906
766.539 561.321 -124.075
-154.753 874.814 -762.911
-344.629 -663.534 -503.226
825.597 695.42 384.775
846.799 -913.479 -427.126
669.583 -983.142 -453.58
-366.311 827.816 -254.698
-116.312 -97.871 697.51
658.218 -142.889 804.131
-442.56 -732.942 -768.595
-925.683 -119.479 -124.264
-799.588 346.437 434.851
-730.015 987.938 571.235
-612.243 -576.206 391.969
82.324 -375.394 -286.879
-576.079 466.352 -881.549
-248.093 886.052 -176.01
240.705 -658.906 596.744
236.4 -623.676 -244.49
-796.72 132.245 960.67
-273.985 -527.317 -675.083
141.772 807.454 -817.177
-592.739 731.169 -269.939
-225.765 254.501 -539.394
-535.698 -527.912 -187.216
-643.612 -863.086 -770.994
626.45 628.12 -493.381
-383.647 95.209 195.656
-467.773 779.985 -829.921
-375.092 289.772 -486.555
871.849 -544.126 -840.429
449.588 349.134 597.677
296.306 -606.74 -605.639
-958.13 -840.739 -198.313
623.156 396.558 -535.264
84.923 -153.075 791.629
-462.408 -426.608 -827.22
-540.053 -19.705 -618.198
-59.118 -237.738 -631.365
701.693 877.059 447.057
-384.484 879.291 363.543
-984.171 -203.457 465.046
-735.573 84.804 109.09
-525.106 734.329 787.503
-883.454 -869.398 -124.021
870.212 974.862 -482.046
970.019 654.052 411.113
869.955 996.853 -76.538
-365.417 -151.737 770.455
287.076 361.352 -598.752
579.757 84.589 8.876
563.272 131.656 -962.06
-892.673 57.128 266.259
519.488 400.893 934.425
-359.313 60.509 -709.612
-625.929 335.599 -791.512
760.376 932.02 99.988
324.762 -738.072 439.748
95.277 -640.367 -642.235
-813.443 18.438 229.517
-697.979 -68.19 -587.137
-714.157 219.889 937.662
-614.264 831.146 923.578
-837.476 513.003 177.086
274.55 -670.658 869.854
900.885 175.19 980.034
-588.704 122.782 -82.599
859.855 842.123 -376.33
-780.664 -869.43 794.016
-411.66 96.167 -57.385
994.172 915.105 -687.477
-631.209 -848.844 330.227
103.997 -68.872 -704.012
-930.266 -334.974 -472.354
-300.598 434.078 -240.915
-293.769 -77.501 361.658
-293.128 -138.016 222.194
-858.752 13.571 923.171
-348.111 -79.976 -991.705
409.977 -556.02 -731.222
-795.872 12.532 526.851
-41.3 765.675 545.907
-502.328 -598.376 377.397
454.56 64.615 864.762
516.24 945.193 -656.444
-916.309 814.249 -483.033
-254.136 -411.755 -631.278
-64.331 -838.74 -596.174
114.395 776.019 770.533
653.974 75.639 -790.621
937.747 -207.744 -26.639
-25.441 -969.87 7.143
390.062 61.12 693.217
-928.261 -870.047 77.845
-667.53 117.358 307.771
251.876 977.665 689.503
-507.879 -594.403 896.769
-409.421 -878.839 -321.478
-102.523 -964.258 80.616
-200.899 -41.41 420.648
-2.965 -918.808 917.393
-96.537 415.055 -721.87
-84.724 261.721 333.116
670.938 -448.03 448.035
93.234 -794.516 -665.417
770.274 -762.793 311.592
-586.894 -159.656 -898.715
-420.698 336.358 -305.409
-963.59 -341.225 -428.894
924.266 -496.663 -361.763
813.466 886.391 390.373
-58.629 -634.057 70.83
-29.596 906.028 -983.843
567.871 810.038 939.503
-257.075 511.325 -977.736
83.455 -620.463 -401.071
-439.142 419.823 -832.623
-712.172 -292.689 270.252
-150.602 20.442 -574.74
-55.636 -711.276 -173.708
-692.539 253.488 -312.159
743.002 -177.386 60.872
272.621 184.072 48.215
734.128 676.471 -881.258
-477.303 330.163 -258.185
718.872 -680.783 354.334
537.62 -640.184 -65.589
-664.485 -761.925 -390.339
715.784 -949.923 896.869
-660.984 208.046 351.801
-8.737 952.874 554.718
439.336 863.363 832.766
137.346 -410.077 624.985
718.085 456.817 700.405
33.927 529.445 894.186
-212.576 997.956 899.89
697.618 -278.288 -412.807
-790.074 -28.372 982.662
-582.183 953.251 -201.16
668.4 -59.028 -566.838
94.196 -610.53 481.667
-760.178 356.195 -304.038
281.144 945.871 -617.38
151.797 -716.989 212.644
-971.526 -774.908 418.745
-896.372 -256.517 266.304
-56.327 685.173 -828.177
604.572 -844.634 -626.619
-489.172 24.607 158.627
-490.979 96.232 16.591
705.597 -796.417 -714.178
-275.55 641.534 966.142
-822.002 -365.73 -674.714
764.908 -497.368 -895.458
756.231 -793.494 848.269
-182.753 -769.012 211.302
873.309 695.876 541.281
-489.424 537.914 964.324
981.385 708.111 -860.388
-749.581 -332.145 -882.942
-361.779 -563.281 -699.016
-110.593 -525.381 -724.468
891.394 -159.846 -551.212
-94.025 760.133 800.587
-415.916 133.561 104.111
719.199 635.424 -438.166
-612.991 -458.463 144.935
-485.349 360.434 478.483
-542.157 519.862 344.523
223.479 379.508 385.046
721.314 148.293 470.009
-92.274 -335.138 -461.253
394.014 -653.135 -413.897
-840.829 593.563 502.791
417.475 -253.527 -714.663
621.586 -786.024 519.734
406.713 937.618 470.595
932.268 680.578 -130.034
513.793 600.115 -606.635
555.945 -327.901 -623.212
114.84 512.912 -593.3
-398.804 -264.715 824.448
-722.716 -639.972 875.206
-531.54 25.309 -425.155
151.765 -408.015 638.818
483.948 -69.799 -843.644
193.879 -189.657 -687.137
-859.786 -252.031 159.498
-642.6 -944.898 96.013
188.537 865.145 433.708
633.375 793.131 603.454
73.934 752.331 388.135
629.281 -300.823 920.807
-176.569 -309.665 -137.395
607.232 -13.543 925.549
-458.6 540.071 -445.423
-192.461 -491.003 -235.614
-156.337 920.334 -570.966
-545.056 312.362 732.238
520.34 -800.727 -623.903
-263.743 -82.036 600.129
-936.484 171.931 349.635
562.247 881.782 774.979
-729.148 -209.149 -748.905
676.606 952.368 -17.21
460.411 935.263 340.425
-441.078 460.694 -660.226
437.674 734.341 -571.006
-628.575 -505.387 233.061
-825.313 -45.497 566.617
500.766 1.05 878.608
505.086 605.79 79.627
283.093 501.775 -922.876
-957.548 -528.199 298.624
808.825 -944.062 88.111
-437.493 245.234 237.728
158.689 -394.573 267.9
-121.213 555.889 -478.564
355.856 -627.366 36.166
273.538 -645.347 -708.489
639.126 802.351 -198.939
487.228 234.137 732.63
-90.321 651.209 -726.145
-930.418 -43.62 -142.447
361.698 -752.52 -620.932
-372.488 102.69 -722.222
-357.325 678.965 788.542
-106.677 661.438 -216.378
-936.061 729.276 -762.206
-136.911 -959.089 468.872
512.483 -565.368 285.695
89.132 -318.203 591.647
-977.674 18.302 -96.556
543.769 -32.981 -894.995
-492.387 -638.225 -802.069
-550.318 -447.091 -254.511
-293.546 23.746 -418.749
-908.688 713.4 690.082
827.892 -115.158 21.965
53.338 65.448 -184.661
239.062 743.552 118.513
539.565 702.397 -271.881
565.015 84.022 873.918
-314.335 -16.166 -386.2
206.671 474.303 -751.687
-942.196 365.573 760.465
337.553 181.024 -856.731
-951.783 528.423 -962.641
163.095 779.304 -640.362
-487.651 -304.147 -492.468
501.584 431.866 -523.187
1.535 -511.392 -459.717
312.414 -202.581 -298.983
622.738 -336.769 -301.715
-72.202 407.355 264.514
-111.71 339.698 -432.812
455.328 752.551 670.631
319.65 -451.121 -747.084
-699.836 -973.348 -35.261
885.544 -748.829 99.426
484.627 -271.179 -374.9
498.672 97.879 -239.984
647.456 277.551 -217.335
-521.078 569.047 696.365
-403.035 544.624 -836.895
-46.635 573.242 719.159
-361.459 208.264 201.765
906.691 773.463 570.386
-791.588 -997.632 610.251
-820.903 557.621 -808.569
575.825 -867.753 -231.372
698.154 374.463 -863.23
132.556 830.752 773.226
-92.46 633.495 567.489
515.416 -714.261 -104.411
320.229 19.586 232.928
960.068 778.834 680.316
-45.337 -948.2 197.142
-847.631 254.386 -270.364
-269.149 -587.288 -998.152
-491.721 -380.213 418.884
536.96 379.043 541.435
-758.589 -769.248 281.808
172.796 596.895 -84.466
446.241 104.447 -921.435
765.301 929.755 76.196
375.815 143.525 -874.264
-258.914 320.37 -234.399
551.324 459.478 864.566
-567.96 -324.266 -970.138
383.417 965.448 681.811
-375.78 -844.58 -298.033
637.494 330.449 121.504
319.491 -305.44 652.05
238.867 424.523 670.59
108.838 -758.192 -284.3
350.443 -855.812 -357.052
82.52 206.387 761.884
606.298 -730.829 -353.34
72.643 -660.084 -816.284
405.875 -874.661 -89.298
585.171 -696.189 -254.429
649.504 427.383 306.665
211.969 273.719 230.972
-930.499 466.246 -259.949
371.16 -623.157 584.568
925.803 -487.343 593.438
-820.615 376.882 899.44
-202.427 134.291 982.972
-668.095 -417.49 669.041
-389.04 719.781 -631.61
119.711 -284.228 -998.168
77.654 0.287 741.462
-907.328 276.97 655.264
158.859 -10.151 -749.45
411.384 587.676 157.474
-455.173 722.669 487.097
-824.599 404.398 -109.674
-999.687 563.69 -964.86
830.68 865.813 -706.085
226.854 824.497 -290.172
295.962 -350.174 43.09
231.204 451.411 -230.285
281.082 474.25 -451.966
108.75 493.477 765.653
804.11 388.674 590.369
605.416 486.286 -290.176
-754.309 -314.537 295.039
840.344 561.527 756.29
962.126 363.492 704.338
-153.339 -369.473 -85.989
894.562 -834.768 -696.765
99.387 -408.023 735.745
-240.518 314.943 -132.113
20.424 250.696 419.068
-952.04 48.116 730.662
-14.519 -99.733 -935.436
-657.197 719.876 409.512
-677.665 -904.524 -465.537
-80.36 -323.803 -525.284
-868.419 646.628 -158.706
924.926 -26.201 -442.686
-65.53 889.543 -874.473
337.313 -604.388 -129.395
41.479 -949.972 -603.223
-14.294 -306.834 -153.187
535.656 81.371 -129.046
578.813 -874.219 -493.49
-702.434 -585.689 595.289
-124.701 642.25 793.29
-10.946 688.923 -360.178
-1.745 300.13 22.286
-127.592 112.953 558.012
284.644 -11.579 -648.238
566.049 634.369 622.529
673.659 -637.734 -512.088
205.989 -700.317 -559.295
444.114 -49.96 -578.206
359.835 -514.057 -59.229
-95.799 -15.996 530.397
314.208 -263.784 957.011
-151.794 937.271 -179.921
211.163 331.008 938.862
41.555 573.582 -795.117
-805.134 567.763 -801.128
-215.99 938.166 -578.012
754.259 134.862 366.134
260.816 191.385 -748.258
-886.763 -863.13 285.488
164.532 42.391 -745.503
701.783 634.983 109.956
495.581 210.208 9.25
-729.692 -57.958 932.042
-77.233 563.072 -153.923
-81.134 -797.36 -965.916
-511.859 386.378 -773.455
-860.298 -982.126 285.912
-220.873 -964.435 -558.728
227.98 137.272 -923.336
563.476 427.75 30.383
-784.208 -372.681 371.576
-715.138 993.666 -332.299
-80.148 -952.603 511.632
-892.237 -848.441 393.782
-32.663 -570.345 939.705
-86.099 226.682 -71.111
-844.801 -998.829 -872.696
-750.986 305.82 82.994
-26.74 689.393 622.654
-382.651 -596.277 -576.681
-53.449 779.694 93.074
44.164 458.816 615.578
503.806 -378.908 -453.934
226.628 -2.77 -206.809
593.679 -731.991 -272.493
-572.02 54.243 -227.35
927.535 515.092 -258.209
-460.122 -555.643 -994.029
-951.861 -935.869 886.513
-973.051 960.407 934.161
697.376 -858.558 173.548
722.631 -474.924 -318.167
796.737 -610.365 385.759
-682.243 609.172 -960.433
67.228 -401.215 246.833
977.535 710.633 251.669
-348.286 624.031 117.822
-518.944 -912.551 -302.775
436.729 -345.862 557.283
-594.273 -752.736 775.216
-714.524 539.021 -511.243
449.616 227.066 890.521
762.118 689.118 -852.386
-217.476 -405.164 30.985
-321.416 110.37 -221.649
744.059 -818.866 -722.576
517.372 -34.05 958.708
462.496 840.892 732.616
952.318 356.19 299.71
827.985 653.109 -903.815
-286.298 -199.91 -325.628
32.782 852.429 230.232
937.042 -473.261 -77.778
-57.132 753.649 -929.319
-175.955 -701.487 -596.816
-466.17 -878.022 -152.942
305.112 579.972 -885.756
-742.309 -38.219 -889.384
-586.967 -440.818 98.662
765.212 859.498 -126.604
86.08 -131.14 842.809
-10.352 -167.801 188.509
68.777 -327.145 -30.646
373.99 471.311 -576.31
460.624 -999.852 151.541
-852.079 -70.586 787.136
-670.116 -321.123 -540.826
142.108 -849.076 -696.424
604.743 464.702 -45.785
482.726 -667.08 180.107
122.262 283.098 -663.051
247.109 514.997 12.798
-766.306 -770.563 495.388
-859.061 650.051 -881.271
222.214 -520.785 723.174
-156.608 610.584 595.125
145.2 314.39 -241.333
-47.444 -398.34 225.041
908.427 610.229 994.228
-506.032 -594.749 111.329
320.221 743.109 -828.796
385.149 -595.649 450.899
640.324 654.928 -359.446
-131.738 -467.829 -632.969
912.674 -701.039 383.164
129.884 100.533 -231.337
-757.439 846.478 -541.804
-265.758 401.096 -339.08
825.109 217.766 839.861
725.07 25.623 173.585
-640.784 920.8 -310.142
-812.226 443.107 -556.647
-657.737 571.566 957.184
-397.355 -173.917 480.544
-774.26 -236.227 734.038
-204.915 -956.135 -502.251
-988.979 -313.261 -942.646
-570.448 -221.722 -347.646
-901.645 852.3 -488.043
-399.965 864.416 439.218
-901.127 257.417 -319.402
-658.136 827.876 693.754
-934.633 -465.618 -578.108
-392.427 420.35 940.411
-728.465 457.361 -463.559
488.135 -379.479 404.936
-390.476 -842.915 -337.825
429.37 -136.101 -305.277
489.369 -493.471 181.502
-122.523 806.45 -873.675
-531.436 267.516 -897.066
-622.01 -378.88 135.763
939.233 975.761 303.559
35.592 384.197 793.704
-33.609 -18.431 56.555
703.232 -684.433 282.369
854.266 864.548 856.46
-767.383 -850.859 772.578
624.016 789.809 -358.249
343.565 776.938 387.432
-610.718 -472.973 106.179
-426.097 -719.197 508.125
-425.78 -231.42 775.117
-12.958 554.497 -487.28
-145.735 431.447 -259.812
752.241 203.735 -87.586
383.312 254.346 596.531
-951.154 -577.783 -488.977
-591.801 66.273 -115.702
-902.923 697.483 1.402
-380.108 81.128 884.899
230.417 619.41 104.43
-203.422 -630.868 376.888
87.76 -844.827 -859.942
-514.259 827.246 -631.521
-321.531 -106.303 626.761
443.617 645.379 67.756
-257.158 785.731 -878.299
-606.396 63.541 273.677
-398.071 -377.677 -970.516
-894.432 869.334 -459.713
-828.697 504.941 700.13
128.844 750.586 879.031
-109.147 -80.428 -421.899
-526.542 -171.659 658.765
351.718 159.133 256.253
683.429 155.312 -191.253
430.077 -99.337 -486.717
-139.136 628.15 -878.39
-986.373 -526.434 -58.775
488.07 236.012 864.779
367.071 777.167 -752.522
-622.311 323.932 890.752
-421.47 442.87 -672.329
-123.639 743.051 -25.477
-766.753 47.997 693.128
-751.118 557.989 64.755
728.555 216.83 36.729
628.208 -493.237 896.77
282.77 -790.433 -535.109
615.52 -770.472 538.996
456.314 448.13 -851.699
-634.566 71.189 -281.971
-836.813 504.539 308.844
-26.095 -674.711 394.295
-646.676 620.704 -882.65
-956.277 -64.405 -671.109
-190.433 999.573 -958.958
-426.56 -26.454 -730.379
817.351 -406.651 179.37
656.572 445.978 880.55
296.016 -362.547 -810.029
37.964 -709.718 412.974
360.834 450.743 -216.068
570.442 -272.639 626.381
-67.407 -308.227 211.833
-617.431 893.315 512.761
763.127 536.583 297.003
-658.399 -710.948 346.242
843.178 -395.599 -331.184
-80.061 -203.794 -160.881
-654.315 -255.138 -730.469
-976.986 -60.363 2.377
-814.093 896.655 -866.522
-872.248 -763.77 -308.111
-119.176 911.607 -275.938
-706.618 -299.357 -571.411
-203.459 946.59 594.203
200.395 -304.547 -871.411
613.328 972.055 -722.056
921.468 -132.569 921.211
316.974 -80.11 613.948
-852.009 -47.805 953.448
745.661 -114.593 876.274
525.444 -954.218 940.859
-617.831 -824.855 96.651
-691.118 -823.29 967.901
629.227 -1.081 686.839
-884.795 -780.459 -57.52
-632.107 -568.572 629.917
777.463 19.508 308.598
-631.912 -534.309 -837.948
927.047 680.934 31.132
294.456 -999.097 -909.655
315.015 -384.044 339.461
536.641 -378.547 -856.085
657.823 711.978 -738.032
775.019 -978.934 -481.711
329.745 -111.679 655.987
603.846 -436.579 -139.889
576.097 -930.974 146.878
-579.895 552.864 -976.285
-969.89 700.549 24.903
803.976 -163.484 877.954
-860.357 -564.657 -817.923
447.395 -699.27 604.001
947.746 75.127 233.316
223.007 576.148 -515.493
-207.193 -701.482 854.638
-496.717 -698.907 -322.572
678.328 28.937 -980.95
154.112 107.655 603.095
-530.035 -698.562 -475.095
-349.125 446.878 775.73
189.262 -865.807 -45.749
477.848 238.771 305.259
761.998 -238.033 841.605
777.48 -443.906 -809.83
-399.286 -852.234 -913.037
733.954 518.836 -461.704
-197.89 339.599 -807.043
154.285 228.583 -907.264
348.739 -509.464 863.932
-819.565 121.02 566.482
-800.484 6.86 -216.178
363.597 983.818 -659.066
-773.203 -297.28 491.45
884.712 -92.569 614.452
773.515 -310.536 -341.725
473.749 132.011 -79.821
-583.588 -397.736 524.217
685.72 -246.111 -295.463
-255.899 -671.154 444.164
-521.815 -218.027 627.466
-833.802 233.29 543.469
-488.086 749.302 -525.031
-878.972 -111.725 -524.192
571.364 -388.329 616.051
-245.633 -768.582 -223.171
709.486 -201.734 749.011
-571.832 877.25 -255.865
-357.815 -392.917 354.731
35.823 -661.783 884.811
947.087 902.255 775.664
757.999 -287.875 -145.992
401.878 -119.206 -554.376
-974.804 830.776 125.879
245.051 521.087 971.018
-468.58 -384.906 458.671
-13.322 894.477 36.589
-973.548 679.013 -680.827
-661.062 -886.303 -616.352
115.912 158.433 -111.657
-221.807 -230.317 806.867
-692.628 -756.692 -898.647
676.879 -428.624 -120.001
393.136 -544.023 -997.399
9.791 -305.613 341.153
-133.858 -620.11 844.824
361.013 2.41 354.356
649.333 47.857 374.449
348.036 -319.672 -214.177
-437.199 976.589 324.97
-268.31 -490.354 756.746
-764.794 -446.932 -824.105
794.919 -868.183 703.093
185.813 -255.82 638.559
-958.045 658.076 91.588
508.421 -746.647 636.671
-962.91 765.068 -464.456
182.842 -225.77 -17.148
-575.677 -484.987 -394.272
116.102 -632.276 -742.104
538.021 -614.647 -320.983
309.908 -891.916 327.051
236.102 583.523 -902.131
659.631 -410.931 376.783
873.083 -313.254 645.545
144.32 -634.294 -679.246
-262.465 749.439 537.931
-589.114 289.247 721.387
492.529 97.649 -436.586
178.605 -664.723 394.13
-890.66 -60.74 -716.075
-390.752 -844.668 -849.129
800.554 323.344 -866.156
-736.649 810.867 -65.572
-468.783 -671.354 -356.065
337.61 395.103 -106.258
-63.75 687.628 323.255
808.615 512.905 -333.409
453.179 -615.209 -260.16
681.59 -735.277 -917.851
790.281 -459.308 821.749
372.736 984.861 -795.451
-664.843 541.452 878.915
-377.576 -387.192 -28.95
771.712 -329.457 188.534
605.425 -427.183 -431.774
62.3 388.232 -890.585
-829.719 793.262 385.634
-452.899 -989.237 -770.627
984.693 -172.48 -729.438
900.75 546.948 -666.288
106.817 459.655 -38.396
717.818 -513.923 -154.103
685.802 -20.488 866.612
-107.001 -689.628 925.32
-692.417 629.968 -416.546
286.946 -999.272 823.356
-868.226 -382.948 310.952
463.4 -558.072 -412.729
988.122 80.322 149.306
-82.908 128.422 -498.362
-791.764 -483.407 645.924
480.13 -135.335 -401.585
653.25 -826.015 97.594
-453.612 252.948 548.048
176.742 806.052 99.299
-67.307 -5.155 -512.842
563.217 712.258 865.988
-333.466 -969.892 -72.125
491.269 71.398 -319.36
141.475 -123.998 677.535
475.62 -616.813 670.467
800.901 705.078 221.118
-79.728 458.158 -993.283
230.656 46.799 -160.439
515.076 -475.39 187.368
368.126 174.029 -188.447
999.691 210.119 -656.556
-407.168 684.926 938.322
82.512 656.694 298.996
760.251 -445.406 664.767
-401.831 -938.489 -431.081
-230.907 362.112 475.499
-626.096 860.989 215.019
778.246 -372.474 -857.506
-630.014 -788.453 790.005
-200.672 -849.059 361.945
-776.882 2.642 -243.062
318.863 -620.701 -446.609
-951.779 723.68 -293.972
-680.552 628.426 -190.783
835.865 272.476 683.716
-354.977 994.746 -355.954
-663.584 -237.544 -782.836
-145.155 122.695 100.858
-931.941 562.13 -900.682
-21.649 411.415 -535.035
-825.269 465.29 294.215
-330.205 383.943 -323.529
-86.403 -640.789 -510.464
-954.775 -928.9 461.19
-479.547 835.377 -239.369
-700.478 651.933 -535.053
-969.314 -96.184 -469.348
407.266 887.57 -777.215
756.398 -740.569 424.423
-51.339 36.007 101.586
-671.3 -85.544 134.545
550.604 131.376 989.789
-121.2 -819.157 116.774
-802.039 640.771 466.428
-796.099 622.392 418.338
375.335 -748.493 -678.863
620.144 -198.129 101.309
780.323 -348.344 -557.288
-533.695 -396.798 568.806
-873.162 -333.447 -648.616
-156.534 -523.851 -368.949
846.976 -122.52 320.594
436.609 225.838 -956.115
-875.631 -4.786 -703.576
172.421 -272.515 -989.25
-140.19 -823.148 736.72
-412.857 558.09 618.53
221.659 826.763 -372.935
69.994 -97.058 467.28
-450.061 356.905 -395.109
-64.552 381.213 -682.444
-283.703 542.696 -543.075
605.482 -485.375 553.506
294.238 -235.424 -208.745
-150.616 853.415 529.659
-922.358 -357.66 -40.792
583.618 641.852 905.376
-741.523 404.646 314.528
-589.755 -975.135 859.378
398.683 952.46 -23.401
415.236 -187.053 -336.663
-280.621 56.191 926.423
-52.194 -377.775 -240.97
-454.08 879.302 -732.016
647.948 168.749 -120.083
-584.322 692.978 -627.089
-685.538 -49.55 -235.864
-845.463 -991.956 -19.571
-451.569 471.643 -64.277
-951.388 607.726 -129.039
94.682 -779.278 412.079
696.252 867.532 542.787
-968.981 -372.017 -409.173
169.57 638.182 973.25
654.407 -40.059 -919.488
-92.433 -171.296 -941.839
-82.743 825.916 -407.116
612.919 284.918 718.136
827.643 252.415 720.089
-187.106 476.612 262.01
920.449 -796.322 -692.243
996.178 648.188 148.455
910.678 437.742 560.556
-600.308 625.908 -191.663
-453.064 -930.58 117.63
717.063 -693.754 -819.861
-506.285 115.555 -647.838
18.369 932.254 592.359
473.843 -78.972 476.599
554.474 -610.475 807.526
-461.085 722.626 -345.713
153.956 568.854 715.2
246.552 890.879 505.231
692.961 -599.602 -726.756
-420.359 927.281 -877.85
-769.796 540.589 -186.429
889.617 -169.011 614.319
-39.484 -104.563 -904.388
534.678 863.618 503.972
-363.798 -478.529 102.449
145.556 -325.141 937.305
848.799 116.22 -620.761
-903.254 -474.007 -799.478
318.293 616.864 280.763
921.549 781.691 926.928
-486.881 74.35 680.21
-919.085 724.984 81.712
918.711 982.841 -555.895
-580.845 226.459 957.588
-72.741 821.805 -698.896
-712.752 -39.942 925.512
-369.908 -209.694 388.41
-477.366 563.186 -700.061
709.572 909.348 -943.588
-303.234 527.689 386.554
-172.422 156.401 71.763
-406.482 -824.516 424.595
-441.066 -552.422 -69.628
-145.798 -568.751 137.534
-291.707 347.6 -687.775
-557.395 -868.23 -707.799
433.197 -393.818 817.068
144.543 57.649 388.54
469.831 579.148 -974.575
16.985 -375.61 -142.706
740.345 -341.626 905.894
-597.568 -622.832 -15.977
-228.264 -897.83 -296.434
285.673 -708.572 -799.684
-265.589 800.764 -784.414
-328.11 -303.656 -841.276
-681.709 -90.627 799.702
-658.282 355.998 -952.54
-958.498 494.714 -627.694
-118.473 -730.525 -308.761
54.605 -49.01 572.345
629.017 -379.871 498.216
562.034 -855.382 -525.805
-638.342 111.411 -706.279
20.794 -379.404 249.817
577.978 -789.796 -412.829
947.854 274.023 327.306
-783.785 212.621 -40.965
-209.767 623.624 -423.36
-596.225 291.326 384.382
-514.461 -994.929 61.973
546.991 -593.041 93.357
-921.33 -645.414 -351.932
-323.67 357.112 -753.264
-354.44 -685.03 -301.959
582.376 619.964 348.479
-901.231 892.553 -75.601
-399.757 939.968 -370.834
900.21 338.267 491.175
380.923 -755.866 -561.862
-453.439 -112.858 754.7
-450.276 702.215 343.841
833.137 -644.682 -310.027
-538.489 44.979 311.094
727.559 -85.243 -308.626
463.836 -163.431 -976.976
-394.853 -604.877 963.419
813.612 277.516 -516.055
803.171 432.915 -698.99
-925.443 -978.391 -182.498
741.184 -221.774 -969.266
379.439 285.165 -150.865
32.666 109.243 -406.644
825.729 -768.886 435.381
-20.169 -344.827 -671.268
-908.421 -141.596 -171.457
731.82 -378.926 628.275
-785.732 -645.196 -511.706
704.319 -559.392 -76.252
-622.241 -327.422 232.648
246.205 652.809 -942.001
781.654 559.368 360.777
570.844 211.746 -293.698
64.008 -197.811 47.038
126.993 -208.217 413.295
-611.561 955.205 -767.461
-791.575 -150.821 -913.15
-231.205 -273.933 -402.184
-879.197 -964.074 290.407
-878.888 974.717 485.151
926.491 652.156 -630.603
-767.125 338.335 -337.098
-127.996 356.242 746.757
-23.875 -239.466 403.263
-60.466 -288.809 -646.671
-544.341 118.487 -972.632
8.926 -776.967 502.178
795.687 -154.236 -619.343
463.54 -950.505 205.777
230.85 222.049 947.493
-914.613 -642.422 -33.811
-935.922 828.697 -211.766
-688.94 933.158 521.567
-462.473 208.528 -378.734
67.549 515.338 607.64
-665.638 209.584 800.67
-451.214 -910.709 -151.347
189.818 485.206 614.43
-224.462 227.583 -582.777
-337.33 -678.462 697.336
-187.953 -148.157 -851.136
-794.676 228.89 43.496
-585.878 958.523 527.259
-199.204 460.892 540.083
332.822 -184.676 19.313
-540.556 -429.53 418.05
-494.043 -362.324 256.911
726.749 79.5 923.144
320.71 -456.225 -229.435
-622.972 -722.821 -913.815
-873.281 381.959 -508.692
9.688 -256.102 -556.496
374.44 -955.611 -820.437
-736.024 735.841 789.679
948.617 652.162 -545.2
-489.145 480.504 -730.361
-766.657 -419.804 677.671
847.614 -810.586 -848.517
-856.409 529.291 546.963
-815.599 285.583 491.621
-51.783 -14.815 -808.414
-429.116 905.57 -181.746
-716.46 -980.346 -563.149
-773.373 26.882 -199.438
63.339 -782.682 230.788
-359.798 -461.215 874.082
-634.031 20.779 654.929
-434.853 123.564 -195.008
-245.003 -988.432 975.444
-302.706 -916.699 -345.22
170.937 -744.943 -370.224
-10.353 685.76 722.868
964.308 -943.084 -535.393
243.533 534.23 645.701
-458.898 -386.583 770.785
-132.884 -244.354 -753.379
-580.223 539.012 -961.125
363.858 -391.558 714.059
184.392 360.754 -863.985
-51.374 139.394 817.973
252.762 -568.748 -180.207
-182.22 -447.693 178.246
209.575 -943.588 223.571
145.571 790.76 -383.994
-21.58 990.958 -822.258
-848.928 -362.768 -563.956
370.297 -836.996 -300.18
189.719 24.397 696.614
-615.174 -56.322 553.78
453.724 243.082 -730.967
935.983 -980.353 -375.595
-810.654 -809.887 389.247
621.285 -639.069 867.313
-277.438 -499.89 478.278
-454.386 785.893 24.008
-428.332 -980.422 -703.799
-815.153 -906.712 -673.883
-773.87 267.492 436.003
965.645 869.201 -927.971
177.59 -97.419 231.979
840.566 -207.308 -968.225
-102.768 68.801 664.016
-550.785 -927.363 -793.025
408.3 -327.469 -43.973
-841.125 -292.699 -979.008
-723.733 -217.37 293.798
-67.145 -595.433 636.861
747.587 956.274 -824.022
64.73 783.962 117.617
-670.464 -927.768 698.649
578.443 697.956 54.524
504.846 -5.201 591.108
584.158 -117.805 -301.699
621.88 -587.615 -12.773
-839.772 -638.031 -187.898
360.684 -744.356 337.894
-773.953 534.747 -422.84
-329.056 221.903 758.409
458.373 101.869 -964.141
431.154 6.128 -443.883
498.525 -882.408 -448.789
-287.171 -58.848 95.075
968.544 -233.834 -798.203
965.029 -588.874 -105.206
-524.963 350.16 714.989
-890.658 863.705 116.973
-857.351 784.538 449.628
197.085 392.229 -741.211
-193.633 -875.966 -977.938
-34.224 -971.239 910.932
-162.388 190.31 580.473
-258.009 -98.966 -146.697
31.641 -451.796 91.524
565.041 548.229 838.607
612.399 -349.177 981.708
749.227 104.98 704.632
466.887 -981.413 233.19
600.644 -557.833 -931.943
-468.3 37.799 613.201
966.402 -640.24 743.203
-491.488 -705.467 -918.719
709.673 97.953 782.256
-795.927 90.176 951.984
-439.395 -457.432 -907.862
-630.696 261.326 -392.573
78.51 290.492 -41.948
-110.857 892.075 -278.787
-655.827 794.207 49.554
890.102 635.035 -466.89
342.617 105.117 902.137
324.827 -254.799 801.445
33.072 -42.561 762.723
-377.172 -748.896 -927.56
-581.904 17.901 -238.299
-199.855 971.124 444.788
740.402 42.804 -366.409
971.285 -231.47 315.576
-136.306 563.079 886.49
141.578 73.029 379.373
310.207 972.829 -546.277
-43.921 -115.44 -273.611
-829.8 -803.645 869.544
-164.527 -441.503 -271.58
979.752 222.644 -116.324
-442.399 -640.477 -690.313
935.824 -855.779 893.48
477.525 -459.231 674.078
-218.408 170.996 273.36
-975.386 44.429 -554.641
773.192 -227.79 -59.061
-535.058 -422.627 628.965
825.486 -655.327 -573.99
-119.192 530.657 577.995
-56.238 -71.989 -569.427
-932.043 -180.48 -588.764
-441.727 241.141 -772.461
-773.925 553.87 122.608
-445.174 311.113 -342.322
829.677 121.786 -142.884
-110.48 -413.943 326.572
540.72 564.847 25.465
420.019 18.016 96.534
-310.763 -908.574 -347.44
224.642 814.378 892.762
-35.449 354.126 525.281
9.075 -545.056 931.142
282.706 784.003 -253.37
980.781 884.268 503.418
478.248 15.418 -362.082
-557.364 -207.911 25.547
-274.907 924.445 253.427
-286.468 521.363 918.626
896.918 39.919 201.153
40.623 99.484 -655.225
-582.821 504.077 541.913
279.799 203.732 360.296
587.539 -654.232 85.391
-339.575 134.965 705.729
494.993 -121.388 -572.575
817.709 97.773 852.402
-593.979 108.875 655.812
366.236 -283.892 850.58
-14.193 -721.72 -604.515
126.06 -948.58 -302.526
-538.48 -612.87 193.496
616.307 400.598 -477.563
-440.688 18.703 -7.255
-953.597 234.781 557.796
490.509 -429.033 331.362
40.797 -992.2 -141.552
604.11 181.482 -184.574
-283.835 -970.995 194.008
-999.962 243.6 -419.525
241.441 -779.947 -314.312
-685.351 400.737 845.299
909.542 923.175 310.257
-406.313 -998.902 -832.123
-481.65 -961.875 -470.225
204.296 434.704 800.472
399.413 -373.946 650.343
609.394 972.909 270.229
-169.497 863.498 496.02
-618.412 -564.923 -614.827
60.236 248.075 -239.864
-329.565 -634.361 7.632
-211.467 925.537 -343.352
-633.663 4.086 -32.961
94.4 -755.597 -628.471
252.067 -453.654 -926.762
140.324 162.925 -849.975
682.061 -54.542 407.349
617.885 -250.14 -768.209
952.259 -565.42 -544.026
-435.616 -429.42 839.993
-80.92 803.933 -956.714
151.498 334.371 268.749
43.808 387.164 -564.988
412.967 -163.466 837.786
874.813 967.832 -788.795
172.844 715.603 -648.512
-727.319 817.964 -202.094
-379.714 886.426 533.494
-290.749 -143.642 941.456
429.72 28.487 636.957
477.139 -882.021 7.678
342.703 664.511 867.019
617.627 485.551 -647.998
-805.304 -252.966 160.558
-394.084 -351.52 -923.463
914.35 212.91 983.842
204.654 873.011 120.023
-369.208 -556.816 643.085
-183.375 -758.855 -336.14
-999.278 640.528 269.955
-404.713 908.069 -649.39
-538.805 750.214 547.229
-205.441 691.478 -293.838
-582.129 -968.58 -396.602
-749.327 741.53 542.641
-706.902 -36.633 154.79
666.465 -844.805 -128.691
182.866 -287.794 -455.268
730.827 -36.881 797.397
562.278 962.925 -349.56
904.284 212.596 644.769
-488.196 813.468 260.588
501.871 554.41 -827.03
-424.138 -82.521 505.607
-220.703 -583.646 895.305
156.038 519.932 244.462
-964.481 861.283 264.457
-618.725 566.72 236.901
353.939 485.583 411.521
-276.717 -441.526 -574.416
-901.989 60.149 -813.882
384.558 930.612 494.674
-325.67 159.397 -104.856
51.329 -546.904 -667.957
737.034 111.648 -521.098
-786.114 938.557 391.487
817.215 -334.828 -869.468
-288.321 797.809 164.813
277.588 -417.692 -251.003
454.092 -978.348 -456.652
462.404 -521.987 -141.744
571.356 673.701 -302.93
863.277 -175.049 608.003
33.795 -415.725 173.406
-250.374 -370.816 -441.164
-753.877 -510.744 -801.685
-606.348 440.932 -656.579
-979.65 795.74 21.452
811.521 -225.04 174.484
-102.356 42.88 -355.463
893.93 -624.479 -329.149
-534.485 -506.496 825.928
233.925 398.113 -849.555
-757.661 -897.414 -70.184
106.753 -740.05 -914.813
827.181 -224.697 314.88
330.788 -747.636 -498.555
-120.554 713.246 -89.047
212.089 -112.646 -5.267
78.186 -695.016 682.639
-285.595 279.989 738.353
-84.601 -11.088 -476.916
922.182 -270.953 -279.366
979.75 -313.824 -432.875
218.013 465.711 -135.35
68.594 568.364 -493.374
-934.06 32.236 -699.541
781.016 -194.625 -521.005
114.128 -153.432 622.757
-201.306 -7.542 740.692
-110.148 689.83 -845.011
963.062 471.578 -748.76
794.922 -368.933 719.273
103.809 457.934 429.631
89.626 751.692 167.32
-853.616 148.867 990.915
-870.268 -265.151 -495.713
393.158 784.871 -138.555
792.477 -732.235 -781.536
-532.817 -86.096 -308.337
-913.101 -878.662 169.188
924.636 -149.641 -969.81
735.284 -833.693 -976.46
-351.179 140.378 -622.839
-412.162 338.164 456.243
-227.253 767.869 548.628
464.79 783.165 865.99
-983.522 -530.028 -137.832
370.029 -900.98 -235.673
-370.568 28.503 230.657
-690.348 -57.779 967.676
-939.228 -709.893 -961.067
-201.51 -58.519 -652.879
-871.42 -291.997 -224.328
-231.737 544.594 457.042
-243.809 -727.65 495.457
-649.497 -956.887 -17.979
221.268 270.665 -39.553
321.294 445.534 106.105
5.018 556.248 -52.431
-784.538 -944.492 846.084
774.176 668.842 766.944
-834.913 -18.491 -462.931
442.192 -329.737 -920.416
632.004 -820.82 -965.631
253.572 -198.993 872.447
-7.488 273.648 664.904
-279.073 215.786 -652.805
-610.496 98.877 -83.992
-375.66 -146.753 -472.729
56.795 -330.222 924.838
-104.1 301.417 -723.112
-188.049 -593.15 -431.466
-684.565 -767.924 -428.295
964.199 566.64 211.771
985.79 -244.147 164.433
-140.004 493.661 -110.228
285.933 -722.822 -726.067
172.721 -116.262 -585.441
-161.013 -118.215 873.195
668.663 344.938 811.912
961.477 -239.105 376.276
-491.811 546.463 695.206
-550.147 -350.353 -426.211
-756.142 936.163 -263.926
-186.412 321.496 815.694
-99.734 135.306 -425.418
-374.374 -420.438 668.056
-78.819 324.219 832.016
720.186 -691.587 -156.447
-900.759 -102.617 349.198
712.363 -911.473 277.687
372.037 563.937 769.887
374.973 -705.025 419.232
669.766 -774.847 432.731
-241.288 -812.725 -251.861
3.831 -552.403 171.477
246.417 375.253 697.82
-806.346 62.952 -687.927
511.568 -427.225 -92.166
834.684 -604.906 384.362
295.258 472.833 845.138
603.263 129.057 446.883
719.979 853.274 913.349
372.949 -108.924 718.558
367.266 -632.515 635.098
368.369 281.129 902.317
-706.173 809.336 356.024
96.838 -287.58 187.06
410.896 -945.895 -581.364
685.912 -875.154 -645.702
-43.7 31.415 -712.89
393.133 -188.142 233.388
-724.472 -822.453 258.055
-398.289 610.469 -660.915
-774.405 -854.016 -4.447
662.86 -935.851 -30.271
-193.011 699.792 480.739
-695.041 30.731 -110.541
-72.306 -178.7 -605.39
988.853 449.425 -525.691
-266.769 742.651 -204.37
591.324 -58.257 834.859
827.303 192.753 56.423
-266.407 -103.01 387.136
983.146 -587.619 791.968
-769.454 206.37 217.663
178.0 313.579 197.078
-73.055 -38.735 460.434
-485.614 -57.963 157.027
635.455 893.932 -461.868
589.918 -745.242 244.52
-384.057 875.614 598.476
664.164 -799.049 -955.305
452.169 -940.579 -517.064
-833.457 448.411 190.071
-367.221 -825.466 -75.457
-773.962 741.975 776.015
-772.747 -483.093 304.438
330.228 -323.853 -473.341
-212.74 -738.89 -742.288
-865.907 568.535 -85.955
217.092 890.8 545.145
372.674 4.0 259.591
114.868 -793.06 584.494
-1.648 279.46 871.533
923.205 351.641 -664.363
448.356 157.654 862.083
-622.048 634.669 906.645
-938.843 719.109 -431.759
942.409 69.684 301.492
-54.238 183.515 -455.202
-42.09 -124.904 462.995
446.451 -238.756 162.814
-402.683 -815.32 842.146
-510.512 -471.187 -310.555
-573.89 410.14 -909.463
533.296 -793.501 -265.564
197.054 808.72 -514.661
-914.768 -253.488 -779.531
-883.182 117.523 257.282
128.17 -957.84 -644.798
-225.567 -436.162 -155.899
-488.596 -144.088 -541.625
247.637 761.478 803.257
714.605 -867.907 -545.172
239.756 452.23 643.028
656.684 879.039 788.91
-935.362 341.41 795.577
325.826 97.783 -783.027
-302.262 188.71 605.831
420.805 656.753 485.809
-246.267 154.047 -764.0
105.094 -89.99 991.311
-527.691 -479.657 -20.248
182.377 927.266 562.933
-531.967 -823.459 -507.299
395.217 480.967 705.894
959.237 410.136 13.97
361.546 588.411 421.617
817.23 928.042 -860.059
-540.916 -745.741 202.947
734.623 -715.182 -249.55
-31.715 -513.807 -477.647
254.095 -720.644 -529.83
358.258 62.89 494.112
-262.637 983.798 824.258
872.311 985.886 642.74
-600.162 -326.907 -682.671
95.378 995.47 748.115
815.503 918.645 -506.664
-798.42 135.692 0.055
-7.385 -917.112 245.889
491.076 321.621 347.616
577.18 -495.104 193.129
690.617 918.184 726.938
-836.618 119.551 350.121
-794.867 -624.899 -837.757
-30.266 -830.935 -109.979
367.849 979.378 812.23
-992.268 -445.547 971.657
848.924 823.966 831.413
-138.399 -367.188 221.475
790.516 -972.927 -830.456
846.988 -749.09 -206.386
49.359 841.95 -42.144
918.053 -304.777 804.719
386.27 777.19 -59.282
998.993 289.98 285.278
-286.616 -577.403 57.657
368.707 313.199 -620.506
853.52 -671.37 696.532
39.675 404.93 14.634
213.879 -823.318 862.51
-150.884 -587.565 596.188
-189.621 337.671 1.684
-867.632 -900.295 -857.502
-659.956 470.147 -449.864
-277.297 613.84 -988.482
-830.095 -617.971 -147.87
-57.408 -213.554 97.119
453.702 638.076 83.949
167.046 780.567 -720.487
709.441 -70.796 -512.353
-490.198 -184.659 -198.94
291.884 764.596 -104.88
-830.843 41.376 -55.339
-161.225 -759.763 874.72
-505.491 -655.98 -138.946
-519.766 217.051 286.814
-227.278 450.661 748.815
485.607 -897.71 -253.094
-938.13 -470.037 219.701
-312.704 -579.503 470.281
538.341 802.258 -665.39
-815.313 -394.519 237.946
-438.206 317.01 729.745
355.742 -554.039 959.378
77.169 59.508 784.301
219.439 -809.932 963.262
-926.63 399.068 -268.794
-57.319 -175.551 -511.083
-79.8 -111.247 250.024
-138.94 -174.076 249.037
-148.697 -932.507 -275.086
114.228 629.131 -689.168
-697.25 226.696 554.176
-152.454 -859.732 873.383
-766.454 -303.037 198.583
415.372 -493.227 -899.667
-878.505 216.224 425.497
-488.474 -247.813 871.421
647.779 -343.062 992.682
392.363 200.688 -286.143
-502.973 313.672 -50.546
775.369 -762.938 671.65
723.44 164.565 654.057
-12.108 -237.888 -160.423
355.122 713.91 728.49
484.654 -272.171 892.12
277.2 -252.06 -776.67
464.26 -885.622 -666.241
-839.893 972.324 -376.093
395.03 727.945 -310.466
955.685 -884.504 -850.13
110.873 -251.26 649.786
851.338 -119.237 -369.447
-663.958 -494.147 142.546
-418.008 263.239 808.184
817.5 -280.058 -554.678
-694.406 113.865 -472.43
-495.637 479.926 204.65
857.595 712.543 -455.588
-789.968 -688.735 788.502
182.532 334.862 461.683
40.167 -95.324 -988.911
899.028 977.811 -784.967
-181.449 -66.865 89.142
-737.686 -52.415 48.554
321.066 -682.693 -57.037
108.204 -399.351 972.212
987.517 -311.531 -361.526
12.704 722.52 865.726
-150.437 -23.066 970.75
200.161 767.283 -85.146
804.899 643.505 679.733
329.36 -107.147 263.744
-559.257 107.254 642.239
693.247 -957.578 80.989
454.046 -244.822 -339.972
665.136 -433.187 657.488
-439.03 -921.558 -535.018
945.291 412.814 517.068
932.883 -62.181 983.041
-456.578 -661.117 -14.616
533.466 998.913 -178.159
-942.674 859.315 104.224
-982.861 808.371 26.594
565.691 656.931 713.913
391.491 -192.058 -461.036
171.935 -634.284 -829.779
-884.152 151.533 612.853
-162.367 -484.914 -434.442
-346.81 -969.433 -349.696
-446.175 -699.77 184.024
-113.152 750.667 -696.918
121.496 -124.352 937.255
385.79 802.647 -356.744
-463.498 75.356 434.638
896.906 65.892 635.25
767.251 586.15 305.677
-557.619 -722.727 -133.361
-317.51 -981.658 754.114
-829.112 680.476 -933.04
-347.271 -160.909 -844.005
634.422 -760.184 974.937
115.558 810.714 -991.75
-92.774 -17.273 330.637
-608.944 -792.882 443.659
-116.984 -497.908 621.473
973.484 -533.118 12.526
892.659 -34.93 -839.755
-509.595 -208.08 -542.277
-711.968 -83.505 -567.79
870.855 -597.297 -137.357
861.685 -910.826 -694.31
293.642 -185.052 -512.699
-396.0 -905.481 600.818
-734.216 548.628 449.7
960.914 531.206 -12.911
267.943 -702.116 850.101
459.745 390.528 -286.598
522.691 18.747 869.526
459.225 -739.722 -66.134
-18.324 552.014 -151.924
-526.763 -363.69 879.304
762.246 -659.91 56.195
787.375 -453.79 -316.419
954.447 389.79 -25.134
477.417 159.174 410.644
-680.699 982.93 257.853
-370.054 -184.075 -86.374
-699.538 -790.304 939.767
-870.614 477.546 709.942
259.645 -669.429 34.696
-26.053 -97.571 771.374
759.149 881.558 -475.598
-925.599 -141.739 789.431
13.294 113.688 -480.533
162.774 -529.972 -758.357
-653.215 -51.764 -931.383
372.888 -311.439 791.854
-369.397 -319.397 597.354
-314.144 661.293 495.923
727.262 -913.133 652.239
143.702 861.544 802.67
643.084 499.172 -444.57
-419.926 -297.414 259.337
-193.157 -26.032 998.458
-937.098 729.766 -506.673
806.94 369.767 570.358
574.023 683.949 766.573
-381.334 814.89 -107.103
59.939 -655.941 -921.486
110.747 836.638 -914.351
454.007 -144.17 -179.152
571.99 -912.024 -982.287
-834.455 -288.832 -634.877
609.711 502.63 87.496
804.675 428.295 -912.781
-789.942 -944.168 486.169
573.386 -620.314 -267.417
-455.202 680.228 186.451
-753.866 901.063 191.445
660.621 808.135 19.278
-191.471 -147.863 -196.881
-434.636 -346.96 -533.174
-350.149 338.67 67.091
-311.821 534.682 73.788
439.03 -456.848 653.102
-441.998 637.872 865.057
-694.192 -732.745 -243.771
72.646 -175.019 639.97
-802.063 -235.796 -853.916
773.093 40.682 -797.71
-30.639 -87.436 474.495
-531.623 247.91 -623.306
-514.374 -414.325 -669.254
190.175 214.642 -930.01
-305.737 -11.195 40.153
-815.263 -309.958 -207.618
769.456 -309.533 113.122
85.007 716.221 414.376
12.328 -164.561 852.297
21.618 788.203 226.018
483.445 -630.475 26.052
596.161 -358.131 -454.952
475.11 -306.672 -553.062
-507.234 -111.533 -336.321
-72.969 -742.307 -901.297
421.264 960.354 -540.506
-663.147 243.457 -124.321
13.856 -17.087 765.473
-990.581 -377.755 -688.308
166.006 560.567 -830.758
616.146 646.837 -487.66
650.392 -172.609 502.495
973.285 276.877 -895.793
-581.798 894.627 941.067
462.474 -190.643 -274.842
901.531 -750.834 977.013
-820.332 -234.083 -874.733
764.055 814.146 -581.86
310.097 499.653 340.82
974.409 737.221 341.201
774.769 937.605 34.734
975.791 -54.285 74.735
-314.643 22.213 -260.072
405.893 -409.524 -250.826
-354.287 -777.683 -586.336
-482.701 291.614 -402.249
158.236 -871.891 135.741
510.003 -36.746 309.607
-116.486 462.749 -954.142
58.535 732.538 -507.086
290.286 852.829 -572.34
-262.204 477.923 -473.527
502.02 794.35 646.549
-215.757 -174.92 968.085
-991.768 811.93 750.987
361.364 758.028 631.338
-669.017 -315.032 -839.943
-741.19 -886.137 490.668
-854.309 837.759 622.984
33.805 -222.651 -947.239
967.183 -398.448 888.513
20.107 -654.774 -419.839
214.767 -677.964 332.036
-786.47 -975.511 71.328
-338.05 -927.509 34.063
-641.604 857.38 -82.023
-846.332 -937.27 -998.908
-457.869 -458.448 -63.532
-931.32 -323.94 -829.533
908.265 640.719 -688.3
-749.515 139.777 -953.588
555.963 -9.551 872.148
-456.528 858.074 -945.323
-264.046 94.795 387.027
-661.366 -173.91 907.743
790.377 366.848 -452.774
690.692 921.369 -687.975
-462.245 -400.029 779.417
29.567 -627.861 260.404
347.061 656.591 -805.49
-114.118 264.848 114.939
-720.263 52.915 -383.765
-83.447 -842.39 -912.025
-872.003 629.475 -222.548
880.337 512.853 -593.206
149.03 -960.755 -453.326
548.998 992.75 -822.61
47.702 -71.96 275.705
-655.391 -611.317 -122.783
434.752 636.98 -257.642
-111.624 706.366 100.767
885.078 -162.192 976.343
33.851 195.749 994.776
-593.895 -637.834 655.473
891.228 -621.374 -694.023
-831.173 -213.215 -554.057
986.722 -8.653 341.373
-559.747 -51.149 851.178
-1.989 -252.432 846.731
222.512 235.74 -139.202
93.911 722.988 -639.071
877.381 273.284 -662.031
450.213 708.819 546.787
237.905 602.824 836.165
288.194 360.017 495.014
-22.751 46.07 112.033
214.011 306.078 -282.617
-389.013 -381.099 -907.434
-489.964 986.986 -775.14
356.834 180.013 781.046
-929.894 894.922 -509.506
712.626 419.657 -861.009
-54.47 949.547 -629.318
-635.205 -624.091 960.585
409.587 -707.802 208.809
615.919 -860.006 569.448
-32.615 -564.324 399.995
-390.033 -369.173 -878.162
804.331 -47.997 -428.875
-289.789 -580.859 878.479
82.626 -187.382 -499.411
-412.805 -910.854 -429.504
-81.296 167.734 907.61
647.128 -679.713 -143.137
89.794 320.929 70.903
-13.101 -612.08 -685.446
262.016 -751.083 277.591
794.309 -830.118 366.817
-42.62 874.078 -798.054
285.876 -947.624 82.549
300.543 989.017 -229.874
-915.324 70.153 -414.75
819.63 -468.795 92.427
226.685 -700.441 -730.246
-639.952 -397.547 942.897
458.002 -461.807 197.662
-959.66 388.606 343.791
17.136 -573.305 61.216
550.656 652.601 793.229
-691.796 -73.858 32.289
894.943 107.626 -943.071
-319.09 867.438 -936.468
-516.126 760.033 955.474
698.291 237.873 -606.4
927.282 -624.679 -409.474
-34.365 102.564 858.168
827.065 500.708 -195.241
86.783 -174.673 -33.952
-496.818 255.02 564.086
673.231 -436.687 364.572
-832.123 -61.873 -166.779
916.501 677.297 -548.085
546.184 896.195 520.548
821.816 -607.098 -937.606
-777.732 629.433 -589.403
818.504 -580.619 -336.178
-828.184 901.09 -23.294
694.757 -607.114 -251.322
116.941 680.874 -973.795
-473.554 644.297 -221.513
-700.803 222.161 -907.356
-52.85 465.368 588.366
-878.908 991.865 689.444
916.777 830.08 -561.065
-377.865 -264.975 910.531
654.536 -691.102 -116.832
783.403 866.962 -579.239
682.89 919.799 759.022
296.713 -295.557 -351.087
-120.507 601.169 787.226
219.991 209.797 316.135
714.565 271.226 -824.039
783.796 339.343 633.718
-92.138 -606.656 -141.914
-948.668 -518.036 1.509
847.936 -817.172 775.144
259.05 -422.914 -239.64
-242.889 -931.192 -893.055
620.512 -325.95 279.14
611.991 -371.395 380.231
895.1 -469.874 611.083
-53.752 -420.316 -830.256
58.35 -418.313 -815.611
384.373 502.147 -310.26
350.188 847.392 587.905
-270.851 -413.613 376.323
55.011 -777.605 -941.381
832.499 412.155 -897.236
-537.364 -2.848 -709.718
-133.831 533.469 -765.889
278.704 -867.511 231.556
-842.151 -497.993 -355.436
-754.019 -791.155 859.823
-532.286 484.226 -960.058
-115.127 38.69 321.521
-26.337 -385.178 709.579
182.691 745.468 708.28
-582.579 608.566 371.883
811.848 -308.585 -503.804
-500.37 -951.313 -679.885
-576.013 -795.749 -298.189
-39.434 68.511 732.903
-406.952 -228.489 676.961
-339.222 -862.339 149.215
-324.111 -310.622 -510.709
870.317 56.987 -144.521
820.452 -597.774 897.791
730.596 -60.484 -644.721
-57.032 282.947 611.646
-426.598 -730.691 -676.191
266.249 -529.335 -895.724
-831.8 -766.341 372.382
-237.413 429.326 -559.437
-562.261 -546.379 -691.011
-512.291 326.479 824.624
-774.044 655.659 78.872
-527.633 -633.009 -314.522
-783.773 327.248 -585.866
258.649 973.264 -181.022
799.238 -934.26 985.957
-558.769 154.086 -161.466
-643.48 -106.948 -475.212
-367.057 -313.097 -857.215
383.551 -572.165 367.335
665.367 432.643 916.43
893.601 -632.898 393.081
-979.744 429.812 -163.093
323.845 -315.343 973.044
631.956 -99.309 -497.919
588.792 -537.069 874.113
106.603 -872.453 293.234
-233.809 945.328 483.094
507.23 361.612 539.116
-23.262 -392.203 -492.19
255.911 936.953 -445.174
196.214 -867.479 639.667
935.422 -206.407 894.917
-585.811 -940.588 -5.17
323.906 969.723 474.959
261.94 31.968 -231.064
55.33 -367.797 -622.146
-352.617 668.609 -190.911
-117.542 90.314 -582.134
334.368 -933.321 -267.362
150.81 -760.012 6.17
-943.724 151.242 -311.567
-772.146 935.087 792.514
-407.983 -314.759 97.582
-396.591 -325.4 179.918
-726.454 -169.2 -437.687
-217.704 -261.264 810.646
438.247 997.429 631.841
844.52 804.718 263.132
-919.27 -314.401 803.649
-199.936 321.363 -46.244
-274.862 -142.211 847.278
94.286 -825.038 -906.319
484.286 912.337 -847.181
-336.32 374.606 711.272
729.74 -173.495 483.914
294.559 -60.278 -70.609
-713.755 498.088 -732.031
-946.468 312.659 150.483
661.963 -73.648 978.971
639.262 -181.813 784.84
99.53 938.909 707.971
-114.782 617.277 895.397
-600.887 884.11 187.472
682.851 81.676 -632.074
-390.313 882.563 -418.128
5.359 -725.495 -320.371
153.612 -538.252 533.365
-906.106 -437.025 -363.353
823.87 -877.735 997.741
302.493 -446.512 700.96
-961.997 226.003 -501.144
-444.528 -972.243 -386.404
277.226 -500.012 -789.506
402.578 -888.988 123.439
257.102 71.275 -522.874
-59.217 -239.443 -860.373
-217.683 -229.453 713.779
-344.553 979.733 842.406
778.789 433.982 519.903
-42.36 883.895 -871.474
305.509 844.041 576.34
341.28 -647.337 65.732
-211.318 -588.344 571.166
-405.368 742.284 848.341
-356.294 -956.831 602.089
-554.426 -231.657 129.877
688.029 929.21 748.453
563.115 -283.477 -156.805
127.829 -326.017 -918.537
-990.529 885.92 -232.305
120.685 -84.269 559.097
432.923 -953.562 418.141
127.032 561.732 -498.199
860.079 -186.722 -545.949
253.676 -780.577 -923.851
-672.993 -960.958 -917.71
169.717 108.828 -111.981
-15.357 104.537 -440.989
-467.994 -453.623 423.351
801.32 583.062 -423.762
797.982 455.687 -495.698
-901.055 909.044 687.567
335.977 659.939 165.089
-322.654 280.023 771.686
-451.076 -948.074 -463.128
342.657 928.907 -719.581
-216.203 -347.048 696.148
596.543 -974.627 785.783
528.025 -344.548 -476.444
-418.604 -308.38 823.177
94.728 443.244 -77.496
855.495 440.468 -282.498
867.427 96.355 -522.189
-198.993 502.234 730.599
-723.522 -60.218 -925.451
-493.202 -22.111 982.922
321.789 657.776 -585.776
871.677 -213.358 277.855
996.316 617.78 212.106
270.645 551.346 649.747
-899.795 659.045 -877.865
451.907 460.496 694.282
-661.235 -896.102 362.96
927.593 -21.699 172.935
-358.232 -21.472 -673.441
-87.081 -428.611 110.014
-29.333 273.422 256.333
-33.86 -33.662 -194.816
309.47 -157.049 -579.9
-282.667 -52.932 37.28
-621.139 459.206 -495.065
951.747 873.411 530.922
-567.783 946.801 -773.921
386.825 -2.466 512.581
-976.737 123.404 -844.694
789.285 931.429 723.151
-542.404 -943.796 -745.29
830.167 -115.908 435.906
-540.044 870.156 642.709
947.692 45.558 -617.59
-161.566 758.172 -653.571
337.718 -701.982 -732.792
477.664 -65.144 962.622
918.756 627.505 -619.968
141.633 -214.419 899.818
-466.526 -986.393 293.81
-542.856 107.826 -57.039
88.045 -191.457 -730.095
-224.155 337.007 -629.866
-768.932 788.204 -138.79
-97.004 705.302 -778.82
369.698 -580.087 88.427
-377.345 729.687 455.769
-114.055 451.28 -167.792
358.226 363.576 -189.066
-981.478 614.501 -379.951
563.446 342.083 995.295
-186.384 430.175 179.064
833.567 79.008 263.055
-463.479 529.139 -890.881
153.113 783.276 791.001
-50.418 -411.994 576.977
-926.75 -747.791 -278.82
-922.953 -204.324 -925.274
-244.147 -108.405 -974.695
542.872 227.25 -347.792
-295.298 -162.548 -686.844
538.988 634.67 -248.005
509.556 643.632 334.097
-217.223 -458.363 -622.257
202.349 -842.866 -828.45
868.375 -423.436 150.477
-267.168 240.374 -324.595
786.83 994.485 -643.418
-505.467 -694.702 901.458
-646.505 -297.779 -890.302
-355.919 325.507 -295.671
-830.076 583.297 -482.102
384.762 -93.028 -682.948
913.847 -808.208 -877.451
19.967 437.089 -155.298
196.059 -523.173 444.808
-175.516 556.568 630.674
-953.182 -545.461 -359.929
341.559 914.074 666.953
-929.592 476.243 -499.841
31.654 339.879 -587.849
-51.053 -743.909 -811.192
-286.572 -593.537 358.969
518.818 663.741 502.773
916.341 197.737 -890.062
474.4 136.532 -369.199
-209.3 -248.608 -22.064
-763.27 845.848 -870.478
-759.128 -66.774 97.227
651.887 -510.399 656.189
952.944 835.167 -565.864
885.801 -796.505 -519.194
-905.997 264.913 491.611
696.897 878.306 110.744
336.062 -244.938 443.2
-405.766 -644.163 622.089
-795.807 749.122 -259.226
-985.104 563.507 -674.86
-348.781 -917.985 -144.978
122.349 -221.479 -283.156
426.746 -547.143 -387.775
-352.969 -425.122 853.171
862.154 -793.497 588.206
-964.824 -329.689 -95.928
-225.532 58.152 783.115
767.058 -867.08 205.652
-126.981 -303.958 -165.151
231.8 718.602 -298.944
524.994 419.533 536.148
-865.13 753.25 469.797
-94.889 719.99 971.728
-761.712 230.035 813.953
-319.982 972.203 751.212
-361.02 -673.306 -730.152
773.036 -556.227 776.008
-897.494 -203.79 137.978
451.627 832.199 -662.515
325.453 -416.695 943.611
-853.215 -167.921 798.859
362.018 652.783 -287.468
-647.63 250.069 46.333
479.177 445.716 988.569
-998.546 -440.656 649.815
-423.183 284.272 -394.124
-75.318 46.538 -629.857
362.14 163.556 998.659
381.033 -58.86 676.366
-806.149 136.524 283.146
370.129 -906.174 889.134
52.904 -669.373 653.322
-995.976 -905.049 327.925
214.735 -856.248 396.475
445.216 577.425 -221.806
972.652 604.617 -596.512
-148.21 -143.883 76.825
196.319 -76.107 911.737
735.118 -574.27 703.607
79.201 -947.609 -731.51
152.441 -738.797 952.926
-190.694 234.892 350.44
316.625 893.119 -206.391
-600.687 -572.84 -464.081
-682.44 738.661 -845.882
-225.202 949.861 366.516
867.191 -719.582 -522.527
95.128 -575.229 92.463
-952.913 675.438 24.358
-425.522 986.558 -826.991
-505.889 -695.23 151.715
-192.008 -236.972 -490.038
345.158 -456.375 481.457
-253.193 634.11 973.049
601.524 358.01 -166.806
-293.836 13.148 654.011
-814.801 440.685 552.256
70.759 -764.081 47.177
226.176 -763.422 -570.388
275.188 -959.625 574.662
996.286 437.288 155.652
-221.325 456.173 -322.965
-294.992 785.13 -5.903
-341.499 -408.624 970.18
174.324 -599.651 70.86
57.131 -647.492 -683.572
740.172 515.654 -158.155
-72.443 577.931 440.293
-814.146 132.738 653.68
-271.637 639.477 -132.501
-676.561 -717.035 -335.566
626.982 212.127 -761.892
206.563 138.562 -225.38
-791.734 -346.94 178.322
940.716 87.895 504.296
388.234 955.927 348.542
-510.611 -510.098 -555.092
585.513 -60.26 -491.99
414.067 416.692 217.724
758.502 878.239 -26.204
899.567 785.011 421.318
314.812 514.871 928.672
-17.965 -279.955 -278.91
-484.848 -898.596 728.892
-242.651 -748.896 -439.064
744.277 279.533 231.127
-713.84 -373.636 -623.549
532.44 -310.693 -828.602
-769.255 -129.647 -551.237
-987.743 431.241 -799.978
-233.862 189.381 -290.473
77.749 -494.398 385.528
449.384 173.345 -246.942
-932.181 -397.4 -170.734
611.177 601.426 611.968
611.76 -181.004 -266.832
77.609 -761.035 -631.525
536.704 -542.567 -618.524
78.028 898.465 5.421
-505.597 69.815 -303.742
-25.967 583.4 699.284
-144.891 126.826 127.493
263.635 394.863 -978.642
857.937 750.011 -787.795
-684.288 517.184 -356.373
-994.004 495.266 964.642
-77.574 827.988 118.089
488.715 124.173 320.256
542.954 -445.167 -176.628
-464.251 -11.872 665.759
217.244 622.084 -35.514
-57.474 -576.374 -516.39
-231.232 -489.17 937.413
-586.607 -73.096 -321.093
-215.734 639.717 124.902
-527.604 110.685 -423.538
-219.459 -396.256 836.652
154.699 -15.929 332.985
-340.614 -142.232 412.604
9.758 -540.208 438.002
23.293 -146.808 737.668
-763.196 -820.804 -226.435
886.003 329.839 -509.933
-693.549 -800.879 -402.57
-436.212 691.578 -574.871
191.259 -444.055 865.358
-485.975 750.922 -818.441
606.818 279.777 440.762
94.627 509.106 758.498
-425.952 362.355 901.228
992.455 -73.237 256.116
-968.963 -666.175 989.244
713.583 933.98 479.909
-848.817 -783.297 -215.855
-368.089 -782.962 253.11
311.314 -84.323 -565.177
-756.314 -860.936 -789.861
403.362 -468.701 -710.632
647.089 -748.632 -450.293
417.606 974.773 211.849
-48.507 167.601 119.924
963.94 908.68 721.948
-669.613 -884.414 794.125
153.558 886.328 538.789
662.51 604.886 441.612
-140.959 85.858 669.299
449.998 -813.935 817.79
-916.531 -290.551 -910.315
-861.146 157.735 16.369
818.641 -55.147 -176.254
-260.635 377.517 -699.622
139.382 -261.417 -525.773
19.217 -19.127 95.334
-398.856 680.407 531.071
-558.491 -876.313 -554.818
933.435 -648.972 -307.665
311.181 -724.016 -999.763
363.568 -809.825 -687.267
442.383 168.172 -304.538
-309.96 622.252 -982.431
686.32 284.737 -207.749
646.266 932.738 818.612
-752.102 -32.07 224.239
360.069 -552.676 80.335
-970.278 662.698 -56.867
593.936 -655.654 807.233
-482.655 826.029 697.108
876.156 701.61 181.688
-501.335 -110.033 -813.867
-556.269 957.411 -828.824
-545.797 -711.422 848.11
130.344 -989.527 -315.509
966.351 -492.064 -560.638
143.09 85.553 780.464
-126.413 842.825 -3.909
-463.954 934.934 862.739
-1.502 -0.888 532.111
-251.346 -513.776 767.69
217.88 598.535 -849.819
-739.756 78.167 -348.87
-663.416 823.064 -427.82
839.118 330.603 887.78
-839.955 -866.481 -558.063
657.9 -45.101 -711.405
-793.635 890.782 -301.682
-347.694 -13.141 -284.204
-715.135 600.403 27.001
-276.422 -348.127 273.355
739.567 704.118 974.449
-615.313 100.154 564.397
-959.235 363.353 531.961
320.245 343.214 475.113
759.114 313.671 280.338
-360.235 135.863 -588.94
788.039 667.798 -244.823
-800.916 -350.493 -41.477
-898.94 -714.575 57.266
208.394 762.79 379.186
310.22 754.007 701.651
-321.446 837.451 789.423
-902.599 -181.182 -555.339
71.018 -643.787 -561.964
-825.105 -793.425 -925.546
246.382 -368.647 -521.978
65.671 -540.453 445.808
929.045 506.731 711.337
-168.366 998.897 244.557
478.202 977.992 -129.345
-177.917 826.132 422.768
-212.368 994.266 80.519
800.96 733.204 -206.153
444.632 -750.881 -122.128
-320.925 -502.615 -607.099
19.946 -244.214 345.587
921.907 -638.143 53.794
817.55 -102.169 708.908
-179.354 437.896 -724.766
-129.187 -238.299 589.303
490.064 141.098 -403.711
815.35 43.193 -356.821
323.344 288.384 -4.391
-783.565 36.748 -880.34
228.387 817.968 383.74
290.484 -156.109 -81.373
606.081 883.148 119.27
-390.499 -794.286 -331.591
-287.398 547.928 635.836
-450.607 76.175 446.529
78.656 -816.785 -663.774
274.15 -848.915 728.077
-969.186 926.79 -865.059
997.712 -604.0 -308.425
648.201 584.846 -186.369
95.971 -877.522 466.264
295.017 -519.774 -116.256
335.362 -529.396 989.805
-3.938 441.956 321.597
-115.793 300.209 765.485
758.724 566.438 391.81
-297.071 357.582 923.939
-510.387 -285.703 490.677
931.67 -729.418 -684.686
-141.604 28.15 -839.115
-72.716 -812.431 694.413
-997.139 501.511 348.043
672.123 -562.434 -708.486
255.92 -94.044 526.391
-276.337 -500.265 169.195
9.697 438.841 -419.038
234.271 -866.422 -747.223
597.397 29.997 -38.437
-884.543 -804.207 -723.506
61.229 -935.44 613.731
943.739 -615.474 -742.78
-941.853 87.583 397.661
-232.054 -269.477 605.392
-606.102 797.87 -298.81
-420.489 -646.89 -320.289
-348.393 638.865 945.855
-404.003 839.19 -294.969
-66.309 -869.852 -972.707
-175.995 884.689 -358.792
-366.441 -115.898 -133.003
358.425 -934.188 203.564
32.252 51.075 -239.445
-767.997 669.947 -403.891
-446.367 171.979 -339.916
95.862 -923.918 -132.68
-872.011 -245.791 600.711
223.019 -98.739 888.451
309.811 932.386 -836.579
769.644 398.181 -328.331
627.504 194.527 259.352
566.862 -672.41 584.341
767.018 -221.202 469.406
-444.114 321.493 -352.237
232.529 -306.609 -201.99
-959.672 -695.66 -209.384
325.309 945.321 923.473
907.92 -272.198 -611.598
256.944 -730.846 -373.654
-669.634 506.427 212.053
-925.088 56.255 18.512
-285.261 644.157 -139.524
-484.619 244.954 -390.158
-694.904 367.528 769.28
748.12 -774.215 323.175
923.984 -0.486 142.443
-887.075 995.281 -656.782
-104.811 91.106 -29.894
-348.213 -131.929 806.293
-293.274 416.244 962.456
-607.311 101.895 504.088
-484.266 -782.94 -427.3
-377.002 931.616 -722.223
-543.108 -983.628 310.089
-990.355 -408.743 83.687
-144.685 277.351 273.114
809.586 -890.504 756.195
780.917 -127.159 203.334
249.618 31.689 963.136
-197.842 -351.069 291.16
601.432 -936.902 978.727
32.683 -577.463 23.91
126.608 -371.7 529.981
792.387 967.049 -45.659
768.204 -237.161 923.476
926.632 -687.885 455.771
-8.981 -9.694 -988.107
-108.682 319.351 752.544
-183.114 -340.181 -982.279
111.721 462.427 -339.006
-592.53 -425.371 -829.829
677.296 -131.025 246.036
648.778 689.986 -187.017
649.995 -96.005 -1.798
253.426 422.272 -919.926
-589.935 326.041 -137.137
562.123 563.339 132.849
669.361 -728.047 313.451
-747.441 -71.904 -985.595
-515.08 723.113 671.587
943.77 -121.717 506.031
-482.089 -230.055 -599.139
-356.696 239.283 786.217
-528.655 336.718 -57.125
-103.093 -813.543 769.268
370.052 -330.316 334.041
-636.228 -997.402 -592.088
-184.483 430.211 -56.671
-620.505 -928.297 169.839
967.867 -618.701 -319.965
942.893 -938.104 882.424
349.338 625.639 365.136
-339.138 -347.643 -339.017
330.947 287.808 -127.41
479.08 -624.57 848.213
-794.343 -238.02 -468.32
-240.686 -793.866 -806.339
-254.198 614.907 30.746
744.165 901.622 775.765
486.905 414.065 -373.5
930.971 -844.687 574.17
489.731 835.83 -842.288
455.845 -714.856 -685.746
175.35 106.205 184.909
-914.269 341.415 647.046
-660.242 359.764 253.995
-665.875 -104.701 623.616
-407.393 560.265 -171.811
-211.7 -975.787 -790.422
-677.777 -358.28 439.63
452.159 683.234 -477.967
-173.574 -211.921 94.667
103.689 474.154 -220.215
199.652 151.092 589.689
894.355 938.231 -535.625
-500.204 183.791 320.304
68.094 -207.586 -200.819
495.126 720.243 -431.246
-307.419 400.361 93.555
-811.402 48.776 -301.168
54.407 -760.574 357.908
236.775 187.684 -234.812
-266.604 779.147 946.93
241.27 436.79 545.574
181.661 -743.239 -144.042
74.137 768.967 580.991
-811.737 -12.624 168.198
597.643 -638.886 123.964
624.875 358.99 -602.773
-394.95 36.663 782.129
-228.888 750.933 -936.005
911.759 576.811 -874.94
-483.081 748.745 -541.051
-4.191 -665.846 903.173
764.596 -374.047 -771.132
503.35 923.256 -301.391
271.32 657.281 895.665
377.62 -941.0 944.874
157.35 223.151 309.826
-600.018 -928.967 -854.028
-323.6 851.213 473.653
-571.05 -698.315 -665.785
568.935 -393.054 -455.48
-644.672 -18.688 -594.857
640.188 -902.736 60.744
649.536 118.64 615.268
945.221 589.725 -1.433
244.459 -727.607 901.463
-781.592 231.017 784.868
-994.137 -749.613 177.295
970.177 -246.053 973.718
963.896 -43.983 -364.933
529.553 -600.475 -927.983
240.016 965.154 7.513
-49.981 -175.8 -407.957
582.072 674.388 496.34
909.832 -158.346 520.392
506.43 758.376 94.705
-253.138 -541.819 -637.718
-293.156 -147.197 146.231
-26.862 -535.453 -600.354
285.068 -619.674 -442.376
246.628 8.339 574.665
-8.231 856.807 544.082
-249.884 779.258 -490.43
545.439 502.585 -875.313
-879.769 -40.245 -96.209
637.098 270.286 -435.315
226.198 640.215 -67.26
-550.605 248.407 869.061
514.639 -748.419 498.502
-257.029 -104.345 518.812
-488.954 256.644 26.207
-772.192 -691.592 -406.603
-981.857 -323.35 -758.382
-748.347 -78.394 966.108
-569.268 406.207 763.83
751.104 403.183 653.397
27.426 331.524 222.806
206.386 -58.473 343.204
665.557 183.108 -258.616
-577.891 -518.683 -226.334
-659.339 -449.411 14.481
585.49 744.168 491.484
-690.569 -745.926 -538.021
64.983 89.041 891.64
20.775 864.03 -124.473
-988.547 922.951 -362.763
808.299 53.962 -334.788
-476.257 -443.711 919.637
687.381 -900.828 -341.674
56.931 780.423 -773.641
-658.336 11.915 860.815
868.146 -4.941 -462.126
248.443 -482.471 -282.266
-555.196 302.806 -363.455
966.399 -377.557 -611.213
727.32 190.627 -134.904
-859.676 401.343 -258.631
-181.706 -773.74 -439.65
-133.801 802.691 659.807
-40.777 -989.609 -980.631
85.883 -960.061 -310.201
445.781 205.119 -651.344
85.453 867.165 -926.789
-77.038 787.276 875.39
-559.343 -389.225 -738.212
-74.515 933.52 -848.044
611.184 -188.45 326.312
-30.081 -848.742 950.505
-405.828 222.268 -521.661
-30.943 343.558 267.016
-599.693 -181.659 387.53
807.533 -534.24 458.675
-269.043 518.982 -510.577
-925.215 481.796 -897.067
321.853 -610.302 37.261
-19.12 -593.656 208.002
-567.152 465.142 -251.756
-335.954 -185.682 -403.844
430.807 -101.822 899.905
-890.204 746.371 -903.827
30.044 556.744 -251.806
-735.209 -239.131 88.502
-231.346 905.456 871.041
-226.76 -713.337 999.726
-370.812 426.707 -650.633
-470.138 556.912 40.235
-910.656 -85.268 -794.456
-981.561 -766.218 780.464
-445.004 306.018 260.577
-210.187 -689.738 -625.639
592.368 -100.746 -608.755
-695.51 -937.584 -98.305
858.397 -842.51 881.273
226.445 -216.684 56.016
-120.239 -88.459 234.198
-6.348 -993.846 260.246
-804.483 370.866 -872.575
-866.708 96.596 423.684
-163.263 -430.081 915.891
396.76 100.103 -383.52
708.877 753.634 -408.561
941.02 -13.797 -693.535
648.585 -145.131 -989.876
-347.724 452.552 264.125
898.607 -739.287 -980.752
203.684 397.829 -183.928
456.436 -132.698 -738.75
381.369 -779.16 956.136
810.171 -372.466 -796.351
-840.378 101.16 -226.214
-201.399 843.843 -901.946
-708.674 205.648 723.576
-596.235 -751.168 398.887
434.479 -245.919 602.663
-546.223 -494.824 -748.978
282.818 -739.3 590.076
-595.731 712.065 580.725
550.371 -759.312 68.773
823.657 251.103 -150.196
-887.298 -240.488 -753.367
623.788 -889.203 -618.935
-328.189 979.456 -780.31
-503.009 57.545 -396.432
713.656 442.57 629.723
-338.38 798.5 753.58
-333.523 -398.967 -816.977
303.897 350.191 -523.522
541.756 483.795 -943.796
-809.099 -717.693 -962.618
482.776 -868.144 -345.875
-561.736 757.606 19.414
-27.701 -62.269 729.263
580.992 154.868 338.237
-759.335 124.661 959.993
-740.361 495.275 -429.348
728.033 -539.812 -718.071
-232.624 -735.486 402.129
-800.214 705.513 419.403
266.87 -89.958 -79.812
990.294 -62.538 -958.781
622.069 -39.446 607.045
240.881 51.994 649.541
281.512 -877.672 -92.111
921.38 98.241 -612.971
-174.567 233.944 -985.088
-219.384 -804.946 932.833
930.655 572.706 120.339
-496.424 27.007 102.826
720.521 719.726 -569.418
-992.763 394.938 642.2
-970.418 -668.644 906.338
-560.659 812.735 706.45
-583.988 135.895 367.828
-207.358 -764.773 -264.463
-425.466 211.952 -238.845
-59.626 938.539 321.816
444.954 122.703 805.202
538.534 536.816 153.721
976.317 985.3 298.85
-376.418 593.857 229.588
-85.512 360.466 948.58
-184.212 191.396 -258.859
-291.641 -911.876 -3.533
-844.899 -889.037 887.872
425.493 99.564 -258.86
-939.218 844.87 -457.044
224.048 -697.608 -224.513
-682.948 661.182 -452.376
189.657 164.713 592.661
-263.872 -43.153 -147.238
711.031 -844.38 -806.824
-344.151 359.828 935.049
-553.673 -282.493 561.956
1.34 -28.351 -977.969
-22.504 -732.443 -925.512
196.009 846.52 -754.743
353.731 -282.671 887.628
-247.52 -60.423 -121.864
-881.857 428.416 -596.71
-652.138 273.846 -575.541
644.03 8.856 -227.867
-618.768 -619.335 -411.796
-518.895 -789.268 -17.783
139.6 994.538 582.034
-34.321 -345.639 299.849
14.748 82.004 109.376
-250.953 -920.359 -555.005
-723.289 -184.267 470.635
-201.527 -23.134 -355.519
-170.536 245.555 683.62
-25.116 642.373 -969.192
370.952 323.73 18.094
-489.135 -760.759 -732.601
267.595 51.485 234.441
-540.938 -227.412 -727.665
-173.34 522.246 -461.201
982.051 -700.002 -904.517
-799.293 -952.991 -688.144
-341.226 710.493 455.319
454.635 928.124 677.349
-990.408 -687.484 -426.255
-93.463 -745.877 -879.714
-342.292 687.518 -532.643
-449.566 -626.251 390.207
510.814 -59.435 805.051
906.605 816.679 -701.751
156.305 178.005 -653.276
851.212 -1.672 -844.49
-211.258 -323.532 639.93
687.053 726.43 -364.702
-757.582 -385.494 -491.012
-270.179 -335.419 184.938
917.708 596.28 -873.944
-579.069 792.96 566.139
-245.134 -219.978 -46.476
-102.186 -612.858 -954.361
-596.133 -803.33 229.602
409.899 653.641 -644.657
-814.381 -357.498 -618.72
356.602 780.384 -667.149
826.511 -396.656 -458.513
-8.986 324.647 -226.164
364.951 -740.426 1.868
-493.917 96.853 -269.77
773.205 -596.367 967.338
915.671 -136.593 196.489
-985.121 200.661 -760.733
952.76 -679.525 323.595
155.602 858.2 -955.077
-479.529 -296.73 -204.866
-216.641 11.033 670.272
-21.389 690.992 971.295
-505.522 649.415 -610.104
780.757 212.489 367.787
582.71 -444.677 -935.351
813.595 -428.09 43.121
9.769 -380.972 -890.281
664.675 -476.253 -138.529
-570.256 426.398 -860.505
185.494 -585.681 -377.545
-794.239 835.702 -78.594
-683.774 813.461 -945.972
-143.693 181.62 -65.591
-655.003 -631.679 859.589
682.886 -432.868 948.117
-148.367 -404.446 -12.669
-155.364 123.785 138.025
-952.138 -666.526 851.455
-462.581 -531.549 -664.319
-498.808 955.816 713.248
127.211 -463.507 645.51
-136.001 -169.408 778.852
-383.628 -111.063 861.509
-579.002 -930.819 909.131
-297.524 -714.313 641.478
510.025 -778.617 235.973
-230.136 537.926 -967.405
77.786 -782.798 73.603
291.457 -223.799 -516.089
986.934 -867.443 488.779
-558.866 928.789 -256.565
977.548 184.543 198.9
376.077 741.634 -846.431
-277.916 373.103 -890.468
340.608 -309.377 481.111
917.718 711.911 -185.844
-946.927 962.06 -262.31
-61.057 -151.911 90.405
10.085 -103.56 53.453
-522.365 79.738 -944.692
-598.987 -882.425 856.427
525.753 202.067 -874.132
-489.215 552.327 -449.303
-571.639 -92.357 531.963
-364.304 -212.884 -267.156
-623.879 -609.331 614.443
698.622 -918.818 -142.139
-963.328 -720.224 829.381
-542.078 -151.943 820.235
58.462 768.94 -450.79
-899.231 -820.347 -347.298
179.722 -615.199 -256.722
892.424 -127.532 901.31
-407.463 -835.707 -981.416
738.107 788.487 -428.59
-35.006 134.717 708.744
-113.833 -599.729 865.627
-328.174 133.219 742.224
195.051 697.885 278.887
-294.942 265.678 111.039
819.138 -856.199 -879.777
-864.697 541.375 -114.33
676.829 -29.315 -702.398
-105.992 -390.918 259.258
479.203 -98.586 -451.345
-414.1 -864.338 -75.303
-30.807 92.162 -561.321
-396.573 -896.146 105.288
-63.299 -775.8 222.124
-139.449 136.259 686.55
-342.593 842.881 68.67
-295.345 -533.726 436.271
145.807 -54.473 -856.452
745.484 559.857 274.45
-292.594 -492.759 -873.505
71.334 791.569 407.017
-618.899 857.462 640.691
314.076 629.154 -694.379
-524.117 723.517 -874.146
-81.234 -173.804 439.303
59.753 975.791 181.52
-259.338 937.173 -541.578
-818.808 -35.663 885.613
135.714 -292.465 -485.403
644.93 -610.303 607.039
-857.278 -860.124 -177.251
-443.298 139.544 -208.67
498.782 -721.705 523.344
123.972 -710.961 -577.679
-703.542 840.007 849.852
420.221 -306.627 681.678
-831.406 949.522 725.614
302.837 -83.277 884.322
737.168 32.611 -362.307
870.762 301.062 237.147
-857.126 464.335 562.671
-201.407 -102.832 665.305
-861.727 915.598 596.807
-455.847 -435.825 -321.941
259.762 41.688 629.265
-289.754 -900.926 679.092
-198.408 -362.822 -584.86
865.8 28.814 404.446
-687.02 -680.383 521.254
-878.166 777.107 -365.977
-569.898 -283.561 -86.501
-619.511 -28.022 -647.694
-968.825 401.582 14.484
-241.747 780.678 -298.236
-802.128 -622.102 -703.816
-604.548 662.8 -59.314
113.208 427.372 619.578
516.984 213.095 888.488
-164.194 401.86 -582.13
628.373 -492.827 114.483
299.035 909.471 212.554
487.819 -664.775 334.415
918.577 980.888 -321.095
-909.62 -683.451 908.91
126.433 647.204 751.095
-574.115 -945.307 91.873
471.347 -781.427 560.81
-23.147 -693.609 281.351
772.88 -773.81 216.262
344.85 -541.036 496.116
99.604 819.096 918.782
69.336 -104.501 -489.188
-886.62 -595.814 -30.867
347.222 382.101 -148.958
895.472 -26.516 -290.802
479.122 -36.336 -9.92
952.63 -851.505 300.867
223.907 892.86 912.506
-161.869 723.617 -120.13
770.621 193.344 -123.573
611.221 568.109 326.598
-270.117 756.009 -493.578
-605.214 657.2 -82.135
491.271 -674.255 -584.465
-318.929 -674.864 407.652
438.287 -740.074 -464.453
-997.367 581.848 981.304
-351.786 881.416 -832.963
-386.051 836.835 -584.711
-885.379 -757.975 762.954
88.114 -0.057 640.652
-126.778 880.599 -34.297
-736.864 -615.111 792.225
-4.772 293.565 102.973
600.701 694.812 -271.56
75.688 908.799 801.751
32.468 -198.541 -237.349
975.268 -423.332 -37.272
-987.761 -706.165 526.766
407.529 862.03 731.069
-855.965 -178.435 -567.215
-483.084 -11.73 -741.915
926.82 -678.811 -325.319
102.616 -970.5 -376.018
273.114 -669.659 586.148
-385.167 969.932 -240.945
602.711 -437.109 741.617
-8.732 762.501 -280.581
758.469 -966.848 -371.862
817.616 -979.891 876.074
-290.1 32.655 714.976
855.116 -563.124 70.236
-309.286 354.708 -975.034
537.614 292.865 913.752
150.313 725.065 547.247
84.645 -854.775 -946.477
-688.913 62.114 -307.816
308.916 -238.29 680.79
207.287 197.713 256.555
-668.773 -413.259 643.161
492.188 114.616 -434.1
225.083 827.487 368.002
-274.363 663.215 584.896
-69.092 452.017 130.205
-632.043 -378.681 212.625
-578.598 -299.332 515.81
-774.244 581.341 150.382
-304.112 316.546 772.478
892.437 921.382 597.289
204.063 -783.013 -180.643
-327.004 -863.903 997.641
705.131 -562.668 -743.82
830.4 -318.645 -152.48
-813.895 536.021 355.116
843.142 -757.345 142.479
-869.631 167.757 -114.571
753.598 930.754 364.375
-623.571 585.863 118.928
-138.682 35.596 144.143
550.531 324.51 705.089
-487.609 364.495 -790.483
872.925 291.314 -872.096
558.256 -183.179 -883.161
411.954 -973.299 -436.107
-876.64 -201.171 -387.176
-721.126 -346.708 -964.508
-784.457 942.67 -591.777
-170.1 -419.88 51.07
215.362 -719.889 -238.135
-456.016 556.497 137.019
113.76 948.787 -446.115
-887.368 -627.163 351.027
-861.02 917.578 -370.924
82.866 -259.019 -778.652
802.74 -477.127 -834.379
279.722 131.831 894.197
-966.743 -477.357 784.962
485.339 290.813 889.207
40.642 362.453 -891.524
364.143 -120.454 787.388
-7.323 -368.441 -590.925
-990.651 -896.861 270.491
-627.697 -413.215 530.046
318.854 -498.15 907.777
-823.567 -748.866 -585.664
-593.697 -715.822 -951.742
493.181 882.759 826.65
896.441 -375.693 173.479
971.229 -983.511 -215.453
148.951 120.418 912.899
959.557 255.796 -91.689
-875.374 -734.022 -158.323
-588.747 30.871 -652.407
-47.935 -757.027 178.898
444.944 -673.592 -245.052
-962.017 108.821 105.808
589.113 937.048 -369.003
-356.796 649.586 938.052
854.289 464.319 295.361
-674.862 681.789 984.408
-523.115 489.435 121.106
-394.549 961.941 212.539
-919.702 -20.762 781.52
895.973 693.287 162.424
379.65 773.502 69.309
-206.372 681.076 -583.578
-449.638 -574.419 744.145
-296.033 -501.578 783.267
915.968 491.94 512.576
773.853 -3.898 414.168
720.487 480.964 -160.428
-945.28 774.959 749.536
-373.434 577.866 -645.059
-987.487 -576.43 257.494
291.663 557.397 678.589
-384.087 126.824 204.009
361.039 98.825 -747.231
-417.199 490.198 615.79
554.617 -365.771 815.211
-992.131 -961.419 -769.757
-833.754 395.251 -36.471
329.776 662.882 -510.41
986.109 486.49 497.588
-573.257 596.424 -50.497
275.239 -854.343 443.695
-556.842 -207.773 717.341
-779.342 995.668 225.048
483.179 -116.187 -355.429
-670.846 -475.537 847.179
266.802 414.734 411.049
-469.147 438.577 652.446
942.446 -741.912 -300.565
902.261 115.302 -103.562
-592.354 -425.212 -235.852
890.724 -560.94 799.709
-66.308 -679.152 665.508
-555.498 733.409 -560.167
357.68 899.919 -610.499
-868.246 -771.467 -445.191
-173.027 -347.456 -38.635
677.123 401.67 241.063
409.008 -394.545 -538.014
-742.655 -508.946 -27.739
80.038 -547.215 67.115
-428.908 198.345 772.838
91.441 675.092 -733.833
561.884 167.596 194.658
685.685 -558.365 425.069
415.1 87.395 -683.425
-764.353 238.902 -602.962
606.404 -344.356 675.486
955.363 827.306 856.452
-271.209 832.699 -315.391
551.132 -316.728 536.751
-559.014 699.787 741.726
550.883 465.029 99.18
706.401 60.355 533.032
-722.983 675.552 990.329
-361.042 659.374 247.026
-488.674 867.053 484.281
-615.687 -790.275 -259.271
-149.743 -520.221 -21.624
-47.972 23.868 -700.08
619.346 563.891 -59.836
-448.108 82.66 -313.401
571.977 -933.724 -309.591
-648.288 -228.204 -764.294
-836.135 160.568 -454.887
-829.943 338.866 -534.103
156.084 287.368 149.868
-31.306 -152.426 -860.594
-922.713 77.174 -447.173
-860.7 -99.255 -648.166
760.809 12.888 -146.276
-221.141 417.745 172.51
877.931 -39.519 845.561
-457.004 165.898 -916.993
208.639 -584.65 -906.409
583.71 -952.534 130.842
103.999 322.504 -204.472
449.433 -74.71 171.193
-557.218 -366.087 367.526
738.904 -987.921 686.361
-642.136 -805.393 -673.594
-843.046 131.732 868.823
-213.045 762.401 879.564
-665.549 863.298 -959.931
-403.85 -116.175 461.452
100.644 20.359 -15.047
-946.017 -173.114 -290.444
160.247 254.73 -699.986
-325.825 740.322 -545.943
534.035 -779.438 298.556
-720.429 498.784 -465.665
-348.277 -378.201 -812.747
-112.98 888.432 544.869
-307.311 177.911 -495.59
-762.124 209.637 -310.691
-213.404 -320.613 191.586
-328.149 -750.899 624.147
-238.588 244.917 60.391
632.591 -779.899 557.588
494.457 737.348 -243.375
586.028 -890.587 364.156
-837.846 -767.173 -251.387
526.835 242.814 -567.041
-510.407 -825.436 795.134
-158.485 -1.146 718.761
-34.89 -586.873 -878.105
-951.589 818.143 568.483
498.991 -269.704 -636.427
950.599 127.559 394.388
-755.09 -995.703 158.458
565.377 -320.387 51.422
-165.735 135.354 900.393
-253.661 -253.485 -15.817
677.395 854.751 226.597
-61.669 504.989 903.095
-519.066 -858.08 827.266
-887.211 833.417 -329.536
-8.867 178.336 969.206
367.609 -955.35 518.813
947.615 -365.394 296.107
-891.044 -863.345 -453.639
-848.301 -82.971 -399.818
463.381 -542.075 -20.017
632.411 364.261 -581.654
277.805 669.849 -971.795
782.905 313.63 454.077
-763.715 514.867 -657.97
-989.486 489.183 844.418
665.839 -781.388 -909.32
541.291 -320.452 223.946
-836.573 722.6 270.975
696.78 -49.99 776.708
568.435 -972.331 355.467
886.838 -813.437 642.179
-174.613 -391.304 -475.187
175.813 -720.678 934.936
620.099 893.736 69.301
-480.669 977.327 922.055
282.995 -925.34 220.056
-772.651 -706.505 86.197
-163.458 282.627 672.62
-402.699 -293.754 -668.234
-917.934 248.592 -589.486
76.885 -774.661 -590.753
-165.598 -12.799 694.242
-392.747 743.547 -695.97
-583.316 -846.512 -806.326
729.826 214.871 -601.949
-942.727 -122.664 83.3
-395.124 349.205 52.571
-582.551 636.153 -765.814
-827.558 -541.607 882.667
446.035 -663.396 -889.819
927.297 -659.641 -798.623
-942.952 842.717 499.872
198.807 102.213 148.321
174.134 -496.614 -715.744
-331.481 843.796 507.447
-729.693 -828.866 47.172
424.348 459.693 800.58
395.861 778.288 -971.453
834.841 -171.814 406.919
139.814 212.602 689.83
-239.299 -734.015 318.108
-250.313 432.088 -671.651
-553.264 -852.722 -367.316
515.198 591.603 -101.31
-31.114 -480.756 -306.612
-254.497 -487.495 -755.857
772.426 -885.437 -272.258
-690.93 760.951 -941.314
-987.009 237.847 710.8
351.821 27.224 885.666
-276.239 -615.879 -790.755
405.928 -156.202 336.309
104.045 -495.181 -950.47
280.651 -374.15 283.586
237.179 -169.292 -871.614
-914.301 -524.669 -672.059
-331.07 -362.081 470.803
-479.239 944.133 -408.919
172.188 -396.464 301.822
-57.599 29.378 97.636
-626.674 -820.459 -651.702
264.113 388.851 498.123
-114.197 402.106 -466.698
-589.158 -655.621 94.61
-435.371 -213.704 -795.409
82.193 414.903 430.241
-301.235 635.173 -222.152
-998.322 832.139 -784.272
744.486 -618.695 -765.879
569.564 -258.303 -434.542
-505.393 780.362 -936.34
56.177 494.401 576.969
-665.522 925.458 717.289
-929.844 697.627 978.616
-517.707 701.554 381.381
84.757 -643.715 342.75
971.448 937.382 286.445
229.69 -24.225 727.789
752.252 -55.96 -295.012
-339.379 980.112 -809.01
572.53 -559.272 -465.415
-958.518 -294.697 928.243
-683.713 -754.564 -481.065
-989.436 181.855 558.694
919.438 214.053 763.958
-960.683 -434.004 -937.865
-696.508 -183.278 -791.421
-852.754 -487.363 -24.506
-376.678 736.317 -115.093
-541.928 163.073 237.156
151.311 -477.262 -649.615
-899.721 -815.958 421.174
-838.533 180.088 565.405
85.005 -969.803 -103.057
802.613 562.135 571.367
-90.253 531.958 668.686
225.15 878.139 -636.347
-449.764 913.385 -765.599
239.412 489.576 426.506
200.347 -175.421 803.432
-706.212 826.808 322.438
107.206 907.165 -752.58
896.473 -155.58 630.503
-837.623 905.207 444.329
-748.536 175.08 -461.061
-854.259 -375.672 -236.004
75.813 -859.94 -469.787
-127.741 13.998 -228.263
-430.652 877.456 -752.651
573.59 353.41 966.77
545.717 -679.985 -238.258
398.227 23.397 -354.684
-321.417 536.834 -168.518
386.862 -693.086 550.447
423.4 -539.419 172.762
-697.128 -417.333 -941.95
257.466 771.352 -364.513
949.557 173.46 914.185
-459.079 893.942 179.94
-874.466 529.905 68.606
885.56 818.73 288.224
-365.535 -147.551 642.401
-86.784 716.258 -834.204
-877.959 -746.307 -125.821
-458.364 455.49 887.552
-498.969 -936.169 795.536
-771.922 320.86 707.258
-312.598 713.382 380.347
922.642 -917.648 253.957
-893.574 847.16 -331.477
712.498 394.409 -395.529
-962.65 -775.881 -705.299
602.261 -999.048 -216.263
352.708 33.66 653.474
-186.674 -182.94 -41.618
-667.478 -984.926 550.838
527.906 -870.654 67.098
-653.168 442.868 -482.127
805.345 -126.153 -172.89
438.183 623.496 -496.207
-373.748 -544.391 628.611
307.831 -684.823 132.452
546.303 440.762 -274.837
974.214 983.399 927.753
-949.179 -209.164 6.725
-527.846 -796.908 356.458
841.654 155.814 -187.331
816.731 353.357 -964.164
824.216 329.716 964.626
358.639 -726.055 941.16
-365.798 987.083 -357.047
-643.233 221.344 -64.643
281.629 681.837 -167.901
27.159 -451.522 263.076
441.743 -374.338 -988.45
468.484 -950.411 989.977
757.912 -310.593 441.8
11.188 -550.093 -387.139
-289.576 127.371 -217.106
-178.346 601.249 -262.411
-229.578 -100.134 68.933
-7.699 565.149 -871.947
-904.375 981.017 -859.256
-241.341 -734.651 -567.808
987.267 -426.101 861.271
75.439 718.762 -762.458
752.413 -629.782 -548.696
444.756 -235.518 -150.248
108.573 -980.325 677.501
-722.496 -303.475 802.696
-568.474 787.358 -488.283
-501.449 465.916 995.707
435.253 -911.329 -697.046
-693.182 793.978 887.636
-995.121 631.166 -787.575
-429.104 289.627 -289.911
-354.998 -712.129 -67.408
622.838 -487.651 -972.166
75.186 698.303 -443.919
302.706 447.114 -74.258
714.495 -696.631 -878.117
-559.509 822.904 -60.19
-113.176 804.262 -967.214
668.457 -903.477 400.537
845.725 122.709 725.078
64.029 227.018 -61.496
855.355 950.084 180.308
125.673 -825.753 -728.298
260.619 -68.236 -845.05
135.698 257.67 -327.759
777.075 -853.768 -59.887
-8.784 -964.783 138.977
-756.835 808.997 749.635
849.741 -492.359 703.539
313.035 -321.81 -581.316
-108.561 -340.011 285.257
-258.704 309.51 599.871
4.914 -172.036 1.071
-252.367 -416.706 -420.798
-573.575 -567.034 -288.512
-676.385 84.875 847.43
141.631 603.677 -739.374
-124.864 914.073 228.173
-781.733 502.035 781.27
635.669 519.51 -932.722
-641.296 540.696 -90.586
661.351 615.931 161.829
104.134 791.434 325.143
524.79 -861.112 -416.232
-506.328 119.02 297.68
-309.22 -629.003 -20.9
-751.435 -101.674 685.191
-493.323 597.919 -787.752
65.55 -527.65 -541.796
-964.753 -183.672 37.259
-946.385 169.026 -703.825
944.776 272.594 439.344
898.664 -6.869 -45.873
-685.24 547.056 -860.506
892.47 -859.356 527.814
-314.279 825.965 -241.653
693.838 684.109 -319.986
-99.599 -980.425 -132.934
-454.636 994.523 -828.79
-583.371 -576.117 715.434
60.013 -159.233 -969.284
525.762 -933.31 926.443
477.21 -154.687 -432.622
-332.591 824.885 -613.116
69.199 954.028 -435.108
-492.643 -596.636 -94.815
161.075 788.517 -298.917
678.999 953.91 305.145
858.623 488.22 85.218
-583.473 723.675 -239.118
223.387 542.673 -105.519
942.531 834.193 -986.892
820.487 -419.295 137.563
-607.583 -24.459 437.27
-692.302 18.604 133.98
-228.467 -193.197 361.562
987.702 578.893 709.491
785.178 -829.422 -894.921
-174.782 -99.93 302.916
-605.495 701.929 -97.732
278.394 58.43 848.444
-284.949 -763.731 158.56
235.561 -362.895 154.745
77.303 538.869 198.139
970.03 246.654 364.106
365.737 972.425 -592.556
559.11 134.026 -179.436
159.162 -311.355 -706.79
361.685 179.615 945.656
579.312 271.581 96.273
-444.458 -169.764 -319.008
-873.201 209.783 -807.631
900.527 -218.554 -46.1
-423.064 -272.432 712.95
-101.899 810.213 338.162
-950.084 552.338 -39.743
-118.448 -740.788 -556.745
-917.614 -613.432 -99.649
-649.311 825.614 731.818
352.531 954.843 812.044
51.15 -901.67 299.748
959.175 -919.675 -931.738
216.49 -335.877 636.932
-389.655 460.359 373.963
73.203 852.087 7.659
289.903 503.594 976.106
-911.335 52.118 -384.424
-283.22 -549.738 496.766
-413.681 413.834 116.924
266.476 -678.988 332.262
-475.035 140.734 798.404
-788.89 926.246 618.11
-486.477 727.79 -454.143
-170.653 501.443 817.945
-898.212 -401.487 489.803
-83.795 659.291 585.027
853.981 902.201 -463.236
-995.734 493.861 -421.097
632.357 469.835 141.207
-783.003 -182.269 -665.368
816.875 -413.817 372.748
660.071 395.723 -285.347
-797.879 -187.874 754.496
410.252 -725.932 396.405
832.025 -438.076 168.847
-985.07 209.662 358.41
529.463 144.704 -641.691
-121.774 426.519 -135.811
683.804 -151.274 297.931
-314.536 611.465 -577.149
-234.071 -328.233 313.402
-242.739 454.027 -607.007
-242.336 -700.73 374.951
177.881 -431.561 511.001
158.718 816.868 -828.274
-632.247 88.587 888.109
711.799 960.072 -358.793
-355.498 -516.451 581.537
390.932 -279.482 713.416
330.131 -760.668 525.392
-358.686 131.704 454.403
-547.74 589.594 139.586
-744.155 125.749 -393.184
641.214 993.248 859.395
216.837 927.296 632.994
-269.749 878.063 970.607
354.252 -267.604 33.455
-185.48 582.901 -187.541
-265.122 309.861 31.886
735.326 562.667 877.755
-338.776 -6.782 -38.1
141.577 -562.018 -724.855
265.315 983.781 -414.434
-569.953 -959.41 160.434
-409.997 -31.723 61.063
-861.983 516.833 -247.499
-828.737 414.165 982.294
362.723 -659.536 -75.154
803.061 361.082 -446.072
50.852 -962.437 -839.765
45.073 -302.339 -553.788
697.482 -865.889 321.745
-789.351 -699.371 -421.263
-378.99 922.736 773.933
556.99 977.983 839.551
824.063 933.671 -108.649
-297.939 89.062 966.255
659.669 829.534 822.839
949.139 -562.136 -723.384
-536.405 874.425 304.342
-20.212 509.801 -433.398
138.658 -619.916 481.83
-910.104 459.831 -169.57
-884.233 -965.936 -819.728
-819.374 -684.06 790.284
436.653 132.154 -349.784
841.517 405.15 248.791
574.154 -38.67 486.64
-72.82 -753.907 -251.401
875.552 -674.04 -91.8
816.553 648.255 294.401
-282.593 -871.35 738.544
569.083 -710.427 -995.851
222.489 -702.128 544.055
777.587 165.086 543.936
748.486 710.183 -245.063
-403.269 -356.093 349.696
-572.295 -370.633 742.679
675.616 320.954 -163.191
-842.398 -141.381 146.903
503.45 -486.979 412.953
355.811 -768.565 -497.95
710.758 729.009 -484.993
17.331 614.016 663.433
649.913 -980.154 867.115
-233.545 267.124 894.147
875.621 -26.176 770.75
768.958 -711.91 362.503
466.125 -735.029 620.29
25.172 228.341 480.285
89.343 -770.159 -656.609
79.913 71.231 622.272
137.886 -91.779 928.491
203.026 -923.318 77.439
-969.804 149.736 946.584
29.343 670.592 714.058
-585.707 955.166 487.654
-133.801 554.495 557.46
908.336 59.573 880.754
662.533 283.756 -59.741
-74.043 252.134 -389.109
-624.852 -191.942 -648.43
562.432 814.37 -522.667
-796.175 -230.91 684.377
830.135 -760.619 490.988
-812.492 -258.713 -482.308
636.992 56.12 -518.322
-10.82 742.373 -13.212
-14.793 266.573 -894.41
-367.01 -27.746 461.312
-816.796 -686.718 120.723
-379.379 -261.03 339.025
-882.502 -165.766 341.995
-373.114 -793.576 -760.475
-596.159 511.816 874.366
-923.866 -858.858 -933.052
203.508 183.161 -619.8
914.049 61.114 -608.583
-669.523 191.783 140.6
313.293 -745.804 983.783
-300.969 587.591 678.455
-28.949 766.222 324.065
845.047 -867.171 -529.7
-109.933 522.195 -62.247
-711.853 105.299 195.231
-984.703 654.701 652.931
93.072 968.527 -717.695
-14.793 766.921 -292.483
754.622 514.32 -870.034
-173.027 617.632 -55.676
-999.928 813.458 503.927
-477.212 -931.324 -29.214
-228.042 -437.648 -514.023
276.176 -379.658 931.911
768.298 -462.039 -166.969
819.227 128.894 -601.036
23.875 -578.01 -647.133
716.551 -183.392 -533.339
-288.529 -161.409 -632.08
732.518 -934.456 -673.698
507.423 -43.894 -862.163
-215.437 -626.72 -279.851
-429.533 -102.768 511.054
-619.66 921.065 -337.855
-203.195 -35.209 -333.465
754.357 875.51 -25.008
-783.636 972.075 754.905
-637.113 931.599 815.409
-631.513 -714.282 -196.504
259.342 47.823 -163.635
-201.185 951.145 -12.089
487.585 189.325 37.54
-463.451 344.744 798.671
-659.848 -429.333 871.572
357.007 -365.097 355.497
-485.705 -768.476 324.525
-59.559 -584.446 -935.033
-256.551 -844.287 593.523
262.64 275.655 180.557
-788.178 -803.638 832.871
987.538 -843.69 -691.58
-509.053 264.997 881.834
-294.215 -118.703 -107.0
-911.82 -669.927 392.226
905.919 314.541 489.338
-77.284 974.979 400.469
-839.523 -827.845 -403.303
-611.91 -816.092 -714.688
35.56 -700.946 965.064
-371.511 -397.008 531.264
-195.256 567.835 888.624
-228.137 -658.218 343.914
-882.558 593.869 140.452
551.048 -914.082 -531.084
-307.1 909.71 161.013
577.455 300.271 -43.938
-248.162 -667.493 -741.543
294.958 -145.641 -601.207
476.31 373.507 -686.545
65.833 517.503 -675.322
-512.691 -389.016 -489.263
282.104 -42.279 -40.605
853.116 -364.194 -904.223
-499.85 408.224 854.402
-149.298 -408.472 -309.82
-95.317 -773.696 757.27
876.13 3.671 879.001
601.821 -777.307 -15.55
-827.112 -495.125 -278.201
-261.296 -334.076 -164.244
-181.248 992.164 247.924
516.295 306.702 -527.405
211.611 -346.724 366.398
410.085 -909.39 -416.314
202.796 -381.883 -368.99
-740.526 116.927 984.777
894.091 -886.311 -55.923
396.945 -287.763 -145.441
-515.736 -930.463 23.126
-520.074 -375.811 148.473
542.446 802.771 430.36
-857.657 -594.358 -562.406
-951.461 -709.772 859.715
843.332 -617.747 -291.982
616.297 -808.9 -798.1
-842.585 -815.605 -383.012
-776.187 182.821 -157.226
837.671 429.191 330.899
197.746 442.819 -884.34
196.118 71.26 51.737
443.69 -901.139 200.668
71.749 610.872 -837.58
139.82 -919.262 636.609
-716.058 -740.973 174.455
-191.559 13.088 269.09
5.364 -946.445 270.384
809.996 -202.769 -835.656
-359.231 -698.964 693.954
-765.281 -993.627 855.242
663.062 461.759 26.882
-553.302 703.085 -724.786
-229.083 860.115 -577.37
214.912 981.188 -441.305
920.775 -369.213 -849.996
438.664 809.924 993.925
806.054 837.68 536.037
-785.93 437.129 693.593
-261.118 34.789 -361.523
-177.354 -544.005 -941.239
198.161 -170.962 -471.067
456.14 -478.171 -508.618
-730.518 724.885 -718.949
-507.993 -572.172 496.911
218.29 -466.23 -113.579
-624.072 324.628 88.434
-431.938 71.288 -483.09
-860.313 -849.698 652.033
-225.417 245.206 292.99
-775.841 -515.32 827.689
4.931 -517.411 525.62
394.153 26.919 -813.885
188.108 452.383 482.976
-671.576 331.537 439.407
-343.152 -823.701 -160.718
-71.91 -864.47 994.826
-225.94 -368.41 -481.04
-215.765 -945.407 235.124
321.218 -129.374 644.063
486.993 567.997 -101.521
-32.814 608.336 -159.047
-205.811 505.72 -305.122
98.299 719.881 -74.299
486.252 -50.34 714.478
-675.262 -340.931 682.764
-522.808 59.153 327.133
83.81 369.131 83.944
-828.506 -415.738 -759.281
382.227 575.543 -177.874
784.251 -200.73 -72.955
412.172 -833.182 577.48
867.423 382.91 -680.878
-947.326 -34.873 977.441
-268.957 709.977 -695.023
-371.824 -526.573 -682.025
-666.773 -485.904 -382.352
188.11 270.145 901.608
-669.655 268.126 -436.009
-834.997 -401.995 971.714
130.552 933.217 -61.303
999.195 -301.357 -536.257
-203.245 -808.202 850.663
862.966 -245.368 517.402
424.214 519.347 706.223
186.231 -609.73 -542.673
995.827 -179.582 -224.858
107.283 -474.889 -343.871
940.227 -79.47 -327.771
-152.326 287.537 952.7
73.037 765.886 -188.154
-742.163 692.386 896.377
56.334 969.341 -934.857
566.286 762.176 -419.278
194.14 -621.339 703.998
639.946 -99.999 50.47
537.649 -303.822 -365.513
563.083 4.855 356.62
-91.485 -926.804 974.635
57.572 920.141 717.435
-86.865 -668.452 -195.835
95.468 -507.526 693.734
19.796 836.021 -972.426
-292.687 -564.834 -593.719
-825.799 -735.365 510.681
743.255 517.209 -798.163
-377.186 808.447 -993.855
687.728 -299.037 455.038
-45.587 -639.556 430.973
-222.182 -780.555 -917.591
-776.836 -351.776 -662.606
634.431 -750.856 525.069
-391.126 -348.635 903.58
209.48 -994.359 -906.192
-852.02 -591.769 432.121
-117.318 575.224 -855.175
222.675 100.702 -810.272
802.787 -417.778 -9.014
115.927 -40.155 802.52
-124.538 -174.091 290.834
-348.832 -497.746 28.176
-484.222 389.052 -218.8
195.129 539.055 -614.169
-210.443 674.83 970.072
733.426 -258.154 -653.584
5.538 196.948 -255.286
289.039 -700.28 119.373
887.378 -556.224 -32.382
-971.667 -619.607 152.575
-111.277 -685.484 -465.949
300.909 458.536 650.232
350.738 314.984 260.071
-600.386 358.45 -803.64
895.172 577.639 106.796
575.633 794.497 -317.308
-974.606 -856.578 212.544
-634.141 -365.635 -545.149
-340.335 -816.255 -216.997
152.122 -110.02 106.666
704.941 -2.151 -402.779
-964.868 115.926 -334.296
513.79 930.448 267.393
553.624 -157.011 -640.212
-3.142 -495.557 84.513
132.696 -687.902 941.361
265.204 404.423 -230.069
553.496 -898.953 346.864
-976.461 -808.448 390.79
18.776 556.648 933.959
-45.457 -859.548 -523.773
183.1 66.388 -244.845
-576.804 -347.945 618.078
351.487 -111.141 -672.447
-150.169 -336.373 391.022
753.719 -183.489 46.943
665.945 -127.28 -887.268
402.408 196.904 -461.919
-961.617 -8.758 723.09
-759.059 813.168 -222.409
-765.596 -259.198 -168.301
952.868 224.104 -55.817
-768.689 649.977 20.738
120.726 -942.756 558.36
-800.835 -884.663 -755.75
-558.742 466.521 -395.649
-75.499 683.174 -423.886
701.52 957.347 -363.433
-226.476 230.147 -763.148
937.496 863.437 595.179
842.504 -112.629 419.577
-223.611 -541.661 -129.796
-915.54 -225.971 494.539
-363.542 914.066 -117.34
-295.544 -427.173 -139.263
-873.712 -85.53 -854.936
-580.691 -480.903 271.461
779.114 -193.006 39.155
989.367 934.538 -409.01
594.406 49.292 409.055
886.434 993.212 464.347
-275.248 663.15 -438.14
347.571 -616.611 823.194
-293.059 424.432 -457.036
557.227 423.589 -513.872
389.942 -710.23 191.463
-99.621 -332.618 743.819
-430.617 -31.773 -414.319
515.427 345.428 -727.661
-63.172 367.23 491.902
-698.388 -404.259 819.309
770.939 907.071 591.722
-866.931 273.399 245.203
357.895 639.538 -193.337
-471.765 -446.74 753.396
231.621 -26.068 -552.043
680.352 590.64 -963.661
57.182 -646.792 605.483
-847.702 -852.082 969.765
135.913 505.563 -121.265
-452.826 -706.019 -431.86
378.931 -245.921 742.922
-581.528 623.295 -714.83
107.43 933.23 -338.269
148.857 -426.494 283.812
170.823 751.074 348.074
967.058 -885.818 210.051
-394.571 837.725 -782.803
-450.706 -980.677 -994.934
-781.162 -351.566 -290.892
453.683 623.975 946.922
836.533 378.027 -465.5
278.678 -592.277 -592.469
314.607 -595.878 -891.38
233.346 612.468 784.056
112.058 -474.854 755.678
-85.682 973.839 295.196
605.458 -386.974 -423.777
-252.779 480.214 874.783
540.698 -876.84 341.908
791.67 -97.193 -764.354
-74.036 700.349 560.325
-939.592 399.343 675.545
-933.104 189.037 -265.271
-165.378 990.95 413.432
-732.354 -811.983 -187.693
-644.301 -42.47 680.989
206.667 -649.287 986.796
-369.693 491.532 -700.011
960.373 966.902 979.753
-859.703 703.961 -455.761
-238.43 353.238 826.515
-544.111 -582.403 123.815
-834.894 -251.487 -441.845
747.997 842.797 919.449
-1.957 761.583 -434.393
188.967 -156.963 -640.159
969.463 -52.896 984.295
-964.817 224.375 -24.451
-173.532 342.369 -214.651
665.094 -566.416 -93.142
-689.004 -919.709 -98.349
-403.456 954.41 171.605
555.845 -171.818 755.623
86.511 978.212 -146.724
71.782 56.678 369.431
579.909 906.778 -718.544
489.922 -682.48 -716.898
909.781 718.06 -342.355
-893.268 931.224 187.215
783.757 185.351 -439.565
-999.968 281.628 -516.571
842.055 134.214 -468.322
-921.415 730.702 -135.52
267.344 -643.585 -87.968
80.511 809.39 90.971
7.459 -535.904 154.987
-540.233 -93.677 -438.678
453.131 -284.983 42.083
526.371 225.138 199.29
742.741 -701.972 423.773
-255.73 -222.76 527.019
447.594 232.605 868.073
319.171 -647.221 -175.391
-148.571 101.518 -548.552
-719.74 -69.556 -752.008
-944.655 -866.19 -507.553
-9.449 464.729 -285.092
991.711 512.638 779.712
-716.054 -254.413 242.176
-135.528 341.996 -395.887
-485.814 -143.767 102.663
-952.944 741.617 902.78
-505.74 575.339 413.391
-279.437 813.527 274.327
707.293 830.823 128.408
-874.496 -494.975 495.053
-20.974 -801.763 -37.258
-143.34 -50.449 675.258
-516.847 -874.893 25.321
291.675 441.502 497.822
355.712 -92.629 581.392
227.674 -429.758 -491.734
625.212 -910.588 -744.81
650.4 122.244 -750.262
-148.368 -54.565 -140.8
166.539 227.815 -634.467
-964.16 512.107 358.201
-294.873 536.722 33.874
885.173 -830.001 921.638
109.676 -48.234 -255.773
27.937 710.806 -554.43
64.122 -833.706 555.436
-104.078 -925.544 934.132
950.444 497.095 -860.301
423.937 593.315 -917.677
-84.579 874.156 -411.635
-22.886 -37.607 729.481
106.147 104.41 -55.899
-747.083 -152.482 728.697
385.846 958.245 594.367
-492.577 151.09 -800.491
-378.601 809.018 748.945
-670.239 496.456 485.343
392.604 -229.419 -630.441
187.581 -673.53 -741.212
-110.236 892.343 -783.616
-265.691 871.819 -922.144
-795.133 -574.991 221.77
-678.924 569.005 84.529
825.883 191.527 -139.752
-877.271 942.43 -279.704
317.228 49.833 555.995
511.243 -120.097 -273.545
-362.286 -56.857 144.373
643.302 -388.71 -75.739
649.216 58.944 -937.669
2.434 -131.742 -803.691
855.713 866.492 728.364
-181.478 264.792 520.738
-772.793 962.724 103.426
-287.456 -30.627 536.308
-554.333 -917.307 -886.913
-737.119 -530.63 874.996
246.203 21.512 -141.411
-404.182 -867.475 -461.902
898.097 911.278 -883.289
-395.215 -194.092 -194.099
882.772 -961.196 -647.229
179.559 -190.916 547.366
306.462 -53.147 864.396
110.435 -255.349 936.637
-842.998 453.12 -826.872
368.955 704.767 677.572
-488.669 922.008 -700.27
792.681 375.503 430.512
917.694 340.471 398.369
695.033 -576.383 -966.614
306.73 926.96 77.439
134.962 689.797 837.255
50.394 -548.202 378.128
-660.546 -952.959 177.167
-260.01 -411.866 745.243
-150.189 -949.698 273.782
699.329 -866.018 504.326
30.073 -228.928 -464.264
-294.89 204.445 -619.188
245.195 -276.14 70.119
750.456 457.807 472.873
-967.814 97.327 148.565
322.94 -405.321 538.707
524.197 411.097 -766.884
459.546 -340.576 311.73
-85.353 -340.3 165.204
-791.301 497.376 -81.707
547.963 749.969 -842.08
-142.263 676.389 -471.861
-471.504 391.766 -555.754
211.748 -381.521 -707.772
253.065 410.646 110.651
157.748 -310.884 -679.782
-186.714 -171.874 675.061
-366.673 344.682 -128.407
-26.152 -754.358 388.207
-117.045 -824.231 916.713
491.085 646.045 -566.647
520.196 -226.592 4.758
-76.524 -984.981 332.682
142.756 -621.059 287.693
11.558 900.83 995.286
385.517 822.807 -632.061
227.353 -682.312 -179.969
136.638 370.133 479.879
744.657 644.659 -745.216
683.841 360.045 839.905
-956.353 -819.617 270.35
434.519 664.23 -802.238
-825.797 763.406 -922.878
250.958 -58.373 108.615
522.877 -546.817 -570.196
-719.21 -424.082 866.446
-121.704 -507.995 847.299
-547.433 -587.971 811.902
37.599 975.307 -365.312
-385.236 -397.924 -842.219
289.857 -34.282 641.41
-60.052 -412.537 255.25
-442.841 -694.564 -367.638
591.103 584.271 843.936
-307.689 543.04 281.913
-874.496 432.71 477.753
375.726 -821.859 196.634
-492.659 -662.142 124.176
-777.495 248.425 222.544
334.214 -127.285 -509.73
-622.264 -594.297 549.838
-805.28 737.75 436.238
-651.016 728.516 -985.944
733.896 857.88 -608.87
254.84 572.248 -6.762
-329.568 980.646 849.463
-548.782 -37.817 266.145
66.391 305.345 613.46
-976.578 68.516 430.283
706.382 -15.336 -485.465
985.979 -387.423 -599.875
-354.443 341.714 -699.227
-921.303 -852.651 -409.759
688.801 -163.113 990.604
-704.116 538.801 -851.131
-332.781 858.191 -878.543
-531.309 606.816 -881.628
-697.196 662.261 -355.269
-178.052 -895.089 364.687
-369.057 602.041 -642.694
882.285 10.321 -47.647
-737.991 -584.919 -873.013
-370.91 494.97 370.339
-595.201 -657.394 -665.201
-660.298 293.442 -169.28
-375.715 -852.726 -70.272
-757.103 -577.318 184.37
-794.851 274.67 976.989
681.334 -105.572 -705.282
123.27 -297.018 -234.472
-392.024 -443.927 -984.061
772.336 465.781 -992.378
724.958 234.612 -903.907
709.449 786.596 -531.397
556.495 254.282 -693.164
818.136 439.094 -600.134
-566.375 -238.509 703.034
-948.834 871.053 881.495
347.27 -601.726 -831.503
-192.205 -55.785 -630.88
734.996 931.697 -446.745
-317.746 887.217 -419.514
-818.908 544.596 782.133
-586.755 -277.621 -716.443
131.697 -923.084 -796.691
133.997 548.592 903.591
982.54 -604.584 225.903
-873.712 -837.43 -509.811
435.132 -117.773 397.913
-227.806 -909.218 734.09
667.635 442.294 -495.168
-611.906 -758.693 -906.808
239.048 -711.164 41.778
172.01 -873.698 -568.482
134.159 13.165 607.176
315.498 758.435 -290.532
-941.025 629.267 692.425
686.146 -573.652 696.013
-273.049 -333.494 420.836
43.993 848.387 312.917
139.687 934.398 868.742
-71.809 767.193 189.116
347.721 -756.314 -926.256
-194.713 542.976 -338.137
-383.41 186.902 578.184
-285.632 85.144 642.099
-152.501 -676.138 -475.922
413.766 446.672 970.719
-222.419 398.275 -697.574
622.82 561.223 -689.594
-566.516 -46.744 -82.533
737.135 138.194 148.11
-109.929 419.864 544.546
-512.409 22.628 -845.587
22.47 439.325 760.968
-855.003 -243.709 207.999
211.391 458.096 -342.699
-732.847 973.538 -202.825
-487.042 896.811 283.638
-664.038 -308.104 643.046
945.79 -778.01 -263.169
389.169 855.517 925.14
-600.753 -123.234 310.404
308.654 464.255 277.976
237.917 -972.987 -346.18
-740.281 796.103 92.781
-553.442 -396.582 344.71
-419.645 -125.435 947.791
-511.029 845.057 417.57
-103.132 29.745 879.992
623.171 -863.442 -306.209
-561.105 185.088 -6.616
725.666 413.998 285.061
-95.823 -753.467 -542.871
926.267 245.332 -983.307
-392.327 -203.094 -732.103
375.918 -109.986 -706.809
-748.647 -983.198 -427.472
779.791 693.291 -38.881
-155.441 456.243 1.127
-879.299 773.333 -32.221
-708.353 230.156 923.387
326.416 -287.161 146.098
-491.667 -846.825 -361.347
-757.656 864.163 589.084
776.778 -238.405 -909.994
-380.356 -340.298 593.473
298.541 -549.606 829.834
-890.553 -360.461 996.798
-56.309 -696.952 843.549
397.13 -36.451 -246.596
-43.258 -523.427 -897.304
917.074 -176.962 -856.704
658.708 664.986 -530.45
784.004 -944.368 -490.975
-100.871 -416.02 901.968
492.224 -47.944 298.089
333.856 163.346 989.094
770.841 45.169 -117.385
-805.405 -373.608 -690.471
-287.815 -394.308 492.769
86.776 60.993 594.469
-406.978 570.578 693.77
883.974 -45.717 -485.506
-423.417 890.782 -357.285
-478.454 748.895 -39.918
-920.537 -844.937 -519.792
-833.846 -852.567 -722.424
-671.816 373.7 -692.086
-724.597 -400.124 632.917
-963.278 -982.27 451.005
-174.146 489.653 -510.5
145.376 -774.941 -357.704
-566.997 -853.146 -622.229
550.106 -386.425 -823.324
704.899 -424.381 204.271
-668.099 316.453 -31.439
-353.882 -13.645 596.172
250.314 529.772 -293.133
487.467 -572.444 -861.508
-214.872 -975.207 -152.921
256.598 -326.813 -551.136
618.544 486.626 817.225
538.499 -685.856 401.444
204.584 -296.112 -40.207
137.172 -874.061 353.39
72.487 24.515 197.065
-183.968 -105.101 -14.437
-261.158 980.229 -675.978
561.266 -860.513 -518.674
-781.914 -29.4 -681.428
571.555 -293.329 465.885
-275.978 546.411 744.209
-7.447 -936.358 110.709
-617.696 107.266 376.687
235.978 322.769 -872.956
-347.705 924.617 -740.4
526.949 331.689 147.008
378.951 -954.566 573.767
-921.858 765.087 615.829
-163.081 666.945 199.993
479.827 604.382 937.349
225.102 122.961 -305.846
727.077 751.418 -473.444
720.41 -181.444 219.755
738.784 -146.101 -658.549
183.154 -415.826 -578.239
34.535 -533.667 813.704
-755.811 -675.541 -507.88
474.751 -761.645 -130.936
670.404 692.566 727.034
-420.156 771.285 -741.077
240.345 -431.147 860.304
476.527 -380.12 -218.614
109.422 -892.465 -563.274
-26.535 938.58 -29.105
-522.357 253.262 131.11
-447.149 -475.448 522.492
866.733 66.913 786.028
-553.21 791.78 -443.287
-206.985 628.939 113.017
262.186 382.254 -155.282
712.731 309.451 67.306
-981.167 -168.537 608.629
-557.824 -402.134 223.761
-279.811 -662.905 -313.723
696.837 -410.654 -375.083
261.216 -316.228 -896.811
861.248 -478.381 -836.435
284.731 59.055 877.783
-370.968 686.006 -465.381
-831.466 -286.697 -84.209
133.331 -244.299 -554.343
-385.06 -99.013 906.194
-598.827 609.0 -66.152
-791.579 547.975 -154.823
-625.171 613.994 889.071
-797.886 -966.708 328.904
993.027 829.24 -738.718
696.715 623.904 -297.576
-850.826 681.008 789.496
625.155 568.308 848.971
696.738 -193.829 381.266
-983.305 -953.342 614.758
-609.931 571.254 115.035
43.394 709.938 930.622
55.979 -191.364 153.191
40.127 -221.665 -85.91
-667.202 855.512 674.848
-761.124 924.103 665.02
-211.124 107.448 816.338
338.457 -351.56 -688.893
-78.494 -868.522 515.178
-538.471 -752.101 182.419
-440.512 -470.707 -119.475
-234.273 -482.805 918.556
497.605 -156.534 931.382
871.238 941.317 -6.274
-458.02 995.227 57.745
-181.401 123.144 -652.158
-117.958 634.063 535.383
46.285 -228.981 185.905
355.158 895.575 -458.917
898.421 815.512 58.237
174.003 -400.659 463.741
350.035 -380.962 -223.396
-722.591 525.406 946.703
-46.003 765.093 -824.062
192.513 834.818 -970.647
-317.118 -958.233 888.798
566.878 451.09 130.779
-140.624 -986.419 -922.107
814.133 -456.038 -58.285
-815.352 -806.058 467.556
849.509 747.693 -303.29
456.396 -108.561 497.175
-242.807 359.794 -965.894
484.893 -590.735 -154.417
560.829 484.054 255.376
736.382 268.972 -362.96
-513.386 -428.706 -171.066
257.14 -606.453 131.417
372.735 -344.626 -252.605
-673.53 516.029 -219.602
-1.222 -793.174 336.167
387.128 -161.703 852.943
-839.46 -586.92 -686.053
229.984 -441.529 552.316
-54.501 510.833 -794.963
471.979 764.651 480.83
-109.658 -978.865 871.57
242.579 -483.394 -623.058
127.143 -874.539 166.155
-74.211 814.894 -563.621
-297.408 -322.513 -89.686
-286.898 818.573 -359.701
-184.462 -875.608 -563.823
13.742 -808.042 781.716
-997.699 -320.149 269.336
-937.81 238.463 923.234
-309.724 -725.748 -752.635
-398.001 424.865 16.724
385.516 -489.063 -236.542
-588.223 640.106 638.779
-315.953 -871.753 -427.273
-840.255 -583.231 977.27
489.092 -639.525 -506.356
720.638 -620.841 600.637
684.608 -889.145 -542.627
-789.09 667.863 696.231
-42.258 -512.783 775.826
861.97 454.431 -511.134
888.789 -633.085 709.927
99.536 -987.276 -219.9
956.019 280.195 -295.332
-807.157 458.789 -506.291
524.382 -267.45 293.335
424.958 -425.105 174.122
455.9 -145.337 -121.038
-119.592 -319.158 -428.417
34.67 -685.61 -481.778
-172.921 -840.019 -716.599
931.533 -651.622 -324.125
532.099 -390.677 737.295
546.184 -395.882 653.161
-247.36 642.861 -319.48
-981.101 684.502 -921.531
930.77 757.466 557.014
541.897 -407.749 562.618
876.851 917.015 -862.946
383.142 -392.013 -869.249
-354.031 501.007 -234.162
-406.322 -0.879 13.165
-166.725 887.75 758.28
-566.426 -201.581 -489.279
572.792 -923.178 -199.397
-604.655 70.351 788.813
823.489 275.307 753.2
-110.855 -646.624 -722.316
-223.957 -584.52 -404.475
79.139 487.684 -474.394
-885.987 -132.576 315.658
640.747 174.68 -199.98
449.471 -880.412 -224.428
699.668 119.452 493.286
-234.501 578.738 167.319
104.428 935.623 776.66
-801.267 -67.275 539.114
-555.491 -792.302 213.319
317.202 620.209 850.618
490.797 -839.346 685.33
-784.915 891.181 -551.25
-142.038 -771.338 -972.096
-599.68 198.119 -567.02
-54.824 -647.257 322.24
917.522 399.152 -903.836
346.705 196.342 -691.569
-307.954 -121.675 -942.752
-710.992 -2.264 483.971
-24.99 -658.299 513.281
805.219 -225.972 -43.101
674.573 -117.922 771.079
-197.632 461.035 -307.474
816.519 413.245 -680.923
994.217 909.178 726.377
-748.663 -480.031 -349.607
-509.711 -447.243 700.638
207.624 744.093 682.939
-436.827 319.65 -265.791
433.197 -61.296 -758.697
783.895 470.264 128.047
808.636 -590.019 -84.19
-238.209 -687.938 -465.379
-148.638 154.06 -313.11
101.355 -447.909 835.063
350.842 -353.843 912.695
-175.06 -369.787 167.19
-650.477 -6.277 202.523
-182.623 149.861 569.863
-16.15 785.999 -690.081
-776.458 -21.067 -994.012
-465.098 -432.17 -756.269
158.984 -397.339 -616.71
278.68 -572.437 -4.639
224.913 -343.345 233.991
350.476 -157.655 753.554
27.774 -54.197 -525.949
885.805 470.446 -302.66
-582.603 -18.27 -304.286
110.047 -569.844 -226.313
509.057 601.848 -82.367
-44.708 -828.417 505.45
710.251 133.745 -767.615
-11.128 -643.152 -283.447
480.551 -910.307 -686.941
-350.904 -153.793 162.722
640.498 -900.484 -400.746
-130.468 780.184 -107.907
-850.859 -95.774 460.355
773.48 968.01 -285.551
-498.919 411.937 -880.985
-992.845 395.197 593.085
865.356 -701.079 622.813
717.341 434.922 652.264
-765.935 355.298 -502.806
760.648 70.176 -656.931
-218.348 624.231 -178.942
-682.168 590.561 -32.168
-934.398 432.83 -332.978
333.939 130.708 -735.631
-731.696 323.37 788.511
452.528 892.09 235.522
455.95 652.334 492.196
-863.851 -820.442 612.263
-575.176 684.482 806.266
345.146 -902.88 340.854
-4.353 953.211 -578.154
4.727 -719.413 50.238
441.878 -60.905 228.905
357.959 684.528 -780.841
-847.869 -910.195 -65.313
293.337 -199.276 -266.718
103.433 -844.076 626.492
-634.49 205.115 -988.276
370.341 510.515 -604.444
354.651 -451.251 335.369
-763.543 444.215 -466.417
-570.067 -818.935 727.589
-345.174 377.903 615.022
-162.072 -614.646 -245.097
-245.698 9.191 -339.295
299.176 -708.331 -388.894
772.158 904.138 -805.033
-692.677 193.649 838.24
-10.965 -129.221 -865.026
-309.597 -197.415 -137.152
-703.183 -965.629 115.773
207.589 -286.413 -950.458
-141.456 -331.125 -474.719
543.148 -929.53 -365.673
-311.778 945.503 934.76
69.558 -637.562 397.578
-407.525 670.306 -181.97
-427.871 223.668 788.001
723.008 -140.401 -492.301
292.716 512.057 -729.393
-945.762 -299.46 642.637
-276.322 255.78 -740.957
-392.427 -979.686 430.886
-847.821 1.584 -252.129
-295.758 -93.553 -788.845
582.429 538.824 185.079
-201.014 904.724 595.669
-998.815 -310.765 160.352
91.046 899.633 525.933
-766.708 188.94 312.423
628.406 -21.485 -822.481
445.261 -933.972 818.295
842.894 -723.888 461.165
-274.911 852.129 500.132
-628.231 -489.247 489.286
965.602 -113.639 407.311
-516.696 421.078 -314.716
871.639 -70.237 247.331
-504.223 208.617 -785.054
-877.865 -342.181 435.598
-15.692 -102.572 394.961
-848.635 568.21 54.753
-744.23 -354.095 -7.89
-499.976 766.649 -458.925
-180.465 -485.982 346.57
-74.413 523.342 -923.812
450.792 604.622 507.821
-770.201 747.638 -733.037
223.662 -828.63 789.873
-146.777 535.23 505.123
63.425 380.148 -612.113
933.332 -898.732 774.167
-518.324 -260.843 790.894
-169.391 565.587 -575.642
290.262 -908.361 661.86
249.696 -369.772 -512.411
348.093 561.751 538.356
-349.639 -164.095 332.998
-891.483 -621.978 -780.08
-317.067 703.755 24.955
847.586 846.959 -462.108
109.992 803.708 -925.776
-418.768 -592.504 925.402
-751.237 -258.146 -214.104
757.677 480.805 373.827
-375.682 -628.326 -377.714
244.477 182.695 -561.878
-98.938 -812.954 736.491
-799.785 -864.893 291.202
902.134 454.142 708.981
170.921 849.276 509.45
181.005 532.737 -807.515
953.281 -719.24 -713.098
-243.353 -477.636 523.951
-660.813 -153.588 296.972
413.568 -764.143 761.587
-706.845 -757.591 215.769
-57.524 -933.364 -481.234
761.696 -345.756 71.314
535.665 915.704 -407.326
461.746 -167.007 276.437
-506.535 -846.876 450.629
725.423 -89.444 -809.086
-648.914 631.679 570.509
902.697 -228.761 140.308
-283.858 -470.332 -27.185
-939.308 464.375 -379.172
-29.017 -367.761 -893.815
-489.116 186.727 53.955
198.204 -594.745 -196.163
421.873 163.779 -784.906
-654.802 450.114 15.344
573.602 -482.751 387.321
-905.59 -767.743 218.572
752.424 480.73 496.486
737.08 297.463 -961.465
111.983 -963.846 -244.486
-880.265 -744.304 -500.851
-843.096 -953.345 -311.567
822.752 -547.141 -290.156
-233.839 183.81 -724.321
542.901 -341.187 428.055
467.25 656.263 962.963
-786.518 -724.675 -795.102
882.547 -676.569 -753.291
257.399 -62.922 -604.325
965.603 187.179 767.453
567.06 393.73 -286.84
-463.044 -533.819 -308.086
-582.38 -440.293 -3.07
-213.39 -796.556 -368.192
716.51 -289.549 210.296
-273.895 684.221 -438.403
813.012 -95.388 355.405
422.666 929.329 -789.178
749.592 -397.338 226.629
-365.089 -647.858 -698.398
680.149 -243.323 656.664
352.508 66.587 645.024
-977.684 605.596 696.989
482.475 442.793 95.302
688.303 228.819 607.272
565.945 588.708 73.519
811.438 664.822 -58.143
-203.772 -30.68 106.698
-2.962 98.822 149.534
-472.196 -370.505 236.164
-717.482 3.764 -190.471
-538.753 124.592 -840.715
-372.873 -291.553 537.816
-864.748 -104.724 -543.941
773.801 -311.84 -645.916
-378.355 840.385 -363.45
189.471 456.226 -58.988
-303.163 -81.198 -896.396
-927.171 -706.643 -206.109
31.421 -316.089 -574.691
286.367 677.559 -578.034
-959.903 -809.623 639.828
467.875 -807.452 -827.106
463.734 -806.556 -566.354
-586.362 879.638 837.845
463.097 49.784 -722.944
431.947 -374.952 605.13
-757.402 940.36 503.266
649.569 516.564 728.876
-849.106 -456.24 884.294
-766.506 -172.423 34.263
-904.434 978.004 837.241
-226.652 -770.073 -622.53
651.347 -594.355 846.085
-559.509 771.285 -204.121
582.527 -527.761 59.033
882.079 -276.947 -441.923
-86.718 -980.693 -852.516
927.309 185.61 952.003
-139.072 -645.036 850.326
168.7 -421.225 -54.208
637.851 -271.271 788.605
-791.338 -566.793 393.445
501.737 -377.872 640.649
475.751 621.949 -694.913
188.502 -580.03 -858.65
-719.349 -550.804 789.214
-511.874 148.203 -923.423
-278.438 491.215 549.523
-192.831 329.455 -536.341
97.114 -949.059 -754.68
384.975 67.904 87.243
749.284 794.019 776.037
-973.612 248.21 910.573
-768.976 -750.673 -252.335
-185.639 -748.815 874.202
682.61 493.633 -606.725
326.623 -204.896 855.399
-610.373 -630.289 -302.753
-604.431 -171.426 -713.126
549.146 752.16 -213.058
217.41 46.806 568.535
412.559 -369.191 718.074
690.924 818.753 771.794
876.387 277.43 -700.986
581.016 345.177 614.014
-16.115 999.045 781.446
208.923 840.717 -163.05
135.549 -883.188 295.318
-796.937 270.765 145.414
65.384 280.442 797.407
46.406 -709.237 -348.937
-882.913 143.312 -400.887
-416.164 735.112 -767.236
-957.427 337.671 162.752
-791.864 272.803 735.393
-652.791 -623.869 443.552
709.125 115.875 165.828
335.377 -153.377 956.788
322.386 5.766 -125.648
44.517 150.017 239.716
785.681 757.95 -123.322
146.619 -989.654 -586.995
-204.548 241.492 976.98
8.425 -99.349 591.323
974.856 -158.956 -872.198
-283.665 -119.363 -368.418
96.38 810.555 108.492
-297.737 501.502 99.091
-730.572 321.173 697.324
-169.271 -398.255 442.336
-930.271 456.407 624.895
111.367 852.227 80.92
-789.189 -1.552 -552.631
269.365 -475.112 -219.732
-543.176 -364.384 -5.566
940.378 181.8 171.503
930.573 212.511 189.149
-471.849 162.79 -535.768
214.685 869.994 569.685
883.032 385.733 -315.935
-264.405 899.018 -161.553
161.256 -999.649 -473.461
931.671 270.884 26.717
759.461 256.642 157.769
-674.174 879.06 888.189
-352.53 -884.545 -141.005
92.217 321.973 -769.39
-400.368 463.487 923.66
355.548 -275.133 -908.319
-425.323 -400.547 807.013
-759.252 554.912 -285.384
-620.103 -961.026 -299.016
78.613 -257.789 -220.014
-365.012 406.509 658.239
-343.386 -576.803 -509.335
-41.456 -0.738 25.05
-877.237 -844.833 -411.177
562.51 -991.333 -978.849
-194.262 243.042 -338.122
-656.296 116.483 -68.47
-697.556 -227.999 513.647
-539.126 -280.924 -818.473
619.138 289.175 17.738
978.144 651.963 -285.344
932.52 163.618 875.034
-595.095 -798.995 639.378
131.658 933.23 -881.263
473.866 -640.323 42.899
-75.551 764.845 -938.104
-888.324 650.921 488.668
-455.521 -532.268 29.278
-732.722 -214.231 -843.7
321.175 164.558 766.216
-87.059 -45.918 17.102
735.383 693.0 -622.246
766.819 -609.429 285.011
-377.664 -596.972 830.725
852.045 776.389 -555.788
615.407 -434.334 -717.114
171.077 202.685 202.987
706.816 643.553 -577.792
883.627 106.699 705.173
987.829 645.938 -154.448
443.088 331.381 -565.661
195.247 -521.228 446.801
-601.518 630.132 -236.853
125.703 -818.368 -867.005
387.769 126.181 -906.631
-743.313 -668.901 564.748
223.371 411.796 -81.581
-914.709 942.57 277.387
589.038 998.223 510.648
-170.526 -166.113 450.326
-685.831 996.531 -169.191
-49.077 -292.034 -83.031
-2.407 643.266 -428.609
-363.873 565.277 896.11
825.522 985.616 -687.695
-45.742 71.24 -359.934
-268.27 -829.095 -798.78
650.534 963.999 678.185
-34.927 -964.18 57.265
422.365 895.775 -72.957
920.473 -543.539 260.116
-860.632 -470.419 907.055
-613.453 983.597 650.471
-415.964 -748.615 -526.712
295.249 -17.704 -637.648
-801.646 -409.024 197.659
-671.488 -394.524 367.5
175.178 699.986 45.721
992.731 -788.308 -409.879
-540.696 -346.464 212.833
702.261 742.434 16.44
-667.491 -358.88 -291.264
-969.914 863.396 22.42
-627.18 439.974 579.439
-481.969 74.745 268.829
963.637 444.139 -821.638
-14.96 -571.91 -803.381
124.784 -774.244 990.317
-479.211 580.033 -956.466
554.19 411.223 609.399
419.141 -14.202 482.103
-367.734 987.609 -352.655
-827.394 -371.654 -623.97
758.963 599.778 551.248
-727.528 40.983 923.681
562.082 -837.992 908.783
-555.594 11.06 -646.305
75.146 599.393 -398.472
987.766 -949.889 391.204
-234.402 600.653 -78.576
-816.081 -170.897 -52.675
-240.653 326.183 862.505
-881.896 996.716 708.7
-377.892 527.497 232.357
-112.187 -312.533 180.666
161.983 725.237 -501.816
274.005 -985.6 -677.902
208.464 657.608 -633.667
191.229 -602.007 -193.501
-415.038 58.631 -360.157
147.911 899.446 -496.845
298.817 -18.702 -427.364
-540.801 -871.312 855.857
861.738 -366.076 151.102
472.637 902.447 -86.3
811.09 179.476 425.3
518.605 66.872 -415.199
366.545 -869.361 132.299
667.495 -721.687 -413.976
-808.553 124.586 -37.461
-39.49 756.749 311.992
-587.478 -167.51 755.849
641.063 210.488 372.741
-409.803 -462.598 -790.042
-917.841 -810.78 539.588
-190.008 193.304 -583.501
27.296 -735.758 196.258
-917.268 490.458 -178.457
892.915 -54.55 264.192
-533.469 -337.421 -524.897
651.133 -406.074 258.426
609.085 -106.835 481.376
755.075 -480.664 -339.145
-787.68 339.181 -766.685
-379.839 -528.697 -955.258
-308.631 644.438 32.122
935.51 -858.995 -790.005
-578.696 7.91 527.884
310.02 -188.234 941.407
-177.811 -796.214 -468.679
26.308 -701.418 -180.472
287.027 715.472 347.836
802.985 -410.945 -886.789
-6.443 -156.01 692.579
-183.733 248.393 -417.815
210.124 -980.745 -753.022
497.427 567.386 -979.841
-643.447 117.865 -935.935
-657.634 851.712 240.527
958.246 -246.592 168.702
233.942 72.63 -5.061
640.155 977.754 672.944
-908.175 190.995 419.594
857.726 617.68 -553.183
775.727 369.898 336.0
-509.884 832.054 535.811
-703.632 -790.112 250.732
-263.502 -548.07 402.547
-567.444 728.277 658.274
571.608 734.427 -61.149
-281.874 -148.058 -393.418
946.061 132.733 -762.143
-801.613 649.066 -420.554
88.763 -633.199 223.541
922.359 639.59 710.092
-850.363 79.159 78.629
-848.243 387.44 67.24
-630.745 870.003 495.348
-776.753 -53.914 747.286
-341.473 -675.542 831.893
-264.946 500.314 414.412
-314.024 763.852 -914.258
-592.889 678.464 -832.246
-772.091 484.598 583.206
-539.569 -863.007 -278.236
-532.785 -603.988 167.805
-481.526 -522.062 -770.055
99.34 -450.108 827.613
-342.179 744.574 780.118
-833.045 206.909 -534.868
-328.734 -940.728 -243.65
85.293 -363.982 75.444
-276.027 247.515 -627.528
-131.556 553.277 -966.327
-989.806 -729.139 891.346
155.909 853.318 805.739
-518.61 136.222 207.272
486.109 422.491 365.551
-900.729 -983.717 -860.534
360.622 97.681 -140.162
-477.972 -511.153 -216.202
20.049 539.025 -973.658
-262.133 -460.247 -375.436
551.654 581.141 -683.206
-124.467 172.62 732.023
-624.21 147.045 -824.206
837.293 -914.956 21.323
-620.351 99.206 -33.442
-559.448 669.005 -607.367
-821.776 -508.17 -195.585
9.599 416.879 -171.979
-482.725 421.05 -390.442
-78.326 898.733 203.17
-283.441 896.236 518.381
-475.745 41.049 355.006
-809.401 -426.864 285.967
-669.993 -191.435 -629.933
520.807 -343.085 -286.048
-442.528 260.818 -608.236
-235.488 494.257 377.984
910.508 -481.501 816.533
481.607 15.595 63.843
660.381 698.027 908.226
227.954 88.896 360.397
93.068 -574.471 542.038
140.155 -508.65 -765.351
674.475 -907.008 -430.016
-688.502 86.332 372.273
79.994 221.303 910.388
-737.011 625.34 315.408
-727.03 -917.179 -400.281
643.991 307.629 -162.837
691.052 -341.543 460.678
609.07 221.471 -939.334
566.829 564.372 379.584
513.828 426.365 -185.335
-652.32 339.378 689.887
654.973 401.978 -284.83
897.075 266.588 -339.975
549.459 -474.691 816.595
-715.049 412.909 431.139
-935.257 -178.233 632.822
566.381 -7.696 -295.941
-325.144 -773.823 -850.533
-939.371 762.254 -822.086
238.985 34.902 -784.447
852.713 614.282 254.889
-507.9 -840.521 379.239
-671.821 -412.729 680.493
-325.842 -86.916 857.849
898.054 -201.387 597.256
-967.71 715.68 -833.284
578.999 -884.932 470.678
-39.769 -652.895 655.295
-650.845 77.756 -848.593
-540.216 -472.334 807.379
904.209 -91.311 650.304
772.773 -995.42 872.63
-143.989 -393.229 -772.19
-44.444 -744.128 32.39
-66.499 244.092 -392.384
-569.097 -850.104 926.898
631.259 655.528 935.694
244.939 843.387 326.362
-35.868 -277.058 -706.11
513.871 584.922 -768.198
688.746 244.552 -199.157
-382.254 125.043 706.645
-416.411 -459.545 491.233
-903.765 -428.343 -390.21
980.466 -685.888 173.479
578.956 523.823 243.317
265.641 -304.505 616.265
466.338 709.285 333.81
426.883 -973.221 553.558
-662.182 206.615 815.469
483.477 -775.116 591.589
-701.728 919.229 -708.075
441.076 -699.293 125.358
27.937 -466.479 -592.438
-664.698 730.177 192.701
399.289 255.66 -455.79
595.593 666.398 916.295
-799.889 402.365 6.819
791.342 -910.472 -122.269
-972.837 -698.487 322.082
65.632 43.255 802.929
-638.569 -720.362 -286.417
734.657 93.275 799.885
552.532 -202.815 468.305
-627.623 -950.025 -527.917
708.12 -412.314 563.657
209.611 -460.392 -546.027
40.739 413.768 -626.141
837.868 -583.464 306.447
830.241 865.22 583.332
-214.988 548.614 -28.459
337.993 561.242 -913.306
774.9 190.076 394.803
-255.798 318.735 62.83
405.653 924.997 963.59
34.65 -297.623 587.388
-817.575 -80.551 -7.098
90.691 -314.874 -437.664
669.473 -925.267 -91.35
613.872 -189.499 644.127
820.938 91.302 -953.862
-851.586 -337.942 -422.797
-122.232 465.3 79.772
-159.005 -850.495 -336.988
-934.063 -849.299 404.95
-899.905 462.931 -516.111
944.283 -985.328 -94.848
-494.319 681.91 -230.126
-797.501 -597.61 -173.749
724.649 822.405 834.843
182.486 531.982 341.368
319.657 -936.298 971.247
250.152 896.975 188.716
437.367 -175.674 260.797
-621.582 316.02 -57.621
457.463 682.752 -859.141
-96.692 638.114 -425.991
-323.12 -285.989 -300.997
597.851 319.849 394.793
-392.493 5.987 -640.175
229.227 727.582 -900.734
808.614 -495.453 638.04
-754.865 922.088 -537.272
704.867 -805.111 -231.856
408.357 -604.562 -478.876
869.056 471.183 866.107
998.309 798.307 -451.577
-812.353 -819.492 -106.149
-225.625 994.384 -738.281
178.084 -516.084 -470.813
1.634 930.309 727.348
725.234 -831.422 -131.62
568.736 -614.627 -955.135
333.253 725.359 -293.468
-896.245 592.405 -502.942
-165.134 269.499 712.952
-166.761 334.686 -593.157
-130.218 28.213 868.995
50.442 -851.024 -230.221
-780.47 825.141 535.002
861.747 -416.016 -514.509
-656.429 179.728 691.904
-952.367 -636.165 970.361
269.679 905.006 -659.692
-436.957 -507.67 -88.733
-617.503 911.662 21.32
-293.05 -971.311 358.025
979.017 415.972 -866.488
992.596 -467.641 153.351
849.579 162.33 861.149
880.807 -854.217 -962.615
-637.345 49.945 341.696
145.054 -228.613 -885.605
-394.793 795.336 386.26
-985.276 808.471 556.954
-4.896 -552.014 376.165
124.855 883.262 996.278
798.163 -735.855 -18.77
-138.997 534.388 578.618
-581.873 -801.064 247.766
936.51 96.922 788.15
-829.151 120.598 471.611
11.267 181.196 -667.926
-241.915 559.637 -454.706
-247.453 -48.008 -307.125
128.33 524.725 898.548
610.904 -717.804 189.433
-876.456 374.897 -948.66
33.244 635.69 96.994
671.264 -812.003 -290.821
132.03 635.023 184.645
-307.616 -224.549 -322.753
-750.004 559.884 575.247
469.91 41.718 -848.082
-38.499 -370.943 23.673
149.831 215.95 699.311
508.761 -440.117 -906.84
-942.843 666.622 425.781
792.192 305.785 167.318
623.522 141.863 595.44
327.404 61.5 68.745
934.784 -268.2 586.833
594.434 351.173 181.346
535.803 527.358 788.448
-431.802 -598.741 -853.991
188.248 917.032 162.23
-115.282 -664.195 543.438
-933.622 -789.183 -909.591
-873.926 -623.143 153.203
482.737 826.28 942.314
-75.136 940.533 29.055
-597.29 231.753 -548.734
579.625 939.664 996.656
536.622 649.523 -297.485
-426.214 437.289 26.617
-738.116 -472.686 -654.659
-605.013 558.319 -669.023
176.94 101.045 -241.17
719.599 -956.739 -694.365
772.343 116.805 726.232
685.531 -166.917 534.938
500.636 -77.274 -95.869
27.192 337.446 182.445
842.246 -884.095 874.421
966.944 981.25 -940.141
364.974 664.534 521.586
-859.652 -501.397 -677.584
57.414 602.834 -702.877
-140.31 -838.971 -618.082
-319.188 -709.946 9.925
-972.604 985.466 -488.154
853.477 530.511 -224.833
-748.516 -822.217 -856.147
159.603 711.566 -15.774
211.838 808.616 654.526
-503.648 -524.075 734.416
-753.128 -158.443 -987.044
-658.33 78.437 -275.836
299.455 -308.314 863.052
549.768 -541.831 -251.377
226.106 699.596 387.188
-53.039 -855.293 25.171
820.927 -398.081 -301.29
688.899 -656.212 794.646
-103.099 -891.428 578.941
11.172 972.845 -991.445
690.57 -952.824 -747.114
-236.348 885.163 339.062
-320.335 877.595 322.725
-721.479 208.764 423.289
108.744 -902.221 -611.62
58.082 -805.397 197.366
661.525 -642.53 -962.636
-314.85 594.834 674.947
128.938 619.248 284.428
-363.783 -498.761 -352.804
-523.404 -252.505 997.452
545.126 -609.789 891.712
-616.755 -483.768 -205.063
33.815 -84.884 -625.202
832.101 754.053 -981.139
-765.653 -556.456 312.602
487.835 -241.461 842.426
1.705 -527.839 -132.29
41.112 444.748 894.702
58.616 489.477 309.874
-562.714 -122.607 -449.545
-865.874 477.788 928.704
275.802 693.206 -336.589
293.639 536.599 -446.553
553.974 -407.5 -714.653
-25.441 -556.7 311.73
155.029 -886.413 -326.219
879.571 -519.176 -480.36
-399.875 252.677 -641.606
933.44 -286.418 601.39
-229.517 -761.41 -687.339
-905.015 495.418 -768.461
-419.686 908.854 607.305
-491.141 853.768 -118.176
344.764 -614.468 417.906
842.068 44.173 747.039
-71.222 132.262 -79.346
482.288 358.843 -213.527
144.385 716.723 -306.247
915.432 -745.395 -908.782
991.37 -737.124 42.219
-192.718 445.331 -710.771
-144.223 -326.438 25.895
-675.248 -335.036 -496.772
388.448 -7.473 -90.645
47.477 854.355 -190.695
-581.837 949.949 -413.315
