-812.425 728.489
228.536 -345.204
271.329 -447.844
-192.789 -451.304
-946.196 -671.591
-509.374 716.694
-874.666 -391.909
-209.094 -279.007
763.364 -719.775
618.008 627.112
-779.913 -232.54
-20.767 -743.519
-563.629 135.223
564.59 -286.592
809.192 -237.216
224.681 -330.29
165.296 -684.099
-634.585 370.618
-248.742 761.597
623.786 -402.739
-910.038 -567.336
716.63 585.626
628.707 -353.247
945.605 485.902
-330.955 -872.908
444.013 -583.427
873.582 937.088
558.975 850.719
-488.364 98.653
-37.778 -638.864
821.21 -542.612
-998.413 -62.356
-517.599 -533.15
-494.618 -277.606
-244.059 477.874
-832.616 373.275
-415.179 658.917
-702.366 -814.41
-478.571 563.335
-84.023 34.117
179.291 -366.37
-872.945 749.697
-983.846 -972.072
-355.539 -512.28
-8.906 -129.107
-810.483 -611.362
396.73 608.782
4.097 -880.451
446.173 71.827
930.058 -828.452
-587.739 -831.385
-815.802 -870.154
-542.32 -37.238
-174.894 262.615
890.577 -970.436
596.864 -844.768
-87.785 -909.325
342.776 261.724
-359.833 -397.615
-338.663 -91.717
-894.242 284.63
303.396 -995.401
727.45 643.936
313.091 -511.218
617.271 -855.796
884.131 -641.588
486.092 -975.525
-933.519 -630.628
-891.54 917.875
-136.526 -329.519
294.064 884.762
819.907 -962.266
-347.118 661.885
-663.601 481.801
-808.325 576.523
-945.383 -182.285
-926.664 -369.926
-487.811 477.071
132.78 -961.813
966.208 -196.409
785.673 -588.387
480.377 -718.701
-728.633 -726.74
-925.283 982.428
-535.786 954.63
-739.017 329.678
-905.617 -244.439
310.03 -808.788
326.51 227.898
-907.286 -848.949
516.329 -487.948
-386.505 -552.746
-797.943 -544.35
-651.381 -636.929
-242.335 945.715
593.214 -683.352
465.875 -491.674
664.808 -176.559
-433.384 -747.519
-391.441 1.195
-403.198 608.314
218.824 -143.606
-990.047 -472.582
23.998 -141.202
-464.755 490.846
459.365 166.687
-286.782 -125.469
-92.366 340.042
250.205 733.939
-514.994 323.742
100.293 250.173
-645.306 -56.205
-535.893 -190.468
548.794 -330.783
-644.873 -232.703
919.632 -258.147
-334.969 694.125
-464.978 528.061
-219.827 -684.588
575.068 744.675
21.794 239.177
-166.889 -399.707
-466.798 565.513
-261.052 -501.573
697.992 395.938
-681.492 756.314
554.909 897.944
847.608 -212.387
439.358 333.847
-323.872 122.386
397.484 399.419
-184.556 523.779
761.392 153.173
776.453 495.875
-691.808 -594.904
821.566 509.956
-223.485 847.558
-698.531 -793.484
-50.358 -686.692
-84.667 289.723
868.023 901.804
489.893 94.105
-550.789 -457.093
880.372 -426.762
97.058 0.423
-141.668 337.512
-947.732 569.585
-213.407 76.8
-407.93 -59.222
277.831 231.822
504.102 517.834
574.656 -845.672
-807.637 720.888
347.622 0.186
-796.988 793.874
30.538 -606.532
-76.191 -941.546
-953.757 612.806
-52.032 -240.921
-56.939 -667.908
660.195 -991.866
-809.162 72.611
-152.775 -36.053
107.781 423.157
111.864 -720.124
463.831 147.682
-764.351 958.424
958.091 -203.536
-607.081 536.427
565.994 -115.957
-632.113 284.889
676.657 497.331
982.99 265.669
-222.799 405.063
-311.055 -189.081
834.322 -617.49
-782.23 -722.611
861.495 721.149
177.262 798.557
-977.304 -209.177
145.315 11.254
329.888 986.952
-780.325 284.062
405.032 -233.465
-415.737 -79.671
240.844 -97.004
344.47 -176.612
778.014 -551.607
-342.727 200.165
-934.277 911.865
-785.128 -300.191
546.715 -944.92
-197.296 436.831
135.373 -455.783
170.202 522.837
-837.392 -547.157
-455.649 -456.206
-47.524 331.767
666.462 313.583
-589.763 371.302
66.958 -799.218
-908.819 126.704
594.285 -469.396
456.741 910.027
729.95 -12.752
-566.98 -852.173
-497.909 88.808
-792.541 -979.156
-434.148 308.906
180.63 315.389
543.318 -904.879
-376.899 797.917
-676.901 823.703
-698.956 123.642
763.4 706.432
851.659 -191.603
88.582 -934.039
929.633 752.342
204.443 -507.104
-711.241 909.546
539.417 -484.366
790.637 869.07
-395.273 -477.734
-688.127 -880.173
-361.497 -850.626
-877.233 -43.889
968.74 -807.663
674.667 856.285
-800.621 841.561
-235.685 -840.325
574.409 -802.236
403.78 -827.179
-8.975 -593.444
-729.537 410.851
165.934 -381.126
695.192 -967.552
-729.282 812.424
338.014 -991.384
941.299 41.509
606.009 -823.47
-815.969 -734.96
67.235 702.169
-401.852 -726.565
-30.842 394.401
545.214 215.144
939.506 -47.126
20.153 -18.281
-410.872 -142.593
210.393 -522.316
577.236 -840.618
835.941 -1.366
229.332 -777.602
971.747 -755.772
155.191 -427.464
-500.993 -696.496
-303.298 753.957
-847.73 -525.063
840.163 -564.41
-897.202 193.624
-133.315 323.779
-222.928 -186.96
-493.458 -311.212
-665.559 -353.65
515.32 -6.304
-376.224 -849.896
-722.139 -273.432
-26.882 617.452
868.474 -66.911
85.607 409.573
-448.166 51.424
819.644 -148.162
209.018 13.367
963.95 195.769
962.323 -938.749
-788.066 980.818
401.512 -318.534
-97.165 878.16
834.029 -583.586
-271.877 9.732
773.025 703.476
-631.537 276.303
-827.156 -687.875
-191.585 520.843
-276.749 -266.083
-482.019 747.929
-47.178 326.674
-833.994 718.043
307.819 -451.091
677.664 -989.813
636.824 18.488
911.442 -158.041
-639.935 -918.949
400.867 -109.841
616.053 753.898
-993.139 276.343
625.462 -181.644
199.01 344.632
976.551 608.414
-799.419 -728.849
-718.563 -56.575
-662.999 3.004
-777.359 -297.651
585.487 -677.324
-541.263 104.428
-638.037 112.133
-432.183 72.1
-57.915 732.656
52.018 -284.168
211.991 190.991
-936.1 -454.161
-921.973 502.619
-464.047 210.679
-768.356 -253.949
563.511 409.062
872.025 -305.941
-940.597 705.988
548.607 -611.52
934.364 887.358
855.291 -670.536
286.257 184.097
847.072 -984.688
858.962 -421.463
279.113 872.016
-281.232 -21.25
961.088 197.59
-71.277 -519.472
-744.748 80.899
702.975 -952.541
-399.796 244.119
820.067 424.59
-341.143 -397.435
226.529 743.174
-747.505 524.225
521.901 -808.786
311.573 -424.178
111.34 599.735
-424.326 767.572
-742.214 -927.175
-829.995 19.879
110.931 220.486
-954.854 -555.974
-311.294 962.678
118.491 420.737
-950.125 990.774
-70.682 170.366
-769.183 -708.182
-556.163 321.307
450.771 437.449
-498.838 835.425
-520.898 440.993
192.523 -972.518
628.642 105.099
915.643 829.933
568.496 184.713
-387.878 536.312
89.463 -443.485
151.825 473.142
668.231 205.486
-140.149 275.266
378.941 -281.428
-693.548 215.474
86.444 -970.455
-866.645 -903.058
-336.881 -80.605
-532.944 512.292
-257.491 787.36
-834.011 -363.305
-111.681 -813.533
-554.659 327.764
-861.776 175.492
103.674 -719.973
-560.096 -959.009
-439.294 -42.179
-203.063 227.561
280.295 697.759
-408.478 -397.412
547.744 -2.206
818.796 -353.783
752.879 -981.699
-436.032 -631.629
487.893 801.908
-651.782 -397.037
-990.465 -936.181
-839.967 418.876
-384.372 440.293
-315.984 884.594
-203.359 -783.975
69.154 -369.349
-436.423 913.376
856.333 -231.655
668.193 126.199
-242.353 -675.697
-670.916 -95.643
-521.676 525.778
-556.754 -711.202
589.656 351.313
-417.767 -637.434
-555.518 -834.866
280.072 843.245
-721.401 -226.25
-907.82 -959.488
656.279 210.202
-215.38 809.642
380.317 200.188
-114.756 -801.582
-409.018 -686.051
-722.331 -737.956
-395.929 -185.458
83.148 538.197
810.345 -281.635
-518.524 -647.814
-187.76 208.247
-50.322 981.036
-990.091 -557.418
-747.596 -290.097
-933.966 -569.102
678.003 172.739
0.223 -395.859
560.47 642.647
-984.82 -697.552
-164.026 342.849
-902.502 152.908
285.974 -576.707
237.99 -21.182
-25.573 207.406
-995.877 292.255
-632.386 163.534
-316.817 -801.1
-707.55 683.373
-246.854 435.883
-438.454 -15.541
28.246 -263.068
939.655 -381.791
454.188 158.734
243.298 797.036
-546.191 -428.691
559.272 453.913
954.832 -726.567
-531.334 924.746
301.779 -62.554
832.098 68.949
-849.062 -337.005
-420.749 467.834
675.734 -112.124
564.743 -763.461
-408.583 513.874
-608.377 228.558
824.876 839.993
340.16 948.07
-144.184 -158.56
-143.978 -883.173
-646.41 -58.137
792.662 -163.819
-749.957 567.507
-679.758 -826.919
400.586 -357.696
94.88 -186.441
-851.642 442.722
-880.252 -735.909
-861.505 -772.246
-43.079 94.189
854.722 -951.919
258.399 -44.353
-144.844 -329.401
-729.033 -603.155
-27.411 78.302
171.547 -856.775
-723.881 637.471
33.633 -431.032
25.258 -171.83
823.23 -832.424
-427.866 -695.556
-376.862 -956.853
-942.164 492.915
-92.888 -326.696
816.661 139.595
75.748 815.728
-702.995 -513.421
394.583 -585.642
-480.694 -310.841
317.411 4.41
-239.802 225.212
-746.38 -42.504
928.884 427.211
-793.437 318.222
-596.589 366.023
-174.531 140.249
764.769 -318.346
-579.381 47.586
-917.512 -803.276
-450.418 741.596
629.05 607.657
-672.665 -144.059
-414.326 -137.835
731.597 753.649
743.009 -262.4
610.964 -24.296
986.846 -368.155
-309.148 924.472
819.174 -21.982
668.845 345.282
-371.969 502.742
227.19 954.856
-479.645 -117.426
-412.99 -148.279
-670.627 628.292
155.513 416.316
660.922 -956.64
-186.408 -723.82
-988.373 -173.449
-740.772 134.965
-346.018 67.664
-332.394 -780.286
636.847 -891.527
-156.597 -747.253
-105.38 -164.219
-15.62 194.554
-537.17 -360.847
-956.43 -118.301
555.252 -485.199
754.671 732.945
-854.102 151.056
-397.676 737.353
313.486 802.069
-627.907 574.844
-414.585 -13.145
100.208 714.062
869.836 398.47
459.844 -987.495
821.416 944.931
446.079 -72.718
754.441 -252.839
728.038 -417.387
310.879 -82.089
-592.776 299.46
59.4 -812.786
-94.433 361.269
893.668 970.088
-711.963 -513.969
-110.585 462.273
-687.88 -887.799
134.772 406.32
-366.688 435.535
-210.585 -199.598
459.688 -976.499
-605.739 260.28
341.805 697.405
567.647 616.024
-147.323 -991.311
-865.273 -723.363
587.551 -696.903
643.412 682.023
782.683 440.083
35.985 6.76
-463.156 -224.603
-493.745 929.379
86.274 -590.814
505.476 -154.281
-97.282 152.514
-954.118 579.967
-667.229 954.627
80.515 -189.057
447.563 276.275
394.624 -237.619
703.643 280.23
-493.611 834.709
781.305 753.416
198.788 -951.946
970.743 834.454
-440.137 430.385
-896.003 734.174
-708.857 243.263
527.196 -812.837
127.851 -569.702
-900.163 306.168
779.998 -998.171
-783.438 -336.395
-216.991 -49.613
574.166 61.193
381.846 416.963
-879.971 755.55
-566.526 47.845
19.142 277.845
456.506 -928.555
-489.438 -863.725
-436.309 -456.121
-872.251 -188.666
787.25 -320.139
374.207 667.276
-618.136 268.611
-793.944 30.103
-565.517 -379.411
-360.562 11.372
-605.83 248.931
-975.955 844.349
32.639 -364.478
-436.336 -780.02
681.59 -98.394
-475.472 -817.579
854.283 -925.596
777.155 580.62
314.116 -190.403
212.619 387.83
291.676 -591.588
403.453 -128.137
-786.594 31.914
-221.476 961.905
34.718 -155.21
-829.625 142.572
653.203 -229.24
-287.504 471.686
42.633 327.991
-680.337 -868.654
739.57 438.834
729.675 -334.321
958.082 -585.241
-620.817 -286.926
78.237 176.125
-156.036 -120.537
-700.098 -260.765
-270.508 -521.169
-505.07 312.267
540.927 18.36
-435.423 -224.207
318.916 -811.471
810.843 400.798
-329.698 -913.371
362.639 78.852
-464.631 -149.355
96.106 209.505
-583.965 629.575
552.736 -987.08
577.386 -318.055
-684.819 651.464
-642.461 507.9
-140.005 120.351
294.698 -489.907
-860.735 -258.049
477.305 -877.54
-360.13 749.576
-258.767 -400.352
-787.009 -522.894
607.584 -65.769
-619.113 830.532
70.342 128.606
-56.197 772.002
684.74 277.817
531.051 -552.479
730.058 689.222
900.262 586.716
-61.715 839.708
900.253 -768.093
757.639 2.525
-719.583 -743.457
464.976 304.946
843.083 -603.161
560.466 -877.043
-114.829 -834.112
-853.633 654.561
432.656 -442.684
-613.076 350.271
-22.28 776.896
928.624 -302.402
317.294 697.533
383.479 -105.929
-60.698 514.783
668.437 567.406
806.582 869.351
355.711 165.128
-50.526 -247.604
419.553 -130.995
543.761 -194.728
-89.482 -408.009
214.511 446.859
-244.745 709.389
-610.457 557.957
-967.844 229.987
-266.709 -677.046
648.24 -436.902
-723.181 348.928
364.302 -270.941
560.663 248.286
914.376 -635.402
675.577 158.911
520.478 -512.246
247.534 -973.43
-957.498 386.559
-43.518 -513.507
-899.862 -771.965
-14.316 281.08
-771.421 815.746
-342.494 490.443
-807.635 -861.514
417.678 819.061
-161.882 -938.54
-934.607 -197.349
121.05 435.536
338.849 689.391
819.47 195.747
727.034 837.028
-593.384 -362.711
15.2 427.46
-283.687 788.862
200.246 -784.406
140.91 -56.013
-817.421 -495.702
-515.068 792.493
10.715 -173.665
267.141 706.128
357.557 -519.87
-688.467 753.193
-816.762 989.829
-10.29 -722.582
314.799 -153.435
-707.495 36.895
-379.244 77.452
-472.261 777.943
803.283 977.003
-3.88 -742.929
-994.773 621.688
378.412 469.275
315.658 -958.418
-217.754 -900.741
-391.612 492.566
579.821 -360.741
178.457 118.957
-324.159 -583.057
-713.518 754.823
-198.711 303.405
459.266 758.216
392.148 -603.705
-531.056 797.201
690.031 819.152
-237.221 425.537
665.212 -598.455
-974.273 814.149
-886.271 -924.567
-895.17 641.511
177.289 -868.067
-113.265 -772.084
-992.897 881.025
707.216 63.389
-910.29 53.455
964.794 -538.718
398.041 -442.642
-329.794 761.562
200.273 -640.579
365.886 243.275
-539.77 846.925
412.554 266.714
-165.682 -822.959
540.629 -212.184
67.579 285.394
23.69 621.549
-719.339 -725.789
270.379 39.826
-302.42 968.284
522.064 -393.8
-82.272 394.815
-487.131 -84.003
-992.508 -305.035
435.615 -852.7
656.418 995.731
-927.328 -302.297
96.96 -575.818
559.51 -510.986
724.036 -134.699
859.737 209.321
237.468 -419.568
-720.984 115.399
974.871 493.992
-720.138 -155.619
-534.439 997.396
466.893 -288.043
-942.437 456.947
-188.928 -28.356
-42.128 733.548
18.174 -42.568
739.466 -749.469
61.541 620.983
-566.512 853.674
-135.116 51.929
329.603 -284.93
-824.437 309.481
758.196 564.634
-677.07 848.637
-656.205 -682.169
-149.772 -130.037
29.446 382.26
-977.614 398.474
-610.568 287.163
-828.749 -209.653
634.046 -661.984
100.594 281.648
351.957 428.251
934.912 -998.648
-417.132 167.464
616.847 131.201
-787.655 -353.082
244.974 -39.455
-695.412 -354.568
206.523 -7.989
-407.228 98.089
-624.078 114.087
919.184 64.402
-365.824 848.555
836.912 882.381
-418.182 546.413
-781.279 894.449
-224.937 -34.308
165.425 143.314
906.795 -721.85
914.532 725.944
734.805 -298.162
-814.375 65.754
-839.442 -771.698
953.991 51.164
-921.244 746.075
-277.878 -912.826
436.799 -632.729
-460.461 408.012
-638.106 895.788
122.356 777.987
-300.838 -73.889
-900.421 -534.171
-966.679 -717.408
-607.646 -753.018
462.173 -700.149
267.24 -872.384
14.352 671.226
-927.742 -449.526
143.241 938.078
-197.0 286.256
-310.741 990.927
-675.898 701.964
-183.851 -578.359
-761.868 121.587
-231.116 772.871
-972.72 904.451
277.877 -960.374
-727.797 -476.642
-654.478 -230.211
421.171 -722.214
403.498 148.435
-273.04 -60.853
585.21 270.113
988.285 394.572
-346.737 768.259
380.759 613.519
525.28 -389.849
892.074 922.062
-265.043 -183.987
553.946 -7.924
-900.601 -239.141
806.436 577.972
-276.226 -392.142
879.489 -562.26
-339.387 -868.833
-238.366 -141.725
97.946 72.918
645.443 -292.128
747.997 -602.747
495.077 -464.664
-603.402 -406.653
482.819 -542.718
879.557 -293.653
94.065 -142.081
-679.958 -167.018
-10.953 -131.647
-216.726 -400.573
-373.62 -691.485
721.353 622.808
-54.475 49.05
-990.849 15.785
217.896 -512.594
546.279 300.889
542.907 220.168
-563.114 658.241
-496.355 -512.29
950.794 -138.753
194.126 -325.567
71.144 -287.938
526.318 580.891
-361.745 -880.853
989.052 -936.238
-650.263 -461.72
-73.038 465.633
-983.619 -84.229
-439.272 835.532
516.317 516.974
134.289 393.886
-106.327 829.357
-19.955 -716.243
944.219 -370.535
269.872 844.172
333.909 938.988
-990.426 124.456
-942.845 -156.58
-329.835 985.614
-780.123 -923.097
-734.689 394.404
-990.269 984.914
-953.681 -630.017
124.654 -376.696
-313.165 769.437
-721.462 -72.01
-470.353 367.56
344.671 -534.919
-552.406 -17.058
716.945 516.865
-623.819 594.974
449.767 -798.859
-715.528 313.641
152.209 -450.458
737.875 -197.79
-630.699 -78.562
-471.615 102.721
680.986 -239.392
-633.643 335.676
-777.981 -897.775
-273.045 -553.111
-615.122 429.825
-299.805 -414.889
909.12 -480.912
513.198 953.598
596.373 647.594
251.619 169.201
-351.642 -843.215
331.124 846.319
-311.96 -285.042
511.598 -560.161
-92.489 -937.499
529.738 -728.575
-627.046 690.402
-168.534 -600.407
-115.476 -229.458
995.375 -719.206
-826.262 -365.079
-48.745 926.645
438.284 524.993
494.327 522.101
-485.344 -796.993
506.515 -942.505
-484.923 -762.943
951.414 310.005
-215.49 -971.769
242.873 -881.578
142.04 -832.327
664.516 -519.002
580.199 -530.257
236.933 -327.946
-852.493 489.463
882.05 -378.471
-935.028 -340.14
231.091 180.346
-714.323 641.778
828.759 407.798
-162.454 -544.872
607.658 895.286
904.537 -569.374
563.289 655.569
62.032 112.107
914.539 -382.847
-311.687 871.52
315.141 300.426
-885.631 -261.405
631.82 -198.524
-267.464 718.042
-710.495 -648.592
444.704 -785.866
-489.297 -57.239
534.217 -116.873
-66.883 212.757
-872.153 436.671
-414.391 -951.434
-429.525 -482.478
790.6 42.675
414.496 293.794
-502.537 765.865
-254.976 830.703
-830.887 -923.73
306.348 -686.434
962.645 -32.382
-762.595 285.034
-358.614 -184.0
366.64 -770.615
346.293 -64.601
-746.986 806.5
919.889 617.796
819.404 -572.741
-676.553 -776.915
-145.279 370.617
-833.238 -892.85
6.839 -542.824
237.106 -686.538
187.408 -507.629
134.4 -848.968
-355.474 -564.338
-78.981 556.028
-772.183 -946.19
-726.182 27.69
-97.558 -998.042
286.939 -307.486
189.714 237.501
457.991 -253.68
-607.007 -491.409
-364.408 -979.295
976.384 -988.243
552.227 -245.433
613.833 -511.928
-11.265 225.836
774.109 489.552
-380.643 -307.56
-889.42 188.891
5.998 -94.822
-206.798 -524.521
558.223 -455.599
209.174 437.653
-588.569 -183.826
379.547 358.84
-404.805 -862.385
421.967 -707.609
577.615 83.407
-807.483 -848.966
-512.826 98.921
-735.675 -654.954
-903.064 500.685
-799.743 -510.866
-249.406 -798.9
-378.991 -702.205
-802.92 70.834
93.81 -276.676
-527.908 -936.947
100.347 -606.026
462.408 762.968
344.237 45.944
447.33 274.35
-555.473 682.192
-524.882 130.681
335.129 -828.093
876.823 -42.232
-508.934 -239.249
-974.739 498.172
185.022 -387.487
-27.816 -35.715
-907.654 -953.73
-741.197 -486.042
434.543 561.087
933.047 826.649
-86.496 -132.597
-462.011 -269.632
588.554 588.912
342.584 675.9
-358.718 -639.393
-82.444 58.173
-838.146 -779.742
562.161 506.95
244.432 597.095
-392.136 -480.917
-273.263 211.016
-716.464 -209.144
-323.137 645.405
200.08 -92.961
-2.967 -527.345
-107.706 368.711
-767.342 510.497
2.052 -169.453
-717.267 -148.686
169.309 -198.416
-731.056 -196.55
658.362 847.333
-118.761 -562.483
-949.481 -273.087
-585.054 -803.109
88.941 704.145
-44.345 -427.009
985.506 -668.253
-720.42 374.781
855.259 522.85
-422.62 -238.438
-862.305 -405.761
-218.035 -237.474
-11.522 -590.413
-563.175 -406.286
359.953 -856.763
-85.842 558.271
368.396 -651.768
341.885 -250.813
-408.957 -546.472
201.931 980.7
474.244 -585.582
846.164 -476.136
-945.574 -499.496
-373.613 77.296
130.753 186.31
804.788 853.945
-567.099 102.413
558.819 -537.347
-943.386 82.567
-27.157 206.703
281.393 -196.871
-545.974 685.879
531.016 153.306
-637.75 904.177
558.929 413.894
896.08 -772.77
287.698 -34.891
-884.698 -340.339
-553.892 -871.172
815.686 -900.241
485.654 371.182
158.019 -836.088
-96.675 -743.435
-686.244 -40.372
37.188 -959.155
72.947 -107.3
166.778 977.803
-199.043 -893.143
654.767 -330.668
-103.601 225.644
580.117 454.358
312.338 665.262
-45.871 -430.281
228.601 248.564
-886.24 -677.54
736.498 -787.089
-751.522 -441.681
707.335 581.055
975.69 -288.108
475.539 105.784
69.074 -795.989
880.972 935.801
-134.663 -14.968
263.685 369.423
915.138 413.132
-187.235 -513.492
986.307 -599.767
-811.763 192.755
962.14 -266.953
-295.202 635.952
489.693 506.589
-793.289 193.367
217.605 -564.163
827.712 14.233
-822.64 678.36
-577.482 705.891
421.055 296.541
774.119 -892.896
60.803 895.519
395.399 -772.343
-585.637 646.596
-0.818 -147.964
-12.497 -622.95
366.536 -656.519
-221.965 604.951
382.106 -156.817
-758.931 675.157
-846.237 227.84
53.767 -464.478
-926.738 695.769
-379.055 204.103
-887.435 -47.557
-673.316 -285.486
-408.293 31.777
-334.183 -550.185
389.689 807.611
640.658 -531.16
195.404 171.993
517.009 -752.675
-36.342 -443.097
465.036 207.513
-691.746 821.552
554.391 783.952
-788.317 617.444
-860.52 200.398
479.533 -354.657
761.169 -866.462
478.108 962.91
897.36 -491.878
-12.938 -158.056
-640.992 870.117
637.801 982.915
413.337 -188.368
-925.355 392.427
-209.67 142.897
-477.76 -483.584
649.629 446.656
109.717 -363.322
-812.368 -220.776
551.962 206.215
-982.646 543.625
-59.413 -200.114
322.955 -324.65
915.866 -907.717
174.287 391.527
-388.292 763.859
158.59 -70.372
259.276 829.333
-935.779 970.543
222.558 732.487
405.236 -78.195
272.102 784.071
-342.756 891.416
851.459 -162.926
16.445 -866.915
-587.608 925.982
-59.063 868.611
-94.357 -43.562
-727.829 -42.356
-547.274 -412.531
-977.59 839.763
-388.74 300.912
292.679 469.951
890.193 -811.885
233.459 759.118
678.972 -540.932
618.756 -176.411
824.725 -630.345
-530.623 -374.657
803.575 -811.711
88.556 297.627
-379.992 -463.089
-406.938 944.048
745.23 -458.498
338.804 336.306
-685.316 -440.979
617.02 507.875
-985.354 201.846
-121.564 -297.925
788.891 -818.277
336.615 29.508
314.74 959.749
-166.943 -452.071
225.377 151.916
-793.9 -10.014
-615.189 78.303
413.363 794.51
-65.084 -360.162
661.636 -731.53
677.541 980.237
368.754 247.178
17.142 649.304
-228.913 -847.813
803.636 559.803
-945.677 -600.732
-233.338 233.006
-637.523 155.814
980.153 -929.535
913.62 -516.276
-235.538 -236.791
166.172 873.083
-153.147 -653.462
-664.238 -306.052
-536.574 -232.553
137.362 -814.27
-869.15 645.44
564.871 -616.251
353.615 671.549
586.099 566.883
-388.912 -439.115
261.852 -702.407
-995.599 -150.72
-644.651 489.36
-459.682 -617.369
611.907 349.092
77.596 -539.856
-523.74 -582.626
-258.146 878.142
475.155 -237.502
805.06 -491.196
-925.435 -130.685
616.746 623.871
-648.544 -501.821
124.04 -232.562
240.444 -732.898
-340.461 -958.353
-462.023 -319.948
665.728 155.235
-305.208 948.162
705.13 267.203
871.894 613.921
977.392 217.557
758.276 842.326
687.056 731.258
-502.523 -146.16
808.614 747.249
-156.101 -346.482
-354.568 -807.748
723.774 -190.285
-910.397 -84.186
605.136 46.067
-990.94 524.044
596.339 -319.554
-727.252 17.317
-89.341 869.123
971.91 479.144
221.041 -196.07
-245.417 925.743
-140.601 178.086
222.581 -483.572
-967.198 401.592
-84.848 706.705
284.956 744.365
733.074 -133.539
-897.019 692.559
242.451 816.37
-838.413 926.748
-570.214 47.199
592.235 902.183
864.684 -103.938
-326.555 -39.131
-283.007 -135.73
-348.415 305.238
-846.853 455.943
-155.245 -959.994
-808.156 -17.21
-414.938 125.95
446.409 -638.596
-431.827 -585.026
931.102 221.393
279.322 -130.125
34.246 -962.707
952.81 852.703
-351.59 818.662
291.426 563.08
-182.943 414.819
581.976 -541.348
-313.689 -908.878
649.648 498.78
-471.413 -644.105
121.98 -855.798
662.878 74.119
-664.363 -337.734
-108.595 -398.675
-933.415 -739.894
-888.606 724.409
718.53 77.835
742.587 997.984
-144.335 -655.141
-247.216 661.843
28.324 579.171
258.37 521.182
-501.264 293.65
145.94 517.482
-185.592 118.575
-896.459 -229.275
-353.847 -298.412
-962.109 679.797
-956.529 -841.067
528.254 -121.45
156.211 202.164
-831.882 613.025
297.044 -996.932
-412.108 841.321
719.309 -705.141
736.454 416.226
-80.667 48.362
517.973 -902.455
-567.53 -344.904
-706.638 890.709
494.716 -568.736
-391.911 -437.482
257.736 -483.67
17.34 195.499
494.417 437.462
-534.742 74.434
348.53 -698.922
-555.299 -120.511
-156.642 -46.444
684.424 804.353
-103.014 -560.318
-751.936 -106.999
-440.119 -285.344
-76.898 -143.985
350.404 780.384
-223.752 886.402
-111.008 -373.677
-917.72 228.506
818.98 829.66
210.907 627.435
-470.068 -8.409
546.767 -251.332
-454.77 -426.291
-521.146 -429.481
4.871 -331.435
174.866 696.883
-107.75 -80.608
-492.5 651.654
-945.007 506.475
-519.948 -221.413
-160.217 -49.36
-949.956 744.239
-954.945 733.153
-157.499 -290.617
-383.749 -109.696
-600.558 -823.466
-365.82 -57.631
-584.606 553.911
-881.21 176.721
577.533 286.699
-906.977 702.212
476.95 592.618
-254.799 -285.863
12.481 -515.664
-418.991 -473.217
-511.668 966.382
600.98 309.388
-154.667 -507.996
907.662 827.576
729.838 -739.733
-176.764 967.707
262.596 830.843
342.214 -973.042
915.956 -479.543
-942.194 999.08
473.725 -859.721
471.225 629.866
169.829 506.929
-276.654 -157.17
-842.671 378.87
195.708 135.393
471.197 667.096
987.237 -826.473
-796.395 773.463
4.765 497.752
-104.356 858.298
-196.414 -846.998
460.332 -59.232
-149.9 -813.981
285.672 295.82
22.243 337.859
-438.672 -76.883
167.101 -200.209
301.797 563.947
-233.2 770.876
416.34 -968.355
-254.272 -733.666
-191.768 955.902
172.334 -966.448
283.808 -864.401
436.658 402.767
383.311 -992.782
-639.039 408.743
-7.241 816.536
710.731 -368.909
676.352 360.818
246.283 -155.338
829.252 -865.829
-890.41 -865.535
751.341 63.868
-247.807 -383.346
-384.943 735.23
-573.572 181.562
-819.423 -92.434
481.299 -320.832
-477.7 -401.535
-395.109 -743.595
-624.045 211.415
-435.948 -966.626
794.383 747.523
-667.033 444.014
566.182 -38.298
-548.679 -285.302
-835.827 831.553
363.917 509.564
-187.425 -379.812
734.128 -6.199
-395.107 -592.426
938.749 837.346
-847.29 348.632
-982.675 -289.317
-252.224 -464.929
889.353 -163.184
-363.441 629.43
-301.476 901.733
871.33 551.64
-270.64 -664.425
-762.145 100.755
-344.263 753.649
613.462 -884.228
154.673 -392.823
772.385 587.306
-848.048 -658.382
995.918 958.412
-339.416 615.302
679.006 946.003
-778.796 -78.569
515.797 -644.371
76.074 884.928
-805.798 -559.322
64.987 909.188
-816.6 783.057
530.859 464.679
985.505 921.035
-869.939 -483.598
-229.641 -481.769
407.155 964.059
-653.901 829.456
-794.407 216.532
-260.049 -73.379
682.368 956.15
693.983 680.833
471.011 -796.79
-873.372 -371.21
-55.636 -613.616
-818.644 -825.688
447.458 -823.758
-501.083 -335.32
282.227 -275.114
697.95 904.54
-358.544 -922.017
-882.228 -385.376
-979.475 -118.098
-824.098 424.42
787.407 233.278
775.999 -185.466
227.823 -393.842
536.108 -360.467
-186.446 678.82
-135.682 498.625
-389.146 975.907
-392.848 566.171
483.965 -632.476
182.024 -717.282
877.519 715.374
195.902 -317.514
-889.847 -386.428
-835.932 236.247
467.485 -794.042
-161.298 -790.717
389.549 -235.109
281.433 380.043
-813.433 -882.253
507.511 680.404
404.64 52.873
-735.171 328.308
-732.005 480.107
-191.004 -717.209
648.454 850.11
-696.11 -832.563
621.104 -288.321
276.073 -659.002
564.328 671.316
136.962 -237.083
-707.979 58.156
262.854 -6.861
599.262 416.833
491.511 -977.755
137.406 -721.695
599.306 266.705
873.965 267.102
-15.447 520.127
102.536 -88.27
406.918 -684.199
-938.989 920.326
322.016 825.738
-465.337 -320.799
-13.308 -742.364
610.123 113.002
878.551 -710.504
-300.704 -409.517
-627.467 434.437
-910.608 353.783
23.439 851.011
285.039 412.994
-705.16 263.504
32.017 -968.129
-239.793 -423.928
-942.64 582.59
663.507 -475.705
-162.982 -282.776
-399.128 -45.788
-97.69 609.287
385.18 213.974
-317.869 436.034
-953.412 741.249
269.129 944.105
168.847 -339.036
-215.715 375.621
-591.525 -812.463
-222.142 254.01
-291.162 610.518
-558.885 117.728
61.686 853.492
-114.405 760.147
-304.811 394.514
822.645 226.685
659.176 -851.862
-221.294 917.963
-166.619 -744.046
854.957 686.692
-953.94 -823.632
-804.626 453.832
-612.941 -235.619
844.21 -36.011
178.243 330.818
-105.567 764.414
507.331 230.797
-571.362 -966.647
-341.458 519.856
460.553 713.676
42.111 595.278
530.593 459.705
120.239 901.477
139.076 -383.921
178.243 506.971
-480.769 617.758
462.154 914.066
-533.283 -119.0
121.589 177.048
765.41 914.626
-182.321 -569.894
-887.409 128.799
457.426 -747.811
460.307 -13.151
615.657 -488.305
21.066 34.136
629.385 57.441
540.445 669.426
-336.543 377.533
-701.501 781.838
-264.88 327.066
324.856 327.099
745.275 -682.299
812.466 433.808
802.14 520.273
-778.434 -563.332
-509.061 -580.663
-126.421 19.906
-314.304 70.356
-403.948 884.243
-155.189 813.296
278.277 4.764
221.624 -201.553
-352.104 103.328
-40.74 -462.398
-438.547 -349.092
149.683 -330.554
-841.301 -285.172
-598.668 875.257
-355.246 -310.774
574.583 -340.494
257.016 847.532
400.04 -22.911
74.898 -85.292
-447.132 933.936
-871.26 272.227
941.465 -228.457
774.645 857.089
-142.915 -353.539
-759.399 496.384
-764.367 234.192
-13.96 -485.656
-551.961 226.257
-288.815 -363.413
535.006 557.299
-128.339 773.441
222.755 -118.801
197.704 -524.834
445.251 827.03
-900.359 910.827
-298.075 8.634
-632.629 670.14
-207.995 -616.657
-924.722 517.202
-345.438 -49.2
278.603 -654.896
-438.436 -747.495
-438.471 82.9
490.215 -389.381
325.637 -665.214
-236.859 106.594
135.451 39.8
-491.92 309.814
-901.371 -834.375
267.537 12.302
-932.828 -983.787
-592.037 819.979
107.098 -856.021
708.664 740.934
-122.733 -515.978
589.121 53.967
-199.51 493.742
-791.346 -308.159
-477.571 -166.342
-968.455 -509.903
-691.518 -214.098
230.109 -125.163
711.584 862.79
649.391 -194.199
401.03 -8.455
-903.844 -334.484
-587.58 850.358
705.132 -402.175
146.771 -785.829
381.748 421.195
642.023 -301.952
-111.105 253.075
365.601 606.039
-271.138 -914.853
962.23 758.958
898.503 939.7
445.31 699.583
298.016 312.719
114.166 721.791
347.155 -92.023
749.504 98.045
-821.318 -682.57
-635.214 -480.357
884.786 -258.439
-44.615 23.997
-422.857 -209.152
-108.378 219.021
664.391 662.379
660.272 -835.628
562.553 125.153
139.036 -799.89
9.745 -87.83
-250.711 -862.957
145.173 375.985
-402.129 586.931
208.031 -669.577
-587.983 -799.379
835.306 239.825
-644.314 518.671
519.908 34.698
288.186 325.927
-48.263 -120.05
-131.254 -241.529
-361.521 795.781
-37.182 -276.711
-394.015 225.514
297.284 416.726
277.294 -388.165
967.981 -136.181
-58.499 -14.742
-327.429 -178.946
127.355 901.499
451.848 660.137
-468.737 224.983
795.19 -26.246
893.218 387.867
-403.084 -774.893
-578.982 187.485
-66.758 988.219
327.98 -780.42
899.493 286.898
-75.313 717.617
533.0 229.123
-474.339 326.425
637.294 318.526
388.469 -32.487
-654.102 885.169
-63.403 0.963
-197.418 -792.275
-314.782 296.316
462.458 -24.404
-809.539 67.934
751.072 -251.815
-572.007 330.383
-696.703 721.407
72.813 933.476
-300.964 -964.694
550.494 499.753
571.513 673.351
-28.031 195.609
665.729 -275.749
3.17 307.242
-195.096 -689.232
795.852 61.806
818.167 256.14
-764.884 -613.167
-664.711 -573.19
472.124 574.197
276.167 -111.921
-398.834 -69.972
-496.755 613.728
994.183 -110.823
432.635 -491.029
958.145 338.882
-21.72 618.715
641.03 -508.886
-418.308 111.942
427.289 143.811
989.388 36.403
-566.496 877.66
-254.273 533.166
-925.841 -77.041
-618.073 649.291
-798.454 -844.334
-304.131 355.609
318.107 -921.373
-790.28 499.409
880.234 -79.976
581.155 -460.579
-933.113 85.992
401.458 -643.804
58.004 -372.368
-804.266 807.731
-687.808 498.522
-269.67 620.845
-527.299 99.355
582.922 170.754
-109.661 353.712
-294.119 -604.116
-143.127 999.714
-263.971 347.613
-287.908 54.376
-184.962 -21.9
-91.091 -734.321
76.662 -459.819
-829.251 -572.738
601.691 640.546
506.563 224.184
-851.179 -620.877
207.202 821.551
-380.225 -15.002
-380.488 228.973
-135.573 702.132
845.768 -372.704
424.535 454.36
-171.907 537.251
768.878 901.388
-463.94 926.531
-607.966 535.288
946.784 335.121
328.386 828.346
347.089 -543.345
-271.589 257.781
686.962 121.44
-693.265 648.724
27.332 948.619
-314.59 897.167
338.777 -525.431
458.92 619.556
891.952 415.084
599.839 -717.019
13.16 527.175
-219.32 877.949
-792.628 620.496
344.438 913.828
593.528 -667.506
-472.292 315.35
-355.457 -681.867
-244.778 846.546
171.162 579.436
93.108 612.058
-706.507 -333.707
237.393 -387.732
953.491 517.558
-96.99 -471.788
258.231 -244.915
-255.397 -570.46
-250.431 637.944
-439.672 849.069
-781.249 -804.889
544.931 64.647
700.003 810.17
-314.782 -572.342
842.733 -624.84
932.742 374.299
-711.231 -587.845
651.059 286.936
-799.465 186.224
-110.882 902.439
-142.321 -398.184
-800.566 557.189
-441.083 -6.69
-839.458 -235.996
-730.842 -944.197
-850.998 323.752
-512.34 -514.132
-466.074 -880.67
-805.108 -630.832
-662.032 -585.882
-221.665 -608.81
16.316 756.899
-210.215 -417.84
815.875 -907.58
146.02 982.769
322.8 -33.663
-783.185 86.926
550.959 -245.567
480.925 -253.647
-33.634 308.411
378.086 -868.639
-167.928 916.922
-2.025 -916.407
91.2 691.111
-210.496 -901.349
-400.391 2.008
627.845 -555.259
-547.624 654.22
-676.329 689.901
308.683 591.691
-486.595 -141.201
-402.979 177.645
-833.371 -925.99
435.848 369.373
-538.618 363.462
-226.193 823.445
592.169 138.256
930.512 438.636
501.378 290.346
-541.064 -738.623
628.701 996.098
410.335 192.366
365.354 -753.234
-861.697 726.753
117.306 -800.318
-205.788 89.658
159.154 -70.906
-978.451 -445.456
-764.269 -335.772
-506.794 196.722
275.233 -204.054
-722.906 749.258
905.201 -196.942
-993.105 -651.536
-153.113 469.941
513.462 100.806
20.088 -266.323
-447.311 -979.071
729.679 856.113
-536.19 545.405
-263.886 -538.419
6.971 -403.915
364.886 243.115
-834.634 -183.493
-102.731 770.779
-347.457 -831.078
-377.003 836.553
-245.236 -564.656
380.535 -309.678
-948.003 -674.151
-837.025 -905.83
615.614 -823.146
821.764 -510.913
-826.439 -339.162
26.454 269.572
413.067 132.523
-976.131 -558.906
616.052 724.646
-92.408 -14.436
-14.112 714.041
398.518 -615.509
-309.201 0.634
815.109 786.503
-393.07 -740.861
820.152 397.294
-990.375 -813.555
-215.679 81.741
-536.282 269.185
110.561 -358.48
-521.864 -229.63
-482.265 512.108
-92.909 665.457
-84.99 731.339
-128.834 -878.718
-224.453 -551.119
-350.805 908.338
685.583 862.44
598.076 -89.907
270.045 684.07
685.517 278.106
-55.162 -527.332
-544.707 -645.906
160.288 -159.602
657.434 450.589
-333.338 509.86
-0.255 960.048
989.09 -319.428
558.963 -395.611
-438.188 66.659
-913.622 -393.059
746.492 -122.422
603.986 687.395
82.803 981.654
-225.967 712.892
690.251 -675.604
-897.071 188.703
697.42 782.001
-280.243 159.443
779.543 605.493
-172.887 -765.266
-784.995 -31.766
986.459 -54.687
-386.653 -100.85
-420.14 486.359
-163.345 -77.331
23.472 580.498
-696.599 -225.198
153.23 -407.913
-324.293 886.547
360.6 516.424
159.94 217.71
-484.358 370.562
56.849 -302.25
-166.275 685.702
-242.088 180.266
194.918 844.338
907.716 435.657
-184.553 -563.032
-735.566 -180.466
95.723 -932.46
535.059 -114.281
-118.585 -87.57
192.287 -63.225
513.738 -589.759
130.002 650.829
-711.37 -554.358
-63.128 -632.525
490.858 517.599
-111.922 340.16
-829.202 892.705
518.579 976.712
-753.595 107.797
-161.114 -625.137
585.948 -186.267
933.672 306.316
-664.15 -596.568
-536.343 368.822
552.632 -896.229
-713.805 233.565
858.148 -495.538
-241.83 574.996
628.791 779.194
669.037 903.866
-244.308 969.821
-482.82 -546.868
834.26 -202.347
-312.42 -738.971
-317.953 75.371
-216.424 557.056
197.571 -819.312
11.697 -515.12
430.805 -902.88
570.94 722.972
-470.198 62.125
656.056 -327.337
63.416 559.745
-318.715 -786.732
923.693 263.502
529.337 40.564
-980.389 -666.563
-299.874 -377.964
-713.655 604.322
-352.033 948.853
-179.606 986.716
941.246 -269.673
601.429 -40.657
719.28 902.393
101.297 275.083
-106.74 -206.225
357.471 -915.914
444.213 901.911
-662.432 -501.787
-849.679 -38.928
803.929 -813.94
937.678 807.134
120.365 928.916
845.007 902.841
551.372 323.666
79.891 -56.049
48.967 -31.928
839.371 38.789
-594.035 595.162
-847.423 602.878
611.132 134.768
594.407 -652.638
634.868 -52.221
333.066 -215.396
-399.166 -145.779
-531.09 520.483
83.804 13.117
-57.985 -961.228
-842.838 -917.345
54.142 -375.561
369.549 -699.874
-957.596 362.211
461.245 312.167
-992.747 446.317
-21.803 -404.885
894.231 -866.354
-449.146 -3.422
-725.022 729.777
-863.698 736.887
-461.88 -169.895
748.892 -360.924
479.443 559.838
-288.977 -188.492
361.092 -105.367
-448.45 650.473
-540.376 442.621
-889.196 69.108
534.004 -415.291
85.706 877.702
-622.721 -973.206
935.191 15.377
-13.177 804.174
377.589 -567.665
69.817 288.528
-147.511 591.242
728.857 -328.854
955.646 -692.942
-730.836 -29.147
-464.218 327.32
-315.519 407.39
241.922 -79.393
-808.692 -911.43
-786.285 -135.429
218.609 694.047
-33.225 -735.531
234.85 -299.205
142.915 -907.56
696.772 -690.525
447.645 -294.337
-523.45 410.064
939.063 -100.073
-992.498 -462.695
294.89 -604.592
-46.766 -319.068
-676.949 818.982
-312.658 929.333
263.266 -256.092
-354.572 -750.214
-141.287 -577.975
208.716 -112.737
-435.155 -670.253
-961.205 575.116
-331.506 872.64
-394.592 718.423
989.838 926.344
829.481 -401.947
621.405 653.452
165.648 -683.097
-739.428 202.58
34.263 90.827
386.201 -644.366
306.271 904.939
935.693 829.867
455.234 -528.731
848.009 -131.513
578.807 -39.967
763.737 -484.234
-617.461 -388.567
259.329 -314.784
-391.399 793.471
37.784 -670.418
948.973 -247.217
-46.894 -324.883
-187.799 422.008
-385.23 788.654
733.098 295.179
669.836 226.767
142.709 525.798
-547.211 856.192
294.548 281.415
-749.278 -58.199
728.288 922.018
252.968 441.99
135.248 -981.032
-868.369 398.003
-34.142 -44.235
-745.11 757.962
-188.965 389.046
938.011 666.579
-748.219 -476.602
-692.421 -933.894
-174.817 199.191
-893.897 520.949
435.665 -463.14
660.368 949.085
824.742 357.54
-703.383 -516.546
888.445 -772.702
-79.77 639.185
-207.996 822.885
-482.751 920.003
-343.482 143.156
575.919 757.604
268.269 43.407
-748.253 220.753
-554.452 957.783
221.639 970.105
-454.205 602.255
-672.832 150.417
274.743 668.128
925.654 294.761
-353.916 -165.487
-169.123 387.079
575.033 594.501
-835.16 -294.177
726.089 -960.242
-662.379 -137.448
825.551 483.508
-70.053 558.745
-194.632 -978.804
439.406 -713.501
125.535 149.299
406.342 272.31
-135.352 684.854
-186.842 729.331
289.842 -397.788
-96.78 -22.219
684.069 411.33
-363.802 317.317
-895.005 842.154
-647.928 -502.831
-198.895 -14.581
-712.783 410.659
-877.67 -134.264
900.729 622.85
-464.721 141.809
243.946 -388.446
-537.605 149.137
174.964 -445.647
707.343 478.683
343.738 730.253
582.369 377.779
-650.965 -62.38
387.826 -331.252
-603.744 654.471
651.991 -802.784
-557.37 -960.612
-37.196 -445.532
-502.896 796.292
358.428 -899.053
971.521 -153.799
-797.058 -642.573
-413.759 -48.694
-493.004 267.082
77.467 -618.245
637.864 -685.435
-516.545 -306.319
-351.607 -854.754
-903.604 -502.924
-735.862 -808.325
-943.325 417.404
-268.725 -287.011
68.643 -2.687
607.944 912.044
-466.454 995.334
-895.346 -696.229
790.722 635.639
350.207 892.607
-213.459 -857.587
187.463 -687.461
626.024 711.702
-736.808 -534.86
601.569 -928.813
-27.372 33.745
172.765 688.961
644.591 465.52
771.852 806.837
-301.407 485.845
458.452 -379.879
921.996 863.201
948.213 232.941
748.972 -779.85
384.013 716.643
-371.882 -7.645
-757.447 863.641
-135.515 -538.772
917.585 263.607
-737.078 -444.666
-507.937 679.791
-138.833 489.961
-731.744 704.148
342.702 745.216
314.266 783.555
432.238 -525.107
-737.153 748.002
-998.448 -128.363
-853.685 -916.929
-692.315 -371.215
124.754 -229.175
617.351 335.289
-159.946 -109.215
754.529 -387.856
371.677 385.461
-155.084 825.808
10.373 490.326
185.721 -781.391
-842.706 -430.941
508.621 465.468
699.158 465.359
199.791 -28.816
26.888 1.673
-803.674 187.794
-923.47 598.497
791.662 312.887
-228.253 -513.854
46.005 -184.736
16.512 415.443
467.718 -822.81
634.6 -293.558
-159.072 191.769
986.022 255.421
321.677 -236.381
986.522 517.491
72.606 -679.376
-42.734 48.011
-975.937 898.493
429.071 -686.814
-996.445 276.637
107.952 346.459
887.279 -419.234
-691.324 -613.689
-578.443 -160.05
-964.515 31.53
454.303 423.842
-942.443 66.935
-900.566 -199.315
-113.111 768.616
520.47 167.977
977.291 -257.543
283.086 -306.641
-431.889 97.249
-176.688 783.398
-479.575 -38.388
128.597 887.639
-242.164 30.204
-164.287 -254.852
736.795 -324.747
-17.153 -798.047
-150.027 -291.353
-909.132 337.671
591.21 642.054
-585.544 -392.66
852.257 -821.19
-902.371 251.634
-122.209 177.143
-706.901 439.518
-730.595 58.512
922.65 -142.956
516.843 -572.144
541.061 407.012
-35.778 -516.092
354.014 -801.157
-9.742 114.419
-783.469 565.529
679.299 -784.538
-433.657 -39.027
-692.602 704.228
-712.845 329.573
-723.009 -250.103
636.129 -325.969
-952.45 -884.393
-315.797 179.708
-937.299 987.056
439.842 331.616
172.298 101.123
-582.438 693.272
-197.077 -83.505
40.857 -43.379
-380.287 -805.207
-570.89 -595.604
587.109 -435.803
52.304 544.894
-881.122 -940.183
-841.064 -553.197
-685.223 -385.573
873.677 971.832
-16.563 947.316
-444.041 -124.634
136.278 923.548
-174.447 980.739
-173.375 -225.028
23.969 -6.938
-610.697 -800.448
211.271 -244.816
-709.456 -689.594
555.978 263.673
-888.626 -668.133
-500.377 -740.721
793.279 -426.06
-255.439 487.116
-96.784 696.014
906.908 -631.096
-842.375 -262.075
127.724 -913.04
-475.211 846.055
701.681 -667.996
724.115 765.123
-976.055 -861.101
-194.906 -913.111
84.53 -770.483
-640.614 158.229
-24.407 106.651
542.648 -28.172
228.423 167.406
-236.765 -612.598
-834.205 -718.93
-218.184 -354.082
103.311 624.036
715.555 -394.508
-689.414 -710.505
598.489 -480.957
110.643 -497.876
88.44 -214.227
448.374 -511.367
-77.021 -75.953
-399.593 -916.895
886.044 675.196
742.975 826.8
-936.868 -695.001
358.08 262.597
624.347 840.173
575.973 208.566
-502.927 147.506
-987.198 -829.46
-472.611 861.359
575.912 746.715
135.722 488.714
661.639 629.165
608.475 231.277
467.275 693.998
-243.27 315.555
198.495 776.782
452.562 -181.586
104.423 554.125
-421.068 937.645
-559.111 -843.016
-813.527 511.237
31.337 -778.271
715.731 709.791
266.976 -375.899
897.555 -316.388
-828.152 407.743
-686.855 272.362
-110.131 174.493
-995.547 -376.362
-922.895 -277.683
-997.273 489.68
584.77 613.344
805.47 -93.529
-408.176 635.056
-82.457 -574.64
-956.438 -790.867
618.648 -292.625
820.85 -456.467
-52.397 892.732
-695.068 -343.755
953.433 199.287
581.119 -90.012
-464.542 -555.032
715.703 874.718
-468.951 236.474
161.249 842.214
50.526 -992.58
885.136 -506.136
-786.915 -542.481
495.588 997.758
-422.139 -628.356
260.147 926.944
-858.383 666.911
-966.157 -664.341
518.155 -98.159
-532.514 -869.265
291.808 -909.053
-22.179 895.903
-517.128 370.89
-927.589 -946.476
67.631 -187.907
-335.425 -185.993
-810.758 -355.762
-207.67 -223.005
-422.759 -877.134
-118.375 901.166
-199.989 198.894
753.628 -242.858
271.155 167.756
37.651 -456.752
-495.349 -861.327
-975.766 299.263
-189.425 -786.953
976.456 842.706
-88.01 -62.929
506.987 -110.968
899.368 530.438
-556.153 -39.057
148.244 -380.115
-605.459 -596.022
980.461 -926.055
55.61 -778.704
769.934 -115.301
147.469 517.779
664.295 985.401
-443.936 -952.748
843.827 -463.901
-412.551 889.626
620.307 -331.625
183.836 -104.522
-545.101 -533.413
323.959 -393.924
129.289 -185.686
402.659 -315.114
880.246 -542.376
971.277 -39.91
359.412 637.087
453.785 -279.614
813.743 752.868
514.263 -377.767
389.464 171.333
-639.775 253.015
959.893 -571.115
-228.166 -776.664
479.398 -44.755
662.943 -529.284
988.899 -567.088
135.85 -393.123
-144.856 826.077
-453.907 -9.38
445.549 858.189
-607.848 492.497
120.315 -302.008
52.104 715.645
939.498 -512.797
243.468 731.513
317.706 -223.959
-93.53 -815.022
402.591 982.066
917.918 -453.041
-598.484 -751.264
530.212 834.822
-218.966 874.451
-139.158 -269.417
118.43 -797.464
745.427 649.513
-74.985 -749.409
761.673 -757.13
-727.505 -951.005
394.972 174.896
224.711 868.926
-258.011 -474.053
-395.481 -582.748
185.059 387.923
-104.279 -796.751
-408.059 954.361
291.776 -278.762
-990.195 747.862
198.6 -525.326
322.824 -49.128
679.856 -801.887
82.013 -209.761
907.529 166.382
-698.169 -355.692
208.673 704.489
-890.479 -952.293
847.833 -221.14
-892.808 -904.179
-839.591 916.84
638.033 334.445
499.692 -833.672
-346.594 -852.401
-859.174 170.84
-614.947 -484.154
-495.243 542.632
246.973 28.54
-721.37 -824.56
-538.024 -906.242
479.734 23.988
310.297 -613.565
707.389 332.019
-249.064 145.921
-897.532 360.798
900.224 826.411
639.837 705.395
-43.857 -606.716
864.335 -852.847
-472.608 -475.201
-750.262 352.538
887.871 -67.592
256.194 256.259
-174.616 802.089
-274.399 -365.98
-162.018 211.817
-747.11 -856.357
982.63 93.901
757.573 -958.017
-573.354 -836.778
454.47 -204.73
-425.146 -38.615
-873.739 259.386
949.495 -553.311
-941.888 -620.833
-476.403 -767.263
255.583 215.101
-152.879 -621.452
826.122 218.978
-867.765 695.233
-130.909 -970.099
-512.364 -549.344
154.81 -864.56
143.13 -543.768
-640.63 -313.421
576.788 67.321
771.022 270.129
-195.363 -91.572
-796.602 -238.931
205.006 -77.809
-479.927 691.429
135.341 691.319
-669.168 -627.0
-629.982 229.801
523.221 -483.724
367.588 -443.158
922.868 602.87
493.986 -141.591
406.949 84.257
14.591 744.216
767.587 -851.229
566.307 -554.874
-907.336 -484.992
210.0 39.474
-359.051 -0.636
-829.654 -332.113
404.961 187.664
319.852 388.504
541.847 819.693
397.201 -666.201
-37.037 -42.182
219.5 -656.539
-287.338 -804.062
-696.112 426.479
-467.107 -219.653
-529.239 -663.402
-175.087 772.649
933.252 -209.46
-955.025 -708.492
-351.998 -406.087
70.375 -986.573
244.978 -310.599
238.457 135.548
-20.588 539.124
442.968 940.343
593.311 -608.869
661.157 953.492
705.43 -368.306
-307.487 128.65
286.997 -707.902
439.623 -461.135
-829.323 -871.219
350.825 975.278
926.351 -87.901
-563.164 55.412
-703.165 -289.707
915.684 -73.967
-137.823 -793.18
-270.464 111.222
460.567 -679.265
-584.011 592.965
86.081 -277.013
912.481 -935.853
895.466 398.851
156.073 -667.743
-494.508 274.988
-721.369 -67.325
923.097 677.121
-657.433 -778.739
775.952 365.904
43.405 -594.554
-656.47 -117.246
432.538 963.18
524.993 -418.784
-302.129 -632.216
-56.128 -986.833
234.365 689.908
100.826 -724.547
-60.079 659.209
-861.29 363.757
-679.668 226.144
-140.236 776.047
258.461 -347.506
-685.98 462.738
-345.524 -335.966
368.862 -961.032
913.99 770.004
-935.278 -770.353
-392.851 75.532
-488.134 -742.204
-141.451 -654.164
380.163 -974.27
-163.317 992.065
-730.719 -518.746
-923.427 491.644
57.894 -994.359
808.829 339.331
365.606 754.311
279.49 -605.017
-86.207 613.757
148.631 961.222
535.04 -716.908
913.404 -939.728
212.289 742.4
418.928 -557.773
-155.946 799.704
-147.455 -228.986
116.304 453.767
-388.903 -502.542
716.256 -491.522
-443.104 -494.558
885.735 -220.93
-128.212 -472.194
-71.384 -938.745
93.191 -419.7
468.762 104.638
-800.295 457.736
-810.033 -185.566
-714.597 890.742
660.271 -660.087
-992.814 -740.812
-808.215 -282.67
-364.298 -963.683
219.679 612.107
230.548 956.45
-168.595 461.616
545.673 -755.662
672.915 416.697
-255.044 396.262
392.628 -733.682
586.367 105.349
-904.012 6.429
96.496 968.212
295.843 271.922
-529.977 842.468
480.34 909.294
701.667 -387.875
990.117 -651.286
-320.275 740.732
-603.045 -271.735
543.177 -826.121
829.271 552.587
634.143 -361.317
371.646 669.648
-73.986 408.249
104.327 -645.663
-919.246 -835.088
-109.716 63.048
-962.638 -524.08
-490.546 927.682
604.683 67.294
595.061 -986.014
518.465 -58.224
673.54 -136.467
598.545 699.091
-381.003 802.183
-643.818 983.309
-559.629 914.557
-343.046 384.273
-409.967 461.675
192.515 -637.907
-348.03 586.903
127.062 -114.091
-110.165 199.169
965.109 -823.473
361.239 570.509
978.878 594.962
-553.001 417.282
517.192 -64.528
943.132 -115.696
-499.772 534.109
365.657 -824.474
-221.891 98.985
957.812 697.736
935.96 140.88
823.127 -922.048
513.025 756.389
318.595 928.521
-636.932 553.175
-597.165 418.64
190.225 -248.078
-984.475 28.036
-455.411 -134.754
496.667 -740.191
15.175 155.534
32.43 234.855
-545.437 373.718
841.363 -438.473
805.008 480.947
495.402 461.045
144.49 510.203
-41.671 767.714
691.282 -746.708
-789.735 812.726
-343.28 -212.105
-902.723 566.292
697.933 -577.513
353.518 496.337
763.856 353.252
765.03 -708.932
-269.01 285.417
886.77 721.561
24.204 25.059
-790.173 545.936
-483.595 -530.296
150.761 -208.149
-514.575 423.529
793.09 -982.894
-991.854 -525.576
174.771 230.953
960.436 699.306
885.278 306.947
-405.622 -446.614
-74.89 801.31
318.895 739.097
-380.586 -779.361
926.022 -96.201
163.061 656.678
487.635 -729.125
280.499 852.504
-430.382 -535.481
537.184 660.689
987.029 -781.75
-218.002 873.366
467.252 -501.029
159.478 839.206
-581.404 222.448
-341.22 253.349
421.277 135.384
-891.62 624.75
408.086 144.603
-141.613 12.563
-371.549 14.766
-554.063 343.862
-340.269 331.986
594.736 -855.913
-46.097 -381.14
647.623 981.965
354.381 -22.389
910.49 -578.968
992.157 304.309
-804.277 373.417
-68.058 914.603
-812.161 842.412
273.642 -613.39
315.178 283.837
-994.772 15.722
-564.176 167.736
-702.776 -605.257
423.199 -356.906
-972.692 808.38
-182.4 175.737
-319.865 907.871
-333.939 531.655
456.091 -551.583
529.959 924.011
859.393 366.753
-214.824 -608.865
-82.798 -372.876
341.944 -337.971
-762.238 246.138
-688.25 188.471
-892.74 -720.692
-744.082 -464.323
-25.402 -415.962
584.421 -340.522
-933.24 -513.949
-286.13 -263.711
389.721 973.389
-916.197 963.915
-926.504 -177.853
-59.473 -852.714
-163.807 -381.664
874.036 585.934
127.202 598.641
598.391 -777.686
-679.765 102.025
-501.437 325.344
-813.512 269.735
-44.782 464.838
571.391 685.478
-350.145 -124.801
-189.558 812.253
-662.28 -701.146
956.849 298.215
312.43 264.641
-270.645 -407.921
-161.507 389.949
-503.335 -991.258
-486.66 -260.566
622.557 -319.781
-334.066 -747.862
-184.22 411.386
-142.592 -0.555
-25.423 77.867
604.02 -376.773
587.171 -535.826
-726.203 -180.115
972.328 153.117
201.212 -474.294
646.961 -929.269
39.097 388.562
649.62 -199.385
-245.941 321.379
639.234 -715.766
919.782 779.584
125.612 -632.517
371.304 -700.667
128.468 -250.951
-325.683 -953.272
-791.633 546.518
-925.748 286.63
832.016 -952.486
442.604 912.371
356.43 -654.713
-888.366 168.037
-582.43 -381.323
-933.671 -127.153
-48.753 -672.82
-770.99 -635.357
-852.229 298.107
371.734 509.818
635.795 176.332
270.386 678.159
481.265 -684.897
839.73 566.393
218.801 -775.05
700.202 -551.337
-39.232 -680.769
839.289 -915.753
-888.693 118.451
768.921 21.816
304.736 -111.057
-440.543 -91.94
-891.718 -427.856
119.32 -18.009
82.947 778.277
578.572 781.328
867.065 -875.721
-612.969 -682.441
320.468 661.19
494.581 -948.416
-841.699 993.658
-157.223 153.843
-893.968 -417.727
-168.085 -161.828
6.539 -351.912
481.303 -458.497
-183.296 689.285
-166.088 385.221
-961.095 -146.826
660.63 -469.461
-688.737 255.254
833.632 998.648
-646.232 -77.936
-93.903 -68.447
-498.783 -10.364
812.28 -478.258
-116.962 620.927
398.149 -454.831
-363.839 -63.795
550.872 -894.285
-132.047 -715.442
229.643 0.246
-92.479 842.559
91.512 -689.874
44.905 591.131
-727.338 593.298
-706.745 -197.893
439.106 414.888
511.779 -485.685
-124.906 -997.38
-608.25 -14.617
290.948 883.012
-933.449 -225.615
434.471 85.497
-978.851 -597.47
379.947 927.39
-197.161 -388.771
-56.1 739.89
676.227 271.955
-711.31 165.267
-618.184 -753.579
-651.6 523.504
-474.983 113.289
-278.073 965.963
344.503 -459.886
676.91 583.607
-830.518 207.861
954.208 112.734
-476.618 -960.559
-120.016 861.924
-763.0 -997.651
28.873 447.861
-199.228 744.445
-794.457 -658.9
-40.923 297.728
449.062 -890.372
654.02 -883.57
-547.822 -150.702
95.944 -254.02
-114.731 -241.386
398.776 296.233
-412.658 -833.525
-892.583 948.891
-816.818 852.746
141.3 -998.992
352.571 -898.007
-787.729 110.535
-275.759 453.026
-976.359 -903.87
-303.969 -421.88
-52.889 372.155
860.58 -540.713
365.355 -648.75
-836.183 979.514
-655.703 802.44
-58.664 808.934
581.112 -53.258
296.844 348.878
307.906 720.191
-332.475 -539.864
198.292 -357.418
734.136 975.528
496.332 -491.19
520.168 -306.903
-232.844 356.403
231.06 483.992
337.898 -668.473
-437.439 -191.073
-773.988 557.121
-577.622 -416.559
882.316 573.809
701.575 -814.169
796.143 -624.692
-82.828 561.953
225.22 -540.461
-111.723 -152.503
503.188 483.117
542.893 373.454
-105.423 67.146
487.085 801.019
534.245 -990.403
60.389 -312.99
533.644 616.669
-84.39 197.423
-907.147 -273.66
-403.451 447.175
32.422 -842.318
-454.26 224.549
31.016 -577.122
638.975 -325.182
-198.464 -433.517
-909.734 -289.03
-489.016 -338.598
129.875 155.118
-126.541 -634.685
-252.229 -513.027
-709.286 -117.256
182.325 -805.658
-766.88 382.949
-886.493 402.269
-256.11 385.963
-858.359 68.464
-179.283 -151.418
23.357 107.806
990.931 -356.986
-555.255 -668.11
-514.474 653.506
-175.9 0.16
-580.711 637.469
-92.08 388.893
301.669 386.36
702.843 -983.372
518.719 769.499
-704.407 716.852
-470.606 -307.669
935.611 -9.32
864.855 -982.696
703.124 -406.987
652.469 645.272
34.083 768.742
-31.461 583.37
728.926 436.523
-718.187 -871.525
517.392 -436.168
943.486 -489.23
457.688 -439.918
-389.906 -990.16
-650.99 -504.187
-88.666 -792.613
442.116 837.702
364.386 973.333
759.158 -838.792
-140.44 -83.978
-1.927 70.671
617.344 -311.726
-711.886 664.36
-638.142 -107.972
885.479 -144.285
838.966 36.94
237.319 179.361
83.516 -77.952
-58.726 -413.612
-341.221 -484.035
-96.162 -410.178
-861.458 -444.73
-768.907 220.753
990.231 444.087
162.489 383.841
-573.942 989.442
833.878 382.512
925.122 -130.072
390.759 -334.257
982.093 975.742
162.854 -497.664
791.625 31.865
-945.569 -693.618
-442.4 954.908
-427.314 -410.788
208.086 -156.135
576.648 -301.055
-762.343 774.174
962.377 -180.821
606.635 -727.794
-735.374 843.192
735.623 -875.795
883.787 -69.332
314.462 -329.424
-495.354 -939.488
-367.854 -535.869
-242.465 -737.361
-738.927 271.331
-400.982 -503.848
-573.64 -120.015
350.375 616.853
827.181 430.947
816.88 -865.188
-172.287 297.4
-431.462 -86.863
748.676 -163.26
723.155 599.601
-789.72 251.087
-580.586 397.057
-16.915 694.872
115.201 -23.46
516.592 -905.028
-209.814 -844.851
393.909 -402.385
245.166 21.314
27.199 -246.582
-292.721 -347.793
666.761 -840.19
860.185 -669.505
709.029 361.324
-647.959 -720.98
876.283 829.74
46.623 80.589
-134.417 -916.993
850.652 668.362
226.906 -219.773
844.685 211.441
522.36 -648.794
3.003 -687.362
385.358 65.231
-426.883 766.857
-343.323 -911.088
-841.515 -559.561
349.024 628.983
80.788 734.095
-79.457 585.339
509.271 -664.826
491.584 835.928
-584.03 -134.818
-236.729 -127.042
-414.04 575.296
858.935 497.944
90.28 -727.632
889.482 404.847
555.592 -627.695
-711.95 -74.463
-242.562 -941.88
-513.598 -987.416
987.883 -33.766
122.076 662.324
-124.737 -840.013
486.759 -186.6
331.676 -544.888
-556.272 275.454
-306.083 740.172
513.491 911.915
408.466 -39.323
-315.754 -149.434
-614.244 300.748
717.557 702.739
-94.168 288.633
534.207 -888.131
-338.817 -320.686
-287.094 168.023
-563.352 883.037
551.898 -558.747
272.057 649.828
-659.569 -311.218
848.936 -103.676
823.2 -375.655
-673.566 -490.853
526.604 941.917
-337.865 -324.498
816.484 42.415
452.891 400.716
-554.137 157.695
-100.264 831.005
-83.693 -922.645
-791.478 -168.862
942.132 74.874
908.681 -280.63
167.563 275.264
728.454 -200.538
289.847 -534.307
-218.052 573.542
747.507 -239.773
-979.682 927.819
-442.925 342.406
795.554 492.256
-137.531 492.222
-585.542 423.351
247.199 -858.894
379.567 -433.153
204.575 -295.501
-69.51 378.944
-941.985 318.471
-153.519 -676.638
354.78 -476.459
-374.429 680.61
354.978 -441.905
-680.68 -450.826
-23.621 -951.941
110.317 -353.938
-881.686 -742.453
436.822 -549.222
910.43 151.841
-942.128 -765.343
442.681 9.109
-817.765 518.414
-712.439 -552.309
-288.293 99.448
-893.318 782.185
96.229 996.423
-923.618 347.317
893.292 -268.049
-563.081 -85.931
675.41 -604.546
-192.6 -957.648
271.776 -100.296
-668.598 533.893
-858.244 -362.46
-238.057 216.306
320.1 -263.818
393.675 162.732
795.948 -293.094
-10.725 136.692
223.211 -258.293
-264.311 782.065
-351.58 297.077
376.658 -226.555
126.29 263.083
-113.779 -399.275
-270.9 780.183
679.682 795.141
118.302 248.531
884.119 379.358
-738.037 706.481
793.769 -713.176
866.057 884.808
788.44 547.28
290.475 1.247
549.684 -851.388
300.223 -807.439
-865.798 258.305
-630.052 -401.261
815.355 -17.148
421.065 -360.661
-879.916 -590.981
578.984 329.622
-52.831 -228.565
245.922 -475.846
-595.038 25.782
549.22 -717.007
902.143 -622.894
457.564 366.404
-516.055 446.991
-816.876 -662.937
984.033 756.107
-428.538 473.569
-654.255 -599.45
545.807 -532.897
287.971 588.598
-955.896 -498.971
-647.945 433.099
645.481 802.356
-276.605 660.906
-670.468 -43.61
-366.031 136.366
414.804 -435.374
634.599 215.564
-494.239 -727.409
821.794 -526.666
-692.273 -395.027
-983.678 107.376
188.687 909.624
563.457 -592.107
-394.791 926.465
954.788 -476.028
4.679 -266.22
-862.685 -571.322
534.274 246.825
383.809 784.988
-144.962 -167.979
-628.721 -521.567
638.773 -768.051
-767.006 -948.16
-669.152 -827.375
391.611 -592.367
-832.834 -552.423
-815.466 184.126
-389.369 -931.26
236.138 901.576
-898.521 90.071
56.584 -859.529
-240.308 -175.663
619.139 -684.433
-765.966 144.558
352.201 737.719
-927.799 -691.84
341.402 -615.613
-214.89 123.176
633.281 -586.206
-115.463 -696.791
520.751 762.003
252.071 -21.888
983.402 947.598
423.05 391.545
-861.591 -31.494
-977.31 310.389
381.563 803.826
-815.517 -769.697
12.355 525.457
-418.876 -357.881
733.616 -775.971
444.354 563.443
-954.147 774.708
-501.969 905.371
-473.007 -264.24
-944.368 -13.815
-487.796 38.477
539.893 -310.115
652.753 -8.137
-306.495 406.711
-283.788 719.327
-81.539 -547.813
651.019 511.805
-582.065 -211.252
670.496 324.274
919.362 7.657
-846.341 304.646
705.553 488.706
538.346 -369.086
777.626 510.086
953.107 942.089
908.213 519.384
146.662 -241.769
542.972 -879.146
-202.125 -76.687
-972.671 187.616
-438.129 827.995
725.325 935.696
-205.574 209.192
722.594 -726.15
531.736 -563.6
-77.575 -941.444
-783.81 362.374
45.83 -982.195
-947.144 -9.045
826.143 -451.303
-902.888 -158.288
-500.706 -567.595
-569.015 -938.758
505.272 -324.71
69.034 -18.16
-429.372 391.689
386.979 104.119
246.102 302.181
-513.188 -329.892
464.417 681.459
-14.225 -715.719
701.836 -349.955
83.479 384.905
371.793 100.819
-324.67 -451.305
-367.27 740.534
-576.854 538.592
788.331 909.631
563.446 927.711
838.676 38.76
-669.814 501.982
-143.269 85.322
817.751 95.608
-21.922 -207.241
125.185 269.812
-709.26 -518.959
-966.012 -483.805
-529.229 -489.328
-271.816 -377.598
-157.817 599.127
34.521 476.109
887.46 -468.502
-214.21 -17.812
-823.327 -922.818
-544.03 -85.263
-309.586 -662.686
-115.47 -200.728
-756.343 -283.299
-396.181 25.742
-778.184 552.506
-493.877 -841.058
-121.175 88.1
413.467 422.679
406.095 783.265
-854.617 78.03
-763.475 -386.169
834.866 719.495
754.901 -847.744
32.794 -667.228
497.031 -955.729
-334.305 -320.43
261.185 -241.832
-298.732 -483.591
483.037 1.552
-506.403 13.114
-489.024 698.587
557.696 691.251
-537.052 -95.846
977.277 613.91
-603.191 754.57
353.317 263.767
-370.478 983.76
695.199 -291.655
-179.457 -152.017
-982.267 984.952
702.454 -814.568
910.562 287.058
-724.666 -6.914
-700.328 -558.907
45.319 599.724
-56.847 -465.889
-748.585 -802.031
714.481 931.811
-109.959 744.574
-584.681 595.685
-536.492 -264.699
572.207 -889.29
161.86 675.464
261.962 -957.048
579.987 -612.643
-941.247 432.272
147.173 -187.225
837.443 -278.577
87.192 -860.734
-176.273 386.347
-480.757 783.179
547.289 -961.479
-449.811 55.38
-496.245 -455.98
743.21 922.416
625.904 -932.148
382.055 -654.559
-25.972 140.825
425.056 152.803
752.546 -751.773
622.602 187.836
-289.201 -429.832
497.693 -144.506
-341.394 -723.624
-830.913 483.758
393.399 685.139
396.328 -292.543
-129.754 -50.699
-662.888 -984.495
-976.038 -170.188
860.437 777.987
775.865 436.9
-866.326 985.65
-590.613 -387.934
159.917 566.312
394.235 -362.152
-631.751 -373.911
-764.914 -181.401
-574.283 -544.094
-675.388 -443.004
464.566 212.079
436.864 373.703
367.032 -907.634
-819.005 -974.482
112.371 891.886
-749.1 424.206
-432.26 312.226
-103.057 904.078
475.334 -521.185
712.87 747.914
556.372 879.82
-396.529 -436.317
397.702 706.375
-652.54 411.228
274.2 779.095
-509.553 427.266
547.737 574.351
773.997 783.875
-596.014 -573.465
-662.036 69.75
-56.256 -281.6
-189.233 -16.115
987.093 -750.611
-583.763 836.608
-170.888 -348.577
-452.162 -87.311
421.951 -808.287
-834.425 35.305
-740.211 457.52
969.197 671.584
730.609 920.268
919.572 350.272
43.481 189.035
-854.031 443.066
-995.942 455.443
-758.358 977.691
-761.479 -398.606
-197.342 -490.843
425.128 -836.548
-793.858 165.047
9.675 -879.299
153.125 -273.518
-393.138 462.909
-396.053 836.625
-574.229 463.338
539.236 32.361
93.24 303.07
-327.036 420.897
-517.649 999.978
338.211 940.977
119.136 677.565
456.018 -83.018
-886.988 120.635
774.712 265.046
-318.726 -654.836
862.843 -686.352
501.929 454.148
109.854 -938.412
937.824 509.903
-187.642 143.503
171.112 229.009
331.688 -176.131
-960.943 82.285
-278.828 437.849
-593.463 985.502
657.889 293.174
-277.986 -873.645
-385.122 515.961
337.273 -732.806
-783.165 434.558
658.217 -622.176
986.048 -55.227
663.933 498.526
685.562 -957.65
-906.714 -508.065
40.374 -878.459
263.027 503.629
-166.17 427.189
527.427 502.92
878.441 -550.408
-926.831 601.097
588.95 412.602
141.278 778.604
29.699 -454.075
-457.36 -690.899
390.489 -129.612
445.073 81.65
730.464 867.739
-647.995 -180.308
-881.47 -50.456
-427.206 726.964
624.148 -210.065
-116.716 -145.859
-209.666 353.963
-820.375 196.165
-679.681 -794.074
995.871 -457.107
-46.742 -299.95
718.209 612.931
-612.338 -332.311
-735.246 -701.669
-628.195 949.937
-205.596 983.391
-548.464 -566.587
690.313 -222.12
904.071 -488.622
-656.339 852.81
904.894 -554.639
-979.782 821.041
517.873 998.189
-77.107 550.551
-484.179 521.196
464.882 -545.799
-826.917 29.881
-706.724 -703.029
-70.031 489.263
-263.808 -749.711
416.18 -599.789
520.113 149.512
966.889 -876.302
597.107 681.125
759.482 -201.119
848.299 -183.611
861.407 -611.755
-14.866 -538.904
985.819 -740.963
65.58 -290.095
-199.506 546.661
541.556 -538.244
-720.374 573.046
709.723 -561.768
348.339 -627.523
501.83 -584.205
-929.31 619.826
434.921 649.104
466.698 428.762
-893.587 86.437
168.135 -714.85
-584.767 871.211
-931.941 486.127
-977.719 -604.973
-533.557 523.327
365.6 264.511
74.812 621.396
-578.916 -438.138
-202.753 532.087
-835.021 -279.905
-26.269 94.85
843.841 -461.236
-561.759 -797.945
47.53 421.728
252.599 505.482
374.167 -772.656
898.955 142.734
-228.715 -966.875
954.487 255.667
-408.415 688.301
-286.916 -395.097
663.998 -711.841
-264.702 331.376
78.759 -555.084
241.448 -685.316
-421.269 -353.582
426.577 258.478
-99.396 295.386
981.622 205.07
44.789 -274.681
-591.644 451.655
-734.427 984.09
-573.231 605.578
-923.968 206.461
227.218 214.378
827.411 353.877
35.763 -564.614
-577.546 386.772
-954.285 -670.038
187.726 -251.738
163.308 348.385
927.904 595.736
558.755 361.871
454.968 -744.466
-976.633 -128.176
753.902 472.882
48.016 275.793
534.826 -193.455
-84.515 980.934
-11.575 -57.938
741.665 657.676
154.012 63.785
-506.774 119.028
-283.25 231.276
781.155 -998.061
55.474 -629.603
-706.727 -60.594
-662.207 -793.673
-295.061 518.745
-515.973 354.009
-410.087 145.522
971.576 -544.296
207.435 230.173
833.908 -421.939
-597.875 125.764
-359.23 488.198
-170.484 -129.04
325.045 -263.998
-851.027 -883.584
-18.799 -937.377
-700.766 704.345
-968.6 -707.057
613.33 -64.514
-591.952 342.962
-557.105 485.81
-664.51 471.661
313.623 -77.591
439.633 653.659
-659.976 459.428
-429.838 9.984
-464.197 -572.346
959.377 -147.831
-217.126 593.897
160.521 -933.229
-979.247 97.431
-138.417 439.995
454.514 495.58
-584.255 717.715
-691.496 -380.916
847.95 -105.452
537.587 773.136
255.899 -604.595
-61.943 -285.192
-273.865 878.89
-817.269 983.439
589.919 573.784
232.72 -953.582
-604.345 -806.545
-170.333 830.583
542.327 313.866
-268.506 899.174
-785.115 -428.872
502.454 629.219
431.545 -163.066
922.732 670.783
-490.117 -12.485
-573.184 920.803
-532.381 -119.04
98.205 -886.081
541.986 783.72
423.079 -738.464
886.77 -940.011
-336.49 -126.514
836.782 -824.249
-617.235 84.641
787.858 480.3
-114.915 186.83
844.726 79.492
-527.221 -109.879
-508.977 -471.954
-913.208 638.822
16.222 237.939
6.728 -209.857
493.813 -884.484
-520.513 23.008
141.297 183.385
346.133 -439.162
604.43 904.604
-669.201 860.678
-403.659 749.731
-283.346 56.779
189.729 -646.392
-775.804 640.495
372.059 -222.248
645.089 8.808
-873.005 42.226
-909.986 -339.765
-379.317 243.796
-236.478 -998.616
-400.69 604.762
-576.125 -195.278
-117.408 -80.888
469.311 165.678
314.147 762.682
-147.942 -627.475
-768.415 -323.942
970.026 -524.521
149.106 361.159
397.505 958.069
102.498 -182.449
5.417 852.388
-859.74 126.058
277.661 -915.19
657.096 -754.754
42.268 -556.778
-566.65 -737.956
87.616 429.298
323.015 -997.461
629.845 31.25
-368.693 -999.353
725.214 -665.299
-322.528 709.167
-613.954 37.317
-788.144 751.942
-937.667 -631.281
-411.393 -292.358
-68.605 926.217
-814.715 -250.435
-890.402 495.347
308.151 -818.767
-409.593 136.409
156.797 -620.614
-197.656 568.821
-252.646 754.174
-327.914 151.174
343.686 479.39
186.231 666.628
152.777 64.51
-837.032 -133.801
320.529 -846.394
-984.426 -977.064
-377.622 895.841
194.891 -591.985
-674.128 671.155
916.507 116.999
430.777 562.827
871.525 -268.719
-19.209 823.557
-797.174 -154.871
-692.604 181.983
-584.929 -719.006
524.812 -441.103
-293.971 923.441
-915.817 743.067
719.21 616.737
-917.303 -895.676
984.052 -573.605
745.564 -853.916
857.832 -7.947
44.301 -302.487
-691.001 -102.068
81.803 -222.68
-787.566 381.012
792.593 963.283
810.231 577.986
481.313 441.63
299.333 833.7
989.355 183.818
660.334 886.385
-141.348 -19.227
-813.395 -779.665
108.735 -903.867
286.44 84.085
798.435 334.451
-736.481 336.349
290.14 -539.955
359.094 687.513
852.33 -608.666
-635.781 -285.646
749.633 15.937
-9.357 441.287
-728.684 -141.618
-698.713 -769.956
-431.022 325.5
200.066 109.943
375.048 402.228
992.886 630.917
691.637 762.946
407.785 266.532
141.441 -190.877
95.146 933.773
-281.38 -312.44
-821.893 -718.036
-902.094 -565.695
-155.615 37.734
-190.104 -451.83
-793.563 378.073
113.595 -973.342
-489.782 592.493
-185.86 -914.998
82.231 -849.247
222.37 814.073
-486.691 608.885
103.622 -527.828
-150.296 -348.633
-439.021 750.563
-940.326 -192.12
181.245 623.11
480.405 657.269
823.444 -930.537
655.392 384.622
-86.533 -319.039
-135.603 115.004
368.514 275.356
829.105 -303.226
307.722 -25.777
-716.681 965.604
-843.652 -713.85
237.326 -967.848
240.596 -91.398
718.789 301.085
815.402 -641.717
695.944 348.966
254.202 -424.69
-187.527 -218.931
-828.849 201.14
-309.207 -910.208
-218.508 713.361
-428.618 -722.032
960.82 -198.292
-61.174 -413.014
424.4 780.274
-359.662 813.273
-730.499 564.636
372.763 -741.046
613.276 914.63
-830.395 517.11
-226.108 537.456
80.287 -129.228
535.987 -383.117
44.187 -459.863
882.458 752.259
188.992 262.653
572.201 -173.871
300.934 -750.128
-260.844 -685.197
-4.727 -17.857
367.632 -910.39
-874.189 -272.154
869.513 903.691
-587.437 433.597
-704.965 -704.082
-641.377 -593.842
-697.257 655.607
-219.443 -932.307
41.998 490.25
44.961 238.602
200.407 757.14
-94.768 -783.999
911.58 -886.869
545.429 -983.491
-280.039 464.302
-544.676 -601.564
-824.687 437.984
30.071 -257.066
-172.582 -341.226
921.36 247.353
-423.69 -701.173
-701.154 451.203
422.216 -986.743
-829.605 -706.232
756.361 -458.265
-483.714 488.341
451.075 585.661
-445.673 396.699
597.566 -437.925
-938.062 806.694
852.476 -29.045
-555.109 389.334
600.717 -606.331
685.661 -68.847
668.947 183.482
87.983 378.349
-392.526 512.65
-806.662 -770.485
861.12 -705.455
-814.541 -15.828
880.645 730.988
802.403 34.09
4.497 306.287
920.228 608.037
133.724 -698.792
-378.535 946.848
-312.393 -73.672
544.714 509.641
-129.562 -565.911
-335.008 7.87
-96.683 -435.518
888.32 -306.345
-745.007 -573.586
404.543 4.537
900.7 -712.588
497.971 984.281
647.93 -701.812
-378.367 495.704
-743.477 -356.14
-346.129 -864.783
-68.118 52.773
114.197 -626.868
-949.515 -907.875
-500.944 -327.181
-539.197 472.433
-626.624 924.367
-682.324 974.023
-117.239 -54.37
-240.618 -242.273
-911.478 -742.992
91.964 -9.712
-358.094 392.593
1.108 -841.939
330.253 -888.769
-54.724 -584.786
368.029 643.102
433.565 -219.948
-280.185 -620.836
-257.165 500.131
-727.472 -743.211
313.334 -931.067
682.794 423.745
881.136 -486.151
909.39 -560.265
271.141 -756.438
610.539 -836.761
843.951 -289.056
181.762 734.53
-236.098 -388.218
415.655 -376.223
863.147 -572.933
190.318 224.661
-42.35 621.548
367.05 -275.151
-545.837 -513.922
-446.745 161.257
-98.153 244.442
684.001 -65.194
-815.53 500.011
492.623 583.647
-394.911 -411.014
199.511 -7.331
477.786 85.476
-288.11 103.097
-173.289 -862.361
61.366 13.177
675.739 -47.675
-193.058 896.06
991.951 617.996
-738.332 -267.288
181.527 -1.718
-489.746 -87.311
955.261 -560.819
-744.873 806.045
166.743 -909.928
839.65 -571.227
-679.644 -627.567
741.887 -357.014
113.496 858.758
-122.056 -420.325
-586.521 -764.681
-375.606 883.602
475.61 806.255
-563.313 -207.314
-73.353 -80.337
446.114 -7.261
-987.245 -964.002
-194.621 -177.74
996.034 524.64
-195.567 -992.536
933.958 -244.75
434.097 -675.892
984.94 705.0
-759.708 934.108
574.887 290.038
-745.882 162.057
855.863 717.435
6.891 730.423
74.37 -38.477
580.272 525.115
-732.673 -477.144
580.888 197.393
-604.877 -977.813
-401.271 558.495
287.694 996.6
-138.223 -667.801
520.98 800.268
-198.227 933.245
-935.077 -453.672
-295.371 -536.774
-636.592 -495.251
828.292 -588.832
-319.897 622.745
-445.765 756.563
124.843 -775.07
41.709 -381.426
720.427 -134.006
-803.844 933.743
-637.369 -941.821
-222.403 -529.922
114.661 -823.304
514.284 -962.046
118.222 451.676
-548.95 -247.47
251.838 58.054
-833.673 -178.461
-323.899 -300.774
-277.141 969.735
104.97 250.848
-255.455 864.102
-666.16 245.33
-0.719 509.411
842.792 -582.852
706.346 -613.157
378.695 -327.092
-6.911 -22.278
-77.568 39.333
-47.518 -267.786
-580.801 576.626
-149.709 -582.763
551.116 -821.402
-486.323 191.231
169.648 -559.882
628.051 110.796
919.866 304.714
598.895 -641.688
573.246 709.931
-616.023 215.611
-974.028 622.822
699.05 -770.037
731.773 -933.684
-850.008 -552.112
-787.476 -384.103
934.035 -384.365
-633.143 -602.381
943.64 -1.217
-687.432 -850.828
985.646 207.418
-825.938 728.014
49.149 -212.44
600.456 -231.053
638.545 646.628
651.037 408.071
-962.904 678.491
961.541 317.347
141.374 -820.875
962.482 -37.585
60.631 844.275
-237.159 226.194
144.592 -76.42
-537.667 -95.819
955.617 168.067
-211.193 -909.891
-637.549 -612.657
-637.591 -388.895
349.254 -885.73
17.834 -226.092
131.808 961.832
791.61 822.343
240.9 -62.055
329.146 505.843
-271.928 830.011
-112.137 -609.061
536.442 -22.215
-985.774 -768.737
-328.714 355.658
-808.25 930.126
351.855 -588.796
616.749 460.315
700.095 -990.795
932.824 -151.979
-319.337 16.772
375.72 734.968
373.334 -159.798
-874.327 855.795
47.491 347.101
-51.435 883.528
1.909 972.62
-42.301 659.907
840.865 182.323
658.555 897.785
831.611 985.719
-178.556 -456.916
-7.632 -663.568
-598.471 -19.996
679.314 315.706
770.042 530.43
-298.7 -212.584
743.755 -472.324
-330.443 -111.1
482.833 -229.978
-481.434 166.735
-469.845 -114.763
-843.386 -292.834
256.714 476.553
-449.848 -113.295
-494.517 -360.567
-927.842 277.052
-493.624 549.306
-517.325 -9.69
201.032 -988.88
449.95 358.452
496.074 222.283
-370.359 -546.019
247.487 -334.468
-946.029 -118.147
629.483 -440.685
733.799 -934.924
935.675 49.954
-250.805 64.191
-602.557 67.356
849.826 160.692
-626.941 214.325
-504.651 201.671
-394.112 480.666
-914.201 837.607
622.845 -941.649
-557.178 -581.936
935.181 750.947
-825.278 -997.384
759.822 -563.153
621.596 413.048
676.862 -371.548
-908.221 476.189
-717.695 -278.072
-539.078 65.926
263.279 -136.237
-595.818 -417.297
-210.864 -437.735
-145.918 383.314
995.609 907.834
-211.809 -136.233
-925.315 -563.179
714.223 -727.019
-28.615 644.472
140.753 -50.926
-777.081 189.271
565.119 417.424
515.812 -432.646
631.433 -893.255
-822.424 -641.921
-21.534 -910.159
608.388 -779.65
747.705 -344.204
-216.52 953.506
-475.258 762.304
-48.447 267.695
-595.631 -607.375
-527.882 669.054
-145.768 -472.829
-570.074 -357.136
724.422 -257.59
411.629 -53.883
180.084 710.026
-954.146 617.124
-312.123 514.802
282.654 -633.153
-936.591 521.053
-942.013 -193.025
55.715 -331.76
512.435 -879.075
-829.607 692.277
399.197 360.4
-760.5 -680.159
-635.333 766.092
-201.746 -810.294
-563.157 -780.425
-624.794 -76.559
-272.169 289.216
41.835 -404.808
344.343 399.765
932.064 818.453
-503.079 -177.548
1.097 -982.037
833.333 10.049
958.423 -21.442
-867.724 -910.26
605.289 -191.075
282.36 -761.789
-940.075 -145.368
-918.342 -928.375
-89.863 -590.03
75.684 290.975
-117.265 461.502
24.581 -607.445
-978.74 -491.39
682.85 -297.462
-573.867 859.393
-342.874 -430.503
356.787 735.953
755.282 240.382
-41.582 28.145
228.678 -621.716
733.743 108.162
638.335 -510.284
326.441 -220.079
972.056 -508.591
896.446 -143.955
488.412 -348.756
248.35 657.259
896.331 987.694
777.515 101.652
317.978 802.0
993.031 175.247
-952.09 991.696
943.436 -932.651
252.667 -256.515
-989.842 426.492
-315.444 -153.349
249.989 -891.83
486.434 -682.093
666.81 297.947
797.866 214.103
196.233 244.901
-237.805 -562.11
918.789 645.042
-669.735 -508.225
699.372 -200.899
-470.526 -993.566
-510.35 -119.666
285.334 -765.321
-293.561 610.188
683.175 608.621
365.235 -583.039
-673.295 -765.05
732.764 255.911
-285.435 -813.164
952.784 -347.284
-956.017 -743.954
-843.228 894.742
-719.937 -922.036
993.421 708.647
866.561 -747.37
817.131 -398.087
748.973 563.524
-934.935 -524.972
935.407 819.087
-306.82 61.373
417.633 -564.971
32.411 -113.07
649.109 200.006
769.953 173.826
50.87 496.938
-458.21 433.38
276.17 -345.165
52.533 -790.044
716.043 71.568
-27.961 719.126
-624.412 30.44
-723.834 863.595
703.904 173.763
736.147 -803.067
-313.41 741.645
-269.741 -65.924
-162.395 55.733
51.897 447.635
-326.913 -323.104
-917.963 -892.725
26.604 150.375
455.862 704.784
241.151 689.932
-476.396 3.616
-224.639 350.414
-322.832 649.114
524.414 24.998
-436.55 478.902
769.55 690.613
474.188 20.842
-727.539 -489.385
-185.556 -419.038
-525.346 -335.128
-112.761 701.347
191.319 -277.776
567.709 202.669
599.847 868.311
-263.465 -334.717
21.559 717.606
15.579 423.611
328.094 -106.727
551.928 -399.95
535.278 -95.948
-6.694 -13.68
-255.792 747.76
-260.125 758.768
-765.056 -566.35
-105.245 703.052
473.322 624.468
-503.361 192.27
231.39 -965.946
-875.752 -429.954
-338.132 -271.624
966.546 94.838
-378.921 375.978
-167.891 792.776
844.046 690.904
-788.954 -147.257
-605.044 127.28
576.184 317.982
-22.842 -691.924
-271.973 -558.006
803.276 860.258
553.046 -138.148
-472.985 468.475
-958.357 -397.748
564.477 822.533
971.46 -18.362
359.08 -205.398
-605.311 -874.493
-433.946 -264.363
-773.649 255.23
-447.39 -7.127
857.778 638.248
-888.236 -434.165
-270.926 111.369
580.611 -293.616
244.974 -327.576
661.559 847.264
602.84 916.439
-152.075 116.487
939.722 -570.621
-253.976 940.177
316.054 398.711
721.286 -170.775
17.949 120.981
564.638 -287.757
-984.443 977.025
487.636 -816.684
5.484 518.265
-898.37 -598.154
-52.701 -258.886
-340.742 -56.902
-357.88 -682.649
251.494 158.17
166.142 -553.865
111.976 774.334
556.873 232.125
931.053 740.681
336.459 -159.532
47.024 911.329
766.706 966.648
92.643 292.46
-951.112 -824.01
-262.892 580.111
103.736 194.435
-814.331 -261.152
-590.782 -912.579
-188.206 -903.025
222.178 -620.281
355.732 -525.271
-565.733 141.328
-514.012 174.871
-630.118 -995.122
338.222 -527.592
121.033 -104.908
-660.881 309.767
904.121 119.195
229.877 56.427
-433.347 878.257
39.466 505.381
-175.572 -94.388
-191.639 495.462
-454.062 686.647
-729.771 -984.196
-534.829 25.007
-814.59 -412.108
485.716 -190.485
-415.796 -443.812
455.861 -173.943
-450.372 -940.028
-73.8 117.61
532.992 529.968
523.251 198.542
-131.812 -520.764
187.767 302.41
36.566 366.199
99.332 -112.746
709.475 -454.748
132.957 -377.8
52.949 327.503
-388.089 899.745
-231.956 219.72
965.516 138.073
406.276 -501.357
620.747 -339.438
-125.675 -378.095
-711.655 230.1
-979.526 -694.807
-242.291 587.852
518.009 693.781
877.485 610.408
-463.462 910.301
-222.798 -163.401
991.999 38.721
917.474 -756.53
972.706 -635.877
-721.79 563.005
-708.212 329.978
299.853 949.547
291.204 -467.421
120.37 -725.258
806.632 -546.887
-584.423 -28.059
115.994 -460.317
962.497 350.98
-871.356 29.362
-16.12 -398.397
766.501 41.653
-346.436 2.886
-897.084 -469.009
-340.595 168.243
372.972 826.727
-348.896 551.115
325.185 303.452
332.169 581.609
-256.32 602.284
4.831 123.245
-995.742 773.385
-325.352 699.459
-736.471 -208.802
497.222 303.317
-477.723 -489.103
203.309 -570.329
-171.538 -551.617
-66.216 -264.71
-785.258 924.258
-289.737 765.621
599.272 -644.857
-877.096 -698.149
961.371 20.203
-113.846 -88.174
-800.496 -262.683
-898.582 -348.406
263.144 -814.623
942.023 -304.797
888.113 -956.596
-319.337 -251.868
-797.437 -552.404
758.248 94.66
-900.676 -824.819
-473.777 -624.926
-628.741 -628.39
125.309 736.063
-48.413 -153.372
420.435 -590.376
708.417 343.236
383.678 -904.759
-441.702 -585.585
95.935 -996.872
-918.885 963.407
600.801 231.205
-845.16 646.948
-913.564 -272.739
-746.181 -836.957
-465.457 -81.744
677.186 557.014
836.607 160.758
533.244 -276.301
197.196 -332.495
-734.589 -962.109
-639.619 232.843
-141.571 914.957
603.546 -568.862
807.132 7.6
-612.519 -375.777
734.693 255.022
-41.73 793.7
439.089 -752.995
-919.703 -846.379
190.677 -693.715
778.89 -720.133
-197.093 175.348
-424.999 607.153
-597.667 -80.197
-434.968 -105.977
932.853 -690.005
-433.163 -834.631
-747.482 -435.992
599.7 -640.77
-150.03 -297.22
711.788 -648.932
-597.507 -827.104
-172.356 -288.394
20.385 -162.96
-708.908 -92.622
-336.486 -700.418
-86.194 -722.308
-891.722 -516.091
258.113 -53.861
-885.114 -90.611
-371.829 -984.567
778.519 -287.507
496.653 683.959
370.369 -126.753
-25.144 -147.468
-994.519 -75.279
-847.969 -858.004
-644.339 395.649
-817.381 -233.857
739.001 197.657
620.386 943.678
-270.049 591.482
148.699 -540.728
392.523 -537.307
259.288 -258.849
59.45 468.152
401.726 936.635
741.746 -162.793
-53.839 -887.87
-115.278 -406.4
-709.44 -783.454
56.026 -935.866
-457.181 -208.11
-469.867 499.752
568.243 256.16
368.218 478.431
147.074 -714.631
-930.957 -862.352
549.63 811.837
-354.012 -390.437
8.849 558.116
-802.947 213.583
-619.277 -217.299
-269.951 -504.374
961.042 -593.835
-523.768 -368.582
417.337 -263.391
-394.69 -69.075
741.021 -994.204
639.264 799.416
-760.964 542.138
-472.906 -98.326
-102.053 279.575
-706.555 572.579
-978.552 933.314
-460.891 -877.025
637.83 -317.982
400.142 244.798
103.599 359.923
609.986 725.217
840.851 255.172
130.795 -58.599
-101.838 681.135
78.154 -238.636
-783.119 -242.818
-111.1 -926.38
208.613 -12.839
478.993 935.745
548.461 -522.04
526.947 -861.621
-885.589 -305.677
-273.833 650.614
-832.076 -243.152
538.156 -621.591
434.949 -852.728
177.716 990.051
-248.414 287.166
-944.14 204.316
633.243 445.365
-913.679 -299.229
434.751 258.961
856.153 740.227
656.069 958.234
-331.902 -594.736
681.874 -65.831
327.894 704.984
980.939 730.009
-986.587 -478.081
-640.147 -975.3
75.969 296.065
-149.243 305.106
442.476 -99.666
161.933 637.551
-178.66 520.174
956.386 660.39
315.296 575.272
638.165 -870.29
122.226 25.065
730.225 479.008
-947.221 212.728
878.582 -559.44
676.875 175.27
-863.994 -443.324
143.543 629.163
-865.514 -65.293
-902.022 -607.391
-728.132 380.589
333.544 54.763
-310.548 688.018
336.654 380.63
-76.336 646.561
702.274 569.79
-830.746 342.049
-71.708 395.321
13.041 761.883
-798.887 126.336
-146.395 312.076
470.498 817.521
-388.183 -943.657
-18.286 -595.439
-364.13 189.252
-219.313 596.314
371.693 980.978
634.871 -701.407
-291.798 631.909
688.602 941.869
-263.21 -519.684
854.912 667.817
867.502 325.791
594.161 461.214
564.871 219.623
-296.588 -902.584
-286.151 -151.169
494.015 758.561
444.959 -167.869
-54.233 -273.788
-758.705 -738.565
-773.989 453.877
-475.72 -101.451
960.755 -1.748
214.426 -252.368
969.809 857.016
333.336 890.247
309.211 -386.21
74.094 -254.313
208.821 180.509
503.452 -645.112
-710.809 -927.807
-839.493 -599.706
394.057 784.118
-148.428 155.86
-702.592 619.712
-776.128 -821.907
-159.543 170.536
-621.702 -260.878
356.488 -574.225
-847.396 529.311
-43.22 -566.501
-358.127 -213.37
-734.791 595.685
447.396 -45.117
-535.714 -341.152
-337.034 -152.949
-656.671 -728.497
351.074 551.104
912.209 -492.838
8.362 -772.527
117.061 -193.538
708.987 178.468
-419.234 -263.22
-95.885 141.171
-669.595 -744.931
158.018 -834.592
289.578 21.366
-328.706 865.404
586.432 135.316
-446.194 442.442
687.986 -252.957
516.071 296.745
-367.468 930.872
385.446 -10.103
-34.968 690.063
-842.245 -398.689
-851.672 -748.922
-397.464 -396.381
-361.47 -300.516
5.809 391.335
-862.581 -339.149
-296.563 714.098
-718.555 937.38
-684.158 237.802
31.138 466.146
-623.81 183.048
709.286 -98.585
-295.323 -164.589
764.121 -486.836
-601.065 -799.16
71.682 779.824
581.983 952.961
613.173 74.214
-350.974 -200.529
518.034 -544.342
845.477 286.433
-454.828 603.731
-879.113 433.708
-968.717 -708.186
-26.431 497.347
-52.113 244.468
-302.385 682.987
-699.493 841.645
-997.206 701.601
599.393 9.86
754.583 229.905
222.591 876.13
283.002 -571.744
-688.753 695.045
255.312 -509.16
-103.404 906.487
-579.726 -386.628
5.594 268.322
-798.509 -350.098
-1.031 710.182
-400.864 -261.137
-893.579 -814.983
955.36 -175.928
683.125 757.579
-677.257 -625.247
664.34 -331.354
-353.331 -167.548
-674.667 824.065
923.026 661.058
-316.635 -498.679
-221.228 418.39
-660.766 327.223
139.232 -992.068
673.067 -833.28
-110.353 332.816
-541.852 -230.158
826.139 836.653
602.876 851.836
666.4 -481.624
370.361 441.485
-898.727 -898.552
582.819 852.676
50.979 970.565
-897.057 156.18
547.581 -783.288
-620.228 -733.077
-480.483 525.09
-829.185 -645.358
825.261 -669.084
266.216 -24.791
-201.28 -234.06
-916.79 214.746
-127.755 328.915
-828.212 463.864
814.697 -460.375
-616.51 348.223
-130.499 -280.687
607.238 -719.043
-318.912 880.747
600.248 -865.326
809.582 393.285
758.537 103.851
-121.51 225.248
333.965 454.054
97.609 131.639
407.78 -644.642
605.988 185.297
-659.632 628.88
725.574 286.25
-794.712 -433.719
140.858 820.977
-459.331 -774.194
-779.683 -986.32
-831.818 631.135
922.955 386.735
-206.457 154.493
-620.878 -758.006
709.441 -175.624
-692.328 811.529
657.697 641.582
-938.943 -99.551
780.059 -695.706
238.56 12.178
-394.548 -385.553
236.541 6.393
920.713 -217.993
-272.026 -405.41
-851.794 84.925
-73.298 878.991
199.716 -505.414
-228.83 773.831
-346.102 213.342
-796.438 -167.315
913.184 387.697
153.428 992.288
933.327 -617.222
-700.933 -772.642
309.263 784.861
-803.252 -876.727
-370.709 -725.212
-795.318 -194.716
755.645 535.005
774.423 -528.355
-633.938 -498.589
430.531 -975.26
-749.231 762.816
753.479 842.272
-210.928 885.339
-46.773 -836.654
-514.608 560.717
-979.945 -721.125
-506.206 670.066
515.146 -493.724
-516.517 -152.176
599.683 627.085
-51.826 -940.724
545.516 238.159
463.482 303.626
268.961 322.23
180.085 70.526
279.583 819.857
-146.788 -209.722
-60.468 -896.382
78.161 753.026
730.322 -26.41
-731.813 -920.566
300.577 -643.044
-415.775 376.298
-959.072 665.12
397.916 764.939
-259.258 -853.915
375.845 628.751
508.655 429.369
-13.907 834.452
-432.685 -76.096
949.252 -310.669
-634.306 -307.29
770.725 -126.264
621.646 977.575
185.221 -585.265
-644.236 996.178
-131.196 447.836
506.88 426.619
161.86 -361.875
-629.44 111.102
-793.204 102.664
590.071 22.579
-618.551 -237.346
-616.592 341.235
-667.176 668.399
98.561 -147.041
-957.317 769.278
475.187 -920.537
-638.709 752.807
-295.436 828.172
546.546 -538.03
42.129 204.17
157.627 -858.447
-838.713 -147.237
157.195 -625.827
-838.25 -617.662
-501.107 414.218
439.83 -307.638
630.192 966.811
993.32 -993.407
-41.028 -987.74
117.18 837.654
804.773 132.685
317.245 218.843
584.737 -201.002
564.476 -87.863
9.138 408.699
-170.793 537.394
-524.64 868.728
623.733 823.905
-283.194 221.775
646.412 104.89
479.696 -444.192
-657.37 800.449
165.398 -326.706
-607.711 692.215
-622.143 -930.862
-345.188 -865.358
-411.709 163.67
-583.662 377.529
-780.532 495.318
847.68 -800.996
193.301 -4.232
-314.75 345.049
954.654 613.374
-142.224 -196.194
-289.037 210.812
885.563 -329.651
-939.123 -870.229
-525.298 765.806
811.22 -718.666
-478.37 -160.382
404.125 686.556
573.692 -67.756
921.081 -920.923
418.74 767.039
652.118 -655.022
266.602 89.985
-720.145 -839.643
-873.744 584.904
52.656 244.175
450.96 500.234
-293.39 721.439
349.491 483.447
703.218 -359.685
-721.944 642.206
-858.788 -677.537
498.409 895.982
-153.777 514.84
-3.912 633.485
-859.34 -388.374
682.525 -588.311
981.065 -789.69
-967.702 70.078
-194.5 947.978
-892.324 -136.03
533.696 562.939
162.931 -481.168
661.048 -946.498
628.078 65.094
18.863 -962.575
409.968 -404.319
903.67 430.527
355.02 835.391
-742.022 1.6
-390.897 412.844
-952.529 -825.512
-908.918 35.592
945.03 -874.638
268.815 -58.836
-108.77 585.081
-616.88 518.977
-436.902 213.165
-43.505 829.522
-978.51 329.48
925.29 -439.791
288.454 328.583
-488.374 448.474
-386.426 -740.581
-913.225 -277.554
741.577 609.579
-411.542 -209.803
-868.728 258.012
-778.95 -756.083
-327.544 -332.084
490.397 142.449
-733.684 441.503
519.678 997.013
369.265 -744.194
-535.957 920.193
-153.474 721.25
384.898 -739.046
-829.827 -244.454
562.208 421.546
601.475 199.82
517.009 881.887
108.631 430.629
812.446 646.343
-17.787 -47.758
-124.091 -257.869
-872.865 0.202
-70.561 -847.087
579.668 212.943
-831.951 941.923
-553.587 -87.057
271.722 -678.526
-444.53 -46.897
-922.33 -277.508
173.857 -361.83
478.528 -180.222
19.612 658.072
290.401 580.732
656.598 -553.307
-773.062 111.041
371.182 -2.738
948.961 314.641
557.719 455.829
-919.9 252.757
590.718 -304.328
-31.08 -362.003
-337.097 -614.588
137.456 534.463
78.666 -349.421
323.35 440.585
-934.064 801.055
654.477 201.901
534.415 167.058
-103.883 348.544
-367.6 -937.807
-178.844 33.124
694.88 792.811
-983.134 954.242
477.763 927.068
-850.593 -289.769
-82.727 313.461
-628.177 373.566
-307.269 364.883
-303.515 -326.849
-561.909 -360.779
-435.169 518.642
-927.978 517.689
836.789 416.413
355.062 -87.935
397.087 6.671
51.267 944.096
175.635 753.454
288.689 794.976
-729.152 946.866
-788.294 849.979
480.534 -88.936
-720.324 332.168
851.134 -956.672
512.193 -379.289
519.629 -863.898
-750.409 -652.424
-194.935 376.165
-265.878 -16.437
385.701 785.009
-441.023 885.222
-954.029 388.113
-378.75 -144.953
-33.049 43.633
-485.776 -453.157
919.858 -747.834
-415.311 647.451
922.379 -881.412
-482.478 97.228
-59.962 -770.039
-968.657 -765.059
-73.628 557.176
-538.139 -685.94
-73.512 -905.988
-429.469 -412.485
571.661 -941.704
-511.452 -384.085
-247.584 -153.711
60.223 983.755
749.724 314.537
-487.266 622.571
358.633 509.525
278.174 -885.906
596.19 -544.841
965.224 605.598
-115.379 189.602
481.373 866.997
146.831 -477.756
682.962 -678.312
-65.768 -434.98
54.793 -789.436
869.791 -616.701
-813.511 -147.99
955.193 -509.878
-505.079 628.143
844.654 378.68
631.181 -806.205
574.283 -667.898
-265.593 -838.652
633.759 -886.261
-508.539 -515.934
517.858 -458.376
457.675 -690.886
776.599 612.131
-62.008 -943.331
625.036 935.005
377.652 -580.03
-723.855 -817.181
298.807 -690.328
-753.056 643.238
-484.331 273.975
-772.915 671.935
801.959 280.155
-944.464 -976.839
-795.078 474.011
299.23 -592.194
568.119 -279.038
-742.81 -849.225
349.794 -470.443
293.458 -152.337
854.91 307.972
892.463 496.526
-268.925 -599.667
-468.972 -727.822
549.91 -760.162
665.039 -782.664
370.839 336.151
242.348 430.845
-377.834 469.116
-173.826 403.553
67.877 702.037
-341.099 -580.692
526.377 993.52
-366.539 942.453
-197.048 -745.495
282.311 -262.512
67.715 -460.577
224.082 634.055
313.817 934.974
-634.055 -616.992
-610.293 110.321
186.324 650.954
22.352 387.329
898.012 473.619
257.163 751.79
-657.21 35.743
-327.873 852.115
-8.325 -908.858
-5.851 331.305
-823.94 372.251
783.46 642.558
616.59 -278.576
576.725 644.888
824.138 -283.743
-439.002 402.464
-15.319 -35.153
-429.452 819.494
130.988 -470.913
174.601 -932.152
-145.724 613.465
-902.382 -982.582
136.6 747.579
847.857 -219.651
92.673 -748.188
483.431 -85.051
612.455 604.654
-6.322 187.386
570.315 631.149
124.944 806.425
730.687 306.449
-240.322 165.619
-720.573 -955.721
692.888 -951.285
-685.68 -279.077
619.652 -291.544
-603.769 -129.872
-814.84 -131.72
147.009 983.285
708.869 628.519
-717.329 264.466
-494.255 -937.836
127.333 -205.722
-727.848 336.858
785.512 -791.694
-46.152 -597.416
371.275 547.703
-564.787 -256.534
298.17 -537.722
360.795 385.088
168.976 -506.949
269.243 17.031
62.328 895.471
875.662 -80.142
146.415 -689.412
849.294 -145.241
572.716 -1.249
820.655 139.818
451.817 -327.753
596.877 208.994
496.913 -291.312
246.358 685.447
466.092 751.693
-653.399 450.273
451.296 -13.977
748.164 362.108
726.334 602.04
-121.102 -787.059
-542.836 700.013
863.55 -440.281
-952.663 -573.445
929.982 -211.723
331.321 -741.316
-225.074 -76.661
836.244 -458.753
-939.202 332.628
956.988 -443.67
846.031 -327.287
-266.834 -838.462
104.863 -537.187
-841.09 -754.461
-968.184 -986.9
-728.285 738.897
-737.486 436.917
-676.129 -46.344
299.699 358.342
-322.98 -286.986
586.283 864.12
954.605 894.746
-115.293 862.505
-160.002 -36.962
-454.185 -587.444
-579.608 398.424
-565.954 504.017
639.839 989.559
-86.387 462.818
-733.612 -119.068
926.78 215.822
539.473 156.936
-840.377 917.034
-760.613 -976.161
-241.289 -20.566
513.181 -864.576
-612.58 256.064
-497.238 993.344
43.85 912.827
138.502 574.595
942.501 852.89
-313.467 749.173
-863.434 805.208
-47.195 -777.203
-947.309 -636.97
120.63 118.865
-869.013 -93.648
-939.358 619.8
976.287 -896.521
245.394 682.593
-65.855 699.982
809.118 -789.099
-739.642 -47.332
-614.46 893.007
882.683 484.154
34.389 -896.657
957.41 -680.182
380.658 339.683
995.367 213.074
658.913 393.444
50.971 -176.05
432.364 -999.483
-882.416 -698.513
-944.962 310.418
-44.822 742.822
887.535 -757.523
168.686 505.169
-441.447 -640.025
192.418 286.361
-353.302 -172.946
-924.395 -530.846
-849.228 -344.295
241.363 559.53
247.674 443.162
892.152 -770.024
-278.443 579.12
-940.888 -665.3
-972.479 871.893
51.55 -886.626
-132.102 -993.95
210.017 877.918
-70.286 -976.426
909.487 468.49
-756.472 -557.93
-951.963 -112.596
250.547 -153.606
299.252 31.349
562.74 -350.916
365.544 -323.831
981.784 175.402
150.081 -806.068
-329.484 -406.648
657.69 -124.524
802.514 -218.347
244.049 354.309
-744.128 -644.037
-141.503 -321.767
80.353 -750.32
534.344 -731.333
-383.071 935.293
-548.069 106.885
530.866 -352.095
-908.03 908.861
-481.499 -197.268
-787.909 753.484
-478.419 -613.242
-408.212 739.639
716.628 808.504
-786.762 568.223
842.904 429.724
773.305 -101.735
937.304 -116.76
788.813 119.488
754.026 -161.07
21.486 667.905
872.002 796.743
893.827 65.797
-106.963 241.188
915.472 -827.914
-209.417 622.093
-126.491 282.213
956.674 -420.606
-816.704 -104.801
-527.7 158.127
75.95 785.535
-566.747 -54.581
-855.041 -679.785
149.982 757.629
-780.971 481.07
-287.252 339.989
43.074 -705.56
787.706 964.353
973.132 -122.92
-970.82 -119.208
-414.549 -35.054
178.361 -222.043
-863.456 17.922
-105.887 -212.176
159.81 971.501
799.87 805.533
-720.876 -899.652
941.527 554.868
919.771 336.461
897.099 -681.929
905.658 927.8
552.629 -764.38
-271.588 782.052
980.45 978.015
-691.402 -501.664
-946.272 560.857
-84.33 11.895
152.215 575.343
-769.722 -531.743
411.279 -636.743
551.186 -238.685
-986.186 79.304
447.954 -998.32
744.64 833.747
622.395 -574.285
306.727 -907.645
907.462 -938.348
803.748 -462.664
642.307 951.075
643.629 -188.675
308.472 -749.98
31.166 -132.634
872.422 -466.065
780.05 204.127
718.231 731.486
605.402 632.734
-944.774 -3.33
-912.981 -912.047
-2.561 877.283
-801.374 -444.007
-520.773 743.759
-937.226 -898.237
-444.443 182.506
459.144 320.952
983.666 783.474
-432.577 -224.961
-124.634 320.635
273.859 695.2
-236.847 7.468
405.068 -126.674
749.973 813.091
784.07 415.746
599.981 664.898
478.107 -490.067
-250.687 3.186
-141.835 47.046
-419.06 78.428
-1.055 -865.863
-659.32 11.809
764.757 255.535
-498.615 451.586
208.724 1.14
-653.758 -585.52
-483.522 143.907
-835.684 -677.934
-590.091 -562.394
739.038 668.996
48.306 681.597
836.612 -754.654
126.374 -952.379
-77.948 644.402
-576.756 939.679
323.634 -986.558
436.749 896.151
-482.865 561.132
-160.181 847.322
-34.045 -273.243
655.257 -468.163
468.176 -70.681
391.46 -218.824
-406.598 -164.62
178.193 -538.653
-830.962 -802.539
371.244 477.176
-258.834 305.816
-16.9 573.821
334.724 -99.761
629.178 864.427
632.843 439.153
-230.266 722.655
-38.684 -211.902
124.278 -748.555
0.268 474.784
-315.954 281.521
172.231 -378.298
760.928 853.147
-858.781 -272.486
-424.964 246.41
38.815 58.439
186.569 2.558
992.136 -63.961
-401.827 -448.252
-666.777 -137.751
373.878 108.021
384.683 -171.692
214.648 189.824
72.42 567.273
-535.681 52.373
570.244 -448.741
-876.593 600.813
-720.615 -170.229
920.185 -595.661
-925.154 -675.546
733.441 -486.114
-888.781 -822.076
392.595 999.649
641.522 -521.869
641.595 793.676
-783.012 -775.923
737.711 -474.31
-957.096 -292.717
3.535 -353.233
46.14 -360.435
-733.141 -420.901
-693.041 -214.609
-312.794 -447.04
-175.864 -85.082
-494.097 -90.355
907.397 -577.758
-854.284 -93.866
143.74 92.414
300.334 -87.447
850.857 313.462
-343.643 937.759
910.481 827.735
-135.948 753.536
314.1 -593.333
681.943 424.096
150.336 421.182
489.099 -125.274
-499.328 -72.049
67.769 -718.267
889.102 -225.851
-908.179 -754.666
229.456 166.308
-778.319 644.459
469.936 -742.182
721.423 868.543
-386.962 -58.946
407.362 -663.759
-608.148 603.415
368.008 73.36
-725.224 50.421
-276.225 -766.155
932.203 -84.851
-131.786 129.179
676.915 772.891
-902.777 625.306
-992.151 309.958
861.096 698.393
626.38 213.435
-883.744 573.253
240.301 712.123
482.412 727.749
673.369 -624.255
910.215 -91.607
-798.282 -742.788
551.691 603.303
273.883 144.262
267.823 798.074
462.019 -234.618
652.52 631.019
446.253 -165.855
-634.256 -928.697
-218.628 -149.954
-565.868 583.981
203.251 970.822
-294.386 43.848
-424.102 463.586
-233.478 -353.935
347.193 -817.313
-446.969 -529.965
286.41 -372.242
888.799 190.6
54.106 -432.364
345.125 787.937
-877.423 768.291
58.439 -620.747
896.132 -901.459
-439.96 -971.035
909.526 200.498
475.003 -506.496
-631.807 -891.784
168.515 880.52
130.011 582.435
-951.113 -470.004
-992.181 855.745
-595.577 -951.903
239.471 -63.885
-807.615 114.524
-528.781 -342.909
378.919 877.405
-741.563 739.694
-50.57 286.139
-20.962 -290.802
-485.49 -204.326
-124.858 -112.374
-48.369 -549.516
-359.019 114.833
-786.521 -63.695
-805.352 818.275
-187.427 -788.494
782.631 -505.874
-565.688 543.8
489.951 -744.926
-467.488 -74.657
-897.991 -722.328
-862.052 -882.262
283.337 -584.612
-490.633 708.016
273.175 138.788
-126.672 -54.901
709.356 79.188
226.068 770.63
8.493 783.277
624.712 -53.691
-569.563 769.131
129.944 662.693
206.042 207.346
-913.198 -100.156
-776.156 201.028
-703.924 -116.791
198.909 134.719
575.025 -369.884
335.915 -824.932
-424.353 -638.481
579.541 -820.856
880.825 -626.054
-645.449 666.467
412.396 712.75
443.289 -349.595
-822.315 -992.289
-447.788 -497.142
-212.252 753.105
-215.408 -419.797
-579.469 -679.264
556.274 616.728
-163.194 -814.191
-705.292 380.036
961.159 415.087
263.081 -73.223
-699.508 839.697
915.281 -204.053
0.452 -361.72
-76.369 -906.085
254.4 804.918
840.169 843.481
-360.785 -35.192
-887.244 832.004
-623.29 501.22
-563.905 -971.471
176.003 799.025
331.203 -576.587
950.939 -315.787
461.769 -151.743
914.68 863.654
769.418 -432.627
-260.648 -173.624
-41.132 105.48
-381.868 -74.958
-944.38 -421.41
606.851 275.445
-559.561 423.476
640.091 -292.586
577.905 521.433
-173.782 727.726
-429.909 644.626
-869.884 -406.627
-178.363 -598.608
-757.825 -374.783
-591.974 945.735
512.595 635.252
29.347 -783.549
458.177 984.788
-208.233 349.238
-282.049 634.026
-278.139 159.832
-345.582 -176.318
-916.45 857.22
843.096 836.755
-542.668 -562.144
487.911 -693.108
138.738 -209.677
-455.905 -487.426
-720.656 -982.591
-680.488 941.524
-744.236 -814.838
-468.87 -293.747
835.618 267.795
678.358 -604.08
282.348 -540.296
-207.002 -909.852
-859.827 -712.156
-140.713 -571.992
-630.229 692.508
-907.523 -845.043
580.15 -689.489
180.675 -714.513
-967.718 558.326
-276.593 514.419
-377.206 957.88
-619.615 -694.342
214.711 -261.439
-826.102 978.496
334.096 870.574
135.532 795.54
113.984 -948.846
610.522 353.742
335.229 619.978
-603.727 -891.13
91.54 76.994
-575.165 997.443
-411.884 -2.345
-84.185 247.405
-899.405 953.98
11.56 -378.592
-201.523 961.084
-245.428 -382.785
124.016 -137.141
368.568 -990.252
935.51 267.565
-579.277 -183.051
-682.462 364.553
-288.038 457.553
58.755 -329.219
-638.465 574.259
-145.653 141.728
585.514 -245.993
131.131 700.554
-578.57 826.207
-714.493 -104.148
629.235 -24.317
264.015 -391.66
655.818 -174.261
80.594 435.228
423.209 -52.847
-890.296 364.048
-64.95 -615.126
343.948 -518.073
276.067 750.477
956.282 -167.625
-789.29 -293.124
874.682 -403.476
457.735 -227.33
93.693 960.641
740.178 -208.289
4.307 97.795
515.503 492.42
390.794 911.458
885.293 232.148
-661.179 943.727
208.142 969.96
778.988 507.823
360.362 592.628
300.021 818.155
-279.547 40.283
-145.512 414.553
-165.824 -826.645
334.442 -453.855
700.189 950.034
-544.284 311.548
737.654 88.927
88.911 -757.39
158.604 -618.772
-62.168 171.234
609.002 290.803
579.971 -593.018
931.112 204.936
570.098 263.276
219.843 614.106
-817.882 346.897
-684.495 860.76
-944.394 -228.889
-808.4 528.764
-639.239 -988.192
-693.421 159.88
-272.375 -567.502
856.361 -515.268
651.94 274.319
371.467 357.779
-417.822 -990.259
106.626 -840.901
-29.932 -632.818
-755.614 189.609
-147.106 -625.404
667.488 -634.135
-304.632 -963.664
696.339 -510.23
326.173 -87.001
271.208 -202.294
150.59 378.516
-984.395 -988.594
-789.602 163.668
995.369 497.361
902.435 -247.564
-314.493 918.969
-574.869 515.521
878.022 699.872
59.198 -485.643
-562.563 727.737
819.341 -38.081
-254.564 -854.539
-430.644 -14.374
-129.274 -769.462
-69.608 252.712
795.819 379.901
-95.608 -733.251
-718.737 934.725
812.227 687.532
-893.542 246.489
313.578 465.552
39.349 722.095
90.632 454.18
-433.936 426.793
283.025 -642.558
-590.21 -773.488
332.131 -974.762
-250.684 200.607
420.378 -644.103
395.788 92.769
-722.335 472.055
-299.394 422.798
-231.239 -278.108
311.081 -914.138
-671.948 -559.515
-802.544 -65.355
-307.355 -419.733
58.264 810.713
-569.79 781.075
-11.785 -946.855
498.6 -833.118
-108.132 -778.367
606.409 974.432
-63.437 658.673
74.035 473.71
906.17 -985.881
-360.283 -333.814
14.402 749.346
508.025 -135.38
-532.276 -968.519
-657.767 229.583
-402.267 -33.345
613.84 885.641
-582.569 714.26
-434.173 347.418
-277.972 -605.227
216.669 -437.976
-851.48 329.487
-945.063 -355.296
-360.542 55.235
3.601 -672.367
-417.573 858.174
-106.838 -534.63
-6.853 -498.993
-95.832 -15.725
467.673 118.265
452.154 992.377
300.823 -214.593
319.759 661.556
-320.515 19.874
-356.139 435.772
-984.443 -4.899
-673.159 -666.004
282.482 963.802
-515.251 450.169
96.996 129.416
-764.39 379.21
815.55 -739.128
-277.987 -820.018
-684.7 652.834
-488.762 -145.645
-609.106 -233.297
-937.932 771.59
193.076 -272.247
-642.46 -917.085
-370.404 -867.713
-61.873 426.514
-453.67 901.927
603.944 438.03
-78.223 336.587
-456.967 -296.713
623.993 -120.134
-128.74 20.43
-188.922 -609.515
314.728 -672.945
910.653 586.334
658.918 -104.338
320.489 -949.52
269.44 86.049
-839.5 -507.095
965.326 42.431
155.098 827.828
-800.403 506.127
689.032 641.892
-329.464 -186.251
591.457 -195.766
-122.044 804.238
168.943 -323.344
-464.051 -201.788
-942.025 -32.122
136.489 580.296
-100.299 -387.153
-849.797 798.993
740.003 -66.598
597.068 -742.127
-694.859 -588.729
-991.607 407.937
-299.986 -539.994
-95.768 747.951
-119.144 314.237
-354.809 -620.807
-702.463 234.537
-293.373 176.112
379.441 64.231
48.269 111.258
567.68 -278.478
4.063 -650.697
-82.841 -657.206
215.368 899.22
-570.079 449.507
401.175 783.498
254.032 -673.182
802.283 -939.974
631.155 -514.643
6.058 331.956
-609.104 212.853
57.017 531.582
-427.636 -428.005
-729.37 -90.175
171.072 -534.963
445.673 -214.203
354.07 -738.258
-520.508 -845.118
466.085 -167.384
-92.052 -667.957
942.43 -53.358
-333.019 961.249
-548.505 -530.651
-376.524 -994.054
-219.142 -683.925
704.199 -177.977
-611.137 -459.661
-881.799 -476.394
755.055 -816.268
-203.285 -607.51
764.478 969.898
-645.895 747.333
-576.439 -657.345
737.485 113.21
-636.105 -565.701
-271.126 -935.691
-448.124 -272.387
598.425 -765.613
815.52 304.811
-387.035 -458.21
-419.019 -705.404
-845.008 -65.623
-469.724 151.727
-413.944 135.258
-43.897 -422.362
530.618 -837.893
108.427 437.186
-640.736 250.92
-399.49 -524.726
-780.679 -265.825
-677.16 -777.513
957.405 -184.259
504.862 283.363
-652.725 -496.649
-225.21 -643.933
192.464 2.216
-115.681 -493.628
456.88 -353.583
303.628 243.542
56.624 -8.315
529.347 139.839
-763.49 -520.269
-995.8 -70.565
619.042 -477.819
963.144 301.829
593.875 -559.518
-444.082 766.887
-645.156 374.728
-530.783 -320.791
-68.925 777.301
-656.967 -351.436
-606.86 -847.561
448.436 -816.42
-498.012 959.385
808.178 -522.776
-43.198 279.905
651.784 -232.145
-664.018 -588.824
-905.108 635.94
-857.977 -462.698
-168.475 -148.453
472.763 180.676
-771.536 -947.03
618.005 189.866
-173.559 499.903
826.269 214.272
761.904 -705.93
716.602 -872.277
825.723 195.443
400.107 -926.052
-323.669 -150.519
699.009 -467.48
-832.951 162.617
-795.25 800.784
-363.158 -722.414
981.875 -837.207
-911.8 819.548
523.08 -625.507
965.69 -669.885
856.712 241.968
-168.752 990.061
720.103 923.848
277.743 -774.36
-654.696 108.368
777.128 -471.453
404.032 95.992
-717.98 -926.627
-75.813 -209.941
-238.547 209.022
273.3 929.796
10.51 -477.463
-935.159 -876.692
-865.102 -830.445
676.295 -727.17
-215.487 283.277
-554.324 -23.325
-506.618 687.881
834.713 -864.541
959.511 157.63
-660.686 409.261
686.114 479.735
417.375 199.245
-86.085 -352.663
-58.924 -126.366
790.782 795.339
404.655 217.609
-659.127 -540.756
-319.972 -2.175
149.563 320.155
201.637 69.284
663.633 -220.095
-130.903 -61.907
439.782 -800.59
-262.056 -563.164
-454.811 345.306
-793.246 -991.116
-438.517 693.951
139.601 950.481
-318.0 616.977
484.149 749.145
61.478 534.997
265.347 237.944
927.66 -148.93
-969.843 234.803
-577.042 -385.492
-63.994 834.498
-965.818 -27.661
690.521 594.397
-825.855 -822.795
-418.073 -221.16
326.571 -240.621
676.921 -428.576
-792.434 -953.321
570.11 709.211
-309.535 -413.211
3.419 965.335
213.087 -531.734
-189.441 -519.195
-685.045 -447.16
-511.656 545.765
527.57 890.427
-338.296 645.914
445.472 -165.287
363.608 -274.957
548.136 -82.505
-552.982 750.967
-495.985 624.836
597.806 -294.76
840.97 -690.581
-847.903 -658.935
-338.084 635.537
101.619 -419.12
-84.07 185.152
280.445 -835.418
-16.452 -350.758
-660.205 -684.403
-39.411 503.027
815.558 242.331
125.216 521.571
984.131 -344.489
-675.783 573.076
-205.183 -490.409
746.85 900.418
127.479 -894.529
-879.559 -551.859
34.014 -461.59
-124.687 -882.3
-475.544 -820.648
140.7 -835.704
-742.194 -712.996
128.464 -360.242
777.885 -557.248
389.458 -318.583
414.332 -596.567
883.177 741.494
-249.768 -504.684
-677.95 -431.36
-859.354 -738.318
-131.228 -664.842
-457.761 22.244
-718.525 -204.255
-507.864 -473.077
-184.766 -862.104
197.637 51.154
-622.289 -712.154
-640.884 -235.205
-301.343 206.465
660.738 318.023
383.087 -917.866
-795.181 908.897
-868.087 -829.942
768.621 -230.816
984.766 -595.335
656.544 606.751
-537.186 9.207
-252.591 -437.257
58.282 -397.276
-160.722 608.681
-140.229 329.941
353.967 260.922
836.061 -825.676
-57.548 106.65
-903.441 -683.308
817.01 -937.17
-519.409 -168.992
449.734 446.405
-173.609 879.085
566.245 -90.161
706.623 -315.864
908.265 -245.05
-285.839 -402.41
234.96 -883.655
-499.612 925.477
-778.346 -338.353
721.735 -499.763
-283.544 478.157
-777.921 803.485
-720.58 248.524
148.397 -257.072
-529.921 -901.367
236.538 502.215
-615.719 -501.022
305.602 757.556
-588.45 357.43
966.795 -377.348
309.65 -370.198
493.424 -943.016
-954.324 -246.968
-965.272 -722.771
591.284 -971.589
-119.967 434.603
-360.348 998.15
492.7 -406.093
629.933 -44.976
-685.627 865.091
808.938 -159.869
-428.702 968.141
469.521 -490.049
-728.38 394.527
670.558 157.798
-501.504 -651.47
-436.253 -126.435
-345.617 -44.028
-662.25 -664.542
-932.846 -542.22
595.214 915.569
14.495 -587.51
-75.806 -776.687
-251.521 -638.527
-471.065 972.728
118.679 788.023
183.482 780.677
436.65 907.434
-399.688 206.701
903.397 -231.814
450.457 249.881
-865.561 413.738
167.954 -372.865
632.999 313.623
-413.588 -402.946
-497.158 -357.141
-523.487 168.358
-939.655 -854.899
-259.197 -393.682
-687.578 752.092
707.628 52.638
-8.97 -269.044
-488.708 781.159
574.926 4.213
-60.148 -23.864
374.987 528.997
-750.13 369.711
-248.499 877.772
497.221 232.131
506.849 -152.962
-713.494 283.36
-312.576 -911.078
-743.65 7.017
-944.282 594.914
-380.825 -846.564
-32.884 422.171
657.311 -9.426
-460.301 701.231
-914.214 -503.62
-172.789 -556.88
-403.855 493.054
174.811 -744.995
370.463 -824.394
770.485 -299.9
-352.773 -645.026
-309.378 295.194
435.115 423.261
333.28 -597.563
-748.996 123.097
-200.775 374.532
4.246 840.852
918.944 360.11
-154.19 769.024
42.137 16.181
-304.948 485.431
-780.377 -349.798
671.702 354.686
-838.098 -157.264
119.356 164.534
-396.968 -913.702
-520.972 868.444
-522.033 -498.232
278.453 -316.73
765.217 -372.833
391.205 -766.866
813.025 -561.833
174.025 -169.348
-624.241 -736.602
812.598 862.213
21.52 -253.614
213.983 -865.248
-742.681 897.591
282.478 -140.687
135.017 691.329
783.963 116.086
519.622 754.711
159.468 106.892
51.189 142.137
654.555 254.946
980.804 479.052
-829.451 -150.285
-551.066 -304.991
-10.679 -898.1
417.243 -222.638
750.107 978.457
-639.138 -304.911
126.798 -842.838
-499.121 -529.879
882.583 -731.714
-436.865 172.82
436.98 -980.037
-24.285 -592.401
-784.162 211.877
141.336 4.819
-149.505 -66.618
364.349 -966.041
48.331 334.714
-547.556 -223.387
-159.878 -700.188
-614.704 -173.544
-303.404 -59.1
282.346 -294.429
-90.452 -216.814
462.821 -667.597
215.972 -381.224
-870.232 598.519
759.745 676.192
419.871 -565.824
488.985 -62.453
-963.068 504.794
-382.924 47.522
418.897 -390.788
389.528 -238.126
496.299 -350.246
367.021 -541.463
-316.919 -173.684
-768.128 29.704
505.592 -974.267
-514.33 951.191
-993.388 686.137
713.895 345.198
439.748 -340.97
332.393 -173.842
-722.519 -865.785
-330.318 836.957
935.545 749.242
420.342 -812.225
860.235 5.033
-842.796 -31.147
205.793 619.079
-581.804 -217.386
-230.124 -542.93
301.863 877.025
-392.563 -649.626
-852.725 -507.473
-171.708 698.1
163.025 -440.238
-979.658 -597.897
367.737 222.221
434.251 335.686
202.435 975.778
-938.268 -550.17
-277.546 -309.928
376.99 332.589
-784.688 -598.262
420.988 479.279
-747.711 378.548
905.708 -339.955
-96.744 -803.713
262.719 -905.128
612.476 567.346
-500.95 -261.693
2.65 110.898
-87.837 -865.882
402.018 545.737
-340.475 -431.922
708.633 -415.78
83.622 -855.502
-288.92 598.645
198.787 10.663
15.357 798.922
818.646 813.87
-852.326 -758.392
174.203 -116.565
-172.688 148.688
-507.816 451.765
-183.581 -295.902
-172.138 -307.242
16.288 990.239
917.614 406.277
609.913 -226.542
679.362 311.024
313.098 416.869
127.107 629.21
778.741 913.982
125.446 123.798
-472.919 557.392
-620.576 704.914
628.796 480.708
-360.32 -39.484
617.575 -181.442
-209.824 443.66
-524.574 84.664
688.482 -313.477
-320.127 553.888
913.232 831.263
414.068 165.241
-819.192 -264.992
-306.642 -199.442
-112.8 -624.984
892.179 128.642
302.346 482.495
528.004 918.548
513.585 513.23
-232.754 -969.47
-765.955 560.395
-826.079 274.235
-938.618 -234.277
123.841 -345.641
-540.519 -931.325
62.106 69.816
990.492 -123.318
-998.566 -720.291
804.763 806.366
852.833 423.912
101.161 98.265
887.006 -684.113
516.703 155.68
-146.153 704.854
-142.779 -560.321
-672.216 -965.096
293.736 -552.91
548.69 6.574
973.854 -249.329
-158.945 -998.077
281.198 158.61
393.039 -304.986
318.705 -348.047
611.058 677.987
693.027 177.906
-21.763 -932.065
-478.72 637.401
-597.546 -512.023
-215.06 451.606
-988.725 892.546
989.134 -458.908
-148.586 99.503
65.36 492.528
-517.826 322.163
510.107 34.968
5.227 67.6
-883.733 -678.344
-575.31 -810.961
935.225 601.608
-155.157 764.395
-744.44 -455.756
-9.324 16.782
-902.593 -934.669
-344.442 -896.502
-971.741 -818.753
-412.238 -755.7
-369.032 574.923
537.133 -974.008
-948.849 832.73
343.045 932.352
850.433 -98.511
38.105 876.369
-484.734 -117.944
516.553 -536.415
-381.94 -7.706
-511.977 -196.23
144.91 640.562
272.455 -935.134
208.765 -790.731
-785.375 62.258
892.631 -244.074
-864.633 -561.93
-781.579 918.114
-299.694 -748.295
320.591 274.802
309.492 419.454
-283.076 -864.472
-826.827 805.982
312.431 -607.362
-293.254 -399.537
495.978 155.647
-667.896 154.825
-873.893 -637.117
129.434 242.895
476.661 179.254
457.396 -543.461
543.2 -506.195
84.483 -104.684
-162.525 -63.48
705.168 -927.453
265.513 662.782
683.087 47.176
875.837 792.545
675.061 788.487
562.199 662.896
-966.61 -575.095
223.788 947.548
100.227 67.506
-426.46 338.242
304.953 -957.306
-800.16 -606.894
-522.363 381.162
136.949 -590.943
246.969 368.167
-104.568 -982.953
-230.343 -236.242
19.599 754.915
-56.153 -303.498
-382.165 -840.31
-348.592 -555.076
649.806 -789.121
625.416 18.71
-887.039 -124.573
-101.847 684.432
-13.414 185.831
975.077 564.47
625.589 117.366
213.55 526.479
749.144 -881.849
-687.829 940.247
981.944 -360.82
-124.293 -933.007
6.963 504.803
-628.601 359.151
-974.121 -164.709
-243.857 -22.393
-35.651 189.267
286.816 -467.423
194.198 324.78
-650.065 -352.742
501.299 -69.33
-621.314 -190.249
152.375 -171.586
896.051 396.027
-810.511 490.201
-367.29 -94.785
531.035 -289.112
438.352 945.124
-405.658 621.75
647.198 63.687
966.196 -353.722
440.601 309.39
896.281 146.89
-902.939 -774.996
41.251 896.558
523.795 -793.949
-775.566 471.627
-47.354 -500.688
-535.553 729.202
-850.865 -80.106
-426.302 -159.08
986.374 298.019
-879.431 -172.584
731.318 979.809
-981.509 217.04
-595.453 470.465
984.979 718.962
-553.321 -132.164
405.096 -645.045
-30.264 18.291
-143.348 -502.752
251.21 493.108
799.897 -246.355
376.301 708.221
554.851 156.168
-511.58 247.336
771.474 -723.187
538.614 -95.859
-321.996 -366.415
761.263 -325.513
-58.982 60.932
905.386 -733.046
-615.243 87.832
647.775 -594.94
-667.624 -461.313
354.466 747.712
-709.312 -822.654
-779.797 50.669
343.437 545.797
430.513 376.04
818.549 -244.333
871.05 917.167
-498.125 -164.067
610.866 905.349
995.314 265.191
-950.829 369.06
-310.915 987.153
-60.832 514.849
504.199 390.128
-173.584 -808.035
981.754 -621.58
-754.295 221.42
-642.294 143.823
-438.964 543.786
425.449 -648.598
925.053 -554.16
20.857 394.413
734.081 528.583
710.59 -629.14
-518.694 159.531
735.083 -810.414
3.6 -450.851
-263.886 -871.152
78.313 -671.627
77.544 59.674
844.914 -521.927
-477.442 -992.8
781.081 -305.687
-550.684 -593.949
829.71 10.173
-137.815 -618.432
335.476 742.157
-981.857 967.708
159.144 510.018
902.446 -279.421
-799.477 656.637
7.491 427.584
308.489 -815.243
-704.482 478.29
-266.628 49.018
-654.762 79.789
814.446 -372.542
-415.656 250.214
-403.887 -226.797
370.445 47.703
746.453 76.531
-578.199 153.24
702.077 88.75
-645.813 195.97
302.134 -421.04
-66.339 750.243
-573.063 -581.326
-206.749 -511.826
703.86 -412.973
-916.239 -61.821
488.44 934.895
-695.502 538.976
-528.767 -585.031
781.1 -376.807
-901.797 650.743
-432.036 772.554
-0.781 141.926
263.377 -133.786
997.48 -491.746
303.996 -554.861
994.451 -930.861
885.57 -877.874
901.499 -804.157
-175.903 537.207
-136.934 969.465
942.189 48.323
-274.334 -363.692
-855.259 500.261
66.844 -337.419
230.643 852.864
902.642 -695.473
790.129 -296.009
527.615 -791.816
-996.334 -375.603
-146.021 -927.23
462.229 548.275
494.914 479.546
580.763 -634.688
-221.068 -987.746
-162.322 -964.825
-792.192 -476.307
320.245 -601.497
658.623 248.519
818.028 438.111
782.416 -731.805
-375.473 -854.817
-952.189 -222.277
-16.787 88.695
-361.101 -58.723
859.807 696.74
-704.997 -847.694
-301.708 749.704
822.35 -452.389
793.82 548.374
144.471 -306.91
485.072 694.275
-972.028 -847.471
-864.657 850.009
374.034 511.899
233.09 -250.275
-662.139 322.446
-948.931 -307.886
860.263 -939.137
-148.704 -110.987
-494.837 -320.364
860.183 314.116
552.406 -0.768
-838.842 -89.837
520.713 -286.337
471.085 -868.025
125.814 599.281
104.806 -668.331
507.486 157.98
-686.772 641.379
-640.195 916.415
800.933 -855.55
572.277 -638.005
18.022 719.052
360.13 -722.617
689.486 745.879
95.087 -759.604
630.693 -165.889
-139.778 -331.671
-909.026 -344.78
-885.908 473.34
973.704 -728.258
499.671 200.286
-536.632 201.569
-522.78 -505.87
928.429 500.803
-269.251 483.738
-663.227 -498.795
-205.134 -696.081
946.348 122.308
11.657 -436.571
-905.454 825.185
897.616 938.929
679.575 -36.337
-214.031 -486.219
192.248 183.742
-691.28 462.685
515.03 474.755
-961.685 -550.471
-947.399 -178.226
-490.68 -807.942
113.25 310.721
658.977 181.566
-906.384 -361.353
-959.292 949.195
507.898 -455.236
342.141 709.882
321.582 -330.84
-944.536 -370.094
114.188 822.611
-66.751 -659.209
-881.292 -896.028
-493.731 -485.689
144.776 -536.991
-785.557 -856.555
-750.252 879.31
708.22 -980.228
-599.181 -487.6
-211.031 359.202
8.25 -445.918
896.145 -207.744
348.417 -26.473
-583.785 -412.457
-443.727 -243.279
-245.926 -990.176
-729.799 -212.484
459.222 534.974
702.403 589.856
-473.367 -704.04
116.658 86.462
-614.079 33.516
-578.588 278.815
-288.82 715.176
581.034 356.761
171.261 -435.922
-387.728 161.728
547.43 -766.067
-963.571 -208.153
548.31 -342.782
948.547 -253.065
379.882 -138.882
121.277 894.297
870.643 -565.943
481.13 -145.293
-199.234 46.48
-80.133 -701.061
668.455 106.951
-503.013 -511.791
-229.053 -464.736
219.628 758.375
30.286 511.732
-559.573 -581.614
248.237 956.156
-519.341 -266.61
480.994 764.944
-205.737 43.837
74.598 -308.548
-638.319 611.588
673.365 759.328
-419.44 730.153
-814.016 -492.082
619.36 -22.33
439.616 -89.406
-341.914 455.028
-596.59 738.857
-100.944 -73.575
-449.081 176.927
231.917 151.847
-165.978 68.019
206.309 -270.812
583.713 953.325
-327.216 -41.45
-98.56 219.198
-811.815 858.927
326.647 546.63
-498.364 -313.754
-588.812 794.034
82.87 697.837
161.114 845.026
37.778 491.637
-413.324 -780.989
348.857 932.752
-372.457 249.799
-444.172 -570.846
-52.399 426.819
-676.906 -791.851
369.407 320.472
12.5 323.511
603.753 354.86
-151.313 846.394
176.387 -225.589
12.601 -637.924
-179.64 -383.594
-859.711 -935.901
76.057 -336.373
993.457 834.398
-160.841 866.089
-779.247 -709.226
-344.616 -45.878
-680.374 663.83
106.454 -712.859
540.398 680.133
-667.507 -18.912
124.425 282.676
68.056 -265.937
297.047 -483.491
910.567 165.0
249.041 -191.331
276.352 -415.593
438.085 -304.65
998.777 556.774
751.336 -613.398
426.524 -876.577
589.602 -570.991
798.403 -593.596
59.225 -263.18
-192.881 -11.962
-13.9 -753.485
502.752 669.218
-489.462 419.973
694.79 -458.033
-389.149 -990.444
492.692 -456.543
568.688 -260.817
-909.729 -523.117
722.904 -753.925
453.17 -375.303
551.004 -110.934
983.702 -27.465
168.625 48.109
-677.343 465.953
6.605 796.751
498.316 -388.992
-93.096 -587.735
-465.244 989.779
422.363 151.446
481.703 -701.596
727.59 -770.185
705.393 839.401
-39.119 -610.188
-177.905 262.139
754.081 983.576
-109.289 879.297
17.458 671.624
672.631 404.493
880.041 935.058
-513.225 333.65
819.572 820.517
679.015 -354.771
947.838 489.712
-714.25 295.119
180.182 592.19
386.404 -8.87
-759.256 -352.375
429.431 -995.955
270.358 -49.072
856.773 401.28
-485.63 926.025
-684.389 -245.959
586.536 -906.517
-758.165 800.76
-181.982 -206.308
-11.594 -295.755
-39.406 999.322
-124.363 981.225
762.693 151.306
413.249 377.063
-794.828 -140.051
482.578 -348.409
-179.13 593.514
-408.741 999.162
-82.962 138.94
214.979 -952.971
-411.781 23.442
258.149 -25.839
438.579 -76.29
-729.013 729.218
696.372 -123.194
-712.327 -304.518
-506.851 -856.275
280.699 982.631
149.108 -362.865
-382.039 -157.984
771.58 -747.779
-162.917 652.322
-232.1 -65.214
782.66 -684.85
306.743 364.107
-128.326 -957.115
387.409 -785.001
420.058 405.873
-934.371 626.283
-214.258 -870.666
-485.267 403.143
741.695 -57.471
-812.807 -729.868
585.926 344.03
631.075 424.426
-232.244 -129.146
940.282 -427.026
-991.491 -531.377
269.85 -444.568
254.42 303.858
383.212 -176.253
130.394 -557.491
-552.673 -666.671
932.635 490.828
826.975 -67.276
331.059 -268.614
778.934 -520.479
934.032 -935.956
-334.137 -551.297
-768.511 -243.672
612.911 714.515
514.416 825.237
120.182 -406.775
-335.503 -255.421
-182.476 -369.394
-939.655 -977.731
470.146 331.188
963.555 -983.202
928.039 -687.121
892.532 -927.764
-203.045 -14.576
595.687 -421.412
-746.585 -618.096
856.773 173.358
674.742 934.632
92.326 -131.962
-653.33 867.334
122.633 193.403
748.512 -506.982
-138.229 -930.016
296.314 -330.548
-308.323 -267.591
-34.863 522.729
174.758 510.579
389.574 -273.537
731.998 -598.488
754.989 -499.072
-330.849 -866.166
958.515 -91.315
-604.229 530.462
-497.644 736.241
59.921 -960.212
-867.725 987.169
-153.779 -680.993
-605.281 -462.311
526.588 -206.578
366.486 -846.11
-702.606 399.825
831.884 540.043
-503.478 624.816
-744.987 350.296
-476.58 757.492
-100.696 482.924
20.116 960.45
-995.178 -460.457
381.976 -664.352
441.082 -855.397
116.74 -455.061
548.788 111.113
759.443 316.592
-507.483 536.108
896.803 107.607
528.618 729.065
454.814 466.544
-761.228 -728.48
-196.3 -780.069
508.152 202.948
-983.428 -971.59
703.355 -352.739
83.68 185.54
745.247 -340.599
308.769 978.504
-916.399 -758.524
-967.842 -566.739
424.797 -949.676
987.938 105.732
482.15 389.756
786.369 -321.794
961.857 420.408
-317.451 283.145
441.316 314.583
620.717 182.618
-923.927 -631.244
-788.677 -528.173
-863.026 -178.136
-170.318 -393.079
-955.919 -725.806
272.743 -678.473
912.02 -418.776
-139.671 -103.966
-155.949 -483.442
11.44 -701.935
370.844 454.461
131.964 727.9
-206.922 -682.615
-85.926 617.452
243.788 647.169
566.843 -473.08
802.907 448.761
197.637 694.47
-222.414 723.959
-702.729 -510.617
-841.93 686.858
490.174 -261.112
937.237 -292.097
430.868 743.406
518.025 -218.514
-18.063 721.242
24.581 -806.898
-954.601 959.947
247.243 698.729
-393.587 854.235
139.619 507.603
-418.597 -799.146
-458.66 -921.071
-228.762 751.276
412.885 127.078
-354.076 588.614
-739.633 -745.844
-547.78 -56.473
-704.502 -457.568
454.936 964.167
834.918 -228.904
-811.95 -627.302
-802.525 -564.86
732.814 -271.851
679.564 558.56
-19.985 -358.81
-206.278 7.971
-973.358 -354.176
7.999 153.217
-375.416 928.727
36.156 -262.014
266.979 851.018
680.799 350.658
-52.348 60.801
129.197 855.752
-750.031 -656.031
-133.259 -233.852
-238.219 -607.711
-259.088 830.734
-170.426 -715.857
-83.032 376.679
-722.287 -171.364
-528.087 612.401
-59.978 -538.608
-491.366 64.847
226.044 214.673
505.187 -311.225
-321.571 980.245
670.055 642.382
558.16 -934.568
810.17 566.849
643.805 688.806
788.034 -964.504
721.787 -5.733
355.888 -946.528
-740.112 -407.599
735.094 -964.54
497.801 321.08
142.784 -465.087
-553.58 -270.491
-572.906 -809.035
760.432 285.077
393.035 242.57
-938.698 -566.075
899.561 471.912
-752.607 57.176
675.958 496.829
932.664 713.49
274.297 776.871
-155.942 -27.295
489.379 -58.611
291.799 -728.513
-896.52 853.435
-841.054 744.965
-409.449 102.608
18.594 -506.201
-63.45 115.618
-211.439 584.711
284.822 -106.069
423.14 571.696
505.87 288.7
-623.221 866.39
864.844 -715.066
-350.995 182.946
882.352 -740.656
-472.645 -279.833
528.352 -46.214
539.925 -88.024
-495.492 -108.197
-321.846 -670.289
-786.699 609.051
51.081 -311.45
-813.531 871.369
-436.052 -381.976
990.562 -545.451
-243.076 62.49
164.872 -207.528
531.724 -21.627
664.37 746.363
-647.308 567.542
516.241 591.643
-429.276 -337.549
376.122 383.889
175.693 120.892
-262.988 5.937
188.118 -105.852
-50.392 760.92
152.457 904.359
658.784 364.939
-644.684 -319.334
-738.395 277.938
-699.573 946.698
-365.535 -185.395
704.348 425.376
408.154 -51.598
900.51 -176.981
974.317 289.689
50.678 586.212
39.635 523.429
33.561 -130.963
435.159 492.585
-843.143 -550.35
148.383 236.8
-418.847 274.427
956.284 171.551
408.526 -870.714
424.684 -329.368
-123.545 -540.687
265.114 922.466
-896.682 237.546
-78.747 -11.341
141.895 -724.721
349.367 10.363
563.875 -241.854
661.264 -415.881
919.874 887.31
755.718 357.933
140.385 416.0
107.911 263.326
620.182 588.595
-959.349 100.281
289.609 -953.517
-939.683 484.71
-644.188 633.994
335.61 192.301
-209.775 -360.526
-356.377 -353.274
-319.61 -493.284
165.382 509.511
-914.511 398.57
-109.39 264.933
569.005 981.782
-971.96 22.507
-996.87 -469.662
880.142 29.689
-32.505 -633.215
-686.747 -651.009
715.616 799.615
-414.004 951.91
384.529 917.209
-152.922 407.541
-742.983 -405.178
32.549 706.962
899.701 -309.338
-86.724 172.647
-689.423 -336.225
-639.917 -565.713
820.171 -588.656
886.015 -344.907
889.094 -73.408
351.026 359.691
-4.587 -574.648
806.401 574.032
-739.838 598.332
538.079 64.065
-35.787 -903.824
331.232 -981.85
417.719 180.578
198.531 -486.479
-59.375 -45.234
259.096 371.447
-635.344 20.009
911.142 -174.129
880.741 982.569
192.66 -37.261
-471.599 -211.344
774.779 958.695
208.495 -4.928
337.012 -50.865
587.309 795.847
499.961 -81.073
501.397 -659.443
536.093 -263.495
-153.609 312.867
-510.04 979.139
-899.164 -692.721
514.337 -226.285
977.843 834.308
-256.57 -711.184
-275.186 64.038
455.294 778.907
-20.76 -359.648
-978.96 939.171
518.541 492.235
322.373 -648.285
377.146 304.917
-404.93 -77.497
-227.986 894.575
-169.602 356.858
879.23 -633.172
-242.245 -479.384
395.339 577.35
-590.781 -190.233
864.071 -785.367
146.221 -647.891
924.142 -117.205
-211.074 -403.774
-554.07 734.977
-923.5 -363.273
259.094 673.679
-213.503 984.253
-564.576 -966.98
303.891 -598.297
-709.814 851.162
585.084 -892.366
357.645 -222.318
-887.027 20.835
740.254 930.109
619.63 693.712
-889.054 -399.08
818.996 -783.812
-591.037 308.072
530.296 783.99
-609.177 864.378
458.94 497.249
987.205 261.997
208.704 -270.219
-679.817 843.827
773.677 530.843
191.394 161.49
88.251 -118.666
-62.374 -877.622
-278.916 33.658
169.541 540.597
-51.593 971.383
386.79 839.867
-231.639 531.157
860.896 -348.684
407.606 -633.839
644.185 -43.484
-900.748 -745.415
-505.426 551.861
650.75 -575.71
-742.618 18.629
-609.928 630.742
-158.615 -686.792
-500.573 515.689
688.613 -425.745
-280.588 -35.941
386.377 483.699
981.651 52.602
-654.437 250.808
-251.18 444.866
-293.613 -172.648
-830.053 -128.533
975.397 -270.825
115.95 -686.978
-559.771 -262.797
765.82 381.607
-353.673 -19.508
-948.336 976.639
-125.642 -988.516
333.797 535.558
93.876 739.538
-645.328 856.773
594.756 -286.371
-712.561 707.723
54.311 -4.294
-250.871 787.546
-298.5 810.9
297.837 -399.358
886.442 -178.923
328.377 700.985
-2.326 -175.28
351.776 -358.082
-90.293 -698.219
39.842 -794.583
-980.384 929.81
997.421 898.379
451.949 -901.439
92.662 869.26
-39.634 -193.757
-379.002 871.101
-298.76 -948.877
355.298 85.873
301.021 -359.879
-978.925 -996.983
808.96 112.118
360.866 -159.066
189.082 607.431
-480.01 -0.903
-841.241 -575.709
62.781 543.897
96.107 -146.463
-612.277 -231.806
268.0 -222.676
-339.012 872.045
-532.059 634.477
-114.628 487.506
-183.152 -542.258
905.346 154.314
721.239 -687.566
730.618 384.789
839.755 -659.463
-771.113 849.74
-310.144 -637.364
-30.153 -586.528
772.137 -2.527
-423.401 -373.555
-353.735 -670.821
200.573 -982.654
816.568 -992.19
-53.524 503.098
-947.159 -43.598
818.283 127.345
-672.309 -847.93
-289.194 174.996
-98.206 953.013
-180.62 -967.851
65.266 482.966
-365.833 -770.297
113.3 -121.833
-403.922 953.967
-536.308 -128.326
-590.028 -117.559
57.439 -299.851
-99.199 -401.122
495.016 366.04
-307.29 309.159
-275.586 -767.063
-773.537 263.496
70.44 918.379
-472.108 585.292
201.854 -219.394
837.638 -513.683
128.974 -637.819
-42.216 -45.057
-33.255 -525.994
280.42 -841.282
-555.48 -451.67
-89.796 -261.619
804.929 -854.584
714.399 241.686
855.546 511.908
665.213 -61.85
-253.374 185.255
337.627 696.688
-558.117 460.943
627.951 -919.019
557.944 836.289
-352.625 -975.409
-426.695 478.878
-123.7 -240.432
101.058 -431.235
-354.961 134.55
143.305 -445.502
851.117 -419.1
-748.63 315.416
739.459 -793.702
-730.538 220.135
-506.074 766.692
-889.351 958.011
-187.16 -526.509
-256.281 582.868
753.565 -263.145
889.778 -372.463
813.692 170.637
83.404 140.643
995.064 -687.139
-628.191 407.852
188.822 832.454
50.695 120.28
527.814 -349.567
-58.621 303.281
104.061 556.535
573.538 968.463
-69.861 878.898
-504.898 175.979
-62.274 -561.015
282.452 30.943
-505.482 -125.311
-230.359 -945.549
-0.963 138.766
-2.819 620.827
859.866 952.164
581.926 508.161
372.236 -415.327
991.907 323.519
-112.619 -719.008
-200.54 890.309
789.431 458.667
941.557 480.833
372.537 -965.565
-117.114 -537.354
-636.067 899.145
-190.477 -704.567
33.587 -308.737
-228.378 -968.601
242.304 341.422
475.672 -149.29
-757.866 -82.374
-361.024 168.107
680.333 914.483
891.208 -115.398
-444.078 275.019
107.232 433.356
180.621 692.655
106.136 341.192
964.438 342.513
-391.683 -10.312
423.68 529.628
381.365 612.828
-270.867 483.309
-322.537 253.312
-716.13 43.147
740.856 891.113
-933.526 -93.122
396.429 -951.929
-835.858 -620.236
-909.116 212.02
-103.131 -870.348
-743.017 -786.486
-223.747 -515.336
-100.195 -943.813
862.468 -32.99
888.68 873.74
-551.211 138.325
628.444 541.814
-776.722 957.048
450.091 -658.702
-831.058 -53.732
-41.114 -994.955
772.73 376.98
132.717 657.754
58.364 61.39
-933.322 118.535
366.936 3.72
955.555 -149.896
866.817 31.781
-752.755 -113.909
-602.097 -210.668
-328.056 -172.473
868.615 -50.393
-257.213 868.068
128.244 -102.195
-512.973 828.027
581.507 -418.779
621.768 -363.097
490.1 277.608
776.674 -37.218
317.88 -292.417
-976.123 -921.802
-343.581 650.161
497.522 301.973
474.777 96.245
-948.418 81.159
-359.686 -349.333
-104.892 -577.54
-31.138 -416.078
-280.422 -54.738
-702.042 52.79
-694.168 882.399
-967.168 -427.483
-260.303 578.419
470.285 872.639
-394.05 -510.61
-187.865 -972.445
342.234 -143.756
361.063 -770.839
-313.447 -266.552
-235.187 -126.548
-538.084 -430.935
409.256 -119.099
308.81 -909.922
-917.137 658.52
-328.57 -398.262
897.926 107.462
-724.442 252.387
-953.792 748.281
141.359 363.542
853.706 -231.146
213.964 -384.499
-516.008 -125.81
-303.432 392.024
791.268 648.786
890.867 840.629
-549.471 310.831
-577.669 -564.931
-414.237 -719.791
-670.514 -274.36
542.431 832.609
-805.443 -923.237
459.099 -528.575
-870.757 526.355
-406.426 285.645
-632.044 -455.706
272.103 566.856
261.344 420.387
-197.245 -504.431
214.937 540.828
459.262 -480.3
-576.562 814.363
420.11 -963.644
402.952 745.967
448.546 735.56
87.466 473.286
-8.37 -668.566
-367.645 -396.818
374.85 -247.041
477.481 -898.141
159.099 890.442
-578.486 -4.367
-972.177 179.972
937.211 775.08
939.266 918.494
822.061 -794.705
786.636 -540.354
253.413 -411.885
205.476 358.727
99.032 -270.331
-797.704 -495.235
-477.782 -182.292
990.656 -260.615
-536.732 -690.425
-301.638 -156.593
-745.539 -195.131
1.157 -210.676
540.554 -676.399
511.832 772.758
-290.689 -3.657
491.213 168.722
-381.842 -439.804
-925.75 -880.146
128.138 11.224
567.288 -760.534
807.486 304.058
-820.897 -326.297
-7.928 865.673
-926.354 -444.51
-234.691 887.479
-835.028 668.554
539.995 -104.405
793.309 -334.063
696.329 -475.015
-790.422 -629.29
-477.528 937.092
364.374 0.451
265.744 199.19
583.105 477.081
-428.387 972.048
-486.097 319.719
678.559 596.323
-770.993 -561.61
460.588 -74.185
-910.927 189.874
-29.788 -142.857
-958.164 -621.299
95.162 -615.334
-506.939 -215.646
-349.475 -670.438
797.909 633.504
340.235 -995.139
603.295 -437.364
351.747 -378.014
-476.941 525.799
-459.479 593.515
-129.339 -752.052
-295.392 -435.17
-348.9 -317.027
-827.373 -605.086
634.51 -139.515
-695.128 -823.431
66.725 877.708
726.177 -279.829
-855.212 -982.212
334.026 -453.659
-734.952 935.484
-275.944 -717.274
-37.514 -986.744
-196.074 82.335
277.225 21.107
-452.259 753.629
845.322 394.248
-122.796 -58.374
-697.406 -623.705
-386.294 384.533
-631.338 236.606
-22.574 872.596
466.606 -503.539
-186.581 -683.285
-505.084 -690.698
-181.147 -102.349
831.78 -140.911
-417.159 764.177
-328.514 13.218
17.395 -752.758
269.118 -414.206
-230.393 939.063
280.33 -84.391
-411.555 371.991
951.262 -420.942
214.194 -612.235
-854.152 -165.837
-306.844 769.651
-686.034 732.666
455.368 768.958
-182.261 -478.731
629.967 927.873
-990.846 373.49
-540.18 298.27
795.129 292.334
-581.525 -626.549
-617.221 -206.335
803.883 422.482
-587.214 -785.394
-99.631 -970.372
-513.349 -917.538
-585.256 361.177
-556.784 -600.589
308.37 590.978
329.494 774.074
-808.328 -968.552
-203.974 -440.905
635.609 -684.961
-153.251 75.491
737.43 742.608
-555.837 57.012
386.247 828.899
288.901 -269.271
-612.105 -779.303
-447.937 770.592
788.188 126.736
88.355 -811.506
-30.626 -479.819
-826.827 -364.958
606.935 -957.022
-244.84 -147.386
0.216 692.064
-528.639 -239.888
-880.791 -205.644
901.149 -179.204
977.72 -650.821
-712.897 725.648
-11.086 278.195
-736.345 866.2
918.4 -790.469
563.641 986.26
-707.166 916.575
-147.477 282.448
885.53 552.699
-325.298 910.936
-749.255 -879.309
-421.819 -845.227
732.896 688.704
780.017 -7.161
303.221 -210.632
418.194 768.55
-871.409 128.662
223.573 285.134
-632.129 912.032
61.95 -163.201
-251.662 961.24
-571.152 104.69
525.6 114.306
619.048 865.711
-772.579 -916.056
907.636 -57.911
-608.071 50.909
947.324 -834.486
-438.853 -604.634
-964.219 238.242
205.544 908.1
-947.668 -895.902
691.038 477.863
-217.696 -204.392
-920.874 -985.456
-645.457 303.944
-430.909 -429.167
650.65 785.625
-102.232 46.871
68.522 59.3
-656.433 -537.927
-76.308 65.899
779.516 878.57
-694.648 569.34
-585.574 -729.632
-92.972 358.003
928.142 -344.052
-925.655 -406.57
341.533 351.944
101.335 901.45
785.836 -21.394
766.67 -416.718
281.768 11.72
-196.363 -377.428
200.308 -90.956
-895.776 -48.896
258.348 660.334
-652.601 964.668
507.042 -566.63
-177.818 197.306
46.482 -43.918
-299.227 956.14
299.135 296.648
-439.715 836.228
88.309 79.325
-278.26 -972.778
483.368 495.354
938.613 234.145
-891.577 -623.43
-112.399 -710.379
260.299 -844.394
-545.957 -274.86
175.12 0.648
-434.494 -581.044
-780.017 514.725
346.659 161.373
-470.716 -768.936
-833.208 -188.589
-818.73 236.173
-600.207 842.57
-582.398 -628.815
698.415 -130.442
972.435 618.905
-233.566 373.151
-585.865 979.385
486.482 -739.094
-227.341 675.759
-546.569 -766.057
-811.018 -895.03
99.469 -687.673
-789.192 -872.387
-828.57 -102.244
204.131 164.165
-367.129 842.481
-499.903 -331.102
-779.732 331.755
145.315 -942.317
-852.794 791.974
-976.771 683.01
514.17 -334.571
542.706 595.85
-534.499 -283.778
605.138 995.489
-270.397 -261.84
-56.315 -135.603
-276.978 -472.534
-520.384 890.466
-699.855 -628.56
856.91 54.512
514.191 -42.126
-804.371 -206.295
-346.933 -153.137
-662.937 162.239
933.724 -267.335
-108.498 -112.411
-837.693 -397.972
-912.31 -58.363
-3.249 -616.714
-742.99 -8.02
364.539 859.936
694.08 -13.597
584.76 536.867
-673.571 970.058
-368.183 -70.82
825.368 248.893
820.23 849.046
189.552 428.405
-197.912 457.393
723.734 -802.733
941.609 -365.503
914.201 -812.767
-483.883 446.638
-767.981 -414.475
611.932 -376.492
-271.478 -389.293
-167.062 -566.333
830.614 870.466
-112.662 846.178
-60.074 683.111
427.916 -815.184
782.71 -998.908
-180.266 194.222
-379.469 887.862
309.308 85.497
-48.828 628.781
-615.888 -985.12
-755.508 960.949
-818.477 -14.159
765.866 -821.329
-942.146 -791.468
300.503 -926.458
-792.943 -748.555
-573.566 -556.687
-819.051 904.73
262.931 299.954
-89.846 -940.773
-511.219 -364.198
174.263 -284.688
677.164 -480.944
-938.695 139.473
331.408 704.172
859.772 821.877
-418.461 -740.24
-202.378 -885.498
788.686 -124.625
639.81 -702.895
-418.184 -754.056
740.139 -588.449
524.603 -654.944
920.788 414.728
684.766 672.432
-493.042 997.132
-365.793 -416.717
-208.489 -127.004
-450.499 505.788
-708.289 -542.351
685.918 288.442
789.112 764.615
-747.408 -853.426
-841.532 841.131
-476.577 -890.372
37.039 898.549
195.195 -304.587
255.827 -324.12
-702.384 -441.845
378.889 -218.179
-706.275 691.002
-9.507 -150.624
-350.496 522.5
-532.759 893.124
504.126 -459.327
585.021 -980.902
-932.535 -352.843
643.055 -793.2
382.061 -573.61
960.799 856.899
-791.548 -552.469
348.595 281.535
485.66 579.511
265.473 513.829
-976.236 -7.267
197.243 367.883
277.949 71.057
153.205 369.001
-357.541 495.384
-892.974 114.856
531.924 -545.157
-972.618 -787.045
347.36 267.997
933.819 277.452
-23.093 675.627
-519.11 -465.071
-554.207 971.459
659.561 713.104
-62.405 -135.962
205.963 -931.143
329.707 3.926
-279.498 672.203
-274.376 -517.161
331.522 683.465
-32.625 725.195
-902.437 966.978
590.326 -571.467
-962.918 823.873
-768.849 -345.052
-204.344 144.597
-104.623 288.527
475.503 -283.062
129.319 -344.899
575.685 876.168
-934.981 -299.799
843.401 -693.678
-865.158 -466.197
459.843 -218.857
10.653 -206.544
-589.021 757.528
211.207 783.477
-423.96 -147.958
270.895 -819.229
-307.341 -461.183
624.996 442.119
844.501 272.515
860.589 -237.541
479.347 25.599
783.879 222.828
21.045 65.482
471.414 312.258
-212.495 598.119
-821.94 -754.524
920.053 643.36
-79.3 165.136
205.352 756.394
-702.96 651.997
-679.619 -517.166
-837.378 -341.353
-27.909 -725.993
-995.382 380.262
666.46 38.207
-311.932 513.337
-142.162 -150.763
378.134 398.608
915.947 -477.589
-621.041 582.315
-6.39 416.784
-622.742 -596.9
301.116 -534.954
-19.851 -491.239
816.404 -797.537
791.783 444.859
-976.269 -494.739
-930.628 187.837
792.766 -478.192
-260.768 16.37
-868.989 417.818
-425.023 -315.241
955.069 325.023
992.75 -728.117
918.51 587.176
-547.55 739.806
281.993 813.96
727.031 149.356
-282.212 696.772
367.749 -16.607
215.59 935.52
213.755 -209.238
342.812 -635.73
-578.289 169.942
-92.337 -554.946
443.32 -800.91
921.789 569.751
-857.115 165.991
-829.865 -358.761
-796.045 776.293
-852.696 311.206
-898.55 -941.238
-343.653 -254.089
529.886 -911.297
736.912 -189.989
153.544 909.357
664.571 625.011
422.932 753.714
-658.939 -721.132
458.57 -637.28
712.204 812.698
115.432 570.704
47.445 -356.492
407.744 610.66
-881.531 536.272
528.259 151.042
-585.601 661.933
-790.346 -39.924
967.962 949.89
123.714 -120.787
38.359 -40.55
-661.088 -549.618
974.876 -151.498
892.65 107.786
-718.882 299.005
31.729 234.542
619.416 -581.72
-864.787 -786.581
-536.23 850.816
684.9 -396.808
428.738 88.929
573.478 608.165
80.625 -605.315
275.899 969.213
-124.658 480.859
-537.38 -753.398
-553.336 -582.27
-877.6 -499.585
-466.835 -661.899
684.628 -373.681
-937.653 712.644
764.664 -969.488
-358.254 -534.724
-287.846 300.024
15.411 -739.663
-591.072 -472.398
447.086 334.272
558.109 -945.133
110.812 -641.602
303.819 -535.316
984.865 -884.082
860.96 458.32
69.885 -15.691
183.119 106.667
-668.06 -318.778
-27.345 -291.787
-71.007 984.208
-147.663 -410.426
-357.745 699.665
894.428 -567.27
-933.358 543.611
-237.349 -167.815
783.404 -878.292
780.334 396.209
-573.671 810.843
-818.779 146.141
973.833 437.267
393.924 997.799
978.417 180.565
-326.081 -559.563
189.94 -19.851
452.795 682.047
-488.733 -885.855
-24.668 245.538
945.06 -983.157
895.83 -28.709
262.049 -577.585
-171.663 621.501
161.42 758.238
792.312 -426.409
839.084 34.72
-909.832 -712.239
-806.999 -634.976
-459.397 947.548
-402.862 -402.892
117.761 863.355
-512.331 -279.629
578.681 -357.464
535.542 890.05
668.956 151.067
211.809 -329.423
782.214 -230.82
830.388 -117.685
271.472 -741.229
628.89 973.223
813.051 496.076
-931.588 -308.833
97.466 322.866
210.678 694.212
-372.447 950.607
-358.357 840.786
74.219 136.74
507.059 579.253
699.667 79.214
601.465 868.181
-473.892 -356.333
-346.716 408.088
997.796 488.235
438.553 559.582
648.743 -105.475
-411.152 -629.1
939.466 -479.4
853.094 271.685
808.368 947.49
842.435 846.482
331.963 -160.346
595.129 -438.784
127.953 -651.421
-765.913 -212.883
-3.171 -368.082
472.644 359.107
-929.13 961.935
-856.891 768.528
728.19 -843.123
746.254 -301.771
258.293 -895.673
260.157 -961.79
-855.678 -490.314
570.394 906.866
-281.299 38.294
-988.885 -901.952
-919.599 -412.404
-955.003 426.421
-490.26 -282.43
246.54 -229.912
583.87 -408.618
935.539 619.457
-297.986 -277.437
-962.147 987.046
103.193 210.023
719.355 -207.369
-730.897 -113.034
-878.962 932.379
60.689 393.361
204.876 476.958
-821.646 14.286
-658.723 784.903
585.24 -231.886
-646.234 315.75
-880.243 350.074
-263.729 -340.198
-955.009 -519.471
-323.603 -956.931
736.036 859.359
-858.724 -5.482
-857.688 -134.325
-450.954 898.811
-31.614 532.481
443.459 -225.442
-622.618 540.644
629.409 251.687
381.562 785.427
553.787 -687.38
-504.99 167.877
-195.999 -884.179
-275.557 926.818
-800.72 19.792
841.261 -443.873
187.429 -434.287
522.16 287.265
213.878 518.213
-497.41 -383.378
882.948 84.485
-629.559 789.464
-865.379 -823.963
598.062 -515.842
-112.135 -746.01
883.452 365.698
-441.909 -13.772
424.763 634.041
-685.762 156.553
496.332 -350.77
149.39 435.17
-467.691 668.845
942.818 818.978
150.509 -388.501
778.141 148.865
-380.928 -320.486
521.481 88.829
794.081 -530.745
940.973 160.079
288.722 -421.608
482.902 601.101
-11.337 -963.431
915.138 503.888
-43.163 332.159
347.147 -45.318
605.612 707.401
-59.957 -588.444
62.262 -356.742
-451.628 -703.969
-776.97 -800.768
76.039 -754.761
-746.407 76.458
-107.266 -116.92
613.463 -134.939
388.4 -199.444
-885.256 221.231
176.655 202.777
788.256 -672.636
677.207 -747.641
153.732 297.287
-578.81 -103.351
729.343 -7.565
856.699 -969.009
587.1 -159.079
714.704 -362.882
-766.448 256.701
691.43 -127.858
572.469 593.007
467.371 304.237
648.481 -168.661
-907.184 -393.978
-445.055 -109.334
931.945 833.404
988.716 -456.617
-289.125 -99.437
694.898 889.28
-889.19 938.527
992.044 499.736
394.424 -280.049
925.422 -487.905
-435.651 279.799
568.478 383.943
756.117 -358.582
624.485 -735.629
-221.115 259.861
-18.777 899.555
-465.767 492.632
-461.826 -326.736
-326.342 338.208
-53.201 884.466
879.054 346.222
-578.957 656.151
379.696 943.119
-993.552 809.364
-332.071 999.374
796.994 904.029
560.694 371.652
-678.903 857.072
-59.702 55.944
413.55 549.282
-50.395 143.569
344.503 761.466
-4.041 893.514
110.645 981.955
682.991 726.703
470.762 290.228
-147.242 -193.834
-530.489 850.25
621.913 80.612
575.918 -625.199
-70.632 362.688
-387.536 81.915
282.85 540.548
924.831 607.952
-429.058 383.928
-907.633 921.011
206.314 -203.794
-794.779 -290.226
-43.602 741.34
-65.931 51.006
-720.867 -18.055
-159.85 -424.147
989.951 172.838
-220.818 889.688
-143.346 -332.654
709.06 373.188
605.634 -313.785
-648.136 -927.85
-223.606 -852.084
-145.817 -47.136
-876.043 249.765
-716.152 -893.058
339.781 -957.73
-873.376 -568.482
699.935 -384.252
473.92 -963.235
-582.999 541.575
-400.697 -644.3
974.452 148.436
432.218 515.788
-442.584 -437.187
104.401 -819.426
-241.33 154.437
-295.084 221.597
-764.354 289.723
-650.911 694.1
-158.94 -474.315
-505.445 981.838
84.799 106.596
986.993 811.36
-473.665 829.686
180.247 -808.224
-835.782 -709.83
619.441 652.799
125.765 811.862
962.749 985.557
205.475 -230.456
-135.557 -134.573
159.329 -691.634
147.916 854.364
654.184 115.249
-584.384 -36.658
761.069 351.871
770.279 -426.016
-681.965 1.818
-230.185 -51.91
-41.318 -387.018
99.786 555.967
-892.578 -512.719
632.588 462.06
748.4 -50.204
-726.716 585.78
990.887 150.91
628.042 -197.938
-284.5 897.579
-339.987 -604.264
-150.963 234.778
-708.62 723.83
309.267 -389.535
548.051 22.053
381.947 -712.834
908.338 437.392
524.592 -25.168
770.106 467.604
759.374 52.998
664.229 721.229
-841.484 -657.067
53.135 -127.6
-668.517 -24.814
-485.778 576.905
-232.9 233.153
-895.982 -963.976
-241.2 743.973
568.641 193.617
732.4 914.395
-238.203 -634.718
498.695 -799.336
-366.513 -559.197
331.441 -899.609
-963.501 -959.625
-845.014 791.634
-79.616 -795.431
-861.877 190.284
608.948 -501.296
376.953 -87.218
976.757 -639.935
-271.174 58.218
-800.619 240.648
-555.965 -284.791
-940.072 164.88
-259.937 805.279
323.444 -939.299
-772.395 -353.401
-395.714 -208.666
686.689 908.784
-816.743 -562.202
-884.926 -907.357
394.706 -868.791
328.163 -77.653
134.455 -815.449
902.178 -281.079
903.15 603.819
997.852 -986.377
887.44 411.287
400.396 995.363
950.73 -573.78
-573.851 667.636
-37.852 267.237
-911.422 682.919
749.503 -804.587
762.27 -421.151
-656.39 -687.031
654.172 958.985
233.161 -683.874
730.154 898.594
354.534 -477.846
965.651 -168.143
-582.568 -237.464
-460.152 384.923
-147.288 -194.28
-657.858 300.656
710.345 951.699
-458.309 -317.217
443.734 669.079
657.342 -833.079
660.101 422.44
-938.123 572.352
913.708 -322.076
-834.189 -368.338
-515.153 -859.894
-774.989 887.456
222.494 822.625
924.179 625.4
-187.111 661.057
-697.796 -187.531
560.918 597.675
405.566 -451.94
853.88 513.189
993.38 213.903
-165.721 694.693
-486.663 4.85
781.903 -247.952
-366.351 -300.125
674.785 -661.718
-380.769 729.828
514.244 -226.42
753.455 325.85
384.497 -169.938
-780.742 457.817
-15.947 705.467
759.62 477.46
-681.28 554.351
-781.26 -768.382
123.514 654.675
-805.725 -888.967
929.019 -957.877
-848.723 -1.568
571.35 -339.362
820.976 -915.923
-659.192 -16.191
96.804 700.556
-347.802 -906.723
-458.337 -420.616
804.617 812.274
-442.014 -725.202
945.844 -478.846
-710.099 -191.191
581.948 -962.435
77.637 399.955
696.098 -870.405
638.279 -545.339
338.163 315.852
958.898 763.973
-178.586 -495.867
234.848 987.904
-913.999 -714.041
-874.463 451.238
330.568 -767.204
-700.265 813.009
-988.844 951.701
318.931 -842.808
306.762 -911.817
69.75 803.348
-560.074 -280.105
-55.184 343.387
-548.737 496.476
573.621 -217.132
474.397 366.341
-374.222 -757.002
-82.02 -832.919
-924.483 593.068
-135.161 -839.344
663.426 -85.691
515.546 -778.236
485.177 761.155
-989.111 -102.445
-53.496 -499.157
13.808 947.837
-274.821 -126.398
58.948 -144.212
-33.614 598.294
-133.063 -23.792
376.118 208.224
-681.356 655.171
106.467 -534.887
172.389 -765.359
-589.397 901.36
183.74 -697.91
-275.239 -95.05
-646.589 -272.913
-29.446 -555.904
-154.351 657.505
823.184 -439.224
376.233 790.614
355.741 -795.484
373.948 -910.122
186.017 616.817
616.267 376.148
256.1 546.506
181.795 694.733
977.926 78.999
-818.792 342.346
-669.656 510.684
595.195 -878.344
-567.643 -807.927
-970.885 118.705
-923.396 -284.648
647.605 -923.03
-860.273 -193.136
297.864 435.367
470.449 -203.566
-518.084 -875.463
803.057 854.156
238.11 769.997
245.496 -363.921
-217.15 798.022
506.554 -128.814
-173.3 965.127
-188.261 610.396
-305.56 719.304
847.384 492.421
-228.479 973.75
-734.493 -280.51
961.635 -248.567
-23.647 852.258
618.77 237.659
-644.422 746.184
-280.826 610.144
988.34 827.416
-225.579 -463.536
225.064 118.299
862.897 638.761
644.714 812.022
724.187 -3.965
-806.198 680.287
829.535 271.999
-424.984 -765.473
-888.146 -898.213
-991.068 -220.98
79.826 30.548
984.603 935.318
-518.306 423.007
617.922 127.131
909.311 512.935
-446.694 -876.045
403.126 -373.64
300.214 -171.822
417.841 218.441
705.179 257.432
775.168 -232.374
130.465 698.24
-510.048 -254.074
593.604 -430.744
-65.043 221.202
-898.122 660.684
-370.238 108.901
-514.838 -474.391
-970.488 -22.853
59.535 -952.798
697.525 -149.094
-263.343 995.575
-991.234 888.1
-904.47 842.265
590.149 794.211
-763.463 246.368
855.22 -344.455
-18.116 -402.435
-580.498 84.232
549.597 83.879
-640.101 -385.086
-234.382 21.042
2.747 568.114
-111.176 -311.051
-552.609 -973.705
386.937 924.112
-278.543 -360.794
-260.412 -887.828
-622.939 -685.998
-63.77 -816.258
-124.572 20.29
344.974 960.591
-308.947 439.108
-755.83 966.772
244.724 383.255
754.481 270.206
-824.413 -950.974
497.315 643.436
-796.343 -955.868
426.37 649.63
-14.773 263.901
-916.571 -450.303
954.831 -864.509
-144.359 207.415
675.717 -567.461
543.374 -54.356
400.315 -709.202
548.605 123.511
786.579 167.831
-103.853 21.857
674.73 -593.87
134.702 -698.293
-260.735 701.542
205.461 -249.052
-897.532 -174.448
-177.065 -909.266
-838.093 -396.661
626.033 -753.803
-45.637 219.488
-405.846 -826.903
290.361 70.405
628.203 134.984
787.173 -221.258
-425.671 -620.614
-405.039 935.842
-300.111 386.684
-831.924 -387.533
478.474 -369.765
938.103 949.902
-440.103 904.651
103.847 -765.319
-936.545 86.099
-360.771 -782.274
-412.908 402.481
579.547 858.174
-784.422 -104.507
101.183 -42.154
-178.297 -543.47
951.462 519.309
-742.544 -984.33
-688.691 649.383
-518.648 -555.963
36.293 262.71
-521.366 322.829
-226.83 537.033
-351.208 221.165
427.414 -692.88
-967.691 -988.465
556.424 -509.682
670.084 833.814
857.754 -142.517
-393.575 -919.791
-0.711 -694.336
-914.351 -679.616
-371.044 467.383
211.95 904.727
-594.926 6.931
-286.153 941.946
-28.937 59.832
686.27 549.259
952.203 -705.532
-620.185 708.889
128.481 -940.915
217.412 986.341
84.015 -410.79
-0.03 261.809
-66.575 -801.449
384.793 -207.653
-791.375 126.887
320.457 752.526
312.279 802.504
678.991 -192.47
54.803 970.392
-652.266 297.833
-863.958 -152.764
894.868 -225.586
-972.457 550.069
797.445 707.039
8.397 816.146
-873.409 813.757
-27.313 -906.101
453.824 -673.139
-656.283 343.969
-245.135 7.161
-953.525 91.863
-849.843 -100.826
-731.671 262.592
-798.274 222.293
572.36 986.808
-114.268 -566.113
-917.425 -875.423
-575.744 117.529
-991.231 92.137
700.451 770.062
-483.043 816.657
972.157 101.961
-910.948 639.851
891.0 794.762
67.968 -615.205
-167.046 591.832
78.372 835.876
-84.261 472.459
-729.005 -880.241
-800.082 -859.511
991.65 375.486
-155.286 -155.005
454.26 -404.711
-359.647 279.938
768.285 -46.93
367.503 -554.859
-951.407 -2.6
111.565 683.728
-576.705 48.076
844.692 284.83
-331.144 843.933
-517.579 -786.169
-163.464 753.712
51.769 -7.017
-425.338 790.668
-332.732 909.364
-26.778 900.913
-803.139 263.48
-120.782 428.811
-432.589 -665.823
940.923 681.463
337.31 -224.605
-724.949 -39.052
204.578 930.956
-495.938 -607.213
-777.578 952.065
-681.9 -547.936
614.4 -296.286
728.043 -44.815
-130.599 -935.948
-382.184 -971.932
820.859 41.707
429.965 -198.053
793.759 527.947
-335.894 -101.958
-187.435 -227.61
-766.312 228.918
-28.442 324.408
684.999 -314.111
-749.57 805.918
327.977 -398.603
-473.876 124.433
-156.178 -91.166
220.265 145.108
-890.336 -73.552
-729.458 437.234
-55.642 -457.384
-133.09 -953.058
-371.132 547.033
-791.573 33.528
-123.414 848.311
-533.233 -185.691
75.093 -562.738
-526.808 -730.083
-594.223 72.782
501.249 49.474
-724.347 -283.697
762.345 -153.589
1.986 -157.464
125.993 786.88
965.913 -879.209
-279.195 -254.149
-462.63 109.283
119.121 -375.687
-18.775 852.111
412.067 664.866
159.245 -179.163
-37.92 253.793
-991.866 -202.423
-895.426 -845.702
643.845 -174.819
-429.263 -219.278
655.912 170.943
-132.121 -430.514
566.377 133.133
714.292 -987.29
194.584 -140.621
-288.764 332.014
746.012 -382.189
885.535 870.984
-502.764 -890.642
-50.859 37.855
-462.468 -199.724
309.049 738.368
454.358 724.391
301.632 -687.458
644.514 822.668
-370.417 642.689
-738.933 330.428
99.846 12.894
785.836 373.037
649.06 -887.002
547.459 -603.41
-781.986 983.709
-252.967 548.256
-200.273 773.259
-908.302 -105.131
254.396 357.511
-191.967 815.353
729.061 627.529
-813.587 337.891
-494.345 278.661
-284.801 900.946
-185.709 -647.713
957.491 987.896
816.312 -485.53
-379.777 150.617
-386.789 342.944
-323.137 835.227
347.408 829.081
-878.256 -360.238
-615.073 -1.825
-19.311 699.545
-840.936 991.937
-970.252 16.691
402.238 754.433
-615.508 676.973
806.437 98.869
442.356 -313.276
199.011 800.524
-12.912 -367.145
863.987 -625.41
-479.341 -860.495
-311.47 -353.705
924.521 928.857
475.51 681.051
-670.622 -543.172
611.647 -802.06
847.263 -452.441
-538.016 820.579
-507.805 932.397
-732.202 919.101
-84.031 -441.499
286.735 -425.467
-544.197 435.122
-709.04 404.447
-309.898 -86.902
-142.826 837.866
-2.228 287.107
-435.261 414.736
-410.13 713.537
-55.104 -91.162
-476.344 272.915
-213.311 -452.105
240.712 -699.32
735.704 477.493
19.869 322.993
-408.362 125.841
-979.655 -98.635
795.78 318.211
-851.046 -935.617
144.612 118.073
-416.866 -652.517
15.724 157.88
-504.739 -241.459
-480.653 -757.796
5.526 -152.658
11.841 920.813
-60.332 549.634
935.023 733.263
-640.131 31.436
-857.122 -315.225
-272.545 127.507
135.752 -276.679
697.238 57.583
-477.915 -471.002
975.936 784.476
-299.444 -766.047
-705.226 541.166
-426.357 838.25
-449.534 433.443
-65.204 -946.347
544.345 -171.192
304.625 -857.769
467.497 181.842
220.702 -415.081
-354.644 -100.4
499.036 311.644
-461.035 -347.707
-958.9 -54.832
993.63 456.469
-752.976 46.094
-853.351 -798.491
-857.256 -213.1
274.775 -810.678
320.014 -842.543
-487.945 536.334
949.355 10.44
-565.181 -71.201
943.175 -896.301
-883.521 711.468
-112.103 243.432
894.004 443.066
276.922 865.286
-230.34 -565.374
-112.43 -641.389
-489.259 313.544
525.968 976.3
-739.996 -330.58
-694.155 915.563
-7.935 50.552
-489.331 -17.823
-37.473 243.024
582.29 695.426
-516.766 208.532
34.226 -10.736
-342.377 400.738
303.535 240.633
243.431 671.606
-609.671 131.425
-782.327 38.358
-276.103 -464.588
732.731 612.998
90.695 -550.938
13.884 -275.356
946.188 780.59
-692.776 -668.843
617.147 484.733
-964.29 -161.181
835.878 -790.68
206.555 154.579
-668.106 857.037
-107.334 601.914
662.349 987.797
915.483 -277.765
-337.014 -552.238
922.37 -858.646
295.198 148.264
548.126 -857.534
330.284 282.293
634.565 -341.064
-234.154 -872.855
663.692 498.88
718.741 -241.08
260.896 -715.004
605.256 603.542
571.792 -656.94
56.688 -384.616
221.612 126.102
775.61 643.369
340.65 510.676
755.775 -887.198
-990.003 -758.751
-749.527 -348.825
25.472 303.692
749.174 571.15
-613.438 228.133
-994.407 800.678
774.245 669.37
-233.847 196.165
-658.791 112.577
267.394 813.727
367.329 417.835
851.047 -4.121
351.046 586.893
549.416 -642.028
821.656 352.648
-48.542 -611.13
-846.578 763.543
-672.963 -479.705
586.417 78.119
-732.005 312.659
-111.054 -107.868
-614.37 -805.949
722.231 -400.427
308.279 -464.689
565.997 -769.916
412.961 -248.783
-459.668 938.146
149.378 944.407
525.734 -231.272
265.99 338.264
105.728 -987.315
149.399 864.381
657.357 533.832
-106.489 329.667
687.593 -99.066
846.911 331.528
-171.942 -337.174
294.114 -882.416
347.813 791.398
-687.89 -822.654
815.763 580.615
875.398 -820.706
62.506 -94.138
994.435 -46.276
158.104 -452.222
657.343 -253.43
-140.732 823.649
238.481 612.04
456.396 372.594
592.401 937.259
439.841 -890.816
-459.365 -455.778
-997.06 -837.647
974.484 -215.577
-255.921 -92.796
388.771 -77.124
-161.494 284.796
539.51 856.237
-274.493 -84.037
-614.839 -721.465
285.768 -40.612
-398.279 529.028
-324.875 -133.559
-351.148 -957.976
504.627 453.085
-517.394 -890.969
566.842 782.401
-147.55 405.31
-765.442 405.947
272.936 727.629
675.714 675.39
901.546 -331.17
699.529 794.721
-560.544 670.681
-974.615 -592.32
750.395 -407.324
86.345 -999.86
-18.518 56.37
269.891 664.276
-702.134 -595.214
869.107 606.172
-244.337 -296.766
-887.665 -776.894
684.457 -136.339
-756.485 207.801
-559.492 694.729
-80.72 -336.679
-882.792 -763.173
-79.758 679.706
279.571 362.102
-113.87 -138.517
-594.536 188.845
957.508 -175.183
-935.441 860.172
-225.515 -902.619
-77.628 231.775
654.795 725.995
-700.851 725.64
22.544 -963.202
339.063 -19.824
34.152 424.299
-95.363 126.37
16.881 9.49
-488.07 -566.408
-303.569 -193.464
62.058 -216.583
373.118 992.465
-106.017 -492.729
4.443 877.625
-531.336 745.418
890.073 139.761
-119.451 798.764
-485.313 628.747
180.819 -290.134
-768.679 988.518
704.052 603.724
-567.838 -95.345
-697.225 315.736
-868.727 -344.941
-107.844 463.748
934.125 -445.953
71.403 812.588
-634.978 -412.448
664.529 -382.829
218.252 659.713
591.632 626.196
281.425 -101.239
-159.719 -347.895
135.798 340.216
-664.659 620.483
-566.768 -788.334
812.637 -183.374
-528.38 966.785
-828.415 -554.577
763.973 659.357
-874.531 -787.584
454.251 418.326
-237.586 160.43
-953.134 -448.464
-119.804 -903.682
-135.582 -389.448
196.85 -880.034
-305.767 610.82
-870.18 -803.518
521.17 232.455
815.57 -10.972
129.267 -813.753
730.746 251.947
-854.711 954.797
-678.931 579.213
69.81 -891.306
247.262 687.78
-148.096 356.313
280.984 653.73
45.272 785.078
665.188 -383.399
-838.56 792.96
-146.718 445.029
-807.966 -46.185
-66.808 -695.775
218.643 -673.616
-996.083 777.152
-62.421 114.24
-940.402 480.759
488.075 -310.721
-692.846 997.859
-976.702 246.152
-40.761 423.377
178.817 404.461
403.33 -646.721
996.93 -933.036
-882.56 -832.974
-871.0 572.754
729.693 -815.272
-304.902 116.772
-129.592 546.352
372.519 221.546
267.335 -63.507
-472.063 919.399
220.043 179.592
685.616 727.69
864.407 -637.701
-274.206 198.167
-924.203 -979.955
721.758 619.619
-535.189 -475.285
245.527 -732.214
-710.154 838.688
-27.346 519.582
-890.27 -345.252
-388.112 357.986
-154.711 -655.393
234.003 487.074
482.79 -472.161
388.25 -487.864
575.68 -817.193
45.175 -991.633
-758.57 295.908
-322.258 -189.2
-447.072 -800.692
931.24 740.19
-794.683 245.129
525.618 -274.995
-263.176 952.575
-685.812 870.188
-58.895 -972.151
516.189 219.587
-515.573 -74.309
794.456 631.622
-700.693 961.295
-559.27 -442.48
-497.769 -710.51
477.525 137.876
595.361 -34.893
152.21 -135.098
886.281 -668.439
-987.025 -605.444
-554.618 -961.99
-159.366 -481.943
381.568 542.594
440.863 -911.402
786.506 563.851
-658.618 784.632
-916.666 715.838
82.108 38.784
-625.636 469.342
43.135 496.996
153.08 734.582
498.308 -953.404
-144.453 505.353
260.073 -277.597
13.28 -73.934
-564.829 -961.061
-879.025 -295.88
-734.042 352.876
-163.87 511.465
874.16 328.786
943.92 987.234
-253.449 -959.826
-831.286 -604.067
-728.642 882.252
494.53 976.41
-569.945 -398.519
-809.093 809.006
-428.804 886.255
-46.401 -325.064
-240.541 395.927
18.648 351.29
-576.912 -24.893
-527.261 -120.838
180.224 74.254
-984.197 -937.951
617.578 942.184
-334.458 11.755
79.249 166.649
477.206 -849.488
-648.327 -699.93
565.642 -553.992
317.929 223.486
602.104 -339.81
375.866 -272.466
-609.494 290.316
584.201 -222.158
612.872 -335.65
-682.935 -344.616
-233.102 878.661
-693.616 83.304
753.544 -588.975
-438.745 -184.305
-487.219 -462.345
965.154 176.173
374.437 -226.712
-580.602 -886.238
-849.656 355.553
885.3 -911.271
457.785 140.602
594.892 -595.164
197.649 -320.262
-926.123 -231.33
697.821 -600.638
440.884 232.706
-858.794 -708.594
164.429 999.86
-244.575 -387.742
-628.918 13.696
402.197 589.985
-788.38 -885.534
-156.982 -618.698
-975.066 -246.792
-333.89 906.929
511.203 825.831
-368.043 -930.876
162.541 227.002
-853.364 -571.485
-663.777 57.396
228.904 350.224
645.889 354.722
886.488 779.167
519.391 37.984
-232.801 -937.896
-862.821 768.792
-992.749 -801.076
191.679 -651.16
917.685 407.981
-948.666 559.914
-172.008 -941.309
300.307 963.119
324.69 -427.592
564.106 -456.01
604.437 -24.052
559.143 680.826
-652.428 717.766
427.914 -11.298
-8.435 -166.644
727.982 562.677
-552.695 885.484
430.207 -848.154
844.47 -890.357
-391.141 24.954
-405.922 -518.618
542.278 966.747
139.989 -23.576
917.108 -248.399
431.94 -477.156
-765.51 -756.941
518.485 -934.106
621.47 696.457
-54.952 -74.694
196.773 426.802
385.009 -543.204
-753.915 929.048
-286.39 383.506
-381.661 -985.26
-885.476 372.077
-786.224 -855.667
55.649 -104.46
502.392 -383.16
406.501 737.326
-12.14 -370.571
88.888 -816.215
-841.29 -365.069
623.82 -951.648
-562.71 714.071
-767.303 -311.861
730.985 -665.071
-207.514 106.469
132.857 -980.632
-311.751 -806.272
-914.956 947.146
651.186 -80.633
317.623 -638.255
-352.292 -548.995
734.882 -660.206
-610.063 304.686
-849.677 325.009
909.98 -646.746
701.143 305.348
120.051 694.509
665.041 -376.528
-850.501 831.758
-445.503 232.261
-835.269 409.034
631.922 -928.291
-69.151 -714.349
-18.145 -927.347
485.983 -271.077
392.216 142.818
102.814 -132.19
684.973 -590.605
370.394 770.027
-542.619 921.182
-275.16 -775.93
-195.5 -625.013
-735.906 948.268
-928.665 686.166
152.384 -244.268
-760.966 -511.493
756.972 -273.628
-850.764 458.445
-324.147 -586.12
315.053 -941.364
-208.388 -593.971
729.899 868.455
669.811 654.057
-700.341 950.928
-44.482 -813.273
684.955 -324.065
263.532 -160.786
-325.132 -526.997
-900.225 590.714
-549.424 960.602
911.876 -276.193
-444.099 -557.43
-797.642 -359.831
8.741 405.142
-944.671 105.241
-796.057 -716.774
-245.612 -278.84
-814.954 -379.84
39.03 296.771
-464.02 -274.554
930.177 563.15
-549.702 -488.651
266.25 970.784
734.495 -278.491
433.22 452.598
901.194 -222.98
485.779 285.666
-882.691 4.009
525.554 829.715
-957.487 -572.782
-995.619 -249.395
-303.886 200.094
95.095 207.998
-188.065 -968.354
187.67 703.287
531.274 -935.313
938.071 -760.031
966.25 156.739
-676.967 629.51
-77.046 267.995
604.827 -438.873
-811.712 -217.095
-681.02 -709.266
274.747 30.405
891.828 983.208
466.737 347.737
-308.447 75.863
486.945 272.917
663.249 277.969
569.168 -670.665
-715.634 -993.009
690.633 891.401
958.159 -839.334
-940.247 -545.263
565.99 -321.281
-431.389 -246.811
-409.292 -494.957
570.39 445.165
421.389 492.422
-770.005 813.758
871.213 875.324
-325.768 -871.147
-406.814 160.936
-289.739 914.383
921.884 -900.519
256.259 795.467
960.126 437.798
-299.816 -59.058
947.764 -150.549
834.779 -729.538
-101.843 -722.004
-491.588 -174.337
-814.328 907.87
220.4 130.986
880.824 -477.858
-886.627 43.033
-471.767 -138.788
-405.745 -917.59
672.078 -163.315
-120.619 -775.309
-881.503 -144.216
-665.183 -273.989
-328.748 816.133
-595.692 316.838
-623.585 486.005
-99.786 -627.05
-626.581 -943.67
151.995 -401.663
-861.472 -260.047
357.935 -807.571
-505.352 955.615
228.119 -298.009
98.73 108.935
107.419 -108.777
227.13 -577.426
695.648 485.79
236.874 807.611
-947.4 834.312
526.493 904.037
-672.731 170.085
303.447 951.202
-131.866 -781.823
624.373 562.882
885.077 -430.217
-444.447 -182.414
884.872 -40.981
-480.573 110.008
-288.795 -660.854
797.922 110.161
843.389 -884.063
361.0 297.542
997.474 885.27
-504.373 968.4
929.898 160.698
-689.515 -62.986
-968.773 160.246
768.288 29.283
-760.388 -711.491
-311.297 -330.106
665.368 -498.231
57.425 716.643
-355.332 -332.874
-977.587 -628.684
850.998 738.048
83.009 -181.188
665.762 -764.358
525.107 -755.63
678.427 583.311
58.193 557.905
-628.647 712.499
618.643 542.741
763.531 700.402
-322.275 -969.774
-133.872 -561.372
-970.06 341.488
-550.04 -893.836
124.025 54.588
-962.879 475.244
274.693 -72.163
-196.304 -715.359
377.261 -869.666
730.132 -753.962
-965.244 -974.596
-20.786 -796.901
-83.603 203.754
956.539 -413.525
822.597 -386.929
872.414 -445.307
699.324 182.195
976.668 -767.286
-381.189 19.669
596.963 -58.351
104.609 -389.623
-767.107 383.655
267.472 490.221
-254.683 -9.322
216.567 198.928
-76.316 -673.002
-245.734 473.724
-546.839 431.993
-563.12 926.58
895.54 -21.945
-914.219 352.779
269.401 -842.307
333.553 -919.42
-181.859 529.579
366.474 951.28
847.84 -468.881
370.456 -383.618
-957.886 -103.338
36.727 711.849
-699.374 154.599
14.03 -230.699
390.34 -828.301
266.13 -137.091
865.215 620.7
254.535 166.026
-58.417 -985.132
361.416 -627.829
-524.513 498.705
-117.127 457.773
-569.958 -501.233
-909.482 -564.29
-849.51 990.6
-614.443 -849.858
-311.084 347.93
431.494 609.586
499.223 -714.222
-751.33 -782.694
997.614 -77.467
850.403 -658.849
-109.532 -489.323
77.355 771.652
500.224 465.972
-375.928 -438.859
928.342 863.48
587.003 -164.882
-389.362 805.426
979.641 -871.578
-804.574 -207.145
67.584 184.907
-190.95 -537.212
274.176 -962.332
90.875 294.246
776.021 -462.931
97.638 -909.305
-403.574 335.792
-52.155 471.6
780.151 -190.798
803.947 -980.453
59.03 -905.521
355.649 887.998
794.128 16.511
241.642 502.111
341.987 -437.397
896.008 612.858
-630.834 53.717
-659.054 -868.796
-589.549 384.963
-932.031 878.691
90.215 -564.94
616.719 668.998
-843.615 127.949
379.095 32.559
-620.03 821.798
526.228 178.945
-597.155 488.852
-986.173 -321.274
299.868 -993.43
796.199 49.314
476.871 -445.632
-776.11 -838.185
-427.543 -175.162
161.262 450.709
-604.823 380.875
-185.756 619.78
-593.07 -532.268
456.119 297.951
776.104 -677.27
-25.236 391.18
116.793 116.532
-272.443 796.146
318.324 -629.194
376.75 69.858
-931.643 -650.187
-599.805 -26.635
-183.822 303.327
-511.298 -378.183
827.739 -52.878
42.208 -192.671
-690.919 -13.766
195.696 -971.258
-680.272 826.707
371.419 61.508
-858.089 -322.993
-939.436 175.32
-165.102 74.054
-652.732 21.457
-513.306 219.166
-557.213 296.239
-342.129 268.405
-553.415 513.666
-884.273 112.315
-689.475 920.156
-632.327 -103.923
909.989 -807.188
-148.603 -303.256
187.13 -509.827
547.985 180.121
458.242 -514.056
932.989 -651.331
-122.658 264.679
628.439 -171.352
719.626 -829.006
-136.37 778.778
662.909 562.278
-681.418 986.798
635.197 -222.394
105.081 -870.964
152.007 -228.568
-925.186 -830.696
407.508 -845.08
-699.168 774.752
-998.249 -410.292
-789.613 969.053
727.946 -925.703
123.682 514.563
-743.679 96.998
-384.859 -340.547
-628.361 632.557
89.077 950.321
-148.543 -859.552
853.337 605.969
-740.132 -95.796
937.724 -949.332
-167.97 516.154
222.441 300.32
-336.35 -867.465
-519.642 114.664
719.625 -901.526
-280.532 -50.965
-851.094 -174.231
97.56 288.832
916.085 -169.583
862.979 -512.633
-506.82 482.675
665.584 -167.028
-828.755 721.266
-455.282 -557.143
-36.296 -36.68
-8.066 49.161
125.717 375.985
-446.85 -321.602
-532.573 -852.579
945.918 857.644
26.119 395.714
-120.377 -375.891
752.353 807.944
-619.782 238.936
978.952 -924.937
-738.946 -466.042
-991.307 -297.185
694.472 -6.936
-875.523 -758.915
-41.222 34.072
235.698 578.966
175.429 93.114
-856.751 -204.073
-783.147 -993.265
-531.705 441.537
-583.354 -676.303
-416.495 -554.413
584.585 985.675
452.472 -938.101
-572.258 -489.077
250.272 -125.913
783.868 97.846
-980.786 462.302
-362.352 717.167
-969.641 -173.593
706.433 229.438
187.174 835.883
-993.838 -7.945
450.755 4.877
249.291 -586.75
-839.845 -744.19
-392.019 -667.064
-58.103 -265.716
-418.137 -282.069
-914.387 774.702
-192.932 -103.381
-270.224 -50.443
42.854 -575.623
-703.077 -857.516
-978.489 813.175
-9.18 496.43
-993.632 -318.237
-881.363 778.34
981.464 -42.31
46.742 251.104
913.198 -432.302
-898.413 -190.547
557.623 492.736
856.216 656.096
-183.96 947.568
348.092 -866.323
-314.255 966.849
-118.99 -188.25
609.012 -670.952
-416.258 -250.949
201.652 404.761
-817.194 -830.756
-574.156 518.294
792.173 633.761
733.618 950.231
-343.719 -335.2
584.173 -474.285
570.62 -230.989
-618.924 549.644
-638.683 -957.205
-611.288 742.146
93.101 625.742
-379.409 408.86
905.2 176.771
-245.667 -899.642
408.408 709.887
451.781 371.016
27.787 515.597
35.057 -927.605
-784.041 278.85
-614.074 962.257
875.354 52.886
-479.798 -789.404
603.992 -219.316
815.649 759.67
733.158 224.931
731.888 -683.669
484.829 214.655
758.348 201.321
375.693 -411.388
887.507 -859.689
-673.349 582.16
-450.644 699.725
-352.916 662.798
213.318 193.134
839.391 -49.075
-314.723 -225.277
703.89 511.564
-29.773 877.074
-885.198 281.27
882.301 -303.084
727.037 950.413
-115.879 -852.598
362.021 -781.682
575.003 -430.363
-527.713 -28.636
-33.449 -240.709
-26.778 -277.458
160.021 386.4
-596.546 -742.76
904.328 -457.38
202.954 -41.12
-64.171 178.707
-56.695 -343.128
-96.897 963.611
618.115 -939.784
209.583 -331.034
340.032 845.163
76.186 249.159
375.499 804.314
-593.245 851.53
56.644 -245.865
176.011 -192.635
-442.34 -757.835
350.182 -226.236
-460.928 91.803
-147.133 12.416
980.335 -218.304
743.227 38.724
-42.141 -152.247
129.69 -842.56
908.236 -755.596
385.403 -352.896
-923.659 449.667
246.447 219.81
373.997 579.907
-479.176 -442.325
-83.917 -94.537
-275.398 -454.611
452.685 -39.154
-176.07 -878.175
-331.908 -79.866
298.459 99.215
-445.469 -890.374
-364.788 -819.266
227.286 221.902
863.157 -236.34
-985.418 -102.332
-663.32 117.702
764.286 -543.225
-172.19 899.281
218.623 -769.701
808.118 119.658
293.458 69.881
-39.382 -999.151
439.159 -283.543
-787.376 151.439
344.694 -569.015
605.327 255.846
970.257 -212.621
897.162 675.048
860.658 999.634
-43.713 543.133
546.395 619.82
628.945 -816.019
964.847 555.414
-865.903 -193.49
-187.337 462.237
469.643 701.694
-177.675 -192.491
-535.135 -547.074
123.418 -584.741
68.281 -516.42
876.906 -715.173
598.745 -740.349
369.679 229.944
-157.242 -945.548
-494.271 -206.986
618.321 -446.39
-26.978 -939.37
-374.396 -211.705
-461.952 910.92
-503.112 -486.585
126.292 -327.031
-793.629 -782.126
-69.845 -659.226
810.109 304.299
695.688 401.262
728.074 231.486
793.467 835.776
-672.96 -981.696
-952.865 348.22
-674.201 -962.441
-507.809 -229.358
-948.233 265.969
-201.226 -147.367
-162.468 -921.143
854.774 202.219
753.109 -623.713
571.268 -367.726
612.294 -970.838
-455.232 905.807
855.704 274.529
-345.892 379.022
390.382 -709.217
-153.69 -165.515
691.212 303.308
-650.892 -101.87
834.368 909.699
141.237 700.041
608.656 -547.6
657.93 -128.221
682.864 -378.574
-690.624 -812.642
-464.498 593.049
-104.505 926.312
-832.052 737.615
434.576 889.29
768.467 682.465
827.867 542.66
-893.901 -171.164
-869.342 -572.389
69.27 -874.008
301.207 756.333
-26.325 -508.552
-638.803 -184.117
652.769 -576.099
269.075 -143.947
402.28 794.982
-437.114 495.537
-745.051 318.18
-876.89 521.687
83.286 474.855
-177.279 350.835
-128.814 -394.57
-896.401 745.379
886.894 507.348
235.305 410.722
20.271 203.23
785.224 359.295
654.709 964.161
-320.699 630.61
-475.702 -639.664
259.181 928.002
-140.447 658.8
65.899 726.998
612.207 293.039
-6.988 979.482
-830.685 517.223
564.342 998.242
-432.549 423.211
590.178 693.627
-510.273 529.396
549.237 -73.603
-453.582 -823.58
738.886 -365.416
-251.392 753.875
769.394 -722.888
-479.127 516.424
343.24 -369.464
-461.13 424.833
-843.84 -881.087
233.644 323.745
289.364 -782.701
248.472 564.516
-302.444 183.739
-562.95 -120.742
-343.608 581.347
-535.931 -368.812
-454.257 -381.248
931.841 191.867
-499.479 784.075
516.899 94.1
375.911 -491.649
-966.27 168.914
-670.182 822.029
508.379 -785.068
-290.159 849.734
911.675 120.402
-514.127 761.032
-315.46 -622.101
-946.056 -924.109
518.012 268.037
527.141 -581.662
-627.628 245.51
759.863 -715.624
787.213 362.713
537.945 -264.619
-307.616 856.926
985.385 637.914
776.226 -396.933
-4.349 -230.877
-309.8 848.226
92.731 -560.72
968.412 -541.127
-514.104 160.903
-421.429 -856.72
156.705 -297.793
942.185 9.168
-293.02 -110.16
-120.218 842.261
570.425 58.697
710.744 357.706
131.732 -35.406
452.084 660.733
-515.502 -108.604
-602.846 364.237
-857.628 205.02
-135.67 -277.268
286.878 714.414
360.828 -415.179
511.744 270.075
462.484 665.156
507.37 -317.055
-160.89 338.629
357.829 -245.622
-64.484 791.916
824.401 -104.982
878.587 614.467
15.149 -286.638
-96.002 -343.582
589.338 104.333
-936.271 -735.685
-28.726 772.139
326.022 -746.253
-495.834 586.299
170.84 -906.008
-74.578 -424.941
162.028 265.575
651.765 839.189
-497.209 991.222
-619.713 -664.506
-701.909 258.241
-489.199 792.22
-462.168 364.134
-528.946 -797.517
-32.427 817.851
305.444 498.0
-999.167 -864.865
-884.151 -608.283
-204.872 819.564
220.848 940.795
-855.971 -210.43
610.935 -494.651
-749.349 -132.887
957.597 553.253
-215.387 324.574
-450.827 -867.437
-941.618 388.758
-560.25 -634.099
-316.697 -266.662
977.295 414.497
87.416 -787.206
369.385 790.087
502.226 -977.127
-989.669 473.021
-839.892 731.586
-557.587 -818.842
-683.324 137.481
-906.498 678.245
-15.416 -861.069
476.691 752.56
422.684 -464.416
898.802 99.68
-951.598 -406.471
112.439 326.884
-807.155 -18.529
-575.48 702.605
-398.605 673.552
-495.733 -438.455
-768.637 -238.44
581.456 -877.386
-91.558 287.791
-17.112 -93.743
63.268 237.117
-855.201 -755.502
-764.243 -880.074
-678.118 216.153
7.565 -485.572
241.306 888.042
66.127 -907.025
-790.535 -809.938
-878.093 -310.31
-218.588 -70.099
739.791 -142.876
-337.916 259.589
-90.914 -270.68
185.132 772.8
611.112 -550.162
256.864 741.368
-359.6 178.141
455.83 -440.99
-21.592 206.407
-833.765 945.64
636.679 521.903
432.258 167.951
251.629 484.569
883.144 58.507
79.868 706.21
-371.023 -565.575
-914.033 -991.082
-368.367 -571.986
-470.872 -575.933
-472.523 635.654
-651.805 575.053
697.316 -995.711
-692.17 905.922
-62.777 -324.897
-106.658 -595.359
417.804 232.129
609.887 579.804
-821.28 -151.226
58.007 -317.002
-791.806 707.547
-717.872 972.415
-595.356 -615.082
618.397 13.914
-820.537 603.015
-649.443 -223.42
-549.75 -503.607
-941.627 533.343
-894.138 891.988
836.049 106.779
946.74 627.381
978.08 -973.977
778.054 31.046
-141.523 389.28
-785.371 543.545
4.235 -394.83
404.175 -536.669
-204.384 -362.881
657.864 -71.149
-32.584 -814.488
-732.923 -785.965
-190.662 -788.594
129.334 799.967
929.108 702.067
744.154 998.48
800.602 948.352
825.719 -742.609
-332.348 864.222
-32.012 656.246
-96.801 -854.617
-96.0 -986.86
-210.127 -179.199
289.557 -451.815
984.197 662.936
-798.3 -54.681
-529.541 749.733
679.819 -144.537
138.543 -617.139
-66.773 954.011
-314.416 -364.983
-111.484 -240.338
165.883 139.284
389.473 434.899
622.484 -557.799
659.255 -252.146
-223.942 801.022
-931.987 450.288
948.329 301.627
313.174 479.198
-939.735 -469.923
448.995 763.69
-294.124 292.963
-876.45 -120.209
292.185 -846.648
288.267 535.268
241.97 891.963
456.79 262.34
-555.0 -552.807
301.0 -24.672
-17.383 -326.422
182.022 -849.396
-817.07 277.266
284.884 953.333
-310.861 369.45
716.977 -539.792
555.55 547.125
-816.748 -748.59
513.525 366.758
159.329 944.597
803.031 -965.383
-629.632 470.221
17.711 -358.174
391.181 -182.74
-892.861 656.679
817.152 -946.576
860.246 70.293
-297.282 -832.306
43.951 -473.883
-599.93 631.35
-590.335 -500.643
-129.763 -877.527
992.496 44.603
-114.148 257.992
514.427 842.222
-431.251 -710.054
804.217 -478.822
407.664 -72.47
-711.509 601.475
-18.454 -419.539
-958.819 -185.848
-0.448 -739.034
280.561 -719.882
56.535 458.736
44.984 -951.638
438.466 276.785
167.402 -328.801
-158.751 -662.418
419.114 -918.971
-375.662 -470.374
579.244 -244.746
-123.844 811.558
-553.51 723.103
-625.509 42.42
-738.731 537.095
682.764 823.072
-213.302 -195.146
-468.095 -487.789
-791.428 -115.352
734.272 -495.381
840.056 -64.777
-317.848 -635.79
538.314 -393.298
689.607 -197.771
596.554 880.161
-770.352 185.437
-866.938 -258.587
-77.25 -504.926
375.348 -712.835
106.748 -344.592
284.794 -941.67
252.359 -345.819
251.232 -291.106
769.226 -480.367
-334.949 53.092
-912.918 -168.025
-375.194 -80.743
-403.766 -548.31
332.98 -762.113
-87.726 -907.075
71.55 -530.254
-299.705 -427.699
-647.079 834.62
562.659 840.332
-275.384 -426.125
906.946 513.907
73.502 -226.197
-969.068 -622.003
-270.822 -503.363
-784.232 -152.165
659.445 -377.194
-786.735 -475.905
-793.597 531.267
311.572 -934.794
-800.366 347.166
-75.048 -555.225
281.759 361.027
-841.002 -661.161
153.95 638.717
-529.404 610.01
39.555 -436.538
966.493 420.062
348.401 -730.663
-50.348 -729.075
-115.116 -20.324
-789.78 -356.62
294.349 991.196
-610.729 667.602
-991.011 181.287
362.297 -436.432
-25.093 820.107
-495.184 824.29
-996.017 -615.402
586.664 941.629
513.371 190.203
-680.052 132.35
-910.552 -195.288
656.235 210.044
527.689 -348.414
497.7 -934.127
389.07 -509.79
-158.436 -356.096
642.854 279.911
110.195 932.344
49.358 857.596
-523.994 757.14
-359.507 -643.161
-171.891 975.096
108.847 -269.888
87.5 338.255
-759.751 51.361
103.423 -972.983
398.007 -999.898
-335.64 -609.766
76.159 92.309
-205.414 47.783
-41.875 -679.495
449.119 694.027
-690.832 816.701
997.128 -979.838
-858.959 970.092
84.787 799.267
-151.796 475.88
879.076 -589.863
415.208 -65.246
889.522 -216.824
-774.303 -461.772
-303.206 955.752
-864.477 156.872
122.613 -109.318
676.782 357.93
-746.223 467.709
239.301 -666.674
642.894 188.705
697.768 864.331
324.408 -182.201
-335.735 537.822
-524.578 167.504
406.977 -219.114
118.892 542.717
273.59 81.217
289.731 -461.339
-352.39 218.014
-893.967 -718.409
547.732 -540.598
-520.482 -273.515
48.947 -303.124
690.466 -702.982
30.918 -557.869
-199.995 -568.905
31.28 217.959
774.971 -836.711
199.74 -299.711
920.051 110.175
-268.643 -962.898
272.491 174.038
-827.415 439.15
202.903 515.994
961.414 750.493
716.563 869.982
-404.688 -142.808
132.604 254.435
-686.347 -915.704
-71.597 561.498
16.047 364.458
379.447 -450.323
701.619 844.275
-838.246 -857.934
904.761 916.801
-53.588 -676.526
-440.875 566.404
-398.297 477.353
-459.101 -485.073
683.335 152.634
-651.379 -632.302
822.632 33.52
-204.336 470.038
680.582 960.102
-13.501 -629.202
-957.187 -888.39
275.469 -954.992
-86.338 -958.674
139.69 -4.524
728.127 928.844
315.192 988.664
-107.273 371.225
315.192 233.815
-339.648 988.916
809.282 518.771
746.487 -156.664
-951.017 375.142
-462.93 635.902
457.838 -997.128
-321.079 306.624
-777.561 560.795
-239.64 -695.309
407.437 -413.206
291.043 367.134
569.444 356.768
-990.662 946.187
-310.093 144.305
-920.427 792.549
-103.055 -722.039
388.822 562.203
-898.765 877.505
617.637 -53.924
-30.818 -681.329
-425.472 -41.591
-422.31 -227.322
905.291 914.104
887.851 62.852
-333.399 -735.938
73.195 -940.769
235.945 717.309
348.643 -926.093
381.586 -164.862
-465.931 -79.593
255.108 349.691
9.78 639.944
778.754 -730.771
355.914 -686.222
-969.18 561.971
127.343 751.265
-86.625 -570.403
554.312 -134.557
110.532 304.959
-625.531 2.5
-39.651 -311.555
-101.351 455.336
-305.909 -336.274
-172.757 -352.453
-231.652 81.213
-951.06 912.979
524.41 -465.253
935.484 -46.093
-664.392 -198.287
749.585 20.3
-776.866 -910.076
-892.498 -313.191
-477.613 282.149
-318.856 -501.348
-428.572 243.408
-301.756 169.93
270.87 951.553
-427.688 -89.757
-426.711 -763.47
398.299 -256.245
-342.119 490.379
-575.984 -608.349
-919.256 206.715
-330.273 -788.191
-868.657 -791.104
-212.197 -758.748
69.634 -118.252
749.371 309.91
-303.488 127.696
-672.936 149.733
878.414 330.343
-507.698 862.096
-696.48 -846.886
335.466 -79.471
923.576 -75.964
-825.757 39.605
721.507 427.657
-245.144 394.272
-78.433 881.668
-612.646 -896.796
-471.981 247.44
-994.949 186.255
-336.319 -689.499
-801.277 -483.413
368.904 146.884
-457.392 -494.213
208.914 938.574
-388.467 -40.075
394.485 33.559
164.606 430.658
-164.176 -218.075
474.618 401.222
52.889 -38.972
-81.188 -385.745
454.349 47.011
-888.473 -414.171
-837.411 236.623
268.959 -674.872
-865.312 388.502
674.455 472.111
280.387 -944.604
-357.428 326.503
-731.671 -160.158
-258.981 393.825
-19.816 -875.766
813.363 989.966
63.049 859.009
852.875 242.343
75.505 937.053
-116.35 146.451
-251.34 741.936
-811.856 -658.86
31.701 -545.703
-8.005 -516.457
733.641 -781.609
40.433 379.574
-302.893 837.498
-781.774 473.154
529.847 978.104
-344.436 433.606
-596.359 621.813
386.073 -888.411
498.288 -422.05
-361.49 -0.116
834.127 531.713
987.634 621.921
-69.541 542.926
-334.115 820.802
-434.012 -748.88
643.236 -597.676
-8.369 -890.58
-588.931 -70.656
267.897 913.646
-740.577 487.22
-911.057 -239.322
562.351 706.32
-224.26 660.831
-452.412 -584.745
359.447 -995.88
299.105 932.871
494.621 940.994
-583.88 449.122
-203.841 -852.327
-193.077 -641.544
609.385 327.939
-9.361 623.061
-338.452 -810.724
442.187 751.705
-462.032 279.658
455.057 894.217
708.926 -809.361
-738.587 -604.018
-237.347 14.674
-912.886 460.443
588.569 -376.02
-272.672 -223.08
267.001 502.33
643.893 983.384
-332.397 310.276
-692.47 -663.085
-928.937 -360.887
448.552 -279.612
626.54 -525.687
527.687 789.74
922.397 986.825
225.615 -991.464
-268.858 61.654
208.631 -53.458
691.284 -669.739
-464.084 13.162
-928.478 -251.905
124.818 805.156
985.28 -549.069
-331.063 900.045
-196.31 18.238
180.132 -873.387
540.275 113.088
765.92 225.049
555.821 -405.824
580.415 159.697
-915.314 748.46
433.142 -23.338
918.012 651.23
681.821 814.88
-993.404 247.496
468.776 -748.453
259.327 -998.062
347.592 -979.918
-496.263 768.958
-259.459 -794.82
614.61 -968.961
-175.251 677.548
-305.98 -353.517
190.506 223.891
932.804 -922.176
-204.551 69.815
-206.191 181.5
730.692 497.453
425.147 -672.39
-661.52 -636.637
-495.885 -963.714
-201.407 380.401
148.308 734.807
653.232 705.153
-61.336 691.607
477.976 -507.502
517.6 -320.238
-842.932 343.311
605.829 690.263
964.089 -706.03
-901.176 672.676
95.174 -782.378
631.456 -567.404
107.545 358.652
832.36 520.509
-460.862 431.544
-736.797 -424.87
-340.229 -727.271
-477.504 189.241
-658.381 -520.284
-702.673 382.693
547.995 -888.549
-945.541 -618.637
-104.82 876.49
-657.401 318.588
-677.768 324.586
-334.178 281.387
672.35 134.349
428.293 -533.33
-539.493 -676.402
-354.572 -238.735
272.436 -30.612
-178.311 176.766
788.542 392.666
-450.407 470.505
599.691 -428.247
799.225 74.712
933.025 720.848
736.401 -83.256
867.881 -568.938
-861.77 -449.858
103.654 -999.466
-70.128 194.83
-215.778 792.246
-525.036 -890.5
-29.691 -624.623
-756.038 939.225
-153.856 679.028
-672.268 -862.28
491.774 828.3
-604.386 -625.962
-708.84 -357.498
196.435 90.423
-58.613 -99.054
-90.234 87.783
482.489 382.418
-611.51 4.901
-871.944 -135.647
188.016 -668.492
983.221 892.287
708.289 -606.413
441.441 -834.571
0.205 855.603
-646.796 -673.322
-324.297 988.783
-230.436 -29.309
-945.187 161.805
410.764 838.742
636.396 -915.266
438.187 -808.21
-444.199 -851.18
-377.001 848.884
-628.95 974.696
-496.72 -260.638
-114.45 -947.434
330.685 290.046
-558.968 412.464
810.111 394.678
-303.095 -440.916
817.755 388.276
227.215 -621.657
285.446 -81.839
-774.126 846.29
718.136 105.633
624.917 769.678
727.671 -585.554
44.576 16.929
886.547 -269.578
248.277 462.73
613.259 218.819
-319.309 524.889
158.612 489.163
-319.445 -35.564
140.765 -881.608
398.628 -629.669
617.243 -46.0
-550.01 482.115
361.814 -971.982
-35.892 119.118
747.953 -859.923
-128.537 626.775
5.911 -404.046
362.543 -429.743
438.191 506.46
-663.625 239.543
-462.246 -500.775
-266.534 292.644
738.878 -917.32
276.05 -238.021
-727.243 676.761
-83.851 877.429
870.343 -998.648
-654.575 637.523
354.975 -262.035
603.529 335.982
-471.637 251.801
591.963 491.991
-875.8 500.869
-264.087 477.729
-644.121 -393.437
-856.586 -154.359
-183.686 -158.238
289.706 -947.659
294.726 139.209
-469.384 -901.291
-373.849 -195.407
-32.254 -503.29
-151.408 -466.727
682.735 684.779
-350.182 -602.79
430.296 -953.076
-359.665 700.692
465.007 -719.535
-184.048 -865.695
977.089 -403.257
-882.685 331.502
789.436 532.881
664.731 -43.089
-309.54 779.261
422.521 -619.872
-760.475 217.393
-329.701 686.624
-177.476 -505.083
820.701 238.192
786.508 -269.687
453.213 896.389
494.88 -627.33
982.794 -673.134
719.819 -196.297
172.925 -436.549
98.047 -876.523
-123.366 252.138
-237.328 -436.38
12.526 254.511
738.206 -925.972
965.329 474.104
-79.594 -841.337
-920.414 -861.629
-926.676 -729.586
999.085 939.861
47.423 -981.463
-216.542 280.339
884.889 -790.43
477.782 -35.267
432.916 305.823
-948.963 -487.646
-860.846 -890.71
937.89 446.194
-121.357 397.264
375.427 463.931
611.205 835.031
-654.023 -938.466
136.88 -583.998
425.883 -171.503
-886.803 -470.2
-739.816 -882.007
-919.798 694.817
370.116 -586.111
-941.557 -303.968
571.692 -565.946
-271.135 44.388
-88.581 -367.005
-225.925 -969.162
-138.694 933.332
-284.553 -768.475
-767.969 44.773
-308.874 -856.053
-193.725 133.615
-759.119 438.754
862.664 -51.742
370.599 -869.92
556.874 79.766
-770.283 929.23
-755.671 -841.455
418.706 -651.668
449.816 692.139
-487.891 502.81
232.674 -473.511
-928.477 -789.923
714.015 926.97
-979.165 -490.49
395.024 -2.185
894.096 -304.474
-757.027 397.531
-6.444 -1.474
-851.237 -708.749
-122.577 -356.185
-936.318 295.902
-387.635 627.369
495.23 -398.718
-959.998 35.121
438.421 -931.035
219.419 348.507
-743.342 531.503
-539.528 -530.421
-922.048 344.306
845.511 164.64
309.776 150.185
564.279 666.301
181.562 -803.225
546.085 674.663
545.186 -948.519
190.163 366.015
-771.473 669.275
722.863 -96.66
414.585 987.881
174.463 323.531
690.611 285.775
32.696 -105.071
797.26 465.964
-329.138 182.314
807.708 245.245
601.044 -470.623
-616.564 415.386
641.657 -702.702
-147.254 289.551
-41.593 65.093
419.664 250.703
708.465 679.694
788.471 97.41
757.453 -924.949
-859.86 531.875
131.053 459.18
397.678 -63.346
638.387 -621.949
471.855 -14.582
-4.627 33.31
326.443 -88.966
15.198 -976.855
-993.911 382.332
-730.495 921.276
6.634 584.762
266.107 -833.511
389.231 772.82
-618.009 523.947
986.731 -91.19
-643.17 123.854
343.667 582.906
-229.311 657.257
-225.25 -672.049
-835.309 652.532
834.1 179.261
934.323 466.997
358.418 -237.288
685.311 -197.657
763.228 124.506
726.934 902.21
-153.46 -779.29
-825.129 928.534
109.354 -996.709
-521.263 -946.068
135.973 316.578
343.219 998.82
-217.839 -33.186
514.82 -958.723
57.264 -542.947
608.598 -562.912
166.43 296.342
-307.128 -217.743
404.418 285.535
-13.547 -982.825
432.012 -291.558
52.252 -946.982
-926.164 662.957
-902.665 216.834
96.798 -913.898
251.467 -626.362
-904.088 419.403
523.266 658.903
-297.031 952.193
-258.46 -137.84
-410.011 599.97
170.077 497.617
549.673 688.447
-477.501 -164.44
-215.124 -256.396
398.332 192.452
503.183 168.735
937.348 -119.564
-815.576 -764.699
260.696 -780.883
796.511 -379.009
754.733 -579.011
-13.368 -472.945
-971.305 -732.136
890.969 -100.163
-441.834 667.048
391.075 948.167
533.649 -129.093
-334.319 -953.419
386.2 335.764
-918.711 -623.45
-12.587 283.372
-601.848 748.982
-335.191 -108.45
289.249 329.641
-735.455 -645.274
-355.516 432.376
-504.421 117.896
-928.443 -604.338
166.474 -574.183
-8.596 110.431
-115.792 -279.863
-208.73 903.033
706.85 544.043
-350.018 -849.978
-369.044 -482.578
397.443 957.319
-431.091 196.914
-726.741 -997.922
-790.693 -886.558
91.381 525.106
430.414 -585.023
79.547 712.494
-768.647 -501.844
-713.386 730.874
5.556 694.151
-485.834 -806.326
536.871 -980.742
370.72 -950.825
-71.924 -21.869
40.511 613.279
-292.906 773.249
-202.828 125.014
-2.635 -207.515
-375.14 791.591
-904.048 -553.23
179.961 489.712
412.184 773.885
435.044 -131.659
293.712 -749.724
-662.196 -67.524
680.129 -112.179
-136.945 -962.692
-462.865 296.363
714.409 -924.794
448.34 -961.345
698.638 46.446
-395.452 590.404
-288.599 -337.816
-715.771 -817.961
60.802 -365.872
81.859 616.603
806.452 747.09
249.522 795.323
699.621 337.351
-100.422 -451.143
-619.614 212.979
-873.218 -914.7
-533.443 -411.928
-118.211 -831.483
277.998 -392.678
-552.285 432.202
-550.812 351.703
-117.665 -536.306
542.274 291.907
240.961 691.395
24.181 -123.287
-554.551 476.319
205.7 -114.426
507.507 -790.624
430.653 307.849
-640.557 144.852
-973.943 -428.978
187.278 284.561
74.439 592.343
-685.86 -594.675
-201.011 901.014
-843.157 -861.216
953.002 919.725
-777.277 628.511
-16.121 470.298
641.212 862.759
-182.203 -822.751
-243.811 784.32
747.408 11.349
243.365 4.075
-679.87 -379.133
470.095 695.063
-278.934 -738.408
153.269 113.584
-340.711 404.892
833.102 255.907
-398.914 -410.84
-326.503 378.837
762.545 101.07
-612.723 767.161
-603.024 -492.478
960.18 980.234
205.346 -954.673
-760.393 -485.02
214.319 -217.395
-912.902 210.041
-191.146 -338.517
-549.742 374.663
419.35 -554.133
-846.543 325.593
-597.194 -41.256
-67.409 201.847
981.056 235.937
591.857 410.93
392.046 32.772
887.626 -848.595
-875.77 421.574
274.552 -548.214
922.794 859.807
-445.696 -362.542
-641.303 55.627
205.796 291.188
-497.059 -453.251
-826.076 -582.529
557.479 120.136
-783.899 301.209
505.526 416.964
-710.589 -299.884
-84.288 829.758
-555.253 688.32
-908.352 -600.001
-288.908 346.635
300.73 605.062
-113.433 -144.394
-107.08 -334.115
-998.827 554.603
-619.779 499.807
-31.676 815.591
274.064 785.456
-232.423 -880.702
-560.108 717.257
-582.043 994.869
-864.076 -638.473
-493.592 -438.318
990.185 528.962
-813.694 -130.905
-552.211 231.639
-126.528 417.566
282.529 16.609
538.687 590.895
-687.471 398.904
305.166 -166.849
91.354 -849.613
54.989 390.774
362.38 489.16
-51.855 -879.654
-226.353 -479.135
824.825 -941.035
-14.798 -490.168
-828.056 -244.294
-948.698 451.396
-877.196 456.82
-689.832 -175.362
21.507 -595.488
697.98 -339.899
201.02 841.647
657.969 -107.782
-501.188 614.336
113.721 -44.842
-235.149 -478.584
-731.868 -404.677
994.854 523.813
-433.76 -771.041
-613.471 -454.908
756.146 559.111
63.405 563.671
-163.698 -287.845
626.091 543.019
928.223 -638.321
-554.497 335.255
-42.644 -223.013
-91.449 523.285
-317.901 649.882
-972.248 558.163
168.292 937.295
511.972 940.757
-506.397 -102.118
240.35 -341.53
-201.379 -403.203
878.204 -637.594
-901.811 156.763
-123.932 -336.613
770.88 -10.248
-204.561 8.654
417.408 -598.225
323.136 534.374
708.297 -977.657
889.733 457.11
-62.994 545.025
747.597 -671.245
-107.45 -454.881
-520.007 80.347
809.401 -706.511
741.196 -98.512
702.578 -293.63
379.224 -533.313
302.876 297.209
-466.973 -950.695
645.939 239.75
324.506 797.178
-519.876 -364.16
-459.366 694.501
606.25 -878.624
230.581 990.914
-480.934 775.255
529.304 -396.913
-151.377 50.316
405.215 779.757
240.197 915.454
272.542 -906.476
424.35 -198.863
776.756 681.409
876.19 -651.802
-668.884 -121.607
-69.3 -777.134
-109.138 -87.792
-39.149 885.716
-829.845 778.49
-754.812 766.475
-686.28 481.109
-576.745 864.815
689.488 -530.906
55.081 -9.508
-873.887 -959.895
279.616 -568.999
-849.262 381.678
-765.265 -149.676
734.267 436.652
-151.604 -378.57
348.66 -205.772
448.761 45.442
154.365 464.578
-40.963 845.067
-655.415 473.101
4.417 -639.686
-71.115 947.312
259.992 -748.083
-11.93 304.507
779.544 104.095
-120.079 973.804
-88.309 -215.154
-113.755 275.73
37.626 141.563
-79.492 -718.114
-87.791 -258.795
-654.932 913.209
993.176 195.311
-889.678 995.138
570.295 -621.784
516.93 -554.59
-117.047 -497.731
-461.228 991.254
-43.335 743.946
512.229 928.141
-308.277 -370.622
983.745 714.989
897.263 114.743
653.306 -333.506
-110.769 564.376
935.898 -98.106
-947.98 -87.579
306.318 950.287
211.443 653.415
-766.062 -805.618
695.586 803.487
-404.528 -512.423
-607.115 -199.505
-408.026 -302.439
975.439 710.499
921.995 -510.346
388.73 475.459
448.877 -650.332
465.541 -933.872
-679.007 895.887
396.216 -97.693
538.533 191.528
-415.532 177.526
210.606 698.15
525.928 513.151
-57.548 -535.055
405.764 -39.822
-279.249 65.718
451.102 -260.618
-607.647 -917.775
797.942 603.224
-567.194 -386.768
-223.295 828.874
-614.051 -207.898
-58.342 20.585
372.919 966.55
-539.099 1.105
-529.454 265.413
664.8 965.941
-376.197 -381.144
159.096 752.716
-939.284 -192.389
909.26 503.182
567.97 718.871
522.715 129.074
267.518 -245.986
419.401 -953.963
-718.792 984.5
-410.946 231.981
727.561 512.695
-820.84 659.016
-467.288 -474.711
-575.043 522.425
261.39 -899.731
204.102 -33.371
799.327 -880.493
158.053 -585.904
-39.738 749.705
-811.201 862.104
-568.939 -697.952
184.091 10.559
175.046 641.29
191.626 668.223
-918.123 -261.838
-994.842 332.945
560.616 952.984
243.357 880.466
-19.858 -148.377
-130.847 975.231
-878.178 256.135
-223.504 -931.126
-525.032 -379.283
933.844 -938.392
728.864 -346.539
965.904 -459.819
-159.942 -966.11
607.708 537.581
-762.989 738.362
-451.585 835.307
-167.426 831.435
-12.799 -607.94
-795.287 764.722
-760.566 971.505
-467.871 -335.254
262.716 311.258
246.63 155.851
517.155 -52.048
470.814 -784.474
-242.145 982.384
770.357 598.65
-905.616 728.568
-530.113 -414.417
-19.79 -167.405
908.527 137.966
-963.862 681.853
-262.764 147.891
84.067 -592.03
-204.161 802.084
980.152 779.707
974.101 -158.909
39.687 -785.171
-835.739 787.693
648.368 -566.622
483.789 -963.911
-229.997 -579.576
-401.23 263.334
966.094 310.444
789.719 -14.197
-747.803 -994.035
166.781 -933.256
-766.923 -607.105
-597.078 261.417
949.141 -942.05
-559.122 588.774
-312.224 -135.904
-654.422 -383.471
977.307 121.184
484.19 123.251
932.463 640.318
79.001 728.306
-399.137 191.878
-913.576 -176.398
102.736 401.971
-354.593 963.159
-805.464 -190.956
464.439 -674.033
-434.371 686.786
784.521 277.248
-99.065 585.661
906.821 -421.587
-838.896 280.391
-590.297 -601.948
-803.71 -997.06
26.186 552.209
-852.813 -207.1
538.338 -4.772
374.443 248.94
356.211 -279.459
-854.99 14.721
664.902 352.903
700.989 -242.537
750.642 -914.315
390.079 -621.729
-479.142 179.83
-934.58 585.803
353.794 62.178
974.181 -346.875
823.287 79.659
268.852 -31.863
581.535 217.477
637.786 88.661
-616.543 -952.586
-95.61 -587.7
-834.904 -896.514
934.325 580.222
-180.972 284.918
-388.268 -290.45
383.81 -86.174
41.004 894.718
-844.716 -622.266
950.109 445.612
-301.85 307.661
848.401 -971.485
-885.412 -856.207
-798.046 420.834
418.97 -850.07
757.282 -995.29
936.683 29.411
-284.37 456.312
-781.688 700.662
930.987 -729.672
-615.393 -498.326
850.483 -983.214
450.271 -431.155
-349.282 -363.347
768.174 399.437
-229.626 -353.618
-277.714 -843.365
-462.14 873.536
326.325 433.016
384.763 467.091
127.965 -109.1
-874.675 680.693
224.305 322.679
-757.685 -708.702
-488.503 -7.495
-137.361 -778.634
769.643 -384.192
939.044 -684.9
500.27 -924.432
-187.554 -314.426
514.267 862.841
-177.348 -847.209
-753.1 635.61
-174.139 428.707
-402.858 -823.916
405.389 274.225
-996.308 -871.439
419.216 -561.498
391.991 -754.875
-90.487 651.183
-325.481 -262.642
973.896 301.077
811.367 -626.48
96.705 294.27
968.685 -615.682
9.882 -801.118
-518.31 -436.898
781.857 -649.568
10.614 499.934
-472.322 205.501
-888.434 962.808
24.877 991.601
460.777 557.401
-972.777 460.24
-265.572 229.521
807.113 458.814
-459.346 49.417
-862.625 86.801
-205.494 -337.282
-108.775 -641.745
-947.442 3.85
-629.95 -426.628
848.654 906.85
665.357 -254.637
-840.864 914.954
-300.347 -78.861
738.457 17.869
674.599 750.513
-253.748 -327.697
103.619 185.911
436.366 580.11
-665.068 -151.649
-506.363 -365.135
-724.544 -32.172
-743.57 -389.029
-471.022 48.986
852.367 339.995
133.049 -880.559
-675.793 782.242
234.437 287.104
-82.088 -655.327
-371.283 -787.264
295.719 437.988
-708.781 -375.263
-328.79 -18.717
507.017 975.076
-511.55 -417.98
917.611 726.718
-725.628 -254.246
-878.886 -879.075
-723.012 699.717
-560.789 -969.584
-773.757 -868.177
-151.414 665.676
-630.173 -436.007
-70.055 -43.742
355.777 353.926
929.048 -257.382
327.581 234.333
477.97 783.129
931.558 -952.926
321.187 -145.157
480.978 126.727
-200.997 870.063
-53.935 167.412
932.26 873.072
391.663 -296.926
343.712 -127.929
559.551 -844.288
-576.618 -969.165
-104.332 -131.076
-420.086 245.127
-96.6 401.161
413.094 -619.999
129.474 12.059
891.142 -114.215
821.475 231.912
-434.643 -371.644
316.325 561.857
269.996 -743.726
-809.699 -711.933
686.727 663.386
629.119 946.075
464.444 -715.222
912.444 -261.323
139.838 -553.201
297.893 819.571
-579.543 103.815
616.393 -535.402
-776.584 789.98
899.988 -137.239
-187.765 725.165
759.406 -56.661
356.417 822.432
-173.365 -26.873
-24.524 -775.989
992.025 614.182
160.081 795.037
583.614 -764.592
-11.824 805.235
-743.234 165.795
827.009 -10.562
-356.068 -262.103
844.694 -198.7
-636.464 -397.151
-579.532 740.15
447.804 -395.325
593.982 75.45
960.291 422.522
481.535 701.352
-108.04 624.888
-76.627 102.845
-307.207 -948.386
340.113 -286.048
387.425 254.144
-865.002 949.81
690.019 57.235
264.265 -441.813
-879.106 466.595
650.6 547.733
204.763 -660.03
-386.32 -537.882
214.864 -590.221
-220.539 913.769
-426.815 77.466
-205.52 996.555
-82.926 -760.942
48.051 -185.765
52.164 479.654
433.695 289.233
-408.305 -109.199
-423.552 -164.758
944.768 481.709
-250.205 -749.146
791.957 383.225
-515.292 268.019
-795.31 32.972
606.374 39.941
-364.705 -8.984
709.924 -758.184
-572.754 -329.755
255.74 748.963
-296.203 323.752
194.345 273.548
-940.205 -79.436
567.371 -877.944
786.873 283.871
664.848 261.825
-253.439 937.421
-946.399 -960.584
-30.132 -792.24
856.213 -791.341
-58.488 923.077
175.501 -783.114
-633.124 252.714
-285.245 -104.404
-745.644 -895.468
-267.945 576.237
830.208 -674.834
702.537 -790.789
-61.707 269.309
-289.565 -358.566
846.203 -192.891
825.07 518.599
497.71 -567.947
-384.391 10.572
-729.507 -692.142
-630.327 -897.424
-854.312 -163.223
809.032 -188.365
-84.781 -248.017
-687.231 -876.598
657.254 373.138
448.36 27.096
-161.254 245.818
-97.168 -536.255
-659.519 -932.901
147.155 982.632
948.485 469.524
-315.057 441.345
979.963 -609.745
-641.252 -251.034
-997.86 456.577
-916.647 787.172
-223.464 256.733
346.053 536.109
-328.387 82.016
-493.163 338.884
-746.788 -206.16
160.747 -471.226
-793.033 485.399
600.765 589.523
354.818 -933.625
139.454 -16.65
493.477 -405.048
895.287 -176.155
-510.094 -626.998
673.014 -760.362
926.485 -67.504
-750.782 -247.385
180.481 -642.334
153.159 -945.075
46.022 -292.709
-838.77 -458.778
593.154 -459.034
-643.726 -934.388
653.617 804.166
-566.023 580.056
-909.5 -89.139
-663.255 -713.184
-66.435 235.798
898.627 740.75
825.07 132.822
467.745 -26.724
-413.885 81.474
-204.988 -835.917
547.506 968.958
381.906 -57.657
732.917 -99.564
-573.151 5.325
750.598 -885.292
-792.338 613.096
-933.828 -299.858
374.079 161.07
889.96 59.261
-271.78 930.105
-704.108 -69.086
-329.149 -460.481
591.315 603.777
-204.934 -515.692
-625.769 -442.686
362.528 -201.756
-499.307 -930.713
688.476 852.535
425.817 -163.758
-207.967 487.148
-350.235 -378.014
-65.834 -504.737
317.378 141.611
-888.617 -758.466
767.701 340.677
-845.201 -228.944
658.525 515.75
-376.26 338.785
-854.279 -702.368
221.435 -145.466
515.686 298.389
-266.514 -412.492
174.001 -911.002
592.407 -603.182
-70.163 -933.759
235.89 -171.127
849.262 -934.235
-978.779 -357.227
557.032 664.024
-524.673 -97.793
-626.312 506.018
-206.018 -462.956
-349.005 981.565
-205.553 -411.788
520.063 780.162
744.649 -829.945
186.326 822.825
-359.548 -214.163
-529.361 722.944
346.576 -29.563
-857.435 -769.283
628.454 17.36
-771.893 -304.719
422.847 363.14
-642.908 935.076
-845.644 193.709
888.266 525.52
-738.519 696.173
-715.936 -303.698
92.562 -858.622
-113.84 581.286
-43.186 857.769
-826.722 -189.571
359.272 -676.407
339.778 725.66
858.187 681.305
796.274 40.924
725.228 -528.894
-134.222 -0.698
119.252 -530.2
325.785 -904.698
-597.955 627.284
-610.986 22.489
-215.269 271.019
-296.634 269.037
-634.986 -221.877
44.897 -234.913
35.333 84.189
-955.74 177.683
-165.84 -522.837
-949.512 -627.169
-713.759 997.537
-972.959 -596.573
-181.669 628.425
-438.173 747.449
237.584 120.629
-530.275 -555.768
603.447 -470.271
364.43 -568.16
-55.457 -100.851
-646.911 655.666
-544.661 -649.152
-712.239 -184.72
447.583 6.607
-443.357 141.156
-479.941 -2.508
-166.824 751.992
221.488 457.869
521.706 879.777
461.925 744.307
21.52 -717.381
-381.25 358.093
-652.277 833.111
-829.055 984.27
658.02 223.436
-790.366 819.957
-167.104 -849.388
2.361 179.049
12.335 502.323
199.598 122.614
-875.203 -961.174
-584.288 -211.927
-646.01 -706.816
-462.624 -395.736
658.126 -628.643
-281.214 -482.017
-220.583 -534.861
-732.299 407.475
412.122 -641.102
791.302 -796.183
-369.252 -303.386
-707.988 -899.631
-807.331 236.999
156.938 554.631
-628.189 864.688
-114.82 -277.017
-829.311 330.203
-323.497 404.622
561.391 -863.008
-991.571 -202.039
549.829 -407.654
185.777 -350.02
-787.52 -601.411
-149.535 626.693
-990.694 470.893
-317.948 -71.421
687.668 282.816
-187.791 487.742
813.521 -42.195
952.334 -812.996
-828.566 825.134
-730.785 -992.362
-689.913 473.637
-762.64 419.645
74.676 946.753
-340.767 -270.109
-891.562 -178.42
-565.376 160.597
328.827 17.173
993.792 575.536
939.88 -83.747
474.829 -158.962
748.014 -289.611
237.325 504.47
-849.544 915.779
-241.815 649.482
170.603 -188.054
481.28 -724.177
-243.522 966.883
144.202 146.703
597.41 372.565
695.093 -531.007
333.258 475.905
-605.796 359.738
947.67 -406.484
-792.826 -163.818
-140.35 -760.718
-64.164 527.9
416.405 -453.172
-637.787 -802.47
-628.14 -396.963
934.125 -784.571
433.238 180.693
-40.853 946.574
-814.711 465.162
604.44 152.679
833.52 -485.253
-591.995 -92.597
-798.128 323.271
181.843 -269.293
-527.179 119.037
-970.516 471.083
-529.7 -52.09
-951.209 -371.854
472.094 -354.749
930.535 -364.346
-147.021 -596.487
344.156 -410.486
-549.654 393.546
926.076 210.891
927.307 932.519
787.649 -238.566
859.532 -608.808
-303.526 -107.521
-829.772 -282.959
-479.063 982.105
-513.784 277.867
11.818 798.913
-352.706 -784.495
601.625 89.021
927.839 378.675
-705.768 -203.88
78.808 139.224
289.936 804.674
-490.586 544.991
375.5 -652.552
24.444 -392.72
-78.277 348.563
-164.761 908.306
960.206 513.055
327.621 28.453
-829.445 487.104
-261.705 -413.326
210.094 -786.443
-395.125 -502.387
-163.54 -800.374
-566.03 34.59
-132.763 573.384
-171.452 384.664
697.406 -836.531
-799.066 652.068
-362.565 -517.985
-94.65 -960.323
504.682 586.57
662.446 -234.893
-843.545 -3.689
-480.677 -991.878
210.95 828.831
-250.261 -521.32
-843.792 -783.965
578.87 630.604
189.626 712.529
326.091 -224.26
539.227 -719.146
188.162 -107.391
-718.381 -894.752
-821.854 -139.934
225.714 -869.633
511.824 -788.572
-245.972 -112.42
851.222 265.615
-372.957 379.041
116.399 380.498
-17.201 -483.026
777.3 767.022
215.066 -712.359
-272.756 -506.474
-758.635 948.998
-347.592 -997.579
-217.816 -794.386
-775.611 412.005
83.004 466.363
861.038 -902.274
206.011 -67.885
690.794 -46.467
-437.317 -119.986
637.049 264.511
163.744 -821.975
-740.942 867.499
504.818 233.025
-215.366 -182.629
462.484 -563.864
-339.822 -355.744
14.183 45.701
-620.342 881.1
-702.862 239.327
-145.0 23.485
788.081 719.251
-594.654 -282.135
398.56 342.288
235.185 -783.857
212.947 764.084
-67.725 -505.532
-276.055 862.345
407.226 315.041
-703.941 -331.791
294.307 976.501
-546.836 384.63
-607.704 -189.508
5.18 -806.093
-77.082 -768.251
615.271 -258.171
-575.637 273.842
193.938 -334.324
954.46 210.99
850.492 613.577
-150.018 136.24
230.671 5.106
314.647 213.833
76.238 -529.056
604.235 213.48
462.03 407.756
41.019 -349.458
255.745 -757.198
160.775 401.616
537.462 -401.594
-561.322 -375.536
131.945 -762.574
-682.223 -857.544
-495.133 444.421
957.588 -933.65
-197.24 685.269
-705.936 819.56
100.492 904.148
-10.753 -934.012
-954.82 556.037
-682.231 339.469
-30.229 381.456
983.631 580.543
-597.88 -497.025
-76.233 -239.281
627.012 628.742
-900.016 -94.446
929.173 763.05
140.677 215.32
-359.057 334.203
-999.075 -943.682
407.986 -292.728
633.981 820.312
242.918 -434.109
-24.669 653.128
932.558 -439.02
609.492 -794.91
452.78 -456.108
424.285 -874.911
-900.256 -694.12
-696.91 -894.703
-712.925 -364.581
514.126 -578.784
-943.24 -641.327
376.512 -910.475
566.095 -812.665
-117.59 805.753
657.937 -108.466
233.801 -890.372
-305.129 -259.712
-746.904 -36.833
-624.422 236.067
-495.091 920.347
-10.929 -39.822
539.976 -373.384
856.527 -433.603
-727.195 -235.649
-608.84 646.686
-508.737 797.517
269.098 88.073
-384.922 460.604
-171.244 -867.58
837.831 -585.647
-418.088 -600.339
-893.864 -724.245
-821.609 -917.715
-155.522 -901.929
323.651 579.734
322.962 478.661
609.087 -917.959
-267.719 488.542
-513.828 990.714
854.524 -762.482
-29.351 -31.938
768.21 961.574
-592.22 436.587
302.817 870.58
417.346 -915.056
516.219 668.505
832.049 -777.939
439.423 -696.28
952.107 251.107
62.635 -815.956
-234.188 -966.256
-132.333 -623.3
-670.076 -560.517
56.169 -247.582
982.803 331.608
-773.017 -830.088
611.165 -945.454
604.845 858.076
-691.497 740.221
836.809 114.218
774.646 994.45
359.849 819.669
540.71 -719.131
680.293 586.151
-100.537 765.504
-520.458 -284.585
-380.782 318.712
807.035 211.448
363.203 -302.641
819.817 -97.286
-630.367 -218.616
183.667 131.128
-215.705 -387.67
-966.679 -686.38
4.398 -475.145
246.013 -884.839
-859.363 267.351
246.08 -477.306
-979.96 -911.217
285.404 309.793
244.199 -269.566
-41.485 42.385
-247.385 -516.941
-320.018 152.635
278.327 880.603
663.621 -950.883
700.305 -38.34
-559.642 839.355
-631.377 -232.002
972.761 640.074
896.072 -409.025
339.69 718.204
384.506 152.965
-217.58 231.469
408.635 -529.06
114.679 95.684
449.108 478.157
-945.562 -996.77
845.659 963.992
398.742 806.939
849.385 359.592
357.106 -394.526
-383.651 698.436
-17.425 -717.591
-106.833 -886.114
-790.304 455.63
382.725 710.959
-67.525 947.02
357.045 -659.877
445.149 -95.872
-343.59 224.591
-732.104 554.745
496.427 254.237
876.412 59.235
148.342 -947.892
969.829 -648.107
382.273 -788.346
-895.526 279.808
-737.519 523.878
-890.42 -699.638
504.769 194.892
-655.355 -316.867
665.219 -346.536
-285.603 938.115
-688.477 -570.789
-888.322 -888.444
525.266 -147.304
853.918 310.465
-576.89 403.894
593.511 -683.278
-793.05 -225.748
-126.19 65.074
222.315 -763.841
-671.535 -428.657
-679.242 706.561
-571.832 -271.157
781.111 -304.76
-645.832 245.126
-264.947 -204.272
-299.085 -680.762
160.107 -657.805
870.017 -347.663
196.527 166.93
467.929 -392.109
-406.021 501.412
-3.085 837.114
522.008 -144.812
-608.06 -96.296
111.282 419.941
645.847 -302.299
-165.157 -415.776
16.103 86.795
819.493 990.286
-126.064 167.114
797.307 -353.483
-6.676 445.827
-356.886 121.473
723.141 882.125
-895.486 -72.082
459.393 162.14
846.762 728.611
-866.759 -251.888
282.325 -373.969
-725.303 995.472
-337.245 6.159
-994.444 745.164
-150.498 -244.192
220.712 234.66
-907.227 458.962
-905.781 553.309
377.283 -185.536
-986.544 903.965
-220.519 14.436
564.415 657.426
9.062 -936.675
-408.499 -164.941
526.051 -339.52
717.848 259.287
-674.478 278.796
-684.197 -330.74
-780.192 531.907
626.918 122.155
-650.884 634.032
442.77 -469.091
640.218 958.128
757.698 -731.17
-14.781 -513.038
912.672 -808.152
742.55 22.99
-472.889 705.996
260.09 -369.771
-804.91 345.851
895.688 -448.403
507.584 120.611
-519.201 969.672
-373.705 795.132
979.834 -545.899
0.446 321.515
140.961 254.631
205.89 228.265
504.645 -133.486
-305.104 887.976
844.497 290.257
200.096 -320.505
-733.059 430.989
304.552 -356.614
-740.501 -985.971
386.007 -868.515
-820.371 334.734
508.128 -84.975
532.293 -754.999
-425.738 214.474
-522.367 -152.739
-949.089 85.568
435.98 858.639
-892.403 338.902
-436.332 990.589
-355.546 503.833
270.222 -796.018
308.816 799.74
924.293 -876.807
693.792 -275.704
-18.496 553.085
-584.126 822.159
984.143 -284.778
470.801 -663.94
-967.043 -400.625
-966.609 17.849
-411.184 -820.391
27.347 90.687
852.438 -185.868
-457.133 -927.919
-69.572 -114.118
-351.137 -930.341
-253.47 -761.139
985.286 -758.406
-903.687 -589.877
-260.66 -104.515
-68.249 -995.545
672.138 -114.376
567.984 990.615
314.737 -940.74
715.231 -196.154
816.376 -152.469
-448.811 -577.491
-269.899 -798.848
634.291 -474.891
724.5 -590.041
695.665 -373.664
552.74 -279.94
659.542 76.191
-679.76 -73.956
-876.823 -181.545
238.763 -737.2
-727.071 198.1
312.57 641.251
-222.673 345.64
782.303 196.062
-130.076 -958.312
47.436 -643.799
-150.565 -961.126
-660.581 -549.368
628.512 316.043
-945.749 247.82
735.985 -269.121
172.714 555.318
167.075 -331.345
562.233 -589.01
-478.158 -477.292
-610.655 -307.822
269.539 -153.757
-590.965 -282.95
733.173 389.98
-462.857 385.419
-514.515 81.224
-52.895 413.469
-3.975 -994.563
122.324 -822.866
566.916 377.029
410.005 -825.187
441.716 -532.701
-53.495 -348.4
337.003 -680.328
-595.926 -468.101
-667.151 -836.925
810.477 -975.096
-69.377 516.894
-803.43 -20.656
-29.68 203.386
-520.021 491.358
-29.374 625.994
291.762 683.359
449.31 -616.036
895.019 -654.646
-898.977 14.981
-716.57 758.38
-389.526 38.118
317.618 432.617
723.05 -775.569
-18.383 552.616
556.606 -803.813
761.415 172.258
-48.378 606.248
-931.224 -418.178
-717.538 740.74
983.257 182.408
-970.281 563.48
263.995 22.421
-671.875 -450.013
-805.006 -912.575
-751.194 601.436
306.957 892.644
-553.701 253.636
-808.644 -11.151
351.929 -580.775
-930.168 973.924
814.962 679.255
477.719 -54.014
-658.867 414.419
278.237 -3.97
-554.071 843.469
41.112 -534.716
1.667 520.117
-906.246 256.341
-330.655 -688.085
911.957 377.762
232.539 106.071
998.579 -191.911
-837.334 -229.249
-96.633 267.746
-165.876 -912.887
-726.193 -788.461
-734.562 -980.285
679.538 312.846
-134.585 438.069
272.272 335.637
-573.831 -695.269
150.079 -767.457
392.227 777.271
-334.609 265.972
-799.178 -520.357
-487.427 211.483
83.537 377.379
967.956 640.956
-347.553 179.801
639.7 -834.761
650.514 -429.397
880.997 860.795
-486.846 -456.848
822.895 167.899
470.573 -121.644
-296.398 -67.611
-706.545 798.561
-889.872 -21.008
573.768 -386.73
-748.901 -784.479
673.267 -176.148
138.015 173.601
882.64 626.618
-348.875 745.991
-397.887 -389.677
387.531 -273.79
-381.075 -863.559
-415.184 -363.597
-365.852 406.623
23.237 21.615
332.683 -212.193
-242.187 729.18
769.558 220.753
790.136 -499.996
962.403 -48.681
116.21 -689.489
-524.809 191.904
-552.38 -126.268
218.728 896.859
-319.534 53.868
230.493 -24.648
-32.575 998.817
496.808 992.976
475.625 997.274
-497.282 -696.779
-485.229 -671.664
-365.326 525.107
591.538 433.156
703.62 354.8
-449.891 -804.118
-424.056 -725.111
-540.836 729.903
-89.378 -707.524
-110.905 828.001
198.398 -308.925
646.199 -901.406
349.58 711.796
-527.584 -530.518
834.068 208.262
328.083 111.066
-20.884 -87.905
-547.772 -254.351
-806.059 -998.714
-317.058 58.887
935.325 -79.921
-287.244 857.699
785.09 571.156
938.685 888.374
-681.766 -824.781
207.235 600.196
541.862 -260.883
-799.812 -878.124
46.638 530.441
127.843 378.144
31.787 419.999
-813.341 -755.068
-800.578 908.508
240.71 -637.312
-759.79 635.806
421.56 -529.704
-730.194 285.052
-176.523 -620.6
316.046 176.463
311.814 964.021
-321.196 621.513
-609.067 -432.416
354.381 424.574
537.307 -110.377
250.891 -459.223
657.3 743.38
349.96 -568.58
-417.919 -445.939
-608.051 253.293
544.31 698.259
731.814 225.817
-837.904 480.93
525.784 -550.056
-247.64 -556.9
-413.22 -545.171
315.319 310.667
329.885 529.803
-658.586 -491.016
5.453 678.019
473.479 845.583
-762.337 -729.271
821.428 -665.967
-8.482 622.359
884.868 -136.651
200.269 -843.779
-707.022 702.836
137.803 6.242
630.597 -641.68
530.472 992.784
-418.242 246.973
-647.036 -925.366
-232.198 165.814
629.296 -288.675
632.235 80.867
-829.48 867.973
130.949 -13.992
152.525 -786.518
-188.62 708.941
-887.309 -786.833
69.727 -894.718
-447.91 946.964
502.856 -66.459
-220.295 -765.731
730.59 -555.456
-222.075 -320.99
-57.299 -815.783
965.831 -961.304
-228.129 -177.996
74.887 -57.047
-375.49 171.173
862.55 -50.427
285.801 97.381
715.229 -97.943
277.782 588.333
490.173 93.569
603.858 -267.796
-850.937 -223.187
721.977 851.766
-785.69 184.486
-844.424 -682.127
-185.905 964.657
-50.842 -731.803
650.756 -813.258
191.507 42.59
-937.429 740.984
910.061 440.171
-894.564 -238.701
-535.05 -950.741
-925.885 564.658
346.794 113.988
865.365 352.978
-679.862 991.77
151.517 -347.983
697.719 603.037
-326.667 633.7
407.73 -442.859
-247.881 623.49
-135.006 -815.515
-258.834 798.755
904.336 -892.885
-230.245 -549.387
998.077 850.842
778.746 -682.888
862.605 -118.064
976.339 -488.725
-151.722 733.846
490.712 -748.634
-181.312 395.917
-220.319 -13.978
288.032 176.08
-445.011 -288.677
503.209 879.379
512.257 -411.509
513.629 384.168
-279.957 563.461
-478.551 975.145
-267.558 208.577
64.802 -249.118
-541.177 -833.787
683.925 919.67
853.895 -919.997
293.618 -419.899
501.464 23.154
-28.363 890.993
-861.81 -143.603
-754.277 -239.848
-313.554 775.969
132.305 -258.957
853.963 -808.264
484.312 462.084
363.702 -440.082
-632.881 -990.338
-305.417 353.184
-477.773 681.237
-69.379 951.459
-878.389 49.357
675.483 -946.5
609.194 -518.077
54.604 496.702
784.826 972.073
289.785 899.173
-145.683 -358.627
267.296 -103.334
531.056 -102.098
130.309 522.441
-33.769 -734.028
467.301 843.951
264.094 295.953
-884.347 537.312
-393.521 -230.816
-664.847 -45.132
-192.827 -488.366
959.102 772.407
56.0 -876.538
385.564 843.737
44.993 281.75
-137.783 604.123
852.815 525.924
-534.862 518.744
-786.015 59.879
86.667 -191.893
-121.84 349.327
849.586 190.72
-253.735 -784.959
908.378 204.898
-555.105 811.207
-682.506 -433.193
-35.328 291.412
285.021 233.819
-691.395 -327.593
-567.276 799.49
-959.456 -983.111
-706.209 593.591
922.685 -263.695
224.871 -228.697
-363.664 603.214
118.985 -28.303
-95.207 -267.527
629.298 -916.88
436.656 -247.459
-557.481 262.416
-869.797 -376.472
-185.3 580.781
-783.3 915.587
-684.571 128.779
939.808 -422.053
315.547 -577.345
-13.866 61.172
-971.582 136.581
440.035 -692.613
460.011 546.333
48.621 182.836
-920.395 920.564
-87.877 664.949
769.3 500.842
899.215 -30.923
238.218 -797.317
-471.043 667.007
182.119 103.778
-47.817 396.074
-48.402 942.198
-788.844 -167.7
142.236 -713.622
-309.927 -661.214
-380.944 852.953
-831.329 -967.552
-200.571 218.516
303.634 -114.958
-415.887 -996.761
378.08 -889.907
27.268 -735.47
259.439 378.123
-203.544 487.338
-857.306 -982.629
-812.497 53.295
-322.535 -512.651
-92.465 -987.054
-875.28 -958.637
-987.658 -700.667
-719.065 449.803
-661.452 -208.469
657.533 747.942
887.824 -916.325
-808.403 490.398
-756.211 932.973
-846.69 828.923
92.111 -863.674
-242.394 -608.137
-462.782 176.044
-989.618 -235.941
-73.596 231.992
801.993 686.175
-920.668 961.466
-436.775 -390.169
-836.874 606.561
553.917 -148.908
671.891 117.286
487.369 -274.397
134.84 -485.418
-729.763 939.881
180.147 -341.287
262.244 -756.914
-107.866 -782.904
796.486 -30.636
735.262 -688.133
-346.479 707.597
573.387 190.133
-367.709 -927.933
-685.902 -449.17
477.643 802.1
-832.743 36.511
928.82 -716.156
-348.801 598.997
273.028 -899.198
390.632 895.06
235.377 941.802
-996.053 760.269
-411.201 936.782
301.697 -723.363
-569.461 929.706
-641.125 -769.263
-74.108 -359.311
6.373 -4.525
-750.105 372.593
-611.41 -995.238
-966.735 -819.804
-587.284 603.965
-739.483 -529.788
556.294 -169.358
-149.377 464.076
633.269 -439.851
36.125 -665.568
20.561 -21.608
-978.245 824.039
229.882 -912.206
668.147 -401.432
-135.203 -937.421
157.22 -226.614
-217.185 -101.775
673.453 -650.731
-243.316 265.534
894.643 418.117
697.997 890.945
-376.227 219.887
-859.86 961.489
-916.873 584.018
-14.489 967.969
-404.39 995.367
-344.709 -485.937
660.907 -358.548
4.259 -470.622
-390.632 -185.929
-64.452 433.933
-763.924 375.733
800.406 -99.593
-310.855 -490.667
-68.82 492.76
-576.203 684.644
42.249 697.818
539.506 -707.956
565.98 -652.953
-63.121 -244.759
921.728 -485.883
467.27 263.149
-743.82 722.488
536.959 540.888
-420.716 -143.309
-389.292 256.023
295.28 -621.791
459.079 440.16
-689.353 -799.75
-399.497 -230.507
-347.283 702.299
929.955 -412.229
798.241 -597.508
980.132 -655.598
957.009 -727.099
-502.325 578.925
-334.199 -510.608
-301.782 -165.53
618.114 971.694
548.386 47.711
926.533 530.357
631.936 540.73
341.69 -393.468
803.26 -702.482
-989.406 574.448
-557.838 399.68
94.358 -773.916
-534.479 271.118
277.659 -853.55
222.98 800.393
343.981 -36.358
-983.942 828.45
753.297 -769.6
-842.028 497.39
56.655 273.417
675.457 -576.272
-292.686 219.108
-679.084 -853.379
-283.621 -74.706
444.843 -189.978
-921.895 551.564
-247.254 796.722
-103.023 275.176
-954.64 773.966
640.545 211.006
571.134 -725.786
743.507 -258.713
-923.055 877.09
113.325 -815.045
-939.145 156.496
-470.396 -558.08
-929.016 -81.14
-549.426 500.03
354.67 -328.204
131.72 -707.928
286.485 257.018
107.218 668.426
52.288 -234.704
-604.658 -670.078
-212.849 -109.478
473.178 389.952
-799.084 -381.208
-841.678 -877.19
-320.589 719.093
5.878 706.474
722.261 985.004
-447.358 -467.73
953.533 -628.101
442.414 -416.322
183.84 -938.525
-247.207 989.661
-485.446 -237.072
-775.965 880.999
12.424 -596.444
810.315 12.518
491.961 -173.94
-399.072 448.426
381.054 452.52
666.215 816.559
744.145 -288.472
-431.228 -50.851
-507.75 580.986
-414.365 754.243
-732.834 16.599
178.873 602.255
-676.13 -389.63
633.684 -83.503
127.843 885.214
86.4 -625.729
595.221 -320.266
383.869 -947.239
302.458 -440.867
-755.762 -981.152
-399.587 183.103
-201.09 -780.968
659.301 -53.554
53.492 600.419
-256.47 131.742
672.435 -937.307
-307.211 406.928
92.786 -231.326
-743.895 488.135
189.111 699.175
-570.093 133.037
602.412 852.777
461.963 -983.213
492.113 257.67
-744.299 -307.182
-297.506 -609.337
-330.65 317.534
732.711 -261.535
386.387 -91.139
644.567 336.386
-563.608 -648.578
-282.406 -377.09
61.67 680.543
613.404 -753.974
999.626 476.179
-766.055 -110.184
-756.157 -524.768
-587.522 114.368
-177.488 783.227
664.614 263.957
-751.337 -826.913
-142.52 -381.949
-559.443 -9.056
95.278 -860.167
863.619 -538.04
901.844 768.024
-568.497 792.093
338.094 361.712
-832.35 -887.188
-300.37 641.785
77.034 542.538
988.516 -338.407
-681.901 817.228
-574.151 -150.94
-438.758 346.631
-595.8 -750.666
-835.108 -691.585
288.235 232.772
866.672 -158.602
67.066 444.696
-48.71 -413.481
333.284 -55.767
-338.971 -371.018
-205.966 -120.522
-726.457 386.0
-120.831 887.904
889.693 -927.741
-232.344 231.915
-792.317 866.464
-743.136 465.636
-372.542 710.526
-208.433 -340.74
722.431 -417.381
-159.257 643.22
-526.854 -801.301
810.487 -825.698
-236.959 274.433
83.857 -375.648
-943.029 -226.319
686.063 -801.231
-917.424 433.14
312.656 -980.435
-508.943 953.88
-500.354 -538.209
-261.348 -755.189
-349.325 -656.561
189.389 -822.066
638.305 -202.046
-601.46 790.044
673.039 469.353
-519.097 240.24
909.513 -842.931
340.319 22.337
363.23 906.466
-384.158 739.507
-940.69 -71.589
-415.498 -326.149
350.926 794.85
-98.542 -22.697
840.561 -757.788
777.283 797.396
643.659 496.547
582.877 735.634
2.853 -805.817
-511.029 515.536
771.302 -556.618
570.525 777.759
411.581 -606.294
-334.964 469.193
-73.334 11.294
-240.509 749.521
-93.571 -883.287
654.581 732.729
-953.544 438.138
-236.416 -146.486
872.686 151.158
347.564 -961.438
872.992 423.673
-146.925 897.144
-158.278 232.564
-255.096 719.028
470.497 -728.11
526.488 -490.719
-457.714 -785.41
418.277 -871.777
344.976 -972.0
505.117 -480.009
137.609 40.772
29.595 -579.3
166.135 543.927
-899.832 -989.309
-865.49 320.175
-689.237 803.35
-23.461 -225.045
-566.538 774.775
-756.495 -568.952
354.005 262.809
-709.809 -837.553
-809.82 184.827
613.572 118.064
712.002 907.18
68.572 750.497
-742.849 -173.369
-994.545 695.325
910.196 -69.287
-275.921 -158.034
-984.071 22.833
930.431 -137.918
-120.928 684.39
498.8 -747.719
-737.665 194.203
-826.984 -742.608
36.662 -550.309
20.732 813.958
974.068 -192.593
-127.031 587.258
-839.15 896.242
-598.168 -587.546
691.5 535.506
-78.219 -420.713
-508.046 -521.421
-724.753 942.819
487.664 352.735
-146.548 -635.269
603.021 -314.626
-505.924 -16.292
318.478 -874.781
722.734 756.294
-359.024 506.91
-152.283 547.961
-779.499 -571.004
-780.576 -660.986
-808.722 -340.568
69.603 -611.415
-655.69 -813.996
476.129 890.118
-425.35 -531.453
-332.505 -624.341
-433.499 -975.25
-53.22 983.453
-168.364 269.406
10.024 -348.473
-396.955 489.803
-144.211 -369.393
417.72 77.692
-770.199 694.69
710.024 -23.146
229.581 115.45
-646.213 516.288
788.575 810.992
20.207 878.864
916.807 -441.009
-920.028 557.986
-883.832 539.055
-319.117 -584.005
528.294 -241.51
-892.227 409.248
-168.423 386.619
239.318 839.511
379.466 -561.714
-19.224 -467.021
-41.361 -16.083
-543.055 -826.443
-321.072 -523.291
603.293 671.676
844.284 553.608
-502.191 727.839
-825.455 -152.134
553.071 654.019
-729.318 460.668
954.941 241.546
-108.929 677.748
-266.631 528.867
898.49 546.653
753.398 635.987
263.546 734.02
783.934 -533.807
957.921 -118.8
360.201 -91.707
-377.213 -810.082
724.671 791.986
367.4 -496.146
170.819 804.021
498.694 523.831
39.544 972.502
-890.061 -975.515
342.535 829.175
-929.653 471.477
-329.336 510.594
-633.647 472.012
-773.293 765.541
-603.805 459.784
-729.581 919.153
-894.042 -840.531
-978.47 -205.237
-437.125 -128.827
-280.723 685.093
3.12 -466.441
17.549 16.423
432.29 284.989
-65.994 98.215
976.087 -300.687
1.141 409.08
-16.799 464.92
-288.962 401.141
-45.821 -802.093
747.598 -826.792
834.764 203.232
-412.583 -865.927
735.057 -891.678
-248.851 416.948
880.113 599.837
277.234 142.137
-291.299 -958.498
720.607 925.486
445.407 471.791
-591.561 -734.207
-13.653 33.491
-204.582 40.449
-148.683 942.332
965.03 142.604
-396.66 -964.519
-542.047 884.132
878.639 -338.082
282.954 992.077
756.462 831.726
-476.946 -806.72
509.812 -921.326
-114.039 -185.992
687.812 996.907
-554.09 -325.382
678.31 -435.535
-252.875 -125.515
-502.583 979.013
506.263 -164.837
378.695 987.651
79.885 573.116
883.775 359.422
-670.826 436.999
-44.293 -397.953
-365.321 43.017
-151.682 -111.559
-860.28 389.508
135.597 -177.648
-246.5 -772.932
273.357 714.782
-329.457 262.043
-191.947 -863.51
-438.512 -546.64
701.493 -311.104
-605.243 330.283
24.22 -617.662
758.797 116.945
669.883 152.763
172.089 732.302
-509.949 859.519
-643.495 969.562
-898.953 39.607
-336.458 845.246
-376.375 944.755
-940.926 -649.26
-791.997 354.813
-935.975 -191.094
-496.943 768.908
596.439 445.67
-564.542 -590.886
634.5 -701.793
-874.787 768.877
-120.344 603.755
144.689 -35.305
652.75 -675.102
-850.286 -39.35
764.745 211.086
854.117 629.176
454.365 -411.346
-717.781 892.901
219.397 -802.908
631.294 -9.977
-8.541 -464.867
533.905 -838.186
-318.695 -826.21
-39.713 -325.83
-960.429 866.346
367.713 -156.339
-839.645 -712.457
374.855 324.875
453.135 -451.117
-221.031 -839.41
800.669 398.191
947.644 -362.027
220.659 -215.662
-37.153 -447.296
-31.528 978.153
-367.172 380.238
803.475 -133.02
14.883 -674.182
540.311 695.301
-116.599 -255.929
501.549 -75.02
352.188 944.395
-754.044 -868.331
181.464 934.824
708.54 311.463
210.102 -827.222
-240.632 485.755
-997.918 725.337
961.122 273.867
-997.112 -657.474
-122.892 723.616
549.738 473.119
-387.832 -633.923
11.544 695.415
897.997 -999.844
938.707 -561.172
90.197 1.423
509.429 -159.911
566.186 -426.317
796.172 -319.027
128.07 475.574
-824.641 525.593
81.031 85.597
465.168 664.248
202.105 22.405
393.909 204.439
-613.179 -643.168
-580.959 162.615
-666.27 105.816
862.956 2.414
-948.732 370.1
-59.125 -255.686
976.589 585.072
62.595 572.261
-426.106 -31.777
387.303 -226.957
-351.405 -991.487
-713.376 494.486
-162.9 -589.753
822.035 -776.751
-742.068 -653.391
956.929 -258.716
-482.632 -723.753
-156.874 -388.182
-522.939 595.502
461.841 -993.953
-437.509 811.929
-260.264 478.226
288.596 -535.171
-427.06 140.22
318.993 -152.104
-645.369 615.9
-493.526 -123.214
-995.118 960.099
-695.558 360.717
4.629 -37.429
-859.465 -902.087
-489.865 51.236
690.913 56.355
515.786 -454.329
257.923 310.485
-521.422 206.006
-221.717 -43.326
-510.776 746.747
562.86 279.304
511.707 225.623
-593.867 10.945
448.894 53.965
637.874 107.831
-579.498 439.442
-202.885 161.706
58.642 -309.004
-754.479 -105.176
114.575 439.836
933.528 -795.007
995.731 -302.815
485.556 -501.051
-925.71 616.538
269.96 667.62
263.617 -528.747
86.84 -19.023
465.51 -280.182
-771.988 207.266
-949.869 883.988
-488.697 829.51
-192.25 333.788
859.122 858.329
-646.981 817.403
559.972 449.398
-884.973 -210.778
-692.066 439.224
-183.349 262.356
-629.8 -823.647
-886.844 -191.682
-86.184 961.864
613.075 76.593
-173.379 -113.715
424.008 402.454
-35.699 65.549
-864.779 217.607
-282.234 152.453
-470.461 -139.592
899.241 148.318
137.056 -565.584
-276.898 384.301
-438.74 337.266
-684.336 -487.424
-224.173 -889.335
-529.231 -697.149
967.842 385.844
-3.804 -220.936
-782.647 73.092
559.856 -777.939
73.042 -182.286
-213.091 -577.05
160.641 -957.123
-523.564 -271.341
-54.894 -471.183
-194.089 -592.213
101.465 -48.401
-705.153 -206.522
399.259 -354.396
-977.509 -720.257
857.497 413.826
686.981 16.244
424.099 -290.182
549.559 584.16
-945.967 243.831
177.604 21.92
-132.62 373.524
400.013 -677.907
394.545 -464.509
594.811 977.848
380.173 859.553
-870.408 -465.433
-942.593 6.441
-65.668 -553.022
441.67 -24.452
-453.566 672.688
902.621 -356.813
982.797 681.75
237.244 -216.497
431.631 -25.356
443.196 147.744
272.015 -86.951
-701.002 -717.229
-141.44 740.508
-242.275 349.927
512.405 -352.495
-516.082 899.607
-979.044 -6.444
-728.377 550.331
484.301 712.134
-47.492 -161.051
746.23 979.397
-59.26 785.713
-126.206 126.005
712.771 383.759
794.238 -783.458
-283.31 741.679
-245.321 188.674
-980.461 861.291
31.443 745.497
-690.112 913.151
-925.037 -315.918
-987.208 -949.405
223.73 540.585
235.556 -838.245
-304.038 59.485
854.665 855.884
-561.913 170.843
323.388 729.901
733.26 -487.725
-288.156 -127.741
-634.525 -637.005
-808.167 486.134
72.166 230.068
-440.72 -832.158
243.802 547.229
149.186 311.908
819.874 -195.947
199.393 -582.781
-896.41 103.264
-366.337 167.598
174.515 -916.816
-973.479 476.016
347.62 -129.29
-261.335 -869.669
678.958 644.445
-582.664 806.9
301.58 -872.595
-719.642 703.19
-417.462 409.865
4.981 -773.853
-93.245 -618.504
-950.261 -248.489
589.635 -541.596
60.734 -861.501
-372.06 90.451
778.331 610.701
166.012 515.422
777.594 -206.952
10.627 923.544
-530.865 561.627
-625.813 -426.204
-278.763 -850.565
-281.653 -359.163
728.733 119.266
-620.434 -786.33
-808.105 305.224
-893.248 403.388
92.605 488.587
56.584 -157.923
-473.111 871.489
-864.076 946.552
-455.32 -969.097
747.779 87.227
880.881 -144.262
980.114 -81.889
244.411 -626.506
-0.841 688.905
-897.112 905.794
-493.025 -85.283
58.977 -926.134
-201.779 -693.649
-945.102 571.738
453.518 667.368
-215.006 -986.441
297.451 -382.534
252.293 743.21
-278.577 718.124
-722.943 779.129
560.103 557.286
-557.661 -330.938
-165.9 256.751
719.51 -134.469
-889.411 970.657
-279.839 969.022
235.149 668.854
705.142 287.84
392.467 -143.602
-30.6 782.623
-574.479 608.853
145.868 934.733
167.275 853.493
-383.235 -466.895
-76.662 752.683
686.664 -916.666
-618.611 739.172
-834.702 581.482
552.086 463.854
863.345 616.055
-963.442 -750.501
-723.829 -154.825
563.451 -5.82
818.565 538.58
-383.037 -497.671
304.631 -663.326
-798.579 626.815
161.774 -738.461
296.07 523.829
-732.683 -30.077
-615.707 264.804
104.431 565.577
896.754 577.737
-985.128 812.486
74.483 -804.522
-473.652 956.473
-500.219 68.022
536.515 -973.874
-382.623 -566.265
-607.826 764.114
29.947 -471.462
-693.18 -271.195
-360.219 928.819
814.695 -214.628
520.825 -931.855
316.795 -332.675
107.596 -937.251
431.059 814.838
151.536 -300.653
761.015 507.325
88.951 -344.747
664.346 730.317
-893.726 -814.941
-372.059 -558.257
86.997 376.554
609.509 -333.958
80.912 119.635
-901.353 -38.229
241.99 821.651
600.423 238.446
447.978 -786.746
-435.907 61.008
39.235 613.941
-304.894 515.385
269.204 574.216
-771.699 -410.075
-144.628 -814.686
193.244 187.83
-494.926 -91.712
-928.933 735.355
-186.654 -273.116
686.83 821.399
-218.223 72.658
-275.929 713.344
-372.595 -334.938
554.554 267.583
-201.91 -4.749
605.345 -148.881
-278.846 241.439
-295.609 199.053
-662.632 -542.734
-436.854 547.79
-734.448 788.129
122.092 669.494
-637.989 -237.605
944.979 20.744
-380.55 292.452
52.985 -215.84
-375.893 772.991
97.334 -532.606
-564.153 -329.697
880.952 318.414
503.734 -598.472
316.521 -835.871
-600.678 355.113
-606.051 -138.053
630.46 892.481
793.392 -672.29
13.511 -50.357
-405.791 -87.519
660.878 577.439
-108.771 496.293
-546.675 241.187
612.657 -779.513
527.309 -847.714
397.868 735.44
115.13 762.254
-307.512 92.571
332.561 45.336
895.406 627.859
323.055 -759.76
269.179 502.552
392.435 361.61
-391.175 55.447
-385.11 -452.261
730.512 -609.388
-46.654 149.412
-160.259 491.712
-305.574 -316.902
-29.79 143.475
697.187 -230.269
13.572 -514.168
-421.661 -701.335
-751.355 12.077
194.641 -478.598
-373.544 170.056
898.21 -747.921
-791.059 843.778
27.744 -136.019
-377.447 -497.796
-866.655 -148.153
546.611 341.684
-904.091 663.991
334.999 -496.16
820.245 -391.427
-349.15 998.661
-15.492 920.722
686.297 -959.859
637.997 -237.66
-808.745 -129.24
346.369 -240.801
890.202 987.462
-298.594 -51.931
-624.422 -149.081
943.506 -459.742
447.666 -822.74
-465.741 258.58
13.657 -968.797
-988.467 -777.448
-251.323 284.707
313.974 -401.815
-310.365 -376.743
-283.134 -440.452
714.303 303.014
-346.216 549.605
85.27 714.953
-232.679 -927.435
744.114 -650.321
-211.914 452.948
689.808 34.92
70.197 -517.512
40.921 769.813
-234.762 81.758
58.926 715.191
427.037 958.072
304.28 -953.606
189.028 -937.085
856.104 575.285
446.925 -229.664
-498.518 -993.587
-956.206 -986.29
343.134 -476.568
426.414 -751.245
220.415 -904.844
-832.712 26.49
-538.456 -894.481
-645.3 276.298
-244.77 428.994
-722.581 997.618
-633.312 -586.543
-7.508 665.452
226.217 -352.047
-476.56 -584.918
833.6 -228.322
-910.311 170.276
-479.268 -532.352
-578.311 686.706
-671.39 515.241
313.803 -267.896
179.411 -895.156
587.612 522.917
722.43 922.767
126.668 777.252
537.735 686.938
-806.9 354.093
-306.56 229.149
-131.313 -709.867
-881.527 -240.311
-876.132 -948.997
123.331 413.177
-687.33 -489.481
-977.858 -371.489
-483.27 398.435
-771.092 704.918
-418.079 582.251
216.021 709.244
402.407 -131.581
-160.221 434.371
946.923 956.073
-687.219 -278.588
-422.931 652.842
-143.965 -915.703
-745.668 504.95
150.35 -633.696
-621.321 -480.497
-280.0 -75.002
826.417 -624.747
292.554 -361.615
146.25 -265.435
809.388 130.465
-688.781 -872.407
-34.825 734.389
-355.838 192.974
245.343 -83.159
-203.702 -370.631
-675.213 692.002
620.568 346.386
235.854 -333.741
-128.72 72.141
-143.684 -184.318
-305.887 -91.872
-579.649 470.387
-843.446 -744.759
-857.227 -551.001
520.328 399.657
31.671 -287.125
-579.566 554.06
570.329 -642.891
-397.387 474.187
-571.036 585.518
-422.955 551.024
-336.907 568.322
-422.923 12.961
424.332 -537.866
-150.102 40.683
-599.606 386.268
-275.966 -256.704
-427.296 -928.164
714.236 876.468
378.497 863.936
-320.754 928.945
-296.056 -19.626
360.554 -426.943
-240.447 891.118
-957.496 572.559
905.709 447.515
280.641 618.379
469.732 -696.731
497.649 -59.569
924.972 -48.351
-358.219 782.927
-965.63 -907.151
820.009 -922.208
-573.324 -959.476
-640.979 -794.801
-720.239 164.256
922.353 -786.781
-806.931 626.269
192.624 -551.081
-617.94 110.974
822.445 -802.557
952.36 870.958
-181.432 -538.644
-733.882 487.64
493.062 -772.417
-471.836 -594.175
-50.39 -327.849
-927.302 -356.305
669.477 -214.469
87.122 -118.819
100.898 619.601
531.566 920.016
357.988 277.734
523.111 -799.162
-642.777 73.465
-627.594 812.738
412.527 -213.511
-324.614 586.193
-170.958 360.953
-584.753 434.531
644.897 125.261
-623.446 -929.805
757.477 -317.549
-834.271 -90.016
-648.023 406.408
-799.607 -413.435
-322.907 -91.859
976.006 118.374
-61.406 277.682
-676.717 -238.091
758.956 757.684
-340.536 -431.635
974.892 166.559
-970.914 223.916
231.858 -132.818
214.068 -843.4
448.518 -975.098
391.726 -126.747
875.983 982.401
139.007 213.406
-565.35 49.22
-783.529 138.978
292.159 773.832
255.327 -419.216
940.065 822.389
-79.754 -222.447
-653.349 926.436
-833.057 391.869
-982.441 -715.96
-817.911 -326.298
-11.12 825.619
39.425 -207.094
-564.511 844.032
-93.834 -333.527
-594.6 759.094
-931.479 9.388
629.878 209.072
-183.198 -131.034
-134.482 775.141
66.081 626.914
666.659 -462.835
-860.805 -229.582
827.559 -881.254
342.489 -189.795
726.464 509.051
-390.607 231.506
684.748 -586.51
227.279 -194.854
-272.676 580.878
498.103 -843.656
-320.174 -122.105
-867.211 -909.624
-590.186 -889.934
322.322 -712.202
-338.928 -171.299
114.449 259.275
979.378 526.65
96.011 219.649
215.806 977.315
735.299 -401.214
-488.299 -677.787
-800.347 134.744
538.282 -665.864
-797.158 -308.767
739.64 866.253
-133.518 -151.476
285.393 522.535
513.188 790.761
-785.027 -910.98
-454.928 306.561
745.603 441.119
456.544 237.653
-769.131 -751.74
928.143 490.31
-416.379 -283.454
-880.832 -302.685
330.467 408.071
349.001 -41.602
-454.484 -676.905
202.817 -196.921
-561.651 -170.717
-855.674 -634.748
607.493 -393.584
-728.686 384.179
378.633 398.722
479.603 -643.389
-318.856 199.404
447.797 -973.777
-421.528 -492.99
73.737 -832.686
-433.649 258.206
-723.537 345.391
858.199 398.589
645.052 610.291
-199.672 302.686
502.937 -628.511
586.979 894.146
-134.981 712.296
-961.678 -804.206
295.033 -795.787
-695.174 566.689
538.447 -220.394
871.492 767.444
558.688 73.794
210.886 -23.566
-677.206 215.961
684.13 173.838
-969.386 -129.356
-506.325 733.568
-796.968 661.294
-363.689 -845.182
-61.638 298.785
-528.532 -120.276
-729.45 691.167
790.622 -521.512
197.116 -996.592
-221.447 -383.24
294.342 -64.577
-42.804 -308.828
-78.482 537.289
-603.375 -827.167
-723.286 369.303
-353.339 -519.747
-950.376 -600.602
737.398 -326.671
-234.402 825.457
-168.573 -109.921
-497.153 802.283
-618.311 812.478
-860.103 -799.205
-817.122 -170.873
-546.395 -418.64
78.77 579.2
-397.728 -717.969
312.015 -605.005
-264.09 766.64
-964.764 761.025
229.788 993.617
284.062 306.281
-377.637 136.782
-506.472 -288.434
-238.038 -314.765
717.732 418.976
-135.794 -824.083
-198.121 -162.572
813.901 -608.499
-833.061 855.565
-350.357 -632.498
509.734 -728.655
-721.589 -349.733
-567.327 -382.413
319.898 450.354
647.738 191.173
524.496 136.252
424.067 192.178
-187.34 947.046
-87.848 99.562
997.046 -557.587
-647.432 338.051
-7.603 958.569
-224.876 -986.968
-133.566 -823.331
-607.442 384.151
573.248 281.322
-353.071 -918.182
-383.658 959.919
6.073 -983.315
893.089 779.949
-970.931 -200.241
-716.522 268.789
917.265 301.483
142.246 -494.616
731.316 351.523
-749.261 897.089
257.071 -597.987
857.15 868.68
-665.737 865.124
460.712 -625.005
747.46 894.412
-477.0 -373.417
-430.198 -224.961
-163.642 295.747
535.61 222.404
-133.001 318.23
-220.261 259.154
853.994 -227.198
27.644 418.512
-990.467 575.888
381.839 -587.753
-734.817 230.098
121.885 604.842
437.551 898.401
623.567 659.723
-997.666 281.963
-165.932 721.917
-758.748 133.345
-858.978 713.452
-433.768 -811.955
80.137 -760.742
469.485 -290.627
901.762 949.343
478.033 592.436
89.446 166.322
-347.439 382.097
-203.345 638.255
30.87 -632.151
-684.619 3.457
132.618 421.387
-856.737 557.354
506.649 131.219
-239.275 -860.13
871.266 230.026
241.297 -620.02
463.436 906.368
-96.409 198.189
822.201 9.362
593.711 -913.429
136.908 -617.539
627.911 756.903
-554.854 471.847
911.416 473.42
636.281 920.508
468.855 -843.297
-901.468 -62.496
-950.967 685.958
-722.052 -531.288
56.327 630.362
-274.724 146.561
-338.886 744.323
-805.269 374.132
185.08 -691.886
904.877 -70.605
-705.665 -908.581
-590.694 -256.61
106.898 -554.824
152.689 234.575
-281.252 -788.872
-760.065 -517.81
529.077 240.094
-5.752 482.799
838.697 -512.707
647.413 -84.536
-685.332 102.59
-64.441 960.552
884.373 643.25
-508.272 -984.622
102.72 -413.901
-739.527 540.754
619.615 515.937
672.231 -341.931
-390.82 372.598
592.494 -246.395
-80.982 -604.092
796.782 -689.55
-953.554 55.673
-381.151 352.492
688.73 271.928
618.977 228.809
-753.278 11.477
-121.914 -899.283
685.928 27.866
-874.097 -979.806
-990.585 -456.631
844.182 -563.098
-760.719 -420.847
-831.661 410.912
-767.619 979.833
401.501 265.947
181.763 -501.633
-609.962 251.298
991.414 997.362
506.083 -440.871
918.957 -894.405
-435.426 -521.906
746.646 -117.965
651.563 181.193
140.762 773.673
929.475 -715.833
40.167 952.926
299.721 524.374
-777.049 568.167
-827.061 -244.47
-573.793 367.718
-183.057 -642.256
661.734 39.251
52.465 -339.111
728.226 888.887
309.566 -144.313
-734.57 11.872
-608.376 -972.105
800.425 -359.73
423.848 -411.499
-924.682 -48.337
854.4 -649.575
706.053 -330.795
-464.497 437.446
-742.744 862.232
592.155 -579.33
-300.155 604.949
-531.463 -13.863
-853.457 597.903
-177.265 574.745
-443.922 -132.545
645.022 -450.602
-42.275 646.201
-658.784 821.307
-882.599 803.426
552.1 774.731
664.098 297.766
879.804 42.83
718.212 714.091
724.114 370.287
678.116 101.827
51.303 831.4
653.281 -893.64
-429.526 -908.716
-617.359 491.087
-500.035 -324.305
570.86 943.334
18.744 20.498
-970.508 569.182
923.689 75.702
698.224 386.5
-326.807 -544.388
-836.839 -9.643
-234.906 -901.871
-94.021 -205.914
166.016 -73.673
792.233 109.501
-450.695 -62.932
542.945 580.714
916.656 90.564
707.53 -602.484
908.714 -540.905
-2.706 796.32
494.343 -303.829
-822.561 296.804
525.716 433.159
-51.358 982.749
979.717 109.502
-630.484 34.313
883.186 -568.858
408.609 394.491
677.169 -654.602
258.139 711.511
662.017 -398.215
-531.872 -451.94
-408.872 -236.42
-71.115 253.568
-406.656 592.814
125.244 -557.87
159.283 672.784
-968.6 -957.419
-817.126 -96.815
51.908 460.772
-547.844 -446.483
-985.536 -483.36
236.912 -821.421
-826.701 259.248
-571.046 -113.412
-222.127 -219.617
-46.583 -225.814
859.606 -224.502
446.668 112.717
-464.734 -172.475
592.359 76.936
823.342 591.827
947.755 862.26
44.414 -747.043
-380.956 46.523
666.654 -858.285
-788.81 -221.532
-213.608 -720.626
561.482 -491.177
-487.814 -346.864
-120.134 701.281
-381.823 512.072
-657.741 581.762
561.046 -180.151
-607.94 930.124
-694.565 414.331
165.812 -183.668
900.672 937.109
168.427 842.831
904.266 -45.864
401.662 728.499
-863.456 248.145
-874.928 -888.213
603.73 -153.044
647.658 843.344
-514.433 -124.251
-800.26 91.09
-273.964 109.541
-569.077 -308.351
881.222 453.292
845.328 310.426
613.372 -390.549
-921.211 728.87
-267.628 -86.806
653.922 608.058
663.404 -364.74
922.827 -231.803
813.687 -443.476
361.179 -368.945
-220.488 -84.899
-329.658 546.118
889.18 942.276
644.36 -719.304
874.394 -964.102
44.619 314.271
385.174 252.008
536.057 -616.473
-265.556 -154.476
262.293 616.633
608.006 768.38
-635.158 442.876
-321.854 -309.61
-157.94 -301.121
422.841 831.325
975.429 -524.709
-305.566 649.682
596.195 26.529
-483.693 -905.659
31.443 -868.839
-137.771 519.998
382.397 33.062
912.566 503.678
638.249 -591.691
907.476 -677.897
205.833 330.882
-8.031 -252.708
-738.44 735.756
381.88 -993.308
423.934 -562.002
165.878 130.476
-565.575 130.201
-438.863 -905.121
-20.024 626.476
-159.262 108.29
667.411 839.745
312.649 322.78
-968.208 783.417
-915.238 -321.712
-334.343 -999.191
668.183 -99.792
-23.114 345.147
633.727 195.569
221.385 221.17
-713.959 834.16
470.904 127.256
-457.532 -614.192
209.27 -864.0
189.758 150.702
-777.161 530.085
536.725 -160.049
-466.556 508.352
-624.628 -733.836
173.5 897.612
-840.951 400.946
-222.295 -109.848
933.469 770.93
-89.167 418.736
-363.44 195.453
431.712 362.173
413.21 866.738
577.178 377.873
245.566 -284.969
-455.873 80.51
228.226 850.272
88.386 -824.141
273.063 -807.422
-723.483 -344.225
-672.288 -110.689
645.152 -929.106
-923.655 66.443
948.996 -324.31
-324.064 -355.787
-673.926 -409.416
646.128 -839.305
485.599 597.09
491.731 442.523
73.316 318.527
829.17 -116.192
921.867 431.255
727.889 -797.155
774.293 -774.205
153.998 51.117
-875.528 841.918
675.83 -838.615
751.341 -956.098
-518.48 672.614
631.112 579.478
716.926 -576.411
969.78 494.293
91.657 528.534
-849.678 794.585
-966.699 -219.177
-376.08 65.897
374.656 -607.961
-284.572 -119.908
505.16 -568.675
326.397 -36.956
-545.531 -905.152
321.689 -976.981
-388.382 553.136
-380.227 310.605
-433.376 805.781
928.394 -642.722
-874.319 494.717
970.054 730.555
187.733 -408.169
202.62 124.254
-796.552 -79.008
435.903 -623.62
563.64 -55.493
863.918 145.792
-848.025 740.742
142.27 282.025
943.105 304.012
687.327 1.919
597.31 853.914
-442.139 -108.168
-863.701 -961.621
148.537 -763.795
504.708 -569.227
679.924 -192.064
939.079 -362.973
386.237 -734.01
-886.495 991.03
251.676 -932.659
53.346 -307.101
516.211 721.608
947.884 -313.138
-953.39 608.295
530.318 -404.367
-852.602 -147.126
685.659 536.877
359.839 -917.474
815.108 454.139
791.956 -6.252
-132.391 603.891
810.247 -625.229
-672.471 -97.997
81.352 -642.253
842.102 -575.774
401.057 -359.155
-81.033 -764.943
-546.345 -43.783
-215.163 481.888
933.247 330.082
-630.526 343.545
-566.917 782.079
-441.53 960.754
-613.404 552.154
-545.148 -68.983
846.932 833.147
-159.112 -48.293
848.016 871.039
-224.065 90.582
-590.988 -627.526
-766.486 524.795
10.701 -687.581
299.075 123.106
16.583 100.629
-929.474 -26.579
-281.996 736.447
870.635 -125.574
-310.969 -322.476
499.635 98.289
-211.045 -401.403
-824.481 391.062
-641.028 -724.909
135.641 -469.271
76.321 -745.121
305.027 336.856
905.357 -817.598
-308.256 -632.821
42.744 950.72
-584.4 -784.268
101.536 -38.914
-213.388 -480.825
254.131 -452.52
119.579 -43.11
-29.558 -398.848
881.525 555.111
168.381 317.872
-845.303 937.876
-963.559 -865.372
73.764 705.13
995.773 908.231
-641.889 -27.098
137.048 -163.647
-890.463 -180.38
78.727 589.148
339.754 -123.811
429.131 -434.55
838.691 903.274
-338.978 405.809
329.358 682.7
-58.669 935.81
-193.12 -711.517
-860.654 -581.516
543.258 -339.081
62.542 -190.616
-364.019 -773.429
-534.567 -734.722
-413.853 -856.508
717.306 424.586
-749.286 231.511
283.273 -31.433
-906.206 497.467
463.768 321.863
-145.582 575.68
841.452 -493.071
676.237 615.542
566.669 -795.031
-971.847 532.506
-300.126 -526.145
-170.435 -926.012
991.491 629.665
-330.453 384.011
-670.081 -224.684
-844.306 -732.553
989.782 913.61
-251.886 -691.648
316.189 471.125
-277.411 -27.364
-95.325 587.83
866.189 839.17
-770.511 85.995
-720.853 881.375
-640.193 596.222
-73.75 -751.323
-571.374 -838.543
-899.616 -713.749
493.439 201.52
-897.009 439.633
950.918 -491.969
947.518 -369.911
707.312 -280.181
368.878 -506.801
373.297 -566.808
120.803 -542.221
212.849 -623.53
988.5 412.257
-867.418 584.031
269.16 -168.215
160.295 452.801
-474.73 35.061
-283.345 25.93
-980.136 -456.922
200.846 625.968
-5.499 -723.581
960.992 -93.689
-368.72 -454.246
-330.194 -716.65
-785.942 295.62
-67.52 250.258
-481.158 -402.285
698.64 50.442
-304.615 83.615
228.964 -941.79
-877.431 -201.535
626.637 147.339
-65.258 -603.127
-890.686 -166.655
843.834 -148.623
-189.034 969.545
4.073 63.835
132.4 106.78
-645.109 -464.817
518.29 -222.32
917.687 -514.969
-715.382 59.845
-439.701 -720.418
857.76 158.438
-654.486 -388.57
-508.666 134.241
-911.426 31.346
370.868 -713.522
-923.879 915.129
-852.026 311.65
975.443 290.858
15.619 -843.468
-233.436 -442.224
-350.588 680.434
430.16 338.431
-669.66 -540.141
-984.298 532.798
719.224 -95.955
-47.789 -845.385
-892.111 -907.518
-648.189 927.964
-138.177 -48.379
-426.122 744.736
18.955 -426.131
-678.471 -64.594
-486.828 63.875
-155.576 993.081
-561.525 552.893
634.081 978.43
-719.345 968.761
89.518 328.022
-292.034 -484.918
-106.819 -130.661
778.818 -527.759
493.979 95.963
76.124 -845.684
-154.346 487.272
524.106 205.029
225.535 91.055
-722.808 -587.933
823.064 360.7
758.524 -701.488
905.296 -268.621
2.817 226.889
-609.102 233.499
378.643 -958.079
86.913 -465.53
-744.787 551.107
-340.304 -958.525
-174.874 806.001
-85.465 663.228
406.926 461.0
439.275 634.326
-627.081 683.668
-492.684 425.756
-312.908 472.256
899.068 -348.24
204.979 -123.78
-793.793 679.298
-252.273 509.463
989.949 600.829
667.649 -578.22
347.552 -738.965
-685.373 608.653
-365.414 450.413
-141.493 -538.334
891.457 932.802
56.642 -257.636
-572.549 -800.908
-974.879 145.079
-615.248 -307.608
358.595 6.85
-47.535 -243.973
362.523 390.11
-52.912 -931.07
-625.371 267.69
211.881 -222.262
-631.484 491.802
-654.013 99.589
-122.273 -675.255
708.207 908.777
94.703 -22.771
-130.602 -171.635
474.78 552.878
275.003 138.215
-12.73 -242.481
249.98 -374.207
420.822 -994.717
467.879 261.413
126.4 -190.616
261.181 -465.805
490.239 990.061
-520.635 -171.905
-622.187 -333.379
-946.76 -853.713
-845.386 -758.544
867.699 17.551
-989.26 -911.694
-991.752 75.165
-719.991 -744.343
-889.882 -528.421
499.6 -914.97
172.875 151.723
-281.28 971.777
-901.404 142.495
-939.36 -150.665
-858.232 -106.031
671.592 -968.983
-815.681 -59.673
73.08 -472.878
-68.428 -295.109
130.52 442.0
537.935 809.122
-617.092 -912.039
-215.666 -351.609
472.437 29.795
259.174 5.317
-75.903 -140.783
-922.539 -70.311
839.397 -757.762
-960.206 658.305
-303.229 -692.541
-389.254 740.831
-968.78 644.632
904.074 -746.712
-73.966 670.592
-878.401 381.611
344.622 -691.034
815.231 829.775
322.073 887.458
216.834 -485.674
533.133 486.358
-137.46 -400.439
73.72 -242.207
-206.901 270.956
320.274 423.307
-176.53 713.835
-759.787 -668.352
10.055 -983.282
-989.906 807.997
-972.973 395.174
-576.545 881.556
-112.801 -617.27
21.159 -21.792
-804.758 515.852
-519.498 623.458
-619.045 -639.114
-349.762 447.072
326.049 84.376
-553.965 -38.238
560.787 807.134
284.397 -717.428
992.964 441.356
-462.858 -911.193
-315.376 -762.783
-12.377 -261.844
78.003 -156.921
629.307 -842.986
396.627 -899.074
-962.004 -297.007
-827.428 974.285
59.342 -237.573
288.242 -463.74
216.781 -522.533
-569.507 909.149
914.134 16.404
155.796 -429.656
-743.211 941.04
284.292 -222.177
837.817 -549.414
918.209 940.285
-304.717 -298.035
51.397 296.996
6.75 -258.926
544.648 -78.144
-802.976 379.201
-780.705 857.95
-553.255 449.182
-728.375 -614.839
-891.56 483.99
-438.257 -487.759
71.987 276.408
-966.943 335.25
262.027 -824.721
13.107 429.82
811.666 -403.329
-781.708 881.985
-646.068 -548.459
902.198 479.708
981.613 -92.859
-868.549 723.6
918.508 922.761
-500.793 681.939
-25.691 -923.97
-905.553 -277.295
-196.741 -308.001
579.875 652.448
-27.219 -632.314
155.207 -841.972
-923.869 -688.412
-223.864 294.569
-39.008 -372.899
698.631 848.519
195.733 407.244
499.036 -131.45
-955.929 -768.343
-132.688 641.512
-978.63 939.276
-231.555 727.716
-799.34 639.719
719.501 -626.258
154.408 727.085
412.287 974.008
-373.576 -138.455
-561.252 124.179
-525.096 170.322
-356.449 977.272
382.137 -603.544
915.537 156.507
963.869 -730.726
258.948 -183.875
157.731 32.017
-191.422 318.531
-360.471 -210.613
-136.047 -499.321
-365.681 -450.28
182.922 -235.906
-440.467 368.156
-654.913 -167.904
654.677 135.579
520.086 328.729
-323.337 -313.747
547.597 -891.059
-603.7 666.192
69.404 327.731
415.935 554.194
-263.522 252.784
907.958 -492.079
-420.31 -806.263
713.488 -921.624
35.467 685.626
-419.479 115.048
92.663 842.604
787.309 667.583
806.185 -118.695
977.069 871.565
691.327 620.235
-115.026 566.799
-422.888 -6.599
670.638 252.619
-624.177 879.489
3.888 877.732
-822.131 324.297
-827.947 948.403
-96.164 -812.408
-986.467 -431.019
-650.984 928.538
-17.122 -562.447
-867.902 -378.193
-89.992 988.781
-789.031 253.258
-867.295 -456.01
56.929 -964.058
-875.661 503.331
752.951 -819.546
-522.403 667.031
374.5 -662.976
-765.135 649.104
177.537 -489.469
-983.946 -812.695
641.916 -505.529
574.443 285.079
-676.67 -289.549
272.475 728.811
759.688 160.445
-67.858 -15.958
-705.488 -422.823
290.201 421.359
901.145 -355.393
-849.0 462.864
483.297 839.831
-147.442 146.819
-802.685 807.676
270.53 488.702
-607.872 824.209
888.022 242.076
-113.743 -25.226
-911.007 995.515
925.395 -791.465
30.686 484.262
375.256 206.514
394.689 217.944
-970.131 21.805
-551.541 886.228
776.005 685.635
-248.252 -155.877
133.127 69.384
606.567 161.3
86.904 -859.037
-246.007 -177.142
233.942 -763.64
459.311 148.131
133.058 -684.345
434.218 -84.867
-93.974 -946.374
677.242 623.651
-151.343 569.492
-289.825 840.459
582.508 852.646
466.672 -257.686
194.283 -115.368
906.996 200.926
819.294 -19.114
-35.202 383.732
584.585 253.318
-968.651 804.899
-363.794 464.733
-177.047 -733.785
311.312 -503.626
-50.08 675.725
-552.046 -522.393
-64.748 -434.945
-813.329 328.579
-648.575 -2.484
0.219 631.845
-102.405 -106.486
289.55 89.248
878.909 -476.964
-194.722 487.76
510.543 -689.18
946.102 989.982
877.706 -729.403
-502.91 -993.937
-335.46 596.321
360.878 167.575
597.834 15.835
774.528 966.273
966.367 551.459
884.859 176.845
633.646 -332.663
503.674 633.937
-203.298 513.197
-889.68 45.245
-569.424 628.411
-936.235 196.909
164.223 -863.129
389.931 202.431
452.651 -165.136
-623.153 324.47
-833.787 481.769
-550.304 -386.876
249.306 125.921
-15.872 785.823
-91.741 276.33
943.15 -429.463
485.126 -24.019
-776.395 -120.309
542.576 -413.709
56.862 -367.606
171.487 -520.784
-595.921 -252.682
575.117 448.5
-905.97 233.978
-791.261 866.966
262.281 558.704
544.755 927.9
-643.001 -978.328
213.711 -672.094
329.458 -886.387
780.816 -506.816
694.344 -255.629
706.079 -152.308
-876.269 353.834
239.393 21.622
-762.462 -777.6
-464.473 -332.776
220.239 604.211
-682.605 780.874
-47.348 -842.98
31.432 216.483
867.471 954.626
-700.301 -842.46
-790.731 110.509
295.695 -935.289
-930.106 837.681
-230.422 736.088
267.983 -52.636
-409.272 876.55
-35.05 413.48
822.578 -442.349
670.831 -309.098
-399.935 -828.218
972.159 916.668
718.757 867.21
-319.47 174.013
-169.94 975.329
-396.611 239.398
-302.118 -178.673
-613.229 380.509
-236.306 -534.61
-175.862 -384.539
-200.767 -961.848
-107.09 -410.882
-582.415 -641.282
607.012 694.416
-997.12 965.235
-824.736 -268.215
-204.764 -77.939
614.132 302.568
226.661 688.349
250.639 357.327
-29.11 250.129
644.518 -584.071
-870.987 593.511
-700.592 896.445
-449.072 873.007
-450.588 167.959
370.154 -367.305
-307.8 -950.988
-965.379 -469.026
926.92 469.743
-848.207 41.473
-921.447 774.454
876.452 197.147
202.1 -485.008
463.614 -272.02
559.322 -591.091
835.127 -828.408
-930.923 236.465
165.697 731.249
-141.475 907.163
808.345 -439.468
505.723 931.945
-469.438 -55.903
-948.249 220.023
-803.981 601.678
294.223 -275.256
859.638 -809.87
-233.616 -577.458
133.098 469.054
-697.201 -512.25
900.625 -217.933
-364.338 993.485
-731.809 104.82
-277.386 493.576
-760.553 964.71
725.636 215.062
416.57 957.215
486.526 -720.004
538.602 820.228
-576.177 767.602
-144.783 741.933
516.306 -774.65
-576.304 847.278
311.289 -660.077
-271.891 -171.127
141.04 -12.882
-200.038 363.97
146.175 -984.26
240.34 -829.238
-55.303 225.879
831.274 -701.325
-543.204 965.889
-347.458 -754.26
463.309 -277.247
-835.364 -253.317
-295.551 -664.863
508.781 716.505
439.063 436.714
963.221 396.113
267.361 542.846
437.488 994.656
384.114 149.023
-792.94 586.747
330.255 -819.885
665.231 101.223
63.717 219.784
-653.61 72.326
-742.829 -429.132
94.8 625.526
-806.487 -610.818
-739.656 -23.585
-576.132 -137.31
285.14 287.714
392.838 997.218
319.488 283.289
756.298 -716.978
433.279 -564.594
-721.893 -723.66
-682.565 -134.407
-94.009 741.426
450.081 -214.514
492.237 -682.878
-497.252 -412.783
998.418 867.729
555.71 882.796
82.998 -46.369
222.051 -444.949
-68.807 393.19
-114.438 -375.628
-453.822 -844.08
-311.631 172.441
335.457 -932.74
382.796 -634.988
-300.414 -646.813
-506.554 -743.602
-402.188 -462.76
75.208 -536.125
453.737 -762.597
901.087 -261.911
838.13 506.985
304.184 207.347
-34.355 844.184
-472.326 -727.418
87.487 -758.226
-355.512 -99.06
823.231 -152.965
-307.446 426.424
-792.937 -142.4
-653.422 -947.445
-609.621 665.489
-112.913 -750.176
225.263 -429.483
852.052 -669.971
35.987 168.931
-741.369 -765.698
-656.205 37.694
512.839 956.127
-524.658 -354.557
-150.045 -732.982
-897.335 962.795
710.667 17.43
-957.34 -52.137
4.456 -991.373
3.073 795.26
-657.906 -927.986
654.369 -287.165
252.231 -992.176
406.802 186.763
534.613 -608.94
-308.992 -481.55
129.805 -576.841
459.512 -20.207
557.094 -738.593
691.745 160.407
-664.948 -826.174
-969.082 345.132
-664.35 -41.614
122.863 595.93
687.879 675.05
144.352 579.33
656.497 800.511
-504.733 577.649
382.603 478.39
-498.707 -576.648
-137.58 -932.104
-643.582 -658.527
-901.669 -991.119
297.597 -52.786
-935.782 -534.046
544.391 -791.769
-788.398 -305.682
792.466 84.187
-703.157 -237.547
12.502 781.595
124.084 171.066
643.678 -676.698
349.305 82.709
-765.867 -283.712
561.456 -719.42
720.229 -166.705
-233.623 -909.133
927.445 166.761
437.245 933.409
-420.491 -438.682
-780.816 558.51
-780.04 984.814
796.123 -530.58
-408.607 842.16
441.324 -503.792
-748.336 -312.171
346.316 326.063
-957.219 -788.651
-367.824 151.616
12.28 42.276
-592.478 520.147
397.298 971.635
862.506 375.425
81.957 320.728
257.416 -851.184
-375.519 879.093
314.331 -631.735
645.33 643.624
379.77 794.666
346.318 846.244
189.841 794.728
606.396 -836.558
163.051 -121.366
739.077 -6.635
-911.066 969.771
200.384 -833.077
288.421 489.141
-905.83 -266.992
-562.107 629.535
805.472 248.143
-771.19 866.885
-640.92 -468.587
915.33 506.597
-826.686 -358.932
924.581 861.865
291.441 -132.22
-504.794 858.631
966.851 298.122
333.417 83.941
-887.058 -780.169
-314.301 -708.448
803.104 -768.227
688.16 393.665
519.695 241.344
-323.99 -486.421
418.941 -770.645
-704.107 419.93
-349.517 161.316
-764.815 -589.422
-212.169 -220.023
-389.057 -760.032
-553.943 -563.995
-98.898 -472.278
982.433 488.941
399.89 133.643
-883.814 -765.848
-784.953 794.199
-503.967 -670.746
-452.594 -457.244
-682.175 -305.336
-468.983 839.384
646.068 -371.524
332.054 215.709
312.669 -758.976
158.55 1.17
327.845 717.427
-869.882 -99.734
-774.421 -430.003
-523.125 158.219
805.994 -918.397
282.926 -572.968
-265.629 427.411
67.677 188.96
-942.761 990.791
234.037 -901.186
-906.631 756.868
-933.081 -988.519
173.115 -198.545
81.868 205.756
403.039 -623.586
942.956 790.309
-828.481 -58.724
918.91 -663.11
598.464 -423.874
524.504 671.947
-524.692 -903.631
-306.03 -326.456
637.345 133.765
310.962 -138.73
-958.841 -769.34
-248.981 -779.482
150.449 -116.775
-248.307 -804.098
609.009 985.579
210.618 659.306
-949.044 -235.021
-569.72 -2.42
158.439 -292.267
-285.259 65.966
187.899 -829.812
-271.36 684.474
-130.755 465.847
-335.47 768.774
929.14 -488.474
-75.554 20.087
586.098 537.924
-179.352 96.611
464.16 -985.549
255.452 594.663
482.941 746.37
986.512 410.08
343.248 -648.327
-838.15 -71.298
256.357 -564.12
-18.941 553.024
-758.664 477.165
-742.841 929.638
-654.396 -329.167
62.172 -772.055
293.647 433.467
243.992 -767.34
475.451 -73.272
-802.998 -274.794
-809.26 -941.054
994.974 719.32
-377.884 -473.483
-63.407 566.38
592.934 -961.133
-492.079 316.907
-722.117 957.693
216.532 763.393
-368.867 -815.074
-322.782 -403.482
-299.875 -397.343
969.442 136.356
956.441 -294.287
190.172 -872.467
147.297 803.959
-964.324 690.118
972.721 318.508
-470.733 385.425
174.941 -957.063
-392.958 289.748
-377.478 142.93
-660.075 487.079
-251.709 656.511
-157.992 -507.673
806.527 230.04
633.378 901.75
480.769 588.312
952.312 587.522
345.952 -85.025
-192.602 486.071
-27.867 403.14
693.7 288.528
-636.528 934.727
-518.78 675.53
532.703 -38.367
187.453 -981.89
842.134 -305.667
114.831 -795.065
-738.075 -262.462
-883.221 -54.402
101.326 -128.879
-345.407 351.215
247.876 469.859
-902.38 -794.137
-721.893 -707.465
-760.476 552.856
-169.745 -587.366
815.601 292.276
-283.75 807.323
-997.554 -77.775
258.475 -105.127
718.321 -313.377
9.87 675.74
-591.969 585.931
-130.793 -620.176
311.37 -480.083
-726.906 -95.208
690.52 -989.116
343.033 975.051
683.34 -743.977
-595.493 549.283
-734.765 255.512
-885.088 -667.857
724.48 368.126
-913.822 660.014
738.683 -201.887
468.433 -965.853
-93.671 89.086
542.056 436.831
-255.603 -535.102
520.349 -319.756
-409.963 14.175
-352.508 -170.563
901.846 876.787
111.096 -78.514
-613.347 -787.004
18.111 85.853
866.535 -526.403
-242.605 125.424
-778.485 -699.776
407.312 869.14
-170.085 -272.312
41.832 503.346
-243.587 -611.787
223.048 437.313
-585.016 -734.853
-807.858 516.317
104.162 562.921
-907.309 -993.752
23.793 738.684
-832.639 401.566
795.829 657.514
-327.565 -474.285
624.937 346.375
795.4 895.842
506.843 -799.139
-792.315 92.286
925.319 384.803
-419.268 709.758
-844.095 150.087
-855.226 803.076
-467.694 394.688
-316.276 -268.59
-53.1 -126.052
-223.557 163.833
422.692 -698.915
-596.738 -97.37
-793.474 -28.984
499.597 -913.591
-389.86 -266.421
943.074 383.917
-755.718 959.025
-111.273 -238.746
958.981 620.37
442.235 -654.557
988.886 -905.384
-739.065 -414.898
-643.473 -538.057
919.278 -816.878
982.668 -377.773
976.094 324.138
-614.771 598.856
912.243 -288.811
-831.053 198.684
240.412 253.764
-680.298 -869.122
-862.579 -733.029
977.309 -676.616
503.917 -982.567
587.063 231.048
363.245 -575.365
-888.904 623.687
-142.072 -486.672
-905.066 902.398
396.803 -766.78
546.196 -2.673
518.91 386.783
997.7 -849.68
-844.414 225.105
-770.545 911.502
531.961 -215.278
-903.899 -336.911
296.599 -906.363
170.803 656.104
796.964 69.686
-198.992 -307.202
-958.262 96.617
194.34 -578.881
371.29 -636.837
-81.25 412.043
58.596 652.041
811.68 475.643
-983.679 -318.93
-571.066 -384.995
57.609 88.786
857.45 -16.567
994.704 197.138
450.217 -128.576
-74.698 588.704
-371.086 -573.323
-294.984 192.245
-671.61 133.637
-487.377 -527.934
-854.152 747.09
542.413 -315.002
-527.084 -92.845
163.931 360.854
742.301 -868.388
-847.561 -931.873
18.566 358.08
-69.018 361.401
-758.913 -683.731
-673.292 285.826
-466.864 -457.951
145.957 -420.851
-91.802 608.665
593.069 71.736
50.515 570.326
-209.839 238.556
744.092 -379.221
941.28 -839.248
-475.048 -763.893
-264.039 -719.114
485.876 -813.899
-734.986 435.801
-40.702 -561.165
578.6 -829.363
-531.386 70.151
-118.652 571.533
326.251 -769.474
532.219 -576.877
202.159 -354.859
-266.163 847.664
274.944 -705.413
-329.883 142.197
-776.428 -584.002
-654.417 927.674
648.202 587.945
-117.2 721.425
-564.52 887.622
925.081 -78.279
-947.219 705.873
223.739 -572.286
-199.333 -209.728
-898.264 -42.246
937.108 895.506
126.331 633.467
-825.576 318.603
281.131 903.705
98.01 -683.597
869.697 128.865
-832.29 681.117
-578.466 836.313
-359.08 -115.176
244.814 -393.22
277.126 -356.312
-978.199 -926.387
18.868 -308.562
369.374 -469.756
-733.775 938.37
-332.662 539.116
269.201 -677.92
-61.042 876.72
507.077 851.938
349.829 751.091
-645.697 -539.913
10.798 -753.745
801.571 -461.74
-274.799 736.996
972.719 -833.433
691.759 -462.904
205.077 -314.093
300.389 -860.621
-480.817 499.184
-511.776 -476.781
-351.345 -332.713
-993.394 -749.774
-715.44 -853.209
234.139 373.477
42.472 920.293
-406.157 -799.735
-842.195 943.802
919.28 751.993
-509.908 107.349
40.801 424.985
-952.398 131.758
-695.983 844.762
-696.924 -920.835
434.963 845.461
753.944 618.825
-146.553 831.194
184.245 -908.744
597.446 634.825
-192.285 60.995
393.482 -682.191
-670.731 414.98
-103.267 -879.27
860.552 332.466
196.673 976.88
-38.288 -557.234
381.607 -412.73
317.205 -629.425
331.462 195.382
182.449 461.445
-717.759 -565.227
-335.168 -622.194
-763.67 -323.8
-495.035 991.746
-136.697 -483.095
-140.931 -554.694
-876.929 -48.86
-343.48 -130.645
-419.059 -578.94
-827.389 30.041
-633.043 -851.917
454.269 819.464
-339.036 910.71
395.718 -638.915
779.478 -305.991
-359.466 -545.803
-798.349 620.939
874.11 474.489
812.58 556.862
103.183 -351.255
652.529 -365.578
-691.739 647.591
191.586 596.916
-972.513 933.996
632.792 454.536
-892.436 -682.043
970.604 5.787
563.422 153.209
921.706 159.94
586.635 652.708
268.534 118.096
422.139 -187.376
-223.719 156.993
-970.924 -937.716
264.858 -318.968
537.583 774.655
-639.95 -311.032
910.104 468.52
-936.022 -650.637
-577.379 991.622
-793.563 -490.828
892.992 -808.804
657.931 865.592
-532.889 -109.665
-78.994 -676.267
824.413 410.899
792.193 -909.836
958.296 773.092
274.569 -300.923
-633.59 241.073
607.8 -990.681
889.002 140.249
991.525 204.204
-114.313 468.375
25.199 -833.374
862.092 15.635
171.396 876.699
544.59 -950.543
-282.44 -469.525
764.055 -408.173
514.237 45.427
265.966 -383.372
535.427 -1.13
-791.091 -987.305
24.465 514.377
567.572 -74.103
629.607 518.796
694.205 -844.95
396.259 -198.836
177.567 -678.806
183.069 870.028
-600.942 263.77
164.64 257.106
-204.07 46.997
348.598 -383.695
-44.624 -192.414
-528.735 -977.066
246.174 955.49
163.579 -58.106
282.251 -799.881
-795.05 -371.11
988.223 152.881
534.33 780.212
-396.042 -65.463
889.194 -239.895
642.832 -86.552
-795.071 -327.748
557.227 -440.151
-183.754 -249.851
925.592 111.622
654.631 -588.048
-113.446 -244.177
-526.894 -863.871
966.599 -772.934
914.748 610.237
-261.892 621.725
981.145 -723.482
-858.266 -11.57
-139.445 -12.147
-18.62 -672.124
-186.461 -503.96
464.198 -591.96
-350.706 -979.864
704.081 -945.861
316.049 607.747
113.347 -593.774
-765.554 -464.131
333.895 -864.761
-846.874 -830.324
483.056 -909.108
-836.668 -93.28
-388.992 -483.588
120.197 990.499
373.089 137.328
-807.051 176.083
622.369 772.237
-622.362 1.298
-627.804 -864.523
-484.894 607.333
78.049 -474.701
559.322 499.063
17.849 -949.849
-3.896 169.329
-77.314 287.517
-273.929 -461.55
-613.847 387.843
-672.832 -450.977
353.701 357.889
-878.489 -655.526
249.045 -783.858
-363.19 585.908
-415.556 -188.619
213.11 -736.81
724.029 -32.418
398.015 143.423
-701.75 567.398
547.596 401.581
440.338 46.467
-124.651 -949.07
758.81 884.011
-518.34 655.543
-394.854 465.776
-299.189 164.338
891.978 748.263
-906.404 -655.221
787.145 -959.278
-597.74 27.195
994.623 -221.234
714.018 3.225
912.75 114.249
-442.995 866.73
-692.729 35.067
-160.203 -736.243
-242.928 939.086
435.202 -448.152
793.614 -782.415
750.755 763.342
615.256 -84.408
-889.539 -427.308
-347.459 -307.571
791.365 265.962
-666.524 787.904
-964.209 518.855
-957.87 79.733
598.931 -741.665
366.916 -706.894
916.007 -967.44
363.867 -655.42
-54.824 -982.874
275.728 461.496
104.537 251.732
-156.133 263.054
-594.939 219.238
-701.53 905.184
-758.114 28.043
-793.012 246.86
-590.404 902.698
639.19 638.559
547.173 810.232
433.786 -701.042
-667.162 -712.725
-390.06 -723.627
-857.192 538.586
-216.119 -884.199
-571.443 50.082
288.552 -837.043
514.885 168.215
189.735 83.887
338.732 981.58
-671.837 371.528
-616.892 -647.09
878.873 -397.807
508.638 972.985
-761.077 167.405
-110.586 -909.205
414.422 532.17
-199.958 -706.586
831.604 -778.146
286.344 -107.814
505.481 -363.986
889.921 710.883
-838.626 -480.073
324.022 650.815
-485.29 -737.547
-43.848 428.836
746.584 981.062
816.266 836.774
274.026 981.852
604.279 544.543
-669.4 -649.788
-313.528 365.804
-95.114 -936.314
-16.764 30.22
611.658 295.503
49.317 566.58
-124.105 -462.346
-555.365 468.437
503.52 776.949
980.025 -199.685
-991.137 296.229
101.472 -996.062
901.818 -24.977
909.851 493.33
-236.332 520.908
908.598 -288.542
37.619 809.628
909.939 454.386
823.414 -365.64
680.97 -547.429
-335.208 -555.234
-576.256 531.729
179.649 -925.452
-506.71 446.734
984.149 184.237
921.504 562.657
-887.963 -126.362
462.813 358.088
-83.005 524.124
903.89 -662.462
878.224 772.31
-760.402 486.271
802.964 -77.166
263.969 -690.511
81.924 758.592
595.141 -293.652
-680.208 314.042
508.741 -344.554
-768.316 -100.255
-509.103 947.046
-697.544 -842.259
702.176 386.632
885.115 -872.716
-107.584 276.123
-334.113 -217.09
-80.752 -411.428
-504.408 -776.238
779.836 -93.406
-392.67 -405.809
383.305 579.018
580.383 127.308
-915.087 418.517
898.392 401.984
-23.598 -16.672
792.387 477.099
30.49 -529.916
620.189 954.152
968.299 151.212
-728.903 349.021
460.874 956.573
-980.585 -571.193
-394.712 796.609
-40.368 947.202
558.796 413.716
580.016 -963.496
617.892 234.056
-611.761 554.594
-540.382 886.391
871.947 -619.252
-261.646 -588.406
653.774 -501.425
471.314 -781.335
863.392 142.394
591.992 -942.323
549.84 101.661
29.72 716.314
817.132 90.919
542.31 82.232
403.537 130.303
977.948 -75.068
-723.746 -645.171
166.613 749.516
-38.047 -922.012
180.873 814.397
-529.428 602.715
325.63 687.786
-207.79 748.447
-811.714 -922.013
-642.962 -447.132
-142.263 -80.033
-170.516 -606.957
-919.379 -554.841
-872.833 -224.987
-865.197 142.853
-485.128 -214.143
-921.867 298.065
397.037 897.956
499.566 693.471
638.538 -454.869
-451.833 -871.484
91.416 -836.287
-788.418 -474.553
-667.045 556.401
-649.428 -331.521
-81.253 -970.534
-795.045 8.206
-907.073 -11.342
-325.073 -397.151
708.552 -967.0
-677.276 463.46
854.98 849.148
-640.608 382.592
662.796 -683.537
374.492 685.186
-663.936 557.156
459.385 866.154
333.572 -517.234
730.563 402.125
-556.787 -864.423
-227.802 916.306
-532.284 -682.627
-75.975 514.186
589.249 -121.657
-69.752 -67.683
306.977 17.857
-449.779 -946.867
-622.617 849.706
905.286 837.08
-337.277 812.815
-427.124 519.109
-878.156 -238.029
76.476 -480.873
293.469 908.87
562.586 190.925
-20.514 -145.801
-419.424 954.231
577.272 228.497
129.825 526.565
-39.425 -613.932
537.052 -348.725
512.266 194.068
828.154 978.972
819.908 -829.218
-974.303 -936.083
699.289 -58.222
-527.089 754.534
983.988 36.829
960.82 464.896
-593.279 278.738
-858.604 79.988
357.726 -904.669
823.108 -628.06
-886.9 30.414
248.986 -538.234
348.109 -678.207
945.599 -483.61
-417.803 -261.695
319.623 -299.969
936.167 537.448
824.365 894.401
-112.623 827.292
418.017 672.822
-419.668 594.124
632.894 457.798
-80.575 631.217
-88.793 -952.542
850.816 116.109
-101.288 541.419
491.391 -748.665
-988.517 543.677
-758.785 -55.231
218.554 63.752
-669.399 -94.712
-829.197 121.599
-365.702 441.073
713.581 679.285
-591.391 -940.553
-15.318 719.104
-12.502 -941.837
-860.026 0.605
-846.596 892.921
885.148 796.564
-565.482 596.044
927.946 575.603
-776.697 -131.346
-850.072 -654.032
806.918 -657.277
418.765 511.885
472.225 215.671
-616.01 -161.418
593.977 545.533
730.467 -418.782
-25.449 -633.425
82.221 766.71
0.092 -943.875
789.18 733.938
-290.328 394.297
-883.26 -469.247
-627.599 125.025
-860.864 -686.707
523.84 -764.596
-416.74 828.529
-205.323 -162.184
823.39 321.964
26.144 -947.99
943.045 -19.612
193.479 -467.019
230.064 -567.9
983.918 -299.37
-573.762 -168.259
781.053 70.075
604.853 60.893
-393.852 306.013
425.975 472.561
-10.666 229.402
998.323 -800.664
-418.861 -347.321
247.297 -994.271
443.469 -456.368
243.135 -146.909
-500.524 25.679
-817.628 139.958
-921.585 872.255
79.137 507.586
-306.03 612.982
163.925 -571.789
-495.636 871.535
-801.538 671.321
-272.844 -650.812
-94.414 627.904
216.743 -52.312
-721.617 930.908
-320.644 570.793
317.017 -358.236
-742.48 -650.597
233.994 788.818
623.523 324.179
772.277 -630.7
-50.185 -254.363
760.5 354.899
140.199 -268.545
-370.3 -976.227
361.903 -94.134
-365.604 -734.976
-497.269 -144.108
933.545 -702.979
237.469 -116.539
-30.109 -617.477
-978.13 -112.387
787.874 -185.775
86.947 -198.676
-637.964 509.547
243.041 -402.13
217.766 156.696
713.393 -923.096
-582.75 440.506
-660.344 925.691
-777.273 -219.661
65.617 -564.99
-862.163 268.836
539.085 -392.586
-949.243 435.665
190.189 825.726
222.896 -235.34
-961.341 657.522
494.916 -438.447
-398.495 961.79
-457.423 -640.794
-746.437 -552.158
-343.965 -196.91
418.157 -730.341
186.741 951.098
805.291 -835.984
-24.792 -399.872
877.084 22.121
-187.734 -168.953
-514.689 80.647
-907.625 77.77
-216.672 -933.461
-988.056 891.289
693.199 -542.281
341.134 -790.184
-250.838 -617.078
-124.931 -155.82
739.162 760.144
-933.267 346.681
-474.478 -205.913
848.573 -847.193
768.964 -106.286
183.329 -205.862
532.904 -156.329
-899.713 70.853
217.371 -27.321
993.988 11.27
-359.942 775.424
180.892 333.327
988.574 866.27
678.269 -148.29
-161.498 269.885
247.778 -339.939
-790.224 98.371
501.607 14.754
-109.227 287.857
410.395 -611.718
-638.617 -50.57
-94.819 17.723
-354.119 -363.906
-429.65 -45.976
363.463 -953.304
-920.684 539.794
589.692 475.257
104.231 15.035
-618.375 80.589
-253.501 -171.623
505.576 438.175
857.671 707.082
412.054 -383.645
948.227 -858.138
648.707 -148.425
-699.328 -92.114
827.12 860.791
-311.435 888.071
-234.372 -220.516
775.493 247.946
75.532 79.663
644.441 -748.43
974.179 175.773
-946.975 116.521
-490.316 -523.679
-796.124 438.101
540.381 864.586
852.445 -921.859
950.901 -196.336
-381.868 558.115
724.161 -522.492
-330.538 389.048
77.454 30.48
-596.705 604.078
-546.528 -822.204
162.888 301.722
-284.69 -428.748
-350.609 155.927
-670.822 602.318
923.019 -652.285
-984.031 874.401
-212.377 -130.456
-584.718 -0.007
-103.082 395.712
-824.666 134.792
-957.116 688.498
865.558 -999.759
-960.831 791.765
495.012 -201.627
698.162 -67.012
-973.842 435.057
649.992 592.313
-383.119 249.893
408.317 785.606
-217.04 947.769
906.784 389.565
556.318 -308.628
-704.564 464.575
526.315 867.654
-676.388 -875.143
-829.848 -733.776
753.323 -767.138
913.269 -263.149
-86.989 973.487
960.388 -687.455
-37.701 917.907
-72.006 -209.736
-211.247 -767.501
-665.56 -727.405
504.643 -620.127
61.041 -781.193
338.027 527.686
-51.184 364.307
-768.847 -78.067
835.765 -412.63
-207.514 78.455
-407.963 118.243
-249.485 149.022
-25.262 -353.123
-88.464 518.092
837.761 -809.675
-735.943 -590.127
-769.411 -362.288
365.175 -454.579
-2.671 -653.866
674.051 -426.561
276.849 679.409
933.411 -557.438
-303.128 -403.661
-240.462 122.258
473.473 389.455
56.51 155.391
-625.979 902.946
219.083 -92.226
744.804 -614.652
295.558 -109.495
-213.749 -681.275
51.508 391.573
877.734 556.325
-173.747 774.222
-267.256 -288.402
332.8 -966.41
-717.67 315.425
341.587 133.462
-838.112 848.816
184.167 179.417
-741.624 -617.359
801.716 153.383
-526.746 -984.898
547.466 -224.727
-456.846 460.77
-883.83 583.207
247.105 -420.063
-487.625 355.948
174.813 -799.535
-373.905 541.205
-859.366 -726.349
279.791 -590.333
90.557 -47.341
263.163 -854.338
674.655 270.329
-955.654 -423.933
-737.159 -717.619
835.508 608.982
-987.688 -427.398
82.665 217.503
-292.656 -838.278
795.785 52.529
102.462 -372.567
-649.403 355.42
-337.701 -133.088
409.05 -232.465
-715.615 -669.209
-889.685 492.731
-355.528 -467.447
612.794 -80.024
-964.626 926.845
-234.496 -570.377
464.24 240.108
395.984 616.68
-177.02 146.761
-934.094 978.742
666.414 -497.629
32.703 -15.055
429.867 -331.163
48.92 555.035
556.203 457.477
893.977 265.421
151.563 772.703
770.711 -834.757
753.028 271.355
-891.234 -70.71
-953.592 -387.663
-609.234 -985.425
898.313 -218.527
-75.705 -502.679
-659.799 -314.278
92.329 -79.906
459.569 -568.015
-531.541 393.511
-210.684 594.332
732.225 -325.398
-148.745 568.699
-391.841 -578.18
-528.733 493.087
480.251 790.76
-536.224 -994.32
-479.861 897.767
-486.778 -34.508
854.883 898.116
-502.068 -887.607
204.467 -346.546
-409.719 791.322
82.87 390.259
-876.604 169.643
-789.757 -912.768
803.631 384.283
-960.775 511.234
-567.241 -928.292
527.008 167.823
-893.189 161.846
789.965 -517.181
-491.662 327.217
677.611 393.752
-890.313 58.043
-38.513 913.649
7.65 333.9
-215.413 -345.289
341.325 -689.015
-296.913 699.048
-120.311 45.141
-64.878 -267.574
-130.549 536.329
-413.49 937.797
162.633 -11.478
-317.446 -827.138
-579.625 607.444
-739.015 -184.365
-117.551 219.573
-724.765 -625.947
695.21 -819.654
-229.243 226.227
782.592 -650.62
18.402 -795.377
-450.779 95.016
-848.571 -424.507
493.433 462.338
400.878 329.093
-86.917 -2.52
245.642 -759.587
-493.103 -420.21
-509.232 -233.495
930.624 -249.967
508.812 989.351
839.75 -324.128
-297.573 -563.815
-66.081 263.427
825.755 965.558
300.357 -564.611
746.557 434.144
-131.144 952.963
-287.924 -714.294
764.96 -137.788
-287.619 847.575
258.886 -223.24
935.248 244.042
975.342 -309.4
273.557 108.451
-21.337 270.73
280.502 424.906
506.403 853.642
998.931 861.867
839.45 338.677
352.808 752.677
-376.072 728.315
888.848 48.034
421.508 -183.531
-65.076 -771.081
-957.812 -373.513
-366.312 -842.854
859.399 -305.719
544.488 -272.374
-806.246 -12.541
-401.973 190.322
90.016 124.806
-197.164 510.441
745.907 771.139
-827.212 109.619
216.349 -871.733
-856.182 5.593
667.742 185.373
807.75 647.305
458.464 764.42
14.025 283.474
-287.754 -188.084
296.281 -478.369
-879.474 -902.871
278.004 954.676
556.099 -192.439
536.499 -37.081
220.206 -313.407
-506.459 527.656
708.74 752.638
574.475 468.883
550.941 209.274
770.838 420.634
-832.877 468.523
384.88 332.268
-653.773 412.549
-935.666 631.495
-52.31 -507.159
-319.819 -96.675
246.905 -719.819
876.661 -519.813
-928.533 963.458
721.197 17.43
127.379 646.847
-877.133 -180.575
-497.457 599.419
987.96 750.558
-114.283 550.274
-842.765 -885.167
308.079 680.864
-209.796 541.724
-866.643 -857.72
383.796 523.847
460.611 743.094
303.898 132.71
-10.13 879.159
-581.524 -960.008
-361.077 844.128
-276.751 -620.887
94.453 -555.308
-809.761 -281.976
804.16 -992.877
861.487 160.34
-613.816 646.171
-528.074 302.578
602.614 864.802
-443.4 -987.398
796.833 -176.466
502.424 -34.412
299.528 672.225
-230.826 -740.208
174.602 -616.259
96.655 -778.702
-823.701 755.368
809.282 885.568
507.376 -437.093
300.122 557.404
661.309 562.088
636.903 -118.715
63.951 -499.6
768.391 332.875
36.067 -341.486
-397.361 -646.426
-676.769 439.547
958.871 371.854
-740.744 108.014
-891.246 515.085
748.451 -747.008
-646.321 181.256
502.297 460.18
-432.55 804.54
-298.241 877.718
424.324 177.499
-188.833 -22.427
281.357 -869.322
668.811 701.467
932.954 -615.464
-168.232 447.581
-409.496 668.642
-20.093 -961.218
340.48 -487.607
-336.633 750.756
994.627 995.076
-629.403 -541.857
966.918 -324.775
376.684 131.028
-87.483 955.27
971.44 -161.203
237.371 19.393
924.666 300.21
880.51 -612.329
-677.369 -335.035
694.883 562.313
-326.706 -631.513
946.857 -105.436
-108.109 302.09
279.394 -985.341
-539.889 -490.407
748.672 -560.548
-46.382 -980.985
55.716 -11.785
373.458 -17.862
-330.063 -674.69
577.189 698.566
776.712 335.528
957.764 815.067
-932.901 -389.224
267.791 -570.407
941.329 -734.279
858.577 -905.53
-547.813 655.074
-42.848 -578.373
-396.578 838.652
686.879 -282.176
-934.238 -891.335
-806.047 326.628
-177.259 86.078
-194.161 -168.996
-440.355 510.943
-185.804 -322.343
-249.49 245.631
-391.607 -858.194
154.005 84.013
750.165 704.028
-771.574 -560.293
286.549 -380.836
602.63 451.502
-504.741 -676.778
-220.25 -5.352
-16.796 -369.506
-376.774 776.511
83.249 -822.518
294.644 50.692
-212.209 -204.877
-162.433 -540.841
627.058 -630.457
24.297 -930.625
-836.572 -321.663
463.253 -241.756
-655.53 211.182
-71.232 -988.617
-287.522 972.813
333.739 -772.367
848.652 864.069
-478.69 -936.784
742.612 -257.509
-459.469 -11.902
-293.267 954.453
856.451 -151.856
368.551 605.558
437.895 952.232
782.503 -83.953
606.815 -303.145
-599.391 -503.458
872.056 -173.541
643.072 -567.668
-396.044 201.194
-156.085 -338.565
-330.688 63.783
-690.275 905.274
-572.684 -894.572
644.891 -401.329
-197.772 -315.714
-146.191 -183.428
479.132 -271.937
525.568 -832.489
-453.677 830.703
366.801 -539.713
842.554 -483.517
-375.482 -28.483
160.018 -231.081
463.964 551.26
18.499 -700.541
344.491 695.422
-798.156 -427.476
190.823 851.492
911.381 507.082
278.349 315.667
226.248 38.494
-550.619 521.089
-839.467 -218.427
318.608 -156.38
379.654 771.539
-472.801 639.486
48.345 -126.338
51.509 -99.198
-737.689 -84.975
63.79 951.329
-192.152 -493.486
674.259 326.329
970.334 -212.219
205.646 884.137
338.528 8.696
525.132 373.042
427.01 -314.332
440.162 112.205
-75.395 904.717
-958.089 503.062
-845.51 -870.826
612.041 523.706
166.131 435.584
396.536 68.414
-363.238 577.036
693.033 830.278
-422.685 -219.048
-376.992 -716.279
-112.223 -943.1
-284.251 970.86
669.345 47.707
-341.866 685.051
603.898 131.422
554.534 -562.679
-79.609 119.177
-901.091 -528.202
-94.221 -447.824
817.359 113.13
961.874 -925.926
-377.223 736.599
857.725 -489.564
-926.997 515.647
777.901 926.7
84.146 -282.461
335.041 139.087
452.201 911.166
-84.862 -642.609
549.337 -544.057
304.677 -894.826
-857.409 107.215
-125.093 681.483
-462.891 351.978
-741.395 156.29
650.969 -102.091
-963.092 -574.15
-442.601 -907.86
668.995 -458.28
491.213 56.48
-555.571 -280.182
697.057 -440.195
65.596 821.163
-203.192 245.988
-842.607 436.122
-162.651 932.069
902.208 387.925
-435.083 981.391
-839.042 -524.279
138.972 -930.135
204.512 286.355
514.409 -915.302
-216.248 -72.299
-548.394 -721.526
-459.274 927.432
-580.52 -821.671
-508.437 907.455
36.542 768.671
-51.542 414.84
-61.418 790.728
-135.094 674.837
13.815 -5.008
-252.541 -395.297
-14.228 -910.601
602.232 137.434
-490.052 -764.279
-249.309 219.76
28.92 967.94
583.275 740.369
260.256 -190.146
-911.713 -130.743
-154.567 -322.869
835.991 -172.682
959.167 -121.067
206.69 -538.368
-725.732 236.217
532.436 597.749
226.316 -917.601
282.872 864.302
749.003 141.322
-582.91 -243.855
-956.816 569.282
850.909 375.769
-205.845 -776.728
-257.713 -123.24
284.194 989.046
968.534 734.834
679.342 480.054
730.04 70.119
-101.16 48.966
349.051 -95.772
-65.386 99.691
-356.111 760.622
-957.313 -430.202
-193.502 -767.509
-706.825 -497.324
-172.434 -395.043
-244.317 -131.792
-557.833 -229.05
506.709 -218.509
950.702 103.775
510.69 -582.292
238.025 592.56
621.822 769.086
-578.392 -883.765
-431.671 510.832
-806.322 -538.184
188.936 943.678
141.465 630.133
807.451 -395.519
74.221 125.629
432.903 -570.181
446.076 830.898
-814.963 -536.502
-329.694 -105.286
403.203 623.706
489.391 480.316
259.604 416.64
-305.939 -986.32
-642.544 -740.322
665.799 242.021
238.176 775.99
-864.144 -581.741
-971.026 -428.387
766.793 764.675
426.937 324.123
777.826 -901.281
448.195 -54.998
-406.597 277.022
850.408 -838.341
-548.298 -689.171
-731.007 746.129
-177.029 -154.933
-375.71 -520.917
680.346 546.295
121.932 -824.894
97.632 375.416
428.515 -563.791
-500.515 -604.59
-529.657 -132.578
-88.027 533.766
943.152 888.612
-190.827 -401.649
884.228 -432.288
346.445 -846.91
-422.899 -270.394
804.291 -825.535
339.235 -360.871
-784.623 -777.586
-850.47 -204.01
911.349 204.749
322.925 -697.745
900.128 586.334
-631.223 861.501
-873.013 240.852
486.532 158.845
823.059 -314.104
353.107 979.92
-579.301 299.079
-916.19 813.364
-922.467 359.772
198.352 35.739
-849.914 -985.64
-683.38 -704.162
594.928 307.801
763.793 345.392
634.144 -400.003
480.742 37.665
601.832 -818.697
780.431 -382.036
-752.754 17.908
71.969 -385.918
880.53 -499.257
-321.421 -28.484
-722.677 196.275
-399.826 614.756
2.339 97.864
-48.906 -1.165
-689.408 167.515
13.784 280.35
-836.813 205.983
-251.631 825.543
194.341 -812.565
-415.684 -519.951
185.523 538.531
408.0 -650.082
911.527 938.756
800.546 -943.703
494.894 -694.939
700.251 -711.321
-907.868 213.844
-219.913 -787.229
833.961 525.162
-152.406 120.704
-436.773 -867.524
96.331 586.552
-63.954 -136.169
345.922 79.997
-169.957 379.566
852.541 267.487
-124.153 -626.06
914.208 -749.325
737.547 -397.226
536.787 -15.182
586.187 92.134
-823.776 898.422
377.023 781.283
-873.272 444.804
54.215 895.797
-311.829 184.614
-642.014 -905.33
-310.949 -768.39
-172.86 -677.891
678.088 792.192
-360.032 -696.024
588.253 10.031
-947.708 -915.888
217.769 -166.901
-950.746 -270.605
-162.18 -951.882
686.127 11.974
286.428 173.727
-331.554 999.783
-50.549 833.001
828.736 -748.474
-900.607 -434.357
-578.629 -956.286
47.437 -119.966
86.064 -117.532
857.298 -226.926
-677.872 743.537
44.422 -491.354
-768.681 -538.545
-615.966 104.004
-891.004 -649.984
844.738 -880.781
-39.363 -46.788
-943.808 -522.586
-570.926 85.423
-603.386 609.346
720.371 -126.718
-63.106 338.463
483.263 664.971
-259.974 794.751
787.76 877.543
749.395 61.61
-665.297 990.553
705.795 -472.266
-238.921 -376.791
-316.615 -440.71
617.265 -391.168
819.956 430.354
295.699 5.998
-697.537 -385.211
-308.071 -369.255
458.369 301.94
252.393 446.798
-608.29 -538.848
-455.544 -967.857
800.833 -911.808
330.137 836.27
-322.171 554.871
1.764 -279.358
27.029 -300.378
-313.622 709.263
-140.374 204.639
-278.652 676.488
327.147 467.434
193.07 193.97
224.507 930.196
309.441 532.359
547.248 -113.55
-608.341 -572.517
-647.664 978.705
229.813 -590.632
60.722 482.216
712.22 -327.474
551.474 -317.966
315.367 711.085
782.878 -980.491
62.768 -251.575
87.969 -405.782
-8.133 633.618
350.606 751.459
-694.041 188.105
-869.363 716.879
911.204 486.062
-207.592 -847.968
-622.258 -260.576
876.334 -801.177
-130.464 258.85
-910.829 460.335
-918.739 -93.143
809.165 858.033
-450.912 -988.919
643.33 576.428
603.146 304.053
262.464 -800.007
-937.652 450.348
465.149 550.863
708.899 -117.43
-516.811 664.731
452.466 -139.171
-649.796 -263.837
-556.895 522.357
699.574 572.305
727.413 -359.085
-796.538 964.12
-737.455 968.663
650.043 -248.739
591.701 870.635
-682.874 998.342
795.256 282.085
-905.892 -730.551
147.744 -11.973
417.489 713.144
-832.737 -544.063
-923.393 -909.775
-709.238 -54.106
492.686 -974.437
341.951 182.595
-256.05 290.135
965.385 33.603
-477.629 -727.291
-542.169 -837.861
122.449 347.227
415.146 -679.814
-132.362 -637.507
271.93 170.824
743.297 418.211
-406.097 -224.689
-534.943 782.973
-443.128 -429.085
-63.3 182.928
-626.18 285.171
-167.848 573.304
626.503 702.351
235.322 717.046
-698.571 -308.118
657.388 671.563
601.544 481.606
-69.39 580.569
625.811 734.929
-622.517 479.5
-977.784 -561.764
247.004 110.511
-276.667 134.258
835.583 659.491
381.271 32.998
-414.558 -559.02
346.061 813.054
-587.461 949.32
261.332 -977.362
218.665 -545.408
-959.774 89.927
581.915 592.472
-555.837 -818.382
-767.675 -400.67
-16.85 -252.585
142.117 75.171
-126.113 -856.29
-167.372 -570.081
11.908 478.968
889.274 -531.445
-881.299 -573.45
853.137 862.536
268.397 -42.469
-326.691 -290.932
585.552 -704.355
-541.605 -709.027
270.423 116.636
848.467 -839.633
895.078 305.886
162.436 -345.82
30.802 713.092
-942.309 -548.53
660.59 -712.945
-30.893 -384.854
-553.48 -313.545
-715.005 -389.079
629.491 633.643
-570.585 823.857
428.47 551.406
85.989 -645.573
-581.44 732.598
-601.187 -554.159
-690.179 -746.373
-878.906 219.19
-521.868 762.878
-46.171 388.79
-943.176 -240.492
-314.292 -352.553
-638.886 -266.587
853.88 -669.005
442.307 -504.294
-941.739 -801.149
-291.469 -441.197
72.697 -952.269
-348.443 363.403
-814.177 -528.707
32.409 420.781
-52.514 -23.85
548.323 -466.855
156.412 172.583
-481.581 -439.849
984.804 68.297
889.591 282.702
805.107 737.415
443.977 653.553
-711.507 519.273
-187.124 767.121
444.536 939.172
-810.13 -566.782
-478.734 -621.729
447.68 -55.822
-662.452 535.206
-355.848 509.858
500.238 -218.524
-418.418 98.799
802.743 -770.845
757.049 -293.003
956.107 328.308
989.106 -886.964
-99.814 -496.569
-729.968 503.044
291.102 975.167
-623.001 682.847
-171.838 -726.757
268.477 405.479
277.704 -787.328
-999.789 514.832
840.688 535.04
-104.41 -365.79
-94.761 -253.723
-302.052 779.607
300.861 208.213
991.501 -964.402
-141.141 -619.376
-546.162 663.421
595.943 -169.048
693.692 -597.597
511.444 -538.799
-775.513 -803.813
-211.722 -893.926
-879.909 727.942
215.518 -342.716
-587.752 -958.532
-656.572 502.075
78.602 778.669
-566.09 -520.546
-900.606 -192.812
375.988 885.099
-5.666 -45.878
365.967 206.385
-208.381 -18.998
-348.525 -712.542
-199.903 40.602
-404.228 -666.026
666.238 184.314
609.452 561.023
235.338 529.449
372.117 -592.939
819.565 226.099
751.502 -217.704
-49.095 578.147
874.014 -272.311
241.789 617.32
-328.071 -220.875
600.62 483.736
-417.888 409.917
-166.496 662.206
-90.879 -837.862
51.167 206.276
285.245 -684.019
-181.001 -44.747
-820.365 -137.737
166.484 -175.234
-121.453 -627.246
-715.164 403.853
285.777 298.469
828.046 975.986
179.422 622.677
-403.051 -26.918
474.081 -951.759
-439.854 -548.85
-552.307 918.165
462.698 -225.379
569.492 -87.262
-797.551 -129.611
-79.614 -699.263
626.748 -510.625
-181.215 811.062
506.563 -558.431
-922.771 -68.593
61.287 897.144
-584.411 -567.713
542.733 454.749
163.589 -847.544
0.231 509.558
328.639 -270.027
-162.528 244.227
-851.493 7.223
-92.338 795.595
-793.01 -231.93
-233.818 935.107
147.19 -45.323
-560.247 479.663
-765.706 -904.26
689.697 593.437
274.889 -75.477
-402.231 561.539
-176.159 -313.643
985.03 -926.324
-411.679 233.264
-477.915 515.244
526.007 184.767
170.828 705.907
-202.649 988.865
697.204 -801.649
710.151 728.78
815.44 404.585
219.088 -918.854
-110.213 774.783
-734.514 -212.634
981.274 -233.436
294.805 764.231
464.719 -20.144
655.469 -538.66
-249.671 -539.402
-255.702 -49.777
-193.946 -963.064
604.064 -277.509
-977.645 -981.901
117.781 -771.517
-608.503 20.729
561.656 147.416
-804.551 -81.116
832.142 587.669
291.341 -991.059
971.167 284.322
194.487 970.595
-33.265 282.711
161.435 5.063
452.079 361.043
-752.754 32.979
-252.648 412.427
-171.584 -478.057
775.097 104.537
-992.669 780.527
121.979 -710.495
811.601 -640.927
-398.206 681.904
-133.752 944.855
-173.537 -815.027
397.835 -281.192
-134.203 -181.527
-633.661 -193.152
947.03 628.715
-402.586 -563.215
624.921 -597.79
508.278 -648.869
971.209 347.096
44.087 -949.414
155.824 -763.186
548.811 780.2
-844.632 -189.558
-490.328 115.63
-104.428 950.972
-407.019 -111.521
676.303 135.753
910.078 902.382
358.175 360.433
757.194 -948.334
625.011 -356.123
-63.055 -903.844
240.629 -133.319
696.184 -223.189
-345.233 -716.649
900.906 -81.377
188.154 -497.582
-57.348 2.039
681.873 -844.484
-141.17 81.248
-19.766 759.397
-771.0 888.733
-942.529 -841.623
-104.2 -57.977
-196.554 882.884
-907.037 -642.17
-972.549 296.705
-500.069 400.575
-384.089 -738.52
23.252 -727.01
-312.683 -638.646
-940.791 -378.409
-669.612 -480.15
-327.628 408.061
-628.12 251.417
-704.262 764.795
-953.624 -277.909
999.776 293.415
-947.325 -494.869
-840.558 -621.611
574.094 -333.401
-303.713 -341.315
-373.708 -110.71
-221.037 -168.56
226.897 -559.416
-393.624 203.938
-352.844 657.062
309.332 -646.491
-704.969 855.387
617.835 -258.523
945.467 -694.783
936.964 327.19
-616.806 798.633
-426.488 -607.032
-979.963 -797.683
-527.336 -645.322
0.805 -267.608
57.093 243.816
-94.4 199.428
165.964 996.185
-170.916 150.608
483.666 -772.686
132.292 -553.939
686.575 -857.077
-484.293 156.989
-10.11 313.728
-552.857 -155.572
-152.196 912.673
-892.071 920.424
420.438 798.768
-65.938 -371.77
856.002 -621.233
-799.001 288.908
-78.787 694.589
235.783 -925.635
-617.8 342.533
486.193 -334.239
437.847 14.128
664.282 -318.257
460.375 -496.589
-638.979 674.099
-96.948 903.934
-540.227 487.896
-74.91 523.257
-12.756 -535.957
27.594 734.332
-494.426 -819.199
335.395 625.615
-670.026 815.42
549.517 -164.321
371.603 880.823
773.64 271.342
-753.661 -984.079
-471.947 -733.394
-589.513 -717.885
-971.929 787.326
393.066 366.064
957.617 -271.458
-249.707 392.624
388.285 877.45
-480.922 -28.313
-866.066 -541.943
717.827 794.489
-872.793 -430.549
289.524 -206.441
-370.309 795.385
-561.087 403.538
-830.826 256.14
-781.994 765.186
-860.037 858.425
729.082 -644.948
-547.742 -768.394
162.393 144.861
-692.314 962.414
620.611 400.554
981.369 -75.097
-902.98 -344.979
424.188 415.561
-921.823 -335.653
-232.864 971.321
-752.431 -102.104
-21.253 -457.956
-217.984 672.964
-19.216 -340.569
-766.13 978.294
-635.893 -612.139
419.801 825.429
717.706 869.413
607.926 666.685
856.609 821.713
102.945 281.623
157.366 -737.014
8.771 -910.348
-696.684 -848.936
-551.002 756.907
-938.935 335.244
576.035 -916.96
296.606 28.525
943.456 -7.533
238.835 -612.287
-179.674 7.694
-624.537 -451.216
-753.016 146.958
652.531 229.574
347.879 991.695
73.94 -328.196
85.542 -1.554
441.351 -761.072
808.326 -920.787
889.298 -54.308
-149.713 939.2
433.621 69.588
-117.702 -161.592
757.299 437.741
953.561 491.44
-733.401 680.553
984.431 868.873
212.304 787.147
859.819 568.66
-684.135 -750.06
-928.779 646.327
519.336 -575.905
-204.578 -780.161
-235.318 -218.726
434.215 369.768
226.75 508.794
-578.096 -854.681
994.764 658.598
215.159 263.78
369.343 39.332
-982.835 -662.897
-575.148 259.667
-350.994 -638.154
-98.069 -199.277
377.804 -284.613
929.982 -913.849
2.467 -353.804
81.469 771.278
201.237 711.606
901.0 887.609
547.219 718.677
-226.024 -899.398
-519.384 568.493
-49.89 56.186
920.2 157.032
-422.838 280.981
89.438 779.874
534.863 689.721
-208.786 -707.876
-223.669 511.879
-930.112 271.472
192.257 -903.06
359.135 -734.499
951.84 52.752
234.998 -625.348
-998.219 542.744
-70.109 -612.01
66.288 791.774
757.906 -340.564
-960.021 939.446
-559.18 -594.32
-225.238 812.813
-102.366 -308.674
128.722 156.541
-293.162 81.492
-797.746 556.599
873.234 392.323
175.878 -792.085
-551.289 -252.475
842.481 -720.196
-285.022 514.269
18.535 -479.902
289.959 970.483
-965.245 515.82
-155.127 -27.556
-645.339 -805.628
343.461 -775.84
488.828 525.655
840.704 -397.835
-456.886 294.005
28.544 -298.953
-708.564 -402.673
-184.726 -853.63
357.39 -858.904
663.943 -812.78
-992.936 -795.421
780.047 -30.793
161.13 487.54
-537.05 880.777
268.327 -330.288
-809.331 -392.944
899.762 -212.484
-106.288 730.472
-656.125 -384.688
-513.337 -643.96
349.957 -403.29
-432.436 848.664
-794.814 -849.36
111.515 909.385
925.681 986.068
768.574 -589.524
311.993 -379.241
-200.133 -452.211
-270.7 -934.724
-687.255 -968.323
-522.354 824.452
57.785 -130.479
743.489 -144.273
-122.739 -233.186
-201.238 220.5
618.195 3.186
340.932 -234.398
-587.412 997.252
-930.436 -435.542
488.12 -187.107
678.202 -618.808
767.886 797.236
319.52 -996.641
50.267 892.973
625.668 -865.517
-391.366 -773.946
30.33 765.53
-886.311 256.568
-672.802 394.898
-543.149 242.883
-466.925 -220.136
76.325 -537.57
-390.345 379.639
-223.767 -684.619
543.282 16.336
34.514 -648.496
-717.285 -470.385
-603.265 -178.181
142.527 703.191
445.024 948.974
342.833 355.655
-18.747 898.311
-501.75 -686.036
729.872 182.762
430.671 208.905
298.518 -506.091
-723.524 896.358
853.116 -856.163
-194.199 228.685
-422.828 -959.816
-207.669 626.126
-700.95 -104.392
845.711 -946.021
-267.182 404.65
235.274 332.556
-664.17 -833.067
712.016 -141.029
165.996 -600.602
933.427 257.265
44.671 503.966
-687.713 -322.066
861.539 -629.191
729.424 -661.548
199.116 -459.675
-128.349 -400.543
-405.879 -405.361
-467.304 -422.756
385.853 -167.012
-249.588 -155.196
741.72 -890.391
-192.241 -507.448
757.331 -945.861
-679.595 -73.928
-213.198 -226.072
379.036 923.461
-286.129 436.661
-856.458 -564.439
406.265 513.335
-580.459 -432.203
-247.506 586.461
206.529 -551.478
-55.19 -36.976
576.24 -389.743
490.617 789.134
-662.251 19.905
565.186 -855.753
693.114 334.222
280.867 540.767
936.132 -788.039
508.133 9.335
-146.678 -788.779
-440.826 428.009
225.081 678.397
-76.864 218.529
200.613 -426.862
981.258 682.508
-853.482 -376.737
708.136 -185.893
102.855 -644.984
-83.791 -196.62
-819.481 -978.624
825.907 118.055
-55.597 968.998
-713.598 582.357
873.553 6.625
-467.751 -856.553
-243.146 -680.568
-79.709 884.394
-225.641 832.03
231.337 257.857
513.25 569.502
70.93 -161.281
-366.135 859.825
-948.771 -474.329
-290.338 -742.435
-947.329 -32.999
-157.831 501.891
-70.859 -33.075
-772.828 891.603
-249.345 -722.982
-966.927 489.792
326.815 -613.792
-748.991 984.59
-199.949 536.557
347.216 -855.685
624.835 80.108
-337.896 -225.761
-724.803 -596.67
-410.752 -548.282
299.539 -864.266
176.773 -961.729
-281.215 599.559
624.682 -561.886
102.637 677.855
856.432 -724.106
633.979 -903.949
699.481 -885.655
655.312 577.859
493.243 897.2
465.349 285.262
528.227 -974.635
112.309 -911.456
-368.562 -687.227
-477.929 158.371
917.114 7.803
-326.234 53.07
22.762 -673.85
893.798 653.077
-887.836 -778.533
-176.585 497.962
-195.246 328.706
-913.332 636.062
218.518 880.744
-636.109 757.283
-812.574 229.112
211.932 823.936
777.18 720.546
178.954 705.259
653.244 -35.545
-779.221 530.822
809.327 -268.32
-483.684 500.031
397.369 932.458
606.329 480.748
-862.113 -517.398
-559.161 897.07
-222.758 278.67
546.66 -430.186
-606.559 -67.346
-436.044 -895.107
-411.101 -716.588
885.242 -68.655
494.341 -463.514
-317.661 -208.541
463.701 733.185
-782.137 -341.821
-299.745 124.534
-845.764 -181.881
-993.298 960.182
-385.257 -884.928
-122.53 -13.22
-144.385 -945.071
545.987 943.815
-57.984 89.766
352.115 245.501
706.462 731.808
-431.468 256.704
-544.958 -95.052
841.895 438.825
-701.134 197.128
461.406 399.733
889.668 805.009
-595.374 -776.345
174.829 228.424
249.896 736.751
-390.437 679.798
590.228 610.619
-788.607 -415.69
-256.233 -216.874
111.777 821.462
92.188 -467.191
606.085 -152.569
-408.324 -393.349
-547.321 114.898
335.68 765.498
-452.743 650.573
-252.277 781.667
-292.628 -305.475
472.986 722.169
596.894 -91.024
105.839 -868.745
266.518 434.164
156.231 191.247
-62.358 -737.924
-839.172 859.559
-832.275 297.83
-749.765 579.473
-546.66 -677.72
-37.886 928.041
-568.771 790.158
-211.416 263.403
238.982 557.194
-1.293 943.992
644.354 -98.325
46.851 359.575
-233.235 166.655
-182.942 970.186
-0.968 66.436
682.308 348.483
-35.3 941.249
-467.586 161.893
-784.566 267.21
809.764 235.267
544.433 676.336
-773.064 606.788
-367.868 901.236
643.502 -433.704
-441.325 -175.094
-695.271 -930.323
-797.395 -234.289
575.83 -634.804
229.844 241.283
-160.616 -39.182
543.699 -90.126
980.294 393.433
665.646 -522.201
-649.799 621.16
-241.438 -584.05
-15.741 -869.738
-173.904 33.214
-390.837 -159.173
0.249 -857.404
-747.352 -907.698
-138.94 112.667
230.311 -684.096
-82.669 982.366
930.154 169.75
276.755 448.725
-62.631 933.927
-854.192 237.307
893.873 -577.214
351.036 174.052
537.918 371.504
-414.653 756.923
-236.281 -226.755
-25.06 -784.976
-915.654 -136.948
390.359 -213.352
827.003 97.3
809.345 -899.844
-479.299 -251.014
389.855 18.415
-199.846 725.301
-328.838 -635.311
-696.973 -748.01
478.221 -895.498
538.525 853.702
-307.075 357.863
804.699 293.418
-388.418 -769.317
-455.722 277.071
-834.054 316.574
-994.985 839.684
890.655 -997.449
-242.868 466.989
98.901 695.956
-654.047 848.807
-945.109 669.198
-141.888 49.859
-54.793 582.42
918.302 607.242
782.754 116.07
598.846 221.197
-716.683 -838.859
-132.487 -782.621
-529.576 -469.544
392.937 14.886
959.642 -205.512
-270.412 218.421
-995.481 486.098
264.462 -807.897
340.267 -284.069
632.754 -796.462
-550.691 597.045
405.0 -665.819
919.634 918.794
719.842 -922.947
-247.693 -874.078
-944.85 -799.051
715.569 418.2
-272.987 747.023
853.253 660.697
204.563 -479.525
101.286 785.894
59.334 -856.359
-467.799 -987.391
344.293 506.537
-709.099 392.502
-396.023 981.765
-63.167 380.973
-395.005 -584.735
-376.683 596.381
341.261 -65.807
-262.069 -141.513
-228.977 662.264
200.808 -628.347
-554.965 975.719
-528.343 871.971
241.105 -980.22
833.966 902.553
174.535 619.929
-835.783 528.069
-730.771 -795.3
-320.648 610.099
412.802 947.186
-80.919 -243.026
-48.035 -932.214
389.044 317.566
458.8 239.99
690.008 70.314
859.88 -876.37
-962.94 -316.772
21.169 -210.69
789.044 675.25
201.957 -835.093
883.918 -980.377
-741.813 970.299
-824.936 122.684
171.425 543.674
-679.844 -545.465
-843.585 99.721
754.518 -297.845
-177.736 845.357
-628.466 -785.055
21.252 847.728
455.129 398.945
921.387 32.603
-750.281 -808.128
353.452 -292.126
760.413 980.562
256.808 -626.475
-637.386 170.649
381.155 -457.305
583.108 -472.684
434.095 -200.067
852.67 810.422
704.137 147.296
-646.449 -744.082
-894.639 181.876
653.889 401.945
-445.109 80.768
-868.27 -623.757
875.987 -663.966
607.3 -325.081
176.0 -410.745
-646.945 -851.263
-771.264 -34.708
-441.325 -245.116
-878.769 -311.859
23.492 -889.092
276.936 104.812
-772.27 910.684
879.513 -995.797
-11.148 -778.045
-319.725 922.743
436.957 -115.319
-607.5 965.349
-690.042 -880.991
782.024 984.46
-71.449 493.6
-138.389 137.423
-251.912 -626.403
-43.645 -15.008
-626.28 769.753
684.141 485.282
-685.737 -996.328
-476.436 -139.075
152.176 490.226
76.141 767.96
814.406 793.42
777.178 -860.99
-124.969 828.347
298.855 -544.188
-897.611 404.586
447.951 -234.172
-815.297 822.488
-49.913 634.64
-893.033 -710.101
-415.059 -924.283
-668.746 -675.95
-966.89 -587.044
99.197 668.785
-962.614 569.828
839.574 -826.688
418.859 274.648
674.463 -524.449
615.318 796.788
686.521 564.101
602.341 -504.175
-819.221 -862.954
762.392 188.192
-540.436 -36.478
-537.57 -539.277
-74.692 135.68
38.964 632.877
58.263 859.599
-854.308 828.988
946.269 -918.317
-718.591 -535.183
-61.937 -201.764
793.088 483.168
-986.24 482.472
-31.723 348.108
-82.203 -146.196
-685.442 -78.857
-86.51 -931.11
768.363 59.746
-263.495 -253.805
684.246 536.727
235.472 -868.722
830.724 -354.709
-383.298 -863.795
-754.921 430.082
254.192 -477.693
74.335 288.259
617.297 -757.107
164.836 -494.5
890.905 342.197
-589.64 -488.979
-649.586 435.36
305.155 907.808
585.727 828.762
-981.404 49.969
-695.535 631.299
-112.55 993.265
784.105 328.806
-453.111 -349.794
-839.613 203.637
261.996 572.283
497.788 -133.291
348.444 -206.21
-977.768 490.912
360.917 648.783
-322.582 -1.163
-8.194 -3.151
-527.64 22.847
975.183 -763.344
-100.107 -130.252
-550.589 -620.248
-449.264 48.093
615.464 432.868
-976.885 841.076
871.785 586.2
-697.693 949.003
40.425 740.624
-39.324 561.849
-430.078 161.286
972.576 -819.973
119.594 -822.279
937.527 767.776
391.678 355.757
-853.449 -425.049
-770.251 229.129
-13.008 264.638
807.676 -317.614
198.569 -246.541
663.653 744.747
-522.508 -950.046
389.427 -148.461
700.291 889.21
-972.649 -42.416
-456.652 35.191
939.512 998.114
-672.104 -359.802
-462.497 -181.781
832.491 -71.922
198.979 -875.377
429.581 941.479
602.367 650.041
-24.781 -602.451
160.065 540.782
-41.408 -614.746
66.943 128.195
-592.437 451.753
927.38 -341.157
204.935 796.527
650.618 -277.371
873.044 944.566
-528.559 -547.143
806.603 865.972
485.633 -254.577
-463.191 -733.232
-633.205 -169.407
-561.222 -288.063
-163.132 -7.438
32.987 -609.73
857.499 624.637
-52.865 593.368
520.17 -383.963
847.965 994.291
712.295 4.079
97.535 -454.016
-69.246 -777.714
-248.151 249.109
-367.314 -436.282
-289.517 467.597
579.467 717.725
-675.343 -478.35
746.929 888.729
-26.115 871.026
-197.12 482.356
387.467 860.469
-387.561 -164.356
35.51 188.079
455.309 -701.013
-566.455 30.405
-206.227 -535.577
736.696 897.739
-939.808 -803.915
337.12 81.805
-650.288 301.605
135.438 453.852
457.71 840.456
-928.413 -941.649
-292.264 -143.896
293.516 -105.144
652.217 331.194
73.834 334.046
-184.01 -904.654
90.146 -140.753
163.149 768.519
-512.177 656.234
456.612 693.498
908.214 694.674
354.426 952.105
380.508 185.257
891.514 -935.851
930.973 490.175
-849.354 638.075
-907.17 288.148
816.654 -517.374
-928.361 614.955
25.185 57.827
174.379 662.872
-872.098 -552.585
-669.982 52.758
-290.741 714.549
822.66 643.036
-539.675 -184.743
696.745 327.183
908.333 753.299
-553.866 -706.383
799.032 575.217
-4.361 147.462
-732.339 779.988
-764.405 116.263
915.686 147.856
-504.246 625.374
-354.934 -959.448
-93.249 220.865
-296.752 282.11
-824.904 -80.496
734.519 149.797
335.477 416.331
-246.027 -513.586
805.084 -929.589
-488.831 153.392
825.963 932.919
-192.048 30.499
-326.499 -468.165
-477.791 286.359
597.299 656.963
-350.293 -688.824
-351.597 -194.184
-588.381 730.931
-46.302 -503.41
874.262 -916.33
457.046 -455.168
-801.811 335.232
624.434 -696.846
-431.15 304.359
-268.057 489.75
662.377 963.56
817.662 266.837
614.905 607.51
185.948 -976.108
-992.207 -820.458
175.35 -731.597
-23.796 444.983
-795.78 -9.916
313.179 -804.559
-227.162 -167.793
-164.791 -527.188
-911.145 -925.561
-478.574 380.545
280.485 -50.333
530.934 -88.121
-265.244 -489.535
-252.523 -521.208
-357.661 484.205
-143.97 -669.292
-695.301 70.851
418.0 -83.603
848.292 -225.987
-887.215 -26.081
564.561 803.989
154.322 151.097
828.272 -817.543
-691.733 -784.261
-547.127 109.766
-262.415 -404.923
88.137 736.654
244.35 837.096
-886.564 -378.348
19.181 210.875
-196.773 -130.538
104.155 -226.735
-262.103 340.654
195.063 -372.204
-244.332 402.1
132.13 -66.359
-75.233 -262.876
828.071 526.084
-679.12 -416.539
-909.2 -836.197
395.407 -732.993
224.74 764.635
-949.289 -820.98
-948.749 -139.094
187.152 620.7
-658.674 -803.514
490.909 -81.974
554.036 -915.745
-398.881 -488.478
-625.141 35.616
-725.14 929.895
993.666 346.431
95.102 -281.089
-88.877 24.142
-577.988 -779.232
430.482 920.42
-701.899 -921.048
405.755 -548.209
-13.954 275.016
-219.611 -862.611
-110.725 -491.884
-5.252 819.792
184.637 -582.272
733.944 365.466
815.431 -673.884
67.025 736.503
617.35 -352.765
473.756 141.083
-760.153 -459.494
938.852 -503.71
859.148 -422.137
95.207 -745.69
-426.179 -995.445
81.138 -411.664
513.572 461.231
-147.627 -473.713
-762.328 884.75
-399.493 -691.584
492.924 771.277
-900.386 733.36
-236.594 -615.79
562.396 -336.084
-28.44 365.808
-798.174 912.696
914.268 58.362
-998.002 -143.944
145.624 41.164
-335.362 -305.583
254.884 794.015
320.652 -638.216
828.405 -222.06
-522.135 -908.171
732.797 -491.526
-178.177 4.726
-876.927 105.553
894.356 -207.232
-529.173 -374.316
-289.121 648.223
-525.636 -384.051
-939.678 -84.435
-274.426 268.932
353.105 -751.041
-448.138 770.709
178.957 -958.863
259.385 -144.37
-510.726 87.867
-401.706 -690.812
-794.764 -942.345
-308.347 504.694
39.105 256.117
667.657 557.542
-424.572 -947.387
-281.026 813.551
269.388 -574.087
240.458 -178.381
-125.956 849.552
-380.202 -751.43
-248.094 -892.273
484.872 -14.049
926.685 699.554
149.983 -478.108
-327.142 -408.451
-167.457 -627.659
-555.931 -838.756
975.007 977.785
-576.776 396.116
372.206 436.857
110.629 -764.915
928.445 -918.616
85.41 -57.425
857.288 933.661
830.914 -947.81
-932.774 -107.72
-1.066 913.516
202.787 643.542
-811.871 142.732
-194.108 549.862
-94.23 -978.283
850.186 724.419
882.896 18.679
14.114 861.882
645.675 876.273
-132.917 -935.042
85.856 -549.687
64.832 327.666
-19.24 576.98
212.728 -910.821
689.462 -461.115
-280.132 -601.519
191.851 -441.191
926.118 33.327
42.331 -43.092
-509.557 751.403
-503.723 -366.882
-570.654 -25.708
959.223 443.317
-974.617 638.317
-327.495 -535.653
872.464 42.411
142.115 -694.418
-964.574 -591.058
679.875 -929.412
-978.177 825.687
216.634 -240.749
71.853 810.391
-202.712 690.314
-17.598 14.99
-353.431 -271.602
-292.161 -308.775
251.895 -816.047
408.121 797.491
696.628 850.059
871.262 -816.629
-681.564 582.674
-722.9 -388.643
-176.202 -45.047
412.783 654.471
258.852 398.14
-826.356 2.545
-893.283 774.557
288.469 -213.943
-448.933 -793.806
854.106 312.754
-46.87 689.561
994.731 185.281
887.928 -468.175
-256.239 -16.686
489.204 -819.548
-23.33 168.354
-859.643 -274.517
-538.209 -650.181
-283.756 -311.872
-552.015 -583.257
-604.18 -485.311
696.275 93.353
215.77 235.296
-949.56 662.219
505.865 848.423
-663.007 -646.062
827.448 -855.474
-734.909 -75.626
583.848 -221.766
-204.265 760.599
-253.524 164.368
952.894 -58.284
-55.309 -403.34
-805.717 463.772
-378.718 -425.923
-813.069 945.626
-649.17 578.656
-492.997 800.564
262.606 -844.423
419.6 -487.586
318.742 773.066
965.216 -54.3
447.291 698.53
342.99 -594.82
-40.24 -126.664
261.166 49.909
-410.806 176.36
698.255 257.02
801.411 198.519
-849.307 -694.5
746.076 379.903
375.706 -746.192
759.643 -382.919
-387.049 290.658
578.929 -993.624
-68.788 746.97
-577.985 784.02
206.862 42.76
-907.12 709.772
27.935 408.726
682.319 820.836
93.267 498.902
-7.567 -415.663
-108.397 330.498
-444.617 819.157
888.02 -220.241
-580.924 317.766
-234.117 -38.092
138.546 702.661
135.315 -501.195
-833.854 -859.323
555.494 -745.782
-669.183 -851.963
727.742 62.279
-297.762 511.097
-289.197 81.083
-855.472 -609.183
595.661 456.374
53.56 -231.591
16.433 105.317
-653.861 -703.712
877.487 -797.759
-507.201 171.326
420.626 -654.687
440.173 150.752
591.369 -276.806
-961.457 -840.065
-195.743 318.151
-888.153 666.306
-826.744 512.179
-570.815 -683.305
-60.352 699.029
-623.958 22.236
-414.929 -445.203
897.289 -122.124
-123.537 -448.596
-313.347 -452.234
662.045 -251.802
300.282 997.619
-116.817 894.317
515.35 -612.435
-865.634 -322.612
968.368 682.045
-88.885 -262.26
61.374 916.817
-256.872 126.865
-158.593 863.386
936.644 562.616
-328.474 345.649
-814.079 -122.898
566.272 -226.218
-691.658 536.711
-131.655 781.273
-39.661 -813.91
876.595 822.35
-679.714 936.628
631.269 -748.974
925.583 590.075
598.326 -338.727
892.53 128.471
412.36 -365.243
-231.133 585.118
757.559 -803.032
323.64 563.665
-463.832 -979.037
38.043 452.684
35.456 616.204
-972.891 326.213
-453.579 -680.992
562.39 751.457
521.865 -204.249
-785.977 226.618
-925.408 258.885
-73.914 83.873
183.117 -341.717
152.311 -840.482
-798.594 111.976
-0.853 952.95
327.081 46.788
38.643 -847.011
-104.681 -478.151
169.102 362.369
-155.457 -28.005
-152.787 -358.899
-55.756 351.026
51.925 -139.672
-15.477 660.312
69.924 -763.505
-149.079 -644.204
-597.386 113.344
862.74 -264.656
309.49 -268.182
223.924 616.635
-868.025 722.605
895.821 -423.1
399.069 332.956
880.344 -202.069
570.297 115.119
-821.115 86.433
282.05 -839.042
356.816 537.471
-19.653 688.095
-20.145 -456.328
976.59 118.992
-359.235 395.373
229.625 -192.446
-177.354 -250.985
317.704 391.654
-238.713 -367.075
-951.427 -615.969
975.475 947.151
521.519 -425.545
-631.299 -230.046
-607.252 308.175
342.035 175.622
-311.823 -809.822
-560.267 794.434
268.508 638.242
-72.037 -909.127
-155.137 957.869
-304.716 251.288
-663.283 -458.188
260.27 -875.963
-557.644 520.503
617.106 72.079
353.797 -621.8
-593.993 -769.421
-409.012 -69.178
894.865 -897.326
-994.77 -207.744
398.248 -632.06
827.162 -711.577
126.505 -679.06
-300.914 898.481
567.733 422.033
-593.916 -148.331
-762.444 -988.913
130.81 712.919
-601.44 431.453
-741.168 603.866
594.682 -919.643
-206.198 -262.796
-451.621 163.84
-970.195 876.218
-4.468 926.494
-518.988 -352.701
-516.5 550.566
-251.02 576.753
377.998 -878.484
13.224 406.548
-592.507 436.046
121.448 -722.506
-479.29 -753.967
-115.732 773.751
-443.467 157.868
-160.511 -702.07
-402.873 -108.11
240.211 -831.363
168.678 -859.381
815.383 741.728
-575.559 387.563
46.056 878.705
-928.57 510.261
-105.165 -996.929
385.618 61.296
75.265 420.827
978.161 156.594
125.004 730.25
-23.582 534.143
882.8 -119.327
-921.958 -861.816
335.126 786.781
-399.667 -654.222
-465.027 -502.568
-911.141 909.982
241.269 -565.74
-714.636 -956.71
-570.4 -192.076
306.259 -471.96
-929.551 177.358
997.985 -318.649
551.794 467.122
-705.983 -952.088
178.458 -569.514
383.648 28.154
-756.098 90.303
-525.646 -442.872
-941.328 -86.148
-396.464 82.459
101.45 -565.534
-916.19 -338.942
981.49 -309.464
579.687 581.331
-735.961 -11.857
-283.74 776.54
89.227 419.625
36.888 998.528
-806.368 919.891
-439.716 103.266
402.382 -402.272
310.973 -483.449
760.123 -658.55
-658.024 74.482
940.957 -492.064
633.329 -983.361
-184.874 919.625
-812.82 393.094
686.683 400.788
-29.204 -722.614
-276.36 636.412
89.697 602.159
829.162 935.35
-185.512 587.291
824.604 -460.221
-949.007 -859.626
336.848 620.944
-686.062 273.624
407.711 982.821
667.781 -789.821
381.319 -894.441
-205.551 480.3
-954.049 875.534
-200.384 298.625
440.754 -182.593
-637.702 -246.701
-457.507 -638.792
-962.88 -905.687
-610.162 567.459
-864.472 -930.452
182.968 -437.526
-571.281 170.227
494.082 986.361
-991.548 -311.926
-128.87 62.203
-218.858 -703.859
146.466 -212.369
-753.188 849.809
-654.227 -445.843
998.282 -84.11
562.672 607.556
349.899 -863.422
722.901 138.805
-925.838 828.891
-382.606 -221.394
-965.336 -114.173
862.197 462.989
-48.941 153.53
-847.655 -127.317
-46.236 -436.858
-703.67 253.899
-491.503 904.452
-801.477 -950.527
312.227 546.77
726.909 931.262
327.114 642.66
195.067 651.771
-980.01 -885.389
35.231 -556.627
127.439 -654.11
-770.942 493.389
454.423 -714.05
-21.068 -167.828
799.373 330.958
137.782 -743.597
-744.369 390.446
596.742 519.509
-157.675 767.157
-900.876 -943.437
700.546 811.391
411.64 -279.903
-673.925 -765.598
-555.814 -438.315
664.878 406.374
387.147 -142.15
-183.517 -210.834
207.034 -841.003
1.219 681.387
-721.081 840.752
-228.674 -517.989
868.042 -11.826
273.316 224.87
-45.513 -453.63
-64.846 789.272
-78.835 -162.845
-242.627 -155.85
-245.739 871.012
608.818 928.431
428.848 -560.519
405.238 -793.621
833.782 528.815
569.146 910.438
819.08 -574.989
-396.487 -716.373
-778.786 987.399
-488.295 -293.714
403.483 744.491
-432.611 995.98
382.365 -733.588
-387.671 -809.83
-967.356 144.388
-616.702 888.683
-914.195 -894.442
685.576 -799.516
236.298 121.096
-155.063 -848.904
-414.345 162.513
-354.634 332.215
73.86 -546.2
-174.524 -590.99
-85.435 503.486
-927.267 -82.345
77.817 531.214
-817.524 85.848
-4.124 -928.235
803.568 -336.197
315.75 915.828
997.9 -455.228
924.682 -775.479
821.509 954.231
-925.267 450.55
215.228 -403.323
937.313 -701.454
636.024 330.537
121.877 171.408
-994.841 -617.593
582.152 -710.189
514.579 672.737
-280.247 820.853
-286.428 228.432
826.358 -263.247
550.693 826.021
-859.783 389.009
-777.58 -217.156
-354.694 603.277
-241.843 -907.86
91.765 -781.65
-59.21 -999.424
-740.33 -911.54
-502.258 387.739
-597.814 -600.462
-858.397 -426.11
950.68 390.83
244.654 -60.513
-687.879 -858.807
-163.16 -853.483
668.721 974.182
-758.687 -873.603
728.769 719.165
795.017 -183.16
-2.703 -644.526
-768.989 -12.753
-43.573 -653.986
-250.221 90.121
528.009 -485.152
-916.842 -591.791
-348.473 168.078
-205.455 -77.266
-823.986 328.379
-696.365 -594.188
723.743 556.863
940.515 795.095
-630.687 -604.253
416.846 -237.623
394.277 -743.725
209.296 920.032
844.159 610.904
945.806 -843.462
-546.016 -448.033
720.108 -971.066
-231.952 -846.24
894.166 -161.819
-774.298 -737.759
-313.581 970.784
-449.553 115.776
-484.427 -96.5
-560.27 -599.817
815.046 -944.311
-407.541 -781.955
-595.843 370.477
-261.058 -577.772
387.905 904.339
817.006 -449.364
742.055 -299.714
2.826 347.274
-103.283 -300.327
-264.959 -716.085
917.203 -478.18
475.897 12.531
117.159 941.132
815.086 618.556
-823.561 -602.553
996.941 -319.27
42.362 219.555
845.018 -990.936
624.016 -916.176
475.287 -876.327
731.455 131.243
911.44 345.661
-372.482 956.567
-503.352 -147.842
-116.04 -804.354
845.058 512.759
480.799 497.234
379.698 -206.947
-591.487 154.707
-331.946 -21.225
-764.128 -841.102
-832.985 -606.284
421.296 215.792
597.137 -618.385
235.993 140.071
-677.632 -110.128
-659.637 653.277
544.464 821.616
65.188 22.458
536.907 768.612
-264.098 249.843
615.751 -972.522
-892.48 110.525
-70.687 -389.942
-70.427 -962.711
-438.838 -842.676
-520.51 -0.873
951.265 -683.063
693.305 587.892
-463.724 492.139
859.29 -536.422
-349.78 -911.174
92.602 -375.455
515.424 -504.439
598.849 332.824
632.743 595.198
-221.245 -215.954
-710.062 -155.449
85.582 -704.772
240.372 199.133
170.544 -59.486
396.614 4.592
314.483 -442.779
580.635 609.363
-160.743 359.747
611.339 719.897
327.526 298.068
677.76 84.976
8.78 650.938
-278.812 -634.053
194.871 194.249
-378.859 32.46
639.468 -646.835
281.486 -410.321
942.099 -430.767
668.422 786.169
-78.788 -750.129
466.309 -304.762
-838.683 268.113
247.452 174.71
-778.691 447.154
-201.473 -379.57
-109.155 -678.422
-807.069 84.761
994.799 725.685
-913.26 546.828
594.697 -105.635
393.851 113.182
935.852 -823.944
183.046 -245.985
-56.438 -713.665
24.005 92.063
365.403 32.288
375.203 830.277
-658.782 -115.659
-765.5 613.233
692.311 -470.735
-348.061 870.306
952.72 852.538
734.087 215.699
-254.855 -677.641
271.984 348.599
-45.199 -388.396
825.963 823.387
621.594 859.458
915.788 500.955
487.355 -216.927
-751.726 7.414
567.114 -61.402
-393.875 -915.552
-671.926 726.771
527.33 311.823
-673.833 -954.757
572.239 -629.58
465.447 -725.399
855.605 -562.009
714.162 -263.742
-760.356 -519.522
541.092 234.247
316.93 973.014
238.294 -337.901
244.893 714.857
800.48 917.391
267.98 404.298
-251.347 -470.731
-267.948 12.85
-68.199 -534.07
530.785 190.704
580.183 136.606
333.224 25.658
34.855 -371.268
861.8 -686.879
-661.0 -688.28
-122.247 573.418
-635.915 261.394
586.451 -433.055
120.607 -360.672
-371.308 -430.231
-684.507 -923.92
-411.141 954.534
450.211 -95.648
-644.421 569.126
593.074 -778.729
200.808 313.698
760.749 126.457
-104.135 -503.061
-267.875 730.378
-528.595 -942.798
263.751 492.746
-707.762 -897.678
252.827 -119.131
216.833 718.995
-292.304 981.947
750.597 -46.006
-139.657 -734.861
767.76 298.261
-761.2 707.325
-747.477 751.208
381.45 270.613
675.59 -460.102
115.009 -247.125
-6.356 633.155
-898.188 285.897
-574.814 -213.654
911.57 33.029
335.651 -892.193
-228.041 22.719
655.616 361.67
-332.856 5.287
815.732 -960.281
-547.24 529.827
62.857 103.354
-335.999 -348.467
-627.222 28.476
-61.845 467.642
-107.764 -75.718
773.27 -884.099
-508.189 -411.77
-999.893 -252.631
121.753 591.97
-654.838 56.276
-943.895 -528.792
-822.51 -827.172
176.52 343.052
385.083 -110.199
-322.609 689.921
976.791 207.648
-900.541 -465.301
321.965 -484.208
603.695 384.311
320.019 -856.419
-652.739 -359.296
599.632 936.289
-787.246 -350.284
692.796 251.897
-635.235 759.686
258.937 582.167
895.237 120.281
359.135 -630.99
-772.905 104.926
-770.957 849.224
787.594 948.73
788.625 189.026
-618.857 -850.871
-132.779 241.018
271.086 678.205
-753.227 607.643
-706.233 511.232
733.296 -474.21
584.271 -890.453
629.326 129.498
-941.693 595.226
-39.524 -850.082
483.512 -566.29
715.714 534.554
-233.723 -64.929
314.553 121.347
-876.929 525.253
-144.016 859.131
433.805 -880.173
-160.447 -944.046
-809.018 80.788
-644.009 460.055
-956.007 395.487
-805.489 -412.164
-439.097 -91.326
-959.44 -595.718
32.315 130.309
509.42 -616.321
-549.757 -90.968
477.353 728.411
-133.506 -298.176
339.098 -687.393
-419.389 418.741
-866.557 863.094
-842.155 756.968
647.279 -792.032
-170.385 98.329
-733.511 643.879
-260.164 391.266
-344.114 272.085
-56.557 73.585
699.084 452.203
900.902 -180.043
1.204 -352.292
-946.203 851.822
938.543 986.463
-463.247 510.817
21.455 695.73
-121.847 921.633
704.141 756.319
239.018 -16.708
331.774 -142.095
130.391 -639.145
264.279 188.755
-494.21 -486.457
608.386 296.531
952.792 -489.997
-564.667 -74.21
389.707 -382.123
-90.857 661.582
-475.536 192.176
439.005 470.308
-662.727 500.639
-883.297 633.1
-51.412 756.903
568.678 311.247
648.356 841.327
-936.765 997.738
860.989 112.318
-973.813 -849.876
-847.488 -500.144
-182.824 232.262
-865.334 21.367
570.183 790.38
423.69 79.364
390.146 511.422
-54.45 -889.95
-778.377 -430.229
-993.464 309.281
-464.622 395.952
-493.963 -368.15
754.221 549.362
686.13 -731.711
-188.12 -732.254
946.47 820.76
-871.4 360.582
-336.366 916.332
-826.993 136.53
-275.47 372.536
572.392 -195.978
796.785 50.676
871.718 -858.289
-317.136 -822.984
611.061 -654.753
755.897 -978.102
-999.684 66.234
24.769 497.357
305.49 837.567
284.306 -403.249
574.464 -383.398
-84.297 -109.403
-679.796 14.145
-348.134 902.821
578.078 929.228
369.71 -843.634
510.8 127.38
-289.972 72.585
-856.301 -910.191
862.649 -598.361
-73.121 723.36
883.986 702.284
181.732 961.837
444.52 -526.311
914.858 -97.386
-823.191 -981.294
-659.997 666.727
380.701 -613.603
-90.807 318.614
716.087 161.06
-583.155 878.714
-372.629 389.253
-306.098 -863.95
-408.704 -451.836
328.63 -10.239
845.524 -136.838
701.098 -731.303
175.284 545.17
625.057 872.577
43.457 945.593
-791.798 936.796
-711.099 513.11
496.912 -906.058
-244.437 545.149
363.329 -351.677
959.045 155.839
-273.038 -363.748
316.562 373.788
-73.686 540.631
-496.496 -262.909
384.579 817.872
-187.422 432.278
-187.056 430.528
-738.041 -253.515
-457.558 -215.317
-939.793 637.407
-28.292 -984.841
95.667 -60.9
905.728 591.297
678.283 -581.415
-943.09 -88.544
951.658 -768.263
704.758 480.283
632.472 631.767
-640.232 -231.118
793.845 44.917
536.627 -637.369
-542.295 -661.782
127.554 -882.537
616.035 -659.735
84.334 476.601
-417.532 -211.739
-994.021 308.692
431.419 321.727
994.724 54.191
-336.376 12.728
210.766 566.689
-521.563 -708.892
246.985 342.489
625.416 -541.108
467.528 842.32
-405.316 -810.097
209.993 991.224
-400.7 382.24
557.888 -167.402
740.029 496.143
-433.572 -170.612
-483.585 712.966
-381.544 531.755
887.126 -417.619
797.427 -190.55
-568.543 -150.415
320.304 440.385
-226.824 507.627
686.655 -26.179
-893.718 -558.492
-118.735 -968.261
952.917 765.389
-468.478 -749.959
-734.634 819.489
-148.627 747.262
-210.689 -250.189
348.464 1.23
387.362 70.716
-348.069 186.984
-987.13 -736.463
118.328 163.004
254.65 -895.739
760.455 4.136
-122.124 -718.542
-699.267 -875.955
-340.989 -964.349
510.13 880.948
-110.648 -76.134
-696.955 669.186
-152.6 986.45
-216.949 -110.013
-442.239 -369.791
721.611 392.841
573.318 947.581
-821.347 -350.514
-928.396 58.439
577.254 -354.782
-457.933 -865.185
-417.579 -222.243
-864.945 793.063
575.436 169.099
918.266 -714.036
-869.675 205.649
704.767 -716.476
-814.519 -754.822
-162.098 -879.747
170.075 10.284
716.177 426.708
600.293 -719.365
-945.804 -864.603
-125.943 82.551
752.975 881.71
-74.793 -507.102
-731.851 -347.709
-816.8 170.044
-183.913 -492.687
762.671 -543.763
686.211 -392.596
936.667 -516.452
-232.142 -712.787
-256.012 840.219
134.218 336.406
-508.499 494.973
454.997 726.557
-520.86 -312.801
576.154 -839.443
78.042 385.775
-669.423 -435.745
-438.499 -142.945
-815.298 678.661
-930.15 937.762
822.786 406.052
145.373 486.606
714.242 585.929
-816.87 224.737
431.316 147.855
83.927 -351.541
994.909 981.777
547.147 -402.121
-965.337 -846.298
-856.556 -40.838
-273.828 -886.156
-545.594 -72.223
504.563 -594.398
292.299 -646.393
-868.795 -667.881
321.263 654.273
-225.611 -804.986
886.253 51.189
205.993 -840.925
-376.912 -344.259
427.952 -866.474
-838.553 304.919
250.151 -519.734
609.925 92.631
-586.361 -909.77
-227.384 592.96
299.765 633.52
598.384 178.768
204.153 928.598
-282.644 -77.861
-63.924 938.697
-265.004 899.964
487.628 864.15
833.428 286.886
-956.728 180.594
-383.956 -724.201
-42.479 936.869
-324.987 980.873
488.527 -613.924
-229.478 168.803
388.296 -613.348
-526.729 -953.36
186.444 728.978
949.641 463.896
-277.962 428.19
-729.729 -251.048
-419.295 731.885
412.9 618.479
-661.861 -317.753
733.431 -857.817
-817.734 -529.895
-215.922 -594.705
-297.756 -369.404
548.393 713.527
-529.611 469.05
855.457 -572.883
-304.426 -800.921
792.094 801.986
-784.218 -752.308
312.462 -511.746
-720.641 -586.73
970.544 661.715
-61.253 376.357
-891.762 -639.181
902.659 890.506
482.545 -259.136
264.163 480.084
-696.33 627.208
-846.806 33.118
-940.072 144.794
-567.918 461.701
14.744 169.502
-573.484 -562.112
-906.582 305.162
-873.557 32.545
298.334 -835.084
289.669 124.52
984.132 -154.468
857.34 -676.555
716.839 645.432
20.321 123.779
-185.973 839.781
464.549 271.67
91.202 -468.066
-592.144 -364.404
993.884 615.191
813.368 -156.685
968.547 -503.71
885.225 10.978
122.116 -275.316
85.501 982.016
-96.176 317.983
640.379 -128.726
-927.598 -184.29
-10.129 -897.048
-441.05 -162.547
-453.246 856.148
312.169 870.038
59.289 970.041
443.29 -456.416
-453.311 381.124
893.111 167.539
372.782 -56.403
761.42 153.625
615.036 814.458
-488.706 -710.196
656.685 -694.098
793.214 -472.771
165.69 -926.051
-397.653 -226.268
153.145 550.94
629.801 649.678
-619.546 346.259
508.788 -328.265
245.662 -285.831
18.993 -166.84
49.624 894.837
-453.693 560.453
669.798 77.551
-495.705 -319.233
-445.571 -516.656
-90.646 633.718
685.601 303.836
-655.285 -166.813
-564.33 -310.834
-110.121 13.594
-859.274 842.89
-281.273 664.57
186.277 -184.035
-826.246 407.457
-388.185 -152.165
-253.682 334.853
868.692 -882.698
387.293 601.718
424.465 -58.811
-901.727 -913.492
-767.28 -486.328
-971.64 -648.205
317.409 652.515
-321.208 677.739
178.607 -976.993
843.378 42.041
708.057 -652.753
776.536 174.527
605.304 -275.555
191.105 -398.209
-571.051 -962.839
469.953 68.163
623.557 -424.549
315.52 426.334
-210.195 524.776
66.254 -8.513
-353.746 495.934
-117.622 46.524
-740.035 302.765
591.778 196.814
358.514 270.646
822.641 161.891
-47.141 881.748
-531.93 572.705
-558.497 -289.64
231.645 721.074
-929.931 -63.21
-152.448 619.025
-498.416 -609.653
866.165 133.257
364.125 -892.629
-324.071 578.888
-779.599 949.098
643.519 -586.801
630.904 888.702
-418.034 775.841
-545.305 -821.537
533.516 450.317
950.236 -26.351
-422.55 883.245
390.981 -806.803
958.974 -287.639
489.982 -959.504
-709.465 788.703
652.435 -902.827
-336.625 41.443
-360.273 740.335
-237.773 805.691
-583.937 -832.511
-110.124 913.666
40.36 412.585
833.557 -60.626
28.684 96.031
-162.402 932.635
-256.44 -419.24
-962.981 393.995
-819.413 -160.975
749.655 -654.037
-670.585 -546.286
-393.174 -840.841
18.667 -816.262
130.449 621.042
-120.356 -487.744
99.45 -850.846
6.167 732.401
-73.661 293.46
908.889 582.631
769.244 549.195
500.145 179.875
51.426 480.164
120.71 -719.596
-170.094 -562.152
-580.15 192.372
-135.676 -257.747
467.541 63.991
384.906 57.348
273.585 518.099
-365.315 -439.84
930.41 675.622
-428.888 -78.298
-377.543 384.728
584.468 -629.895
-471.749 348.461
-89.373 846.761
-752.146 376.085
638.03 79.857
-115.605 -743.904
-619.685 -113.555
-793.732 -709.962
-785.072 -290.819
874.345 526.3
661.502 -122.13
178.218 183.214
-95.832 402.877
-959.499 356.007
-499.03 401.496
834.632 81.027
807.166 -832.413
-210.4 -610.686
-512.906 126.96
763.921 936.745
-203.033 -744.807
11.481 -96.484
515.0 884.961
439.354 1.996
-925.043 -968.868
-700.102 610.681
953.056 565.362
193.814 -27.418
392.11 36.124
-81.779 419.966
-861.844 142.64
433.037 827.67
943.673 374.293
144.608 645.33
132.416 -625.414
847.094 346.319
-610.632 276.549
-935.908 556.189
703.729 -12.18
38.096 -916.926
700.339 -26.201
360.153 67.075
198.422 -634.12
-967.244 317.816
457.851 23.107
-530.948 950.901
-513.372 -859.337
-973.652 810.257
-621.523 758.639
-439.05 14.2
-618.15 219.092
580.477 -700.209
933.695 -243.018
550.742 -36.401
749.665 852.364
-177.664 770.329
454.743 679.322
-710.905 288.813
470.16 -955.07
-389.737 -236.089
473.177 728.997
659.675 -424.111
745.375 684.951
648.939 504.059
789.126 156.244
-475.861 -426.319
-985.241 -744.784
989.436 471.255
-551.077 596.009
-558.242 -94.476
950.464 937.352
729.032 701.585
-431.445 352.394
318.862 -879.722
-754.505 820.685
-77.46 837.701
320.005 215.085
70.88 733.043
653.704 564.904
588.17 -193.924
539.934 -366.966
-554.228 374.213
-326.75 254.695
-370.326 879.373
-648.393 -697.958
-30.447 -828.253
710.276 593.546
359.186 266.859
-904.624 -231.563
-645.366 -632.216
-461.85 303.862
-538.164 281.776
993.701 -831.847
563.433 458.142
-618.496 68.948
775.844 -880.866
74.862 -979.449
374.768 -444.482
997.415 144.696
-538.402 909.822
-275.863 -267.562
-122.372 173.464
-649.475 997.063
520.631 -924.123
415.19 60.466
316.145 602.513
-400.399 362.819
437.048 -757.685
-920.97 -233.004
-797.97 23.544
-364.501 618.706
-890.526 -757.611
-623.207 -490.713
619.541 762.65
-451.728 -802.812
680.073 936.647
-752.254 -727.018
-659.701 -774.619
341.379 737.861
489.894 154.23
-876.533 -948.981
-510.576 -610.599
478.942 442.455
507.105 -757.854
138.177 275.094
-728.51 433.456
-370.61 774.244
14.561 -759.243
962.1 -10.181
-366.11 -655.871
-800.251 -462.431
873.037 235.214
-214.873 -813.804
380.852 -831.221
645.776 161.461
-552.671 -716.097
-816.336 -342.75
-41.157 283.056
999.95 580.896
626.136 711.951
324.041 -822.396
-413.404 305.917
-506.375 -352.661
-758.798 305.167
295.327 375.362
-755.67 716.553
-63.353 212.786
74.652 -826.617
-186.865 -956.899
-787.789 630.051
494.591 676.785
-794.922 -304.414
603.708 -581.991
-772.06 -129.983
-108.257 -896.305
335.349 -780.628
848.629 878.09
924.087 348.53
804.045 119.663
-725.648 -945.244
-475.267 -304.127
904.619 295.302
-940.622 -948.736
94.155 263.754
411.073 -619.068
533.384 -709.825
379.194 126.227
-590.849 -88.777
-253.499 276.176
405.911 -897.255
997.497 -369.19
-298.456 375.325
-71.364 433.547
760.706 -148.723
892.247 -856.525
960.853 -72.166
615.306 780.586
-378.581 -457.887
-962.137 -543.439
-303.689 153.046
-738.799 595.65
-503.858 494.419
-381.008 260.253
-90.779 -912.982
335.293 -967.309
112.294 733.257
19.142 928.219
679.744 654.919
148.727 883.855
650.792 423.288
906.335 -727.051
389.244 86.229
-310.731 -909.798
-972.017 -193.282
-815.349 728.005
571.259 39.747
-488.647 372.01
-799.444 593.355
496.944 -740.001
-315.094 81.392
36.722 245.821
-964.256 -973.708
-335.346 289.767
219.692 -628.337
-122.254 -870.036
800.637 951.938
-316.996 484.699
-397.771 551.669
354.412 686.842
-708.833 -752.293
-199.577 26.456
-372.766 -512.347
-458.764 996.696
-549.357 88.862
636.303 -958.166
273.699 -165.007
-92.59 19.765
-605.56 -764.238
962.546 -647.398
537.499 -900.1
-318.31 -694.496
285.329 -199.808
-323.956 47.19
964.351 -483.56
-896.402 74.226
-283.685 -287.084
232.213 -270.804
167.858 -58.374
-485.873 -512.609
211.417 -308.641
-930.53 976.912
-406.685 415.438
336.963 328.285
733.707 409.159
399.497 463.994
589.039 509.868
-965.012 -255.94
-359.649 -459.248
205.182 -634.846
52.606 -855.284
-804.202 -94.548
393.722 706.82
858.158 167.339
807.376 818.547
-632.512 27.32
-718.701 271.252
-329.891 1.872
-81.903 746.383
-689.431 900.637
814.036 780.278
651.556 -179.332
-560.898 704.312
230.255 -358.457
293.371 -953.515
931.328 740.386
944.878 62.92
347.953 420.321
-865.701 -131.46
92.663 663.734
12.483 836.239
-973.21 442.208
-327.149 673.107
518.01 -304.52
-671.695 -759.548
819.819 182.142
750.989 -237.715
-510.738 -789.416
-832.96 956.849
-247.994 657.59
676.405 -219.612
781.932 -148.028
-554.826 -903.275
359.923 640.922
625.062 -594.981
161.923 744.699
-842.321 -207.131
-409.361 -83.099
791.174 -269.69
966.871 -340.967
-193.347 -428.571
-816.471 863.427
951.428 818.287
995.077 -319.589
909.968 -708.915
8.878 443.801
668.051 -233.81
-702.675 509.288
740.234 -475.901
-797.08 -213.943
614.712 774.157
840.672 -272.093
374.938 502.506
803.969 -196.007
-972.73 -574.746
-234.316 -319.382
-215.939 -104.769
-831.533 -155.143
647.207 -80.836
-219.712 -549.052
770.74 -632.649
783.092 285.175
858.378 -546.803
-433.234 -153.81
834.93 6.487
-368.883 -310.678
-628.735 53.626
998.475 196.982
-431.135 -105.324
-420.603 -0.509
-568.375 398.953
-170.581 881.479
-768.455 911.162
897.451 886.211
-44.269 545.009
-909.759 -570.561
493.022 -330.428
-590.185 861.772
679.204 559.809
-800.363 344.939
614.66 327.094
841.232 221.932
773.038 255.366
275.039 255.324
-214.475 22.502
-376.51 -396.968
576.858 -11.99
-987.561 46.031
914.087 711.555
803.358 -388.241
598.278 -948.706
703.907 752.937
-594.597 -662.109
-433.792 74.711
-137.922 -642.821
-1.35 831.295
935.906 -716.542
-86.444 -179.796
495.567 -326.742
-129.51 -85.906
999.996 -888.254
825.868 552.084
-911.441 -22.838
-682.478 361.208
515.527 854.143
332.545 -172.971
424.982 -175.734
885.129 -80.926
-135.035 -294.732
603.511 979.651
-60.822 -763.593
-489.703 795.821
-684.41 -779.954
426.756 482.059
-745.64 -608.45
722.089 164.273
-489.648 854.748
454.004 -651.411
378.257 189.316
-825.314 -139.034
76.035 816.776
-154.628 -397.494
50.625 -853.808
156.573 809.673
-319.606 290.615
25.662 -857.999
123.863 -592.717
275.611 -966.171
989.792 -557.817
-521.995 -768.26
-212.5 -164.541
-33.397 -319.635
649.439 294.744
669.886 -919.443
562.152 -826.682
71.125 86.177
-229.053 -205.367
-194.807 -634.489
988.668 95.029
209.749 -166.614
144.003 -872.965
684.883 -973.093
85.07 820.417
-118.223 -283.046
-230.183 110.606
311.884 -943.474
-482.875 613.8
539.589 -804.662
-222.641 -207.971
271.856 972.316
-804.606 599.246
-205.255 -344.243
52.344 -612.36
871.231 -823.701
617.902 563.934
866.781 -418.51
29.867 -960.28
123.812 -987.819
690.105 -43.052
-475.897 738.762
165.349 418.22
-30.407 59.896
989.174 564.047
699.189 -661.476
526.384 -512.347
-80.398 653.636
76.925 196.744
-715.426 136.158
-540.12 338.831
512.679 657.361
372.547 -326.695
833.363 810.946
757.633 235.226
-316.153 469.196
813.644 -595.509
-875.633 -750.368
493.216 -355.233
-208.374 532.766
400.278 586.493
-109.577 35.223
659.994 -264.471
280.235 -150.799
-130.884 -905.999
-778.98 33.738
-832.4 -609.196
-124.278 170.767
-542.841 -821.473
-78.705 -606.429
851.983 987.738
119.763 -295.866
101.828 -500.22
142.221 268.739
-105.2 463.277
265.442 -880.087
-771.02 353.328
682.961 -515.163
-591.492 990.298
-143.186 218.826
-597.681 -356.538
-631.624 705.984
-476.234 -611.294
-260.727 -106.341
548.825 -653.951
779.05 -354.609
-379.809 -742.451
-862.278 279.867
-150.37 -240.214
-626.096 222.686
533.037 575.972
327.399 -101.908
-715.956 -495.418
-197.24 596.717
-345.321 526.851
781.306 351.315
-899.784 -203.4
169.098 -888.699
-940.588 531.316
347.029 -228.733
98.297 -127.68
-387.958 -544.35
820.358 967.812
172.212 -548.246
-272.053 310.461
-14.392 -857.982
402.033 -774.004
721.334 757.36
286.244 -148.599
-508.231 -962.224
357.795 -837.795
500.701 345.234
688.009 370.374
-573.896 -640.362
-956.933 780.903
-5.995 -145.452
-433.739 -542.454
970.671 84.974
-177.853 957.23
-604.547 -942.703
449.116 -456.342
-744.131 -199.301
15.238 220.38
460.756 491.652
-450.894 -416.293
888.255 -339.812
945.442 -800.602
-846.484 -138.396
439.129 469.242
169.444 -854.082
-869.61 -375.108
-507.249 -245.062
100.826 56.191
-532.579 945.565
486.632 951.641
-226.566 873.279
942.486 -143.022
471.221 61.935
231.483 -891.085
-947.337 -23.497
-56.307 -519.877
10.137 -94.046
-11.769 694.403
697.998 -462.494
15.147 -316.675
49.628 704.695
-255.965 -98.083
-435.045 799.396
513.051 561.523
-492.563 116.011
-265.554 23.75
900.509 257.357
-656.096 -906.021
-466.995 714.792
-910.405 552.291
372.079 -89.512
602.213 297.274
-472.02 21.815
22.095 -986.809
-760.086 521.412
-148.852 -900.935
71.392 543.078
-62.527 581.294
879.237 999.506
-541.327 406.31
179.879 741.495
532.925 -97.128
525.313 -152.648
-982.12 -942.326
514.572 -495.767
-41.836 179.961
-520.659 960.692
500.45 -328.939
473.205 711.042
754.982 169.565
851.908 263.842
363.785 -567.578
527.808 290.7
-983.427 462.353
-565.805 795.815
-537.384 -112.566
830.161 -840.93
996.597 -225.492
5.595 -484.639
629.407 867.088
-111.884 330.506
966.084 -876.356
260.384 605.217
-379.936 -303.947
-737.731 -656.958
29.338 888.703
160.677 -425.992
-986.687 -103.729
-347.297 -654.195
301.645 146.17
-804.469 424.391
-306.867 777.635
-222.308 41.105
615.133 458.767
605.738 -868.963
866.805 691.214
-231.656 466.431
-874.925 -792.565
-2.059 103.318
-94.855 -375.6
881.322 341.366
-763.249 -346.2
-177.251 759.414
-176.872 -643.506
-446.84 -563.771
847.777 -639.529
535.711 814.865
468.885 276.229
-14.177 473.38
-325.996 -534.574
-38.896 -232.906
-217.822 803.035
-146.955 557.827
-562.162 -709.586
-807.085 276.757
433.849 -445.442
123.443 -835.924
759.737 -35.013
155.948 14.365
774.312 797.902
378.695 -797.416
356.77 -867.348
188.674 25.392
381.053 -38.287
-162.055 -717.749
658.152 745.618
66.335 262.687
22.093 831.872
-30.058 -944.732
184.421 -977.479
-671.19 -548.264
214.206 -959.364
-108.593 986.71
-695.323 -18.528
920.546 -742.208
-619.77 819.615
-21.131 -368.732
80.726 426.514
-804.251 -147.973
-312.133 -218.898
489.056 678.884
692.752 -107.546
-870.713 -263.37
-761.977 339.567
983.863 -116.884
668.76 -232.33
-767.398 -368.213
942.467 47.222
187.839 -196.89
301.385 805.297
22.888 -211.141
561.752 -813.149
494.263 -869.018
-670.523 -538.978
429.844 545.709
881.513 368.539
-926.672 -738.793
282.246 642.097
336.3 773.817
-550.601 323.385
795.13 84.363
133.142 -435.816
279.992 -250.594
-389.225 702.517
858.574 18.144
-369.91 863.901
-419.639 694.429
-400.911 522.673
257.062 847.184
-641.624 -9.276
852.113 339.464
-133.041 -368.335
500.085 -181.341
121.092 -847.618
938.858 998.396
-574.928 183.376
-739.782 -386.633
-825.736 723.553
591.67 485.699
-594.431 -592.563
605.947 927.354
317.565 678.819
40.9 201.416
-401.561 -426.9
141.118 -879.712
930.03 -952.207
-406.713 592.486
-532.728 220.37
-781.702 909.072
-813.857 -46.981
336.066 -143.996
851.755 409.468
423.049 653.978
-673.654 890.26
-841.419 -664.544
579.317 -373.739
349.981 21.054
-945.271 -759.59
-904.67 -684.338
-428.06 995.394
-254.765 808.604
-868.626 328.432
-747.898 -697.248
-189.008 -495.149
-562.205 -170.31
-693.4 219.105
-687.517 982.44
-923.887 -162.69
-299.347 -265.834
-170.889 285.527
274.709 565.109
-892.25 -620.713
942.486 -120.308
-865.776 -897.845
811.811 950.502
842.205 943.296
758.6 -32.841
942.288 -532.717
15.277 57.002
452.906 966.678
550.454 -93.782
-490.187 -588.262
-813.982 -794.351
294.066 -856.495
352.56 751.009
112.632 707.439
393.076 -193.054
-786.202 -874.832
438.815 683.869
92.973 2.463
-24.603 -341.954
593.629 522.607
-281.155 179.173
-760.855 261.13
-141.327 -528.302
-589.23 36.695
-885.939 295.742
-864.664 -271.896
-841.93 716.053
973.522 755.529
523.142 -980.863
-902.293 -962.771
807.528 413.782
-860.051 142.555
-417.207 -131.575
-342.967 -133.371
-321.587 183.435
619.962 -612.62
-111.597 -991.732
83.861 -166.079
875.075 -873.495
966.26 -153.958
-589.489 -835.419
-716.541 721.078
266.782 -653.319
-58.281 929.641
-611.808 970.799
-152.896 802.68
-778.674 735.116
-449.878 -991.744
-814.355 -708.743
370.819 495.172
766.366 807.856
403.327 963.687
996.361 -742.374
-224.592 -675.259
-532.365 -731.948
970.807 983.59
-535.791 -717.065
-796.545 430.713
638.396 -125.72
-937.734 409.706
1.048 999.228
989.246 -780.859
101.961 -595.735
176.162 375.187
86.495 -615.814
179.764 -616.283
-301.705 9.143
347.168 -500.747
816.98 467.398
-106.761 837.019
723.32 58.93
-716.99 -337.452
239.312 -750.869
41.437 67.562
447.553 -573.295
-759.111 -16.843
-604.625 -739.746
37.591 286.183
-549.893 -633.821
399.092 -85.141
-387.624 553.035
763.558 -55.453
-255.095 -362.206
611.584 -946.234
852.868 378.379
-27.419 -296.23
-634.212 960.336
841.933 -157.968
668.153 -918.872
-46.376 593.093
-683.709 281.938
167.74 898.164
-445.158 -789.703
380.117 729.909
-56.053 101.996
28.423 -158.587
501.715 479.29
376.93 830.441
-998.907 667.152
903.665 501.724
-392.366 -3.787
-436.074 -7.525
-260.53 -67.926
-90.507 -667.64
-207.017 818.404
150.986 -309.43
-97.965 -488.591
-452.049 898.711
447.254 -759.191
834.844 -244.662
183.157 871.403
-419.793 775.254
793.348 -167.322
-675.613 750.362
-879.738 -807.205
-712.416 -308.156
613.145 -252.517
727.263 488.933
-897.788 203.007
822.424 16.007
151.728 -527.84
990.806 412.599
-55.667 877.899
327.002 -929.751
-589.357 723.575
-460.968 149.465
666.617 113.459
-739.495 673.258
810.274 -239.508
-747.284 -204.612
-987.431 440.302
142.936 199.502
-512.691 91.538
-953.984 334.429
553.595 218.24
973.101 -344.81
594.64 977.277
-343.792 -793.186
170.836 210.124
-181.715 -878.605
868.496 -160.342
567.305 -677.62
955.582 782.019
-849.149 313.589
-920.817 977.202
198.416 -29.083
-790.206 872.974
257.465 -510.734
-701.417 772.775
-77.548 991.091
-475.822 115.989
115.55 -377.055
154.885 -272.978
-575.576 567.169
438.582 -274.921
717.02 -355.26
974.04 -871.832
-402.071 490.945
379.39 178.809
-739.189 69.107
-228.511 579.75
-76.315 -996.837
186.227 -495.707
-789.914 632.731
96.389 102.879
-725.395 104.403
775.557 983.158
-17.613 -294.85
855.392 175.193
997.356 93.669
645.95 267.77
371.329 -896.034
-121.709 387.288
-305.939 -53.273
98.479 653.235
-811.749 -366.713
108.471 -799.434
599.706 671.343
-925.971 693.912
-591.331 -678.014
-956.507 -415.391
-644.184 -159.906
-143.641 -656.032
945.349 -519.205
560.491 184.412
-389.537 -835.246
720.905 -636.858
6.273 334.232
847.503 193.429
-597.507 501.87
374.316 -646.718
-375.964 192.595
309.052 -692.66
756.18 118.342
-538.176 -307.026
256.49 -677.633
486.804 -369.168
566.336 -829.716
567.315 -74.519
163.131 290.683
-630.941 -63.539
-605.611 -531.799
-169.208 -785.85
-554.932 -349.226
-559.627 683.903
-723.218 -902.748
-863.048 -822.668
277.373 777.138
835.673 -511.136
-966.853 -575.095
52.567 649.602
122.925 -877.625
649.492 259.311
-667.083 -727.588
251.091 492.763
515.623 583.249
-169.375 888.447
899.5 -809.724
-845.133 -114.135
277.461 -334.831
815.824 -905.794
-303.966 -897.542
178.169 153.25
-866.328 257.272
-76.99 -356.883
-943.742 606.998
255.554 -833.377
387.472 674.195
704.45 755.287
-953.5 400.271
-785.445 652.562
450.802 -312.846
678.322 -772.936
-666.876 7.325
554.727 865.712
-880.059 42.591
-209.441 604.17
-609.765 -890.031
-29.963 115.432
-122.353 178.779
-431.501 908.838
-14.296 787.014
-785.06 -813.506
-448.282 -778.341
-755.468 -237.124
76.15 586.936
-758.218 -10.364
503.704 -871.573
132.042 111.083
587.547 -408.307
445.584 -321.378
192.296 633.092
-64.859 751.783
921.073 490.089
-397.648 734.624
228.219 235.336
-888.075 -633.602
-540.892 -614.174
463.973 442.141
-47.053 -972.986
547.091 627.506
701.208 787.443
101.309 -287.899
-156.573 837.474
-245.72 682.415
687.106 971.109
871.191 338.939
54.903 -338.828
105.262 -799.286
-257.788 -99.587
-830.272 963.491
-114.983 -97.378
-55.286 993.986
-133.182 -736.427
821.674 -857.364
701.804 419.395
-793.173 -932.554
-654.91 522.623
-500.225 -54.46
842.03 467.722
-531.951 -218.949
-712.108 1.218
-356.24 659.124
-66.186 -957.685
442.305 862.118
303.648 122.591
779.917 838.275
-142.248 -998.654
642.989 -364.765
-478.771 -67.299
-370.649 492.924
-404.895 49.787
-482.962 852.892
-526.045 181.453
-438.585 490.588
-663.713 -202.288
-171.874 -566.654
787.65 -808.452
929.006 44.61
429.156 -543.513
760.354 -533.568
-441.402 401.163
231.406 -391.5
-841.117 831.982
803.541 147.658
688.569 234.394
-75.698 -58.022
356.032 -821.974
-260.98 234.901
927.763 294.257
-765.243 619.103
-953.346 -838.214
-791.188 -514.998
936.205 823.325
346.376 -14.869
-110.238 601.636
81.912 316.877
570.787 331.877
48.953 694.629
-668.684 707.749
-883.133 -884.973
558.092 903.481
-718.453 -360.9
-402.402 631.315
-896.382 282.454
712.38 888.416
266.791 -948.098
994.234 -456.229
409.577 333.306
-992.519 767.402
730.928 -167.446
134.108 872.433
796.299 628.967
481.925 468.266
723.303 41.771
501.065 -89.708
-79.868 117.398
-948.888 317.884
-473.823 -769.915
-946.359 999.487
644.222 -179.378
358.245 895.847
-8.365 997.511
-618.318 -3.229
266.214 522.463
-935.659 691.729
-342.711 -551.318
681.134 520.273
-768.212 181.86
-340.579 695.874
53.717 -144.944
-103.794 -483.251
-254.573 553.112
-908.477 -591.686
-503.106 -100.394
829.821 543.361
-412.495 -458.617
-23.01 710.11
825.83 -283.672
-563.509 -53.156
-353.057 473.455
815.156 -978.661
-486.697 29.84
782.187 -702.074
75.832 653.049
-836.233 -931.145
434.953 577.468
-784.935 -362.583
-713.439 872.907
-652.933 -32.472
845.347 555.502
370.503 145.133
424.513 -15.22
358.588 -792.042
512.839 -133.458
199.538 977.477
-718.625 -968.572
-945.754 698.995
-67.516 -152.372
876.343 29.405
605.42 286.696
165.601 178.88
-703.98 777.568
-578.904 265.225
-783.222 -984.023
848.361 265.636
-843.152 -13.034
-604.079 991.915
-340.062 -82.895
812.822 -882.437
377.399 384.896
-180.301 438.391
-32.104 -180.992
14.198 14.508
51.647 20.149
594.264 -520.108
-69.238 -244.612
-957.022 -864.607
404.972 -845.257
904.12 -317.385
-889.355 -98.509
81.679 147.374
218.854 605.573
-42.674 71.212
671.995 784.483
-467.922 -883.399
93.776 -605.557
862.201 -453.599
-585.747 -877.145
772.902 43.87
375.592 701.674
187.167 920.052
-887.068 -86.584
-783.487 -372.382
-126.578 455.529
-506.002 -20.307
-998.001 -610.652
481.097 -862.94
-151.79 39.62
-676.959 -980.919
923.291 -592.254
467.973 -214.362
775.991 -533.33
-993.317 -754.95
928.414 624.888
170.225 50.075
-81.948 -727.208
-475.647 840.435
-185.039 906.372
558.949 -561.806
631.719 -11.124
287.204 -236.854
-806.685 -796.28
427.277 66.473
-144.531 -477.862
-605.367 836.349
827.949 508.894
-787.562 889.405
544.094 -328.791
-639.3 -88.025
383.682 -195.088
-480.214 -153.678
732.313 -127.469
717.823 -267.648
-499.632 -433.076
272.673 662.254
158.565 289.073
-569.953 -114.944
166.2 -97.529
-151.388 -273.757
-8.557 -852.647
646.822 405.534
-401.206 104.556
701.022 -134.826
783.456 -850.455
-296.478 658.18
780.556 637.303
-727.647 356.9
915.642 952.607
390.956 242.252
-504.891 964.214
50.943 -516.518
181.772 402.53
-904.298 574.996
3.395 153.517
-133.958 449.784
-642.582 -967.29
619.789 -831.507
842.456 -846.496
893.427 -944.575
283.552 -544.982
-186.404 38.704
715.816 -425.251
216.642 209.539
-10.842 -588.853
-48.737 -441.713
-19.297 -661.58
-420.235 -96.901
901.501 144.58
-339.586 718.133
-457.416 520.58
-129.666 -493.911
-685.354 -86.766
-196.263 -478.917
839.509 -651.891
86.91 -43.687
-779.257 -819.697
963.597 180.0
684.431 -426.726
-380.054 292.392
121.984 165.13
-573.626 662.754
-455.822 -919.777
-977.793 -664.914
363.271 903.341
937.276 879.162
446.859 -457.74
955.231 899.901
-669.555 -927.161
-536.095 924.068
-234.263 -914.772
-912.586 583.727
-637.462 -717.966
237.346 200.672
277.12 -216.496
-36.251 -360.158
-745.672 248.04
133.026 -555.953
-797.733 -39.16
959.994 214.468
-897.511 4.193
-398.754 -765.768
523.125 514.913
-380.341 -633.203
-165.129 -408.913
829.203 541.25
-866.521 57.983
-991.968 -535.35
-460.785 -96.343
404.355 -154.697
502.28 203.907
79.773 -469.396
-522.928 -854.123
521.155 -207.361
-3.47 -990.982
369.448 -663.873
124.13 -926.762
-744.569 -213.395
-200.69 -386.568
-312.646 -220.508
223.391 946.301
980.357 229.626
510.603 -47.918
948.49 641.089
-877.541 967.126
-855.659 -267.799
-950.846 184.128
-523.697 -100.211
-769.752 -812.761
914.081 884.014
-952.201 678.699
464.849 -520.536
918.403 41.727
194.951 -729.681
77.662 681.457
-663.154 -751.335
-691.826 -518.39
344.209 467.512
-839.334 106.679
-19.362 781.783
591.435 -889.296
-8.515 -553.09
-713.216 -670.935
804.148 260.406
-576.057 918.244
321.013 -231.105
914.287 262.465
-574.094 -245.966
932.32 185.651
-453.123 -708.96
637.923 -655.528
-723.183 805.615
-426.88 -42.279
3.064 -505.135
-510.058 -390.624
-527.887 265.513
-912.004 771.753
372.665 -566.306
-727.722 317.043
-339.365 -799.395
300.87 848.163
865.623 55.341
-389.591 -455.799
814.201 639.754
-562.067 246.324
610.239 603.565
390.81 461.681
31.088 -833.185
487.539 419.338
874.536 -422.04
820.184 319.056
-440.06 624.99
-658.877 -125.351
-547.159 621.115
-15.443 -678.105
25.504 16.563
-702.093 521.571
-559.252 -19.848
-476.52 94.45
635.292 642.614
212.277 222.013
-184.984 -122.345
-264.506 -834.026
878.851 -312.748
540.176 188.168
-431.774 466.345
-718.218 991.58
807.609 -73.466
-555.01 -706.345
124.308 -672.842
-537.73 949.732
-492.533 -573.603
-29.629 -294.016
978.099 -105.217
265.208 643.715
-562.23 82.747
-815.258 938.25
-608.206 802.274
-785.784 817.087
-221.221 -568.833
-709.826 834.821
-495.458 876.05
389.381 230.761
-110.375 -296.012
-113.612 -291.322
-785.853 735.126
-812.785 244.158
-826.294 79.813
816.532 578.53
-546.985 -267.89
-666.209 264.591
593.838 -326.468
-755.213 -329.543
102.086 -773.513
549.438 413.994
-514.459 -479.243
-843.919 -533.972
-614.876 323.758
-952.745 323.706
310.205 -735.405
-833.956 885.289
-542.974 638.081
996.777 700.021
261.469 549.319
-921.38 598.568
77.892 258.928
742.477 112.57
491.149 -172.325
-539.274 500.1
-967.014 244.96
-173.692 -432.359
923.374 -184.906
-543.3 189.881
221.151 709.978
-374.511 -141.592
893.629 152.334
249.972 522.451
148.308 923.13
-827.176 -963.992
236.632 50.978
163.706 -584.819
720.74 -360.337
631.059 -510.358
867.304 -261.796
-742.999 437.997
213.208 696.309
488.618 -617.765
374.506 -748.951
393.63 -836.484
-514.984 876.663
-973.846 -207.343
-354.156 -605.632
-656.668 201.053
902.13 827.091
932.472 -858.439
-804.522 116.178
-239.674 768.081
529.001 961.605
-322.091 989.303
-229.307 657.798
550.44 644.252
848.743 593.974
210.128 -705.519
243.658 553.956
854.231 189.849
122.909 -134.941
-962.407 54.091
-992.876 -89.353
-601.782 -679.475
-919.866 -974.359
56.483 544.474
62.724 717.656
320.196 825.347
-838.264 388.358
-465.219 -80.968
-764.607 771.1
-957.091 -269.735
124.362 57.931
319.481 -556.692
525.091 246.315
-983.691 746.775
471.823 -677.412
754.427 637.019
-523.622 -158.149
-137.279 528.137
-958.277 938.867
813.093 -703.438
976.316 117.385
262.317 -586.359
63.278 -862.857
692.417 635.16
-810.993 -805.258
-276.214 -800.88
829.559 945.18
702.695 199.017
615.692 -395.037
-35.694 -947.72
876.455 280.151
399.278 163.234
346.406 902.451
666.945 -189.253
817.486 341.397
-517.856 943.415
-899.122 909.984
-331.852 -846.555
454.578 579.942
417.7 -443.093
-731.073 -570.578
-345.938 616.815
-671.133 -841.027
777.372 -36.81
388.337 287.356
-307.833 -36.298
-243.961 -695.075
-543.627 -745.224
554.75 820.287
-255.126 163.134
-453.51 -382.72
765.245 -481.031
-555.718 -8.859
845.208 586.893
331.879 -427.033
162.196 701.583
984.843 -981.833
979.092 -203.53
-127.482 24.913
892.218 566.912
422.875 -553.014
-938.1 -30.191
-69.704 -696.007
773.798 -367.759
-255.634 -477.313
-518.011 -582.919
-762.109 648.649
-795.492 -576.544
26.674 114.72
-796.252 -712.808
-357.408 -116.694
39.188 -653.39
344.904 864.709
-535.856 972.076
740.489 840.24
-326.554 -141.252
-571.329 963.266
-716.774 -737.501
648.583 817.147
-737.746 -164.423
-847.725 -756.775
271.804 906.06
-717.761 788.126
-273.443 644.94
568.192 509.85
-96.011 -974.873
529.856 -783.939
275.72 -285.674
-751.469 -483.834
-396.413 -750.562
82.895 -530.992
234.362 665.396
863.869 766.911
396.156 134.215
-502.138 -799.446
209.349 -477.429
-136.119 34.165
531.272 -699.983
661.022 329.794
462.564 -49.067
485.734 -308.893
259.628 -794.536
653.782 -151.637
904.957 426.93
-145.948 -705.264
-16.753 602.94
368.276 842.167
969.978 -348.013
381.549 -87.709
-148.464 569.611
127.197 839.166
-264.793 355.081
277.247 -919.72
100.275 -679.894
683.358 -90.115
-405.16 229.039
505.071 986.843
89.553 -335.897
-418.099 -373.138
-241.907 -411.119
622.801 336.04
994.718 -918.327
-781.829 -19.27
-227.249 -505.678
851.671 726.829
941.232 482.251
44.47 -530.936
-741.848 -472.064
754.386 -907.524
-424.528 495.52
-545.408 751.266
-683.228 310.762
272.473 961.073
619.629 651.037
-730.998 590.523
-90.896 101.241
774.633 614.138
-905.038 442.925
-902.08 -922.985
-618.256 -902.485
581.687 -72.731
679.921 444.565
273.483 -739.656
-822.088 -279.24
-609.811 -507.745
86.544 -875.342
140.045 -322.329
-322.948 857.636
-141.455 -677.325
-754.513 -753.134
-231.566 -858.334
68.987 -430.194
491.658 -892.314
-222.016 784.889
-237.238 412.075
-134.161 272.755
590.933 926.575
330.474 952.373
425.586 -354.847
-201.947 -829.234
991.408 -361.569
736.622 828.245
682.493 -35.046
-454.855 569.649
-870.726 -393.275
-273.358 -528.839
-100.297 884.629
501.867 -14.414
-881.073 -946.258
134.983 -317.802
824.548 -887.985
274.2 -589.712
-318.97 -50.372
-519.608 -586.09
724.819 -765.713
-611.691 -352.068
-405.805 290.614
-612.807 882.465
-571.669 -906.634
-214.375 -988.584
-13.097 -174.229
-741.11 605.92
259.918 -935.88
-507.026 -525.366
-208.789 654.595
-913.298 -818.86
668.962 285.461
-129.199 -102.321
212.486 -462.882
-231.042 -136.87
-911.334 -329.525
516.949 478.877
167.841 -442.876
960.839 958.294
-463.414 419.241
-864.959 301.732
-829.157 235.148
-626.529 118.844
219.013 122.768
-695.739 311.968
-721.202 -351.161
837.479 -109.079
-390.712 556.83
239.94 -478.247
-310.398 266.57
696.651 42.683
905.449 -923.616
-232.329 -535.727
-534.121 -973.593
290.331 419.07
-238.629 952.56
821.506 131.5
-753.333 857.879
731.869 -503.165
-598.54 -354.28
592.458 68.183
-462.453 -560.861
-644.179 519.427
-484.495 -466.256
-251.022 21.393
-189.54 170.157
-453.251 820.969
581.326 751.385
271.034 -179.785
-773.203 952.736
224.411 -276.714
-67.346 303.121
-963.569 -26.56
654.087 -495.41
-809.009 307.649
770.313 956.267
-941.626 -967.168
467.553 85.396
960.513 -721.656
-120.7 -875.856
-938.701 392.151
61.958 -668.653
-704.221 825.837
168.998 400.177
-866.142 -48.083
982.718 -23.609
217.426 631.667
-934.16 564.816
-963.439 348.006
-962.225 683.916
358.843 489.778
241.025 836.499
509.438 -157.143
592.612 -110.173
302.842 379.178
-180.725 -942.571
-192.977 -203.283
-716.585 -127.159
-730.986 -175.558
164.036 -871.5
691.978 -867.081
584.122 729.27
3.803 259.333
-649.955 814.263
573.479 630.778
-450.433 836.505
626.035 842.425
325.72 -1.731
-230.942 -26.636
-312.362 -755.352
-155.518 55.118
214.039 799.037
79.244 282.729
-466.846 -247.671
816.349 371.526
922.331 637.327
490.3 297.979
864.864 -99.645
625.741 220.858
-106.792 -466.763
-788.777 -781.521
-638.887 -918.654
951.219 44.086
872.205 6.71
-865.022 996.278
912.88 266.462
442.741 -663.2
260.337 535.523
-579.189 547.759
981.393 -397.171
-489.528 -945.033
24.27 439.208
-679.789 -324.791
789.093 -743.961
914.979 324.37
88.216 -314.892
-732.14 848.315
-563.523 903.19
-377.798 -629.582
-550.445 -841.371
744.872 -378.401
635.41 164.045
-95.761 458.109
649.189 -484.83
247.719 252.116
142.991 66.805
20.275 314.12
-544.673 581.008
421.851 -652.115
-242.477 -928.735
651.336 165.091
744.076 -380.084
514.841 -666.152
28.729 -306.282
288.723 858.6
667.828 329.145
127.383 71.491
392.459 841.494
-459.303 -846.61
-123.59 143.812
-839.654 925.859
55.0 -170.884
-437.784 -116.315
-990.954 -987.791
-666.276 666.287
-797.259 122.953
-27.923 764.329
-163.474 670.887
491.518 88.239
-704.457 141.491
627.538 -888.186
-769.838 -654.381
19.549 -959.224
552.396 81.363
-931.125 762.9
-516.189 -656.447
37.117 630.242
-72.512 -266.412
291.317 441.73
-90.754 -699.379
7.17 660.826
241.842 -963.003
-161.593 795.064
286.032 327.821
-148.63 768.062
-533.322 950.672
855.098 -899.648
-699.886 365.498
-13.801 -175.912
-90.8 601.613
-110.025 -531.939
221.356 132.519
-337.901 755.254
358.2 397.2
259.593 -144.51
672.527 79.75
181.012 -778.097
-441.982 429.051
-655.654 737.808
14.092 153.071
133.171 -517.075
869.703 757.823
352.069 -450.975
-710.424 809.723
-466.942 594.557
103.025 -63.667
258.36 -184.661
-177.794 -750.685
70.977 -73.262
492.174 -812.921
-959.325 147.065
-880.248 686.647
-49.59 -113.783
828.319 -126.665
-356.78 336.899
605.009 782.58
216.85 970.394
-337.287 -669.739
-914.342 -469.328
306.301 92.813
624.009 -856.381
-230.495 -6.967
356.808 725.774
892.611 874.551
307.225 -539.886
-45.054 593.946
-659.372 673.395
597.061 -943.161
884.774 -311.44
388.095 -758.055
543.64 395.694
-851.42 858.561
-939.332 196.944
207.404 -650.675
722.964 54.104
967.4 629.308
45.565 907.883
-812.067 368.187
-806.141 -619.879
-347.379 39.722
-90.819 735.55
-828.971 787.418
-815.525 -884.265
371.097 435.888
682.765 160.725
22.768 215.592
218.67 837.752
-548.452 314.801
-355.553 -348.547
-448.799 -218.088
856.94 239.76
-231.472 654.29
783.138 444.97
-905.462 -619.044
-112.596 -218.097
-68.896 740.202
946.78 -311.873
864.507 627.442
36.262 -337.557
389.665 657.675
419.714 881.047
577.593 -9.955
751.65 -547.306
541.834 52.864
-179.053 -418.674
675.634 -394.29
-471.462 550.126
-289.261 -271.211
-298.923 -555.685
-876.787 -912.17
-728.156 -179.576
-144.19 117.395
409.628 -380.366
875.53 -51.204
-111.047 -858.393
46.769 925.082
-648.145 -254.188
-737.143 -804.588
-189.109 -594.513
217.96 -8.829
-499.723 -97.064
-980.554 333.819
441.146 -332.486
293.254 637.884
-165.844 723.77
-434.904 155.283
-656.541 604.423
-278.604 -338.058
553.657 743.923
-621.418 624.752
726.083 -702.009
-941.584 707.463
-623.354 952.203
469.223 808.658
442.034 -727.283
762.478 491.4
-435.842 230.556
-789.639 494.032
-374.079 -927.526
-904.543 676.78
343.659 143.168
-767.715 325.824
345.547 178.736
-876.549 136.944
-919.063 -116.313
-34.302 454.204
247.746 814.766
134.595 853.781
-594.753 -408.515
-259.814 -806.262
-987.82 431.468
773.026 675.594
-97.117 365.973
-645.746 -407.776
-872.181 505.511
155.504 218.047
589.36 443.007
287.173 534.925
-73.45 -713.929
911.498 -454.106
830.077 -118.109
-582.051 -996.047
781.655 -706.2
869.666 469.892
-28.715 109.172
-853.417 171.849
359.128 -727.371
207.414 -944.132
607.437 -191.248
25.956 -494.122
696.297 -418.824
65.914 899.182
-397.918 322.728
865.727 -618.454
961.04 25.843
458.682 -614.226
-825.423 741.217
-268.387 456.684
-639.315 123.29
-60.43 -360.556
586.684 833.709
-375.41 -551.218
-588.986 817.993
-779.124 491.083
864.353 -844.465
-160.113 -628.709
756.826 956.069
449.732 245.422
-931.446 -416.37
-138.843 709.737
941.956 -227.658
846.44 -115.936
-405.209 -59.621
-424.44 553.608
859.477 644.672
516.068 -782.568
-44.569 242.764
-33.537 562.576
-23.728 209.896
-955.666 597.29
113.9 -362.634
397.705 -680.554
-96.674 -788.073
-282.109 815.787
-13.197 404.578
-68.445 465.78
-591.089 515.329
-834.362 998.996
-522.222 -928.982
-886.666 741.04
-204.513 -500.172
-674.332 -658.466
-225.442 285.4
962.907 284.389
423.112 876.902
613.122 -87.178
245.998 734.118
599.3 578.621
-575.736 -50.295
981.439 -224.921
596.142 549.117
408.243 -84.871
-780.641 -120.737
912.097 -136.82
943.015 -123.346
-865.519 -653.662
-240.665 -810.829
-458.318 -132.878
91.367 -186.008
379.105 161.161
-917.908 -109.627
863.757 979.058
821.574 997.162
-723.906 -853.622
453.019 -718.823
623.178 -753.339
242.079 -111.683
301.627 -961.92
687.468 509.19
-82.603 -781.49
-142.393 -593.305
-494.616 134.904
-700.499 677.646
-710.948 -23.576
-171.7 -815.482
-104.984 688.282
-981.315 -399.529
-302.833 961.264
-774.124 -965.45
-788.26 472.754
24.752 -47.597
-502.108 -974.736
-458.988 237.218
703.036 672.246
-87.537 -797.521
402.28 -265.978
296.196 920.442
490.503 -748.929
891.967 939.848
-14.705 596.126
945.161 -709.42
-285.113 11.97
-570.21 967.673
369.657 -846.614
-17.008 448.266
156.298 -160.477
-158.857 638.58
-682.452 -367.839
-838.623 457.107
414.142 -218.327
989.118 175.422
-867.553 -729.946
423.578 -41.581
-369.478 316.659
-297.198 213.804
594.3 405.692
953.082 -144.269
252.943 -65.707
875.644 -686.4
508.664 629.437
990.762 -676.043
320.93 542.676
-114.748 -944.545
-475.773 -734.077
-595.719 317.169
-28.405 226.881
-464.578 -434.732
995.577 -84.573
400.068 799.556
-187.814 534.767
-29.474 -128.011
-38.347 427.444
394.291 43.472
-943.7 -369.269
-498.121 940.409
-541.078 416.61
-198.324 -213.284
556.956 448.388
225.843 721.461
-712.931 -392.607
-764.675 963.299
-290.558 -178.692
201.987 -895.79
314.435 591.584
-971.658 109.068
-882.907 -141.78
-322.558 187.279
490.044 373.216
922.322 283.159
675.611 364.351
-705.701 -656.743
-546.493 -355.251
-329.345 476.403
263.303 -580.886
909.512 439.951
-979.865 -683.298
120.19 795.738
888.291 843.643
-433.528 -888.771
801.935 33.348
902.956 627.992
190.044 968.756
433.687 50.659
695.53 -891.213
-711.531 503.769
-57.885 584.82
-913.848 -343.42
-388.502 482.004
-174.773 883.558
-788.055 49.503
-9.657 -363.572
-737.791 450.899
266.202 -9.136
-453.58 -800.845
511.659 312.117
672.687 -260.437
790.822 -92.34
-16.256 -170.443
-387.653 -247.575
-504.739 551.954
-634.66 -391.64
595.514 140.207
-378.844 696.185
431.714 -876.51
-434.634 -608.906
-268.312 488.825
-841.521 998.228
424.688 688.462
-899.388 281.151
416.868 -696.43
362.532 945.42
817.852 -156.031
752.912 237.312
-160.118 -731.167
-541.29 -443.943
435.061 492.59
780.018 575.413
980.681 -869.901
-395.964 354.653
-915.042 220.688
893.352 -278.856
457.356 853.878
-236.069 -402.38
225.898 313.919
933.947 831.285
384.017 695.41
-555.349 359.984
76.602 501.169
-42.184 972.94
-659.162 -652.624
16.594 -142.674
-976.325 -498.689
-383.382 -51.485
-857.931 -225.911
-406.854 -872.795
790.669 -896.36
-926.496 -895.435
831.917 -718.906
464.353 519.671
428.826 -365.171
401.072 268.733
-798.006 -631.923
-936.843 -564.208
-832.296 -833.561
-634.565 410.153
-698.79 571.704
165.669 -330.022
899.338 -571.14
-730.545 963.832
-761.44 726.366
-171.008 393.711
911.995 -909.403
123.278 -346.961
-175.169 517.026
521.541 685.209
504.89 -992.94
-695.488 96.087
590.699 -862.751
667.845 430.271
272.696 -942.376
-282.484 -690.589
-248.341 -820.113
706.437 -261.087
588.036 440.832
-72.588 854.193
-107.938 775.574
291.233 -870.762
-896.41 834.792
-727.21 42.888
-56.562 -419.533
-136.423 882.481
-957.218 897.481
236.582 415.671
-495.53 248.059
-359.368 -238.677
-329.152 753.664
939.195 482.39
917.243 662.576
467.415 -231.021
986.129 733.482
-27.482 630.13
118.61 -789.011
-665.046 -844.624
-475.735 66.463
891.326 -169.353
8.395 -649.55
-364.75 -464.143
89.263 510.735
924.995 407.704
486.598 538.526
848.163 -105.54
643.474 869.234
713.169 -306.651
611.577 -21.951
646.532 -307.298
-720.975 399.412
-432.494 916.768
758.744 598.989
243.446 -934.941
863.247 82.388
412.369 -147.817
426.124 190.794
-178.003 229.772
-507.69 447.986
456.015 768.61
274.935 -817.094
-235.769 -351.489
-795.458 805.393
-985.566 -8.645
255.226 701.5
372.029 -751.842
-699.704 -982.026
-161.187 229.765
25.163 -227.353
-901.663 432.697
-66.462 368.512
-105.506 -813.519
-275.778 785.332
-228.531 989.32
-623.167 367.567
-6.541 -382.635
-182.917 998.442
233.348 473.352
669.487 -86.863
590.587 238.777
398.385 988.394
463.129 159.111
-759.801 452.871
846.83 -942.11
-374.267 238.014
978.44 -283.474
-964.616 -569.598
-743.68 679.615
678.825 528.398
-731.975 388.806
466.4 -890.508
-806.0 705.495
-949.587 -63.736
-933.06 -546.19
696.529 -675.55
-179.428 849.623
-162.175 248.635
-160.055 305.217
842.023 -108.485
-989.402 878.781
-820.457 15.92
967.152 245.598
895.589 -984.647
311.525 793.786
228.143 -132.226
-657.79 -432.449
978.828 -322.514
-769.095 688.389
-103.976 877.289
-483.547 976.507
585.95 -814.467
614.117 -846.587
-899.905 -533.512
253.394 -314.525
-15.305 251.935
-330.893 67.874
304.974 927.768
295.427 -383.882
185.183 -438.28
251.632 -431.252
-250.248 -140.757
-195.522 117.014
-325.686 127.714
718.767 377.667
-631.85 -202.04
-589.973 869.795
304.509 831.274
-535.088 965.307
-840.019 -872.357
-272.238 -287.875
-461.962 -797.285
-201.404 876.297
-137.042 684.009
-577.026 -545.13
920.635 -309.474
-878.034 448.513
139.943 -260.486
-448.122 -718.347
709.854 116.047
-87.82 -321.956
524.966 973.608
-507.056 249.245
-926.175 162.565
268.138 783.199
-689.746 722.681
-854.823 -51.699
-763.555 -296.075
-615.975 878.737
-515.733 415.397
587.157 891.728
571.171 -791.613
-735.595 532.03
584.867 160.524
252.237 638.584
491.547 770.766
-160.344 155.566
-9.42 -59.868
730.823 240.172
-272.089 -534.784
-952.958 -518.845
698.715 77.1
539.761 40.753
539.342 -611.016
190.143 -799.182
-549.534 342.905
-55.288 -288.554
517.141 -396.559
-501.52 896.823
-21.082 214.906
-492.851 -688.747
-265.693 -583.21
551.305 -864.151
-942.898 -603.317
-691.278 551.755
997.341 -400.186
-735.307 -616.329
846.573 -376.687
681.94 -886.585
-723.986 429.086
-794.716 -490.249
-497.613 -689.559
-260.416 -721.44
-727.15 -851.997
247.416 949.736
-981.123 -394.731
-843.592 -788.917
348.183 -230.237
216.414 339.186
-26.243 673.035
967.334 275.158
773.353 -353.733
41.548 515.413
528.048 478.805
811.848 -131.943
614.74 716.14
392.903 794.58
736.422 611.015
-945.229 159.156
168.84 -549.736
-154.085 468.281
-916.2 -59.859
-847.683 -264.829
-826.377 722.874
292.61 773.212
992.974 925.634
-433.945 590.893
-875.823 -364.523
374.339 -500.262
-819.731 911.286
-676.445 -673.287
652.29 -401.715
936.726 -556.691
-115.489 -405.862
-383.652 371.846
343.012 746.862
758.271 -556.488
156.01 -582.4
-37.332 307.497
916.561 169.324
-633.399 797.372
-697.495 -361.703
456.099 -49.276
-408.058 -638.74
281.018 517.509
-873.744 -424.241
-488.947 519.598
-756.342 -281.264
-426.888 345.998
-731.288 -920.068
-314.407 6.475
-273.485 -289.984
82.915 -323.696
143.083 -803.634
803.512 272.144
132.383 826.742
-560.537 -464.409
-81.557 865.858
-452.989 233.615
-301.154 731.786
109.735 -576.846
215.334 546.12
-790.168 506.829
593.682 -859.451
753.142 610.058
640.509 -710.221
672.162 -836.036
-627.296 710.194
539.148 -797.6
836.756 522.185
921.487 783.385
-160.841 -287.077
-817.031 581.305
-88.821 679.845
-800.192 -939.77
587.041 324.507
34.628 630.178
-563.023 -811.559
-125.863 864.015
-717.425 1.203
-996.595 -889.523
-110.854 603.196
516.76 221.426
97.197 306.924
-41.655 799.423
-287.482 45.768
-925.797 566.585
744.937 617.48
758.317 -885.48
864.819 -181.808
-338.499 909.652
-845.464 696.622
244.275 903.278
-243.955 -707.994
751.783 541.189
870.898 951.624
-230.052 547.472
146.02 -464.984
359.825 -138.109
-280.609 863.82
126.175 715.383
-969.769 -398.812
115.066 -275.605
-64.957 -575.266
-263.567 202.386
-182.508 322.387
238.717 -886.111
-38.194 -46.724
-169.441 -742.73
-627.18 844.215
-920.415 226.115
-190.411 -707.281
968.457 773.6
-319.896 -932.969
-977.449 -729.417
-925.496 706.581
-431.488 -48.823
873.624 37.771
-678.278 -708.527
-745.956 -375.224
-358.338 234.009
764.279 -10.099
755.386 10.125
10.233 323.064
-33.088 -453.778
996.629 -534.287
-208.127 -41.259
387.638 -121.574
816.679 351.612
749.982 778.727
635.921 -115.473
633.875 874.296
644.611 110.909
-921.692 -182.492
761.79 418.462
150.072 153.449
-498.287 -191.708
-261.635 -933.955
-627.398 982.708
-33.738 -708.721
-651.286 279.691
-456.394 792.775
479.115 870.503
849.436 -559.673
-902.548 -696.508
-718.459 -262.827
-536.855 -375.135
-853.519 77.591
-52.645 -19.96
864.864 -413.413
140.156 132.404
-757.168 72.49
-241.853 514.979
-989.492 160.231
51.711 958.161
828.89 496.697
172.262 -613.929
-960.575 196.823
-429.745 449.179
531.044 -869.921
662.851 901.775
-290.145 -740.84
-328.709 419.1
201.462 -867.357
-635.041 928.437
-297.391 -722.82
-358.089 802.124
518.305 -615.088
88.188 377.862
-67.958 -599.184
466.744 738.25
-898.584 -651.053
926.162 -52.069
907.562 922.743
-500.187 766.707
-772.716 288.068
749.798 1.815
-581.204 -191.644
-920.564 412.892
247.974 21.816
-310.25 469.299
-141.703 955.624
-552.31 258.396
-954.881 7.717
238.726 41.291
-517.352 -725.127
97.126 297.677
865.044 -122.44
822.768 -987.166
873.186 -920.523
180.821 428.517
-70.551 901.611
68.771 22.102
-974.53 337.241
347.038 283.302
-309.22 692.377
-535.143 170.835
771.712 -448.985
129.862 -103.911
-599.086 -968.776
-494.217 600.524
96.575 -221.886
-591.358 949.362
-407.028 675.708
-878.373 940.376
-88.504 380.022
-802.245 -97.06
699.457 -485.911
-755.182 -150.882
702.934 -360.154
24.742 221.158
17.692 -559.568
198.96 -181.366
-710.024 -931.242
249.811 -430.597
281.883 43.559
522.779 -273.745
693.545 -524.901
805.491 63.771
798.277 -526.703
-197.25 -640.775
-906.234 -530.733
-718.951 640.21
-386.44 -17.339
-881.872 324.038
325.962 -761.795
222.886 -284.461
-827.345 -895.194
-405.017 -265.735
876.25 -930.868
-983.935 -298.583
735.945 280.22
912.703 817.359
293.179 745.519
707.002 -607.174
363.99 652.693
-689.49 -515.762
452.389 880.093
-588.442 -6.633
711.629 -531.843
-6.042 681.126
-181.082 -479.72
454.779 -449.134
460.509 -798.014
261.478 -294.187
610.981 219.972
70.859 320.879
689.137 -668.163
-620.231 652.475
369.528 958.546
651.98 -896.991
425.989 201.197
357.84 347.944
-194.632 786.503
-840.353 -825.24
810.15 717.677
453.818 -300.572
986.522 986.645
612.19 616.437
-889.384 -82.022
-174.45 -66.509
-22.357 885.524
-662.551 381.846
25.583 -500.22
-735.852 -448.717
-253.86 -724.931
-708.103 466.618
338.621 -829.438
-45.074 -1.28
-780.398 -223.406
598.975 457.621
906.646 -49.758
-273.839 -136.419
-124.041 -956.931
-151.76 -864.882
-491.017 -758.619
-562.849 -373.886
356.733 -871.667
-625.486 813.754
-245.497 -759.452
704.493 751.169
962.198 495.199
-220.544 -433.762
-325.189 6.746
-986.926 365.813
-490.567 -871.357
-745.81 -459.109
-281.316 -249.353
974.489 -385.478
-184.897 -505.143
-70.544 249.222
-564.41 23.172
-58.089 619.814
644.017 607.91
-633.918 -553.966
505.781 679.512
423.593 949.577
-121.08 -950.938
102.521 639.584
-592.609 -403.696
-706.852 386.467
-867.29 -879.982
-615.7 415.845
1.187 707.661
356.702 -758.493
-251.711 519.979
-299.779 -730.562
118.388 237.813
722.027 750.244
10.228 -753.578
-973.738 -795.75
-816.577 111.503
914.666 -382.57
885.864 658.829
-792.812 997.403
774.192 -869.007
-738.984 -754.8
180.505 396.967
-990.947 379.566
-902.946 574.773
451.003 555.018
-220.239 -465.054
-163.196 408.881
-60.698 22.499
-612.486 142.758
-611.235 -128.477
-534.287 187.941
-569.723 678.276
87.601 -267.124
-116.607 152.406
83.652 -120.344
973.072 -24.786
-17.93 -785.578
-331.284 -416.412
150.501 -247.388
-528.626 -697.876
-476.413 -215.733
-227.215 -786.34
68.317 268.678
-349.421 65.928
225.958 -996.099
233.074 406.647
290.571 -680.966
-595.59 -607.429
198.187 -138.644
-961.026 -434.4
-729.975 -960.06
611.379 -305.354
-859.434 534.285
79.348 -898.547
317.39 640.07
950.777 -523.13
-588.594 250.601
-430.56 -45.517
-315.439 -675.171
114.129 891.178
731.316 231.383
832.52 400.941
-202.923 -48.838
654.126 229.142
-620.147 510.33
137.926 555.24
677.804 -795.582
78.922 551.574
-260.615 730.14
-499.236 -85.922
585.87 -421.761
-834.141 -959.157
862.386 363.195
-290.741 -104.01
-575.636 -211.026
937.595 514.016
754.213 757.601
-129.288 -77.442
369.583 631.729
-52.495 -813.828
-340.542 385.921
-426.391 -696.248
331.183 890.725
256.438 -920.868
920.27 444.537
-264.486 -48.759
754.588 617.325
-686.672 773.303
760.056 440.592
389.646 -169.974
97.719 49.563
555.289 -895.614
152.515 -453.21
-373.05 429.132
893.161 683.804
-647.522 -795.322
-62.112 -173.846
392.097 -672.577
570.182 -462.28
304.083 -495.432
-845.92 -861.296
-558.569 -995.828
231.271 -700.568
-12.666 -887.231
-110.792 790.547
-199.757 -896.684
931.918 291.154
536.261 -697.304
-749.993 914.803
-442.935 862.469
650.817 162.966
526.432 -142.139
-480.055 -972.962
-870.436 -709.715
181.699 788.472
-286.755 -129.999
-305.446 614.929
-334.953 264.803
891.319 864.756
-184.481 329.189
-754.693 -674.615
705.364 -984.494
740.262 -161.243
-358.723 -366.939
872.591 -902.724
328.183 -959.184
596.411 -443.706
254.303 191.152
61.614 -684.264
323.562 715.956
-49.181 808.057
211.99 -570.786
-296.028 306.873
-647.786 -665.554
117.132 -498.717
803.747 -741.003
376.57 89.525
-974.829 487.793
-874.983 -206.94
-26.425 880.544
378.656 906.823
91.008 44.318
175.77 -514.524
-578.099 370.457
686.718 456.394
538.412 -618.106
254.897 882.57
-1.655 380.178
-732.718 117.366
-889.18 -563.723
14.521 508.38
737.247 105.345
59.652 566.143
-496.677 226.639
922.391 -814.756
-602.972 -772.122
303.71 -561.667
-533.711 -615.771
-796.274 833.022
-896.277 -171.401
-719.164 682.585
-390.604 -948.272
-272.244 718.057
456.456 520.756
498.853 336.795
887.644 105.92
230.998 -531.001
933.811 -579.921
359.052 -26.69
337.117 -540.482
490.757 -882.007
665.302 98.921
225.064 662.521
171.677 61.875
381.517 136.978
7.557 -433.737
34.937 -975.885
889.529 -331.431
-300.016 -178.93
-451.638 -397.978
691.304 757.175
-74.794 -895.371
-169.844 -217.042
-73.581 -444.234
47.886 -880.207
669.419 60.866
252.282 937.038
853.802 81.748
943.117 -782.49
-718.193 -416.953
258.868 -114.167
-571.039 271.124
-89.353 544.194
144.555 -520.919
-962.124 -491.654
-103.198 -918.522
-512.524 -982.338
980.256 -140.308
-978.146 -459.289
-783.067 792.525
474.729 189.601
-64.112 571.829
-89.586 790.225
348.827 -567.027
-959.088 -895.602
-653.409 487.077
955.978 902.55
-667.74 730.738
813.101 -265.029
40.654 -856.32
127.71 -501.581
-743.263 -851.744
-559.109 395.199
16.311 232.463
822.685 -863.972
-190.364 730.353
761.292 -971.0
589.539 -840.376
507.241 -356.312
972.601 -681.053
-494.5 848.03
114.864 483.957
911.382 273.756
-299.319 590.657
452.017 133.11
17.137 322.098
251.777 943.514
-301.414 459.566
-381.737 -272.686
-412.195 683.363
140.119 794.701
280.564 615.338
-575.691 374.375
-867.993 -899.606
450.315 166.158
579.651 -535.35
-291.826 -284.673
737.776 179.528
-947.224 -61.253
334.874 -223.621
660.417 706.2
678.205 691.181
464.272 229.691
-736.335 454.814
186.613 -843.62
742.388 684.986
306.665 802.114
-38.27 -365.332
744.45 -94.86
-36.503 717.809
-677.392 -721.234
-172.796 803.276
885.7 902.073
-776.705 998.877
-779.556 124.123
-614.298 968.273
668.471 -321.563
-792.567 -15.605
-810.519 556.384
-693.242 287.678
-358.637 -624.024
-92.709 286.623
-576.775 -378.65
-857.038 -767.046
409.114 -599.794
921.716 558.623
-323.814 236.579
-210.127 -380.113
-476.333 -953.764
-342.343 168.606
-24.714 97.233
-558.827 763.382
-657.196 -29.461
916.023 -831.384
-974.019 -67.428
-130.308 -318.017
-919.156 -261.023
654.963 -980.594
308.405 732.761
-948.982 74.665
-189.752 -306.029
-674.594 -687.051
-393.497 667.002
283.566 -680.555
771.296 -70.157
649.855 -476.781
43.883 962.521
-407.749 963.353
-902.847 -849.368
-193.051 -724.392
-327.588 121.234
-525.909 444.421
692.066 55.773
789.777 378.616
359.424 774.397
-353.916 -870.203
138.978 -679.934
211.923 -446.533
-249.999 -560.58
-960.769 177.012
477.499 852.926
-946.073 -21.248
305.844 836.927
-571.896 -282.138
-771.866 403.918
928.105 -59.628
42.013 -153.161
-974.286 481.012
-656.015 157.625
-10.315 -616.13
112.623 -651.415
-495.5 -967.014
-469.689 -195.819
249.201 -761.321
-295.605 -809.367
-44.319 -444.54
692.848 -935.24
289.281 992.022
769.199 610.169
689.053 30.255
-284.636 -617.443
-143.201 452.912
338.886 218.085
-165.398 -986.635
-648.817 -962.179
132.439 923.467
60.183 875.874
404.073 -78.775
-884.876 -385.718
-188.166 923.723
-335.491 748.174
-422.345 -924.559
80.671 1.305
767.498 -605.658
-18.864 -865.01
597.367 -590.079
-385.904 -816.257
575.92 39.974
-403.144 -734.957
540.299 -965.733
422.744 -160.24
-888.514 563.028
-1.335 704.471
-390.247 -722.334
-800.575 529.269
-538.748 950.193
787.282 964.252
762.577 -27.623
699.888 -714.736
-298.959 645.292
14.015 -314.111
-436.683 -385.828
-580.627 -658.015
289.302 198.836
916.056 615.18
-292.367 -524.28
684.524 -541.73
-937.531 820.365
389.425 -495.061
-622.332 149.62
-939.601 795.352
279.978 -451.713
-497.428 -744.989
-30.042 -735.681
544.013 -628.47
507.325 -726.554
-628.875 544.686
-530.11 489.296
785.305 -983.509
-540.539 269.321
301.066 -724.006
3.053 67.441
450.46 590.825
356.213 990.895
474.402 -939.33
270.064 -722.113
-153.062 521.586
-939.006 673.357
-425.515 757.778
618.997 -228.331
166.701 316.847
-8.649 373.973
-76.038 -623.744
-721.005 98.671
-616.613 279.701
-58.94 848.333
462.339 -709.22
-115.519 -330.747
978.316 709.217
-57.383 716.802
29.632 329.633
-961.381 446.398
408.378 -553.098
204.056 -121.989
482.74 910.202
-625.603 -576.076
816.777 516.791
298.085 -128.376
765.82 162.605
-834.742 -892.869
758.694 -792.078
-50.908 -361.77
403.559 427.735
544.188 276.148
-8.379 -980.47
-951.728 858.64
833.691 -653.43
-599.001 692.313
546.202 122.989
-427.167 -842.505
-215.777 207.888
-18.494 303.894
-512.07 103.653
-534.261 442.09
340.356 902.245
320.543 936.074
311.784 163.847
610.651 -136.357
-345.259 -849.235
55.383 194.481
-704.606 301.081
-855.852 -939.918
-922.014 -833.378
-302.668 -294.918
-977.439 515.355
507.25 -427.052
-27.898 -954.306
-558.945 110.548
390.523 -5.923
-32.674 -464.609
-418.249 765.323
-955.434 671.403
-51.6 -634.838
-714.887 -259.928
-530.58 -32.989
-206.813 -602.404
385.697 519.339
-197.413 853.256
594.997 -899.66
692.621 -666.785
829.77 636.725
206.704 -755.665
66.268 -269.003
1.459 -320.836
902.346 301.437
880.361 -129.21
-261.097 203.046
856.182 -572.545
-472.298 359.13
-16.002 -628.24
-491.406 457.19
171.015 180.124
899.296 -598.186
-492.078 -227.677
534.796 550.176
-181.49 753.176
-385.814 -400.976
-579.407 -497.708
814.027 693.912
992.493 -325.424
731.778 820.614
222.155 -978.244
191.194 273.815
-19.326 752.095
102.517 977.098
-366.073 510.398
-191.668 74.619
-952.812 -17.225
-380.813 393.442
489.955 -81.483
-751.257 -71.754
-83.963 -955.587
991.9 -352.592
-925.049 -145.195
-47.358 -732.957
-846.425 772.619
361.78 580.022
-907.75 -974.583
-108.014 -283.363
-25.212 -138.808
-210.62 -89.71
44.391 381.537
-401.138 531.895
386.331 -72.914
714.223 669.3
-239.696 -663.249
-206.531 395.517
-230.406 346.325
-107.084 802.787
-145.022 -636.421
908.912 678.778
917.537 969.755
-12.78 547.366
-36.155 442.934
939.134 -494.828
-494.877 -302.76
613.052 -208.224
886.694 285.203
-666.731 659.725
498.72 207.548
332.321 -751.422
-306.119 -253.8
-313.252 590.523
922.308 232.78
-718.475 337.019
-751.098 -620.864
-712.448 362.448
-978.468 414.284
-133.076 -60.831
217.187 802.459
112.303 166.167
575.279 -892.436
250.58 -72.412
-227.178 323.042
-686.295 812.064
-596.498 352.125
-783.62 827.557
-542.976 486.827
-931.907 378.481
211.206 47.771
693.348 -837.238
636.144 -646.739
685.183 -866.242
531.439 -951.183
-12.633 -27.092
749.971 89.034
-650.195 -529.005
863.997 284.084
-379.862 952.165
-168.698 -768.8
-315.474 468.484
168.248 334.578
-44.592 -618.27
747.84 -980.569
38.73 -850.051
-875.743 695.408
-817.849 -470.955
333.631 -42.929
447.026 -36.303
-243.644 575.626
227.783 -222.219
995.413 -420.707
-596.746 33.785
-88.435 -591.868
-908.59 -122.074
258.521 -396.736
-200.166 971.068
-827.536 -60.695
-84.337 290.43
-506.955 155.803
-472.505 -459.818
-382.407 -670.532
581.624 -261.278
632.562 137.611
104.447 -649.215
507.198 -885.776
218.701 368.819
-337.862 804.357
-856.326 -998.133
236.323 -92.501
661.972 -318.746
866.47 -199.578
740.352 -887.389
-427.599 -292.407
95.305 -913.342
937.113 988.351
574.97 37.639
968.554 -82.325
-616.766 -800.508
988.426 -759.193
-607.692 -162.374
-929.619 -982.218
-599.899 -793.366
-612.173 504.933
348.805 -723.959
573.754 949.379
-956.183 613.088
-346.338 786.204
17.617 -184.312
572.707 905.112
601.019 -828.878
917.956 -719.426
88.936 622.208
619.989 -476.869
-122.882 -221.878
-942.039 -280.581
158.648 -502.689
325.226 -873.911
84.716 142.624
-38.255 408.582
776.487 -311.472
57.734 -536.092
-345.574 -747.925
-465.326 216.545
-834.545 807.339
109.909 -530.501
87.803 164.866
-640.892 36.67
237.49 118.62
-268.174 25.097
445.274 137.68
773.316 -91.386
-595.346 376.33
456.786 226.044
-233.964 41.279
-934.827 885.695
-355.28 376.124
317.37 -183.877
-302.253 -763.094
-238.228 792.483
972.288 279.948
-391.771 -48.022
981.091 -242.778
-462.106 732.926
749.124 -952.383
-897.138 855.225
299.651 11.326
600.187 -722.558
489.835 -249.702
-391.176 481.888
-686.072 622.283
-899.007 68.949
-355.845 677.265
-353.817 -46.972
105.658 -957.115
65.804 -307.166
-247.199 -653.888
948.86 -511.399
840.078 829.109
-639.559 -207.104
653.121 -127.365
388.965 -927.956
-709.533 995.795
860.003 -838.968
340.304 459.441
232.411 743.138
943.505 -811.686
904.619 77.42
891.098 218.084
-348.175 -125.527
-879.831 -247.443
145.981 -524.999
-638.607 -723.025
-611.887 -19.47
845.228 -200.445
-319.781 -488.839
904.096 -904.573
502.405 982.671
-46.779 -761.357
-820.458 -659.714
689.379 -716.562
-71.632 -644.292
-211.289 909.024
-22.977 337.831
252.981 236.732
702.928 996.293
137.384 320.436
-514.875 972.771
814.305 -968.527
423.77 78.092
-511.18 -418.726
170.903 -500.803
-721.292 561.816
747.126 -721.83
-695.507 454.949
980.727 484.86
955.524 943.387
638.953 181.866
736.954 -103.147
-736.807 -229.586
-592.661 3.572
255.847 -831.737
-703.759 754.801
-945.986 -629.542
-554.983 -55.161
264.704 654.786
357.344 732.659
-957.308 610.511
968.671 559.886
-609.017 -428.358
-83.476 -509.457
727.461 -220.877
-679.954 177.458
-596.316 -818.13
182.067 -313.386
263.266 335.453
798.145 859.786
-297.451 -837.6
564.594 757.247
-684.466 545.719
362.427 121.669
-121.217 -303.88
921.891 546.343
-234.901 422.928
-550.703 -734.013
363.852 -559.7
635.011 408.11
922.31 158.727
767.838 -790.791
-381.908 -216.98
-416.798 -545.126
-980.028 -832.855
351.892 -546.299
156.184 -329.127
-551.096 946.07
-621.888 -732.796
328.362 -278.368
647.191 -973.892
-651.135 55.63
10.586 304.257
66.552 -556.033
-225.007 -332.99
737.593 -875.28
747.264 350.925
529.517 -225.097
857.739 880.588
150.672 -864.093
753.99 -594.179
-183.304 474.841
-236.674 598.454
-232.135 -208.969
-710.53 345.319
-14.095 -377.898
-722.589 -174.795
-640.273 -392.467
-922.694 -131.823
92.939 433.807
-7.692 -37.191
752.556 842.775
280.891 96.118
-221.054 190.393
-27.569 -889.363
-110.653 650.34
-400.886 993.429
-795.574 804.648
-967.554 514.192
227.0 765.599
-782.69 842.674
210.204 -730.43
754.836 565.112
441.274 152.951
544.791 485.43
-511.218 429.416
-732.433 269.964
-941.597 -178.448
5.052 924.539
-551.588 -283.144
653.505 -208.006
-365.649 -222.983
762.371 242.566
882.864 513.702
406.48 862.627
-251.53 300.128
856.705 597.828
-205.482 -982.005
-966.967 -462.513
-130.336 265.509
-959.541 466.543
-781.982 881.221
-805.593 127.833
244.329 -993.461
248.758 593.132
492.027 -660.81
-457.082 -163.071
-100.639 -164.673
-88.857 600.671
695.723 -277.452
-510.737 525.424
461.13 748.113
672.571 -843.392
685.198 462.31
-530.06 -8.196
-629.877 589.932
985.924 -701.66
-349.313 176.433
248.588 162.272
-368.178 781.089
-16.559 -381.282
983.088 -820.769
65.423 -153.259
647.603 -242.67
824.63 -779.754
-208.153 586.732
-630.525 121.197
107.752 178.327
-483.871 69.696
144.646 116.089
914.531 -394.096
387.957 826.988
-747.215 530.246
383.506 -287.444
38.181 -724.937
818.726 -979.179
371.076 -678.683
-570.562 -375.975
985.088 744.988
-923.824 931.21
-301.278 -920.705
306.397 550.816
150.235 382.565
33.336 -939.374
-676.592 -171.103
390.02 -909.237
-43.335 -653.534
-368.126 -477.059
-9.728 -999.051
171.374 -112.88
322.186 497.102
300.519 508.672
-858.584 -865.255
-764.412 -697.266
-757.777 851.602
67.766 444.964
69.582 40.602
435.866 -827.226
291.198 -215.351
874.43 222.786
-47.108 512.281
-720.085 759.017
754.238 711.574
839.886 60.299
619.993 -425.387
945.55 -200.496
-817.667 135.829
516.48 -366.149
187.796 -263.976
489.359 633.246
360.924 646.576
-117.82 -979.088
232.281 -487.883
402.161 300.158
-857.79 864.714
-227.692 -756.717
-330.18 -856.097
329.92 795.408
738.894 762.515
-563.131 828.881
-541.517 -810.612
370.086 -780.466
-246.023 -53.523
-920.541 651.637
-792.124 -280.941
670.236 -977.644
-883.297 -26.834
-136.32 -67.297
-238.534 364.532
-296.653 -158.15
886.502 991.65
772.112 -886.636
677.895 -424.114
996.017 -897.03
102.433 842.039
941.655 -424.248
-411.325 -793.938
604.626 5.249
-657.324 -35.418
960.691 244.126
586.564 787.173
242.129 -849.231
689.335 880.941
-134.955 525.324
622.016 194.615
-675.426 -460.378
494.133 590.548
-368.796 202.116
-9.403 398.408
-268.455 -782.911
929.435 -562.164
830.149 -296.614
157.204 -603.452
-488.715 574.977
-625.941 946.336
96.613 -823.193
-22.592 -205.392
-494.437 490.755
532.095 -135.239
773.194 226.445
504.061 500.765
256.567 -636.713
293.252 -87.634
38.305 -55.158
-340.436 325.074
-114.98 684.106
-854.42 -814.054
491.679 -163.451
-153.599 310.719
910.537 -792.133
371.392 633.137
-133.367 232.068
642.13 180.205
870.092 -69.811
901.151 576.067
-729.674 -290.883
333.826 -220.41
174.61 68.52
822.856 -374.91
-790.628 -429.59
184.245 -500.816
-595.445 -554.987
504.461 736.267
234.006 633.327
-136.774 -939.712
-865.914 883.548
-14.742 -271.07
370.234 155.673
373.325 -8.575
653.964 150.766
854.079 -453.503
245.458 993.243
234.189 -842.911
-922.709 226.725
715.072 -92.603
-382.133 836.431
-437.005 658.806
-715.206 -239.135
644.955 -348.798
785.32 927.209
-729.562 195.878
685.345 -730.229
-74.885 173.986
-28.602 391.521
-882.012 571.015
-638.868 20.182
-441.961 630.327
764.974 -557.616
314.795 -815.477
-195.872 -847.167
962.439 -484.638
129.785 278.491
219.82 -309.574
-674.191 -105.965
900.858 590.435
34.534 -978.449
-371.859 -471.933
-17.233 -888.74
721.363 852.739
684.229 117.481
-30.677 -526.846
437.187 250.442
621.489 -165.289
-741.551 632.787
472.713 294.987
-534.883 -217.993
-481.973 543.116
-95.086 -706.748
87.344 -678.012
-829.679 320.502
493.113 115.537
-647.478 513.289
555.602 -510.566
-960.741 136.568
507.396 -88.535
-655.171 910.557
-400.404 -120.026
539.785 -495.284
864.958 964.974
445.185 689.31
922.171 782.707
-169.069 15.41
863.075 -442.222
-673.352 37.763
-729.992 -76.588
-564.146 512.564
511.55 -407.933
753.093 616.442
-663.373 -37.178
208.956 282.301
-470.274 -43.619
361.683 -59.161
-460.006 -77.535
2.251 -838.257
-949.972 -235.365
665.269 448.185
92.042 655.785
858.86 276.545
-571.241 -144.759
-404.467 -905.082
221.801 266.564
99.801 110.462
815.523 -323.242
403.518 -928.199
290.209 250.134
-567.42 75.164
-407.571 -247.854
85.987 348.057
-529.636 -722.889
986.702 -869.536
817.407 -825.757
983.093 -929.209
-626.427 871.774
668.224 -760.541
-464.165 -570.865
-486.277 396.562
-85.062 973.08
263.977 584.98
-504.287 -232.01
557.401 -536.957
28.25 700.079
-317.657 162.315
345.293 -179.704
267.124 49.891
-581.029 351.522
783.665 501.234
380.613 -790.798
409.085 -801.799
-185.168 427.85
553.72 -205.138
-437.714 -369.169
42.023 717.149
-501.275 -512.891
-244.356 -507.545
31.328 798.977
530.138 810.506
-669.132 -106.899
987.995 864.196
769.05 160.924
-55.716 -87.921
-527.643 64.964
-375.481 -639.392
570.47 -373.617
-879.149 661.554
-922.022 -720.095
-135.084 -821.43
-893.109 328.287
739.448 568.615
-225.593 -511.123
487.638 -824.421
870.94 627.464
-248.74 -738.749
-488.075 172.798
717.07 -818.085
-648.553 -636.139
995.416 270.152
353.546 -621.442
327.212 -479.686
-758.653 281.12
153.844 -488.102
148.25 -701.887
-169.381 461.893
-362.018 -792.759
63.13 399.03
914.054 -888.915
-645.857 -637.724
-574.903 -351.768
560.626 -667.198
334.379 484.229
91.847 138.75
-178.431 -687.721
848.861 -691.302
905.583 98.715
625.46 -404.928
-537.18 468.647
189.432 567.843
-975.961 240.806
-892.073 -361.251
-708.427 762.251
39.386 -793.189
395.342 105.306
702.02 -163.033
-635.324 -498.793
-307.883 486.345
475.752 -547.484
-998.483 -345.598
13.18 505.195
-478.344 -983.336
202.725 941.247
-270.908 -684.699
-99.52 -55.091
265.632 132.174
-739.761 -701.976
-628.425 445.013
-433.686 576.816
-38.716 78.743
-455.674 -851.502
-119.762 -719.353
-404.738 -949.333
-111.998 452.062
260.524 409.547
-107.743 307.524
261.05 880.731
-800.94 38.181
872.2 -400.171
598.5 745.068
-146.949 -228.67
196.469 491.588
-617.869 143.682
-953.035 921.515
-708.482 805.375
822.7 -893.102
983.375 342.216
-234.771 401.285
756.96 533.729
-305.802 -651.734
372.516 523.04
-750.029 -881.55
942.327 976.704
31.471 648.484
612.225 680.509
263.525 -521.457
-793.505 804.782
433.757 -365.96
46.118 -240.313
183.544 488.788
750.572 -947.685
-90.313 -890.035
383.514 155.881
-327.815 739.907
-710.169 626.269
-88.607 -982.148
-181.086 -112.219
-391.413 1.774
23.118 959.174
-977.366 252.656
-202.356 379.376
979.355 610.731
-138.392 909.243
-456.843 740.142
836.337 758.682
984.682 854.454
-125.887 94.232
172.719 949.224
-366.599 792.995
788.268 445.087
-272.345 -675.712
-710.56 -15.109
104.319 314.402
8.352 805.264
348.148 447.546
710.713 -239.921
614.645 348.988
18.669 -684.377
626.993 -23.403
566.436 188.494
-185.624 114.365
-75.525 -32.231
757.352 -185.837
530.87 -854.706
-752.61 839.818
-896.102 767.861
346.398 157.249
-697.277 321.812
-555.599 790.571
539.436 -705.748
-940.956 474.405
-665.371 -104.146
612.243 -990.882
884.076 -853.827
524.809 -28.446
495.041 -915.318
129.576 -19.937
-511.063 452.647
-156.065 -34.37
-864.973 -137.808
-580.388 633.886
980.721 985.411
-515.345 248.077
442.834 -653.827
-396.608 910.526
-828.362 -536.563
89.033 233.942
-115.163 -361.499
-998.279 779.411
-972.186 848.316
-615.978 651.912
523.245 748.02
-926.036 -794.236
-141.158 671.033
-20.392 -776.302
-848.521 914.796
79.702 121.921
112.86 417.589
754.853 -895.117
-681.616 665.581
-406.675 11.462
-871.263 -246.796
-388.578 -609.452
-464.551 -261.663
289.723 -127.408
996.952 450.588
139.408 -393.374
72.254 142.076
-739.453 -336.909
13.853 692.426
417.774 831.484
-22.583 -262.219
-393.322 658.988
207.167 699.164
-71.43 768.32
-895.641 928.855
-698.331 306.167
-73.377 224.536
-31.801 231.92
-234.211 -507.911
-760.202 857.895
378.059 201.301
-361.659 734.55
-938.604 104.532
818.946 -167.378
-894.273 612.77
-780.373 -900.975
604.514 993.587
-209.135 -566.105
-673.863 -694.66
936.138 -143.978
769.463 -340.992
606.049 419.135
-482.204 -313.449
-675.516 266.063
290.618 -732.945
-455.72 731.589
-308.398 -594.431
239.709 255.791
-104.598 295.375
376.998 -734.145
-932.551 -435.298
945.632 -703.679
793.114 -664.162
930.022 220.725
660.436 -639.999
354.523 462.717
348.988 -237.715
-179.123 333.507
-983.355 -165.047
-758.64 848.695
-195.954 -326.501
869.403 -202.425
-810.716 -307.469
827.937 -524.301
-271.61 104.992
603.041 87.665
-888.268 916.147
347.147 -897.505
-200.229 -940.525
-153.201 367.877
523.396 -39.894
594.596 279.085
-624.4 -127.396
-919.698 589.24
466.79 713.351
79.881 834.178
808.748 -149.888
-508.7 217.81
790.796 -11.914
-724.12 892.786
-512.373 170.109
901.106 -973.159
358.557 450.719
-1.026 54.634
-662.226 751.414
152.928 621.742
-604.126 -986.73
320.436 227.152
-779.755 -339.056
-162.017 -916.023
-460.397 -37.054
-796.497 -601.827
-56.486 331.892
-959.21 -584.535
17.196 752.774
-30.383 -882.719
-627.639 -894.777
454.109 877.144
882.094 -270.369
305.289 -782.793
87.136 885.423
157.84 815.079
-886.07 -350.328
-625.517 211.446
-472.981 -550.236
-289.439 327.704
759.459 -596.024
-606.334 218.314
372.583 -578.613
289.91 -832.472
-653.876 -395.325
590.677 -717.896
30.713 272.444
-594.349 384.763
-563.917 257.959
-522.231 -720.683
-17.349 -154.9
159.275 781.674
644.399 347.473
-32.934 309.946
-403.794 800.753
737.404 -976.086
265.767 27.016
-757.972 -938.668
484.071 818.788
442.326 -973.327
456.201 116.829
-161.586 -238.293
55.319 -320.913
974.352 -603.874
275.868 -617.631
-515.185 356.362
-80.04 -405.655
-88.83 562.082
357.727 14.889
898.102 -908.203
-604.42 966.684
735.108 -590.786
-574.876 411.023
-347.649 -156.833
-374.281 -558.615
914.313 858.692
-804.965 884.389
593.315 -209.819
599.145 454.222
544.454 112.752
796.765 -424.713
734.633 360.874
-98.01 909.995
-174.991 739.897
-297.616 688.309
-974.348 -465.221
300.397 613.9
568.75 -992.548
-119.018 -527.441
849.539 -197.09
233.929 -738.801
750.813 -730.08
35.122 -947.896
-631.129 -395.147
-971.822 174.902
-21.54 -837.403
790.816 -992.622
-627.165 -525.842
260.766 405.676
967.653 149.529
581.065 -174.275
-164.016 707.684
115.199 837.993
263.274 -450.746
480.627 212.73
348.636 47.871
-817.126 663.307
-871.893 752.583
-924.585 -678.122
186.401 569.452
-416.345 -652.587
-666.642 -575.964
-415.211 -592.213
-744.411 541.219
756.672 -539.352
-925.4 -877.406
-899.374 463.977
-668.752 -338.303
-997.077 -942.225
-741.927 -602.484
-996.511 -323.723
7.325 284.666
-947.22 -952.17
-93.981 -693.608
-960.298 389.844
-348.831 -214.321
-576.202 22.884
-135.415 -129.702
-675.782 632.047
576.173 -468.649
53.578 -437.016
-537.987 702.76
-986.011 -544.055
-295.688 -160.517
887.609 -172.714
-971.359 471.434
976.627 -19.696
528.867 860.556
269.152 -349.387
-84.199 -511.637
-120.202 -228.509
950.031 -482.472
96.65 -536.965
156.278 -451.47
746.019 -538.005
-2.134 551.24
231.915 -379.829
590.443 -503.575
672.02 -941.96
-530.812 56.183
-56.651 122.048
-676.487 224.579
-518.082 561.941
441.212 -76.093
28.871 172.359
775.394 505.773
71.374 -436.07
584.189 395.95
66.111 553.342
765.627 -266.354
346.241 3.431
-633.898 90.174
-328.731 -861.973
518.738 -902.298
-426.315 -818.702
-466.103 108.432
697.303 -280.682
-814.087 808.823
-296.092 712.847
-476.648 836.294
654.86 -623.412
671.361 862.656
35.45 -970.152
227.108 455.255
452.541 96.128
734.787 95.032
-441.076 579.499
334.954 -274.526
-469.87 -729.602
601.432 -176.351
81.313 -909.593
-148.86 -861.143
-314.99 -220.882
369.48 942.309
721.104 -714.352
370.066 -134.537
-632.733 -142.364
-272.415 -756.703
331.023 313.605
-743.384 622.25
-541.977 318.516
701.597 951.846
-735.806 -438.897
377.31 -406.925
856.325 364.249
-65.632 777.473
158.132 -469.17
752.83 -443.567
-802.747 -552.581
-546.92 -887.886
412.741 -426.071
-418.66 467.593
-994.59 446.889
-21.402 -990.51
480.817 367.222
-228.762 -693.024
14.506 833.642
-890.79 451.538
824.588 513.644
-784.762 -142.101
-407.447 -893.998
527.838 553.013
-710.128 -286.25
508.365 -206.19
242.679 254.224
19.792 -967.929
547.042 71.018
687.619 -802.589
50.188 82.11
208.192 -225.202
877.509 -342.064
-852.594 -863.799
-445.388 432.966
927.828 197.091
982.536 -881.749
531.829 -835.318
573.141 -637.604
461.793 -51.995
-683.008 546.734
-374.272 -711.493
-845.099 -176.294
-113.236 700.086
-576.228 785.962
161.106 -34.0
-140.034 -91.758
416.296 169.559
369.721 113.237
-551.699 114.043
647.412 320.344
-300.789 179.494
-110.692 -780.267
628.744 -838.875
43.41 811.313
390.603 -435.521
37.395 -772.482
463.651 -963.835
-133.066 -564.694
259.073 677.021
-476.569 -110.384
417.089 535.102
-114.323 -576.602
668.576 493.387
-781.091 -166.141
-326.521 315.047
230.971 -202.123
-905.224 384.013
-733.215 397.842
259.891 -647.781
344.756 -690.722
654.283 -942.237
-385.091 989.958
975.856 -356.181
234.322 -636.772
688.861 -821.797
-508.134 561.538
-440.601 199.869
465.783 451.052
-519.725 637.521
-428.875 366.265
-460.85 -836.37
-297.015 -703.62
700.308 -489.539
553.613 471.847
370.326 -765.603
-561.777 -564.42
867.098 -309.375
-886.795 851.189
-235.472 345.085
799.788 176.082
955.744 -302.703
-880.091 -497.619
551.805 -280.356
-393.21 999.582
561.998 315.004
-726.089 980.673
-624.538 159.72
-695.324 -506.17
663.293 944.42
954.231 -114.955
-161.383 -107.85
294.035 298.001
-449.922 664.571
-207.832 -714.395
-208.68 226.411
-14.624 672.525
-906.924 561.618
-736.621 -653.565
-546.612 -860.941
-80.987 308.258
174.479 428.478
541.11 525.839
495.001 916.926
-789.515 -881.245
-269.728 -424.348
719.447 -213.144
242.481 -810.824
505.487 700.534
-37.208 680.956
126.062 76.056
813.73 -687.152
550.347 286.0
149.961 -607.411
-818.205 -659.904
-814.973 587.527
630.968 236.209
-20.354 -55.56
45.862 -166.966
-633.882 787.331
944.111 390.23
-819.05 -184.889
-154.499 85.796
-202.792 975.412
-228.259 328.926
294.445 -431.207
-351.987 149.733
-989.475 495.095
861.177 -679.973
-299.492 -227.664
636.669 263.447
443.508 640.219
209.444 117.384
606.836 57.18
917.592 -59.809
-847.311 529.802
630.645 -596.629
415.331 -533.176
540.535 -617.763
-765.526 -512.739
-764.813 389.536
373.59 -21.893
-895.984 441.46
-428.172 -380.858
767.566 57.02
854.542 794.035
142.341 311.316
676.97 -441.774
157.235 214.166
-821.126 -521.886
462.796 -548.603
-50.643 218.608
-190.747 945.593
-330.206 -997.04
232.179 -202.495
-895.295 -142.588
-434.835 -987.841
-580.451 -940.449
508.307 -37.631
-148.644 431.016
-826.413 924.512
-233.582 481.872
-216.411 -912.793
-431.579 115.9
-570.238 977.5
-438.416 633.53
7.161 322.075
-786.251 -385.562
-406.189 922.59
-512.995 523.981
861.229 677.656
-368.019 297.599
437.521 551.553
-297.184 -710.743
-543.864 -588.754
70.703 -881.884
696.942 528.442
-9.395 235.372
24.944 -910.389
702.377 -582.3
387.19 826.761
-979.372 -568.549
-994.663 886.355
264.632 629.624
-296.242 -76.873
-194.228 -489.525
342.282 29.294
12.094 -774.391
320.104 192.27
-37.574 569.127
988.605 -549.262
-707.526 -786.5
200.37 -893.311
242.364 -766.857
205.846 51.257
-724.225 372.516
109.546 760.718
147.929 807.291
954.093 680.052
-441.113 244.162
227.834 674.183
-560.486 -230.063
943.599 808.201
203.946 257.615
-157.004 -774.049
226.402 -928.973
792.074 39.65
-689.53 547.081
-704.73 694.733
105.36 414.313
-634.58 -251.993
-83.324 -348.28
-6.395 -728.185
383.992 -333.606
-735.883 275.618
-943.73 -870.709
87.232 828.174
676.603 -111.438
-907.395 233.475
-280.102 541.376
582.193 -7.398
-26.204 455.307
775.844 93.54
563.07 -56.893
-620.602 -980.128
252.959 634.394
5.285 205.931
-737.864 832.407
-216.366 -149.689
-739.879 -330.782
16.25 81.672
-248.106 -121.336
2.758 545.646
523.161 948.104
-198.586 709.841
277.942 -136.927
-868.768 401.919
494.253 835.921
-983.558 -564.64
-846.287 440.136
-402.423 -888.045
-589.97 116.682
-995.114 -292.917
-590.965 -293.666
834.365 -979.191
-279.202 65.746
-258.282 -619.534
375.012 -358.374
783.767 -413.338
-632.103 -343.266
-862.439 830.984
825.055 995.811
-117.02 41.328
-562.915 917.739
598.415 -220.028
-803.914 43.422
951.109 -626.166
-282.087 358.557
22.99 -764.853
400.845 192.772
392.472 508.869
289.387 -267.759
-477.927 452.222
520.939 186.44
513.462 -144.885
-479.472 431.888
-343.874 865.869
-957.348 482.056
361.432 421.153
-862.084 861.245
842.373 590.137
453.613 120.153
19.285 413.704
17.893 -418.069
430.402 -441.134
966.279 779.506
-275.88 423.497
653.589 -376.046
-633.981 181.775
260.661 -684.636
-688.034 -194.145
165.424 -715.239
528.04 -555.743
476.438 793.157
259.978 -679.089
948.099 -129.527
77.18 105.103
-307.441 -802.741
-914.144 406.899
-551.893 193.108
-847.22 -633.269
635.616 -295.641
793.757 -954.454
527.474 -425.923
710.581 589.922
19.522 -702.918
511.119 590.347
-963.394 761.088
228.941 8.628
116.003 760.233
653.439 801.963
-582.067 692.681
211.122 -464.86
279.529 -202.691
87.124 -290.124
-728.976 328.102
-685.113 664.259
584.849 173.809
-781.089 518.088
922.214 660.788
685.125 -366.216
579.181 636.92
894.179 605.584
-185.504 680.901
-70.17 -676.74
-970.893 -876.863
-129.245 -28.17
114.461 569.205
199.893 -593.082
-612.431 -559.798
635.13 -807.607
788.693 -633.587
834.428 953.798
-63.737 435.181
584.956 -813.953
63.078 -449.957
-11.023 159.651
-966.267 -699.722
-798.405 698.663
-421.144 138.418
-877.925 925.766
-315.84 -356.995
31.807 21.018
-351.933 -72.976
952.466 970.054
-955.552 -686.948
620.293 913.061
-94.538 656.71
861.937 -307.657
-915.681 563.401
280.218 -598.01
361.879 555.582
-999.657 945.205
-164.929 944.735
674.321 369.901
86.203 -277.716
-878.417 420.743
869.583 248.757
440.822 -604.023
-861.873 72.315
-293.85 841.745
-858.103 -738.759
766.745 993.72
491.188 626.699
-422.224 -354.813
75.31 -789.128
617.014 334.885
-653.196 619.391
748.017 -955.775
603.914 868.35
-865.864 -658.812
-366.998 -940.531
199.354 -841.939
-35.298 849.199
424.449 128.192
-958.251 928.148
-67.842 401.997
-977.125 985.278
-633.106 -355.099
677.659 -911.628
874.388 628.02
-333.895 -844.649
371.351 606.226
289.958 -925.499
200.246 -644.273
694.23 571.347
-557.896 761.821
401.338 282.516
-30.391 -71.863
453.066 259.937
-161.095 -897.646
-282.368 233.399
791.74 -744.011
-588.62 693.069
588.437 728.355
-507.325 -858.804
-809.054 463.11
-349.418 7.059
-682.373 831.04
-828.861 412.642
71.796 581.216
-780.143 906.078
366.924 368.963
-462.752 -858.96
216.59 -177.236
-569.669 -970.951
-476.793 650.805
338.333 211.336
41.759 -550.517
-364.515 -911.244
746.359 949.662
250.865 272.237
-515.894 -512.338
211.356 755.648
714.089 -797.548
480.794 -295.209
-369.97 -437.917
79.963 -179.549
-890.429 343.004
597.577 474.887
-10.668 -331.286
875.34 638.022
-881.098 -686.012
-878.52 721.443
190.156 -619.786
989.843 424.517
576.616 -956.962
-899.594 -164.974
93.838 596.059
-973.305 -570.676
619.939 20.43
-326.419 -676.546
-777.097 -499.468
-63.201 -366.41
637.734 858.7
731.624 680.282
814.172 -710.377
-246.912 952.84
-580.374 -689.045
-762.203 -174.262
-985.097 -360.901
513.289 343.938
-255.876 712.272
-868.355 -906.189
127.682 258.95
241.724 641.786
217.921 -639.872
577.258 988.038
-418.498 225.563
527.296 -966.909
-959.175 -416.778
-244.279 -855.49
-281.368 -726.636
793.507 -693.573
705.491 -201.173
847.246 168.34
-286.526 -30.027
635.19 570.498
-391.025 325.805
459.146 -498.233
-471.58 148.898
-130.46 -397.83
727.924 52.245
662.689 217.857
-398.549 310.752
3.579 -225.798
-144.91 -852.389
745.823 -783.988
56.166 704.554
745.639 689.389
-123.376 225.75
523.215 214.416
-974.633 -168.907
100.807 -694.224
-935.419 -620.749
-252.923 -136.097
-70.695 720.654
-366.044 -769.628
759.469 -609.211
238.813 848.46
251.668 468.435
-397.584 561.617
806.154 -942.374
-131.073 -353.678
-87.022 992.0
24.222 -805.113
-366.708 -257.159
-517.705 70.693
-67.39 888.342
884.939 361.556
333.73 724.896
-733.29 855.481
0.255 -5.583
-408.458 -682.666
-677.06 562.01
978.882 560.823
486.662 596.182
-975.664 -787.67
-355.902 864.3
-646.249 -737.898
246.652 517.144
-732.519 810.517
-471.82 -798.84
176.599 437.08
-343.943 22.074
-615.59 754.74
-858.456 21.221
-179.037 -976.754
-949.051 431.37
-779.822 -461.311
-898.405 -583.43
846.589 960.517
-505.757 -609.738
-237.323 -928.747
605.778 395.279
-703.488 520.557
359.354 -597.038
-857.827 675.019
523.94 -174.384
724.215 -174.924
-649.786 -524.004
694.564 -282.21
-734.769 -531.439
-947.698 -806.888
-246.791 -844.787
-886.742 -931.178
580.306 -569.62
-124.307 161.43
521.175 -684.712
-577.638 850.667
-984.702 -291.274
512.097 -284.518
-854.506 677.499
324.386 243.717
-550.108 874.469
-625.21 644.149
-855.497 618.59
785.334 -674.165
751.893 -986.309
939.144 617.344
127.163 -831.042
-60.324 -942.525
150.76 375.771
-626.161 -25.043
292.747 576.406
-86.897 -327.903
-7.328 -340.944
267.27 -124.75
-206.5 -754.234
-839.598 -99.038
428.842 482.634
987.107 -483.574
-783.277 676.303
-280.09 -428.067
895.017 688.647
761.96 784.749
-328.2 936.957
200.018 -632.612
879.528 -850.646
-709.085 77.389
896.26 11.479
-971.744 -810.36
-638.138 372.896
-296.477 -454.492
-450.649 -105.121
-621.581 -667.96
-472.779 604.538
-783.799 439.621
-390.796 254.397
141.893 -604.736
-916.979 -137.245
449.691 -713.796
-377.824 944.314
-475.409 -136.397
-358.063 588.567
-865.578 -644.391
-887.695 56.288
-647.022 -361.805
-693.819 173.622
-98.22 145.857
-737.213 541.634
-609.834 -934.917
309.269 859.44
198.111 -757.525
-563.426 365.628
728.322 837.258
-833.799 615.59
677.346 -687.786
439.653 979.842
-802.319 106.011
557.577 -305.711
-831.235 819.868
82.644 740.355
385.982 859.493
-685.285 -759.79
-343.29 -568.302
-824.924 397.002
-566.038 246.212
-298.677 -947.503
-417.308 776.303
246.044 708.386
458.634 724.465
-813.094 653.382
-261.108 -542.237
-196.175 276.958
-120.621 305.495
41.054 911.668
-787.785 -70.805
-768.066 449.609
748.989 -371.397
184.944 -135.839
-675.441 848.981
-493.699 722.723
-219.535 -365.608
181.476 -194.389
-25.094 857.636
536.25 372.38
626.972 -202.403
200.487 -98.954
423.189 -678.509
224.09 658.66
-893.846 239.897
-760.824 -757.004
-724.034 -835.951
800.416 891.226
-20.187 -399.942
-420.59 790.365
88.295 316.136
602.68 -539.656
-401.499 -901.414
-728.643 451.06
-74.125 -992.514
-907.013 833.898
130.203 -33.934
898.284 256.887
-167.522 -545.023
-750.741 -740.626
-368.949 890.623
837.716 661.214
-97.074 -776.251
-208.851 833.837
-131.457 737.394
896.954 -867.4
-195.185 982.185
-898.398 -467.032
-323.435 98.855
359.558 494.141
47.126 306.566
572.632 602.355
-468.431 -727.656
-317.521 802.848
466.436 493.363
22.277 -417.165
-291.927 4.148
118.019 978.754
-414.17 -786.942
-166.25 768.969
-13.071 -168.94
895.848 -110.768
943.945 896.55
-313.863 -656.098
675.926 -816.347
-67.655 78.154
-574.374 -634.891
-842.711 -240.292
77.755 -781.47
-175.292 -259.57
694.902 -218.274
-403.562 928.241
54.565 -318.216
493.306 179.702
837.276 -873.231
-422.131 305.517
-246.872 971.369
497.922 109.156
-131.393 397.53
-394.533 633.593
-634.443 -280.87
-630.378 749.556
277.311 -976.856
-967.105 -728.563
-835.822 -580.584
-636.018 841.647
706.386 -345.012
889.181 -194.029
13.499 -802.936
254.15 -979.162
97.216 930.625
454.583 -65.519
-690.087 -772.672
264.195 -376.814
-766.394 -659.185
535.784 -249.018
-748.949 -251.65
261.253 -517.777
418.222 953.163
-950.942 -809.67
730.612 351.612
577.658 -130.536
219.478 868.536
227.193 335.45
-60.814 -432.672
620.372 79.236
-662.438 436.671
-537.99 679.869
-680.014 -361.93
33.174 -492.354
-252.677 -133.653
603.519 -570.959
332.024 32.142
-217.438 -99.228
166.425 -858.457
495.157 221.622
699.766 -366.386
-353.352 -796.148
583.525 -143.063
396.166 588.277
-378.31 292.113
822.546 -767.113
267.439 -419.413
-462.491 -725.78
922.361 -480.439
-251.439 894.238
162.317 -599.616
584.186 -322.361
-815.123 851.138
93.965 425.632
-615.479 647.964
748.526 180.59
588.735 -956.041
470.69 -459.742
-95.554 945.148
-62.272 877.444
-691.771 -951.43
744.488 -4.966
-85.93 936.859
-406.011 982.014
896.625 367.276
587.95 846.036
-894.923 -5.548
83.697 909.035
-528.112 -780.169
954.338 50.0
-99.96 -312.879
-458.794 -273.008
823.49 -218.926
798.502 297.315
385.359 935.634
-778.236 34.63
50.467 547.153
663.453 208.532
-496.012 123.942
298.15 -732.777
463.821 830.885
301.219 -774.999
612.556 -270.645
773.673 573.225
-507.83 -505.448
-785.423 838.261
-53.973 138.645
70.346 -704.984
953.186 815.474
815.116 -797.471
-65.638 774.058
243.311 -896.318
597.409 874.399
815.758 -65.056
370.917 198.851
-527.574 -545.37
533.89 220.673
612.707 382.646
469.2 838.546
784.963 280.906
804.873 -566.88
-498.397 -632.312
-237.935 398.177
-888.849 -375.902
-318.766 -850.726
-919.45 165.427
-208.884 -751.4
928.436 74.106
674.823 -450.459
-409.762 -11.423
620.732 14.64
314.604 621.491
-945.945 -506.162
805.761 -159.4
-969.225 -24.382
-79.662 -491.5
268.759 837.024
577.708 -125.89
-299.029 -236.002
-483.446 512.666
381.754 -373.85
-320.39 153.157
-506.279 64.831
7.696 135.596
-383.366 93.072
-989.975 -645.78
-970.414 224.855
-156.148 -219.734
-597.281 416.106
-4.637 330.434
375.8 232.557
131.088 -733.849
342.017 -52.849
-744.664 -567.746
-398.927 318.049
788.243 -694.315
382.429 -424.913
842.057 273.593
-58.756 -517.676
-318.735 -215.103
226.455 -166.374
-251.142 -287.404
879.427 -870.328
285.682 -792.566
243.187 -240.414
564.291 -538.679
-744.907 -217.271
869.916 -823.642
918.507 245.173
-437.872 -791.832
-759.114 -696.694
559.342 -323.73
-651.087 -350.045
-390.175 -763.503
-301.366 -582.357
-384.694 267.816
273.894 711.321
210.72 -784.439
48.742 53.095
-298.138 -656.155
547.927 -995.397
254.02 428.035
220.465 250.542
-210.357 -889.743
-28.866 145.441
-483.951 535.028
-570.812 537.099
-986.872 -803.99
-25.766 -638.258
-590.224 21.773
-936.62 -297.127
-773.73 -400.109
549.859 -321.018
-98.457 -162.384
939.924 -775.141
-512.78 -878.787
-673.565 -993.992
-26.415 357.887
118.338 -361.643
375.945 256.647
-355.709 392.596
-581.925 -870.972
-480.183 -183.777
-499.559 399.653
723.683 -422.789
968.775 -511.833
97.522 736.062
-859.87 167.675
57.526 435.643
680.382 -161.257
-899.425 887.761
395.81 963.562
-471.276 -257.764
614.65 864.411
777.309 -927.153
-301.146 -627.715
130.734 -587.896
-95.616 130.469
15.492 -546.47
638.402 -182.126
-762.58 974.553
195.571 159.905
951.247 469.512
393.793 -869.028
-64.416 -333.472
111.507 -813.07
-410.503 -741.374
431.601 -560.839
627.608 814.394
332.14 -369.686
-902.246 -565.678
267.618 -664.005
765.298 854.548
669.653 566.946
-386.749 -207.16
832.026 888.341
-39.946 135.39
905.786 -828.795
-299.754 473.416
-540.137 -891.498
405.49 420.943
472.941 -96.44
693.631 -85.706
669.333 966.737
817.061 117.659
12.433 757.269
-799.755 24.035
-164.006 787.679
234.462 565.208
231.718 788.121
-129.259 -559.657
-398.12 498.13
189.701 326.933
620.186 -629.65
-737.607 -588.125
-367.127 -757.329
-395.346 923.35
-807.585 662.045
-481.267 -165.206
264.676 -515.203
67.774 867.432
920.43 453.015
-545.716 -853.173
47.193 -602.19
903.64 975.209
149.626 -569.62
-352.934 347.289
534.295 488.623
214.457 -24.703
607.756 -911.2
-442.417 -70.347
-627.115 836.213
836.588 675.397
781.57 963.9
748.319 -500.032
-986.462 571.325
634.202 -176.454
678.155 478.03
-949.163 970.645
397.991 507.195
314.909 -741.21
-778.894 818.078
-959.433 226.194
-446.866 685.511
7.558 -840.166
-391.916 25.132
-860.138 806.239
620.09 -660.784
-248.481 625.178
-492.463 -425.323
56.275 501.425
-861.662 808.22
560.061 463.031
953.968 -841.873
643.612 -963.389
225.006 886.044
483.921 819.164
-228.322 652.693
-852.034 -542.681
-555.757 -323.568
666.712 202.194
686.955 -481.617
-535.33 -731.628
470.579 292.377
557.922 -584.346
408.214 699.753
-515.594 782.308
-43.412 924.496
545.276 -141.636
460.701 674.119
-791.689 188.444
490.376 143.514
-158.78 783.84
-667.22 347.964
816.071 -115.647
493.361 -601.607
88.334 403.011
350.784 755.064
-532.486 -426.357
501.861 -919.249
769.981 -669.707
910.95 646.526
323.39 -981.588
418.88 804.199
486.026 257.551
341.656 338.553
-93.317 -268.358
-870.809 -708.046
486.972 830.127
-373.189 -560.794
156.223 972.468
-593.649 -233.125
471.658 -129.184
-482.987 -479.151
-607.674 -937.599
472.974 -263.802
-997.688 855.832
-635.181 898.297
-523.947 168.557
-723.731 346.557
-552.186 -381.296
-227.639 927.272
-260.992 -150.719
-953.294 587.296
730.711 -911.062
-147.208 -374.312
-893.857 498.866
546.638 -458.488
846.786 925.555
676.631 -397.211
-183.938 -262.389
-337.148 -811.959
326.157 -695.588
-536.311 -899.376
970.106 51.48
-594.681 581.177
156.238 316.21
823.706 -466.342
-406.569 -344.096
990.72 -917.408
-379.809 289.952
-657.118 235.904
30.136 743.78
-959.489 423.7
936.015 368.594
-464.005 982.826
-979.702 -992.656
984.197 -133.204
983.526 154.118
-32.69 194.364
-551.578 917.45
-135.519 -485.138
821.197 -246.749
-397.058 948.308
-694.246 887.078
646.843 164.703
660.735 46.859
591.753 390.164
-135.082 -26.733
619.642 920.189
161.472 681.693
0.036 873.975
239.428 935.153
-624.559 -278.3
-749.514 610.147
331.859 449.521
-368.276 546.96
344.06 -933.335
376.442 -84.634
-428.535 -862.515
-85.538 60.136
990.251 -928.71
494.658 -386.476
-81.093 -873.015
-477.761 -257.552
-529.837 357.065
394.471 -463.549
638.771 407.978
-706.635 -991.757
366.749 -663.838
951.182 -11.647
286.807 -896.952
894.543 548.676
715.047 428.917
-42.716 448.195
520.816 594.498
325.993 643.735
-253.858 -883.941
409.312 573.578
440.367 -278.462
-541.18 -644.525
-709.034 -515.028
-730.149 768.533
-819.797 803.646
-427.698 -213.359
917.918 418.622
41.219 910.192
-665.818 827.504
228.0 650.622
-839.968 -454.87
-583.45 104.672
308.186 296.466
659.996 438.172
-842.754 33.75
540.006 -188.98
406.529 -712.659
22.027 -40.852
-953.707 414.374
431.452 322.348
183.648 -418.119
-417.475 394.599
-840.989 -212.072
-532.573 289.775
452.315 -902.946
-692.182 -514.438
-115.091 -774.914
-575.248 -687.372
-475.505 819.452
604.644 950.298
-126.034 -421.98
726.825 -44.328
-463.776 -479.363
76.366 -779.299
522.783 -279.153
265.171 303.334
665.947 526.483
914.551 -257.644
-833.943 805.872
-715.507 23.244
891.173 848.508
216.357 -722.322
150.267 -765.973
-831.113 -183.586
933.771 23.278
-823.229 308.322
-945.788 -299.876
839.61 261.464
-553.995 -876.822
-713.048 -282.636
-259.873 -339.985
207.327 -278.708
194.934 -637.899
538.608 965.327
501.146 -350.962
-172.171 -993.822
-164.714 505.011
-412.35 -719.986
212.524 704.725
695.768 135.708
617.868 236.281
-170.837 604.554
-108.511 788.245
815.929 -914.606
412.317 -955.873
-800.552 511.755
406.474 262.227
-991.338 -728.476
-577.805 332.144
-500.483 419.337
-552.432 376.031
441.505 -481.111
-584.474 -140.585
692.963 -201.777
581.451 -219.605
409.564 764.522
707.954 -838.418
-209.105 930.46
-669.414 -371.488
816.045 839.384
-664.628 919.661
824.509 272.55
-713.782 380.228
74.883 -474.764
144.293 446.971
400.972 -901.143
805.681 -240.19
-891.577 -82.745
-619.481 732.427
-991.851 903.599
-293.605 -938.303
-80.543 255.244
-880.479 931.052
655.586 -175.52
653.885 -259.271
382.627 -317.197
411.338 65.488
461.977 -873.934
-269.555 876.961
250.741 -690.228
429.231 -658.703
-543.149 -255.845
-455.644 301.019
278.919 -336.978
408.816 -361.519
931.82 433.167
365.248 922.899
-894.35 624.568
-473.94 54.439
-181.981 902.821
-372.577 316.056
588.172 163.843
810.189 352.47
-463.86 417.529
304.365 376.121
210.179 -659.167
46.545 178.55
-597.697 56.285
300.224 154.799
17.897 -793.363
420.875 -245.621
443.801 -614.689
-891.667 -359.555
-107.865 -440.713
807.88 -662.459
-424.302 -455.996
-716.131 124.749
680.693 -819.257
28.997 -616.573
-325.437 -835.252
-683.471 -209.429
958.648 933.193
-868.811 296.58
-636.051 -122.109
211.291 725.015
-775.102 -132.5
381.401 113.779
-143.89 -663.232
-741.734 -195.372
-851.792 -288.711
-904.014 423.822
-449.889 -880.79
959.077 -980.186
356.292 -375.8
797.642 775.167
-164.557 329.679
233.842 -771.672
834.56 -45.304
685.616 -566.878
-242.603 -955.911
-68.609 -938.735
648.287 -697.124
320.597 890.31
-152.434 -191.464
-405.762 486.155
-162.832 -272.391
187.107 -463.866
-972.594 392.883
591.261 -741.099
208.801 -764.27
-511.985 -353.329
625.186 -756.566
-57.862 852.663
292.526 295.453
505.011 241.809
637.176 810.55
-869.444 -186.664
-722.511 -250.455
241.806 -556.005
724.889 -450.505
412.849 772.474
768.866 678.721
-410.637 -967.142
297.151 -410.82
-601.963 -514.051
776.246 -185.835
760.51 694.929
-708.983 293.072
-734.34 -0.626
-383.531 778.501
-719.572 -775.353
-606.651 -728.002
-42.916 713.919
722.88 172.557
-639.435 -753.705
-793.105 986.834
-178.469 -346.305
507.187 -223.041
878.057 811.95
23.887 579.741
480.584 -722.346
163.742 -151.45
404.898 709.591
33.669 -939.609
16.985 -510.554
698.306 227.739
-218.668 -942.113
317.419 876.823
-599.759 -367.975
-4.116 -534.769
498.94 95.089
72.728 776.722
-528.15 -64.225
-276.435 -563.874
190.119 388.074
274.315 140.096
886.506 -369.79
830.739 807.913
-511.969 819.135
-613.506 -660.833
-468.365 254.531
-504.507 980.881
702.739 -345.159
-961.763 151.732
52.376 -419.547
-392.048 -563.832
35.067 -959.893
-352.129 -468.454
495.613 327.857
-647.938 950.09
-990.439 570.843
-244.669 507.712
103.792 979.836
936.332 621.149
583.848 379.344
-246.324 195.106
-203.476 893.534
-286.592 -367.977
-705.135 533.254
-894.41 -809.376
54.901 -592.446
-888.028 975.571
928.834 598.395
740.451 449.131
-975.995 397.581
851.423 -359.023
-384.374 -180.922
-326.399 -331.386
250.009 673.87
-648.169 -558.721
932.535 -163.876
945.241 -369.905
215.689 -750.095
275.931 110.016
-689.155 -290.064
29.416 -465.468
-932.592 271.832
949.587 342.599
154.233 -311.386
328.117 454.46
466.434 336.922
-796.485 -389.904
-365.5 375.991
952.428 297.597
55.57 -931.354
468.317 400.531
818.304 -286.947
157.936 564.095
-202.322 -416.615
-454.508 -363.154
-256.097 103.406
-419.286 -164.649
-727.819 437.854
-367.48 68.925
-493.398 178.413
-734.009 -904.099
-913.111 374.151
-233.075 -955.158
-720.071 36.787
349.117 -127.284
-83.411 -11.677
482.167 168.183
-904.724 158.08
-68.082 -504.681
-107.188 -305.654
-277.439 557.122
245.639 -405.663
-535.548 360.065
192.923 703.021
959.786 -110.825
-815.68 -199.455
617.521 -594.342
-642.114 964.973
642.145 944.494
117.592 -666.225
769.509 300.731
72.745 275.151
-598.134 317.189
282.963 645.304
-320.055 543.248
971.64 -91.9
-737.772 -291.28
-802.44 -844.43
734.369 -345.811
481.652 -714.639
-953.533 -855.202
-588.943 48.658
824.272 -48.042
-68.15 339.271
-327.897 273.043
-896.395 170.721
817.804 -507.77
-575.668 -830.502
-630.567 -563.379
-184.025 645.796
386.215 293.573
86.405 -901.997
146.754 -87.465
-688.574 730.22
-205.482 518.76
-468.519 -384.77
423.436 -258.884
-967.722 -48.463
-975.2 796.471
472.303 -999.86
-271.181 492.395
-444.755 -39.159
712.554 336.236
830.298 -734.831
-40.771 489.032
111.784 415.219
-276.729 -199.138
738.14 -284.462
-493.557 247.236
-304.903 514.567
236.835 159.377
182.346 239.776
-432.189 -836.757
378.915 603.068
757.985 -807.555
52.318 -24.063
377.692 50.965
239.028 -762.015
859.378 -327.576
-793.796 307.439
-971.602 113.086
-490.588 896.798
-272.558 71.373
726.272 440.326
522.038 -996.23
-166.371 679.045
-933.172 848.589
-106.942 -136.688
-507.321 436.583
-469.333 908.346
-555.8 -936.971
617.992 -83.835
-621.401 -824.703
-690.004 -447.5
327.691 480.811
977.839 74.833
-508.499 913.924
218.178 -408.128
579.38 51.329
-760.468 97.279
-890.23 962.291
748.639 -296.415
-622.219 945.876
-786.352 941.776
450.195 -964.371
856.948 939.421
-152.824 747.458
-121.234 -314.987
504.731 -228.103
646.719 139.599
319.813 -484.775
512.979 -233.892
727.643 -411.164
69.459 4.13
774.972 854.046
678.665 500.951
-713.62 951.377
556.376 -141.047
590.409 -701.395
-956.472 -621.154
76.565 692.286
-875.702 -983.457
907.618 -795.195
-67.888 -768.856
656.482 578.16
204.753 429.588
-179.768 -697.211
194.995 521.95
761.807 914.393
-787.422 -265.836
-925.502 -859.981
508.86 -585.159
944.002 677.845
339.854 -866.479
-127.735 -278.264
995.722 -200.581
71.707 73.567
450.207 108.694
540.13 773.522
541.344 454.446
-181.857 -996.226
940.122 651.675
413.993 841.327
559.352 754.431
868.902 -576.151
-966.025 358.626
-782.826 193.552
-215.866 -758.583
654.284 -599.179
585.755 -393.236
835.313 -38.697
600.497 -629.437
-275.117 -414.434
106.971 841.54
-343.613 -751.517
-637.066 170.407
986.354 223.097
-980.198 -781.808
-658.723 -509.31
920.115 360.998
-973.965 845.344
-795.687 165.072
-103.587 -533.996
899.148 121.927
113.675 -389.487
723.843 201.521
-153.105 -998.274
312.85 671.669
695.114 809.124
873.308 -76.53
622.38 189.836
-904.63 -480.362
-890.023 -255.049
891.863 529.698
7.778 -661.137
-913.319 -499.595
813.549 340.415
178.976 255.905
644.422 226.695
519.902 519.122
-418.975 -702.33
-19.257 187.022
456.459 -557.569
-381.36 287.436
-791.423 -357.491
16.35 856.681
-606.179 -662.922
-567.804 768.459
-862.903 187.314
98.157 -232.12
946.571 27.81
-674.87 -205.463
930.769 -506.177
-159.888 -872.223
747.185 -615.974
-803.659 -18.706
-344.827 -724.326
-104.825 86.233
-505.636 -321.615
938.252 925.234
851.331 869.211
281.611 268.38
-414.956 -384.201
579.784 199.352
-402.18 51.042
-328.171 -601.373
-430.601 -802.496
849.923 106.341
54.139 -787.165
656.871 -84.66
-884.106 90.124
-136.02 188.225
-266.425 -920.655
-275.541 -946.352
-708.89 -260.228
447.809 561.211
-402.457 -932.532
-93.007 680.294
712.49 -837.283
982.733 -364.493
-510.024 486.476
631.054 -617.461
-799.377 -532.276
-478.1 824.191
182.217 -18.022
162.805 -701.346
-693.114 -796.092
437.297 93.622
-915.049 -107.868
735.507 779.829
14.396 553.075
-353.011 603.663
255.879 -828.687
233.558 28.517
350.633 -702.069
561.673 -75.892
994.24 997.294
686.703 595.81
874.643 -545.456
62.516 -528.332
-18.005 663.034
-139.114 -181.018
-155.983 -832.195
-207.557 -336.196
294.884 -866.6
-176.991 -324.972
-525.772 962.653
767.657 751.802
513.106 -973.823
311.508 68.456
-187.982 904.135
-807.042 920.973
-489.903 370.397
-138.356 -959.4
-397.588 312.903
-958.931 11.862
-209.068 -617.816
886.689 344.627
581.333 -249.719
-728.474 940.875
-913.512 -104.586
-85.476 -664.303
127.014 675.518
474.85 884.81
86.652 -566.747
374.99 140.891
-972.932 -214.402
566.523 130.556
-877.358 -867.901
173.989 -276.959
-345.844 -793.283
-845.026 -408.708
384.209 746.759
-429.106 73.302
-87.504 694.276
-190.75 -597.184
389.095 460.949
531.38 -750.171
-231.645 -995.131
695.258 -119.854
-816.621 -734.406
-170.952 -312.257
-926.542 239.849
831.701 315.752
-198.426 740.3
-989.956 179.747
-596.259 118.958
-884.357 -515.232
-375.776 -319.572
537.262 -622.095
270.207 -380.168
-740.541 -813.993
-275.993 165.07
-806.808 -277.797
478.919 -46.168
970.726 129.218
-820.214 -603.261
667.541 -112.515
957.274 307.337
-316.759 654.898
736.498 213.713
968.164 -881.01
777.209 236.184
-235.706 90.628
-477.861 -851.128
622.408 272.988
903.077 226.272
-792.266 -864.525
361.245 486.804
626.622 -344.516
77.556 597.978
-442.694 -632.067
723.413 -765.433
-679.819 384.917
723.093 462.952
75.678 495.575
-663.275 -810.992
-300.507 760.705
-63.642 290.185
-359.806 911.025
826.531 -581.408
-813.249 -358.626
404.764 308.276
775.243 -615.425
823.53 -447.738
416.406 479.411
-633.003 -880.792
-66.973 943.682
281.639 634.073
-339.347 783.844
677.128 167.376
385.721 194.049
-460.119 471.7
488.409 375.852
-834.752 256.051
-77.365 -511.863
530.828 -572.185
169.708 -255.59
475.624 -912.484
-566.007 -251.978
-365.336 978.875
-422.687 -575.213
-151.55 778.0
184.845 -857.206
-424.523 342.596
779.056 -396.713
-808.95 -446.236
-361.71 -609.227
-22.604 525.569
-759.136 -31.142
-805.445 -347.75
-546.001 741.093
-989.451 -621.993
-929.143 -163.636
995.978 -650.376
290.942 174.49
146.593 -246.086
-702.368 819.142
-544.213 880.838
-779.724 537.042
-268.401 187.246
-114.327 884.702
851.505 -596.96
61.071 3.499
-926.026 828.347
412.556 281.902
851.868 -78.373
-303.611 -605.856
564.867 561.873
670.634 384.517
-374.28 759.172
-789.287 -544.786
138.188 650.855
575.169 507.29
410.527 613.53
229.001 -439.7
259.918 -290.719
13.187 824.171
-697.811 -832.571
-666.347 -832.316
978.099 -847.936
-912.631 80.909
635.181 401.498
84.43 -312.891
-901.4 -185.665
-254.747 575.569
685.868 -316.099
665.124 421.701
734.287 -951.228
447.785 -397.408
-299.495 781.461
775.263 623.319
-215.259 -195.088
185.336 614.408
-32.98 -386.139
-15.707 -967.285
-38.221 200.262
453.36 -654.011
-406.734 865.527
-472.044 212.132
91.902 -114.317
780.653 138.148
-243.315 -905.279
-209.861 -422.059
385.975 -348.197
116.049 -947.025
784.815 -303.437
852.121 -303.858
514.299 -164.996
513.969 -327.823
-779.634 945.603
884.285 420.418
-133.096 51.515
261.648 -554.871
-446.532 -372.207
-69.348 766.054
781.733 289.219
26.132 831.949
363.182 -873.642
881.542 656.199
-512.423 -728.067
-399.07 439.938
960.416 -362.685
919.516 858.829
959.02 -820.396
-769.731 805.606
-480.29 24.454
301.13 -799.861
-714.779 490.281
248.939 -263.909
825.652 -950.626
-144.769 -172.806
-333.005 151.22
142.287 475.577
-707.437 998.071
-871.336 -76.109
-455.341 -250.524
-211.594 943.954
61.738 -255.988
198.152 -685.154
51.772 275.503
-816.407 397.908
-122.003 429.471
585.912 -812.663
12.852 999.957
743.951 -767.028
-739.65 -921.153
-1.159 -377.0
-649.587 65.265
164.134 675.492
-334.371 448.683
-915.525 335.566
998.707 -501.748
220.623 64.001
-86.476 805.364
112.025 -366.309
-457.842 -718.396
-962.318 845.759
-245.796 -747.754
-893.885 -3.261
670.641 947.314
-903.418 -292.956
-186.408 -535.438
658.419 903.898
-820.348 381.201
261.536 994.606
-893.788 216.004
-702.237 -116.669
-656.061 0.881
-254.762 549.398
509.701 179.191
-48.69 111.88
-491.107 712.618
44.534 -670.251
643.614 48.023
-827.468 203.124
-749.19 -705.424
563.522 659.004
-245.137 -43.74
18.443 535.866
237.863 202.876
-127.407 -706.315
-643.68 725.045
-790.863 992.655
467.596 846.844
248.401 2.725
636.485 12.992
-913.546 -662.994
77.997 22.278
191.929 -345.678
140.564 -209.191
-120.074 -691.033
-407.043 803.283
-284.912 856.523
250.102 -54.587
-49.699 -659.394
138.982 -74.461
-648.565 68.71
132.402 -280.75
-143.899 530.284
-335.46 -327.845
-867.912 -138.223
-278.048 175.367
-541.217 -462.793
977.662 189.4
188.764 -309.223
-683.405 83.174
748.0 -525.957
744.361 992.238
997.247 -502.698
-345.823 22.868
853.199 532.146
-262.881 87.769
625.472 337.283
123.493 -149.551
-782.266 -792.556
-430.712 -272.632
-835.216 716.556
-147.659 -67.443
-343.717 -177.341
336.35 763.711
-797.598 769.362
-95.828 -271.065
465.383 -399.566
631.592 -908.702
-86.194 -298.747
-247.283 914.078
-506.942 994.185
764.499 127.294
-452.88 -59.005
331.044 161.38
638.85 -914.857
-902.862 -388.346
-871.758 690.47
264.544 -980.593
512.991 -927.385
-984.204 -2.726
557.678 422.256
38.654 -523.05
-247.114 679.925
52.423 -834.929
440.576 -360.209
21.463 -52.773
973.227 -613.949
643.324 800.134
-486.416 -212.916
850.208 -503.847
420.738 -857.105
959.896 -50.495
-115.106 -58.74
-542.126 317.126
641.147 531.083
-825.14 -867.552
12.7 821.667
263.077 -137.145
-913.392 -223.067
-665.722 423.352
-838.296 238.306
795.495 -453.32
873.051 -201.393
-959.524 889.189
756.099 594.816
800.43 -999.687
-933.97 -877.582
-924.811 -981.459
-927.239 56.711
-695.919 879.385
378.113 -629.837
907.307 -756.769
206.591 582.697
665.609 116.131
765.823 499.923
213.184 164.911
593.86 -673.531
-700.663 -182.382
275.821 -172.622
408.075 -301.65
-382.63 -928.5
250.601 548.606
406.848 183.697
-412.893 -705.367
-297.645 195.649
-748.444 -666.955
917.617 249.706
674.105 566.427
-948.072 641.445
802.995 903.559
744.417 -312.708
-567.615 -269.375
857.32 847.32
19.322 718.054
-595.616 652.071
-919.942 567.875
-91.805 624.705
-387.934 -829.49
-156.257 769.513
-695.727 -427.288
-348.806 127.473
-388.242 310.352
641.011 252.69
794.094 -40.303
-841.473 281.085
293.698 384.659
-157.467 457.386
-12.399 -356.069
106.341 -658.576
686.76 -200.993
692.562 -871.975
535.223 337.987
882.341 -343.193
-940.949 -827.949
-409.167 749.326
-972.251 -436.07
-967.316 -812.209
956.935 281.788
-84.31 171.762
-818.756 273.499
54.416 -158.327
-844.604 -760.663
742.567 31.681
221.543 -341.322
-928.319 -160.079
-805.438 -827.247
219.39 489.412
446.956 645.12
-405.706 -661.188
386.668 -350.191
-725.583 -277.692
-100.416 226.294
-689.358 664.726
-223.798 247.29
170.864 801.383
302.741 -439.368
-450.415 98.473
-975.95 170.972
-366.015 212.793
309.15 36.828
635.368 289.462
594.217 714.81
158.272 973.382
378.009 -147.896
980.052 9.331
216.76 390.151
996.629 -726.555
644.285 -773.074
83.554 1.679
-613.16 908.956
179.904 -512.285
634.033 968.443
979.506 -643.285
-222.79 194.736
475.403 -424.376
-561.751 -410.797
186.487 293.337
-975.651 -321.722
-361.925 -277.201
66.712 724.12
-688.383 294.812
-456.985 130.687
-108.19 549.547
957.036 132.616
806.28 -29.474
713.903 803.519
975.535 -711.585
-5.774 -700.217
-681.919 -294.517
985.99 859.727
-247.252 757.209
-68.465 108.708
-862.957 674.986
-756.169 -537.926
-386.404 164.796
-684.092 661.174
-561.912 955.419
1.2 485.315
-566.431 -283.898
-29.135 -551.68
574.023 307.608
-699.961 -337.793
414.698 -424.993
292.289 175.219
-852.123 641.62
-484.015 -255.171
-277.909 438.56
-553.169 63.459
-182.702 91.441
-940.523 -903.159
-83.074 -373.869
-753.46 -643.968
-74.864 -851.311
54.351 -120.866
-830.275 846.31
307.254 -951.65
-603.221 799.35
-509.213 319.37
715.075 -50.36
942.248 -72.407
-654.443 -214.668
-742.263 248.803
595.649 101.342
755.87 394.57
979.796 791.591
-151.688 515.412
-925.228 346.197
792.373 215.367
-394.417 287.948
-262.072 -282.404
88.733 612.332
-858.55 504.458
258.116 -68.842
929.168 -665.008
712.138 -937.886
111.23 -766.601
28.222 -10.571
997.981 -773.383
348.983 370.646
-509.353 -995.897
214.057 -155.296
77.721 10.729
533.429 561.76
91.024 171.721
219.597 -825.984
-613.063 858.33
-740.122 -184.178
-648.552 959.654
107.287 -72.768
-679.377 -87.064
-566.22 674.649
357.405 -230.824
-577.142 590.524
-745.067 934.946
486.888 945.634
911.327 -508.542
955.351 -420.745
740.938 -895.564
624.669 -966.372
-427.673 630.972
662.509 -293.981
118.458 -578.391
706.958 400.415
-304.237 -608.044
667.439 621.479
-253.922 216.19
767.943 304.212
821.493 136.57
-314.051 831.186
445.705 292.776
-148.227 -56.571
-832.726 696.569
-826.271 854.818
301.727 770.339
-644.475 374.484
-96.895 -889.855
-864.371 -564.616
500.65 -824.144
205.473 136.112
-659.639 -690.053
-567.346 362.12
428.555 662.047
-439.744 939.617
288.782 -343.461
859.657 903.447
-707.083 -159.049
373.743 -994.714
719.664 -98.438
68.473 -141.408
890.686 857.681
-193.267 -422.752
338.83 523.719
826.033 -924.826
-21.669 -537.533
291.458 349.514
223.518 440.204
816.719 -823.944
94.352 166.915
-367.416 -822.624
479.322 469.806
942.725 -994.498
-462.255 -600.959
-849.567 -797.848
-670.531 825.618
-293.109 -99.925
932.33 939.734
782.376 -438.399
-196.643 -11.556
-227.291 -349.111
-951.788 -97.215
313.713 137.624
-535.666 -744.141
-446.366 -718.383
-362.191 -982.364
71.445 484.009
997.763 -841.317
-387.343 142.214
-469.416 382.291
672.473 721.722
792.93 373.311
-153.824 913.467
-258.126 -488.233
-658.12 -399.405
-694.555 -698.622
2.2 -953.558
-543.595 -693.839
-994.279 139.233
294.522 403.019
913.044 -421.237
121.749 628.45
-87.859 -151.798
647.53 272.751
-100.723 640.676
856.626 517.217
-673.918 -800.394
101.267 -91.537
728.958 -829.726
368.671 198.241
672.449 945.75
983.614 -672.938
36.384 890.248
-150.753 969.853
651.746 750.192
299.329 -512.548
983.928 317.87
-846.742 663.904
158.022 99.238
638.661 815.433
238.225 -786.404
-113.817 -839.027
40.973 113.824
-670.851 -529.176
415.087 -285.389
-758.57 -310.4
-941.674 338.149
168.261 787.575
-191.698 -123.584
-902.27 626.712
882.004 -480.124
328.092 57.465
-654.802 -31.094
924.774 696.697
392.301 -138.857
-917.96 508.909
-821.816 -129.717
830.541 -169.09
880.886 -759.049
474.256 -869.739
466.959 834.975
-464.922 -259.483
-87.34 214.798
762.381 722.569
371.364 755.808
-551.454 666.678
-797.341 -703.207
-961.409 593.183
-17.791 -227.72
961.063 -447.298
-471.339 -825.876
-336.514 -787.527
-771.948 -359.889
838.684 858.52
312.317 -795.227
327.084 478.249
-452.817 347.142
-803.056 534.923
-860.392 8.607
-109.472 -351.684
815.12 -617.973
273.31 468.11
429.058 791.212
980.479 -548.617
404.699 329.277
237.085 -21.25
762.308 -45.475
-686.922 -772.934
-235.669 -422.113
785.533 -842.136
-222.311 -644.062
127.552 -608.247
-489.189 -461.151
223.909 -53.762
68.201 494.454
-937.933 675.18
512.592 -610.891
-690.306 150.952
960.135 -141.905
-216.547 69.963
888.327 124.192
701.34 339.769
-965.164 -388.269
852.741 507.617
-907.995 980.654
-5.613 500.08
-522.099 747.336
430.932 -295.08
403.053 -204.041
483.18 565.754
-279.885 -719.949
-2.719 -620.912
790.408 631.346
-378.991 -607.324
-350.935 -55.578
110.993 367.979
-761.974 -655.805
635.293 -978.072
-406.462 -230.241
429.012 -568.215
28.4 44.012
140.894 438.174
511.072 -104.938
-775.722 882.401
368.285 799.59
914.452 142.199
-838.339 -397.337
-294.714 713.345
-547.135 421.227
-753.029 -473.955
19.967 285.46
458.473 968.098
525.522 646.235
-22.902 -743.519
360.071 10.788
-794.284 570.682
-239.998 -400.403
781.251 84.119
608.356 887.578
-82.438 -631.023
-483.738 -127.807
611.804 -599.371
389.821 -664.355
-761.717 748.431
866.178 -420.687
173.833 -882.125
-224.896 -210.894
-973.872 50.838
-11.326 -202.534
-747.536 -938.244
997.853 119.115
887.598 -568.829
853.969 -938.153
155.981 -62.445
-537.455 -355.893
116.393 202.143
-643.575 -366.198
-950.577 -715.545
902.085 355.273
-684.35 83.019
-294.914 808.878
-849.303 -280.123
-17.615 446.786
907.125 -342.434
587.117 -546.292
-110.424 540.72
310.893 -914.206
-214.733 625.027
52.924 -437.884
227.559 -182.187
-668.314 607.484
30.368 -623.551
-584.9 166.664
172.653 -117.363
-48.085 896.262
-584.729 -897.566
-611.71 258.044
-242.147 -497.024
-356.774 188.977
96.769 882.161
-29.693 -387.499
-702.571 637.96
-93.174 810.359
72.364 -582.375
367.443 -616.197
510.182 996.408
773.558 310.147
342.029 -963.67
499.168 813.003
-826.627 412.695
-520.777 274.198
-690.927 999.67
68.766 -581.904
-179.085 -800.509
439.709 405.484
-715.922 -61.738
-422.014 -534.018
-826.074 -871.694
-968.984 10.314
-742.435 740.196
41.326 -776.401
-809.258 -621.831
-141.925 -654.856
98.631 630.039
655.281 -42.988
283.26 -793.737
87.306 763.982
980.37 -184.844
-783.918 -168.621
-680.966 -134.303
-520.028 408.083
-668.814 671.211
799.145 -158.293
50.972 582.927
-722.66 350.962
439.838 788.202
125.972 464.863
130.341 -187.288
-231.375 151.381
154.671 -593.302
874.814 -865.496
-682.205 587.353
439.817 849.104
-857.064 -116.092
335.774 -244.04
-573.196 933.953
-907.586 66.532
-739.322 730.339
684.658 -451.403
316.037 375.46
-558.859 -809.724
-738.777 151.429
-944.645 -107.118
921.289 952.865
-646.732 -802.05
94.501 -573.386
646.717 -294.911
-65.415 -937.865
358.618 364.975
610.377 176.623
-781.253 418.282
-553.537 -446.651
864.38 -64.592
869.263 -653.712
32.004 621.262
75.373 -979.433
-948.448 -789.369
589.853 -850.356
681.852 324.556
916.334 186.425
-180.584 -745.509
989.887 72.788
-160.448 -510.752
992.656 -522.687
68.446 -468.37
537.742 -673.538
-284.387 41.421
911.531 964.918
940.122 -876.584
-729.765 699.192
265.658 -859.805
-211.685 528.082
-263.254 -788.972
-860.102 -474.54
-117.944 982.679
513.045 -514.349
-437.059 971.726
-139.156 251.396
-435.067 243.46
314.248 314.661
265.261 817.916
597.546 -984.447
-519.318 -961.758
-234.278 555.075
-906.062 993.077
-795.497 382.816
-103.642 923.236
-301.358 248.72
-214.056 -507.186
-90.915 669.101
753.472 2.282
-183.02 330.92
993.54 658.586
502.022 244.243
-171.223 -534.148
966.648 633.935
-653.538 249.673
-754.488 -480.641
444.065 -327.323
-29.981 -246.733
297.006 -489.755
738.354 196.44
546.773 -861.24
-510.595 -559.193
-925.562 -764.683
-552.755 628.97
430.428 333.673
-65.972 989.09
-207.037 227.522
684.888 739.669
455.353 873.372
281.434 97.841
605.383 -867.774
761.013 309.192
964.139 924.835
-466.044 -824.426
-340.373 833.397
-236.29 529.089
-670.711 -743.88
-99.023 -452.444
-930.429 280.267
-114.325 634.827
501.662 803.595
-643.382 -75.432
523.748 862.94
-873.202 -121.713
-314.431 993.914
623.015 114.258
-162.863 -117.422
524.912 -472.699
-556.752 -447.061
64.646 777.025
687.356 -833.156
-77.98 793.06
195.833 -977.686
1.069 253.834
-45.05 939.923
-973.906 730.488
-262.642 851.265
111.667 -657.801
-778.091 800.581
-909.44 503.634
823.807 -528.407
-417.186 701.39
948.905 -771.147
-997.705 -650.811
-852.982 125.571
-857.163 -950.308
763.025 860.93
-702.46 55.102
905.813 866.079
-82.814 482.922
193.912 249.03
-26.064 -651.8
-162.786 -518.089
129.563 829.469
-556.33 804.589
803.599 -975.65
620.336 -659.567
390.458 -673.967
-717.087 -983.267
-221.618 -724.097
-458.868 -33.565
-393.317 55.973
-912.487 -198.003
600.204 184.081
24.074 476.863
-498.716 381.607
218.263 272.255
930.468 183.813
728.861 -650.218
-197.865 414.629
162.835 654.793
641.394 795.016
-906.281 939.882
-627.097 674.338
823.668 547.503
532.349 443.48
993.455 -735.166
102.127 640.509
236.843 -677.562
469.083 -337.195
153.388 -621.496
801.903 -420.84
-548.7 -466.903
-849.781 -627.159
84.855 506.812
-927.82 857.99
819.068 -311.649
-414.999 -714.816
-981.14 579.226
-336.459 245.478
920.649 -764.66
975.924 36.933
521.665 63.572
873.046 942.95
217.398 -219.23
879.453 942.658
681.57 -391.422
-97.521 -472.924
117.077 -342.288
-763.82 679.041
-728.642 -127.951
873.353 -855.976
-633.332 -264.373
-553.327 882.065
534.126 346.566
-864.784 338.004
-565.197 495.532
947.151 272.171
230.234 -333.696
544.765 -496.413
555.129 -439.524
312.097 -881.289
-667.292 365.242
-596.501 296.809
21.053 893.311
289.978 535.985
448.31 -502.713
264.674 96.555
-49.387 -232.47
320.311 328.081
219.422 -419.264
-916.262 623.22
801.725 633.344
-982.449 -682.719
417.847 -131.45
-88.378 973.192
590.457 169.933
-794.851 -45.442
912.42 -996.402
-372.196 -942.617
-680.4 -618.817
-958.734 359.935
-535.092 710.136
967.115 -882.721
-983.05 -924.509
175.199 682.946
-781.24 118.257
-898.902 900.485
637.248 772.312
-775.285 917.527
-992.659 704.267
87.713 843.369
-37.882 -789.835
-770.909 -419.431
-69.036 161.058
-678.889 -266.009
952.294 597.569
745.58 810.369
-647.632 -437.264
-720.994 -289.838
351.806 -266.84
832.579 20.276
-901.223 -43.515
162.289 -365.354
-394.806 945.93
-650.052 419.694
719.746 -280.886
323.921 891.546
417.373 -546.422
-874.728 -250.327
60.211 -35.839
-375.929 580.78
-189.604 -636.861
688.229 995.167
846.802 -216.273
-883.837 -29.315
198.064 21.341
-692.418 793.106
674.997 -954.094
-786.961 -416.185
564.193 -804.129
-920.483 -864.822
281.709 207.0
454.674 474.864
-81.684 -910.035
438.243 -977.973
-453.915 897.62
811.109 232.0
851.368 -937.385
410.679 -973.338
-466.665 -650.041
-558.838 -300.132
-433.047 -287.937
914.791 517.112
949.84 -753.978
-530.343 641.313
907.128 370.234
277.864 -775.283
-832.314 -441.299
467.733 -517.997
470.671 150.504
-348.37 -71.378
819.811 432.202
157.41 -788.611
-308.612 790.914
648.153 -700.998
432.018 -226.202
-395.616 670.151
43.639 -795.349
-745.172 110.55
-224.229 617.033
-602.439 -212.173
-479.237 265.741
327.01 150.485
-73.718 944.486
250.25 404.824
147.901 129.792
-696.231 -279.045
-388.869 450.514
471.233 -329.925
-360.325 558.118
-228.274 372.048
-826.456 -635.719
-958.607 721.655
722.659 -218.541
649.382 716.869
743.748 -721.984
107.363 -156.781
678.191 116.443
557.239 -401.369
730.712 -162.497
-923.998 -23.424
-14.265 17.409
167.715 54.113
-229.258 729.1
41.236 -3.356
-417.05 -536.843
654.572 237.524
873.84 485.059
798.97 41.354
-314.236 566.552
-689.336 516.663
112.191 -883.078
141.04 -203.163
-676.71 -666.565
997.72 -356.448
113.848 746.445
407.851 569.12
-558.329 493.443
605.49 -870.481
456.786 -852.367
-287.85 -740.497
-394.679 12.646
323.763 954.038
-848.112 -465.077
539.922 893.353
212.897 -629.175
843.017 -178.799
-842.888 175.342
-104.762 375.258
-507.659 -402.918
-96.271 -145.056
-265.12 -627.418
840.426 316.143
474.7 -993.823
-765.328 372.397
968.88 460.347
942.15 795.492
-794.352 -152.547
76.803 630.828
-30.821 333.703
812.97 -290.933
278.664 91.401
862.907 -764.529
935.751 519.953
900.248 917.803
-916.942 60.83
-347.126 -815.238
722.067 502.401
75.645 -964.415
678.895 -970.166
373.267 -306.562
-43.138 -878.748
-361.489 74.364
925.743 -878.611
253.506 -790.952
506.057 -823.26
523.695 -382.162
-732.654 968.163
386.141 -845.885
-877.927 -162.436
-229.161 -137.86
895.974 -131.811
-696.132 405.83
-55.487 47.712
-869.602 -297.318
-454.194 787.645
-326.772 938.992
478.932 -211.405
269.769 -321.577
-351.584 982.535
183.765 622.454
-339.269 506.07
-467.489 -51.887
-372.774 -882.289
-938.727 -247.207
275.825 -326.616
781.98 360.638
809.232 -487.388
547.398 527.488
-237.501 -557.745
971.454 677.981
-987.208 -384.046
-298.225 298.346
733.838 -913.611
507.417 -594.473
-993.344 661.271
-242.52 69.46
497.129 371.69
95.828 570.505
-539.498 -825.152
184.712 -603.905
17.579 -9.046
83.645 822.922
-469.371 -868.185
550.703 -699.231
744.421 584.082
-34.032 -897.59
-704.396 -711.69
-778.011 85.172
168.279 -747.247
531.008 467.559
-606.898 -971.046
509.668 782.809
324.893 -956.907
247.919 -773.284
-381.038 -296.454
-377.249 -695.115
-504.555 170.163
115.435 -779.656
-769.859 -329.17
-14.322 -973.502
963.542 -626.973
-478.023 -438.688
-696.298 781.456
-206.726 398.188
-361.901 -20.099
969.4 -641.542
-662.664 -754.193
-793.155 -500.867
-626.593 758.967
196.079 439.292
-353.461 -339.266
-387.541 241.779
-440.705 799.985
432.296 280.981
80.443 -166.268
-788.919 100.678
-570.16 -215.555
-181.139 719.322
-206.959 156.097
-960.484 -945.831
267.722 -922.807
16.447 -38.056
282.274 -169.634
762.767 -101.383
770.02 -531.467
-635.892 -738.786
-614.009 -452.866
923.617 -529.313
-958.045 -497.748
-819.762 -655.841
-733.666 609.129
-306.374 471.651
-613.795 965.423
-429.768 -804.243
138.544 -778.262
-149.528 -765.294
462.059 -841.742
56.068 -705.601
840.062 599.112
283.565 927.205
-210.377 -653.321
-517.155 -730.868
-194.648 65.757
-714.979 -821.141
-614.56 -46.226
-52.086 985.29
202.393 -289.532
-285.119 -977.679
25.99 319.927
-587.39 -970.04
712.881 -380.483
189.766 -569.333
830.068 -435.764
189.546 957.387
672.512 376.788
-905.514 698.186
-51.201 906.157
-188.926 -851.151
-709.914 25.223
32.686 236.46
966.428 785.705
-864.381 -641.019
-188.989 244.069
-293.698 889.134
215.825 689.98
-160.562 212.73
-391.413 -714.968
-259.467 793.829
639.321 -925.241
471.561 762.147
778.898 -795.734
-709.989 -2.901
437.101 -562.545
329.007 -422.731
-960.042 865.259
120.382 -961.522
-607.342 -125.265
-887.48 826.75
635.635 -410.682
-482.509 569.004
618.11 -741.122
-447.141 -327.004
478.317 637.486
72.316 -92.69
119.597 175.096
-939.12 -361.031
570.842 167.292
-660.964 -147.969
-287.424 123.314
736.495 523.282
870.1 957.021
-37.832 -687.755
-60.106 -145.157
189.115 273.75
883.732 390.305
-272.767 -887.268
-548.247 -475.55
591.965 539.158
-827.025 777.765
-63.806 690.777
-213.754 879.638
589.135 687.342
-279.17 959.398
-40.772 -997.022
-916.21 -111.124
-425.788 -65.079
-511.105 137.111
-24.806 -346.887
-770.493 -950.769
159.342 803.808
160.922 329.156
976.899 41.567
384.76 684.96
335.549 47.167
-354.149 -868.171
-489.52 -232.821
-513.107 -214.808
922.32 427.895
-537.14 -866.008
94.368 -900.109
165.082 1.445
-998.825 -46.253
255.978 535.453
38.162 935.42
250.707 -752.066
285.285 -871.929
-20.996 -590.309
797.231 51.198
-935.705 366.853
-823.715 510.63
-26.406 -419.441
547.88 -963.443
274.528 870.63
863.913 -208.955
316.338 97.242
-410.429 -19.943
867.505 962.321
145.15 561.89
-884.733 621.028
260.036 120.107
389.44 -274.23
-110.879 81.953
864.403 157.068
712.521 -819.155
245.382 -871.493
944.797 -889.926
-349.133 687.067
-221.533 179.398
-786.807 626.062
901.045 -51.676
643.829 338.448
-602.506 19.849
-722.659 191.847
49.428 -547.973
-505.299 -252.204
-742.436 334.133
475.242 640.835
262.791 263.988
-941.323 492.388
-339.814 -944.575
-731.802 -782.262
440.891 446.313
639.753 377.08
-163.008 -180.509
-771.172 778.42
763.065 546.39
846.142 -491.123
-603.571 323.38
648.976 460.068
-909.978 157.126
655.955 -133.608
-25.119 661.104
116.916 -564.442
-626.82 -684.033
-963.655 -549.688
716.251 -326.22
228.679 -48.583
131.303 674.464
-258.127 -357.761
-653.464 176.936
519.201 -183.768
-716.692 826.518
-944.366 -839.104
266.665 -717.297
-203.741 876.073
-37.479 -822.537
-447.575 975.055
-382.531 -848.139
-211.818 374.992
691.383 297.167
-880.24 -56.789
-32.109 772.988
137.856 270.464
-412.371 383.032
-443.747 586.724
-888.886 825.736
-759.237 32.125
638.542 155.085
-651.579 -151.771
783.628 534.658
762.622 624.281
-543.295 511.449
952.623 -237.536
-496.214 13.644
-169.394 -180.486
466.385 -937.724
-670.216 482.374
165.235 511.018
820.3 -18.446
-553.575 180.96
906.325 -306.729
-250.019 -459.913
-50.012 -881.63
198.16 378.798
-16.828 -48.876
218.183 776.173
453.431 533.626
-752.199 199.637
-625.717 171.962
58.984 -247.553
839.65 872.908
-16.01 -64.548
-790.178 705.295
510.516 -141.572
-607.904 623.484
-394.993 -405.06
437.402 224.728
-824.319 107.09
982.637 159.197
-392.686 657.032
-483.026 990.259
535.093 791.035
-482.771 -886.555
-328.844 203.22
-668.147 -305.754
-371.145 -658.157
762.581 209.282
497.61 259.499
-963.088 -255.907
-928.874 -892.461
980.128 -85.159
25.812 785.803
780.694 55.077
417.51 54.67
-142.421 597.037
856.78 548.969
-603.501 -742.751
13.919 16.919
232.942 452.897
353.216 370.33
992.558 -698.236
882.277 940.213
938.439 117.077
76.037 -288.523
712.015 -619.275
192.038 211.294
11.704 -803.9
409.526 -952.984
-579.687 574.806
563.426 711.714
669.169 -461.918
-866.187 -416.462
569.471 389.953
-873.612 -588.183
25.743 637.986
509.047 -643.232
220.445 219.046
357.644 445.384
-918.925 -72.94
-469.164 228.484
620.577 -768.649
512.87 -972.282
117.217 -181.024
636.914 750.741
448.21 91.285
101.154 751.685
928.877 205.919
-783.399 -764.731
17.06 -400.857
-33.2 -467.663
103.53 -407.323
-935.435 567.749
-819.571 631.45
-433.065 815.483
831.176 536.767
-596.369 868.083
225.275 -150.464
167.005 -878.69
747.003 -921.611
-372.186 -966.452
-143.112 -731.275
-16.703 973.229
105.461 170.047
-179.357 757.793
-880.987 -111.024
-155.546 -188.672
222.773 -492.573
245.608 780.98
821.601 356.044
-258.655 -60.261
-257.195 291.758
236.057 -166.597
-669.231 614.94
375.626 417.553
207.521 121.303
543.489 -386.187
-100.636 258.027
111.775 345.597
826.13 -916.473
-550.84 -897.81
913.026 -112.047
-213.159 -932.471
653.098 735.915
-344.625 -582.8
745.004 -439.664
-122.042 616.26
-986.931 -160.537
300.023 895.257
893.419 -613.127
-851.226 -63.753
-137.522 667.991
708.112 -701.949
391.528 -883.648
346.269 424.265
246.333 850.696
670.628 154.686
-290.057 -792.167
-938.864 -668.737
684.539 -552.794
675.744 -844.445
-599.515 -422.146
-771.238 -957.992
-321.857 -730.961
-74.964 -665.561
641.233 779.04
294.117 592.149
-86.478 559.045
-132.975 712.792
-363.529 422.679
558.595 808.224
-775.24 -675.454
-7.503 804.958
122.602 598.256
314.054 -419.815
-403.793 740.675
-714.649 838.105
-985.637 579.562
-336.255 -238.599
873.619 323.355
-577.668 -658.327
152.132 -180.177
-789.09 -500.013
485.396 598.784
-714.448 66.632
325.264 888.282
619.602 885.415
780.214 564.383
-646.664 973.74
28.277 -107.718
382.945 254.928
50.732 -919.452
392.002 -586.898
706.943 892.761
569.06 592.637
7.122 254.925
98.832 -913.373
-309.19 -813.03
-64.271 718.631
691.08 987.569
-644.109 -806.988
-122.973 -200.998
-432.66 -778.834
-195.317 -331.571
614.523 97.109
-882.679 567.243
44.833 -851.071
369.048 609.846
-145.344 746.048
258.435 724.298
488.242 -873.993
-710.406 -787.379
-726.555 78.839
775.53 -384.151
595.018 534.629
-527.165 -78.296
-377.125 726.63
-429.679 141.872
389.371 -545.421
293.135 140.755
11.949 405.614
-666.127 957.618
125.112 -566.347
321.63 465.909
412.577 123.939
-817.206 -60.127
-465.379 614.269
-787.953 575.19
-366.551 -59.33
135.304 -250.953
724.947 -878.202
-468.272 597.221
-313.776 72.635
132.08 -191.309
-779.169 346.211
660.009 457.908
-28.298 341.146
337.941 622.43
-781.798 626.515
144.57 -468.715
-409.894 -305.413
-841.769 629.771
541.882 -169.389
0.807 662.617
-388.223 355.12
839.36 -258.416
607.511 619.062
406.08 -275.281
-559.89 -259.674
25.242 -66.01
165.217 -368.468
-993.867 639.264
974.733 -439.331
-801.639 39.006
285.331 -825.147
-389.066 574.982
223.689 -660.919
234.94 370.101
-609.726 -181.525
-664.192 -98.722
-266.778 896.429
107.393 -294.087
589.039 432.254
184.783 -91.4
-136.995 -398.526
487.27 624.05
655.071 321.186
-904.025 -500.728
571.049 217.485
303.799 883.296
190.126 -242.873
-86.049 77.219
-684.171 -206.873
-841.355 14.256
759.94 -344.737
-950.465 -917.168
-744.478 138.595
-387.862 724.257
596.587 -769.728
828.081 653.717
436.259 528.47
-965.628 566.602
-607.999 484.155
593.082 -511.482
-222.097 -516.111
195.439 104.546
29.754 184.001
-147.854 61.164
-34.804 932.857
-448.337 24.267
738.529 369.429
804.624 992.169
624.523 -634.254
791.059 -836.251
-971.261 -614.758
824.572 315.318
-198.524 822.094
-161.003 -889.509
517.748 -173.979
785.798 -393.748
466.334 -485.463
502.627 323.875
-238.488 232.975
-395.02 296.7
431.206 -972.037
-113.954 230.795
274.083 902.582
-582.466 727.933
-541.369 -180.334
776.81 253.411
730.836 -812.202
914.587 -77.82
-933.958 -960.482
661.447 -445.979
-143.974 519.906
957.263 606.833
-542.296 153.812
158.893 -718.251
-382.698 993.596
900.138 456.305
476.069 232.22
977.703 142.781
392.852 830.435
-322.741 -12.558
284.066 -347.865
-876.246 898.93
914.933 -780.783
-513.606 22.658
431.907 811.291
-112.935 -285.592
528.065 -173.254
348.812 681.203
916.135 -682.716
-330.304 220.931
-950.421 822.209
907.878 838.698
414.604 929.579
-32.871 415.312
-429.565 7.308
852.961 883.115
-752.655 893.584
-108.784 677.814
74.535 135.758
-596.794 262.749
864.974 758.392
763.626 -530.008
-284.717 282.086
657.08 21.887
551.775 405.416
380.424 679.491
-820.592 -953.936
171.264 -430.945
177.477 754.502
-860.025 -869.237
-490.559 -877.497
719.884 -945.74
-765.581 -223.328
-803.084 419.823
528.257 765.179
-334.074 -168.467
-846.636 -171.361
-943.393 958.596
742.905 -244.738
961.282 -629.747
414.391 243.984
694.785 -50.306
-790.035 -37.194
907.065 -683.815
77.906 -345.813
904.347 286.727
68.731 734.698
-879.235 -311.298
-742.509 186.634
-874.605 629.096
380.044 604.353
595.359 -852.678
0.872 968.182
-256.988 325.045
-169.78 -242.388
-30.841 -122.952
320.452 -994.611
800.409 -398.455
775.87 820.781
-153.198 497.946
-238.639 792.351
-827.163 -284.419
-422.901 926.424
958.428 -366.661
534.764 -722.353
922.767 959.137
537.029 -176.892
888.391 576.491
140.336 797.815
-177.679 -145.538
572.282 631.623
-898.284 -65.28
-650.551 611.552
-761.72 643.52
-976.403 -771.251
-512.483 180.462
418.049 -151.931
340.827 -419.918
131.219 750.514
-37.7 -578.38
-530.151 -810.102
-523.233 751.255
-854.69 -287.241
504.6 725.319
-891.482 77.316
-975.448 374.585
-55.433 -388.563
836.512 7.989
500.475 984.454
-245.964 367.712
410.78 -420.685
-537.877 -695.788
-761.391 -606.42
-911.776 578.358
588.515 -743.234
140.148 277.978
299.051 -457.35
-506.822 -98.124
-533.815 -603.305
120.076 929.32
-496.133 -679.348
-66.259 -853.093
592.839 191.608
819.9 423.385
-373.101 280.958
588.497 -39.457
646.281 828.292
-355.875 878.67
963.012 -239.877
344.463 -133.153
-104.658 982.678
-179.821 -30.162
-705.955 -581.449
461.816 -190.212
638.137 124.023
-475.046 -346.039
185.582 -318.141
372.195 673.124
192.216 672.338
-950.295 684.567
-535.991 -155.457
168.744 272.364
-189.846 -131.736
859.682 940.77
801.993 -859.131
673.688 214.239
263.123 638.069
-818.991 -918.175
-326.786 -644.929
107.907 -513.051
433.075 840.005
-640.651 -335.3
444.401 -249.321
121.653 786.79
-363.497 -848.884
690.366 -845.583
-888.758 650.597
-308.265 -372.761
-812.289 30.376
865.27 -658.202
-169.476 229.564
-606.266 526.556
21.875 -541.122
-451.066 750.492
850.029 -226.866
-905.148 -699.412
-933.554 826.73
93.661 -716.806
-366.383 -239.898
355.593 363.085
-847.369 -614.473
11.359 -251.728
-290.847 -197.615
-429.913 -924.399
-402.779 29.309
832.416 767.798
57.112 599.855
190.494 -838.418
-66.282 -988.124
534.389 779.691
-161.328 854.098
-491.658 407.254
474.463 970.297
900.878 -145.355
837.263 -117.79
-945.498 -839.07
-570.26 -372.507
-705.383 -983.275
-157.653 -277.935
-212.252 -789.767
-190.25 291.131
-635.116 368.442
-336.053 95.632
-287.757 87.378
-646.34 -797.887
-656.501 24.074
911.389 59.262
-583.888 -357.411
-497.233 -795.852
-510.341 -810.658
836.993 152.064
-642.67 767.539
-77.567 -535.008
-614.388 -702.209
796.63 604.719
-291.317 -817.714
881.694 -474.153
-551.978 84.309
-417.759 -556.885
-933.048 -926.866
-351.834 -909.64
-102.637 -412.404
585.091 -127.537
-824.426 -781.758
-560.224 128.92
-865.044 913.473
940.224 956.784
649.725 388.945
-53.406 17.172
-53.931 -829.03
-95.761 219.198
202.952 -21.728
577.627 -828.143
651.203 406.766
76.551 -597.745
-521.438 -577.733
-153.137 -308.937
312.514 844.684
596.377 542.092
-861.084 -288.375
-738.016 -722.254
395.827 -692.155
-741.931 680.14
240.824 -801.392
-20.164 901.587
-944.835 -825.282
-655.687 -908.252
-311.257 451.395
706.167 381.904
-94.355 300.591
-458.281 94.876
192.874 -505.728
408.773 -769.647
126.817 143.975
101.411 -275.032
-932.601 -723.388
-351.786 -206.782
-491.853 483.394
-227.416 264.645
-207.27 804.03
822.557 755.687
-978.396 21.553
220.811 894.982
606.535 -861.729
-0.992 -642.842
867.301 -993.731
544.566 405.962
810.924 -173.992
-695.023 73.464
-647.116 535.915
-342.666 -308.681
18.022 -360.364
-618.878 -741.424
-367.757 -468.513
384.14 -692.326
-878.001 -470.291
47.244 -408.987
956.774 423.655
-687.01 548.262
-464.539 629.934
-384.552 994.484
-0.947 751.156
-63.37 -104.129
535.859 596.869
804.802 706.588
896.118 651.764
-824.062 285.832
-932.87 990.368
547.969 546.921
288.86 728.484
328.212 -555.972
722.674 -927.827
-450.053 57.612
-313.324 954.312
-83.232 -655.802
-909.764 844.904
988.382 317.682
-331.515 947.469
893.938 -365.252
-267.743 280.891
934.964 -526.133
-620.565 -248.174
-903.039 982.989
582.795 -64.349
461.452 748.898
403.607 456.4
260.4 924.9
471.126 956.436
-529.917 -418.423
-946.228 326.661
502.983 517.67
-301.005 772.669
385.106 -809.789
-726.456 -978.996
557.276 22.107
748.305 951.552
-562.612 424.888
730.571 -341.542
-869.994 540.197
275.868 -440.658
300.346 639.836
-293.485 449.055
-259.603 676.841
-704.998 768.039
827.015 -129.437
359.848 702.125
923.22 983.986
-620.677 515.378
985.765 101.621
-109.195 -658.71
-851.414 -607.138
-629.646 -10.772
-626.979 564.909
-397.894 94.61
-981.279 -950.341
-453.201 -566.433
-422.341 -213.561
860.121 640.81
-0.012 450.397
602.204 687.059
0.519 -12.991
-31.739 -447.908
-515.365 -475.231
-103.659 366.074
-468.779 840.225
585.485 -473.156
-520.707 647.557
989.49 819.466
-708.522 105.197
-699.135 357.258
142.545 -385.324
114.825 117.759
494.233 921.663
-301.297 -225.768
-263.201 102.587
-132.741 760.062
262.735 878.752
357.38 155.934
908.869 930.429
872.466 -993.815
601.224 361.299
633.832 -813.46
-156.198 -560.458
535.254 295.78
-211.469 -574.023
-783.828 -632.326
702.33 488.922
605.284 -446.867
525.149 -226.588
-425.187 -355.551
721.939 764.769
-233.185 328.092
-332.097 396.042
-977.493 328.525
-11.877 294.172
-440.594 467.266
-840.983 806.35
460.518 163.432
-776.269 506.702
-79.31 -548.52
413.242 672.382
649.363 610.626
535.772 -381.464
249.541 -850.507
113.52 376.683
-668.329 -359.339
-445.434 274.257
-554.221 868.829
-263.703 755.213
-297.161 237.43
-835.321 24.489
-385.729 192.7
-317.985 -976.402
-718.746 461.201
-341.461 480.564
477.615 324.399
124.323 -122.82
-248.046 -829.317
-239.947 -368.952
-989.014 798.398
43.989 -774.05
191.05 691.592
-117.562 210.37
-765.029 -257.653
-442.599 510.214
-940.231 -395.63
8.896 952.35
874.664 928.248
-912.269 327.693
729.768 -689.728
637.977 456.875
-711.848 -490.08
-968.844 591.383
554.871 -525.028
-737.328 685.387
-461.914 204.128
955.824 -408.727
-358.04 -671.468
579.585 -258.772
-845.187 -187.764
669.882 -403.423
232.393 479.243
-720.644 202.539
606.713 452.792
866.916 680.791
403.412 -930.965
-586.807 -809.948
-885.168 -721.542
-171.497 -539.225
723.919 -259.601
199.624 530.376
-40.58 476.895
949.08 879.837
-388.044 255.746
816.514 17.504
894.877 -85.125
925.464 -258.015
316.449 708.485
-355.904 -272.935
524.141 151.122
-279.162 -606.414
240.082 -673.787
137.84 971.928
65.741 541.188
889.812 328.84
243.305 -918.358
-439.198 977.329
-497.41 452.027
838.77 160.914
-837.79 673.367
170.479 -609.67
44.731 -269.404
798.046 -899.091
-229.172 89.496
356.694 -997.053
-363.52 724.617
-203.118 -717.196
-443.007 -748.092
-758.73 -32.745
-543.126 763.829
-436.858 -229.545
465.156 -475.767
426.406 381.861
119.273 653.769
-383.021 -273.08
-114.499 -866.75
888.327 -395.178
595.922 -544.381
451.432 491.43
-446.959 981.025
483.127 -257.045
443.015 -778.374
-894.945 656.301
989.858 -741.676
19.379 289.266
-694.489 -773.415
-794.615 -897.516
-823.589 910.528
19.804 858.767
816.714 376.755
-416.137 310.316
-999.5 285.193
-373.378 243.591
900.031 -937.6
-789.79 83.775
-349.659 -672.869
-829.913 -720.601
554.024 -728.177
-919.599 432.574
886.178 -741.479
128.051 534.876
161.069 777.003
858.246 -497.423
-635.344 -780.576
731.254 807.491
557.561 585.276
-977.839 31.191
900.917 959.346
666.946 -707.011
841.681 -922.21
-982.743 473.702
-271.114 783.848
909.107 -775.655
327.848 108.058
286.646 757.141
-576.045 494.451
-14.525 901.697
-432.417 -402.014
11.296 181.897
-92.046 -690.005
398.825 334.413
160.133 -858.748
-189.489 554.672
462.607 -178.907
333.182 -221.55
-214.044 254.888
-631.555 -139.331
333.387 472.262
25.827 -728.702
930.101 6.87
282.92 549.391
-235.712 396.045
-701.11 -259.053
276.773 12.624
-362.62 -212.15
776.074 872.748
-147.771 -313.271
566.746 -407.234
20.276 -413.419
-654.013 -939.181
-307.819 -468.718
-775.158 973.778
-605.921 -601.384
752.759 -644.459
338.905 538.463
-65.186 312.268
599.07 -935.374
-619.519 -99.106
853.859 -335.839
-442.624 -662.037
890.964 817.713
-813.179 862.108
-653.356 -552.425
987.97 916.624
478.252 57.26
261.813 -941.372
493.746 219.112
-969.382 -478.332
-700.408 866.464
704.804 -127.519
357.043 -510.643
298.745 -168.172
-612.551 250.39
43.188 -735.324
76.066 368.074
-707.237 977.561
736.915 -985.698
392.914 -809.098
-700.766 -779.979
483.843 -663.225
-34.708 209.714
25.321 -262.881
139.403 -191.183
262.74 -845.577
-824.36 847.161
747.242 102.402
-966.119 -665.23
-775.026 -890.58
946.674 927.42
-575.914 -957.476
-508.071 -244.544
603.293 -754.317
-1.173 610.3
-669.982 -834.779
130.954 608.836
252.788 240.727
592.974 26.374
-623.779 -997.867
-960.67 -81.685
-733.783 353.042
-738.418 618.077
170.034 863.669
167.591 -887.079
-139.679 -997.548
22.394 -606.055
269.842 659.048
-818.696 -252.001
-617.615 182.535
651.603 965.657
-819.829 298.004
-764.811 673.604
534.633 -714.363
-456.826 990.041
211.776 -538.986
-834.665 -311.385
629.292 -621.037
968.945 710.818
-772.06 184.221
-238.477 215.859
-301.402 -278.615
-391.972 188.651
-849.19 860.039
100.195 897.894
108.679 822.8
-12.328 -528.139
-752.243 412.714
-632.153 -554.508
802.285 -468.16
295.182 396.264
-98.357 147.717
919.803 -892.503
-465.387 426.804
386.502 935.301
-441.697 345.155
230.084 606.65
-142.905 465.611
410.601 -50.702
768.144 512.054
710.218 -481.877
-362.067 -561.877
-833.977 272.034
906.477 -13.248
809.983 966.181
-803.435 654.99
709.179 539.128
-84.424 28.888
310.135 639.98
452.404 79.885
-92.135 903.917
534.263 -319.483
-904.954 251.979
-842.504 -657.759
-582.27 740.93
26.22 494.389
-538.797 -157.5
-363.175 235.385
-19.249 99.89
-579.175 -705.882
-569.219 -343.645
-989.246 -858.646
-326.782 -302.937
-687.723 806.412
580.405 734.162
682.267 875.873
-323.235 414.608
324.481 -841.066
-929.84 394.098
88.85 962.071
-915.988 -31.847
565.907 -35.169
-749.997 16.227
-797.439 466.08
158.175 115.999
9.686 -983.473
34.047 117.209
-902.86 833.824
-558.613 94.295
260.714 -799.47
488.521 -557.442
785.748 -536.888
-956.193 -209.308
-617.64 -13.592
126.709 -198.812
-856.862 -662.799
163.494 -996.447
-735.388 449.654
-879.369 -59.545
-501.752 -426.454
-415.732 629.165
211.192 214.046
277.368 -773.949
-687.301 -841.38
525.872 -114.671
462.767 274.795
459.268 9.376
632.395 -458.802
714.347 -995.837
-12.255 150.226
-837.812 209.092
-494.944 -658.8
-339.311 384.701
320.687 -879.782
-28.704 -579.14
334.915 968.5
580.003 706.772
155.065 133.715
59.221 -931.927
-353.968 -906.669
-405.398 807.794
-561.546 -803.24
797.15 252.59
-141.146 -944.416
-309.617 -789.715
371.982 -885.618
-373.008 890.023
-604.976 521.059
920.443 364.589
-664.565 -507.783
-259.563 -579.213
534.517 -304.343
64.893 214.324
-749.116 99.418
-232.222 650.777
-632.942 134.889
-462.18 32.168
712.234 -202.758
14.401 -411.023
-189.409 308.934
65.955 -491.37
-119.66 -554.091
236.848 102.955
135.909 297.431
-832.471 -148.179
941.961 908.755
865.696 -715.756
-638.765 -740.938
30.595 -840.825
651.57 669.706
-960.723 -759.371
63.139 647.607
919.234 -710.125
520.621 789.394
-776.417 -441.862
852.477 955.091
-581.263 -934.611
892.254 556.989
-886.638 -289.687
473.928 686.178
-449.412 646.891
731.611 -707.778
-114.35 422.43
-95.189 240.48
841.944 -750.023
23.215 -451.42
856.616 -983.95
929.804 -717.279
64.487 -742.973
-661.839 -947.946
210.704 -467.988
-922.263 16.019
814.602 -747.289
970.268 -63.76
382.723 -52.328
-407.598 -178.171
444.679 422.854
941.243 -595.237
-286.52 649.834
-830.02 -653.462
-69.219 -834.383
753.834 376.676
-972.862 -335.045
-797.91 841.377
546.594 493.136
-63.32 827.996
-696.728 -862.42
-752.59 524.527
524.332 176.732
859.623 -442.157
656.473 -825.529
755.151 -208.009
95.131 251.296
680.315 -626.801
-54.904 318.834
712.437 455.456
702.578 954.913
-2.83 -55.126
-468.314 257.682
597.0 -449.947
354.128 766.534
825.28 704.799
-839.236 -363.921
515.679 -614.687
-164.421 358.913
-26.118 997.562
617.706 -790.721
435.117 -183.577
-494.943 -793.332
723.735 -708.424
472.058 -639.486
-695.953 128.825
-163.383 -554.511
-406.475 -4.285
736.187 290.433
-41.857 123.92
995.597 692.887
946.72 -149.789
979.368 -77.433
461.856 474.916
-953.481 926.596
852.794 -339.092
458.27 -264.85
981.223 -253.209
229.159 -759.866
-478.029 -696.32
872.288 -538.12
-724.953 94.362
-880.478 -124.562
5.527 985.943
987.549 -502.51
-348.542 -539.861
-445.319 -640.758
-761.418 802.764
-688.224 114.167
845.626 -13.206
171.635 802.812
-562.963 -344.357
839.536 269.814
973.67 -896.596
153.598 416.017
-514.073 553.514
-436.988 -286.407
-253.534 13.651
212.667 -395.527
-522.596 473.511
-912.627 766.11
-800.846 -487.72
-972.011 -435.233
-852.61 -92.336
-953.885 -782.891
-851.266 518.416
636.283 170.448
132.77 463.013
-891.851 -500.421
859.3 -229.62
847.066 -137.629
-972.385 632.118
111.187 734.504
-544.108 -432.888
405.105 -236.513
681.184 716.54
140.025 -499.253
-270.139 -724.069
993.363 -342.941
-32.188 -707.043
75.554 -337.177
434.919 -349.442
-438.054 -437.168
194.953 19.813
981.228 170.591
372.722 -565.539
470.131 850.216
744.546 -437.592
-181.002 -881.404
718.865 816.315
630.229 -276.516
-672.342 399.751
-178.953 -796.327
858.245 -726.733
-399.618 -777.297
759.944 -956.606
-678.13 -210.21
419.528 909.143
957.663 971.673
239.55 -841.405
521.862 -98.765
980.45 -972.27
-135.336 -542.678
-406.428 20.009
-786.519 309.766
730.247 573.439
-825.413 -755.336
464.851 757.547
-827.637 -374.005
68.205 -197.97
804.055 46.102
-536.028 377.812
803.285 -996.187
969.984 226.643
34.87 -361.131
701.017 -525.613
-49.486 -905.584
-188.637 596.098
169.467 -700.751
11.474 629.496
459.225 -316.903
-725.991 -63.449
734.929 88.73
-57.261 862.68
-638.328 -468.073
-124.795 191.744
-6.183 419.362
623.54 -16.601
-326.117 -327.285
-738.944 883.031
-819.302 646.349
668.57 760.182
-169.066 -466.509
210.625 395.615
137.605 844.588
709.093 -243.964
840.194 557.026
385.762 -412.189
964.156 631.899
899.899 -915.23
393.43 733.411
-269.79 557.101
947.269 625.261
-458.837 215.92
-448.916 264.138
408.496 524.66
420.934 -774.703
-979.308 -986.37
230.913 68.472
-71.852 288.74
-248.15 366.187
-297.822 234.923
-385.13 -805.716
-13.007 183.837
740.046 650.01
-235.204 936.988
-252.051 916.862
715.333 221.9
-857.632 59.905
532.71 434.422
-618.6 -464.354
476.633 411.915
549.786 -629.28
579.05 -341.433
-440.481 971.249
-908.621 -298.616
-410.788 255.21
-11.205 -9.585
-879.917 896.855
66.106 -29.069
462.395 -169.588
-940.331 -93.297
521.847 167.715
741.603 -280.369
670.893 793.518
-47.627 121.201
701.221 -274.975
373.061 -790.342
759.185 257.775
-667.324 951.763
-901.675 40.812
109.649 339.559
463.824 509.535
-116.44 522.72
766.362 -924.402
-378.287 620.498
-907.383 52.068
-932.646 967.946
145.003 290.883
329.374 -35.96
-618.332 -965.232
-698.96 392.585
-274.49 65.718
174.374 777.802
758.376 -714.213
-978.935 -907.16
925.74 557.72
188.304 330.924
340.038 -220.975
195.014 488.557
628.086 -21.993
-442.196 638.994
-309.935 429.13
-626.31 -577.126
720.087 -982.964
985.789 398.593
-499.131 552.842
-113.174 169.697
-146.098 375.342
-562.477 859.999
729.955 -740.261
404.873 -278.427
739.104 -842.051
601.779 252.525
883.636 47.46
629.032 86.811
422.244 119.533
-723.076 -466.618
599.685 464.256
617.944 847.064
179.291 -831.535
-632.942 777.676
-32.499 -403.866
-591.881 -932.96
-605.693 -321.034
386.241 -429.323
-991.481 315.702
856.53 -617.014
12.706 861.362
-506.223 496.29
726.889 -159.621
-407.546 721.59
-922.08 -380.803
-54.234 587.312
159.428 -201.707
-550.214 382.297
361.227 680.424
-907.456 192.466
-38.342 -898.052
-752.51 -962.091
5.7 758.46
317.911 16.908
62.142 -680.816
387.94 447.948
-378.758 -937.529
-167.011 -324.916
750.676 806.344
-853.356 -839.496
-750.652 -758.275
18.719 -714.027
869.916 928.55
-760.173 -709.471
-249.111 -859.465
-748.612 655.454
546.953 88.883
664.839 -957.503
528.026 200.079
215.854 919.299
851.385 43.843
382.278 -52.479
241.786 -938.883
-593.097 -174.556
-941.777 -82.569
-102.362 -213.899
-466.645 931.062
-879.645 -649.681
-224.244 -303.386
611.781 -648.692
-990.416 -456.702
19.5 -430.919
281.6 -840.05
458.79 -887.751
52.389 -702.413
-565.034 3.613
528.049 -613.401
-61.159 -749.122
-792.301 22.787
263.968 291.045
109.759 386.896
780.477 405.898
-373.571 -518.22
941.028 242.371
-42.33 877.865
370.578 -482.472
414.688 -189.559
675.975 76.981
95.762 -893.099
-437.705 -858.283
935.986 191.972
654.032 -339.53
929.258 698.367
173.105 289.811
-525.09 -872.113
758.759 -488.77
289.286 -449.198
973.346 257.141
706.164 926.395
116.707 530.648
769.034 -835.024
-180.949 109.524
-24.229 533.359
-447.979 744.399
-843.573 -805.093
-758.264 411.947
167.557 -372.656
219.793 537.875
70.602 693.865
-784.04 -729.652
-424.44 -213.896
313.982 904.154
111.351 -99.816
77.324 74.747
248.227 -1.075
588.241 -14.952
-956.211 123.128
-524.676 -667.012
995.061 -639.596
-709.067 270.472
934.366 -723.823
722.798 -299.316
-699.606 -461.584
650.832 -390.572
-755.784 420.15
943.728 132.453
-749.67 725.766
-337.726 993.33
-121.685 199.933
29.786 -914.666
-387.542 188.265
-90.16 -4.822
-739.081 -565.945
-974.669 -40.886
804.576 660.955
156.452 924.414
-92.254 665.199
-95.147 667.731
58.735 -471.529
-444.228 -52.219
440.875 979.848
-186.676 -67.681
911.432 354.234
-762.806 -435.165
405.896 348.814
425.156 885.096
234.376 578.206
-627.483 462.506
170.253 497.625
558.454 67.489
647.486 -917.849
-295.147 830.686
-144.175 -769.872
662.379 316.695
-579.748 65.145
-347.041 34.732
328.702 586.62
-929.202 261.803
771.251 695.823
196.692 551.463
-473.573 350.452
238.769 955.769
-279.29 771.266
-15.62 -744.6
-182.199 -207.155
-882.794 -168.549
369.811 499.314
-114.684 -740.578
865.225 -45.873
160.197 -811.817
-461.128 -680.273
300.397 31.806
947.882 650.862
790.004 -813.238
368.785 -142.657
-422.45 -224.244
790.627 972.059
-920.35 -783.111
-591.664 774.46
-10.447 -657.46
-218.599 -724.617
-706.222 -86.433
-890.75 -408.49
-534.69 529.465
611.77 371.476
793.186 387.832
-718.988 656.007
804.949 -258.086
352.29 23.615
-876.636 433.292
-81.418 247.255
388.048 -250.573
170.305 205.512
-46.761 -307.584
517.048 71.669
-158.086 -405.449
-71.501 92.599
937.252 -354.696
-261.269 -816.958
68.236 128.933
306.894 -539.317
645.925 -439.349
-594.026 -307.405
-585.286 758.894
481.126 -661.519
-413.878 738.797
-845.815 429.549
-883.989 442.488
-306.201 433.598
472.455 490.382
-437.559 -658.001
900.207 -507.26
-448.117 -508.191
-387.815 -172.299
820.296 16.457
467.8 205.792
-575.285 -364.945
230.47 -175.201
433.586 -285.376
510.321 937.491
-547.996 -192.107
-755.085 -14.219
151.799 245.25
615.945 -478.34
-42.873 696.373
-209.704 252.064
329.124 -65.119
-992.123 -101.799
952.016 -468.881
-807.29 -994.91
-619.507 -264.313
24.462 -238.996
-611.129 -937.852
-841.202 538.297
437.411 -46.962
125.872 971.854
-698.871 805.178
-129.093 399.423
-780.608 881.171
-565.503 -727.714
-589.785 208.614
-807.63 744.631
-951.927 842.546
-680.751 950.283
-858.357 -292.886
-567.159 900.328
-564.247 -136.37
-919.99 86.358
843.612 -618.898
-159.313 -4.27
656.577 -36.453
-403.059 -905.145
481.355 -903.865
-643.033 246.091
833.251 365.054
649.058 -845.033
287.312 980.019
957.243 -87.998
880.111 730.618
75.15 -488.123
200.41 -734.836
265.88 -105.329
257.135 673.021
412.55 365.521
-58.75 -473.375
-250.375 622.415
557.683 -807.28
-401.886 -251.961
-382.144 34.666
491.153 -950.746
-241.316 986.758
883.091 -391.247
-508.968 -522.294
-210.459 -150.999
-430.719 -774.483
615.42 812.51
-438.246 223.832
-293.56 753.482
-72.829 -290.786
-507.343 634.025
-151.374 367.962
606.177 369.716
-371.955 -989.198
-318.411 173.994
-644.89 -596.852
978.457 472.445
-360.049 -160.878
525.813 -754.888
-544.912 258.965
848.509 -167.555
956.37 -548.617
436.201 264.331
188.657 820.842
-314.938 -522.559
631.737 -614.442
-343.111 -926.717
492.08 722.173
-70.123 -287.169
-361.682 721.413
586.874 406.829
532.718 465.508
-636.332 735.903
825.629 881.269
-970.305 -61.558
541.918 -864.711
475.36 224.165
799.46 -812.116
-780.56 -774.178
70.077 387.525
926.041 582.017
211.609 434.274
-877.434 294.291
2.817 -15.989
-440.594 -266.091
220.11 781.31
-231.085 417.817
97.633 953.038
493.485 681.952
167.082 770.72
344.055 95.136
48.419 -638.442
522.075 -364.898
-335.242 583.368
827.668 252.677
-137.086 -526.475
-911.354 894.685
664.371 -584.96
187.961 174.579
-352.829 843.26
686.641 -855.39
740.086 436.959
-646.534 943.558
648.006 -11.324
284.571 759.138
-380.035 -714.2
427.868 -709.364
-478.564 -818.69
-876.075 -453.9
-737.741 318.499
-816.262 292.661
-824.423 494.395
-307.081 -556.677
161.509 46.136
-917.541 548.415
-303.942 252.204
923.277 287.3
-424.461 -591.613
-654.409 718.147
603.524 -623.799
330.94 -0.832
-381.608 783.625
-702.072 209.308
-821.779 395.22
-378.811 526.709
122.087 -894.476
128.94 -458.948
-185.41 -596.78
-77.986 -845.223
325.663 -135.535
525.106 996.487
423.976 476.43
211.36 469.646
-675.11 -457.803
-133.463 43.706
-266.42 -245.226
-117.859 -164.56
211.098 -93.039
-363.809 340.32
630.064 -515.16
-936.134 -783.583
352.366 -861.571
-544.417 -923.344
-919.527 485.666
103.754 174.75
198.422 -775.157
711.239 -492.804
-488.641 -559.383
513.08 280.685
917.481 -497.955
326.159 -864.464
-325.433 -225.722
-613.479 -277.376
-383.243 -231.428
-605.964 -967.567
-609.607 17.324
-327.343 -372.765
-162.225 667.538
731.864 -855.371
-813.682 -655.41
213.431 296.091
426.335 -990.063
496.731 -856.417
-42.299 918.343
-388.312 -775.485
919.668 735.368
681.911 -293.694
-696.57 112.945
347.548 -603.929
107.325 -111.117
-300.969 233.283
985.742 -292.046
-638.85 -63.337
-118.957 942.077
332.122 106.106
963.266 -663.977
276.709 737.824
487.976 -94.335
-592.522 412.547
-703.222 -367.909
-136.137 53.026
-96.694 726.452
-878.246 -370.78
607.413 552.661
-287.005 924.883
-871.949 -861.358
893.875 83.277
443.041 -120.626
-562.492 603.011
790.708 -321.78
-625.067 -387.553
-800.515 -731.112
233.258 44.209
196.806 44.445
-560.442 672.017
-726.251 -487.929
21.684 -606.825
-413.761 476.85
-715.038 361.631
814.136 -758.55
960.841 904.83
-523.059 -685.778
-323.41 338.147
868.272 602.969
-61.414 -695.217
609.742 -430.468
93.392 987.447
-461.787 -484.505
-879.501 -321.599
-604.301 662.429
740.352 265.217
77.712 -888.24
-324.663 592.798
57.156 -909.164
-63.556 -640.444
-341.807 -693.131
148.53 696.811
-387.309 -540.397
901.052 404.097
37.976 -676.494
-601.72 671.559
586.384 -719.294
-824.435 -587.538
331.649 35.981
737.042 550.927
-568.303 -695.845
-902.567 10.697
424.704 967.424
508.029 -249.787
-208.559 -426.737
988.616 -891.404
28.982 -84.526
-117.641 302.382
894.776 -553.086
586.853 108.342
-394.705 268.924
-877.137 -891.278
643.287 -664.809
-476.37 238.827
-981.59 698.788
-894.062 497.827
-541.893 328.856
588.665 233.533
980.097 438.899
-262.132 -263.735
-236.458 -548.96
-305.204 447.609
570.416 283.973
-528.643 896.575
897.468 111.698
71.286 -98.309
-743.038 945.125
-992.197 -591.684
-622.655 -246.647
559.644 -154.16
-310.391 128.693
185.394 -945.078
-234.261 278.184
-971.368 -558.759
-797.357 -85.137
-338.676 759.05
-802.039 -358.87
-339.092 734.936
-131.424 921.644
-644.917 898.93
-184.136 -736.03
-684.745 586.482
905.931 55.57
-164.006 469.593
-50.353 -613.255
-543.227 -830.351
-781.894 199.368
400.966 409.322
517.966 918.824
787.296 992.363
-638.064 695.573
988.976 593.39
-857.051 -587.459
38.308 871.077
37.69 27.999
51.31 656.807
-1.152 -59.625
-852.705 -939.578
162.681 -910.449
171.104 902.557
305.815 512.559
-978.774 850.946
254.47 987.379
-271.641 -37.103
-827.14 207.572
-140.253 756.277
107.625 125.58
391.166 803.349
988.75 -861.461
87.359 -698.431
-946.571 -816.357
806.259 -529.11
891.337 -136.022
589.379 898.432
-918.776 84.59
865.901 -540.571
-20.87 190.701
552.118 -99.356
369.362 279.309
234.126 487.672
-859.094 -306.654
41.086 232.656
-620.163 -351.196
-430.453 34.115
25.391 42.133
81.557 -57.747
-543.75 -629.766
-47.779 754.401
-539.853 74.926
-64.241 737.118
919.321 -620.51
509.524 516.925
-706.028 -568.513
960.095 227.403
852.349 -782.086
144.676 -157.259
560.648 719.408
3.378 429.462
-627.13 -774.403
722.989 -523.587
-271.673 -143.052
1.12 -95.731
-650.102 -245.697
213.577 -68.886
-664.583 123.707
-695.225 540.323
26.888 -205.804
369.726 293.535
345.511 161.869
-961.173 -851.101
483.376 795.335
-549.294 48.74
-972.21 -641.056
916.166 126.522
791.961 264.294
-420.246 497.014
-601.562 -660.62
-108.285 660.615
588.454 -318.298
151.761 404.46
589.579 497.965
-906.612 -597.943
599.39 -681.881
-855.46 -696.952
-583.858 215.429
347.773 698.304
-915.591 397.145
589.479 63.294
631.665 956.875
500.035 -817.123
-229.864 142.227
-267.875 634.783
954.482 -533.434
206.08 655.255
-722.518 -914.72
964.664 -621.087
538.843 307.544
-590.709 890.461
-700.998 85.547
150.009 402.692
-810.773 323.36
-673.252 -420.858
-748.159 854.553
928.918 -321.488
420.085 -429.646
98.357 -181.208
333.845 588.339
533.999 508.462
-278.63 186.345
427.678 -571.869
-610.287 702.528
-440.439 -509.732
274.517 -43.962
-508.497 -63.057
-40.486 -162.047
271.663 -690.477
-593.222 -691.621
167.844 195.339
-241.504 -444.338
-519.126 -879.344
-152.83 589.084
-692.613 923.005
-90.282 -981.884
524.318 -52.353
-158.142 -299.985
892.635 116.832
-599.635 543.697
872.856 -499.071
-785.193 612.429
-384.883 -912.439
669.529 -117.304
-674.659 -176.385
87.935 867.234
374.311 -776.633
-163.371 -709.946
309.329 486.436
-28.573 989.677
984.751 -368.874
-854.608 -79.379
621.618 -18.428
957.107 896.573
-734.911 -764.762
399.608 -822.563
-321.007 6.469
-33.803 -110.541
-865.594 -212.039
762.31 -46.058
330.314 717.824
-91.875 671.861
765.735 -234.234
327.828 562.874
226.712 -914.552
489.326 713.938
231.946 448.139
-297.91 -325.805
-428.559 -505.064
852.902 101.981
-702.121 -130.589
-417.666 -334.888
585.138 887.34
602.825 120.575
913.955 -674.453
881.491 -386.717
-798.359 -424.19
-267.007 -454.591
709.811 725.283
615.07 -26.845
-313.483 558.909
-264.094 -566.735
144.743 813.123
-696.624 940.022
-119.525 184.699
-277.94 -157.783
-236.061 -723.693
213.171 941.889
-121.4 -570.809
-993.206 -344.719
-448.457 932.769
-559.413 -176.798
511.439 930.147
166.325 -45.701
969.988 577.675
-31.406 -975.359
113.636 783.326
486.559 862.287
966.499 -140.663
95.954 -593.689
515.341 342.375
444.593 -459.027
163.513 -141.97
-29.152 485.28
-124.972 697.926
490.144 670.296
783.683 989.002
-395.305 -941.088
513.729 434.306
-326.849 976.778
372.608 606.326
553.241 -158.383
428.702 569.524
-63.395 -20.362
119.786 98.197
148.79 -589.661
663.373 -128.951
-88.93 -164.11
-85.65 -652.015
258.384 -952.611
-545.952 712.073
-776.13 -528.158
-909.462 -900.418
902.483 592.612
727.026 -367.391
-844.614 520.147
-729.138 834.267
695.753 -383.408
972.34 -946.322
-936.558 -64.237
754.625 -393.514
-677.587 -699.379
-393.025 -893.323
-199.9 173.124
889.205 316.595
-960.558 291.374
-876.407 -714.868
-596.498 -883.142
-203.07 136.639
-654.536 5.248
-214.481 158.748
-339.01 -326.858
-234.856 651.268
-710.041 -997.235
709.529 64.787
864.435 -105.233
-258.024 202.187
405.58 928.972
645.968 610.127
900.063 -991.773
-915.713 725.947
-439.577 -85.465
464.53 -401.967
533.699 -912.645
-825.681 -254.514
-435.505 814.178
14.524 785.652
13.147 749.978
-862.212 -630.121
492.651 509.812
319.755 -626.827
-65.53 -345.867
500.422 811.134
287.925 -447.08
-140.398 132.564
-925.693 993.743
-300.053 -114.471
-621.036 -784.474
-652.813 -320.413
-342.198 -723.246
-69.161 251.722
40.74 -177.697
-63.652 288.725
742.793 -652.584
950.105 694.462
410.325 120.958
104.466 398.465
60.743 564.348
94.377 895.253
654.646 -80.118
-4.393 165.332
-17.363 813.514
-313.959 868.148
187.085 465.571
-72.589 281.423
78.396 -539.838
239.408 -5.171
430.15 180.441
625.108 124.866
591.905 -623.712
-782.496 -425.94
-907.726 313.653
630.778 746.576
987.479 715.263
619.967 342.327
304.798 -508.952
-168.024 193.457
-351.717 -961.107
-766.983 32.81
-545.632 -152.417
-748.726 -855.405
669.936 747.384
-486.261 375.085
-755.53 665.958
-514.726 -387.77
364.448 -842.042
-980.682 335.563
673.892 -361.202
132.705 -211.146
-109.17 565.831
-166.845 -526.399
85.359 -829.599
-433.556 -359.307
426.307 692.837
842.016 893.109
738.461 102.382
381.048 510.852
937.816 -461.642
-526.054 577.69
-825.207 -895.607
412.878 729.834
251.319 -907.388
943.735 -575.469
872.577 -836.209
366.341 -98.445
-924.637 237.119
-414.912 580.436
-272.966 -442.552
-536.103 82.36
799.506 -829.181
774.786 -258.59
952.811 -380.543
-533.288 -400.948
992.948 686.49
439.172 -344.455
176.432 -695.521
-447.964 -794.368
34.039 936.078
381.919 199.96
864.357 912.542
818.642 598.286
-159.524 793.962
-427.604 762.151
-974.219 15.258
416.27 815.225
-725.879 656.276
87.855 -668.605
28.234 -413.98
587.452 -620.896
-551.761 748.202
884.773 247.64
287.326 -373.325
247.68 289.636
-831.971 907.242
-448.049 786.86
-935.985 44.3
886.842 748.806
504.337 -894.933
519.535 -990.606
-52.169 -430.58
394.857 661.036
145.963 -859.127
943.434 -929.714
327.636 -784.155
508.957 702.532
372.802 485.92
-707.223 44.324
741.309 -906.16
-303.6 477.863
-438.433 749.119
415.406 312.351
303.623 473.881
164.004 310.651
895.877 354.037
-980.77 489.97
228.234 489.849
617.389 -924.083
-401.963 -717.576
-811.407 705.761
861.193 -342.652
-867.023 -677.75
193.348 270.895
156.324 388.165
830.661 -273.65
-498.595 342.99
-118.991 81.36
-271.718 811.112
184.396 689.012
-455.653 -744.62
-254.964 825.296
395.543 -757.963
-734.538 100.602
-186.572 573.604
400.347 -359.13
164.065 -972.541
-923.052 233.044
-577.123 -265.336
892.4 -393.85
-831.996 -572.946
-445.088 -759.581
-786.032 -539.608
-223.209 -806.236
388.017 443.621
-385.12 -933.714
-149.311 924.35
-753.154 -626.865
296.263 54.276
-83.783 196.023
-794.793 -148.013
-671.032 861.562
658.047 -981.474
377.103 -527.596
628.658 -353.595
-154.803 956.721
-80.898 854.816
-251.856 -682.88
172.874 -934.035
638.054 -727.444
195.196 -866.013
200.204 -139.773
791.632 63.352
-715.965 -539.255
-84.516 902.325
685.216 -986.538
-613.345 -407.803
548.614 -905.531
697.146 -906.462
-103.494 -426.097
-975.698 721.509
121.08 -248.88
-248.331 -615.176
-180.699 719.177
-492.99 -610.769
888.822 932.873
685.753 867.66
-307.748 12.48
601.475 -136.493
12.044 -37.536
-547.751 935.977
-34.69 -113.149
714.811 -436.777
-635.022 -337.15
203.613 -15.66
34.948 -146.209
574.402 -737.326
-881.788 676.271
-331.819 -243.336
-719.958 -737.221
-222.783 45.084
993.259 911.82
-619.655 -577.972
-836.223 986.507
638.107 598.031
973.158 -163.895
824.155 303.072
886.56 414.536
561.071 801.1
-724.237 -9.707
942.042 790.509
535.861 601.939
528.335 -652.393
416.395 -514.586
-791.214 -618.149
974.251 604.452
814.633 751.872
222.234 587.255
-724.787 -875.751
259.912 430.738
722.913 -604.907
-789.557 772.736
-401.21 -245.288
-409.862 -220.748
-381.577 -140.44
-790.646 206.124
-89.398 -792.662
865.05 -546.587
321.846 759.925
-255.544 319.025
778.488 -768.04
856.979 -662.857
542.639 -368.02
154.128 -85.637
-708.831 -613.05
-874.061 -546.223
429.736 -596.724
-802.314 903.528
-420.543 -364.722
809.587 64.9
813.152 -10.788
293.951 -812.855
-624.826 -254.72
-39.727 -549.744
-971.364 -591.37
-486.519 931.923
-238.384 -393.306
542.687 -665.81
-898.741 -36.41
208.072 701.427
-847.177 -444.246
-46.346 -272.073
942.344 658.994
-191.079 -266.843
-891.78 675.59
-4.064 -942.141
452.55 715.281
559.886 -178.235
-659.166 -483.388
-547.156 79.727
314.482 -454.136
901.051 -339.901
-826.919 165.656
514.551 379.278
203.321 658.812
173.549 -735.794
-884.936 -186.483
988.894 -787.954
-846.062 -634.34
747.885 825.974
590.72 770.812
-784.028 88.832
-221.544 927.025
-970.079 125.204
-900.303 348.569
756.277 -130.266
-831.243 -807.283
-771.192 -742.603
161.888 583.325
-84.456 -490.749
274.449 696.195
-526.02 -795.585
-240.427 -732.655
508.051 -619.52
628.19 -145.504
-768.25 150.109
-214.461 -588.58
518.041 -924.267
-922.544 -134.304
308.161 943.03
293.273 -696.37
-541.206 577.574
-987.154 601.547
-227.914 -394.534
61.727 106.903
888.288 -282.222
163.452 326.595
861.376 -825.464
-126.22 681.104
103.709 181.113
-838.438 457.489
140.385 386.324
107.432 246.382
879.993 -747.002
-657.241 -945.701
487.01 -974.912
409.397 370.529
-564.461 940.516
634.181 -599.574
983.164 -323.526
-57.273 -252.042
175.1 -294.13
-485.38 -936.884
861.824 -345.803
657.445 -692.611
-100.443 776.092
-985.0 287.945
-425.333 930.102
591.86 780.636
-100.149 -776.446
-164.674 -711.326
208.641 832.493
672.453 775.193
6.652 600.891
543.808 778.738
-391.333 911.614
-855.897 985.805
-284.818 700.215
883.896 182.9
774.265 -419.68
-237.88 685.303
-241.393 -306.981
-290.541 -117.882
285.921 -450.694
130.258 20.387
556.231 -976.36
-918.227 -586.088
246.979 -479.402
630.745 161.476
971.869 629.011
-983.318 663.192
865.324 734.094
-487.726 -673.704
931.364 608.548
-605.082 973.828
849.15 -578.36
876.52 -991.439
-449.58 944.76
-73.725 698.473
587.397 -624.615
585.535 712.775
-985.976 -889.54
337.344 -70.257
-420.051 258.995
-905.282 470.431
-254.894 -14.08
391.193 -250.038
-85.151 -673.856
618.54 -395.704
-211.345 -112.81
-167.651 -410.156
814.542 -731.252
-782.275 -377.942
185.608 978.909
-33.481 -632.086
297.548 -944.096
-852.099 24.498
-70.274 -686.311
-552.416 213.933
906.621 845.093
368.963 34.282
125.86 31.189
997.12 -130.791
-285.633 -705.782
32.565 983.885
956.332 -935.949
-433.309 102.251
-144.703 377.026
-586.729 -493.56
778.939 838.213
-984.826 248.292
-577.317 -304.013
292.5 -60.022
-3.089 208.389
-634.956 9.006
697.127 -229.617
998.46 902.504
537.252 938.989
83.096 -456.632
-376.997 -264.227
299.473 -160.101
821.437 816.012
705.331 204.892
436.555 23.352
-40.057 942.099
850.63 -10.164
971.818 -601.895
-252.922 701.256
568.384 -417.735
626.092 948.042
-651.546 336.653
855.793 -297.898
-382.501 532.594
-687.735 -903.877
-148.273 -184.321
-691.927 -546.952
429.273 298.697
-353.085 -690.75
130.15 -907.462
-896.43 -840.379
-2.396 -198.38
605.94 -219.242
772.148 721.402
258.863 418.662
-750.833 -181.082
260.459 780.775
267.656 -122.96
476.798 146.697
-316.898 -100.255
249.337 -63.688
838.211 -238.62
121.504 546.936
592.475 500.77
879.821 -961.526
-103.205 542.122
763.026 -521.756
-724.14 -160.758
-336.37 -859.246
-730.713 -351.63
121.929 -61.511
156.962 756.549
829.749 -507.391
904.206 -904.416
648.615 -830.888
203.903 856.8
-878.927 -427.609
768.967 -145.672
579.717 -121.48
481.634 -430.254
685.425 319.623
-68.472 627.562
-675.155 574.129
644.921 -912.131
-301.696 -571.932
119.883 -651.089
732.584 -245.213
511.497 337.458
805.153 -788.096
480.021 379.132
439.975 -41.335
479.257 -74.041
575.849 48.689
-210.992 152.205
728.546 -103.913
-505.11 102.25
480.329 -744.685
-605.807 -719.315
-72.7 666.423
-794.717 -59.065
162.84 -289.283
-649.116 511.088
-133.335 891.498
-999.6 -608.574
267.674 -378.344
-807.281 172.71
830.35 612.195
349.794 -796.026
779.473 -171.518
909.007 -814.102
-849.829 -38.266
933.771 -795.207
357.024 713.357
-756.745 -953.771
-111.668 693.632
-304.474 -660.419
-13.514 -487.286
420.08 -713.308
463.444 -873.414
-259.394 317.737
-562.56 1.202
70.955 -383.051
229.034 85.948
931.164 -71.25
301.235 216.23
-456.985 -305.969
508.223 -48.242
-112.909 439.091
35.236 12.276
96.86 -68.809
-748.872 392.493
152.635 -196.575
-669.177 553.863
-605.847 950.63
721.565 -854.354
-64.101 139.043
753.123 -46.702
-888.622 357.821
-685.995 -587.793
68.752 -483.225
863.644 85.222
369.427 -94.491
-58.375 -84.555
143.459 53.505
-194.296 -497.432
-26.873 77.125
509.013 113.41
-460.026 193.08
-109.96 259.003
67.709 530.907
-866.893 881.726
-829.887 -30.275
360.111 -573.074
-340.045 673.34
591.928 658.861
-827.564 215.136
-998.374 674.483
986.901 279.647
480.46 -719.405
658.48 -789.985
-348.083 -764.327
-226.514 208.053
795.9 -426.501
-828.458 -677.359
91.737 393.684
127.382 -851.463
521.081 3.756
788.993 197.448
694.668 495.03
242.514 656.232
-798.566 -761.521
831.673 -347.294
330.147 -106.371
616.637 924.346
483.029 -421.763
908.662 -893.413
431.258 -181.135
726.331 -869.259
872.752 -769.378
-528.78 48.566
223.073 904.863
414.52 206.274
929.433 -2.361
-218.919 63.609
23.734 211.998
564.91 574.829
-607.097 -15.11
-380.41 277.571
384.28 -576.603
484.166 830.668
-746.624 463.476
-265.666 600.67
-516.396 -66.358
-968.277 268.837
867.568 363.245
841.865 -113.693
-594.092 -315.934
-165.712 -849.994
-612.636 827.209
-981.746 -332.112
-417.061 -845.807
-251.692 -542.452
936.798 -910.514
490.802 769.091
-89.769 541.609
644.786 -761.46
-66.832 -244.196
-607.683 -373.574
626.858 292.853
-26.377 843.549
25.944 26.75
136.156 603.503
501.298 -419.99
-569.063 -534.463
620.101 -739.602
362.017 -479.782
265.742 -664.319
803.259 128.358
749.509 667.562
-547.923 559.583
795.349 -736.789
949.397 998.036
847.601 676.361
676.297 -904.841
-550.85 -516.345
655.25 -558.736
-838.224 178.464
-101.763 213.8
291.456 667.961
-320.899 -28.883
948.578 923.981
334.106 -174.704
-235.782 -633.096
864.378 -699.932
-647.864 -23.313
-195.374 -102.202
84.793 -501.659
-554.563 636.071
-142.26 -32.085
-716.278 -592.641
-23.78 -179.787
128.644 754.477
662.566 -598.521
-616.904 435.165
484.506 558.82
-475.913 332.313
323.9 403.125
87.024 -112.38
264.159 -276.765
98.865 338.232
-802.517 -204.814
-444.705 37.413
-48.047 392.169
-945.534 479.941
558.724 760.672
779.314 456.557
-133.596 880.999
-703.544 -745.375
297.588 -304.07
-879.554 -464.05
-702.923 778.95
703.545 435.43
-247.763 -718.474
613.735 393.608
-704.486 733.161
426.24 1.603
-268.725 908.128
-739.806 -871.945
-715.406 -422.557
-713.448 -574.509
-770.555 -955.729
329.232 676.398
-499.801 713.903
-905.67 70.377
-530.285 -545.304
-784.409 563.092
340.85 -329.162
918.368 552.97
406.224 -992.718
-230.853 310.473
-491.681 209.952
-168.799 -318.88
807.948 -254.286
402.265 -302.228
-59.44 -839.783
436.037 325.154
-667.989 19.34
-293.671 967.564
148.405 777.388
57.621 455.086
-476.168 569.114
387.22 -4.418
988.37 -137.779
-758.682 201.983
68.504 -436.965
-991.201 118.05
553.938 -966.506
315.339 166.713
760.951 -629.916
350.199 931.079
-944.396 135.974
305.91 -512.441
-246.685 214.832
968.462 -991.766
-809.65 932.437
202.832 262.427
-630.83 57.121
-673.382 -646.065
-289.746 120.623
-282.847 490.205
-947.548 529.872
562.476 880.338
-852.118 -566.959
943.832 105.644
-501.187 37.719
-727.392 469.511
-362.506 406.811
996.047 975.648
123.269 -159.501
233.672 422.255
458.816 -681.147
-539.095 606.414
154.455 833.146
356.397 -205.543
-885.828 -989.514
-439.899 -212.838
32.128 -281.643
-712.05 -392.445
575.606 288.264
-890.392 -162.029
-682.471 860.899
601.549 712.873
481.088 -367.023
-907.485 -776.349
-795.84 -360.22
126.876 197.711
758.751 -891.946
667.727 -303.782
894.986 -299.036
-103.56 854.51
-811.623 -695.655
-32.365 -997.559
-771.292 869.276
853.158 -150.628
540.78 987.309
-164.751 -731.422
196.819 476.469
-399.066 -16.487
-14.069 169.043
620.595 -725.164
-401.28 81.446
810.943 -668.798
462.792 -529.394
-721.007 90.266
554.157 695.465
-190.725 361.401
173.057 -740.323
-44.249 -140.813
-250.662 967.688
-550.19 -231.379
-207.838 -706.502
399.067 -769.756
-726.215 680.901
888.892 940.868
-694.814 646.565
-819.956 377.632
45.064 -689.562
522.75 247.479
-606.26 480.77
494.326 -71.094
-90.805 517.573
-754.197 -745.579
-420.624 -440.148
63.423 -626.209
889.335 907.062
686.253 30.892
-520.609 -301.819
448.079 639.067
-837.942 85.275
552.933 -48.932
-982.531 -489.726
756.303 483.899
-275.858 43.987
127.018 -650.173
-421.537 -158.562
-542.968 838.623
-656.866 -850.174
234.12 -492.866
-933.923 744.171
-858.539 738.364
314.312 -524.269
137.181 -554.625
275.929 -829.712
785.757 303.78
811.596 335.948
388.682 388.712
-915.714 265.484
-694.542 -16.47
11.471 -308.553
-77.364 -657.965
303.445 268.643
-848.069 -4.341
-386.47 582.43
-549.183 -932.689
931.098 509.123
972.063 664.982
-192.415 -659.578
-125.311 811.554
174.52 911.057
941.874 245.446
26.753 854.306
40.229 -248.816
381.231 -176.398
-750.1 -222.545
-503.593 -324.71
-176.236 287.71
553.102 754.03
48.934 -531.761
-872.164 -55.546
729.603 -135.848
-409.956 180.765
869.378 955.133
-579.568 405.676
-480.216 101.15
-53.508 442.721
650.676 687.853
-49.824 244.565
110.22 299.458
-905.771 -244.474
309.135 -243.881
-893.35 699.767
302.924 108.997
-292.102 668.661
-32.537 -222.325
767.03 -580.357
-215.881 -651.172
-609.684 105.263
-847.822 727.113
-909.321 923.961
993.617 142.196
-304.154 665.819
875.212 -452.77
788.033 -260.517
333.0 -894.028
-367.679 402.9
778.852 359.21
-950.065 -321.557
-353.736 -38.394
103.748 -34.99
-427.85 -192.184
-699.265 221.151
-765.927 -441.6
-180.111 -380.994
830.992 304.264
955.884 -67.298
898.842 -196.196
350.896 -784.846
836.887 992.19
-632.474 -477.782
297.032 -189.933
479.957 516.591
493.372 -819.326
743.482 301.452
-456.101 -76.032
60.698 210.578
-285.016 568.988
-539.422 -229.955
575.629 759.158
-595.801 513.682
971.532 26.363
813.066 643.69
680.979 92.077
-756.089 36.925
-254.372 949.493
-790.58 123.12
157.749 -147.661
-493.173 771.786
665.017 -953.591
411.567 469.906
642.343 50.073
-643.692 -59.94
181.19 608.088
306.64 -671.296
772.819 64.559
-589.741 -958.669
566.968 427.015
932.012 -833.345
882.069 -649.732
-637.1 224.943
806.368 -595.94
514.94 995.401
170.139 191.432
425.178 862.625
-875.457 777.488
-296.194 502.609
707.915 -675.787
-6.973 -67.095
-934.148 -255.257
615.561 830.278
845.978 838.795
-817.69 70.739
549.443 259.52
191.403 -714.353
792.703 -54.255
-183.928 -367.891
179.708 -323.117
812.208 -599.281
519.11 301.592
-288.86 -122.32
-418.154 -846.581
-784.633 349.82
139.235 -497.109
-278.137 -497.238
863.155 -170.399
-572.171 662.282
-89.167 -803.867
383.724 351.398
973.482 -792.716
38.937 -230.18
-620.299 -310.308
-61.237 -187.319
-3.485 875.914
200.27 -56.426
-642.37 848.496
-889.657 977.955
-732.639 -484.97
786.289 363.447
-130.998 498.623
-655.865 -824.308
-714.947 -383.291
-577.74 235.507
-800.299 -95.678
786.234 -679.167
-899.186 227.523
-866.108 -720.83
282.205 818.113
-435.469 975.562
-303.448 539.707
-814.627 491.38
-55.302 -501.6
-731.911 -534.616
13.881 -595.503
223.584 -332.788
-317.452 -494.667
-238.735 742.403
588.299 -603.744
412.236 401.315
576.225 54.758
-453.092 912.428
291.905 280.704
-370.428 224.134
-602.992 816.486
490.246 136.239
-765.686 723.31
-872.596 982.535
13.398 -997.63
3.466 -491.811
371.153 609.723
179.813 -449.466
-148.001 -233.568
-676.609 -549.416
-68.82 -475.746
84.762 -618.843
334.743 177.976
-636.966 672.328
-182.899 797.293
975.091 -545.848
-13.169 329.39
277.185 710.443
-187.602 -835.479
-592.919 646.818
915.66 490.893
-258.197 -61.671
-155.712 79.931
873.756 -691.665
-891.282 480.056
-822.44 679.714
-468.645 575.781
974.831 719.474
164.401 484.616
961.238 -958.955
-486.339 101.828
643.873 215.903
-615.71 575.828
-825.133 602.196
-199.667 -382.712
667.091 892.886
-669.875 509.965
644.352 978.166
-678.069 -822.2
-497.674 -428.813
-470.304 222.406
16.579 633.008
-34.315 700.4
-749.86 -805.846
-720.291 145.941
-865.874 -67.578
487.986 846.054
-938.373 -855.376
-725.079 -630.313
-780.743 -726.186
923.415 237.071
-970.887 566.072
-472.347 496.433
-311.695 924.843
-267.307 988.984
513.467 -462.857
652.602 419.278
864.441 -749.136
-14.904 -439.5
-843.917 -10.076
606.61 225.051
517.355 -144.654
-387.289 -912.414
-1.724 -134.965
909.135 994.878
529.617 -780.258
-804.134 556.214
-239.219 456.36
-242.572 -578.545
-838.519 -940.868
110.887 274.276
191.506 798.884
88.064 381.301
217.645 -92.398
460.369 134.828
-691.865 -564.778
-180.664 -399.786
-619.245 428.058
536.837 -998.177
-476.82 -493.659
-449.751 649.893
651.972 -620.05
-544.443 -115.631
640.068 168.05
606.197 431.629
846.75 -754.699
318.707 -164.373
-365.342 592.459
160.536 256.242
919.267 -887.145
-135.68 50.983
-335.618 -307.451
210.927 -127.622
159.083 -479.868
-63.409 -774.864
-54.952 297.501
413.174 554.537
632.631 769.503
-282.243 -329.868
-761.96 -92.392
-342.465 -490.426
424.84 -90.636
-984.759 -13.4
118.274 -632.623
321.683 -709.77
-774.079 -88.556
-740.45 35.737
323.918 140.608
175.241 375.629
-651.988 -968.799
781.843 291.286
-912.569 741.891
517.346 24.461
588.023 892.772
-112.768 144.474
-644.231 936.373
-371.459 175.14
27.363 253.26
341.102 280.833
23.253 603.324
44.188 -359.473
87.405 306.801
420.651 93.436
36.025 174.18
-233.12 790.716
-699.969 -122.016
32.202 891.96
621.12 330.648
818.929 409.478
-378.058 -501.513
-304.715 510.91
-889.388 689.471
-272.074 -44.751
-847.386 -588.005
292.496 891.598
283.202 835.476
-670.317 49.494
-851.801 -224.394
-464.402 -582.105
-956.797 799.049
-809.472 428.285
-898.768 369.603
-610.16 55.472
-213.716 -908.768
727.299 -224.379
543.113 -242.037
302.704 306.267
599.166 -320.748
108.437 -482.216
617.82 -597.709
533.574 668.098
-386.449 -954.069
-194.773 784.126
-515.906 507.572
-724.025 -265.97
-780.792 -127.866
521.956 -742.958
-699.324 723.746
421.575 164.072
163.786 -293.922
-883.94 -274.044
-488.701 386.657
794.813 -293.228
410.588 -737.303
260.007 486.894
146.649 750.584
-223.798 -74.24
235.824 -377.948
-717.07 -277.143
10.463 990.697
800.998 571.617
-60.617 597.321
769.01 643.768
-535.793 286.973
328.662 349.532
913.267 -696.057
636.254 -55.329
891.542 131.427
-822.73 816.194
-875.442 -636.024
-701.088 683.069
-937.229 -758.094
607.214 499.457
549.035 912.592
-356.727 548.901
766.557 300.702
-141.826 937.266
959.872 687.593
-366.354 -906.918
609.306 177.04
-516.18 313.656
-76.946 871.913
-330.471 255.829
-758.997 991.282
-537.651 -668.246
-112.791 984.086
-666.323 -532.066
826.125 839.835
-671.659 -348.069
116.745 -629.1
-864.171 890.512
-240.794 -426.454
-302.22 950.264
-348.302 -688.324
544.27 -609.32
-657.426 -269.14
540.162 471.827
949.335 -788.544
397.004 153.604
-440.164 -652.697
-935.988 -16.825
-643.079 668.23
-57.973 974.105
244.024 -884.7
-143.573 301.662
-915.024 -716.319
950.763 316.08
-722.002 654.699
349.904 223.301
-110.103 808.909
-294.307 641.34
-328.158 509.526
-273.126 219.812
279.507 656.842
-21.375 -11.764
-587.565 260.323
-672.225 -648.499
-620.465 -999.366
-420.914 81.628
-320.568 -819.945
949.002 -839.043
-942.001 31.895
38.051 291.655
-742.031 723.489
-131.966 219.3
533.35 -961.423
741.278 -109.826
45.608 20.547
-558.529 -350.717
-375.521 72.433
759.944 -305.834
-593.018 -795.234
765.111 -146.34
-736.241 753.459
-837.874 290.266
792.794 391.55
-181.776 977.651
-824.339 916.097
858.233 -848.4
-479.342 690.441
704.957 -772.132
-872.113 303.027
-426.316 823.557
516.554 -623.164
171.91 -868.005
184.358 -21.793
90.706 -865.622
-689.951 -492.935
190.417 910.622
-608.435 291.211
603.3 -20.572
-721.091 179.291
-262.33 998.539
154.441 675.772
-757.611 -613.179
880.992 -971.189
46.697 -572.372
702.657 -475.887
981.564 62.379
30.557 -475.253
-642.023 257.719
-205.745 -426.511
881.262 312.792
-184.419 -589.28
-992.067 201.938
-402.062 -69.882
-951.803 119.386
-913.92 -842.824
-270.725 -544.229
270.53 -660.276
-908.954 -188.993
447.529 575.021
-535.477 896.235
985.234 -935.172
-231.031 -749.853
-176.382 -58.184
-314.266 669.414
903.375 -410.891
-372.455 -274.958
-321.007 -721.371
-151.941 -836.75
-515.43 -449.631
-371.527 -38.626
794.7 460.676
-986.125 797.786
156.086 -681.507
-833.53 -910.613
25.101 -607.623
132.072 60.542
969.287 365.631
818.119 118.332
-474.256 -867.511
519.632 -179.725
-143.662 -597.927
951.523 689.877
685.548 -399.052
332.009 39.989
-886.806 -951.321
-763.987 -719.938
457.513 224.03
908.335 -315.935
920.393 -626.272
729.995 -779.829
-288.348 515.047
599.986 -609.036
-168.243 589.514
-999.173 427.239
916.277 903.809
421.178 -829.769
679.567 804.39
184.909 -405.469
-450.227 623.037
-737.256 761.036
497.076 -844.056
-542.304 -519.76
189.015 -977.77
956.857 -935.312
-652.525 -749.467
-120.834 -354.07
-448.212 132.786
527.36 647.922
338.379 -288.193
-67.474 -382.256
698.711 324.5
277.181 -194.238
-583.932 814.753
-639.778 -357.015
-956.33 -711.102
713.82 910.784
-94.982 24.878
423.377 -0.192
312.929 477.079
413.495 -748.515
-204.828 -46.859
943.676 -408.51
31.175 -583.726
-408.698 698.925
-10.562 -89.065
30.728 -697.177
-370.867 -76.87
38.882 567.471
-545.943 549.455
-931.281 -44.886
683.355 345.832
-774.595 750.356
-627.386 -885.353
503.716 -861.235
-542.02 526.282
295.511 -709.161
775.086 536.639
-240.121 490.641
718.802 441.83
-200.725 -606.956
562.704 732.934
-752.225 29.888
-994.386 -504.4
684.886 -515.19
183.42 832.571
603.848 -128.957
158.954 216.109
446.63 102.422
484.417 -965.67
773.69 462.258
-334.314 75.688
61.998 -736.236
833.759 242.88
715.922 -999.664
18.073 -708.251
-846.531 883.553
-503.936 -558.639
901.534 145.567
-844.098 -856.907
-853.106 -968.537
890.616 259.78
-301.094 990.805
-359.189 -503.89
-859.378 367.169
-982.142 -386.597
-166.434 140.022
621.471 204.893
671.698 267.186
235.398 385.131
392.583 -208.962
-479.954 -293.182
789.735 -665.896
-865.17 59.766
546.162 -981.688
427.403 -371.199
159.761 -409.146
-469.213 -131.999
-404.066 -32.841
25.211 -638.055
-335.248 606.046
-213.43 -948.653
64.703 -785.977
872.205 -904.585
229.681 2.172
636.689 728.628
-647.991 995.182
391.63 -170.915
208.536 406.892
82.734 657.637
-980.498 -474.964
634.215 832.817
-466.594 -451.738
482.255 719.968
-747.456 -464.452
862.865 442.981
586.042 23.935
759.657 561.86
626.273 550.558
-416.653 -299.501
199.16 -206.183
19.053 -835.894
-268.819 -661.262
-440.717 272.972
-441.74 -554.603
812.64 -737.542
560.042 -101.495
-606.927 -125.09
101.809 -273.62
428.45 -863.77
175.253 -918.735
-885.83 -531.049
-386.889 422.533
96.307 699.269
-62.251 -675.267
-640.898 284.53
-20.162 -689.424
134.854 849.068
3.203 869.693
25.544 628.393
100.325 789.315
-353.738 900.496
-275.136 429.793
724.981 -112.078
-437.927 -692.076
889.758 218.472
916.311 425.133
198.092 -173.252
288.651 214.21
-688.284 -988.203
901.684 -34.994
326.454 -83.687
41.356 -815.985
59.644 86.639
377.037 -670.965
924.821 175.088
-587.98 -203.601
934.683 -284.002
-813.306 -337.094
-381.062 -475.31
462.512 -186.714
869.664 225.438
323.088 -541.558
214.923 264.129
-809.562 -816.42
880.241 713.867
610.779 -815.814
-961.181 120.616
-935.82 -826.876
695.758 346.689
283.067 -918.529
284.499 -968.774
-612.605 -9.259
319.881 -455.351
-412.753 -937.116
711.373 967.82
125.089 -643.357
-821.709 668.491
-109.477 -880.615
-435.295 -400.838
-739.052 311.811
920.79 -52.072
310.679 -504.349
-868.621 -55.205
-667.384 -536.611
498.383 -108.207
-760.683 896.068
397.487 403.189
654.013 599.116
797.952 312.264
278.236 523.661
-984.233 777.777
57.35 195.4
214.561 53.855
-3.978 994.889
-697.676 882.668
597.95 -789.99
699.577 -134.395
160.322 -31.661
973.766 440.592
57.137 -108.297
-7.47 -312.179
900.394 674.541
456.288 -828.496
-411.032 582.693
-207.292 185.055
311.822 146.046
-496.256 -103.965
220.968 -187.515
-766.008 598.676
542.989 -999.752
399.75 -123.445
936.613 881.462
-508.671 521.479
180.179 -899.405
525.172 696.577
554.042 -24.775
460.882 -410.337
-703.861 815.879
178.053 -598.09
324.941 456.089
-372.878 888.415
-31.441 -180.665
-19.62 -249.669
-362.233 614.95
-708.292 773.369
69.583 -244.448
609.434 -311.761
642.997 -121.117
-10.448 -773.328
26.948 -874.131
-463.761 911.519
-856.776 -682.124
-999.172 468.985
946.032 261.128
-207.431 -424.754
720.056 -580.629
398.231 236.587
-349.78 44.773
25.216 -745.348
-974.198 40.765
109.97 123.221
303.553 384.245
936.922 462.397
363.741 -331.669
550.541 618.716
-492.981 -632.142
-455.275 999.591
-918.374 -865.969
-37.441 572.113
-884.164 -337.39
758.517 90.222
574.317 -521.443
-146.216 778.748
853.73 161.348
548.436 185.007
695.643 -966.071
206.261 -638.719
931.658 886.786
701.863 -982.206
204.016 144.582
15.463 454.464
734.037 -272.781
-56.463 -436.55
-790.604 -260.526
968.979 576.924
-661.343 -617.524
-403.599 -981.042
82.481 918.829
322.582 -811.037
181.93 -722.831
447.606 -783.395
-17.605 -122.048
-516.886 -633.941
-296.522 226.85
-834.668 756.277
586.638 -500.685
-240.935 -311.527
973.93 -153.667
-464.471 926.899
-615.035 -762.085
630.036 583.098
208.226 -563.446
387.764 411.756
-883.715 942.939
733.012 -43.749
54.908 -606.168
-271.482 312.246
-988.01 -506.001
-805.093 -942.023
15.686 -378.182
-817.631 636.928
985.2 380.866
888.707 -621.281
479.601 79.937
-876.536 -153.527
404.484 -824.845
71.396 -737.262
909.612 55.535
-884.694 -223.368
-10.431 406.168
139.442 -415.712
830.95 -104.613
784.289 -646.304
-561.179 -196.799
641.327 825.373
-996.311 -149.492
486.556 -601.348
975.501 -650.629
104.27 -523.857
-224.005 495.393
875.82 581.0
863.292 -701.03
-431.047 -228.107
529.453 -580.409
35.768 -537.005
-428.554 -131.497
-152.165 -784.86
-426.734 246.673
-277.74 50.621
-116.43 -78.027
46.019 943.455
188.694 261.097
-394.299 -585.936
-823.527 -667.82
-448.404 349.128
-238.842 103.464
-958.537 234.97
360.707 -208.146
-638.165 -754.291
825.132 -855.15
78.005 -789.684
-891.077 805.416
-371.142 -13.314
70.969 -358.897
-121.441 425.714
553.184 -523.42
-990.415 610.68
-635.204 -974.611
-46.827 470.098
-693.535 -597.656
95.662 -736.579
-92.859 -789.874
-168.065 -224.606
-22.799 -61.233
-402.871 52.841
103.1 -385.42
102.275 696.268
-54.575 378.204
287.768 14.024
288.696 412.541
551.006 -607.956
-870.705 -688.034
-466.694 -264.514
795.591 716.341
855.283 -931.394
629.065 -453.545
-809.872 -745.511
-383.523 131.825
-956.086 -267.083
322.973 534.366
-825.134 -148.656
890.62 -838.544
-465.868 173.282
837.562 399.513
-769.435 -562.166
365.362 871.94
-31.656 762.049
800.332 842.335
-678.121 -877.262
-147.496 673.732
929.266 -122.221
831.19 -385.006
743.999 379.897
253.111 -876.841
-615.751 -813.276
22.079 534.934
604.512 373.529
493.102 -755.675
856.244 466.872
705.348 993.423
-636.99 24.426
738.018 432.543
-146.059 690.34
-629.277 768.702
816.297 916.373
934.625 956.012
339.179 920.871
-903.599 896.293
-78.492 105.56
-466.143 645.829
286.604 183.218
-871.079 552.511
-465.846 113.772
44.535 134.156
-896.775 477.687
-528.205 -158.67
27.84 731.179
-170.927 194.276
-780.203 32.401
393.516 381.799
87.428 411.973
-63.919 -240.85
-724.469 -663.965
-479.727 773.105
-92.766 -842.315
474.249 151.105
-741.579 576.64
-304.021 -598.027
-215.223 -120.096
-95.12 -562.136
749.3 -354.091
-431.295 -47.947
-335.723 915.782
32.876 -726.44
-344.1 845.302
-685.323 341.485
-31.239 839.511
760.734 124.909
-331.821 -373.461
-138.294 341.903
999.939 -919.028
-872.743 112.908
90.92 -284.723
-413.004 251.167
32.275 -927.88
-261.198 -124.4
-151.264 -852.129
-166.933 757.219
-366.25 -15.568
-378.483 -675.445
-639.532 870.472
985.652 -217.46
813.761 954.406
60.141 928.866
537.342 -756.599
807.449 -896.814
642.231 996.407
456.746 -899.653
-198.727 -847.452
-567.309 206.536
-740.849 37.713
349.721 586.441
339.131 526.458
-570.426 86.83
-21.015 -692.674
253.03 512.765
571.948 577.433
-403.228 -516.438
-485.903 751.085
-927.129 560.196
150.973 -801.217
581.658 -905.03
778.366 905.802
284.057 -841.406
965.473 913.01
952.648 363.671
284.365 -700.681
-438.447 631.449
591.937 -862.648
-102.59 -634.654
-740.819 728.096
909.75 757.876
-494.421 69.654
-773.875 -892.87
-997.869 -747.457
503.776 501.581
589.076 336.796
-462.122 -918.68
11.385 -471.207
-641.424 346.275
895.178 -505.157
847.224 -372.011
-624.818 864.304
26.003 -359.285
362.32 909.944
328.034 780.753
787.434 78.907
-105.221 386.477
163.592 -128.453
-681.9 -530.347
680.351 -146.796
-398.622 142.235
-86.806 755.673
259.969 889.736
-438.698 -820.758
764.884 -113.07
-299.668 834.503
498.804 746.053
195.297 595.432
-151.243 -34.751
-275.942 -174.501
920.119 714.117
503.268 -716.624
827.143 -544.173
-329.267 471.768
-879.235 611.201
184.421 -701.165
-31.084 -261.706
-45.603 695.301
568.305 839.614
-61.739 327.384
-927.366 555.233
-474.606 815.561
-481.321 -278.337
-368.219 -931.386
-839.641 -454.716
105.805 561.146
-589.521 -449.789
-107.387 213.362
-551.443 67.17
939.889 331.808
-118.214 -434.979
-825.7 -887.966
-141.192 582.465
-605.755 -226.711
700.069 -149.077
-966.193 -216.47
-142.143 792.34
471.686 -89.814
232.967 501.803
-748.065 33.497
-516.171 -897.747
-657.742 559.876
810.928 -557.045
241.124 686.088
-962.737 -468.371
-873.193 639.493
300.771 382.179
-985.261 -899.783
716.819 -714.08
734.578 -494.639
719.837 315.991
714.729 -128.224
868.769 427.519
-959.072 750.354
997.875 -190.177
-910.177 -247.431
-233.781 -68.267
109.094 508.114
-149.605 -597.428
-978.085 -591.913
-792.231 705.254
516.038 -265.529
377.249 8.414
-77.761 -225.362
-119.144 -296.066
-518.328 -780.0
346.753 271.363
-711.174 -22.389
-276.781 -328.343
155.283 987.042
50.283 232.674
-565.406 99.12
591.572 394.299
745.093 979.164
749.705 -772.185
-590.62 -285.129
-456.467 -426.631
-350.425 764.654
346.228 -195.787
985.802 -630.687
889.22 993.486
419.923 -887.815
627.12 724.561
-856.668 515.383
687.036 10.039
194.461 -45.839
351.112 510.813
66.898 892.394
533.449 -136.03
-272.084 543.108
-996.335 -598.914
964.664 -286.692
881.614 892.199
227.334 229.553
-733.208 3.404
-895.334 832.215
725.659 -134.088
-829.153 -917.628
501.095 145.547
446.964 -191.635
-604.996 -845.278
-190.136 595.275
-306.528 -550.034
-94.778 598.387
-365.206 -817.344
797.047 38.672
-977.659 -809.673
194.373 1.541
362.473 -601.545
-750.544 -639.375
-401.133 -444.735
-754.609 633.174
235.472 -522.799
65.58 -695.954
998.822 -76.718
-302.968 992.69
401.162 -362.533
-325.192 265.749
953.394 737.714
-431.891 524.661
961.9 234.223
-119.726 -813.138
244.903 897.463
-180.974 894.127
618.652 -938.185
-765.511 -562.447
-153.807 -207.398
815.253 268.504
291.227 938.486
449.338 390.78
-531.467 -387.629
247.874 560.138
-709.142 -19.39
352.305 -711.44
350.43 975.162
-984.252 -683.955
-966.274 662.219
-4.322 -235.622
222.104 -755.813
643.919 -405.123
-587.223 -52.51
-951.552 -899.816
181.389 -200.48
237.599 905.19
600.095 722.392
-547.437 -906.077
-800.122 290.322
-437.743 709.501
-894.458 -535.919
-773.796 -67.231
-211.089 -594.812
-901.264 225.312
-188.023 874.218
-850.855 233.637
975.087 -850.672
123.124 -288.842
781.538 38.486
-162.613 988.579
-68.726 -217.619
-844.8 898.638
150.627 -313.233
-689.002 291.676
-601.381 -143.194
975.849 215.208
-619.065 -180.621
433.139 867.757
-462.649 16.529
-493.047 916.66
-741.945 -549.561
289.103 294.306
-636.351 -43.202
939.925 489.533
977.144 -461.276
944.034 -220.77
-673.23 861.252
-590.958 -258.923
254.58 943.94
362.195 -334.661
-749.507 665.121
641.174 -85.925
-83.916 745.5
717.697 -30.661
-208.64 813.303
564.169 -906.81
770.232 764.568
504.798 985.197
752.586 -290.09
463.148 839.504
146.394 273.454
251.847 -466.785
152.331 476.302
-861.336 998.378
-406.004 879.726
502.88 -518.927
-39.346 106.432
62.609 867.634
611.469 -161.61
-987.121 -886.865
835.138 245.914
673.406 666.616
900.731 865.711
861.035 528.1
194.029 -922.568
106.623 305.696
917.664 -820.588
228.819 -687.912
936.421 -309.818
853.171 -695.762
604.088 39.17
-905.589 541.988
318.842 -194.846
-225.902 -953.728
516.486 -740.591
800.73 360.777
-607.503 35.031
-30.811 -178.901
449.538 -307.057
509.39 -983.921
-511.439 -569.622
220.086 810.07
837.829 360.183
-833.284 956.439
-139.665 156.856
-60.519 640.298
-404.162 -157.07
-460.304 375.445
418.683 -12.655
-635.934 -906.21
-66.123 24.884
830.621 -625.288
902.643 392.879
475.7 133.097
-908.259 556.362
807.154 70.201
925.731 22.36
339.523 155.904
-548.936 -84.011
-106.753 831.508
248.133 -949.026
780.455 562.408
-321.089 -856.239
422.685 71.957
427.189 -26.367
710.946 201.09
683.717 -141.685
-878.372 -250.019
826.991 -720.783
-857.442 25.882
297.357 223.267
612.039 -299.831
-964.847 -58.536
79.407 -545.593
144.487 647.514
310.158 320.527
969.261 507.351
212.499 864.562
-796.92 -840.589
225.755 428.025
810.406 785.889
-571.867 940.072
677.668 -661.501
537.782 -691.153
59.692 -42.546
818.656 -929.452
-358.338 225.95
-555.838 486.349
828.382 -104.717
-116.143 929.827
-780.122 64.21
100.798 -510.344
-257.116 -318.974
750.821 -798.935
-981.39 -804.171
877.119 211.201
-220.263 -687.628
848.248 603.572
-590.954 -648.044
62.934 -760.173
-276.713 -481.703
-735.782 -497.799
-705.218 -449.858
842.053 -681.112
239.553 46.793
551.362 946.992
-148.722 -338.52
-532.432 -388.612
-279.759 925.347
-101.493 924.823
522.748 831.357
520.519 -786.234
-71.555 -333.124
-108.35 73.094
690.49 820.727
819.222 -258.162
-531.113 -722.269
531.057 799.989
-795.005 220.363
-754.289 -803.321
390.189 -460.949
611.305 909.47
62.206 -119.072
313.641 -27.493
49.046 -377.013
665.786 -24.036
-473.461 689.101
-981.228 -240.111
985.074 -567.084
685.81 -240.631
263.21 680.318
976.427 -950.014
-693.643 -634.982
748.281 -781.132
761.871 -969.3
976.108 538.921
771.946 -409.656
294.907 21.16
292.102 271.127
-406.069 -180.832
-281.973 601.043
938.535 582.6
722.935 -31.634
49.174 875.576
-435.914 627.291
536.291 459.839
-85.954 -41.785
-312.064 121.277
-85.979 289.05
-361.242 -228.322
536.766 -227.217
603.044 660.994
-393.324 681.697
-0.91 125.726
-105.796 -600.71
538.267 -834.799
-119.786 -309.536
-102.799 753.188
-501.485 893.496
426.65 660.543
-599.762 661.184
673.282 -458.691
718.795 695.46
342.745 747.183
-574.991 -492.852
669.423 -565.462
157.267 135.865
686.175 -830.647
321.854 52.725
539.817 808.704
321.24 -68.722
206.569 482.053
-536.019 -116.197
-258.339 -477.297
-332.917 447.339
561.506 278.279
-390.152 609.583
-754.215 703.804
-9.634 787.774
-938.163 346.983
292.862 463.763
-803.124 985.165
200.022 521.387
706.191 -856.243
98.917 -34.382
527.024 -854.124
450.933 -360.523
-826.736 -466.53
578.398 -105.83
-347.375 759.595
144.661 454.674
864.269 224.932
513.58 -242.35
723.703 486.725
433.409 -956.78
133.28 393.895
977.355 -23.712
-476.62 914.035
-289.843 473.19
420.682 762.528
-665.511 0.526
952.925 -404.044
463.868 457.65
121.422 -761.718
865.199 144.625
846.881 508.111
-332.236 804.427
-974.645 -18.73
-753.969 -134.708
-50.35 -991.206
-282.752 964.507
-227.265 -242.986
-548.975 277.527
-465.072 886.642
-822.953 617.9
341.467 -833.375
-451.736 333.224
-75.69 -591.221
402.257 -481.623
-743.521 963.082
793.322 771.618
502.35 -462.577
39.328 874.63
-963.864 752.173
359.165 -202.546
105.079 383.813
-53.1 763.923
-48.095 122.649
-238.394 -796.042
150.295 877.481
289.736 855.794
550.942 995.623
-274.559 360.727
632.026 371.703
-978.592 888.408
520.651 -342.117
-818.67 -85.47
729.378 712.801
-117.749 -84.498
833.459 -866.175
604.424 521.877
284.537 -643.533
351.037 -995.789
-990.904 620.368
592.263 141.928
111.083 -836.423
-645.5 194.574
-620.729 -662.076
-155.925 633.21
-374.62 404.95
-536.566 564.579
692.95 5.604
812.564 814.611
849.202 -970.278
486.655 -732.934
-718.543 267.276
-469.843 -488.286
-175.253 599.548
567.091 -377.216
469.858 546.245
316.025 -236.866
311.637 -464.431
136.95 12.276
515.433 -941.254
-450.772 -569.092
174.661 -764.787
-409.751 -292.446
390.722 -740.955
952.777 165.074
-469.017 480.216
-31.896 835.651
183.502 -805.589
801.45 519.182
-119.685 625.051
-525.205 -218.565
824.833 -611.658
34.452 -745.832
-129.965 458.7
416.453 446.673
-741.223 645.948
837.366 835.291
-444.011 940.99
-238.095 -188.949
-50.458 905.943
874.839 366.86
106.101 -976.081
-127.841 -983.58
-237.93 -750.493
370.482 -340.121
-628.425 200.151
-705.286 -553.407
117.328 462.847
-507.206 -703.898
708.773 457.11
959.485 674.491
895.349 463.102
-612.301 -123.78
729.035 107.37
183.565 575.09
330.508 6.855
418.685 -580.714
819.719 122.902
-764.722 377.732
-244.722 639.361
102.549 -794.022
698.825 -666.427
-871.419 -429.82
-277.643 -610.024
344.944 166.904
-950.707 -694.646
-572.5 -784.283
-442.678 683.061
338.487 -311.412
808.885 906.837
185.237 539.412
471.26 -103.281
32.983 575.39
-559.136 -415.692
685.312 707.492
-181.607 -162.507
-887.268 719.618
649.058 311.86
908.253 -508.214
-651.688 60.245
-540.844 -174.177
72.747 96.621
-217.008 384.306
-285.243 281.155
-803.915 -112.933
-175.199 -423.899
935.861 -662.267
386.522 845.323
751.857 -327.216
379.713 -876.671
-472.093 757.443
224.42 87.526
-260.244 -304.162
-899.976 873.154
973.11 244.95
733.869 -182.542
-269.669 56.201
896.277 -26.941
-758.042 -248.165
112.54 137.967
121.633 731.902
323.757 115.008
-846.484 128.744
883.324 88.387
-993.619 -100.736
-785.516 264.822
316.007 -692.276
-768.691 -301.634
646.178 -357.536
95.125 100.59
-686.382 832.629
-543.449 -53.943
-788.159 952.274
316.724 443.451
317.756 -209.954
-840.664 -14.889
-134.782 816.611
-224.667 -807.671
41.413 -280.912
-48.205 617.456
-448.24 -751.514
708.401 -967.845
746.491 -36.988
-862.161 -268.881
727.271 735.556
-280.98 828.652
-431.82 659.671
-361.474 786.348
896.846 977.376
-364.102 -641.827
390.741 -127.657
-490.87 -863.543
745.02 876.631
-84.719 573.193
188.676 -860.565
-896.776 950.113
650.179 121.604
-441.141 271.979
-75.805 857.876
953.621 845.788
104.939 -847.676
51.023 -938.877
414.632 571.452
185.133 -200.929
-589.396 596.537
253.935 -404.483
-476.551 -336.719
-699.428 -685.472
-826.731 -13.107
323.307 -482.657
-821.951 -827.754
880.555 -176.899
690.059 508.943
-23.349 972.634
138.991 810.246
891.429 -829.911
-588.428 474.975
-598.474 313.792
789.773 439.791
937.075 276.938
855.664 -240.858
-894.62 209.701
870.871 598.772
-539.039 -64.938
-748.879 392.832
-251.679 -867.661
440.587 -706.751
692.243 -342.071
-120.023 -872.015
931.826 184.659
-196.862 -288.157
-705.485 74.846
-643.214 -102.473
-132.935 580.673
-731.28 -854.951
-940.144 341.105
-812.115 88.197
60.117 131.585
-452.041 406.281
622.102 -99.388
122.032 -675.255
12.185 679.715
-952.015 -781.945
280.801 -522.828
-214.335 -657.601
147.022 -181.513
795.459 -154.985
340.027 -143.692
865.455 648.093
-992.527 552.265
687.904 330.637
884.705 917.226
685.887 -300.164
527.668 759.523
-875.319 -766.389
800.515 -250.054
-243.135 2.964
626.399 -648.958
-384.03 971.733
-95.472 31.164
-819.765 319.691
-366.818 -811.734
-870.303 -961.654
390.206 -626.978
-222.975 -357.839
470.551 -276.048
-283.092 816.636
-153.464 -928.418
100.117 -658.52
140.311 -470.322
436.825 652.099
373.83 268.56
434.352 61.307
-576.463 -976.638
682.892 756.998
956.793 -69.526
417.358 645.132
-90.119 464.236
707.591 751.463
-195.311 -426.059
-872.997 -641.172
647.012 287.399
-271.79 751.805
-900.365 879.079
943.233 180.394
-718.858 -824.699
-161.608 493.023
927.716 70.239
725.186 -89.487
302.141 -627.97
341.012 239.165
-248.03 -202.202
686.231 -859.107
-989.059 732.136
-855.688 13.497
415.864 -456.901
236.698 -669.378
321.396 257.705
702.139 897.996
18.103 388.653
709.839 898.313
66.222 726.218
-322.752 -584.851
-13.422 913.242
406.86 -360.221
-870.127 739.71
978.509 -695.225
-411.097 -337.579
842.289 -235.34
396.481 697.498
-22.777 -63.388
82.208 -60.051
178.732 949.754
760.523 -575.054
453.304 864.862
51.618 118.22
156.521 742.392
-962.032 -802.026
-266.409 289.68
465.451 -224.584
613.43 353.526
-464.499 173.575
142.744 -649.937
-916.13 199.235
818.765 189.518
-147.27 -353.028
-345.019 -663.36
-248.327 -656.038
425.673 894.829
-103.077 399.379
693.931 -852.499
-366.336 938.359
390.415 71.278
140.375 -6.757
-908.161 692.89
-45.561 738.915
-732.32 -752.333
8.495 859.967
209.464 -586.821
898.544 -850.469
861.629 -382.884
853.345 744.878
390.121 486.743
211.625 -64.359
-219.063 318.082
-520.423 -718.585
478.142 -635.507
-901.877 792.942
555.018 658.399
249.169 -296.792
-700.782 298.642
55.864 -541.616
483.434 -930.216
122.295 562.398
-997.423 -315.843
-529.604 -265.593
-501.49 -383.687
105.838 -429.795
863.438 340.304
-706.899 -396.424
939.38 -33.953
-5.824 592.854
-646.949 25.911
-178.323 937.137
-270.067 474.611
-971.397 -282.039
-732.898 -440.58
790.825 -400.682
-409.856 304.99
-396.223 -449.406
-469.555 -280.33
-684.421 -544.401
-423.444 -916.092
-293.921 945.061
566.89 -506.48
302.335 578.763
-251.347 965.311
579.324 71.84
-629.637 276.473
279.09 -359.352
298.325 -399.284
-314.884 787.722
334.994 76.747
671.58 291.208
-333.27 -628.461
-408.394 -300.441
392.15 507.976
-332.165 710.118
-13.27 -951.372
-654.214 806.799
-433.317 -899.176
994.567 -785.623
522.287 -612.027
518.038 -364.848
993.354 51.964
-990.621 -552.533
-45.805 903.831
-789.698 600.073
42.389 -123.28
-377.827 -845.938
-298.097 441.984
-267.822 115.505
518.389 113.505
837.983 882.429
884.705 982.884
-49.05 68.014
615.276 133.577
-248.753 538.128
-332.692 -717.972
379.529 -518.803
133.53 -381.215
497.658 884.392
275.568 373.401
378.858 -817.406
-683.125 697.582
335.817 527.598
-250.137 126.075
181.897 -379.156
-312.814 -227.826
538.373 895.353
-413.787 798.54
-830.436 -790.704
806.805 900.63
-505.339 -363.473
858.435 -782.169
-52.228 -115.974
822.026 640.696
-8.095 746.886
-647.251 257.975
-657.725 -649.741
-335.885 556.76
-388.732 -515.531
222.784 -531.468
283.945 970.748
-111.394 78.854
651.415 -68.724
-993.323 282.439
308.973 88.692
733.609 -240.593
-746.711 453.925
201.122 -717.737
-118.776 -798.47
112.993 -324.418
884.948 766.757
-700.703 715.509
-892.587 -293.796
310.704 571.124
390.901 -677.297
-190.02 -128.529
-40.742 -925.616
628.59 808.088
-198.814 599.465
-664.575 173.226
-269.691 579.674
73.309 609.022
191.782 -873.031
-786.585 -719.027
-845.277 -100.536
620.548 744.996
-143.544 -459.104
760.412 548.041
-822.683 374.881
-584.315 -492.208
-153.306 -967.596
41.51 136.115
-755.319 697.091
-10.435 44.488
-43.211 61.412
-537.954 618.402
611.318 -550.56
-470.532 213.254
-787.397 704.37
-913.962 410.791
494.58 358.294
559.286 -773.755
697.294 -839.528
-374.66 -933.434
872.997 -57.753
-451.012 746.935
726.837 247.252
48.55 -270.426
882.273 -534.502
-936.366 -796.063
399.589 358.304
550.387 348.259
750.571 28.327
746.272 -845.877
625.948 -127.153
765.974 -678.188
633.246 191.213
-775.026 511.033
-401.448 -496.345
947.216 -519.428
-172.874 585.88
-953.674 405.813
904.139 646.456
241.108 -586.255
950.432 101.955
-981.765 606.294
-876.155 303.02
-191.604 840.286
-132.938 787.282
282.654 684.399
-267.636 760.69
-495.884 914.438
-326.723 35.139
607.099 -825.082
-897.342 -927.52
-693.251 944.775
-274.719 -368.918
-279.498 786.266
768.799 953.862
724.943 -30.833
-678.691 -351.804
-493.858 -290.374
663.555 -435.019
-987.4 967.444
-614.612 972.138
467.892 -426.514
217.146 185.506
778.77 -688.703
-454.906 598.265
330.372 471.503
-656.859 -791.525
595.588 -48.574
-365.884 -291.024
516.611 685.705
-988.455 8.986
106.054 229.554
-94.072 -573.305
212.041 -694.38
-218.844 -932.711
30.701 -810.689
-440.565 145.527
306.556 69.108
586.45 -925.617
-460.305 561.768
968.958 607.335
194.077 613.264
665.043 -144.406
-814.184 67.475
49.152 277.591
252.029 822.111
191.934 58.216
974.683 293.474
-618.521 -304.732
177.051 930.407
-960.637 138.522
12.006 811.973
-334.252 348.976
-332.42 -291.135
-810.26 324.701
156.397 360.997
-688.982 -261.18
-330.889 -318.698
23.444 803.449
-768.627 960.649
79.241 29.04
137.222 545.726
54.982 814.833
495.824 -486.305
451.5 -781.582
534.53 -907.26
-70.119 336.122
332.525 -659.241
-604.831 -213.355
-681.798 119.565
789.537 925.914
430.71 -964.849
544.552 -594.722
-503.006 -120.351
948.197 655.034
-233.785 111.44
447.599 16.321
71.275 867.782
539.574 72.065
-262.481 546.335
378.355 -340.05
-161.09 -406.892
60.806 499.355
-880.873 387.089
312.58 -565.287
555.563 -240.244
212.517 36.982
-975.907 283.756
-494.574 322.416
656.396 -186.551
697.508 103.081
400.446 -874.948
-168.578 950.991
303.206 -768.399
-132.981 725.429
912.83 -607.689
497.611 -596.949
127.229 -509.268
488.509 -903.759
317.0 325.385
-195.806 235.238
247.117 -13.74
385.073 -400.181
-626.23 429.061
830.39 -756.581
176.05 -651.209
-894.11 -945.732
722.464 811.785
-157.845 -406.311
-262.627 -13.22
637.863 870.834
-375.069 961.63
58.651 -563.258
-271.944 670.64
727.474 26.053
600.6 819.854
-416.447 167.785
-973.283 804.203
733.662 -508.783
753.901 -695.832
-654.25 -158.073
-604.887 768.044
-638.473 -883.652
104.753 -65.373
-575.205 -535.851
201.748 -754.075
-115.24 524.71
670.598 -77.489
-389.582 42.244
711.683 100.816
299.724 695.129
112.252 -51.095
-457.718 -578.234
571.449 -170.294
-103.088 185.107
901.652 -886.509
-624.338 -147.796
-957.613 478.273
-432.048 -619.892
-524.884 84.508
475.902 745.953
482.037 235.624
-65.765 -902.964
550.478 455.625
-806.313 486.979
899.14 147.435
101.435 745.086
0.971 -49.597
-467.939 -744.862
68.086 -340.573
-500.113 -573.965
737.18 9.005
491.862 397.079
-908.976 340.653
-783.379 445.424
889.939 484.379
881.538 -440.565
-231.359 -226.361
585.087 326.455
-507.679 453.328
928.124 -22.699
-143.636 -522.42
-856.841 -772.473
549.775 572.885
-659.696 914.643
-760.41 -505.47
673.128 393.066
-924.921 73.427
-399.284 617.944
-308.714 45.797
452.86 105.874
-147.98 38.181
881.592 -428.306
-89.298 418.144
530.798 358.014
-95.438 -310.431
-911.997 -358.822
-310.012 25.734
241.672 -916.221
-324.296 -609.967
-362.435 -8.726
218.356 -40.189
-376.592 92.705
334.574 88.469
631.924 201.8
782.055 -388.114
-642.282 -920.108
-393.337 568.106
326.061 224.659
-657.291 -558.764
886.71 546.936
414.67 -739.688
819.249 -939.351
919.596 956.28
950.34 716.361
-34.097 77.015
10.094 178.374
672.064 807.359
48.585 397.252
818.944 -219.701
776.119 -13.123
369.147 -491.333
148.971 768.32
171.269 113.832
396.237 -969.408
-271.515 295.404
112.996 -347.462
-993.803 -859.08
-795.92 986.816
-457.425 346.58
-279.645 -630.661
-443.581 -370.389
-854.115 229.285
36.215 -729.267
220.575 262.227
-267.099 -283.641
837.228 -436.851
-216.613 630.978
215.698 673.821
932.869 521.556
-795.789 577.773
-111.224 -46.966
670.297 -159.837
824.709 -924.585
-111.328 -938.338
919.402 408.814
-694.709 569.418
641.653 708.246
-259.495 658.659
791.097 -691.641
63.87 28.45
307.131 -28.317
-718.091 -325.285
62.147 -256.691
276.517 55.304
97.808 -418.866
232.663 -91.518
501.604 -319.253
216.275 -418.576
392.805 -229.221
158.066 -653.416
-88.073 865.218
-95.54 205.286
-18.648 838.537
-342.143 876.394
813.072 -934.583
353.424 -235.717
272.142 -4.859
292.3 673.797
-388.504 -262.442
697.445 326.13
666.593 -36.82
886.084 -560.807
-594.969 454.778
20.438 -554.184
627.43 628.093
-848.019 -335.05
560.951 -593.304
419.778 -771.739
815.531 -511.97
972.193 -45.321
-429.286 993.748
937.083 -455.089
167.546 216.159
-569.061 -709.918
406.786 -419.51
178.564 741.718
-961.864 -950.957
850.992 118.981
-979.749 -389.258
60.227 -889.755
222.941 820.762
-154.538 -100.848
414.633 5.641
-654.314 105.696
423.451 -687.484
-365.621 270.564
255.015 761.967
915.899 585.267
-725.964 455.795
952.077 -388.551
-636.344 655.416
166.186 739.387
835.062 176.092
650.554 909.172
-832.851 -624.3
978.611 558.152
-461.164 -938.194
-624.437 44.157
92.043 833.197
307.245 376.081
969.595 10.903
-383.495 -358.712
-316.119 24.234
-321.397 873.951
-780.353 -956.703
515.252 543.414
-455.576 -473.643
621.261 916.549
731.639 -958.83
984.079 -632.629
115.034 861.061
993.898 759.425
-60.334 -406.751
72.891 -200.577
247.139 -862.829
-854.233 -164.378
806.829 57.842
-578.953 -69.75
-510.725 739.553
794.866 917.054
-578.961 -481.236
-628.855 262.187
-895.734 259.348
-414.977 -46.0
-575.998 -104.477
-791.021 910.815
-344.515 399.917
-710.101 196.869
-313.793 341.492
122.831 -533.268
968.266 -609.338
-405.626 593.356
491.355 367.721
484.767 424.442
-293.173 -490.554
883.658 -239.901
-114.563 -453.519
-215.131 493.18
-243.012 558.497
-794.004 -872.584
402.9 -905.204
-541.314 460.363
-206.785 -509.482
-528.772 857.597
788.858 715.384
68.524 -898.391
888.102 782.434
-638.801 -511.907
-256.921 514.538
311.502 249.951
318.36 -916.89
-239.957 416.244
-930.25 213.592
-608.586 539.706
-392.587 -569.231
-139.538 380.52
937.024 509.868
-559.2 -6.01
796.823 584.407
264.873 -358.513
365.802 -297.898
-844.985 301.255
850.273 -34.7
-893.552 486.772
-322.166 -798.157
-793.109 478.792
-556.603 58.58
-488.193 -557.578
853.571 417.855
-182.556 -852.613
643.673 -611.213
382.628 735.544
514.805 261.291
102.849 -283.705
836.414 318.0
-359.632 904.106
259.358 -92.666
-297.197 548.948
231.404 90.042
683.842 -985.245
854.675 -846.029
-853.193 -794.865
-330.7 -941.998
-657.846 -328.905
117.914 174.201
443.72 -912.628
-687.584 -976.682
151.95 368.996
11.993 -43.071
784.146 175.361
106.113 -914.359
991.677 -405.593
-185.206 -450.279
263.418 692.158
-109.967 477.013
101.794 -878.393
146.329 508.307
-161.905 -539.897
-249.9 256.55
-141.656 -691.035
-706.884 560.619
332.429 398.863
-824.016 107.054
963.711 -634.723
-63.566 875.792
683.015 520.324
390.237 678.833
-841.203 328.737
551.112 -662.068
413.305 -818.789
-837.287 437.088
91.607 940.109
15.451 -550.218
777.997 -570.632
-427.891 -711.778
-182.213 -497.329
-494.08 626.394
514.205 -789.143
-33.085 619.807
-275.395 -800.569
382.06 944.223
-522.345 -598.958
-555.254 726.687
-200.323 783.991
-108.546 -675.716
937.427 35.145
364.103 522.567
188.836 160.066
589.081 -961.943
-726.517 637.938
929.348 -375.309
122.918 -409.805
657.494 -113.368
547.572 -782.38
-926.049 -110.677
473.608 115.844
72.21 -172.71
80.733 351.467
90.266 990.105
-758.869 -437.805
-900.852 912.327
-389.404 697.864
-613.765 19.496
136.828 743.8
-335.356 289.037
803.477 -55.399
945.251 754.065
-569.388 -107.176
427.827 -94.94
-68.955 560.312
677.294 269.759
-787.035 920.948
731.298 350.13
236.651 720.861
-603.259 578.555
-500.842 -241.4
-880.623 137.397
632.239 -24.114
923.353 977.953
752.394 935.169
-681.857 942.748
-729.321 -460.375
-249.326 606.02
641.855 237.613
744.86 -609.049
919.615 839.698
391.685 -241.542
130.423 201.721
-226.013 137.596
-606.0 -607.498
-636.041 -423.906
-815.849 523.091
241.404 -482.683
-459.677 -134.909
379.408 -484.755
322.751 576.37
-95.375 782.431
696.402 -5.601
495.236 144.57
-426.258 20.692
276.412 -387.679
958.752 -500.069
955.682 -961.122
583.146 7.137
504.201 100.553
-347.583 -895.703
-241.198 -413.031
631.151 -569.512
443.121 -290.695
-232.872 -672.817
912.424 541.743
357.236 -904.885
-294.631 799.563
-320.092 983.244
-818.942 506.901
201.092 -90.058
972.346 371.252
122.789 -242.833
-930.745 978.676
241.545 -161.117
-351.221 -231.557
-840.89 -167.095
-78.577 103.656
597.774 -858.432
-5.977 -89.133
751.345 510.768
-756.566 97.453
-688.181 579.648
858.465 652.521
-254.001 643.7
-919.248 341.772
-964.218 -690.837
-907.408 853.801
-873.744 -95.008
-720.966 -949.78
-496.903 351.041
707.965 499.788
542.92 -298.75
-244.662 -135.148
185.667 -222.222
115.52 462.621
202.182 -275.065
-577.25 -692.059
-173.204 -205.487
-437.095 840.885
173.842 846.819
-891.57 574.306
-784.103 -901.651
906.362 63.643
-748.991 -790.247
-786.113 -45.548
-453.249 325.425
656.526 176.832
-132.328 -207.885
-285.835 -471.82
383.027 -277.083
-38.719 300.977
-650.904 -108.118
662.801 -291.641
474.915 -47.788
-514.999 302.459
-652.27 575.067
-52.222 -499.639
-698.722 32.349
160.362 -954.38
-209.378 -394.254
695.032 909.322
294.196 -401.557
-586.129 -345.401
-442.879 80.166
131.893 -57.626
-619.904 475.365
-910.799 119.345
445.396 355.021
-33.228 -71.881
-16.086 -894.462
-806.461 -368.064
-493.508 -734.727
151.95 946.418
-704.455 -284.834
432.138 214.053
-161.698 280.97
-707.961 -634.606
-32.956 -897.627
750.805 -34.018
471.922 237.306
-520.835 -103.478
-936.895 -31.837
-435.674 -353.038
526.316 -163.797
-336.355 -385.006
867.989 133.51
-992.817 -887.226
341.451 -44.779
182.036 -560.947
-309.042 591.928
-688.343 765.727
425.639 -252.2
-618.382 -848.494
-211.868 696.35
-887.074 805.034
954.24 683.493
78.786 -198.607
453.202 726.075
-778.633 -785.187
-109.997 -77.848
-185.214 -526.596
-633.119 -437.922
952.171 809.668
145.443 4.371
845.247 708.072
-576.217 735.709
-911.634 432.512
-706.218 451.654
441.683 -39.772
-669.045 -183.461
-645.932 -366.602
62.353 -763.409
771.285 933.183
430.92 138.432
-925.16 955.412
-808.316 199.398
71.476 -276.269
709.973 -301.493
-879.724 732.191
-285.24 246.396
-844.367 857.606
-420.32 95.359
-133.993 789.823
375.755 -781.611
813.999 -526.936
-465.283 -76.524
-963.334 -794.48
-567.766 973.512
-683.563 -971.147
-394.229 -410.143
-594.129 71.433
-744.331 569.327
-820.482 -895.639
-11.486 772.169
414.43 716.089
-890.207 -42.502
-297.588 -22.173
806.34 924.363
995.806 -61.51
-617.098 -570.021
281.872 -160.173
-97.589 678.07
175.933 -219.809
-756.88 -700.209
986.838 656.639
70.265 615.644
-316.161 905.139
180.56 401.998
724.11 269.481
-547.226 227.154
-2.744 -640.042
-146.685 698.406
-42.134 -52.688
651.268 -636.623
825.783 246.287
91.81 -517.372
311.527 427.144
69.062 -832.616
-247.963 -46.17
-285.448 -104.106
-542.223 27.517
-163.729 473.32
826.181 120.176
242.807 -770.564
-589.815 -344.143
-203.73 -193.02
-312.362 -704.881
39.23 -80.113
-316.314 -551.791
-504.705 612.579
560.586 122.368
-151.511 -866.593
943.272 796.986
-321.07 348.598
730.068 52.338
241.864 477.35
382.906 498.386
142.862 695.953
548.986 -433.491
33.526 148.422
220.26 716.547
946.456 -606.853
-740.12 -66.6
-325.691 -457.832
-967.456 -343.485
-282.832 -920.141
605.887 267.195
507.135 851.248
-449.018 -584.223
601.47 107.405
238.318 -352.986
-378.539 -480.0
131.348 -749.461
449.159 -36.965
154.94 974.636
481.882 44.267
856.581 887.106
-713.932 -819.34
427.498 -365.816
730.559 -333.495
634.876 204.005
840.436 839.975
562.68 686.863
-260.299 374.931
893.823 -226.756
416.291 653.776
642.036 200.765
320.476 -738.068
798.833 791.157
-879.73 57.824
-901.282 -929.114
-523.791 93.759
-780.499 541.097
-95.022 807.553
-652.284 304.67
-904.132 635.665
-820.968 -553.102
-722.415 -907.021
335.328 -715.669
415.02 220.645
524.787 615.416
458.014 505.422
-490.301 900.373
-677.026 -645.436
996.748 241.902
-430.982 -3.176
-515.239 89.995
-554.049 -824.97
-199.428 -544.976
-329.601 -271.622
538.16 563.621
-975.736 795.314
263.879 0.418
-267.784 -990.786
-774.555 -662.843
844.376 237.176
535.308 -26.293
-982.455 -838.644
423.94 -712.593
800.084 913.67
27.827 -533.434
-447.835 344.883
319.623 -536.867
-502.924 -259.004
-578.432 -271.295
360.957 -352.161
518.495 -704.048
108.055 347.957
-629.633 -5.14
647.776 471.619
212.845 -517.586
-843.014 201.308
896.173 475.425
545.109 -806.409
-814.179 25.076
505.207 558.215
627.566 -8.89
713.005 -479.457
407.01 -213.764
-2.59 262.038
398.685 550.858
297.732 -672.439
-204.839 662.374
882.745 881.571
832.033 63.997
670.786 986.023
-192.951 862.706
-829.26 605.754
-473.997 -525.2
-640.468 -840.49
-166.889 834.261
96.14 398.268
155.852 384.56
-857.891 96.954
926.754 -32.533
648.778 299.535
-766.661 860.18
210.187 862.978
443.996 -104.446
559.036 -403.471
-457.804 901.035
335.536 -481.151
-53.765 469.146
831.033 -715.289
640.007 855.87
350.12 -567.593
583.234 -769.438
-273.463 -980.688
-178.227 417.165
282.694 368.688
250.472 -967.254
-440.535 -156.94
836.753 -691.121
493.622 -314.802
649.437 -711.551
-320.081 872.465
356.608 -627.097
537.112 949.815
389.054 570.763
844.832 -977.164
-693.561 273.289
64.161 422.489
-416.457 -647.784
199.539 -819.88
442.816 952.543
728.386 -924.852
-11.703 -688.601
-499.021 836.577
-440.786 -202.361
-557.021 -633.348
-72.0 107.782
408.702 477.148
-433.614 592.828
-561.781 -345.807
-126.377 322.598
108.889 -251.325
433.923 -699.023
-302.996 920.286
-454.654 190.14
545.42 130.189
8.11 -164.682
960.272 520.197
-913.581 404.094
146.1 -487.465
227.684 -772.58
580.755 -411.153
330.474 438.685
697.129 -94.493
-841.28 803.512
-418.694 -324.585
807.23 -868.258
-911.984 -304.288
899.523 976.478
-24.846 -342.872
878.596 30.221
-245.128 297.703
-524.823 -254.996
789.232 367.817
908.009 -95.67
-234.665 -212.565
-899.903 169.306
-832.175 226.753
-137.417 532.599
-533.271 543.687
-682.906 -623.256
48.776 -574.962
752.715 -878.372
257.82 -578.383
338.713 441.446
348.69 551.871
-215.763 114.65
911.059 -107.938
-898.479 -510.071
324.295 513.586
-538.247 -151.898
143.197 -327.319
-196.925 799.611
148.284 639.489
676.515 -926.671
97.74 -969.81
764.0 -889.31
585.212 446.053
751.638 -164.05
-775.386 238.867
-304.914 -52.93
-465.689 -873.921
-824.596 -841.191
-515.283 145.284
437.775 -977.688
764.191 581.352
630.994 -845.68
-875.306 707.124
571.729 -229.096
68.276 559.227
470.603 -141.333
167.613 385.851
-772.088 -111.241
428.733 -233.642
-525.815 894.848
969.157 -704.344
679.804 -789.31
-628.426 -560.299
76.61 267.539
-484.503 -447.417
-625.239 860.018
-789.667 945.045
-519.341 -405.627
-916.473 649.843
-376.48 202.216
-373.454 984.771
-210.002 379.084
-178.193 -262.429
-461.278 810.001
-753.564 -801.184
278.893 542.091
245.291 844.62
-117.484 -411.08
538.825 253.373
826.359 932.236
215.67 -471.718
902.797 15.877
-738.545 -925.816
570.408 -532.717
-983.379 -988.49
774.119 -536.405
885.549 -940.1
-461.104 -120.841
-721.07 -60.685
-607.897 482.425
-73.59 908.902
-598.511 268.234
-152.284 -367.215
449.738 -38.432
305.173 -375.463
197.227 33.242
829.409 -323.309
469.286 243.808
-750.366 -115.497
-506.167 664.821
-188.924 -142.95
-262.015 -590.182
-83.099 -679.997
-362.775 630.055
-471.18 -765.299
600.365 -579.897
-248.868 -207.892
-933.822 561.537
-911.675 -387.83
194.738 -492.058
273.753 118.77
-824.014 784.646
-412.324 157.644
812.051 -80.52
907.665 85.972
936.941 405.603
-406.807 -235.975
32.57 336.968
791.043 490.361
-530.739 238.303
-604.682 -815.162
-235.583 -57.774
-352.481 -939.36
-583.475 536.405
953.416 854.868
224.083 58.777
89.712 -634.402
-272.614 -616.733
235.074 -54.587
494.813 -201.862
961.718 60.093
335.022 970.816
534.852 865.141
171.522 -179.084
-673.105 -593.254
-473.054 956.177
-794.098 989.83
683.053 -644.821
-339.098 993.923
766.898 -452.443
-477.942 264.285
-999.12 -84.207
-740.582 -822.447
-854.044 638.168
-753.186 -648.991
173.147 784.68
-205.311 860.361
-95.538 148.029
411.234 -178.377
-752.214 220.973
429.456 -520.123
-859.038 -566.64
-195.295 892.749
-571.748 -333.0
-25.69 502.747
-47.602 7.545
500.269 563.045
-14.301 747.981
-796.453 -124.636
775.382 -161.438
-774.242 544.586
385.043 -680.046
458.374 627.632
-783.883 -879.304
151.02 208.043
-960.953 -455.844
23.839 -864.497
263.74 -174.028
740.924 -929.648
-228.485 -147.316
-985.953 -661.646
-921.202 -816.156
-97.992 -267.914
347.369 494.876
291.071 982.764
503.7 -509.604
-106.649 -557.162
-884.692 -841.908
-937.898 -897.575
-537.662 499.18
62.303 168.593
-552.34 -912.286
-769.97 677.553
-344.778 -294.811
158.806 827.441
-555.616 572.678
484.35 -675.65
-733.528 -134.843
689.165 -914.477
785.146 -948.154
-43.096 663.258
444.417 629.502
378.35 -165.027
846.167 -409.67
448.838 -925.895
-348.284 614.518
543.933 -450.853
-762.844 260.713
-292.861 -649.348
-906.589 719.312
-311.442 640.991
-368.334 -647.335
94.388 -557.151
-216.107 -131.992
13.477 -260.104
96.863 997.806
238.779 641.506
-486.454 551.131
-941.277 -97.59
231.735 -805.889
-81.224 790.905
-335.087 -126.554
252.734 -335.725
-670.882 -253.135
-925.045 16.01
551.806 -299.924
446.426 -149.824
872.597 76.63
776.601 -312.686
-865.211 544.697
846.548 417.731
-662.076 -432.136
-143.759 892.5
-49.076 692.156
-847.905 121.465
467.643 -593.484
205.963 -547.801
706.041 658.718
-118.334 95.231
733.85 -115.256
733.977 -995.327
-404.724 -248.471
-471.577 -466.401
-326.713 -836.219
827.315 0.399
-165.657 40.673
-601.085 -643.974
365.086 977.523
290.543 -456.259
930.571 -704.623
-594.502 -48.547
-407.773 -373.626
-819.22 410.217
-856.496 -121.943
-37.685 305.047
-534.341 -707.339
-614.002 -780.108
41.454 -382.962
-967.974 560.144
-737.997 -34.33
902.83 374.478
443.748 875.039
-183.171 -32.911
-329.517 -689.978
-308.868 -743.752
671.516 -411.309
194.907 -710.061
-81.867 408.439
598.33 698.647
-897.857 -733.62
354.928 -949.166
-304.009 690.744
809.371 492.305
-108.139 305.427
-849.37 -802.865
-948.774 -841.518
681.681 -424.094
930.591 -971.39
-620.894 -891.147
-160.468 79.881
-59.375 -777.761
590.078 -111.699
-283.525 48.431
167.655 -49.068
435.333 580.27
621.21 -680.902
682.865 600.813
314.699 422.191
-580.008 229.847
311.815 24.512
-196.471 -272.98
-627.654 -812.929
-517.895 935.392
33.899 -161.295
-195.857 646.144
-962.168 678.022
-344.448 531.394
778.065 968.527
613.811 710.842
-237.8 -902.213
-904.631 -188.389
-589.043 245.73
-997.693 -376.993
531.582 -791.522
173.008 72.316
972.657 138.164
816.689 -225.554
486.965 -19.348
-619.548 -634.043
-161.611 472.235
-856.11 -471.054
-695.789 -231.49
-774.926 537.554
-691.17 152.921
327.377 641.143
135.596 697.317
303.236 374.726
-788.459 -9.188
699.741 314.648
-358.948 -697.277
-753.683 75.701
652.868 -413.069
598.903 -268.826
862.452 683.946
-80.629 982.796
-286.401 354.367
619.264 625.492
896.84 -281.042
511.799 639.829
910.779 -671.339
723.194 -464.942
581.336 -285.422
-353.197 -222.241
-399.643 157.909
188.693 891.833
246.076 317.123
43.043 -85.916
-666.343 122.442
760.501 -640.212
-753.325 -920.252
819.735 -735.517
-371.088 -284.961
-701.024 -410.319
338.881 -838.828
747.114 -738.264
98.021 445.483
32.092 35.945
378.809 939.655
-824.059 -959.376
-183.975 764.223
-186.727 309.109
-358.933 -841.71
-436.841 566.131
-168.68 -126.864
675.145 -728.501
783.351 699.601
-330.774 315.7
158.642 930.654
-257.134 -543.216
-594.421 -490.911
158.554 -129.271
-772.64 215.934
-308.196 372.902
565.095 -760.823
-253.992 823.734
393.223 -621.672
907.652 -423.768
-136.54 310.517
-301.92 332.868
44.548 -71.557
-562.535 948.665
138.708 -657.313
471.113 -138.176
-872.69 833.742
-596.777 437.85
-227.713 757.695
675.707 483.955
251.872 2.11
-164.678 471.814
-995.191 -455.196
863.098 839.871
-885.534 786.088
971.478 -106.385
-675.444 46.362
-429.263 979.271
-976.448 -126.68
459.43 -216.004
731.224 334.569
318.827 -933.43
-148.797 866.059
-671.376 -883.379
432.086 835.696
46.917 -587.297
786.117 639.823
492.098 -346.055
114.805 -875.469
832.448 446.811
-888.823 550.486
255.912 25.532
-304.022 -555.713
-160.495 -943.147
536.987 -595.61
-414.639 -952.308
707.931 -586.743
-50.313 -979.582
-547.94 108.041
605.933 -323.886
-452.22 280.897
-533.866 738.652
271.385 522.109
199.27 -569.974
-57.354 283.027
-174.587 994.422
3.027 -343.05
-164.518 31.49
525.305 969.875
256.079 -623.836
322.701 -205.442
-415.65 -22.856
-498.851 493.472
-836.324 -831.497
-934.347 -465.782
-622.199 741.155
860.614 -893.131
-830.766 532.147
252.603 -503.686
36.374 -294.922
-487.854 -959.822
-890.827 -719.827
-595.037 -974.827
510.793 -277.364
415.195 30.94
-433.551 -517.631
439.302 -387.528
238.838 448.896
451.799 -270.715
601.522 757.973
-993.552 820.257
-78.105 908.26
-283.067 -617.009
-368.06 -491.22
982.447 -749.471
815.157 -552.94
-894.092 572.825
472.052 721.237
409.562 -619.338
-263.298 827.904
741.442 -171.714
324.638 -985.917
121.25 439.058
111.711 957.123
-297.911 246.937
586.24 256.486
-203.565 84.45
-878.398 361.191
-150.817 -448.313
-939.731 -100.71
32.949 -372.482
-702.622 685.514
92.353 282.715
-614.235 -221.35
526.062 -809.79
-408.486 -858.233
-83.608 713.928
-334.355 663.101
-418.247 119.129
751.786 176.336
-835.689 -242.222
-32.716 299.679
402.015 -14.322
-643.643 612.193
160.066 -859.416
-606.611 -282.704
829.45 348.113
-120.508 895.096
-37.03 272.802
-910.361 277.208
528.503 287.414
-565.971 214.467
-271.631 223.514
386.817 -834.68
935.023 660.306
-538.419 19.737
-171.304 97.31
120.205 701.783
122.596 446.335
208.623 -537.255
88.727 -486.61
-914.57 -890.096
-73.926 688.802
-171.012 329.767
213.03 933.304
359.074 -659.17
691.514 -483.399
-790.786 178.928
-804.971 276.005
361.626 -645.413
708.303 175.271
-805.479 -550.87
698.358 903.845
-327.623 496.128
-402.967 281.125
-962.013 -261.625
393.672 946.961
734.752 -858.363
64.231 -755.304
800.909 751.451
-545.113 495.591
-286.295 562.363
-959.054 -495.136
460.824 69.75
-452.528 537.082
416.053 -579.448
407.513 -6.622
957.179 -290.425
800.264 919.985
556.281 -334.867
259.983 516.224
279.868 337.774
-363.512 -249.331
-391.231 -367.308
-198.561 -216.968
-951.44 -670.827
412.437 -817.813
337.219 750.978
-784.297 -803.519
-129.656 959.691
29.541 -451.858
-559.856 720.926
-22.227 -328.101
393.479 991.421
106.791 662.232
613.395 50.816
-898.668 -679.912
-197.408 -532.436
280.712 -584.172
236.818 -183.346
-834.461 481.515
827.692 -982.08
-914.775 226.067
-224.21 -413.19
-585.58 208.326
-362.985 57.798
-953.241 88.378
761.505 -802.368
908.788 -50.406
-389.683 465.156
-67.31 534.651
-686.402 -517.723
-952.804 875.936
964.791 617.256
192.495 -194.149
-126.221 240.245
-854.598 666.222
-77.603 37.8
-308.266 280.168
-451.111 -448.997
-814.16 -60.931
523.128 -875.636
-140.02 -667.995
-839.527 -569.121
-303.157 -757.955
-68.751 203.311
-844.439 859.707
544.259 30.278
999.037 809.623
571.134 594.264
-185.627 592.89
-392.025 656.668
119.152 -147.073
-730.916 -440.075
-883.988 -914.337
749.757 -745.312
467.349 -710.392
-258.777 185.07
-828.21 -608.255
-680.442 445.173
333.285 -794.803
-433.261 -92.795
428.267 149.331
633.72 -858.118
85.566 969.315
795.881 -770.407
988.655 49.574
29.202 882.12
-804.063 -863.414
807.765 -464.983
-968.976 -763.649
-202.466 591.714
-270.741 -759.294
-523.198 270.48
29.635 -735.448
366.05 -576.757
-163.853 -573.936
-810.702 325.813
296.591 960.316
136.055 -565.077
-776.968 281.862
-811.823 819.456
631.046 922.484
343.678 189.463
145.253 -985.859
-339.694 -54.228
805.636 829.517
907.179 8.734
-177.951 687.408
211.016 -3.73
-219.231 74.408
531.628 -895.368
-628.071 -801.59
-815.608 431.847
-564.426 323.711
-754.871 -202.776
-567.869 -807.561
197.447 -559.459
-50.749 -195.737
-9.348 152.292
-414.376 279.489
162.018 857.798
623.358 -256.684
809.24 -383.638
-462.67 -319.936
-758.499 -722.511
528.671 -4.922
462.338 239.969
598.945 599.769
363.744 -416.089
523.431 561.639
713.927 280.569
219.747 846.984
-73.599 -952.018
-135.214 550.59
457.943 918.604
-892.323 536.72
-448.715 932.918
-842.872 -501.058
-899.708 271.786
-68.206 781.05
-668.345 -208.401
-779.878 -224.914
-527.644 -323.725
-76.296 -157.681
-295.659 -423.533
732.198 -555.506
-345.273 -783.977
-550.783 -484.853
197.601 254.976
900.102 937.446
-231.674 243.431
-435.416 -256.753
-719.4 469.201
255.747 -120.188
-674.344 268.448
-420.657 -19.283
734.165 -837.085
224.05 -100.212
-801.731 -899.39
760.164 485.821
233.598 741.037
589.463 760.061
697.638 14.429
662.916 -219.3
996.445 -934.638
-176.57 664.379
-132.474 -584.953
-484.667 458.742
880.159 527.46
216.672 865.49
246.709 857.546
-86.54 638.859
-812.019 730.688
-117.789 -909.027
-23.461 319.828
-964.742 475.471
-818.802 933.925
99.562 -956.346
-400.719 -861.795
708.579 630.592
880.319 -969.583
12.456 -677.943
283.791 394.7
968.667 -572.63
-560.474 -322.282
740.046 225.317
-427.352 -975.539
124.434 285.721
-631.937 -531.923
-336.771 136.304
-332.654 -75.707
248.791 695.934
-873.463 417.722
729.747 565.226
523.576 25.341
920.341 -257.194
-463.141 154.277
-398.507 -672.693
88.451 545.644
-682.763 503.297
-905.087 90.405
796.069 -558.429
-593.042 906.707
444.247 -69.29
-916.383 134.339
-689.944 715.062
760.247 -274.286
77.425 163.984
-106.383 874.178
30.46 233.885
-112.347 -322.666
165.711 813.892
-621.912 338.982
-38.432 -172.659
321.651 -509.245
698.155 415.504
-445.365 -927.62
-368.341 -27.292
7.519 52.769
136.544 334.061
826.623 -389.816
-998.664 394.852
861.478 -909.483
332.038 287.501
-78.03 -315.858
-904.383 -853.121
296.852 -899.898
-233.499 982.097
193.357 -898.071
815.12 902.801
48.266 -998.024
-605.138 82.275
799.22 738.15
-895.479 -903.13
-14.33 -392.484
954.525 987.009
904.961 -691.861
-184.899 -673.775
248.766 522.229
-611.667 705.081
335.54 -15.153
487.521 821.66
795.703 -260.071
78.924 -295.626
291.356 767.987
-657.006 -8.595
-96.694 -938.603
860.555 140.0
-439.942 -340.485
-968.052 229.732
-260.438 155.951
-218.808 74.511
47.555 -73.897
-773.76 -518.746
-299.502 -942.885
356.427 355.92
993.731 -464.252
-608.115 -213.545
844.801 33.754
278.341 -856.03
426.953 -657.546
839.368 208.786
-134.965 779.016
-638.992 -801.524
-659.666 358.458
905.791 869.115
-106.107 70.311
-578.439 -84.969
119.77 -985.301
808.257 17.599
-141.96 -922.676
343.334 -697.061
308.177 -346.629
793.313 -708.792
805.303 749.625
-487.146 416.52
-349.65 -208.746
-398.67 149.284
479.148 -293.837
-995.095 -269.54
731.98 33.122
-242.506 259.465
815.712 -509.49
751.276 552.397
267.527 -665.1
-333.55 824.987
595.113 543.501
189.097 600.672
429.297 217.783
985.661 -579.526
-788.588 -733.394
294.073 701.173
-758.564 573.888
-288.765 -510.637
509.842 -982.148
-956.779 819.88
-150.755 -179.313
-291.887 634.732
858.607 615.831
-864.404 -449.308
-320.691 879.758
-415.796 242.954
660.136 34.047
-161.089 -417.675
16.263 653.646
662.837 858.135
-461.858 774.098
404.342 -762.701
760.651 -336.8
-971.77 -495.754
-860.309 -451.903
-636.468 747.72
146.537 741.104
-335.177 -442.633
-702.505 2.264
349.47 205.534
591.574 -606.643
-320.355 505.984
-575.373 949.773
299.595 186.35
-175.832 -428.96
-968.302 -450.754
-823.461 -363.067
974.858 623.749
-556.352 -339.904
-870.479 281.831
-460.455 -144.396
-168.372 985.868
773.589 -948.363
83.296 -813.498
-486.792 856.242
309.438 -604.274
-993.242 442.765
-692.118 648.257
172.986 141.414
-274.41 993.468
-862.548 -107.987
-656.552 418.933
-802.216 115.962
161.27 -114.006
-325.534 892.254
-267.7 -169.833
-478.818 -764.501
108.109 435.284
899.174 53.167
111.799 -328.804
803.22 410.828
220.396 809.992
475.271 825.762
546.506 417.672
204.817 750.047
-744.986 908.126
64.778 275.954
-611.426 -732.8
15.622 -245.955
332.38 552.259
-237.81 -134.939
-566.618 -797.722
261.939 86.586
-462.597 -67.834
690.291 595.571
228.373 -237.592
114.382 -838.299
770.667 422.891
-984.381 -204.524
-278.354 -251.19
790.526 -948.797
554.739 -342.762
991.091 -558.735
-211.538 -181.133
-131.442 882.258
54.524 -379.642
502.511 -476.83
-754.675 -523.824
318.846 546.31
259.81 600.71
-664.765 904.44
-33.5 -987.936
290.801 193.02
562.508 -826.95
-688.311 -883.11
910.704 -429.754
-939.201 -236.586
-416.621 -192.465
-473.915 532.564
182.908 80.286
705.26 173.534
838.924 -803.587
700.094 -36.364
-508.293 -896.586
-841.252 -15.198
-875.498 -660.563
-170.204 -559.336
-464.685 918.997
-662.072 -388.452
860.092 -152.404
-469.97 -827.433
551.526 791.884
-797.375 115.723
-157.611 274.674
-810.416 -119.954
-772.168 -392.985
-295.83 236.554
572.318 -867.143
994.608 -499.862
601.294 42.292
-277.939 -242.897
-139.825 727.119
847.666 697.292
-451.56 986.16
586.525 780.978
19.591 242.607
-564.771 -535.897
-917.252 427.989
616.317 -429.243
487.095 -864.746
445.816 394.68
610.298 671.004
-774.757 678.976
-573.047 273.857
357.117 633.346
-216.429 -561.073
186.904 198.789
-946.001 53.087
443.69 310.989
48.471 -419.378
163.999 -928.072
-583.256 473.11
364.528 916.806
-237.212 -794.777
592.215 336.916
-335.228 291.664
-793.479 335.432
-63.503 -150.146
61.952 340.363
725.421 328.371
854.679 -521.316
-962.138 106.406
-279.202 333.468
40.828 -484.532
-447.698 -760.135
-704.637 10.002
-36.181 -826.302
-414.46 -825.064
-737.94 30.653
-66.106 -189.031
784.529 575.821
-638.531 863.076
-480.374 446.723
-700.177 931.457
55.273 -409.689
-765.833 772.415
-255.411 74.126
301.577 371.957
-905.961 437.152
976.273 -327.432
884.441 4.33
-969.45 -723.07
726.152 -511.096
986.043 -750.442
-93.647 722.682
-106.556 -700.471
56.731 19.439
-636.382 -105.729
-221.143 -373.204
639.048 277.495
49.31 -138.535
737.988 594.106
678.083 485.744
25.434 -673.917
-418.27 -22.689
-638.98 858.393
815.279 -123.844
441.924 -730.315
313.164 -917.191
5.937 949.2
521.002 659.927
47.288 867.856
-418.168 239.184
745.337 814.862
-974.13 258.929
-710.964 493.694
102.769 -837.097
140.635 -435.415
-854.311 -204.887
412.972 130.336
-173.259 250.515
184.148 -438.838
91.121 343.474
-62.105 341.258
199.189 436.877
151.633 -355.285
-253.214 -892.556
688.578 301.456
738.301 -952.895
-515.524 -909.811
-815.688 310.524
-562.949 56.183
-720.566 563.472
946.91 116.884
907.532 123.076
-7.515 -547.853
175.294 227.528
163.378 -74.683
-98.203 -747.216
-950.051 456.833
29.941 647.422
-770.604 633.719
689.599 -45.935
-970.197 -771.39
781.805 605.329
705.566 22.999
-623.034 -23.383
628.824 621.076
-302.377 707.837
831.213 838.072
-5.819 249.538
-410.395 597.577
-321.157 -325.119
99.147 -840.479
491.435 -175.784
-895.701 83.609
771.1 -947.712
88.29 978.853
-583.722 -274.249
140.824 -245.629
-609.055 -368.928
-389.329 -108.609
684.307 225.411
604.182 540.466
-592.484 -3.968
-739.514 134.592
-52.767 -926.839
-344.777 164.877
830.342 -228.826
874.686 -989.727
-705.027 84.504
-264.801 -718.409
524.71 714.635
22.29 -919.663
777.407 629.012
613.258 -870.236
-848.833 -744.287
-320.67 118.997
-490.364 332.298
792.772 674.001
-281.034 -772.93
-994.099 -271.154
-211.321 -26.148
490.005 -732.771
38.031 70.03
-844.504 58.756
897.622 -222.355
567.236 540.345
28.794 446.825
-651.593 -785.684
-664.414 170.848
-158.965 288.627
-19.039 -630.441
751.972 -495.019
726.293 -484.511
-620.666 -892.991
-109.809 -436.383
-638.324 -411.794
-334.786 699.036
-910.341 -385.487
-98.458 -482.379
812.276 594.289
880.435 797.623
340.392 -181.979
-383.847 -803.348
656.774 395.044
-30.021 347.807
859.356 40.688
-607.993 -128.147
754.568 986.517
-301.226 -654.329
700.916 112.075
434.212 -142.387
377.643 -483.342
-487.585 299.355
-484.797 112.639
148.413 -166.959
-526.912 -30.992
-427.78 -872.125
515.139 -602.581
-480.023 742.825
419.826 -622.062
615.399 577.782
926.159 496.729
207.079 234.008
151.604 -530.561
-591.332 501.215
441.177 -45.543
-947.574 218.536
-170.942 -686.885
621.624 712.427
-4.27 -268.04
-716.513 -477.914
-42.183 -482.875
-726.6 982.062
-905.38 325.202
-148.206 -219.326
-141.557 -123.027
-208.529 836.824
-62.702 540.091
-966.819 404.185
-414.25 -876.005
-733.771 477.788
598.688 301.225
-310.418 76.53
-262.592 -749.925
-537.97 111.894
-752.427 421.195
126.75 -103.109
103.353 -385.405
268.838 -943.09
115.826 -32.557
41.272 -771.279
-541.463 386.005
-862.367 887.152
581.473 -533.143
-222.609 -829.849
198.425 477.031
295.936 356.685
-493.427 808.389
204.29 -620.057
-202.866 -757.629
605.906 -149.004
-28.891 -480.438
843.966 -65.454
-859.245 278.877
-464.466 835.714
-793.433 587.257
-908.28 629.45
-731.325 444.053
-500.546 463.037
140.916 -514.917
553.032 13.252
-205.503 691.543
-870.799 307.475
-373.518 -885.618
618.546 -464.009
-612.524 177.843
-717.155 658.448
340.89 354.007
-321.221 211.22
167.986 -625.808
858.269 -578.587
466.388 -66.968
-290.067 -638.032
445.672 871.087
727.966 -303.688
-285.283 778.339
-305.68 467.585
857.274 -754.137
-716.135 286.861
560.917 -438.121
631.3 -156.82
-287.698 -291.202
884.748 61.67
-542.096 -239.314
895.017 386.236
-897.535 -774.212
532.752 -856.584
-776.06 -196.92
808.174 -997.367
543.353 -766.443
-343.17 -292.876
-658.771 -900.223
254.64 -399.347
-730.985 338.717
-954.192 -11.812
438.91 517.835
716.968 129.407
-934.418 -910.76
695.92 -394.318
-88.293 -270.032
-405.683 689.994
-892.209 -213.135
-190.859 -446.089
553.27 -697.975
868.683 -161.562
988.09 926.098
-730.706 815.515
-676.981 -671.2
718.215 -256.665
-634.715 686.373
71.49 -699.2
116.39 246.137
-143.652 521.77
933.615 795.251
588.033 -330.609
-50.126 969.069
239.99 670.497
176.856 673.671
-155.103 9.609
209.41 929.946
-445.549 44.958
533.821 -145.928
-441.848 -136.102
-374.803 543.787
-272.345 859.99
44.857 -35.306
-800.517 -674.073
294.443 992.198
333.756 761.322
-764.717 -799.556
-723.443 276.451
505.647 -109.942
-29.384 430.424
605.509 193.867
806.993 -257.867
360.679 -851.614
659.255 -653.702
-49.695 899.815
849.378 -142.237
494.832 677.853
292.95 838.697
-550.253 -975.188
574.637 443.029
-764.347 58.247
935.888 57.426
-958.561 -371.611
740.037 -504.501
-612.633 -85.393
352.284 -13.46
-561.032 -689.304
-448.551 -106.307
188.759 -508.819
-834.9 498.304
-715.963 -190.861
-485.392 -492.309
-428.238 -323.425
-977.479 -67.639
-485.684 740.473
-45.773 -2.651
451.377 -945.199
-311.062 -56.767
-657.302 -329.593
-264.585 368.182
-617.229 870.399
210.598 594.96
110.6 210.373
-205.948 -194.457
502.156 115.748
-983.78 -133.919
-542.06 -965.228
-38.319 926.086
929.782 -806.365
705.964 518.772
379.139 -505.993
655.984 706.847
-544.779 -677.469
835.044 -783.77
87.231 997.621
-183.265 676.783
962.368 235.037
-454.808 612.075
-651.224 648.766
-69.998 157.071
956.773 -345.51
147.354 -767.74
222.976 485.246
32.452 -61.548
873.056 -25.13
775.722 483.467
-130.256 180.514
991.841 146.543
617.396 120.315
787.184 220.91
240.133 -591.237
-463.177 -676.958
810.248 790.668
203.969 -833.274
842.38 267.473
-928.302 -106.007
-739.922 879.586
320.916 337.27
242.768 705.273
-140.818 161.378
-785.21 921.55
-926.217 -775.459
710.789 -752.2
692.96 -608.765
-375.781 634.24
-938.364 213.352
-771.23 -962.191
-274.253 -277.275
-946.111 -335.491
526.988 652.274
-593.695 20.931
-198.723 -421.277
523.858 -962.231
-783.247 508.472
-727.127 311.839
91.866 -514.409
647.852 110.333
263.084 -969.681
-191.027 -298.494
-398.699 -452.772
538.356 751.933
-862.338 -93.926
739.608 128.169
-796.034 -708.577
-666.561 554.454
291.352 -650.079
-797.589 -123.927
-511.927 533.879
-912.6 -610.902
534.975 170.002
-490.941 -667.455
935.634 228.118
-966.222 -353.711
-415.311 549.26
-864.913 -677.878
-100.631 -286.745
-264.291 705.286
191.03 -539.655
392.552 461.585
-325.872 963.759
208.187 -747.392
250.229 437.926
391.654 893.472
626.329 560.396
944.135 -56.122
985.889 -236.922
-268.053 -823.326
-525.547 -195.759
-321.018 339.698
-521.026 703.99
-187.999 -716.382
-978.686 258.233
672.213 150.526
-799.148 653.005
750.448 -730.663
-261.36 -330.613
521.46 581.093
-937.711 -902.141
-881.971 -415.229
-317.849 -31.596
903.473 -144.009
-450.549 -555.122
-479.477 526.352
-718.053 -193.808
-732.586 -707.611
138.163 111.851
846.975 899.258
115.598 6.666
892.724 9.439
464.995 763.542
-605.149 533.674
559.584 -853.306
613.804 -123.115
-444.903 -615.581
280.935 -485.961
934.748 -739.129
-853.81 -888.751
164.675 436.538
589.833 410.642
-694.46 -471.875
718.399 -793.363
417.252 203.995
578.581 568.749
-431.566 -671.019
-694.846 -456.313
88.083 -878.018
-497.289 -978.37
708.162 903.783
103.813 -147.886
-583.165 -658.45
355.247 436.628
-130.86 -564.362
-76.051 -888.552
-78.311 925.599
130.911 -616.343
314.249 -981.607
883.074 783.067
827.745 -826.102
970.973 656.068
516.774 -297.7
-920.257 841.78
690.377 -379.794
646.713 -239.538
350.5 -811.353
220.992 -167.314
-841.285 -39.445
-208.803 542.066
550.137 733.375
761.468 -91.41
-417.913 257.347
-141.432 600.201
353.451 -479.266
-197.436 -447.899
557.238 423.647
66.035 492.778
903.525 -456.807
537.663 -934.99
-898.977 -799.164
900.933 -862.819
-421.622 665.488
-985.922 854.945
901.118 754.305
500.881 819.231
-25.043 -641.476
598.019 -818.372
-136.791 92.261
227.338 357.35
-778.211 -432.425
-113.883 48.327
-439.716 -192.571
893.905 86.014
-540.957 92.668
854.998 311.186
734.756 368.548
-856.251 845.655
-407.51 -334.486
380.147 963.835
762.443 388.633
-268.343 -691.58
-463.723 -775.112
552.518 130.091
-455.232 -758.548
631.397 467.437
880.068 -253.189
547.639 887.887
-378.773 -655.772
662.876 151.076
-980.462 729.118
986.755 -630.65
954.198 -683.724
-351.117 680.985
563.392 780.038
-635.517 801.632
-520.892 955.518
-818.088 -827.168
-625.437 791.151
-579.899 -721.263
901.631 -130.741
845.663 -89.374
129.521 -45.832
733.403 922.539
724.194 233.343
111.455 -466.125
-668.8 864.058
-940.353 146.296
-39.243 198.522
919.78 63.75
-445.229 474.2
-265.648 -392.305
404.583 447.012
-992.356 34.686
-177.859 -534.327
258.976 608.435
11.941 -849.045
41.098 -543.071
792.466 -764.569
144.63 -83.067
-136.708 600.872
331.314 758.695
-39.856 632.242
98.536 -70.63
907.496 -317.762
-818.313 -729.586
-96.758 622.701
724.963 1.036
-711.216 590.053
690.459 -142.409
-306.103 935.364
-309.611 549.295
-562.906 -856.693
243.851 -337.563
-298.303 -354.942
-38.748 91.764
-768.88 65.347
883.073 195.888
990.183 -155.133
885.239 945.94
433.019 232.247
-263.404 -291.556
262.953 174.908
-335.837 -122.782
517.593 -846.442
291.938 -777.122
-65.711 -698.326
525.711 -767.792
400.636 -470.518
-339.213 -300.488
765.163 -800.455
-60.423 -637.898
818.763 864.84
925.177 948.417
163.226 312.255
-886.748 662.103
960.6 -320.374
-666.96 224.0
731.056 -98.866
758.224 -429.776
-869.358 -789.119
860.841 753.534
325.505 550.223
360.295 -909.1
-47.874 -870.617
-399.35 576.197
512.234 -891.043
433.448 -164.248
-89.482 -845.095
104.215 609.343
-703.452 412.449
68.834 -590.482
-336.752 -65.618
537.838 670.869
733.601 -612.375
-235.907 -781.1
-160.649 196.222
2.177 -992.512
619.536 290.422
646.48 -401.565
968.627 -546.588
349.753 836.938
-252.007 208.534
-331.543 476.469
-642.812 -275.799
-975.226 347.226
43.814 -473.788
-719.949 613.709
-717.879 172.568
-224.235 -729.086
-402.691 184.086
-448.983 620.477
-86.127 -246.443
-632.056 232.492
-167.256 -743.627
-174.396 -348.741
829.177 -882.41
500.107 -715.2
-719.242 795.976
-886.378 -975.799
100.679 -466.663
-57.143 -905.97
689.954 -812.734
606.306 -543.144
-819.5 -885.024
659.333 -478.937
467.393 -913.211
-600.21 -102.382
-557.981 -326.404
-168.685 575.318
792.983 997.351
759.5 -835.804
-679.232 -576.23
755.034 -510.876
-90.723 116.303
-514.407 103.534
-527.279 22.009
-239.591 -517.506
-878.539 760.371
-787.675 758.524
-5.799 251.902
-963.168 203.262
-874.795 545.322
783.802 -640.664
69.885 -517.422
-383.063 362.985
65.004 998.641
815.428 820.564
950.707 813.033
-464.375 -961.295
758.337 91.091
317.38 225.438
876.63 19.409
354.0 -971.502
-173.623 239.234
-551.679 -494.27
-61.979 691.059
381.999 -228.487
-346.366 714.314
218.618 -897.724
-568.646 -549.268
-820.007 -27.777
-974.678 706.423
935.516 -435.431
-732.445 -90.705
-767.42 -706.51
-743.928 927.282
-195.4 902.564
645.091 181.019
-379.464 -475.294
119.553 130.748
-127.513 244.216
-547.932 -989.923
66.989 918.483
-265.961 -795.607
-128.385 221.201
-124.019 -566.106
-593.365 -167.339
814.675 923.627
595.018 -150.95
-239.715 614.899
449.947 -169.374
-112.829 -920.646
880.586 959.087
-64.727 778.361
485.316 -845.511
-826.154 -97.315
-666.864 577.125
580.399 -571.735
-787.203 424.284
471.585 -43.621
-989.635 -947.678
358.685 -62.902
855.233 -263.184
501.075 335.927
423.106 177.456
702.492 -452.13
-40.704 637.934
849.692 655.615
290.637 344.243
-628.545 -652.955
158.785 -152.204
619.204 502.184
639.2 704.436
-65.01 200.37
976.855 780.893
639.438 -183.393
-331.379 427.603
-920.794 -689.34
-206.622 881.876
-266.722 707.967
-236.558 12.597
-950.279 -855.404
996.419 260.049
-392.968 -700.419
318.348 186.389
-421.846 30.376
610.692 449.114
-762.093 -665.953
342.261 26.423
-550.794 -434.212
405.948 -992.844
384.993 -994.091
-639.234 608.515
653.116 -144.202
-573.78 -942.427
-829.973 -863.836
706.424 -432.663
-325.61 954.703
493.116 -513.384
-484.773 132.037
-24.092 177.944
-279.64 -749.113
-194.635 426.305
-670.578 788.133
-306.764 -366.966
-169.032 192.2
823.117 -507.249
41.952 -546.582
-774.576 428.806
477.082 -462.977
-650.283 -252.064
-925.646 -280.435
463.906 -566.524
575.984 -592.401
239.246 3.595
-485.705 757.148
54.255 -956.561
-137.023 359.16
286.699 -449.204
-277.794 25.955
-375.593 -583.25
-920.945 887.525
476.247 -676.076
625.594 10.517
381.779 -787.009
-885.161 184.184
-443.283 -246.888
-637.709 125.625
991.957 85.832
707.023 -47.174
546.494 377.031
-565.786 -915.453
-67.93 430.72
-397.629 -835.192
-390.396 268.024
518.057 -78.007
173.282 553.929
751.906 -201.173
-470.285 -670.537
-565.428 720.189
846.119 -834.002
-848.881 -196.498
-457.028 -970.08
-664.164 -108.12
361.501 -480.71
977.584 -875.605
177.026 49.059
585.864 -856.926
-792.088 -663.259
589.447 360.049
572.865 458.134
102.506 841.682
-757.6 329.558
-299.079 474.188
835.434 -837.109
248.92 281.909
-499.21 -930.799
-994.976 447.938
-901.3 157.223
170.974 -298.972
428.806 622.209
723.853 -756.886
-79.324 -189.68
977.444 850.459
-546.477 332.5
751.457 -587.003
-914.084 -89.842
-813.633 -61.874
-258.113 966.133
872.898 606.79
-710.193 -171.676
-55.446 -866.556
-929.897 -700.858
444.249 237.0
256.568 -873.561
-116.388 912.861
109.173 -493.009
202.401 -99.43
765.703 572.436
-500.37 -129.172
537.617 258.851
274.094 482.465
-995.228 154.048
27.834 -98.106
-999.483 -960.286
960.716 565.786
-514.878 -921.427
-419.907 227.816
-643.709 -38.651
918.436 -881.407
118.552 439.576
170.126 309.31
954.296 215.851
839.204 -897.017
-753.797 -309.147
531.915 -366.124
919.539 -203.508
-181.696 327.965
181.511 -797.119
-22.247 -589.656
845.77 911.928
-302.219 -412.416
-100.054 201.163
892.662 155.041
-814.773 38.397
984.104 -790.624
-263.438 143.043
-509.13 -6.319
376.873 -881.462
-638.954 -684.002
94.289 -844.191
707.323 757.072
374.275 171.876
334.472 782.864
558.02 482.537
-38.38 770.746
-164.747 -861.363
394.89 -762.87
-399.202 -678.472
938.039 596.671
469.041 311.972
388.274 -765.16
-952.163 337.168
-671.792 -38.707
-191.765 -144.011
-520.719 811.087
-768.934 533.044
-942.938 357.319
-494.253 711.539
-932.749 -203.442
-737.477 -202.762
-497.11 257.576
-642.894 -828.6
986.406 492.459
-230.655 488.999
355.916 -470.143
462.488 268.188
29.131 -389.751
-485.378 -798.37
-346.288 877.649
-442.642 -202.163
686.522 233.033
-146.774 -457.341
-292.194 -782.748
-773.093 -852.758
-827.758 -796.612
-418.061 29.27
240.185 389.286
836.817 143.354
-332.691 -776.572
-237.116 -506.267
-963.124 703.609
548.062 612.617
923.927 -14.013
821.057 -773.113
108.946 960.798
189.856 -616.622
703.881 -205.679
-260.649 -733.581
-176.86 -281.228
-972.559 985.868
-408.764 474.097
-907.976 382.674
419.125 -197.636
331.163 620.559
461.465 -141.222
-975.809 -451.832
-142.584 -161.489
503.908 -441.84
-289.594 -748.068
126.145 -848.76
12.589 -545.675
-750.25 -479.423
748.386 542.252
-518.551 -335.04
834.285 -486.266
57.186 -906.844
287.398 223.806
341.118 -195.215
-814.388 -713.42
-873.674 -331.929
-220.963 -229.917
-776.684 671.29
920.826 -396.037
137.973 268.564
-768.104 212.735
-64.852 -624.918
-463.621 117.798
389.964 281.728
-624.278 -776.121
-832.394 183.438
640.909 861.05
145.133 -215.133
190.438 -285.412
880.137 175.144
24.766 -115.18
492.387 -189.951
-22.306 35.697
638.09 -958.101
192.285 -114.838
-312.67 553.3
859.818 -870.231
502.468 917.171
962.317 221.725
126.061 432.956
546.549 -71.729
-522.991 496.772
-576.357 88.867
208.007 -363.26
32.668 366.174
975.894 -485.467
-357.556 840.723
-406.697 -13.821
399.17 468.735
841.367 -68.399
-817.355 -375.12
690.347 155.923
653.848 -508.816
-226.784 -210.633
-242.166 -327.503
69.576 -41.826
508.686 722.089
997.398 -203.738
-251.107 -221.812
638.131 21.288
-209.075 449.283
-467.996 -294.813
63.063 509.653
224.465 -929.53
306.513 814.467
980.504 -902.3
697.902 275.556
590.008 -583.32
-695.958 -577.025
511.72 166.298
-430.572 -830.583
325.416 488.877
751.934 272.589
-387.69 -937.004
-905.191 151.436
372.187 429.346
306.291 492.383
-481.837 142.788
965.895 325.877
929.817 -91.416
-616.739 -962.458
533.479 499.905
-456.551 -600.162
3.762 -307.31
805.552 -957.709
-642.305 129.528
23.476 993.873
201.431 -343.915
-323.321 -933.211
-646.685 -870.378
-233.098 954.164
-347.113 770.081
-132.835 -301.982
-5.974 -986.379
160.276 742.018
-790.344 789.872
80.163 -181.579
-134.92 -250.568
-215.483 342.158
778.873 93.277
452.829 -857.516
-830.237 838.573
849.989 772.359
154.17 39.3
34.734 927.417
-676.926 -729.902
329.386 300.44
721.768 64.937
-866.011 705.211
-931.735 -507.332
-889.841 -940.278
666.559 -517.806
801.743 726.428
918.719 635.283
-665.582 -55.737
188.805 -908.15
-515.582 -665.436
773.548 -451.65
-556.427 629.322
-741.319 630.07
87.381 900.056
-312.787 -31.794
351.694 173.763
648.603 990.632
-711.222 877.435
468.342 -587.865
354.775 -596.529
-143.59 -519.853
-153.369 -925.465
547.436 750.847
-309.61 -846.126
-560.569 154.126
419.733 284.188
507.551 -372.552
726.613 345.34
900.732 -65.73
19.737 100.769
763.768 -496.805
-488.466 779.42
-646.113 -758.883
31.954 -757.307
-440.829 303.224
363.074 946.132
-805.949 244.988
407.196 344.438
458.323 935.205
-299.691 931.385
-169.517 52.169
-649.041 637.97
-39.269 -464.666
-310.693 842.877
179.688 120.872
-101.967 -159.703
733.523 35.048
683.741 -332.209
-74.256 425.159
592.29 -736.359
-583.872 -892.791
-942.939 42.339
875.382 -552.659
783.861 107.928
-927.162 882.424
-29.221 28.696
-687.357 -962.206
-484.644 813.544
931.2 -650.165
750.134 -511.612
-728.715 -122.613
97.477 24.775
-836.496 120.392
10.377 575.953
830.063 -877.397
-385.355 -378.02
264.883 -921.085
452.251 807.755
-610.551 2.061
403.665 663.259
-302.19 -216.593
884.55 -368.978
-190.216 456.816
413.512 331.37
357.188 86.558
149.028 -303.94
-361.077 760.77
510.541 -176.438
582.504 -237.828
-180.175 -952.749
-986.281 936.432
757.608 -579.12
-508.614 -381.119
539.426 -912.285
932.043 260.785
506.221 -131.954
933.883 227.194
-463.672 -451.894
663.655 397.553
-889.321 907.812
-541.167 -507.428
-622.09 322.743
732.347 -456.906
102.927 795.01
-657.795 56.515
-351.443 -122.03
-10.693 -273.835
-342.739 647.306
75.666 400.41
-179.802 383.409
91.235 -223.203
861.844 640.335
659.428 -131.903
-245.761 455.256
-286.47 -487.492
-99.177 217.149
-322.608 -122.801
-248.656 -424.322
-275.148 533.59
-7.568 -829.805
-300.619 -507.902
472.721 941.234
265.655 -191.898
-492.448 -148.62
578.57 -337.269
870.045 361.077
-62.791 -722.574
973.011 710.736
419.421 -739.132
-213.227 785.657
857.298 -996.932
573.637 680.256
-995.254 156.238
-790.567 499.996
-49.323 267.058
-182.819 251.322
-401.52 95.194
-550.386 -720.63
470.246 358.897
21.043 -286.469
-676.256 479.924
-577.585 -812.489
137.704 654.475
360.219 720.598
699.714 939.97
-197.323 -406.532
-402.402 -940.593
-133.175 257.309
17.448 897.85
303.699 660.321
-869.991 -842.117
-432.682 836.392
-156.943 466.02
-831.087 72.229
845.561 953.983
106.961 822.56
740.837 16.874
-858.85 149.722
-323.307 -799.762
602.651 -201.103
216.559 -944.457
-973.767 -337.548
877.497 348.183
599.388 -665.93
137.292 842.471
191.755 -338.872
-832.752 -58.163
-27.939 -574.92
415.737 -661.265
415.958 297.047
715.418 522.016
947.475 916.857
-513.498 48.717
77.764 -544.91
-297.819 107.756
833.145 836.699
529.852 717.986
18.491 -529.489
966.931 -156.842
787.879 -288.353
-60.805 -129.782
-488.051 115.933
423.801 -822.442
-522.68 -394.813
-630.536 873.341
-1.031 -802.397
756.086 -810.172
421.15 -660.204
-104.053 -401.159
-899.997 -364.841
232.648 -373.329
7.851 902.551
-405.362 -951.051
-247.927 843.664
-636.792 228.887
-465.373 -391.689
590.521 719.335
-705.713 431.404
486.171 99.787
325.685 777.009
624.378 -22.457
-485.755 355.586
-614.822 128.857
148.968 380.522
-686.402 310.231
30.665 -864.511
-728.739 -624.978
-166.937 166.357
435.454 91.11
781.53 -696.225
61.479 -106.048
80.519 649.169
-7.625 -752.042
-549.014 759.615
-538.946 940.396
-484.074 -512.16
156.387 -315.163
789.694 977.731
299.571 977.345
747.252 -117.28
682.928 918.195
-547.012 897.051
751.22 -75.015
-790.798 6.916
10.099 773.38
-207.049 -522.561
711.572 56.58
-217.041 -415.601
344.484 -515.032
594.573 -896.368
-414.151 187.321
-225.265 540.96
-917.352 -735.348
723.393 316.673
-244.231 -980.67
-169.278 -931.308
118.566 -607.806
-584.869 650.569
-621.819 493.335
-131.916 787.745
-939.361 -504.742
479.73 -290.243
-465.853 -846.103
-99.695 -629.461
244.047 -132.373
-761.754 -660.19
-794.149 227.16
-961.465 322.687
-127.421 -872.658
-831.313 784.485
-501.723 609.06
117.143 120.931
-183.499 204.883
493.71 -245.793
-181.699 212.892
-611.164 142.539
278.101 -643.314
-159.408 -293.297
-311.93 863.382
-609.828 309.224
485.614 -357.181
193.457 460.167
235.356 -12.979
749.172 444.584
-401.816 614.824
66.678 245.344
691.69 648.24
-522.197 -804.57
550.581 -316.83
556.319 -772.484
787.069 387.602
745.057 132.132
-371.939 155.765
94.209 177.184
108.752 679.815
-928.447 -510.74
918.053 111.99
477.866 -477.885
453.843 34.595
668.105 229.891
972.869 565.439
-764.243 613.383
470.146 501.448
28.104 -245.059
127.698 756.387
21.218 637.864
-412.536 703.489
778.643 489.613
572.325 178.294
483.953 589.631
-979.462 179.971
-806.603 504.814
-839.336 -831.983
858.605 -491.291
-82.676 911.043
-727.451 -462.952
846.212 768.952
-589.921 48.52
-991.569 771.053
-22.149 -949.625
593.97 -279.662
754.512 616.929
-504.863 -39.89
646.904 144.735
310.513 4.865
-108.88 -440.348
-919.582 288.806
-855.996 52.397
-511.678 475.301
403.759 -649.535
-942.439 -679.054
-270.645 -406.24
-923.34 636.59
-500.233 620.781
418.934 415.181
-125.73 -507.296
670.408 366.702
-874.658 534.918
-502.651 611.887
-270.596 565.403
474.751 -954.702
-54.347 531.091
623.086 -545.069
-485.928 -544.812
-432.182 -209.254
323.518 43.691
-428.454 -222.03
845.967 -380.213
-219.681 794.918
-706.491 342.454
-107.383 889.851
-341.504 934.645
-895.553 -459.719
316.658 -17.41
818.312 172.902
766.696 765.848
531.151 10.208
-736.286 382.033
-791.436 265.776
857.857 -445.508
-173.339 -352.354
777.362 -463.872
-754.444 835.944
-192.684 34.397
-485.221 275.734
-175.587 -772.439
31.45 480.753
-33.596 341.887
787.722 -363.925
363.231 503.95
-341.326 -634.959
841.671 478.684
-858.473 -748.785
624.569 -707.036
365.444 273.117
-670.396 -490.712
-42.469 297.221
-171.173 638.031
921.592 -974.835
591.818 -325.636
-99.065 -28.478
-939.206 -253.434
335.795 461.85
-102.371 -770.836
-573.824 860.025
595.9 809.158
-133.946 483.533
844.2 -865.897
216.997 -828.803
-739.631 -435.676
-241.958 -410.223
-189.895 -60.346
-864.288 860.496
900.336 -28.721
-391.251 896.854
227.945 571.689
-392.213 -132.991
-399.296 -882.341
-288.323 -76.443
-674.198 -92.643
-655.32 -380.349
299.2 -168.99
-786.37 816.525
-522.646 -595.966
677.281 121.965
-622.795 -977.76
-787.028 -954.52
-235.043 -230.405
-939.988 -375.131
597.498 870.133
463.587 -571.042
-186.042 -404.309
459.182 594.211
-100.024 -684.857
357.413 -626.13
281.314 -747.84
-926.045 -632.551
-244.11 613.578
-387.868 888.324
-20.441 -354.224
-202.081 541.59
189.901 -158.839
-78.076 895.405
-192.407 -345.068
-302.192 -521.191
-497.443 191.09
894.423 347.044
430.793 -969.1
839.019 -874.608
28.932 856.316
-2.535 850.729
673.283 -82.656
-929.852 -33.38
-614.925 223.956
445.256 -582.235
-616.476 598.475
-589.245 -768.642
-424.521 -688.424
-542.521 414.872
-357.932 555.376
-401.503 384.508
-633.053 -977.909
377.57 -512.618
32.61 -801.369
93.994 -688.615
354.465 96.695
907.819 481.465
-648.916 543.591
964.314 26.709
818.868 634.174
-268.76 -916.903
-674.708 464.008
-561.417 -903.053
-917.72 -224.543
123.088 -554.6
269.564 465.306
-49.31 273.141
-726.426 -30.686
-430.013 732.101
187.376 100.377
-762.12 487.17
118.449 103.024
303.524 1.952
424.955 -662.195
-166.017 469.295
437.63 -414.905
-750.869 940.426
615.071 724.589
-198.849 -44.621
-797.801 -954.065
787.781 41.163
34.45 -481.798
138.381 209.658
-247.084 209.67
-347.651 -287.854
312.791 495.173
-600.113 -612.034
-694.162 827.888
-158.208 -365.805
96.267 -627.088
27.831 -808.305
-895.069 -365.701
757.121 -147.763
-318.367 -143.07
95.846 -611.867
-226.971 -896.565
-181.638 -751.037
489.182 -235.618
-365.524 -586.525
-615.369 821.995
-579.086 -414.486
662.715 -889.393
-964.195 936.212
-490.675 -160.202
-200.68 230.304
-490.035 -367.773
588.034 787.302
7.195 86.773
624.063 680.865
611.989 -917.75
439.026 -906.29
254.762 -670.821
736.097 -236.026
585.444 -490.342
-458.845 -174.505
881.329 -275.119
-636.232 -306.973
701.516 -795.771
163.267 -216.215
-370.999 -12.958
-837.193 -466.338
526.865 781.217
-881.225 -450.12
535.187 277.308
-767.81 -978.624
253.23 -982.794
-143.8 -749.436
391.206 97.479
-578.943 -262.376
-148.447 -208.583
465.906 89.485
105.005 -592.747
287.381 410.326
617.696 202.06
-395.578 132.922
-320.456 -636.179
-242.465 -220.009
-447.006 -65.315
322.886 699.548
900.084 777.934
584.213 777.153
316.9 205.819
788.212 790.982
19.382 -978.766
-912.737 -473.869
-695.911 -555.346
-426.188 -266.529
427.408 385.559
804.826 402.649
-278.704 838.534
293.775 -408.902
-45.948 631.6
-655.218 -216.846
-693.249 25.85
816.671 235.582
306.454 -71.398
-538.87 653.537
195.852 697.913
-182.306 938.304
223.132 -507.901
-215.171 562.625
787.063 379.543
315.301 590.265
170.15 -68.416
-357.375 -389.125
-456.458 -226.62
-97.607 567.713
-54.838 -545.498
-865.594 -272.027
993.279 -0.388
-554.74 -886.821
481.765 605.679
-143.788 741.472
-44.229 -119.771
930.057 -78.37
-873.021 -508.057
273.16 185.566
-445.906 998.239
399.86 -865.435
-133.57 -552.377
-331.936 -59.388
-584.327 -514.904
353.778 763.078
-48.873 210.756
533.209 -984.18
-147.591 -500.723
-674.934 -710.459
834.335 325.989
446.272 -664.662
-955.03 -975.107
57.9 -778.657
-966.816 89.906
122.463 -876.858
511.757 -341.378
341.786 -526.281
390.716 -267.995
816.155 56.015
-268.555 -601.967
290.375 -728.386
-480.935 398.84
77.506 577.296
-16.222 994.348
-136.804 666.226
-603.532 449.073
-232.382 -357.508
238.198 842.425
198.086 -808.483
911.8 126.708
-95.53 913.248
-363.115 307.265
386.128 511.133
635.551 -970.27
-22.185 545.615
-136.14 180.918
991.956 379.87
-301.5 161.052
788.631 -644.381
-609.391 189.013
-444.218 833.996
-734.948 -942.018
-301.902 -57.047
-212.449 -854.085
-996.605 -965.705
-186.174 -988.301
183.932 -229.595
-15.964 -816.014
65.798 -442.44
560.094 -467.482
75.656 -604.921
-232.244 959.335
-710.912 776.459
-953.47 -314.043
494.581 -412.375
-595.618 -858.484
121.905 -285.339
84.013 185.228
-577.296 78.49
779.952 -632.767
-380.342 418.628
-190.546 485.941
-933.624 -333.767
855.158 -638.078
278.04 259.52
639.693 117.939
711.163 741.888
-372.884 933.231
-922.313 984.692
-622.785 -220.286
-403.205 -568.736
623.747 895.946
-487.064 -937.925
787.085 309.632
57.906 402.278
-178.516 403.845
-576.598 877.57
-651.372 319.584
296.257 -252.415
-657.509 199.659
653.676 203.663
-601.976 -210.946
-310.424 7.747
328.372 290.862
-768.633 376.672
-545.111 -831.267
-86.851 -496.861
309.875 818.387
-941.911 -812.666
54.024 -70.563
981.054 -120.981
708.436 944.112
577.55 -89.051
-870.165 -946.069
-312.689 926.521
-88.324 -563.686
59.124 -817.939
320.853 -522.175
810.295 315.809
451.816 -98.209
967.452 426.053
-308.031 467.571
-839.674 921.826
602.0 -492.135
-303.644 -35.407
194.245 277.541
84.245 413.175
-567.792 648.481
824.899 645.458
904.521 626.181
-674.271 880.576
-241.318 901.595
36.298 498.32
265.313 -528.329
315.389 696.958
-773.475 513.14
-429.761 975.756
191.559 -631.278
207.519 -306.334
-99.177 -772.254
348.099 -340.3
496.289 -55.619
593.657 122.34
-370.619 -770.458
694.263 -664.465
-655.633 144.207
270.339 -566.133
-330.162 -137.875
-174.033 -973.515
-281.114 690.547
958.968 -822.403
765.059 971.252
-906.512 -466.153
117.34 8.474
12.926 -200.909
-124.405 369.333
-161.322 7.149
438.313 -16.665
7.809 -207.268
-997.862 -751.0
491.906 355.049
178.158 -99.457
887.128 259.795
-34.299 942.52
-709.706 884.407
-240.214 -39.319
349.92 -632.067
-596.873 624.382
-794.467 -937.981
-271.962 296.199
-919.557 -314.411
-834.549 -191.592
-112.455 399.062
312.927 808.13
-844.631 884.689
-744.91 276.015
-118.045 789.943
689.606 592.209
-516.32 250.003
-133.828 221.523
370.067 28.096
552.75 -39.057
462.432 557.639
-514.154 -91.706
-164.945 405.466
723.282 461.406
596.807 329.699
147.659 138.294
-967.103 774.805
-682.289 -459.024
99.984 -831.84
83.431 -542.287
517.268 -59.331
243.966 -812.293
429.983 634.759
-955.221 247.782
-113.72 -631.793
914.541 -627.961
-444.084 328.473
-817.185 614.031
-397.567 85.723
-963.383 -87.371
582.948 337.522
643.819 -719.072
-157.308 392.377
-111.272 204.553
177.104 -433.404
119.802 -133.886
-488.201 917.215
-691.428 672.332
-496.783 -782.02
-694.539 457.18
473.193 -927.395
-490.671 117.925
659.647 -801.036
-703.626 -811.947
-530.189 434.105
191.276 -336.435
-173.995 -138.326
-123.921 -3.675
-835.24 -536.719
-345.395 934.624
312.444 211.876
135.361 545.946
990.416 -296.777
-417.422 708.52
196.477 -697.975
-688.814 -397.769
-352.327 324.751
-898.111 469.835
-518.098 -155.681
932.468 -290.061
-840.58 27.63
701.89 477.689
-482.965 427.96
383.023 223.502
364.332 521.542
-761.903 -276.928
-282.236 244.519
938.776 -290.455
248.371 728.373
-616.668 718.962
791.987 581.636
498.356 -944.204
-61.245 470.709
257.282 240.547
508.274 162.863
-994.383 -292.077
-918.537 37.996
856.211 -219.892
-985.796 215.596
466.04 -135.47
-924.082 262.517
610.92 -608.225
355.741 51.723
572.473 -986.899
585.699 -666.4
878.33 -359.727
-766.602 -748.58
-501.667 282.883
657.083 -149.053
-329.735 840.757
-586.527 -335.227
-417.628 -138.188
-498.19 -643.333
995.411 -259.768
-436.882 701.498
-306.296 -510.991
454.111 133.211
-512.433 477.845
556.125 -439.282
-351.221 -217.151
103.029 905.484
515.583 319.846
-93.733 104.317
-133.43 -943.153
-561.79 63.286
619.901 -965.751
295.449 771.291
779.52 842.287
594.736 -841.577
-981.672 558.947
-766.132 637.645
-840.166 918.425
928.758 -830.57
414.457 -366.785
-377.123 -814.614
-268.303 407.644
-724.938 -705.931
8.821 -67.572
-104.307 -982.594
125.14 273.462
946.058 414.825
-766.305 533.217
-263.681 -943.751
857.583 -735.58
681.185 864.192
410.185 362.493
-247.958 -318.791
283.504 -844.234
502.04 -515.35
-166.429 -240.988
845.179 548.589
872.829 -933.612
233.052 567.236
-84.5 -449.934
-261.793 588.058
207.061 792.877
-709.288 823.939
696.567 -729.103
717.927 -260.752
363.81 -786.65
-445.126 -477.338
-943.485 -352.691
-127.293 607.756
-475.107 685.317
763.962 -88.743
664.216 -676.889
242.195 -424.006
449.129 290.877
163.649 -87.005
-991.544 603.48
918.016 -188.104
-106.704 463.923
-327.286 36.583
626.59 -840.19
64.937 -790.169
-615.452 842.045
204.374 641.802
-570.336 -417.307
-331.222 345.674
-766.36 890.282
-348.929 46.485
-827.822 481.878
516.039 843.971
106.664 328.63
-52.571 -433.03
663.379 -178.566
877.534 -780.858
-878.879 -953.088
-526.063 -305.85
-708.467 259.44
-828.328 805.379
-972.989 -200.617
-58.685 -733.452
-951.042 262.802
184.981 66.021
-191.56 354.543
397.976 825.526
485.928 479.47
-526.389 -554.731
496.947 -65.828
-825.894 967.114
859.468 -786.969
764.922 220.627
-599.153 793.247
-263.969 -583.786
-547.675 -132.984
515.462 151.643
-98.245 -422.013
93.135 398.448
13.159 -52.087
-757.935 -262.124
-569.999 750.127
-925.082 718.982
-615.604 126.918
158.051 289.553
548.853 -658.231
-321.151 -698.709
984.999 -336.237
664.794 883.661
660.671 -598.486
615.613 -886.756
-174.521 104.616
980.004 -51.321
-738.271 936.654
-970.835 827.114
-978.871 441.8
733.371 731.277
-653.341 801.219
-828.533 -867.339
-988.955 -624.462
709.312 -414.468
-693.117 634.533
423.368 509.246
816.667 -129.452
508.985 868.689
310.033 915.383
-407.398 401.278
-853.127 396.154
611.046 595.204
-712.955 -961.95
-787.517 -637.345
589.272 -448.7
-141.915 -997.05
-191.76 760.786
-784.588 498.299
935.761 107.417
-769.775 -597.616
-205.563 -851.515
892.749 464.552
784.845 54.573
-774.334 260.779
-830.787 -877.939
-738.546 -646.098
-917.811 -146.553
856.377 -802.91
-718.855 667.765
358.17 385.017
-424.818 -653.485
-374.951 -133.782
-836.005 -326.963
691.865 -633.576
-874.793 750.237
74.38 -397.325
120.151 -67.65
768.594 -540.829
-956.98 -108.871
-593.369 707.072
-573.703 -1.099
-68.607 598.889
-405.538 -699.185
890.167 -291.766
937.97 294.648
388.387 -743.845
-686.429 981.011
40.596 -576.064
516.692 194.203
-491.214 848.997
-881.04 -175.497
801.529 983.551
-762.487 -438.069
-516.189 -229.478
-145.894 422.395
-727.307 -298.619
611.317 146.683
604.591 -979.886
-624.528 -805.214
798.432 421.964
-257.615 419.238
486.137 -982.269
-644.195 -17.644
760.33 931.648
903.848 49.741
-100.782 362.988
-335.469 -406.541
424.754 -874.633
990.402 979.246
-253.112 6.361
-366.525 841.234
714.739 564.523
-13.247 367.797
-298.378 820.924
-449.481 124.373
888.821 484.527
932.172 340.31
-825.892 -17.727
493.319 -290.61
-182.118 176.93
-144.217 -88.889
824.21 -457.245
248.529 -601.487
-414.004 340.011
480.611 -427.983
994.75 -105.298
-977.902 -55.813
-999.987 225.237
331.625 143.205
655.586 346.715
-454.221 -799.182
-47.625 -483.593
226.3 -929.005
632.755 -239.155
-179.433 -918.24
-365.353 237.457
-799.618 899.347
647.324 431.177
-953.279 591.8
487.862 880.309
891.125 77.437
298.363 -922.188
-301.525 -184.055
-649.982 -714.688
397.825 628.369
623.796 -191.295
937.58 -891.325
-562.321 9.995
280.756 -894.253
-332.01 -862.86
886.195 -222.352
52.486 429.905
564.767 -697.327
-292.453 -780.612
-706.238 -591.671
-728.555 -839.039
-545.927 -954.695
-877.755 875.355
635.831 -229.697
967.942 -762.37
236.732 656.276
-850.747 -856.829
-268.949 150.837
-50.354 961.731
854.473 393.697
932.926 -740.411
-1.832 115.353
812.972 788.963
-843.117 -290.944
-229.953 470.397
433.534 740.78
-928.963 838.547
-754.895 319.025
42.237 -783.917
252.819 -856.973
680.337 -389.205
-102.285 -4.982
255.751 319.729
715.407 804.471
95.025 84.058
437.638 739.073
-70.588 -410.345
-497.192 590.692
546.174 839.17
-42.71 -116.608
-148.3 -664.041
-295.996 184.129
714.864 -42.786
242.06 -609.985
-835.57 -27.867
-655.271 837.377
415.518 1.915
-532.65 -964.377
-635.001 252.716
9.334 -672.335
-577.409 -942.136
615.908 217.7
-86.984 790.012
-772.086 354.537
51.502 -523.569
-98.355 -403.849
979.787 -412.449
563.922 622.817
758.167 -148.014
-401.908 -995.493
5.617 -490.71
-212.108 -124.386
-561.502 658.982
-69.416 616.592
776.306 -381.326
98.425 -102.8
-616.339 -430.32
-249.196 -672.538
417.187 -441.339
-748.921 -90.159
551.239 -658.666
-555.702 847.371
632.451 -623.672
-984.471 -448.638
850.504 -988.08
-331.049 -870.279
470.418 -484.232
57.29 927.161
-621.247 586.65
-404.614 -282.375
-128.907 -428.626
-530.144 -296.031
-121.856 -572.613
265.236 -988.034
-160.307 261.008
924.424 481.169
-550.379 670.208
-200.845 150.482
-529.858 877.85
-450.115 835.306
-627.901 88.991
-700.491 -996.271
210.571 -459.933
-823.932 -255.887
-718.522 -748.212
-676.544 153.2
21.655 -964.966
-293.399 706.992
-930.238 465.292
953.255 199.22
455.896 864.9
-218.101 -63.328
-406.555 -896.943
-271.857 -623.892
174.484 489.328
542.59 -766.778
-87.493 -986.85
907.647 863.175
494.064 -693.668
-531.792 -335.099
-406.641 705.379
-177.489 12.054
-71.849 -240.467
-373.679 950.076
381.042 752.475
840.801 -440.023
-65.6 168.335
972.642 -403.155
-10.81 -895.756
-187.659 -438.973
-424.727 -902.173
-245.141 146.802
-907.36 25.842
269.523 -375.933
-862.907 -723.122
-704.152 772.499
-525.556 81.248
369.255 -134.626
-584.893 69.174
-395.03 169.005
-868.219 -385.371
-239.222 -809.493
-723.318 157.17
879.022 -729.315
484.606 341.123
779.479 484.121
-429.145 -932.35
637.942 -177.31
645.663 -263.048
-408.376 -669.002
701.675 -214.542
-228.127 699.567
-564.608 -154.064
65.277 274.557
-943.984 -622.853
750.584 522.162
-429.355 -862.789
196.22 384.553
-482.19 -551.47
-92.622 -688.467
-982.58 -789.363
482.718 119.035
-954.461 -320.635
-656.005 -490.46
-531.86 -814.579
-287.171 58.223
-914.633 199.504
324.794 344.668
104.309 -789.035
346.66 -623.038
917.575 36.208
-673.567 27.628
815.239 257.447
461.942 29.59
-918.02 -462.782
826.39 -307.656
910.08 -552.683
55.304 -893.685
182.813 -858.612
-864.84 169.594
391.6 -169.862
-458.409 -273.326
-518.675 -88.919
459.565 947.674
-60.427 -475.386
933.673 -541.241
-403.761 591.502
-858.174 542.193
10.342 982.586
481.244 -274.168
288.131 864.02
575.517 866.343
-201.112 378.427
-945.154 -714.66
979.497 -475.686
3.593 -881.641
504.927 880.89
-714.857 473.165
37.025 -660.317
-104.257 331.872
304.798 848.169
-620.163 -299.637
927.833 695.635
-730.188 -522.721
-757.223 66.48
-459.259 783.447
120.836 -920.309
-44.226 270.801
970.096 -898.972
110.644 -213.932
-251.042 38.666
894.993 -859.298
-14.119 -587.039
951.137 -410.008
-684.042 -750.829
985.318 9.259
956.882 -765.246
-361.616 -366.017
-346.714 -79.165
292.196 357.971
937.171 855.758
-197.837 476.514
289.728 261.998
849.274 -796.176
787.647 -413.205
479.583 -473.189
976.862 -671.313
541.699 47.52
-471.816 458.867
277.464 -999.712
-313.805 654.321
-854.437 880.533
-426.528 -454.845
44.147 835.876
-577.783 -963.867
374.821 504.314
696.827 389.281
-71.113 600.879
-348.193 -344.112
-641.95 -382.332
-496.272 -699.208
360.404 821.538
321.543 831.244
187.636 95.317
274.231 860.189
-732.975 520.23
-984.444 -570.763
-724.172 -665.248
307.717 -262.284
-739.975 -449.849
881.017 427.615
-9.935 -355.416
-208.6 435.329
905.09 -545.275
-513.735 -847.478
321.007 -769.163
-798.582 -672.399
-393.173 499.549
622.291 -659.665
-169.89 347.681
-234.559 354.706
-114.198 -919.621
935.424 -984.783
-401.899 401.703
448.645 -624.526
860.398 136.494
-133.895 -209.582
-186.483 -208.243
-733.519 786.7
15.24 228.422
-325.04 -340.286
897.813 690.524
-601.933 963.714
747.768 749.098
-585.552 257.825
120.664 -284.333
904.493 -7.453
137.699 915.408
-428.269 -68.516
-979.995 -6.871
856.408 921.732
-723.515 -775.056
390.919 -504.898
632.827 -307.024
947.804 69.916
-14.355 756.875
595.843 -588.12
671.554 -927.743
83.622 417.072
943.715 582.307
-158.47 718.846
136.742 -875.56
619.719 733.539
3.385 67.51
255.32 -135.779
-137.292 528.836
-606.592 491.375
939.403 814.444
173.022 361.228
-914.708 400.492
-784.693 402.872
-344.244 -656.534
-107.031 745.96
194.93 633.961
216.465 -967.452
-985.564 629.884
966.698 -629.977
-319.144 602.103
-445.386 -217.04
979.54 -409.199
347.698 92.321
-765.989 -442.503
-238.784 604.336
-412.086 -997.673
983.593 1.641
26.333 -815.617
-520.802 -756.805
359.035 -435.067
-624.452 105.558
-998.303 -74.479
-40.807 -694.352
-402.538 -533.957
-975.488 131.91
467.089 -390.328
-683.407 -551.522
-960.663 -828.064
842.893 498.235
-873.002 101.304
-559.828 623.832
407.222 230.369
-881.468 -580.78
-685.347 -443.905
-668.804 745.163
132.09 -573.396
-210.681 -527.78
380.844 -716.704
-444.025 908.236
-961.705 28.105
942.182 790.854
876.138 553.09
351.034 121.039
603.329 -381.002
470.801 925.387
955.831 -724.399
-283.85 96.619
449.459 -990.006
396.076 676.522
913.087 -853.208
477.868 743.66
-587.013 -57.053
-890.168 -107.83
213.325 -780.632
-937.508 -70.373
-498.665 581.608
697.535 212.912
184.825 -573.63
-662.648 578.037
-107.048 -289.133
190.157 -301.025
-966.8 675.677
583.953 -705.367
632.68 -405.022
670.065 -929.161
254.038 -18.741
-585.601 -984.059
928.637 575.064
-662.312 -951.009
-753.566 -442.449
828.96 342.202
398.328 39.398
-736.883 780.84
99.895 -251.998
-856.986 -764.594
-98.103 -568.342
-39.318 559.038
-474.318 672.372
-199.787 988.79
42.382 489.908
-260.784 344.971
46.797 759.31
226.784 -115.24
-828.317 272.168
-256.678 -942.163
82.365 596.04
488.413 565.431
992.203 -675.924
607.332 -659.249
147.543 -399.108
-679.182 539.716
49.508 776.12
-663.686 -426.491
-637.466 -540.883
-714.368 -589.257
171.719 272.646
827.703 -887.912
-817.605 -635.418
98.167 607.144
528.416 -529.931
-464.798 654.827
-95.849 888.052
-552.445 608.737
438.996 -703.403
512.161 -608.368
172.493 769.13
-33.442 -964.022
-149.263 229.604
-623.906 144.341
266.702 759.342
-728.401 -122.991
-621.477 -409.361
-148.525 318.313
-921.423 -312.681
821.88 -664.543
-40.07 965.191
17.14 60.63
-757.05 -532.963
-204.385 -500.801
159.186 -475.331
203.792 -893.22
-749.838 78.748
464.917 -463.186
-421.101 748.867
-134.245 138.742
-375.749 271.335
925.196 -220.476
981.084 170.177
812.546 -875.825
246.043 -411.262
-281.921 -786.507
-695.854 -758.383
-956.848 974.627
-41.575 142.449
264.36 80.749
-151.86 363.238
-50.11 -822.222
-551.978 -159.697
622.213 -551.913
-996.363 -484.176
717.151 -288.027
-686.532 994.805
214.348 34.978
115.751 -77.057
-371.021 -290.156
711.598 578.485
338.569 -457.576
-663.141 -1.758
519.577 609.415
913.501 109.608
-746.964 -539.239
96.155 -809.365
-236.945 -604.096
-778.033 -472.348
109.761 -428.659
-613.053 -258.856
787.246 677.434
-899.044 955.903
736.042 -53.513
359.677 -563.854
-581.839 -53.249
770.481 815.641
244.532 329.92
449.508 736.664
-442.391 697.115
-363.214 548.271
-946.839 -260.452
262.328 -166.55
369.702 102.914
646.837 417.6
-182.288 -484.076
-449.186 380.48
393.089 71.542
833.025 114.987
1.027 -333.676
214.095 77.847
-392.43 588.833
-365.561 874.068
899.81 850.262
544.059 95.608
-27.731 201.687
831.387 567.047
10.218 -895.592
-239.163 552.347
-63.645 313.327
191.367 456.348
770.808 417.151
208.751 385.162
883.494 -743.078
-826.143 -731.532
-341.046 707.649
-896.369 876.244
90.394 467.77
648.563 566.831
12.154 382.61
154.045 586.891
238.164 763.843
-605.049 731.939
-11.815 -465.503
867.812 703.436
245.279 474.099
132.31 31.318
-159.153 732.902
-688.679 -352.796
735.218 -611.571
368.68 -929.897
-766.07 278.953
-779.686 -34.023
-119.351 973.044
542.468 242.026
178.607 -468.746
254.95 459.67
303.623 -514.49
-596.204 -183.246
-702.061 -139.937
-67.202 -891.802
-604.91 466.919
-41.47 380.965
-567.372 755.786
418.238 294.201
-263.287 149.831
-907.489 907.973
431.365 488.92
-385.038 13.689
966.499 -201.892
-600.511 -845.719
240.464 -12.765
-385.531 -487.324
704.911 -789.923
919.632 -464.568
756.164 -857.084
310.545 -863.325
-126.19 -353.609
948.382 487.404
-579.951 -716.285
824.636 514.893
652.508 -865.607
-585.921 420.808
-546.06 -230.232
-404.148 -230.537
-311.305 -428.099
-271.755 -990.461
-940.393 -104.918
644.661 883.743
747.976 625.312
-722.554 -935.725
-532.783 155.151
466.519 990.848
767.013 555.837
-370.98 215.484
-679.533 -414.972
-899.361 265.602
-808.841 955.846
79.059 634.554
-691.02 -941.551
-562.783 -333.848
321.997 -496.054
-277.405 96.761
-7.735 51.288
562.858 286.415
463.235 -116.535
0.286 812.433
129.497 644.46
-705.557 100.618
813.563 -619.838
-83.166 976.595
745.183 250.21
205.227 -681.039
146.988 99.775
-530.707 -988.85
392.869 -779.82
207.376 -592.396
900.689 497.716
-116.21 10.272
-536.21 153.339
-214.244 -7.254
111.014 164.009
-753.071 168.23
410.002 -504.402
-693.133 592.826
959.533 -804.188
-485.935 952.559
-757.948 711.793
-18.372 -707.456
-700.817 95.745
-960.971 28.594
-160.284 -81.062
58.86 759.309
4.43 -582.241
254.961 765.914
57.337 502.69
551.155 -403.722
834.224 -198.962
-522.426 -409.7
274.374 308.986
509.245 -848.967
-486.628 -164.418
-151.285 293.446
-796.969 -500.766
717.698 815.098
-700.285 888.918
-167.405 -396.343
993.508 246.113
-638.652 135.872
905.278 -486.544
-736.288 385.031
-77.136 -782.233
912.627 -362.474
-742.819 787.481
-306.078 -19.239
-858.574 905.835
104.793 696.007
-877.655 585.823
-264.052 791.527
536.225 -329.03
-739.277 347.47
230.852 -438.567
-477.899 -772.688
108.849 -171.95
173.073 -303.496
618.753 3.302
-407.183 -964.272
-272.673 -637.501
-251.005 -701.79
-373.695 -219.283
-888.051 -20.683
-643.33 6.127
16.558 -537.097
-408.497 -252.189
849.425 145.872
436.284 -178.434
-999.802 -368.275
-198.668 -53.182
-357.449 311.901
-114.661 872.863
-197.952 611.532
735.073 476.639
-30.278 161.11
-772.407 994.874
225.927 -985.229
-399.193 -675.715
34.87 142.119
-755.488 763.894
728.442 -167.393
288.584 72.97
874.326 1.539
-46.639 -230.737
-612.835 -787.79
-127.23 314.0
103.739 -125.119
-496.939 -897.493
703.353 -502.45
-157.029 958.759
384.304 -834.54
-770.993 -202.812
808.295 724.0
634.261 373.188
-713.603 -876.247
859.975 -374.453
192.064 -552.974
634.619 -750.82
388.157 -646.234
399.886 923.481
5.377 473.923
-363.05 -459.377
642.158 396.705
762.502 -196.097
-310.181 531.598
-40.919 -66.431
940.849 924.475
523.748 13.652
806.23 292.745
755.571 997.125
696.006 612.682
-755.18 -251.265
-528.932 -724.942
-198.431 -773.536
154.312 364.243
-787.546 837.443
-536.085 506.178
-791.228 838.219
303.137 376.045
752.357 -422.613
-954.967 -916.875
-660.555 398.204
459.955 293.147
443.241 -507.33
-480.367 26.069
-623.998 715.941
986.289 -364.668
-116.737 360.345
561.357 296.868
490.998 -480.112
993.786 -92.687
739.681 854.114
417.389 817.158
-871.858 321.417
883.764 581.362
439.539 -805.71
-839.246 472.501
598.247 815.21
390.261 -208.644
637.599 430.743
-620.187 751.366
-198.727 -455.532
487.694 852.256
783.113 -933.258
955.819 -443.091
23.734 531.542
-633.271 707.333
-428.195 101.87
473.946 931.99
997.223 -366.495
233.811 894.979
-909.328 -996.394
645.932 -279.062
510.861 858.727
532.815 -511.502
362.624 288.631
715.655 -163.746
-365.983 -171.888
924.845 -207.384
-521.288 -909.768
916.982 -981.172
860.989 -489.377
-63.06 -796.095
-217.241 -160.724
2.404 -372.588
-750.177 354.736
555.286 -380.132
-204.813 929.508
-954.055 702.384
-629.295 -369.417
343.054 -857.445
-462.742 872.484
-650.252 8.335
-851.666 -87.597
-426.653 -391.162
204.253 -193.602
-150.449 815.286
143.05 950.588
-600.981 290.429
-790.515 -584.028
-872.708 418.515
353.44 134.419
251.721 -209.568
-677.102 143.563
189.784 692.101
-587.837 -219.728
-958.915 -439.264
-213.735 -723.41
-760.622 130.451
-139.745 455.585
8.434 -201.414
-946.718 95.853
441.966 665.658
-297.235 -757.932
413.27 858.142
-544.122 40.328
-1.21 -653.846
-9.379 956.354
981.473 770.464
664.679 -864.448
925.281 987.682
-383.375 774.128
354.708 714.293
-33.478 -618.02
-151.833 -282.11
-842.437 743.512
505.968 -917.399
-713.512 282.76
-621.193 -227.005
-931.916 617.6
-775.381 -144.151
546.222 939.715
-558.344 -481.051
-823.355 754.414
633.72 292.086
-66.755 506.839
172.71 -142.912
975.211 464.988
-148.302 994.085
-472.089 -121.319
95.604 315.881
864.277 264.013
-616.258 -507.474
-343.081 -881.103
274.324 -34.618
-659.34 -456.477
-661.473 362.208
-836.096 -851.314
983.183 933.453
252.127 35.165
770.859 551.052
657.728 851.058
-948.935 -532.911
-83.837 440.388
436.966 -335.24
-606.943 473.376
708.462 3.655
958.911 -808.673
-597.501 875.04
263.318 378.009
551.105 135.001
820.393 311.379
262.688 -578.722
-424.631 510.164
-306.76 -694.5
791.76 975.734
601.133 -131.607
398.419 458.538
-989.589 531.068
711.134 -70.68
-444.289 -804.679
-685.606 -628.94
254.951 -76.466
-830.46 895.009
918.146 725.601
-316.917 650.099
-759.596 -108.323
644.746 322.018
843.339 295.992
-427.233 -398.233
183.021 -43.505
560.572 29.743
-185.079 214.751
17.88 -988.888
855.107 -709.984
-184.649 678.694
123.63 -808.479
97.363 -78.946
960.453 911.066
175.709 419.124
-219.535 -350.845
995.119 549.114
-403.814 -304.689
59.746 408.299
361.864 739.137
242.084 -214.407
-849.394 -44.553
393.125 43.763
-534.634 490.545
-753.792 -820.227
-178.928 -522.312
-495.223 -569.561
960.937 -779.879
150.519 -128.092
727.938 -914.228
-310.315 341.614
-28.661 342.729
982.806 170.493
205.825 -385.335
-287.635 -514.761
-786.504 912.391
904.521 579.534
-989.519 -195.869
4.788 -448.339
606.596 -38.757
-755.709 856.103
324.397 121.445
20.948 629.767
738.106 994.184
-510.476 761.73
-35.876 87.733
75.392 -862.456
-789.765 -567.629
643.733 666.463
682.469 316.309
255.689 347.281
-850.85 852.956
-680.842 -836.56
719.95 -230.852
-435.247 1.103
249.757 -661.669
-241.331 645.575
-703.539 571.854
348.606 343.986
-675.197 870.206
721.331 286.757
590.404 968.285
-3.917 837.196
-388.546 -365.647
7.378 -139.888
524.981 -574.552
-717.535 279.471
-583.485 352.946
-395.042 -536.455
614.178 25.612
-937.723 -571.634
135.986 513.727
-618.73 -395.644
169.127 -787.399
-276.752 433.456
-355.521 989.1
427.718 -973.539
-453.396 -392.626
-332.363 -587.867
-210.036 571.073
899.966 -878.506
-177.993 -85.168
660.855 832.8
-573.307 -224.273
-269.26 -311.591
834.708 -636.162
-718.178 -808.379
-67.404 -209.254
-962.934 -688.217
621.873 -463.004
-91.733 482.806
-604.197 -77.045
-917.856 700.932
573.063 -860.508
752.831 -139.845
156.172 -832.254
795.997 -442.522
121.593 630.864
-152.724 937.427
908.854 407.34
-439.908 -124.659
-593.507 -432.778
647.141 629.345
624.762 -764.318
-492.113 -270.692
646.455 -611.813
596.32 285.017
941.006 320.701
-841.853 664.953
518.739 -782.457
-215.54 6.971
57.59 758.405
-102.822 -84.574
-714.036 -632.042
31.087 -23.328
529.37 3.161
772.407 613.947
-809.104 -732.161
460.789 439.374
-434.779 -443.721
45.912 11.644
-883.436 908.559
181.019 -437.899
963.17 -411.11
466.392 696.167
-434.269 437.017
189.816 191.116
302.208 -243.891
-512.478 847.963
-654.854 -272.328
470.975 -965.761
-466.663 -96.509
-96.166 -111.957
-764.924 -871.835
810.291 775.683
-860.4 -766.141
862.139 -229.096
75.969 115.987
641.615 -570.355
755.621 -906.305
-769.768 -113.467
-252.745 -153.122
-337.915 -687.488
-958.328 412.617
263.044 577.886
-683.51 -907.617
871.011 -541.629
373.513 -433.325
633.567 -359.589
131.985 -990.731
-808.946 -586.599
928.93 72.106
-268.19 350.594
-218.648 -800.303
525.722 -884.981
73.053 622.123
643.884 -53.756
134.891 -95.785
733.11 435.335
-479.8 847.186
668.226 -710.317
702.281 -916.574
145.346 837.494
-879.589 -923.575
-787.308 -769.64
459.854 -604.687
763.248 -43.653
-342.042 -161.694
-653.703 -398.054
-920.938 -789.073
321.13 461.298
417.699 480.142
765.716 -587.232
724.858 -18.886
857.278 371.562
616.534 -628.434
216.137 817.712
771.308 -968.274
320.741 -403.79
408.275 469.075
110.691 353.67
-131.382 -813.235
796.377 846.684
568.309 48.988
-702.781 582.901
336.936 946.679
-798.854 874.465
463.066 -991.767
291.268 82.896
-785.04 -299.564
878.722 -819.853
-627.033 737.805
-149.538 435.207
-102.997 839.343
-265.101 -256.796
-319.878 -478.692
329.127 -233.946
-232.426 637.765
-927.208 686.129
-895.157 403.765
-732.777 -244.778
-433.325 -43.694
110.1 -997.076
-746.385 -978.449
643.349 -38.011
400.078 393.588
423.929 -683.734
-352.234 -770.044
814.14 413.99
25.07 311.563
-664.143 -459.918
93.206 -379.407
-316.357 -763.365
535.948 -361.569
735.517 -639.43
-112.766 -775.491
-848.503 -530.138
-305.269 443.745
-131.875 1.419
93.875 -523.96
-285.566 -844.721
-288.625 -645.403
-296.052 -721.503
-298.271 331.181
185.117 -911.808
7.686 221.393
431.686 -51.149
115.049 762.408
20.885 -874.421
-400.865 -274.409
341.894 603.917
114.996 -641.871
-568.525 -239.732
-241.862 285.635
-957.806 170.057
629.472 -518.943
874.907 715.08
152.419 -563.639
128.166 307.058
-315.417 -238.199
-702.88 -544.142
-396.896 161.286
-917.066 871.118
-73.507 -725.44
941.452 31.323
707.59 467.379
426.604 -735.171
3.543 220.119
782.383 -635.761
364.301 634.934
141.902 -222.858
735.368 -819.395
-366.658 689.146
-482.848 -929.371
-590.627 -227.448
-143.921 -700.585
564.602 635.006
442.228 -601.495
596.019 -195.037
-189.421 -633.582
-51.885 202.816
-437.813 673.721
905.171 -309.67
612.906 -297.842
462.185 278.84
643.262 -1.845
712.941 -948.812
-360.979 997.581
-927.727 767.548
264.237 315.057
344.156 -129.376
-373.809 833.279
262.561 -103.717
-579.211 -83.316
-424.037 -315.423
333.84 3.863
-905.21 920.569
-298.16 750.811
360.552 -638.4
-198.193 837.013
-124.138 -95.62
73.845 -306.411
199.432 -843.755
-763.371 194.031
663.912 599.559
-332.324 750.918
309.288 939.237
-251.309 -109.333
-203.861 836.099
601.233 -829.078
-282.27 -65.928
880.092 79.711
-973.894 -233.014
-612.421 -137.189
-427.568 809.757
250.605 204.498
-269.771 691.037
-318.895 -184.505
971.126 688.021
-883.103 64.099
-396.14 -98.95
-219.209 -403.224
930.325 354.904
-942.334 -718.368
785.788 -919.253
-341.651 -510.987
903.569 -433.461
383.41 647.088
-65.316 142.519
416.07 -258.354
126.938 -418.036
-104.187 -216.436
372.331 128.581
428.529 -43.766
149.173 276.468
-560.915 31.394
-74.337 -104.531
-311.097 366.635
941.474 0.179
-38.563 797.049
136.904 -100.057
690.006 -949.377
729.8 610.534
343.741 -71.957
-234.493 -252.362
392.885 541.995
-536.141 634.068
305.599 -753.194
-65.547 -436.278
-550.953 -610.921
278.58 999.554
101.689 453.97
-937.588 792.825
31.643 -780.054
111.261 414.229
-395.905 -713.559
849.415 174.744
-145.634 -311.25
-587.822 680.074
341.467 386.984
-161.055 379.339
691.741 -679.999
614.976 247.128
991.706 -427.097
31.116 941.145
234.096 36.043
-119.823 -694.104
551.671 987.699
892.705 -684.38
-163.706 -83.527
-465.083 -45.283
325.029 -938.198
-625.88 111.531
-185.95 -200.017
362.983 932.881
699.527 863.345
166.176 -789.098
555.055 -407.749
597.228 -860.908
-401.876 -794.48
-719.68 456.407
-344.398 798.75
-882.719 -914.77
675.427 912.624
452.237 259.333
-470.328 -222.072
-495.611 -800.71
698.208 586.31
343.318 -314.802
-936.347 222.623
-426.382 413.93
-312.727 398.342
-223.957 271.72
721.307 452.363
57.171 -867.343
-802.458 -948.396
-855.585 -316.935
-844.566 797.295
172.292 -175.292
560.965 -130.53
-294.827 468.713
975.386 -830.483
-427.883 385.358
-808.828 -897.48
664.315 751.053
823.553 -571.481
800.097 -871.125
290.197 159.951
-254.023 -120.973
359.682 304.572
391.083 -526.303
-323.46 -557.946
-511.593 -112.345
-542.013 -85.206
-758.432 -977.982
-636.008 652.903
258.631 -737.801
333.037 -693.348
-208.695 -717.53
300.981 561.145
607.512 -428.872
93.326 -501.789
-763.128 667.939
-488.714 -970.238
923.097 -474.261
400.737 -235.899
-374.355 877.487
-405.374 -436.548
420.298 412.677
-738.323 -652.328
925.518 772.379
751.149 -857.522
84.351 -493.545
-295.359 -285.013
165.862 -690.807
87.188 556.524
722.119 409.452
688.743 -293.92
-877.481 -128.451
-874.199 -740.117
444.418 509.479
-851.86 -482.425
-205.508 37.224
383.944 375.167
-163.065 -866.635
720.205 -840.186
-457.579 662.691
14.626 53.203
295.379 77.896
866.654 -190.926
-804.003 17.374
-298.819 -497.251
-421.934 353.06
589.898 -405.319
-543.466 660.914
20.486 -839.529
804.257 -889.896
-587.973 -75.284
836.728 -60.438
-982.599 594.822
376.889 86.806
-333.801 -639.655
479.64 -289.221
-284.921 -426.405
993.515 -191.607
-260.811 -238.033
-7.933 304.098
64.469 -607.519
275.132 -417.352
-266.756 -129.281
898.877 -893.228
954.12 -627.327
-830.531 -406.437
-441.71 -406.034
839.881 -549.691
490.443 -664.857
207.226 286.8
-32.503 316.064
245.21 639.553
-655.166 77.009
-262.839 -188.518
953.334 -25.512
-866.066 -344.478
696.927 689.465
-778.872 304.529
209.751 -412.023
642.497 -188.218
-365.229 -840.668
-746.41 -749.147
-388.901 -588.864
207.443 -34.46
-953.023 -723.274
-301.519 364.47
915.618 764.064
501.07 772.7
-827.482 715.134
-327.217 127.185
518.584 -257.864
445.213 539.392
-279.454 -202.543
711.105 729.326
936.518 -919.486
198.105 703.102
754.851 -19.015
-555.986 -77.276
-696.287 431.997
-87.248 -286.239
-494.975 -652.09
569.892 -690.983
-142.562 -544.144
263.923 711.935
633.626 -21.61
663.023 37.072
292.964 -802.117
900.346 277.663
-665.897 524.067
551.645 935.464
-550.628 -370.82
-583.208 -620.608
-245.23 -291.696
535.983 136.155
-918.683 -595.945
833.695 617.067
-585.378 941.894
375.275 207.867
-390.273 574.235
-594.919 360.961
583.459 -651.456
445.228 438.814
940.607 -747.109
344.539 999.277
755.64 -28.026
-905.893 -270.992
29.727 -34.915
892.025 249.232
-531.123 241.002
594.652 -881.325
-233.713 -849.878
356.843 -954.59
-387.769 456.618
868.787 47.953
418.696 38.768
171.542 -469.116
989.725 804.657
377.452 730.128
-949.356 -509.463
542.18 -792.554
168.805 776.899
-922.35 -623.453
-585.932 630.136
-755.004 249.341
18.901 -57.316
113.436 -821.532
567.724 411.02
869.047 -220.933
-370.922 -218.793
-269.751 -24.741
159.663 368.685
653.331 830.318
-619.685 -154.484
14.273 714.069
245.043 298.759
-330.615 -138.519
648.331 33.902
-202.996 -25.804
-855.302 -435.87
193.911 210.356
-439.671 -218.746
138.364 -670.718
-501.603 -84.139
681.258 894.063
879.023 -951.423
-4.99 703.152
-512.66 904.984
-549.716 -578.526
74.425 431.701
-464.46 164.651
-105.366 587.518
190.312 632.838
-582.008 460.22
833.298 3.063
-232.569 -574.546
-819.781 -718.267
-989.04 -492.018
479.742 578.286
-681.872 -156.579
-396.143 -616.989
-871.602 -760.59
678.45 832.716
169.971 173.796
-77.854 -606.927
334.311 -219.49
125.816 866.318
296.285 770.075
385.717 89.332
869.101 96.684
665.751 -966.435
387.842 -212.948
-335.328 222.547
540.07 -641.406
-783.707 200.4
-228.621 -840.447
385.893 -671.985
-871.241 -422.237
23.071 376.798
-323.419 935.219
992.438 357.177
-573.026 -589.578
773.067 -500.873
-829.762 397.785
-501.843 -520.221
82.083 569.587
334.333 -401.568
-229.678 771.025
912.258 -615.347
810.412 561.908
-731.306 697.584
925.568 943.641
-880.954 805.122
-771.322 957.629
380.493 -126.1
-292.528 944.301
-961.381 -760.987
575.996 -166.349
-522.579 -712.492
-390.336 921.842
-197.197 -487.135
212.644 935.335
418.238 -213.123
-933.021 -217.313
-667.963 -54.473
-886.073 -507.404
50.651 946.015
915.729 -822.257
-867.469 844.827
-272.472 -158.713
-419.066 676.325
-273.912 340.83
-700.861 -992.991
983.54 681.03
-964.393 329.017
-911.201 -288.514
249.188 -446.276
3.323 -635.396
-814.472 77.746
215.52 -612.344
-734.482 -399.368
-673.376 -483.64
-118.665 73.491
-162.049 -871.554
536.239 -848.247
-936.569 240.471
353.723 -311.567
-981.387 294.278
671.385 -482.075
246.743 -822.152
805.644 230.074
-283.948 594.611
-871.822 138.069
720.064 777.221
-59.348 -785.262
390.882 542.967
-35.386 38.53
518.376 -466.687
867.795 548.843
411.696 384.397
325.833 754.481
368.981 -374.192
-548.556 11.587
-620.469 15.188
-355.014 691.705
-475.011 -692.48
-324.99 699.973
108.561 -51.545
12.298 -752.466
990.412 -297.886
551.944 65.792
995.45 -899.413
-905.959 622.789
240.621 237.781
780.379 -106.432
-291.926 81.219
823.96 -894.706
-80.249 -708.791
-517.129 88.034
-115.748 -717.029
866.022 439.775
-320.979 44.893
-130.419 -787.941
-935.862 615.152
-992.459 564.129
253.061 -60.395
468.155 -664.33
-522.627 216.039
-910.329 -699.418
934.937 448.186
-142.419 -553.032
-78.178 187.218
-555.285 375.205
998.697 528.648
-429.895 -499.689
-817.778 -520.031
-691.827 192.975
-496.912 -445.764
389.097 904.091
-720.136 649.396
132.527 532.575
335.981 970.794
475.748 -936.742
813.034 903.188
846.084 463.661
191.269 -475.038
-174.487 481.783
-215.331 682.589
46.269 -73.559
731.935 -546.081
-603.848 215.364
429.67 -13.911
-168.757 795.275
877.591 942.572
-651.284 -612.609
-547.679 -722.461
-683.731 -581.598
-889.519 842.475
-254.064 452.69
-273.455 444.347
-886.795 784.633
685.294 -918.809
768.856 129.261
904.885 230.749
-918.337 108.235
-828.486 918.256
747.578 -840.278
-949.672 715.946
581.59 166.906
-751.412 123.675
527.345 765.417
901.893 -163.357
-327.156 -927.543
935.423 126.574
-868.256 -240.289
768.898 721.184
-588.502 860.698
-799.167 327.408
-584.421 305.912
-612.563 -293.58
408.117 957.196
-705.594 -15.188
496.849 -480.381
95.943 -154.772
-991.109 -130.921
7.099 732.832
921.079 -568.478
681.81 -299.477
575.159 627.86
-464.099 -190.949
-661.312 522.76
672.472 -759.547
-713.692 -323.751
-71.567 -322.78
-341.233 599.543
-378.96 928.152
606.88 514.568
903.902 999.534
-87.044 291.115
-619.488 -866.711
-595.354 -887.743
-260.833 -299.631
-906.542 952.63
169.748 -12.908
-307.149 320.371
243.148 -862.64
-57.845 -261.249
-721.36 -797.165
-334.689 69.315
-161.732 -80.44
-908.998 -641.145
-944.752 562.017
94.91 922.769
-48.905 -468.12
-177.447 284.247
-423.934 389.72
876.68 -879.316
-425.265 296.349
-201.521 -326.176
911.88 565.896
-349.068 -909.216
-618.888 55.349
-515.853 -40.069
-669.702 -566.208
491.281 286.317
-676.46 639.418
129.408 341.7
-130.066 220.544
50.853 -845.021
685.369 547.308
-547.455 -968.257
51.952 259.416
177.213 304.064
585.958 332.456
300.284 981.151
-25.407 -916.987
-686.842 376.147
-655.028 520.214
64.645 -457.427
-936.561 761.26
628.836 906.5
962.32 -280.489
890.616 -467.444
-430.778 -122.587
1.334 853.014
651.409 -504.826
-358.07 -218.077
-922.974 -41.275
43.076 -214.692
840.579 -617.12
-71.697 66.73
737.174 433.499
88.94 805.543
-97.478 206.283
916.911 -87.421
-789.48 -613.81
-976.312 305.73
-536.165 544.839
-629.06 987.317
-176.469 669.174
834.766 -652.683
-39.725 -196.133
-5.179 -554.276
-571.117 -665.074
146.009 269.964
-986.843 -325.411
466.503 58.251
111.197 124.93
-856.565 -291.049
744.458 -108.75
740.787 -115.348
394.74 -173.639
485.772 -923.978
-167.13 -652.237
-847.689 222.45
75.102 447.555
975.812 193.89
-713.54 717.392
-286.472 844.058
-384.476 -195.64
-29.056 768.786
471.934 44.209
-541.668 377.674
-212.632 784.0
-749.385 -670.849
739.696 -892.68
479.954 -192.31
-134.478 142.206
-570.339 -405.95
-639.128 -320.336
434.257 316.394
-215.507 -941.759
-818.111 -260.712
-291.133 -203.275
-985.932 -642.241
827.343 319.831
748.733 -224.855
27.252 -543.042
965.465 29.51
-551.953 -127.894
308.639 766.004
476.08 689.404
-251.25 613.639
436.486 -220.461
-216.046 743.976
75.111 551.861
-83.764 -869.499
-106.869 934.1
-283.888 -664.504
-860.271 -462.804
333.742 -768.441
442.962 817.423
570.838 257.511
747.326 146.588
-955.091 -915.724
796.971 460.908
-479.115 741.919
-772.837 857.045
-154.026 128.784
-313.106 108.623
-563.239 -59.079
269.179 -902.427
-218.453 25.552
379.841 359.429
660.077 -638.744
771.725 645.694
744.434 -549.662
850.42 -27.858
-716.241 -189.178
75.698 -46.327
-212.416 -181.573
856.769 -688.743
-936.898 -886.634
-459.351 348.826
551.513 647.614
781.848 -378.878
38.772 -502.258
602.674 -535.687
-750.838 735.025
765.74 776.679
81.857 17.364
497.673 277.619
-115.284 -363.266
-43.905 5.437
-95.047 253.046
776.474 -470.54
34.611 633.204
610.624 -193.545
702.557 -810.792
564.845 -372.865
836.179 -383.529
-351.099 575.923
-308.88 197.728
-692.254 381.935
807.264 891.197
605.488 952.969
-526.038 702.806
116.071 -7.644
-354.753 779.003
-253.307 -715.126
-943.165 -544.444
-805.774 23.404
-314.965 -580.311
-618.524 -196.583
-336.885 -261.824
266.633 -118.005
23.924 832.99
961.511 -796.695
-346.214 -286.3
716.206 485.438
-150.015 -88.581
559.049 -255.677
-26.346 -704.361
-914.876 -46.486
674.434 988.422
161.818 299.519
831.605 921.113
635.513 -691.553
516.471 696.628
815.494 -432.085
-173.916 -84.872
-248.211 -233.473
198.065 -798.65
-647.685 605.622
89.893 -334.011
35.034 347.76
918.502 -501.304
-371.216 -375.492
-302.987 529.587
576.123 395.238
-584.526 920.153
105.836 -207.446
-615.574 -320.289
-863.431 -884.236
-593.578 311.605
615.823 701.588
-608.666 601.355
406.743 -275.442
-525.9 106.617
898.023 79.371
-299.159 358.492
628.872 207.604
875.953 612.079
840.845 302.733
310.0 478.437
-661.346 -730.592
940.509 826.45
-92.804 -642.114
925.316 -197.46
-860.337 855.913
607.62 -457.031
-376.496 -994.506
-659.946 -376.626
514.484 710.008
977.504 216.216
718.445 946.809
54.248 816.894
778.182 642.237
-497.914 -947.194
758.356 785.512
-248.371 771.868
263.572 -611.631
463.504 218.876
854.102 -243.657
117.603 -581.743
740.385 580.189
385.052 905.92
700.134 984.246
-351.897 394.439
-687.838 -630.588
60.976 266.475
887.213 -795.263
-237.102 492.793
450.404 793.761
629.968 677.539
-551.2 -998.858
228.396 -622.799
942.313 349.265
-946.346 859.424
-109.002 952.265
-96.444 969.867
-288.544 -279.583
429.413 976.781
-232.322 95.207
-369.696 -694.283
983.554 538.524
-645.339 -820.34
-37.152 982.154
730.21 -391.384
-100.998 -94.417
475.967 596.514
298.347 216.897
-830.044 -582.246
587.158 -437.259
-439.701 -545.842
568.371 -889.063
-898.295 250.519
228.716 -625.385
580.392 -342.09
197.783 496.915
-865.469 51.467
407.632 927.805
711.899 -748.035
278.918 -289.074
-532.245 -902.838
-558.251 -39.062
95.396 -656.788
344.765 882.069
-224.435 508.305
-738.452 634.47
46.788 -784.369
253.997 64.459
306.971 148.579
447.31 447.434
99.739 757.394
-577.627 -340.75
959.434 303.36
-417.289 -385.253
257.935 160.404
-258.158 -547.153
-498.999 -879.063
-604.551 468.336
-75.446 98.276
-91.698 833.24
-153.717 906.106
-158.918 -750.975
-996.053 616.704
-432.345 -421.345
750.301 -386.675
123.926 484.794
62.225 861.239
-147.446 -85.791
-206.89 -860.878
984.506 -490.674
826.942 722.878
186.591 -220.45
160.548 -91.726
244.541 673.199
-873.679 771.465
593.852 834.431
-797.297 -332.322
564.032 -783.189
527.806 135.904
211.211 -549.734
772.799 418.202
567.43 -344.997
533.625 -221.084
-129.627 -54.855
302.762 308.32
-102.516 944.905
975.606 38.524
461.582 665.365
-812.933 -17.163
-433.409 574.793
280.425 505.811
-28.932 420.882
693.587 -412.805
110.654 -692.755
-8.953 -753.867
-528.206 298.748
836.375 502.167
-145.714 678.646
311.532 -925.021
-267.206 -253.686
815.594 -619.951
807.275 -803.789
-606.112 443.428
-872.834 -899.15
666.573 -504.318
678.366 -29.53
328.423 673.126
-488.702 463.577
-61.921 710.689
912.12 608.256
-53.295 -525.662
36.461 -171.718
-958.784 -904.29
555.928 -937.078
-208.035 -540.37
617.196 257.923
614.525 -49.076
368.763 829.768
374.241 574.276
930.76 564.216
-900.565 420.434
-748.475 686.398
-763.489 -156.71
724.851 862.327
503.14 612.379
-657.296 664.453
241.964 29.383
178.643 -320.572
524.5 -342.868
-305.457 59.264
589.171 -408.548
55.362 295.603
-106.189 737.906
998.949 -599.215
759.692 -497.262
-542.623 768.548
-611.177 -709.234
-465.33 541.974
943.633 963.368
588.912 -960.127
-802.704 190.302
153.238 -588.989
-51.187 299.494
350.271 300.768
256.02 508.922
-71.023 895.629
-634.935 732.401
-748.932 338.476
485.25 -600.065
-551.588 144.934
-251.983 -547.371
-789.784 -528.765
671.733 497.226
-482.409 749.172
993.524 910.955
442.422 -309.637
-786.088 857.469
-591.148 354.106
-28.662 501.311
264.819 963.837
-896.954 -651.25
675.08 184.026
-890.761 -118.602
-515.086 319.029
595.736 -344.31
-262.014 519.173
774.89 462.454
614.317 -213.295
-629.882 791.95
-975.364 356.904
-200.304 201.91
183.463 -52.13
-306.572 671.013
-912.032 282.108
216.708 727.528
186.272 441.559
722.393 -628.319
-956.993 43.669
-896.674 -857.468
-655.788 -191.713
407.542 -839.872
-786.963 864.89
-720.866 235.971
-698.75 144.806
369.847 419.283
921.647 78.416
593.456 355.331
881.568 -292.967
-63.235 876.315
-150.109 575.966
-502.813 -903.208
-346.273 411.784
484.038 -959.029
-892.531 372.286
-105.977 863.846
150.819 858.946
389.824 166.882
622.809 -910.71
-684.371 504.663
820.708 90.864
-996.125 249.742
-974.552 289.903
611.597 749.707
-316.508 548.858
-422.53 -604.637
460.634 778.588
985.808 -390.531
146.009 -631.501
-422.172 -623.63
-445.692 -523.823
242.16 126.631
495.982 898.629
-285.055 171.89
980.553 -259.439
-648.04 665.242
592.974 -816.829
449.905 -730.242
759.817 486.121
-392.287 -643.891
615.615 -83.288
317.041 -278.896
-619.411 804.053
595.666 668.463
-373.878 140.404
-559.285 -459.578
482.382 -231.189
178.676 -195.757
-238.218 519.531
737.204 -186.643
-85.354 -186.675
642.918 421.458
-325.876 -889.686
897.846 -356.646
525.535 712.552
-83.305 -401.915
-732.119 928.37
-721.214 429.493
-598.636 -416.751
-827.478 359.276
-537.124 756.868
-815.151 -708.955
-856.267 777.103
-271.782 -912.004
-767.044 264.148
141.028 -673.722
-349.402 551.121
471.997 -171.912
986.335 -847.055
-43.195 790.831
960.301 -695.993
-451.781 619.827
572.059 100.977
620.195 678.043
-240.821 274.306
517.231 976.524
-907.218 38.491
-344.198 -981.408
324.957 998.329
638.5 192.15
124.582 917.502
-527.241 -400.447
174.767 744.715
-275.498 709.042
191.782 32.89
-666.256 679.364
-699.593 -404.158
980.761 -814.838
-456.118 -748.538
648.592 -106.061
-711.167 880.417
91.9 -898.568
296.059 617.167
93.686 -605.969
955.163 -613.302
92.655 -970.646
-137.093 -207.79
-645.293 581.683
726.921 -448.062
-556.439 740.911
801.926 135.525
361.835 -206.41
731.475 265.956
-359.984 921.339
375.929 -87.548
533.607 -694.859
-853.056 235.283
229.184 906.651
-972.036 -531.694
764.631 190.725
96.926 188.82
87.529 704.363
-273.868 -668.692
-324.128 -732.938
446.09 -50.55
713.744 -775.561
-634.575 772.916
541.927 158.622
-372.478 589.784
250.085 -830.168
-825.479 589.064
679.819 53.309
804.546 -341.856
-735.234 605.499
-611.575 374.437
-641.743 -653.129
-776.313 -980.42
-62.414 -935.723
-757.13 772.45
509.558 499.158
-311.453 412.936
-886.7 999.31
349.596 -825.366
627.276 511.554
543.765 747.905
-586.36 807.78
-902.753 923.577
495.594 18.881
-236.758 863.41
-760.173 -41.749
435.554 -642.046
980.332 89.527
-572.255 -737.947
158.407 945.866
58.937 516.94
-408.552 -844.876
-660.652 -77.255
-94.773 -854.477
244.954 -870.821
-352.83 -67.596
-634.513 -568.499
208.14 -243.511
-278.756 789.865
-200.316 402.588
-210.317 469.207
898.081 -600.333
-610.373 605.223
-331.076 -492.239
-70.145 525.831
-442.995 -867.56
198.207 -278.262
420.349 -801.008
908.953 372.78
-168.489 498.135
270.714 550.926
-236.957 -773.558
670.567 -259.053
593.102 -367.981
-848.735 971.107
-352.943 460.199
-672.229 754.069
-79.769 -171.348
187.787 386.851
248.619 183.585
-184.441 -487.257
620.423 -11.669
496.764 116.411
-414.66 262.378
552.242 268.827
-605.765 -467.165
-210.558 781.253
986.062 -79.633
-57.891 718.481
545.064 396.842
-986.072 -45.693
49.548 -759.862
158.739 -584.948
578.642 615.748
-713.764 -162.796
-380.945 -811.629
-766.146 279.314
-352.283 54.458
-826.141 313.094
-470.962 -706.108
653.249 -897.267
907.389 941.418
77.793 343.906
77.452 592.061
-117.838 74.981
-992.154 979.314
-263.163 871.999
369.269 555.078
601.087 -957.469
747.885 -525.025
-261.148 784.753
-475.9 -484.033
-180.764 -3.195
882.659 419.62
200.939 -751.104
878.338 -416.376
240.8 443.632
-982.019 -14.515
-716.187 420.317
-510.431 -277.672
-668.784 -759.939
256.252 -550.207
365.634 -626.566
546.401 157.229
417.762 138.649
-405.638 -143.072
-529.643 -571.285
-824.578 -194.706
-974.166 164.338
633.663 -688.039
-275.774 987.279
280.771 513.119
-932.726 35.689
585.897 424.67
811.53 -787.771
929.948 -356.389
-518.61 524.702
660.242 624.361
641.811 312.051
-316.946 -218.422
-486.462 702.469
260.979 155.982
-773.318 225.273
-142.89 990.46
397.579 -643.205
-639.207 -802.551
-556.329 921.305
-755.27 -203.268
-612.393 660.165
-308.072 -969.225
-354.226 166.942
922.683 391.652
-658.741 563.579
-667.247 46.741
-92.955 -611.563
-981.487 -184.162
172.079 206.62
708.803 -595.445
606.628 -137.934
-356.13 -908.029
993.017 -638.852
971.883 795.268
296.436 967.721
482.228 -42.481
-176.041 341.334
-370.334 -693.552
748.096 495.138
-40.152 68.872
-794.072 -262.442
567.651 594.739
-250.224 867.899
-956.131 5.667
-740.231 -446.071
459.587 268.645
374.576 -796.994
-835.093 184.348
359.313 -619.074
-69.016 -699.061
-159.525 -217.506
347.942 734.918
976.508 646.007
-269.503 -661.222
-319.409 889.659
279.079 576.221
929.425 379.671
-129.025 366.143
976.987 -679.899
-472.924 136.115
780.965 -590.254
570.943 -334.855
932.312 83.955
-493.184 -960.111
-923.17 529.144
587.583 532.634
412.301 -239.389
-326.997 13.426
535.159 -316.917
636.542 373.526
-385.724 885.287
237.074 -874.719
7.921 58.959
-713.288 -588.982
-127.603 476.203
409.388 -30.588
380.6 346.577
-930.263 719.869
-175.399 -666.974
-8.679 380.061
-786.613 -668.931
-902.564 -22.298
-510.594 -746.966
929.34 -888.792
-133.618 409.987
725.747 -762.322
-113.793 -202.037
-466.735 -455.707
-763.512 420.817
940.582 902.307
-858.578 -570.495
860.219 500.122
428.285 33.257
-444.224 290.588
-250.793 315.811
954.744 -714.009
960.205 -552.292
-792.94 -222.009
-317.259 -503.404
-269.687 415.698
465.382 -611.735
-658.27 -659.343
161.314 978.926
-676.595 -446.746
475.607 -95.681
370.164 518.154
-784.862 -795.623
826.825 98.896
497.472 422.229
635.168 -416.37
-652.247 -997.912
-956.467 782.356
657.973 -350.639
-92.91 394.846
-606.04 236.598
733.596 527.322
-417.956 -516.652
-547.278 345.627
113.979 -943.975
-118.956 -262.974
600.437 -335.534
-732.047 -925.294
284.973 651.536
-401.88 -759.643
515.487 -671.582
-84.621 -617.447
132.612 323.611
617.848 -935.627
-764.264 -419.998
-526.833 -819.223
135.006 -405.4
-58.286 276.467
586.985 275.699
909.164 -601.861
-789.482 -629.614
-198.728 -424.574
-326.06 199.41
-373.39 784.637
-993.612 866.743
-397.548 -302.761
-705.054 -811.163
243.9 -358.034
81.626 -55.449
213.427 -656.144
-581.822 556.364
-631.753 -454.249
-722.796 124.539
-568.68 -167.177
795.995 -948.927
999.685 154.092
849.75 361.34
330.96 -322.721
-40.448 -996.047
54.773 340.635
821.949 -473.705
-175.917 -346.258
-723.52 -202.722
-581.713 91.147
-481.407 -683.294
-452.173 615.503
587.945 -818.477
-865.272 -547.057
-557.762 -560.829
-255.885 -185.514
136.695 349.799
-437.958 347.455
-152.108 120.233
536.603 -752.134
-447.527 -984.751
342.866 -349.752
-369.114 224.829
542.033 -987.475
-816.981 805.284
241.15 409.973
-590.137 -871.244
279.773 179.158
-783.453 568.073
295.897 92.684
494.71 341.376
206.374 913.837
435.91 -378.924
-241.585 -348.888
324.956 227.846
444.192 208.558
-850.549 -376.106
-253.913 -358.578
-882.558 610.237
752.472 -497.105
151.446 189.925
482.295 762.847
-682.88 -449.094
-580.731 -203.274
304.711 -742.561
-257.73 592.825
-374.561 -342.46
516.702 -297.46
982.113 -765.174
639.258 676.549
-359.227 -435.013
-822.751 214.632
-261.165 838.749
42.433 277.914
211.847 -521.159
993.02 -40.368
-658.541 731.319
-910.621 -662.529
814.634 -270.859
-172.664 -515.224
-881.506 826.36
-539.886 697.375
894.245 -764.331
-649.396 635.664
763.962 -847.074
703.342 -37.911
100.224 234.45
-975.664 395.921
545.777 -850.29
120.335 555.365
263.283 620.348
-895.683 -107.814
922.272 409.325
-617.853 -958.001
-968.386 -737.038
-438.3 -146.434
566.18 401.576
841.879 -509.296
-639.077 -857.057
996.902 -442.589
-127.266 562.638
-979.025 191.065
316.724 -7.348
382.071 333.179
-794.534 -558.74
-365.374 454.977
468.631 79.784
-771.47 -120.874
-756.565 -171.357
-612.355 959.238
-812.313 -339.699
35.571 -986.273
540.215 -444.183
967.095 763.589
638.39 -568.672
-38.84 333.157
-5.671 -905.645
264.435 -764.796
642.813 -944.785
995.5 -318.503
-939.582 214.96
61.281 454.923
-658.903 -222.505
-673.182 -185.632
-373.304 686.338
-929.615 -430.573
-710.025 -284.029
-597.391 84.622
-262.334 575.734
-130.821 790.431
869.749 -87.99
-363.128 652.742
-50.338 34.612
-271.096 310.857
511.663 -408.641
-866.307 970.544
281.942 587.507
652.728 384.462
-74.756 28.392
-541.605 910.583
-534.628 377.606
-932.781 -842.974
539.043 -664.94
-478.485 -930.455
-371.26 -886.268
204.869 53.23
264.923 -212.227
-921.345 471.467
-831.45 -492.705
-215.142 461.56
-413.475 534.947
998.803 212.982
948.11 808.859
-200.826 90.122
-41.994 -416.005
9.267 -128.328
876.731 -283.768
-657.473 543.106
-440.119 -354.261
91.983 514.776
8.61 631.922
29.08 307.009
-468.993 122.921
866.057 -824.834
-791.224 -786.723
-915.318 380.267
-68.808 -681.631
161.067 -464.939
352.281 383.468
682.611 828.884
520.777 402.847
208.439 -188.691
389.578 707.205
314.322 -477.804
986.91 -90.89
-726.195 -326.524
-906.317 -620.128
275.434 403.108
422.106 -752.717
-181.545 -706.17
80.908 821.061
-491.716 746.126
473.614 -484.655
-691.279 -662.4
-97.207 574.358
316.852 -259.937
964.927 -924.476
372.234 939.304
171.52 152.755
672.378 932.335
-612.893 -857.736
199.141 84.922
159.622 329.42
322.458 500.528
510.166 861.724
763.732 398.032
970.986 332.583
413.914 -869.032
-9.654 599.525
332.674 -828.141
-192.085 -940.033
-791.17 485.253
180.422 780.997
489.912 -191.329
219.194 -442.936
-78.331 -679.071
405.704 -913.065
-370.123 988.465
-134.051 -759.431
-973.752 567.681
-162.646 639.392
-793.071 100.127
-115.943 -511.977
793.964 304.838
-550.027 568.013
707.968 391.973
585.802 927.499
-958.725 -749.953
919.557 -376.136
-84.29 -900.383
-60.156 -728.706
144.172 594.058
-613.721 36.445
84.998 888.648
296.992 133.155
434.767 -109.114
129.643 199.329
-768.379 -18.663
-500.909 730.019
809.711 305.758
712.522 49.374
485.275 716.205
463.744 881.859
-910.283 190.012
-572.081 -955.972
823.786 932.701
898.598 -455.967
-653.184 -34.683
-741.139 -836.828
652.228 -425.812
-518.772 -204.524
-97.66 -49.042
-490.46 979.696
-297.153 805.332
545.975 363.024
694.263 -512.977
-897.498 -746.269
308.616 820.598
-731.163 575.327
-133.066 725.203
557.513 -229.353
422.596 900.819
786.204 212.084
-287.981 -778.72
915.182 962.677
-215.068 -170.85
461.134 286.076
803.222 -541.146
488.195 -660.029
-982.954 -559.108
991.194 -968.317
66.303 188.976
560.328 230.336
178.462 591.731
827.076 -28.434
-421.042 481.896
-746.29 56.429
809.333 290.799
552.916 19.704
752.93 642.864
382.954 -639.695
9.135 457.94
-650.091 -777.405
751.574 -748.301
319.652 -69.245
498.853 -840.598
-172.121 972.345
31.793 529.527
99.49 214.293
672.473 -547.892
-25.831 541.685
-636.111 616.097
-283.438 970.197
-537.825 887.655
-170.373 500.315
818.0 -987.421
397.619 788.579
-176.605 689.765
362.06 530.931
-916.793 -447.8
-163.766 743.504
-830.375 -847.985
612.869 944.702
126.682 -451.56
240.772 519.701
109.01 839.446
-264.419 -607.464
145.112 618.403
946.729 610.415
-22.494 878.697
-887.135 821.905
689.87 161.122
-182.734 -843.64
-483.573 618.014
-956.4 326.483
176.949 248.262
-594.196 187.653
62.037 478.268
841.691 -533.063
-495.628 -516.42
-767.33 323.357
190.216 295.524
-183.042 -294.907
-292.829 -476.115
-125.235 -362.763
-288.02 407.031
445.958 780.227
551.274 726.923
277.863 -609.933
-578.07 799.961
339.327 -35.845
249.013 -192.118
-712.549 -383.313
-353.89 284.454
-502.646 -895.786
340.815 711.892
394.17 652.365
-406.865 502.471
-550.06 -631.571
484.257 67.642
310.207 -554.336
452.393 -838.602
-997.605 225.308
683.402 293.175
596.542 176.255
172.77 934.008
-719.437 276.207
363.267 220.052
185.791 266.351
356.255 44.954
210.655 547.138
-915.244 333.179
165.837 -510.065
-741.141 938.328
-852.574 -793.124
711.762 441.71
386.344 -73.737
378.84 768.651
-70.703 -974.238
-523.198 308.477
844.653 572.451
14.178 -853.308
720.623 -272.817
776.703 647.575
-516.512 -937.851
-484.248 -327.582
-359.202 -275.5
-952.763 675.591
648.555 -533.711
-129.252 -384.241
-796.811 -933.276
-115.481 338.134
-917.437 -143.947
575.664 601.34
722.356 -408.367
692.244 -753.657
888.497 814.349
-155.482 189.971
-39.152 110.397
-455.482 785.009
993.461 -34.852
-232.282 -767.7
161.721 -702.327
554.776 -443.768
-255.297 65.685
-113.292 173.939
278.11 -783.002
45.399 -855.452
423.849 471.603
-404.174 879.228
-812.252 -26.226
186.078 225.284
-720.334 -839.708
-153.716 -463.599
400.14 -225.206
-17.379 -852.694
-918.856 230.31
-289.065 788.297
-643.722 729.381
283.902 74.491
-462.425 -522.563
577.225 -128.338
-685.681 -20.922
-762.023 -128.548
-605.84 -565.849
765.712 -263.416
-550.748 -936.17
453.707 -258.007
-692.943 -167.037
-983.893 818.312
-452.615 -138.442
-236.709 825.406
321.377 808.523
-608.837 -376.997
465.645 -714.561
-632.554 944.329
347.298 -827.171
56.788 567.96
-423.606 542.83
167.961 -341.319
-574.665 -726.205
565.662 979.187
-441.671 171.113
-557.382 204.208
-485.364 575.997
-272.874 -941.223
-540.564 -155.766
778.946 -184.878
-820.387 743.927
-751.244 933.234
-585.867 849.536
-669.556 -918.245
22.058 270.92
352.689 -223.814
192.828 -913.615
366.897 119.7
-70.871 206.616
-640.408 565.543
157.096 165.093
-905.002 726.214
-241.293 451.852
613.534 658.766
-21.626 -552.075
723.971 572.9
-553.876 868.405
966.915 280.288
-765.255 -665.003
558.063 352.129
-518.822 -814.848
-112.278 399.363
-542.223 -826.72
-854.211 721.03
137.816 719.304
-860.545 -911.21
-355.658 482.803
-60.526 673.281
-319.078 666.687
-919.468 566.683
-58.862 738.645
-831.417 -153.202
481.845 -649.213
-546.35 -315.88
-311.648 -579.855
-769.661 -426.156
-747.527 845.348
-887.304 -707.421
106.032 451.682
179.185 -271.936
-69.654 28.422
100.112 832.51
-928.037 -850.238
-94.791 -968.111
636.765 -590.578
-322.268 -198.287
512.915 -551.035
683.698 82.424
558.659 933.036
511.439 587.72
84.444 932.263
-899.194 924.121
534.482 118.946
5.557 231.975
-32.105 -711.477
561.417 -380.477
-287.771 -839.451
-222.911 -679.17
-647.642 -115.263
-410.127 -436.354
-66.439 568.077
-824.577 813.986
352.646 -735.853
-850.038 352.357
-699.185 -13.449
9.891 -327.732
432.333 332.283
-800.815 689.311
327.87 -706.129
-563.727 592.488
961.698 -421.259
-299.481 509.922
717.027 -489.499
776.961 186.615
530.945 485.472
860.088 -889.134
-446.422 82.74
786.808 867.317
348.209 210.964
-810.775 727.056
-557.936 -15.844
-638.751 474.651
-828.998 873.749
672.389 -611.65
155.746 -836.272
-817.387 539.511
481.812 57.84
-234.091 279.455
583.312 949.327
452.711 971.462
970.236 130.518
723.975 703.066
588.256 407.001
-135.829 464.276
633.014 -401.719
-312.027 942.813
226.41 417.332
970.583 915.599
-662.881 -216.624
-128.775 692.818
553.14 -294.851
278.087 875.513
-981.47 -450.838
-908.455 580.593
428.493 -435.059
840.666 -239.103
448.333 -455.663
901.036 -545.032
656.545 98.813
546.035 -627.605
-138.307 480.378
596.141 100.439
-449.51 408.387
-976.336 -526.667
621.421 829.813
-861.668 -747.325
-206.881 903.145
447.398 90.643
-802.837 414.107
-60.627 -420.784
76.497 -322.94
791.939 536.79
20.909 -744.049
391.95 587.213
653.745 -879.009
-85.928 121.706
-537.083 949.438
-285.095 -472.088
-728.066 68.107
540.884 645.233
-159.082 -775.631
-913.587 -88.578
-343.229 -20.594
528.371 640.381
-278.371 270.426
-144.941 548.911
-860.834 377.379
-907.315 -550.257
-341.135 -568.397
-678.282 965.265
143.589 -713.605
-235.561 360.687
-183.419 186.571
-355.638 775.756
-659.182 -489.01
872.874 -119.088
15.522 -614.832
-744.452 -705.403
896.473 -66.565
-658.75 426.887
-909.874 341.372
877.088 -854.832
-577.519 -624.946
-121.112 482.029
492.778 -693.148
623.295 -517.07
-183.845 -590.312
155.797 -995.39
-997.385 -561.267
-380.022 477.893
-717.639 -416.798
-403.535 -501.284
-340.745 962.825
968.343 -192.915
261.97 -227.016
448.529 -830.536
907.3 -960.736
842.245 -994.088
763.583 -107.972
602.744 281.597
751.794 -801.426
900.434 -579.746
-680.634 821.524
-470.416 -59.593
-257.017 -760.845
-389.884 47.656
943.425 506.042
496.176 67.616
392.232 566.851
-118.846 -929.961
269.892 -460.373
-512.789 847.131
-503.655 466.294
-273.886 -461.0
-978.059 272.391
836.716 -687.867
-548.157 -535.084
337.797 -903.142
507.807 204.889
856.532 -671.431
480.746 433.273
779.958 56.175
246.163 -714.349
26.181 719.449
-740.463 -921.363
-284.092 -951.557
-294.271 -210.239
-817.393 -123.918
405.537 -264.482
224.181 684.65
-243.668 -167.408
-569.385 -702.988
-130.255 54.692
62.663 916.266
124.991 -240.32
-809.354 -519.711
-965.949 -680.738
-860.405 -529.116
928.806 722.725
-125.403 465.02
-511.343 -447.8
-559.523 -135.746
701.34 496.959
-492.183 -989.512
-646.879 760.648
-963.529 -504.016
-934.616 960.69
-87.9 -236.1
221.998 -912.027
758.985 -68.968
432.987 -589.226
669.019 132.341
-254.25 -49.43
410.07 119.901
470.954 -478.059
702.92 -846.019
-650.619 376.128
-727.574 746.581
972.182 -779.189
108.314 555.566
916.363 412.367
-298.943 -701.783
-700.265 -446.599
561.182 -214.915
199.956 895.481
418.372 -122.761
423.725 -369.254
-341.433 -875.461
672.072 759.206
-762.694 -993.005
454.636 -535.601
-140.633 378.466
479.126 -826.112
-632.986 -954.65
788.418 412.989
-529.693 -286.765
-4.022 -365.331
991.539 -97.874
317.643 145.956
-80.621 998.098
364.829 385.887
-21.62 511.693
-108.931 871.865
-841.098 -633.979
-355.979 -196.026
530.545 709.1
20.096 -97.987
41.178 811.618
211.542 913.394
-287.395 -50.813
-670.798 -292.257
320.344 -18.636
-980.826 15.138
-361.686 830.687
-609.671 589.167
496.126 184.181
958.34 587.125
454.613 306.803
-144.783 558.986
546.202 354.94
559.438 -30.038
-107.888 -516.881
-230.019 983.193
-433.081 251.267
756.09 542.252
75.798 -144.304
478.404 -194.487
-101.22 -324.364
-563.029 -307.773
-288.77 545.381
-590.402 -737.306
-959.37 -98.516
907.709 -617.144
-247.725 -627.558
691.296 822.926
703.37 194.174
158.506 820.901
815.684 -274.972
816.661 281.183
-919.586 -280.377
167.42 360.867
-917.965 436.54
-593.672 -25.878
-226.004 865.811
-88.478 642.258
-942.345 -729.336
579.0 866.373
618.423 233.842
110.083 -598.64
789.513 580.514
426.666 -197.902
530.183 -644.091
-941.385 70.372
333.39 799.037
764.982 -267.154
233.38 116.291
-825.6 552.867
-656.4 227.99
-534.512 605.559
694.481 615.678
-147.491 -226.405
-202.275 -433.757
-263.24 192.145
-331.383 614.466
90.834 443.871
453.93 845.5
-269.083 600.423
20.093 611.202
401.961 -475.486
544.072 -774.852
383.224 -443.202
-280.164 -7.219
298.414 728.129
-488.621 -829.833
-560.152 -298.789
-922.076 438.97
293.865 -521.645
716.016 913.005
-370.714 802.696
-158.892 -263.099
-86.095 727.819
-148.275 367.111
712.168 -291.53
-174.605 -205.524
-282.06 -334.675
702.163 616.927
320.355 -340.196
318.068 18.25
-991.677 -355.499
635.34 108.145
7.277 -980.883
-296.651 176.375
476.67 167.988
-450.085 195.43
-210.1 -872.196
336.786 -423.515
-465.705 -740.293
-988.678 -185.514
120.652 -499.857
421.674 470.897
184.671 18.661
802.988 577.341
-461.86 801.449
563.826 -488.168
74.732 -885.568
934.272 339.402
588.989 -484.949
927.569 673.096
-466.61 357.259
863.719 -410.523
-296.235 180.238
-698.373 94.882
-309.484 500.391
426.912 342.323
328.832 791.188
-129.698 918.917
324.388 614.615
-558.864 914.1
-228.19 697.573
341.735 102.098
453.874 610.12
-842.331 874.463
370.808 -122.063
145.347 -961.512
588.939 44.904
-492.208 958.731
753.16 -395.345
-5.885 -435.891
363.788 -252.669
659.68 864.174
-297.182 -205.463
219.664 -654.828
352.305 509.075
382.338 807.353
808.306 -309.723
915.211 -531.549
-11.273 1.884
655.538 -351.103
368.89 874.391
-206.043 -669.58
-918.651 28.755
567.553 876.608
35.804 860.893
139.581 -337.694
-48.257 -622.524
-598.882 503.137
-320.833 368.862
-364.293 740.534
691.111 -277.491
-92.048 -232.028
162.741 -837.862
204.709 496.076
-78.229 -76.265
-283.635 -64.062
-438.568 235.963
-223.885 910.318
-992.933 -392.223
-934.522 -825.756
-124.753 -937.164
-362.472 505.684
-715.68 -241.001
-908.837 476.171
-586.126 -177.573
-587.796 -979.978
-254.37 -401.893
687.17 533.818
-119.434 931.759
-900.271 -828.288
-912.994 -341.812
-774.798 763.632
-656.44 438.262
-128.949 -787.041
18.872 549.37
-713.264 954.693
273.004 307.211
947.685 723.065
359.801 333.493
106.406 -140.108
-278.91 411.702
578.867 -738.449
15.416 71.888
343.719 432.132
-933.946 -348.042
-502.289 710.882
412.74 626.433
376.396 -116.531
-117.911 120.992
-854.475 -952.643
265.904 -599.557
-387.934 185.884
564.361 -243.218
-423.75 -844.836
-813.768 -22.262
771.102 693.433
135.931 88.334
-569.923 -888.316
544.285 901.5
-277.19 -727.748
595.911 155.103
240.347 -716.271
44.212 -672.734
41.432 -141.352
-766.945 63.213
817.434 -575.434
560.286 136.627
314.128 151.646
-444.251 -228.643
-995.954 -990.377
-43.252 304.441
-782.539 514.375
734.912 -344.314
-90.421 -29.306
-931.467 -457.908
-783.192 -971.906
-986.721 40.636
-765.694 -210.369
-662.409 445.442
153.31 -151.287
93.748 -36.909
-739.106 -580.408
-505.418 -751.932
755.859 -40.016
-125.448 92.101
98.708 13.698
403.502 966.443
-744.817 -574.124
224.96 -889.207
-902.715 -292.9
-686.534 23.522
-681.288 -411.499
801.018 483.199
277.203 616.56
-161.811 -80.489
-33.857 -188.666
-718.234 -163.428
20.956 446.112
495.817 -2.79
396.734 625.413
77.324 -13.718
939.44 -79.373
-807.213 -853.904
-487.794 -512.36
383.558 -690.028
-989.578 -964.168
55.049 510.809
17.199 713.576
-573.509 -434.005
364.257 551.785
163.659 811.195
-781.509 -628.74
-521.143 905.841
961.169 -323.375
68.343 -989.698
814.689 772.143
219.062 -460.34
-135.369 -5.86
-183.846 -969.818
111.82 -888.734
670.232 -949.586
877.803 -639.167
26.635 683.452
191.452 -926.479
882.577 234.991
562.77 -713.686
663.249 252.323
354.87 915.584
23.851 -787.251
-769.459 268.317
-383.56 965.157
746.23 -908.881
619.598 446.161
582.368 -101.964
-822.271 609.912
-770.734 265.768
462.399 -122.17
-854.274 999.846
89.526 111.99
-668.975 388.805
-618.066 -828.026
389.859 -803.325
-588.379 478.38
250.171 -852.11
718.359 923.151
-358.736 -35.425
-770.225 -571.584
-343.245 830.472
317.778 -106.469
-25.676 -531.479
-994.129 759.987
266.435 -633.992
779.238 261.845
-722.334 -858.935
951.698 457.69
-560.718 -814.143
-611.902 -952.904
199.203 -432.756
-890.866 -154.273
-918.844 797.214
369.702 254.391
-196.6 -435.804
-369.531 608.342
104.216 -143.466
-611.751 -477.726
-925.396 7.442
-348.912 -161.491
-783.868 418.287
200.908 589.589
897.276 -688.598
-597.997 160.014
390.09 -734.395
302.144 -918.106
-322.102 909.454
793.176 366.921
873.438 374.355
-690.093 -131.068
616.729 -211.709
-590.246 -500.717
129.476 349.071
992.941 -971.482
398.305 -374.971
54.951 -182.727
624.59 648.013
-162.962 418.571
-335.934 299.884
-725.424 -408.476
-337.934 -45.23
-321.137 486.883
-986.623 -775.703
357.528 376.722
284.629 -463.195
681.612 128.673
385.994 -557.686
668.985 712.195
-100.25 -13.182
-843.43 -602.945
-763.719 -121.286
261.254 -923.508
148.324 419.82
632.489 778.836
-454.595 -413.382
-1.592 366.009
338.354 898.283
-33.109 935.386
-84.378 288.808
283.088 898.921
686.621 -273.39
-928.032 -893.531
-355.561 519.462
-152.946 -801.481
-935.955 397.351
-792.423 -128.413
-21.496 632.569
889.317 -744.652
424.844 862.036
414.151 -991.519
-224.506 154.391
374.522 -35.985
-805.092 -70.891
407.818 -162.852
-759.991 520.301
-903.018 -359.423
-581.616 -581.883
208.791 -573.873
938.156 -55.364
-420.56 929.692
-573.989 -871.515
-36.882 -850.028
155.126 866.566
520.454 93.699
-386.84 907.886
-770.418 797.042
-516.934 149.229
565.272 -701.092
195.596 430.986
37.987 467.808
713.361 455.226
427.307 -625.37
-439.568 -732.969
290.249 681.479
517.193 335.994
-261.899 -638.463
-287.691 -491.719
-236.346 -225.991
659.5 -226.515
-513.988 -25.883
569.57 138.712
577.777 -32.455
-461.315 252.439
579.839 -468.454
750.623 -529.758
488.581 925.58
-73.812 806.447
-581.796 -426.434
-750.308 82.827
-113.269 675.381
280.807 617.047
-210.847 -425.744
204.09 999.938
-682.44 589.629
-28.965 365.619
462.944 -595.441
-939.356 -595.591
-863.843 812.7
-776.649 -508.865
-95.558 446.267
-535.407 -230.514
174.949 595.215
682.648 361.823
-763.438 848.173
936.112 -765.749
-40.573 -565.292
171.68 70.167
-523.583 -309.591
-892.981 -848.966
562.479 669.181
-691.802 -93.146
-24.361 -220.562
-529.518 -726.81
-596.669 963.721
-930.861 548.05
363.491 477.33
-998.23 -543.734
778.942 449.562
-455.098 -787.189
960.475 -450.254
945.706 -972.102
-158.804 -913.471
-242.036 600.596
246.039 -651.28
813.594 -178.981
-959.987 887.941
902.936 428.53
-783.526 948.464
-962.029 -771.204
722.095 -264.111
455.17 -602.643
232.52 -876.076
-83.218 -710.421
820.075 -296.149
355.153 -378.5
278.428 687.285
458.389 -186.418
818.272 335.459
843.311 -523.471
-613.474 248.238
237.567 798.392
-614.734 -803.401
893.185 -333.989
-593.16 -4.904
-770.075 846.503
722.514 -698.994
849.441 799.591
595.174 -567.997
-620.561 597.013
91.216 287.623
-962.12 874.896
-920.957 -579.845
570.56 -980.83
-225.668 -551.247
-165.706 175.272
933.308 156.41
-661.594 232.866
-472.163 290.305
363.905 396.454
100.982 0.032
540.449 -219.76
-894.54 889.304
-789.633 364.961
754.696 -464.644
-640.667 -208.262
-724.647 456.885
-232.155 -743.958
-792.198 -595.271
-256.286 -244.826
367.806 -788.045
433.769 915.429
-646.686 -148.821
-3.782 429.921
-888.355 -486.2
-695.775 -969.193
-123.317 -204.269
120.931 24.43
-811.087 403.271
-956.088 -570.728
-75.127 -782.793
32.69 455.465
-618.21 368.894
496.089 599.356
841.532 820.391
-477.086 666.677
-487.362 715.099
916.851 -561.739
226.824 284.603
184.802 709.51
-945.379 686.549
296.132 -587.737
376.929 -971.92
893.445 312.531
-830.438 -104.585
-588.484 -363.657
-58.498 830.428
599.212 411.25
-631.816 514.635
609.956 -936.389
712.731 -348.019
983.497 -386.867
233.568 -974.867
-831.786 -823.086
313.238 890.602
636.64 -446.004
-503.664 294.242
380.835 156.891
666.871 312.616
923.006 95.945
-689.132 153.294
81.337 -961.713
212.979 -118.244
15.744 950.912
259.755 -889.817
-510.527 116.685
-533.419 -752.197
-601.294 -23.016
-921.304 -583.52
369.575 -665.563
-658.568 361.52
-576.113 581.742
-909.235 212.878
907.634 -930.87
63.835 203.545
-773.844 328.589
544.511 19.39
376.359 891.369
999.888 341.997
97.77 667.993
503.25 643.253
-228.713 811.772
834.581 -699.792
-42.748 -252.233
-443.745 -635.577
-420.818 -796.288
506.042 -952.308
-664.602 667.772
-717.405 359.322
327.823 589.429
932.234 293.267
-731.137 88.974
-333.694 224.838
-659.608 -97.38
518.199 602.296
687.096 -770.158
742.22 297.273
-182.84 -349.455
-876.228 -423.152
670.224 618.492
44.018 -780.069
844.996 765.962
-205.729 -466.377
705.612 -305.681
16.357 871.864
-430.248 -589.049
-871.982 -521.431
540.365 -688.408
-824.457 467.366
252.407 253.33
-859.303 -102.916
-886.822 -373.35
-317.212 -251.129
752.384 858.209
900.204 751.913
-507.91 123.914
-15.652 -457.754
-148.827 -665.543
435.642 218.067
546.929 -720.448
-496.955 12.945
72.874 44.886
-742.513 -117.543
488.786 -888.315
329.018 -560.842
-604.44 638.687
-647.916 356.703
701.855 507.386
-739.268 -931.113
-501.256 -898.319
60.922 472.191
-237.607 922.83
-677.426 -345.556
954.248 488.913
170.48 650.258
646.258 -669.796
69.316 -576.067
491.799 977.401
-287.908 99.231
-749.08 -83.023
-350.559 -80.743
-948.503 661.903
579.003 -165.616
-234.982 410.949
285.333 -254.574
-148.508 818.483
-443.654 118.499
-938.519 496.219
-279.407 -977.626
-577.309 568.081
286.526 65.315
-283.633 592.385
519.7 -208.552
604.453 334.301
521.048 -730.344
-483.428 128.21
-181.654 -519.886
-550.384 -75.38
29.269 379.06
-938.232 589.73
723.841 -454.645
859.917 837.217
-189.121 -38.256
885.018 -608.269
708.351 446.17
588.267 423.865
931.503 -631.765
-582.057 -231.683
-775.009 39.815
-936.265 481.132
831.418 291.032
-340.5 -155.665
595.493 399.572
846.241 -20.112
-9.07 409.956
109.381 419.231
-858.716 -559.352
-433.009 -175.493
-634.523 -756.777
535.647 836.298
-42.834 -855.994
-611.285 -676.691
70.124 650.369
396.654 475.444
-499.712 -599.16
-732.305 81.17
342.034 757.59
902.573 30.027
-857.531 -57.383
90.609 -9.599
381.708 107.537
-757.855 554.172
-857.017 242.315
568.783 -736.623
773.01 -705.244
-317.735 -993.073
56.448 757.721
191.014 -184.993
-791.314 592.622
611.364 969.067
-845.362 -241.874
357.388 567.44
323.384 -278.354
-482.295 165.038
771.843 -856.141
508.745 763.326
845.053 -638.897
57.234 -583.45
-965.112 866.926
-460.038 -231.997
-675.424 -714.0
275.114 648.021
325.836 -701.347
176.674 -506.492
405.691 313.773
-566.781 431.475
-952.212 321.865
956.798 578.373
18.698 130.033
-702.745 -679.015
334.908 881.503
-502.526 370.531
-809.546 -837.043
600.246 -685.446
969.042 789.265
-430.903 -868.842
-238.023 661.546
925.407 -143.188
-234.275 312.208
-40.361 593.372
-320.652 -505.17
-527.679 286.468
879.197 -653.361
796.458 867.232
-888.317 6.163
554.063 368.769
220.836 -109.005
-629.134 -993.03
-269.472 633.275
-249.837 521.268
811.74 -602.119
59.743 -978.233
743.456 885.91
-962.199 -625.188
-817.73 393.326
893.705 -889.637
134.857 659.525
276.002 853.307
-217.719 -671.235
182.899 -169.853
339.612 523.502
401.558 -762.86
466.766 -522.934
-532.045 -299.665
-10.194 744.315
-47.227 -175.724
-632.348 -129.412
551.806 988.509
139.714 286.302
-867.993 -550.648
204.75 637.262
351.118 949.332
-324.115 422.129
875.672 490.832
-320.95 -579.707
-239.414 -761.107
-251.869 738.579
-994.266 611.844
918.55 -480.69
-242.049 -384.74
-585.452 -823.717
113.618 374.437
-512.191 77.423
-299.658 577.108
-799.743 283.144
225.259 -170.87
-907.122 -821.873
649.427 211.689
112.482 -668.716
104.953 -131.133
384.084 -882.768
-312.691 996.992
-655.203 138.159
32.256 309.585
479.465 537.731
352.313 -201.981
992.541 -172.69
-38.418 -436.934
921.08 -904.37
-357.783 921.79
0.171 288.37
-616.534 -172.743
-264.48 864.931
680.678 22.973
356.021 816.636
-492.042 -602.656
494.587 993.397
-439.128 659.706
51.041 -998.441
-115.145 -660.378
576.093 118.512
484.996 384.894
681.529 679.921
451.759 969.576
549.754 405.826
-565.198 539.822
-442.9 -628.43
922.934 -879.726
333.538 533.41
556.367 -734.401
-839.692 252.713
446.813 25.635
102.841 269.163
572.879 -525.416
655.878 -514.029
425.642 250.37
539.633 406.756
-718.177 844.895
303.177 151.801
855.486 657.063
267.395 525.71
-274.468 388.593
-36.466 234.65
-206.243 -704.54
80.961 937.642
11.034 -755.608
692.857 -323.095
52.034 761.323
110.274 212.872
-688.353 -813.738
397.381 250.056
-158.468 253.652
23.663 -802.71
257.637 218.195
-657.237 841.309
607.345 466.071
-675.451 533.798
-757.469 -982.975
712.252 -424.186
-126.007 207.956
-317.537 415.979
872.696 422.553
77.481 -674.218
925.552 -8.991
94.735 854.762
309.976 971.787
412.902 -57.377
471.965 659.037
-832.562 130.604
326.26 -540.725
-846.732 681.713
-2.001 -11.244
-248.034 -347.901
-784.462 145.061
-927.154 349.921
-371.36 -416.91
325.622 -772.91
-684.678 654.363
-446.854 926.83
-466.579 -881.368
-679.983 -824.61
976.232 -4.329
518.96 49.361
-818.494 -957.614
222.17 -945.303
781.574 544.722
-886.638 -420.518
301.528 -163.863
-875.201 -226.024
98.767 482.821
336.493 -306.367
-56.285 -862.728
256.203 522.482
568.847 68.175
-406.49 379.388
102.514 -457.146
960.74 -924.936
758.162 -728.753
332.935 948.835
426.37 968.806
7.211 538.555
562.898 -244.875
-592.365 -274.102
-604.73 -310.756
677.579 753.991
85.291 684.711
155.167 575.55
353.948 -121.186
-578.571 614.384
185.908 -850.176
248.368 488.854
-551.143 -396.018
-129.691 355.336
-977.872 359.438
-172.359 908.646
-271.896 -451.393
-705.092 -142.634
-684.834 -17.682
253.509 -864.716
-826.965 321.877
171.324 -507.485
329.648 -454.503
607.538 -499.858
-448.636 -344.601
-824.038 732.147
-814.0 612.479
16.628 -815.424
706.2 321.778
83.529 923.677
558.428 626.774
71.655 168.316
-392.23 200.688
-327.501 759.765
631.776 -291.887
596.69 537.426
179.701 249.029
-79.246 492.014
97.98 7.408
324.783 -633.881
-391.005 -457.875
82.019 242.669
-819.247 206.929
570.334 -122.189
437.195 670.926
-301.319 596.71
807.343 -242.944
-37.394 -50.605
-493.953 -938.038
-464.719 872.794
169.667 992.133
237.752 149.387
289.196 -497.07
640.088 566.878
-875.528 -136.02
-270.322 -304.541
-860.49 -13.486
665.156 657.274
-812.446 789.838
-725.332 946.984
-752.922 339.535
-920.943 65.488
-750.776 792.378
398.99 -25.253
317.218 627.403
-29.591 -906.183
-749.751 286.611
767.327 875.746
302.857 -444.025
795.443 -30.264
839.543 -546.533
-464.235 391.845
452.57 403.92
-235.434 -689.204
123.04 871.197
554.048 184.562
905.671 -400.469
-945.07 -48.012
79.262 931.596
346.153 108.166
-219.354 -529.188
-160.673 -373.809
330.167 245.372
870.478 -459.423
243.467 467.796
-145.343 -776.702
-195.25 60.552
-958.98 592.61
-53.286 501.879
696.203 320.913
-714.583 384.43
-838.309 -561.794
-750.106 400.625
-363.864 -943.478
380.358 -905.177
-621.852 981.55
-96.985 536.433
-292.043 829.154
599.78 380.578
-775.052 -174.636
-420.166 -141.534
-496.306 62.718
232.258 229.72
264.754 -73.342
-530.67 701.131
-309.749 110.99
231.238 -193.777
386.283 -674.604
546.749 -403.409
130.838 809.081
802.945 646.446
-580.824 -561.6
535.583 -401.123
-914.073 -880.235
-891.832 -524.831
638.734 327.056
-665.712 63.456
614.86 -195.22
544.279 -444.978
-685.377 614.011
759.223 238.329
168.036 125.958
-385.057 -474.265
-348.818 -49.84
859.347 113.406
322.994 601.155
189.199 740.032
-730.607 798.431
-189.816 213.867
-38.778 -159.434
520.774 987.79
-401.766 -878.026
570.51 805.219
472.443 -575.311
-909.23 256.586
269.078 -175.259
-668.932 778.531
15.028 -784.867
-107.888 -312.39
-381.761 -949.18
253.053 44.397
966.015 -455.425
-450.247 576.613
513.167 -541.432
652.871 147.805
853.889 181.606
316.725 -275.482
-387.873 -417.257
-619.725 487.675
57.498 377.782
389.349 -822.29
-20.947 -433.764
251.097 -387.381
-6.778 82.152
426.492 952.138
-406.164 -238.934
-806.249 330.783
806.894 -417.735
-411.15 -209.52
7.503 13.061
-138.46 -690.471
-217.328 425.31
-620.832 655.291
867.586 -681.83
348.887 660.235
-702.756 -296.456
-793.866 828.638
323.57 -420.743
-608.54 -49.774
704.085 484.344
-941.8 407.59
462.853 -118.987
-987.765 -928.619
225.897 341.054
-454.068 777.605
-410.595 -321.743
966.907 -824.407
146.752 513.57
138.181 69.19
-111.75 -733.86
-873.189 673.894
466.662 904.689
908.084 -482.113
683.532 814.887
-241.409 -699.88
-66.411 631.156
-218.867 911.463
446.209 266.512
156.457 652.942
-676.192 -383.11
500.573 755.092
619.573 975.774
575.783 -711.311
-487.885 -820.458
915.079 366.31
18.353 696.972
-715.682 -319.477
-717.767 -222.415
-234.706 -672.394
-387.156 59.006
-89.433 343.067
-24.88 212.494
-153.813 192.745
565.365 142.058
-579.975 -902.743
587.851 207.795
672.351 646.944
120.673 120.936
573.796 621.027
712.387 -573.329
-769.852 952.019
59.054 -442.737
202.052 258.799
-605.513 -142.709
824.749 835.585
-929.661 -779.607
855.366 -500.967
987.602 -581.237
446.714 -212.036
-658.727 -908.804
-65.912 644.931
267.123 -606.635
418.57 587.239
-129.454 810.44
495.646 694.027
456.196 -707.715
728.942 678.629
-1.875 376.974
336.362 -986.701
-592.028 136.563
892.03 351.432
-468.472 766.405
491.659 -102.951
-698.073 754.859
334.709 -268.82
-994.545 300.753
87.3 -914.569
-260.307 -258.635
-268.537 -659.387
-272.02 -195.568
818.893 406.292
-665.972 -942.57
-576.193 -270.106
-834.181 -806.638
-979.868 451.909
269.123 318.649
-674.995 -465.361
164.247 534.873
862.924 -524.117
472.765 777.714
461.335 598.986
-749.316 -212.781
292.78 -655.571
-613.21 165.307
165.697 -694.093
-999.376 -338.619
443.912 271.677
-472.118 -728.018
-818.108 -955.28
742.512 89.085
487.563 121.997
-683.759 583.396
587.178 582.703
919.277 -381.941
489.164 -762.886
-625.042 982.482
726.779 585.532
461.432 -645.357
-687.802 -167.077
148.718 298.796
158.256 4.375
-663.681 -172.422
-980.198 308.538
216.823 28.377
-180.863 -373.996
985.033 975.944
756.777 315.537
848.901 -525.554
591.957 33.807
49.155 -42.249
-772.684 -376.478
257.645 -889.88
-11.193 318.974
-108.975 653.518
560.138 -28.29
304.902 -888.336
-849.935 342.108
-863.266 -873.869
718.403 -964.238
-133.487 -313.272
179.387 49.15
459.953 -442.276
-991.735 508.212
146.029 308.899
-452.301 443.934
-851.412 775.924
-550.086 -872.334
-976.988 821.129
-19.881 61.343
-844.312 -563.08
832.22 552.16
-629.224 554.14
-410.212 -740.706
-100.422 497.921
-131.915 -965.529
298.341 721.379
701.28 35.258
-734.168 -885.921
583.463 123.011
400.414 181.614
469.607 -611.778
-413.074 830.699
883.827 380.02
438.355 748.652
199.86 386.278
238.156 -603.306
780.267 -336.662
-229.86 -475.232
40.516 -172.861
636.032 412.059
-674.665 683.143
-349.535 508.831
34.594 408.896
-200.911 -445.784
-41.11 -853.968
-142.926 -926.051
310.222 -747.877
-493.552 -300.981
-999.545 -322.061
-801.376 463.293
594.567 762.097
531.922 -341.155
-333.723 618.174
-296.25 -339.729
-255.94 -147.322
49.7 -689.71
978.798 81.27
-983.835 -560.704
-143.566 -624.177
-543.258 198.335
-727.336 498.159
-654.798 -235.36
-686.367 -762.655
88.284 640.901
-998.937 731.1
592.572 756.407
-803.334 -9.948
-822.395 -952.121
-35.306 -257.126
839.817 476.856
-540.754 -141.889
-113.932 962.244
-734.935 51.472
63.832 -27.627
-32.582 -35.696
276.557 -59.621
546.803 424.405
-145.173 816.277
-355.841 -534.246
214.558 778.762
-20.581 -321.887
-613.137 -572.86
-317.186 790.906
-407.667 119.943
-359.522 -766.192
912.49 -230.795
-620.442 299.177
-889.099 295.779
584.305 -514.212
930.961 -497.878
697.464 -604.243
-645.707 267.702
140.785 -695.553
620.378 -105.584
877.578 906.225
-678.042 -859.225
-118.034 184.306
142.819 -762.655
-401.981 516.596
-103.497 -911.186
105.095 -999.098
-391.679 925.077
-960.351 -211.459
-193.857 557.505
17.575 -868.828
-88.562 -873.968
798.965 592.973
363.265 876.627
-486.108 -275.671
631.939 3.65
167.479 -824.758
82.965 -39.528
367.925 -240.247
-824.857 481.458
-749.242 400.761
807.829 993.115
-666.733 247.533
386.952 172.861
-732.896 323.052
-871.142 783.272
-213.328 -561.674
286.883 379.664
861.871 192.568
745.293 -367.609
-567.677 996.943
153.722 41.973
-30.396 764.711
-905.945 202.769
123.722 -941.171
313.251 -838.588
-499.893 62.431
922.795 807.713
-386.056 372.587
-154.353 -147.028
613.904 -676.305
411.984 -326.643
5.409 -245.614
227.519 -58.9
-680.457 331.631
-238.335 -303.586
682.079 369.954
-172.501 830.005
133.818 -973.105
369.806 810.592
155.809 -687.666
295.383 788.208
-635.494 -376.076
-671.399 836.205
16.2 984.897
-755.606 -690.658
218.391 -914.067
-41.019 -767.529
191.985 -3.341
20.426 -486.792
-11.685 -233.107
744.534 693.368
-321.426 360.408
389.591 490.727
-395.351 19.292
-897.153 -191.241
-981.362 -309.078
-3.728 186.552
417.625 -164.567
-105.531 778.331
-169.552 -102.166
-442.291 -534.299
257.041 641.313
-577.307 -731.626
-416.023 397.226
640.471 -4.381
-194.577 -348.688
-837.82 607.734
158.905 -426.504
156.767 -366.137
-312.146 -426.312
39.066 -90.187
224.782 -696.812
-339.552 709.212
-820.058 -848.442
677.479 938.334
583.487 -103.947
116.328 610.471
152.766 50.712
915.919 -723.613
-593.517 55.663
-805.229 -868.487
509.235 -816.676
-759.648 703.798
-893.941 861.449
-584.865 561.392
-936.027 9.666
113.998 456.726
466.12 -124.273
439.6 -131.388
709.866 -302.73
257.34 -356.82
717.202 -958.487
300.045 873.272
928.001 -532.051
208.073 -981.152
-623.403 -88.757
-951.099 80.491
503.396 -133.677
98.859 -646.163
620.784 -948.915
-616.323 367.757
610.052 102.704
985.812 331.661
279.873 -401.404
331.739 237.946
-183.543 -106.819
352.534 105.593
366.525 832.414
292.953 555.455
534.063 644.695
-188.863 747.679
-872.196 -472.745
-737.724 985.288
-738.676 -165.817
601.071 223.49
-446.67 -842.907
-714.228 -133.175
-495.188 902.468
-579.922 -427.204
573.701 -31.59
727.086 410.057
-689.953 -474.349
372.36 -509.072
855.971 -197.743
923.511 -527.797
-568.038 -514.969
-970.482 465.371
620.306 -684.63
550.245 815.969
351.237 -396.23
-631.559 -759.607
201.352 -226.866
-679.546 609.46
521.646 135.222
46.871 -362.849
-210.508 137.307
-969.132 576.885
-558.395 -587.472
-425.126 -692.357
-485.081 605.372
862.36 -451.341
-969.145 -948.837
982.811 683.564
400.701 -19.746
439.161 -39.541
-350.808 -76.428
976.402 245.094
-872.588 -358.89
373.737 -905.181
669.984 18.559
259.369 -519.439
60.388 -91.168
-32.993 -266.592
-463.125 -169.569
-55.565 655.731
757.126 -279.431
-188.507 -929.194
503.891 38.596
930.918 340.302
-15.475 -647.339
266.89 -186.075
-855.284 -993.331
303.146 850.922
188.444 -505.734
-882.488 567.551
828.713 228.649
638.545 512.109
-790.244 831.845
-439.161 783.113
-74.986 278.977
32.507 -416.948
660.388 620.986
281.19 -12.149
948.113 -730.223
-626.46 -485.754
-375.989 788.424
-591.518 -55.329
-389.303 -324.866
268.475 877.086
692.27 -645.063
-389.201 276.101
930.101 -707.472
520.616 -584.913
72.805 127.434
89.843 -801.389
174.988 380.089
209.021 -447.697
-797.138 -210.839
883.171 446.299
-750.875 -158.575
488.437 -786.002
-868.487 -918.273
-939.574 -165.166
508.485 389.677
-145.016 -314.601
-955.835 507.589
-383.413 594.635
-775.197 459.964
-139.761 -665.337
-683.644 714.555
751.304 -815.926
-146.349 -318.143
47.012 27.143
360.289 251.274
-316.344 600.784
-831.508 543.444
835.579 230.095
-226.638 671.311
-429.867 -685.821
-958.373 750.921
464.325 -231.085
-683.944 980.331
-68.572 -97.429
794.779 369.289
129.132 513.718
3.544 -355.025
-742.027 -359.806
65.339 -979.493
-159.515 617.299
-334.218 143.016
310.848 34.973
666.38 -827.492
597.456 -486.931
-913.374 488.387
-227.825 -551.932
-812.802 -452.47
508.472 -714.836
145.276 158.244
-663.087 744.184
234.197 830.896
749.11 -174.221
-635.215 933.205
111.21 748.229
173.047 654.785
875.961 787.209
701.861 790.231
956.719 -862.416
-9.91 -394.495
629.419 -506.728
-486.554 -680.249
-101.331 -856.79
-784.106 536.142
-810.181 639.532
816.732 698.053
-776.199 -971.119
581.834 -165.583
-841.354 -544.789
-767.731 -303.534
528.545 -167.147
-82.57 -56.76
-854.193 872.81
-550.081 321.647
822.865 -481.529
121.215 -981.776
144.417 772.226
663.234 938.845
-532.67 -202.79
-715.9 -258.155
-266.96 -693.595
890.502 155.742
703.904 -333.838
-323.676 -526.54
303.073 -28.092
23.846 -158.81
-817.041 141.736
545.296 -230.346
-155.186 -771.601
822.763 -745.873
-297.777 -257.391
365.043 -883.564
130.036 -924.664
-696.697 260.056
216.337 669.465
701.985 -719.5
-470.137 526.924
585.08 -464.179
-256.958 777.88
-786.173 212.651
-469.273 -584.279
-467.949 -90.254
-539.739 -514.332
-434.135 976.995
759.186 -748.965
-626.983 758.553
872.818 -138.182
23.22 -412.029
369.517 -994.514
298.849 -780.004
850.418 -583.531
-589.863 833.911
-242.661 105.612
304.066 -263.746
-327.434 831.072
-43.088 96.002
774.652 -638.915
825.802 983.434
32.314 -334.771
525.175 -581.541
-954.731 139.99
-580.371 -621.5
933.789 794.686
632.435 751.771
-323.704 194.089
-264.959 -298.367
-845.756 -937.888
-862.796 -73.077
413.298 992.476
523.6 219.588
-581.951 47.298
-614.839 406.451
-94.264 781.777
-299.457 469.786
-304.791 -486.342
-774.62 -313.726
-395.441 -120.532
-850.191 524.518
53.607 98.262
-815.061 157.313
420.133 -975.36
330.343 -598.619
-2.81 805.955
835.976 654.224
747.532 854.483
84.233 -631.001
383.29 288.702
-87.219 -30.109
240.32 637.143
951.107 -556.169
-114.407 -138.693
-779.334 -0.299
391.581 -768.533
411.559 -115.842
-247.389 379.976
953.555 973.608
582.179 -787.259
611.816 37.669
-760.234 579.956
-908.921 -116.878
685.3 26.958
-532.62 -327.014
-20.239 -398.177
181.561 -249.249
775.904 128.224
-684.163 -10.56
197.563 -403.054
-149.879 920.85
-395.286 382.911
-346.68 87.421
-298.484 -624.832
-233.248 -157.894
875.273 -844.674
-17.041 -212.832
222.648 776.832
-806.505 -42.595
-603.277 -370.262
-314.645 591.052
-535.165 140.555
992.881 -38.226
956.144 348.165
-468.573 -900.408
-611.444 -512.648
769.602 -919.348
-230.309 398.796
877.445 -1.524
-863.604 746.928
-356.925 -623.031
797.316 -836.916
-978.77 401.624
714.223 -63.748
-765.732 -935.141
532.77 -527.719
721.877 27.821
-390.851 -954.72
-49.049 -197.63
-988.767 93.149
-769.385 391.926
-711.557 -183.174
-974.972 677.774
107.321 403.647
-322.783 406.923
179.101 481.337
-265.822 33.839
-125.276 -99.367
-223.195 766.653
957.415 142.116
-332.911 -570.215
499.825 120.897
593.168 69.507
-724.94 600.764
266.284 -731.721
-83.852 -158.003
400.467 633.062
762.327 376.544
74.538 506.374
-656.234 422.699
462.526 664.813
-230.335 484.87
-958.411 451.17
-316.436 295.302
410.258 772.757
-300.898 -83.794
354.69 220.924
-77.683 942.65
-426.766 -160.568
347.488 982.67
683.566 128.877
502.448 -502.531
783.62 305.102
-305.666 -597.259
503.106 102.059
-111.602 966.25
248.262 -253.753
-538.821 -150.34
409.106 -94.755
470.656 -106.168
-437.195 -991.85
-539.329 -555.476
-324.938 386.994
-15.515 -82.094
979.946 807.38
949.271 -806.011
727.089 628.422
-638.786 766.853
-875.1 257.777
685.774 530.304
-291.079 174.274
330.281 502.368
282.845 -557.795
-265.963 -706.731
-557.28 685.914
425.15 259.993
238.77 934.583
512.374 -811.632
-708.943 615.792
-496.106 910.373
-781.283 204.607
-263.396 371.86
571.653 433.92
-303.793 753.778
-712.844 -679.2
209.282 -866.334
476.052 -772.833
714.734 552.782
371.195 588.796
841.811 614.211
632.989 -705.155
-12.119 643.924
490.102 -130.761
997.954 71.261
-750.157 -188.081
54.65 -486.471
692.221 -284.624
902.3 -110.052
163.555 176.775
500.73 984.221
-528.414 106.044
697.56 -289.743
103.238 -314.232
-988.297 446.935
836.277 -304.094
78.985 -367.894
86.777 -961.485
-748.449 344.494
-420.953 943.482
984.231 715.56
812.223 35.756
656.58 995.905
-155.012 149.275
-531.906 753.664
31.85 -213.151
-732.207 -570.438
977.892 881.026
-849.68 667.364
-989.857 968.262
-755.958 153.629
-564.536 909.407
777.503 206.69
-612.671 -73.607
-880.37 -284.826
-61.092 870.088
625.359 304.959
60.329 170.607
-484.61 -862.189
-11.664 852.474
877.525 968.273
-157.772 230.496
898.527 835.519
343.527 931.042
-757.229 -673.538
-823.182 -363.367
-676.779 764.441
793.866 -47.061
-799.649 624.458
120.01 924.124
-79.128 -456.637
538.993 -35.604
-682.068 264.675
280.215 959.286
681.593 808.702
704.217 843.108
-337.306 -557.263
-980.369 540.498
405.254 906.174
-842.997 635.176
204.652 267.724
-584.392 -902.814
315.53 -604.878
-533.813 -285.102
-435.376 -174.83
-583.629 874.448
809.485 669.316
-681.039 -905.42
-314.294 497.422
140.828 -253.039
-464.732 -330.943
-975.175 -92.454
149.252 745.645
83.818 160.917
-904.068 168.148
221.946 -280.158
179.878 529.523
-868.607 -847.926
-659.959 0.953
645.235 164.136
651.612 589.578
-919.976 -660.846
-417.5 -907.076
-552.247 -319.639
-9.144 885.396
-826.768 -315.552
-832.333 441.006
815.242 314.973
-762.34 -842.203
88.366 6.657
908.547 -599.466
14.677 -751.521
469.801 952.701
822.663 -28.36
952.478 -841.509
0.383 825.725
79.705 -495.342
-710.204 -783.492
-233.535 -572.043
478.685 -962.504
95.657 901.929
-310.644 358.291
257.473 -634.838
-647.158 465.691
739.19 806.194
842.501 708.353
-827.415 614.595
214.045 -584.207
-322.684 -409.499
440.739 -631.413
-113.307 -198.919
96.391 -513.758
52.134 450.308
132.352 689.749
835.995 -291.232
168.554 5.998
-776.326 524.054
-88.557 -867.777
-443.567 -103.884
717.801 895.744
858.86 -58.884
-620.66 -646.218
422.65 -791.49
474.084 698.812
-30.054 -503.68
233.101 369.16
13.743 415.912
391.612 -552.49
964.524 -423.688
-238.436 -187.598
-771.354 -41.254
962.194 131.612
651.646 -152.592
-693.329 -461.135
-169.12 147.588
369.749 190.958
-337.675 420.937
-474.981 -947.417
475.895 970.308
-6.308 473.352
803.667 99.699
101.003 686.292
793.325 807.038
-168.134 411.559
-986.727 -583.475
-838.743 -146.631
-9.706 539.792
943.331 -789.979
-165.473 -499.148
-283.937 -458.315
-144.312 -626.222
918.998 315.083
-865.484 880.793
191.381 362.891
560.011 -473.313
465.103 -435.364
-887.547 47.422
-798.485 -377.487
28.224 -584.339
903.029 938.144
-148.54 -690.373
32.409 -759.227
-720.264 286.943
253.453 41.966
-881.847 -563.745
365.522 -433.1
-171.139 -561.783
960.914 -386.184
-305.217 -471.099
-595.478 -2.571
866.388 -985.245
-478.083 561.311
-826.439 -957.097
-269.263 946.716
193.642 715.144
492.797 858.116
550.411 39.46
887.058 524.632
-762.332 165.497
162.56 -357.781
-175.096 507.25
854.307 -885.806
-436.83 -270.593
-310.877 837.553
122.748 329.026
542.984 -111.009
696.984 -72.499
175.27 81.615
903.98 518.995
-409.084 -152.641
-798.577 -644.436
993.717 -190.373
993.148 917.416
-135.558 -175.9
-883.184 704.215
202.005 -615.047
393.06 -529.179
-968.658 -901.314
48.425 -870.16
-984.144 -561.844
637.667 62.058
907.924 197.72
-815.469 147.986
259.556 641.827
748.776 -292.396
-124.735 -972.825
628.39 -235.239
564.21 449.714
-964.668 211.734
994.598 618.581
-841.094 151.792
-319.507 -470.887
898.502 656.437
171.686 845.696
-528.44 -374.662
763.874 -639.468
373.275 584.862
-640.322 -236.623
-471.969 312.682
-778.677 826.303
106.294 136.316
477.183 -472.519
-194.943 149.147
578.575 -953.039
-429.966 78.374
292.621 -550.566
-230.996 -906.969
513.533 -620.841
-932.265 -613.186
-739.08 930.684
-582.803 -950.259
-592.25 -960.328
-982.843 520.254
514.237 85.785
-980.389 -877.285
-418.946 -900.911
83.13 191.781
-315.155 -148.946
-332.915 50.984
763.344 -469.51
-400.306 -326.307
965.513 -595.615
241.492 -261.305
226.199 696.277
72.56 1.555
11.587 -507.035
431.503 -491.954
448.226 124.909
-254.836 735.857
-950.063 -947.458
-746.258 842.649
-449.984 141.656
978.2 -852.383
158.769 -979.044
935.305 -383.57
-853.626 506.665
-405.311 310.174
-891.154 -48.074
-940.353 -653.276
-699.869 -117.767
-740.891 177.956
483.54 -521.188
-962.841 -979.089
479.879 914.249
315.682 -68.301
-647.006 400.039
203.821 534.733
-355.738 47.911
-99.817 -540.124
538.82 544.369
-551.262 273.29
433.658 -870.783
-73.063 -360.586
841.623 474.146
994.491 360.726
-524.205 223.495
10.094 -426.689
-800.468 562.074
-367.173 -174.795
658.684 -252.461
853.925 -850.945
-840.979 218.454
-865.821 -706.669
541.542 -485.164
721.086 -118.685
910.295 -519.568
840.655 -447.869
70.853 -46.226
557.174 951.164
96.472 -772.92
-519.305 722.275
677.447 -440.707
979.38 -817.923
-560.203 -362.493
-351.111 -157.026
953.149 955.794
685.294 442.856
105.078 -709.386
-329.158 -771.761
-15.299 -898.759
726.798 -285.145
918.397 -111.557
926.358 -390.515
-362.124 57.434
866.9 -820.088
-750.53 934.776
-15.335 -605.15
284.702 776.523
17.358 579.25
-370.752 51.782
140.224 -62.163
178.48 691.308
-121.304 201.905
939.896 570.875
-982.69 -262.794
716.511 571.065
722.153 200.61
-129.443 -692.125
614.216 502.029
-662.685 431.401
-604.52 203.784
-721.561 -815.379
-800.773 -245.829
-382.592 973.651
820.985 999.183
-750.954 -201.082
129.72 884.882
331.941 -10.213
324.99 -972.618
958.215 -257.157
-929.548 -398.058
-929.929 -829.708
-407.225 48.656
-808.166 -101.147
457.594 -97.137
549.312 765.361
-744.092 -453.48
-755.474 -961.1
-828.805 -693.983
372.854 260.847
-458.026 -696.425
854.779 706.055
-528.523 880.745
873.053 31.977
-44.533 -548.065
-784.638 -228.884
-951.325 -95.257
389.616 -411.517
-164.66 -541.372
-742.45 -694.574
-310.18 -333.436
616.947 -754.41
149.062 -658.457
-570.825 -120.058
-655.578 -114.609
-723.131 -223.729
-266.642 793.234
651.384 826.911
247.991 -407.339
643.467 -580.185
-181.856 -150.715
411.962 -681.808
-811.568 635.933
733.925 -46.999
311.13 393.397
860.479 -352.066
319.399 856.651
-777.096 107.689
669.188 522.273
-937.215 427.711
-257.155 421.613
576.702 -4.941
783.645 624.35
-415.039 857.822
-543.588 -492.934
-243.626 -612.193
-397.304 649.875
407.789 906.727
319.91 910.33
193.579 -585.91
-865.855 -129.875
-180.927 -949.256
-541.501 674.48
320.797 -366.071
-6.398 657.589
-982.368 336.526
83.431 -72.829
391.937 -526.862
-172.427 955.413
454.894 456.217
340.968 35.008
545.441 -629.005
136.358 755.909
-759.098 140.561
370.14 -969.56
73.046 312.347
440.561 -772.963
358.225 932.374
648.261 -905.989
902.885 19.003
-537.49 -946.208
-188.414 189.992
37.738 486.286
-40.134 -392.642
449.407 -962.534
465.695 -294.537
665.113 62.151
392.707 321.816
557.415 125.132
-625.214 -564.151
-521.586 -67.666
-481.539 271.336
-635.608 835.991
497.333 -347.351
-22.921 424.656
748.005 41.802
-738.003 -690.461
-571.361 12.825
-754.051 367.469
238.388 448.352
-185.972 843.27
-843.1 410.524
-724.538 -950.062
-279.087 856.751
-314.266 841.227
-71.968 608.34
-941.305 885.699
-533.579 771.295
387.932 -894.103
-196.079 -487.37
-134.923 557.255
-46.795 737.714
536.824 -293.062
-208.918 -977.079
868.67 -954.465
-511.166 -74.179
665.949 -649.324
-174.169 -241.799
158.686 878.367
961.345 165.353
-386.932 -640.326
285.975 -168.297
107.895 -425.166
190.085 61.042
-416.211 -977.626
-368.022 299.076
969.775 -74.891
-87.659 334.898
-334.683 245.999
-649.944 316.802
590.588 -821.829
166.501 -761.657
206.928 975.137
-189.315 292.258
79.069 -0.192
252.255 -114.006
465.783 170.715
-701.702 -916.391
755.919 91.212
-483.725 -804.878
121.694 789.774
-459.829 656.565
768.433 958.004
-237.928 -156.891
-676.968 137.15
503.044 -275.093
19.542 -731.566
61.629 813.342
636.687 332.422
-34.755 451.866
-294.904 518.113
-88.147 511.482
-454.423 672.839
917.949 -336.007
2.511 -731.085
-465.452 863.817
-780.215 -332.218
-57.091 -897.875
73.771 -806.05
96.65 489.437
-636.32 -657.691
-516.035 -859.751
-56.621 -312.925
285.796 868.667
-547.594 109.197
-8.723 859.06
416.932 320.717
-131.178 565.794
277.533 912.42
-402.744 -816.542
535.372 974.818
-40.064 -898.316
-144.855 -568.283
664.388 -171.131
-982.511 1.242
348.42 942.031
690.391 -216.107
-202.588 725.002
-526.143 -378.142
244.059 -262.998
785.404 -712.751
-442.052 367.364
781.608 545.577
-115.101 -625.369
-561.916 939.426
-237.728 143.175
-144.796 339.697
-182.898 -309.983
199.696 -661.585
570.437 -173.346
628.626 -382.171
-610.087 -680.333
-764.301 -896.729
-779.3 451.899
994.996 -151.083
75.698 -941.717
-132.275 636.397
651.475 42.6
-978.72 484.953
-515.882 234.094
-564.799 -698.373
-395.582 559.518
409.582 866.875
760.931 142.383
21.182 434.09
-495.057 576.905
-917.518 54.824
868.596 -436.501
-634.293 80.162
869.845 -635.143
674.0 704.531
510.46 -500.317
-634.34 466.653
-577.265 -355.695
-232.295 460.969
-753.25 425.081
-882.856 624.587
-587.528 -924.772
975.596 362.265
89.878 -986.246
906.511 866.263
206.93 216.868
-155.826 169.742
-543.763 507.893
497.438 704.18
-905.907 376.827
-675.965 12.906
-318.994 920.139
225.888 -911.254
288.962 -160.753
449.56 616.658
871.821 945.166
-204.818 576.056
727.813 277.685
-525.286 -724.092
59.951 -120.301
825.828 16.016
-207.754 936.285
118.421 769.182
167.151 -821.578
726.355 766.996
-128.151 -619.539
563.813 -482.457
-949.556 -798.622
-53.955 329.715
91.167 215.251
-818.14 -170.903
-750.19 166.429
151.173 22.744
144.108 837.476
-565.969 -411.07
721.888 720.173
-545.536 -346.421
-928.612 -797.161
60.388 255.557
-598.757 876.277
-682.472 485.444
321.152 617.121
923.195 -686.932
-842.125 803.483
-67.198 -544.357
-419.179 653.67
-716.477 952.838
232.251 954.782
-439.569 -966.568
383.846 -794.314
268.818 -407.681
-574.298 -203.559
2.332 -307.928
-866.776 643.19
-961.55 -518.675
-133.233 -913.933
-758.947 260.832
-302.335 -192.408
956.277 76.773
788.943 -27.32
-91.349 -137.912
-447.61 810.62
197.768 -899.039
717.109 666.696
-253.138 558.735
-417.835 201.337
479.437 729.995
249.314 18.122
759.355 874.048
355.49 68.96
-680.546 -700.402
-853.819 -954.461
959.138 -733.173
911.959 -529.38
-754.702 163.155
-222.703 -602.989
391.799 -467.281
862.764 -474.72
566.078 -368.928
-964.068 127.505
-421.452 -797.329
552.366 70.641
97.728 -482.186
253.22 359.209
326.104 -627.369
-867.947 -475.848
-683.329 -64.715
-52.646 -809.74
658.691 -997.519
-671.805 -767.123
-794.95 -877.294
19.964 -763.163
168.741 375.838
-275.625 -935.869
-971.702 822.329
472.563 -134.06
520.798 421.48
-358.97 634.438
465.695 -602.142
-447.858 -55.341
908.875 474.595
887.128 -757.361
969.582 -40.569
-119.171 -205.824
-636.985 -869.866
-937.457 -149.146
30.021 7.107
-603.344 -172.231
-623.102 -200.633
-850.869 51.798
-377.895 -193.745
-689.19 -912.878
281.786 179.926
440.075 987.0
-73.319 -361.465
-408.477 -706.4
-945.612 155.472
327.675 -50.426
-556.755 -168.744
815.81 3.074
-94.283 -447.491
-65.645 -189.742
185.872 -515.09
-937.395 262.407
-684.416 -391.154
-947.467 884.458
-726.473 -843.861
807.167 739.684
653.467 354.722
-883.583 407.026
-94.814 793.058
-531.067 604.706
794.012 113.017
-255.983 -694.129
-394.672 627.036
142.978 363.154
-975.243 -24.022
-882.944 -18.922
680.946 434.764
-277.785 734.124
-963.627 123.569
702.298 -642.21
-890.288 -187.8
540.983 200.796
-434.899 -194.281
-1.681 744.386
-697.428 14.296
-592.008 720.83
513.437 702.239
-445.28 622.563
-796.987 776.542
779.906 -482.514
-340.112 -574.756
-592.145 -499.767
0.358 936.982
-435.195 -566.352
-66.812 -864.969
696.568 285.123
-698.041 -785.936
-717.37 -473.971
44.386 -384.18
55.254 -123.409
-618.358 -706.065
529.8 218.863
561.516 -705.894
467.375 -446.595
870.792 598.277
229.13 425.182
124.39 -77.864
153.121 -613.388
903.663 -777.834
-548.971 -574.9
-265.817 -386.89
-488.074 588.436
-299.306 249.554
-192.043 290.965
728.882 -166.35
-473.797 92.475
-554.215 165.181
474.032 -603.566
-794.947 -165.19
-811.209 -320.733
101.684 856.228
-179.519 246.267
-821.496 -410.515
814.375 -15.869
979.954 -905.838
33.077 -369.861
678.404 -881.116
569.677 341.859
700.06 -455.082
728.835 916.986
71.393 -79.954
-860.758 -597.876
963.131 -501.505
304.997 477.366
677.639 710.504
-201.508 687.289
389.141 -631.051
-225.208 687.441
471.347 228.093
859.333 -783.315
757.082 659.603
-167.388 956.368
333.525 862.444
-529.577 368.153
-815.894 277.24
-785.431 313.57
278.997 753.667
-606.313 148.305
-183.511 8.695
-642.001 -166.024
-10.3 51.401
-44.04 131.818
-757.44 383.306
104.812 907.352
-223.438 300.116
612.638 -141.952
691.142 -956.327
-650.374 -398.951
346.354 755.095
112.424 -280.585
-904.647 -998.028
3.431 -817.766
-280.939 60.511
-154.458 340.997
-796.177 578.639
834.895 844.108
-664.465 776.072
358.389 441.632
-290.761 -53.662
254.975 -605.929
577.393 202.037
-913.15 263.422
-892.13 -93.873
-438.891 -340.761
269.385 874.322
540.91 -644.751
-571.797 -917.342
836.489 185.52
200.409 -879.783
715.854 -996.087
594.598 -25.272
607.087 710.085
-976.854 651.759
-291.132 -337.664
228.392 161.007
533.413 -347.306
-54.772 429.416
-570.859 -680.087
297.145 963.824
-454.213 38.262
-721.367 220.198
318.978 873.819
935.801 -973.134
516.681 -436.828
-766.622 849.582
478.378 761.677
827.146 894.796
491.898 -330.889
-873.098 -255.355
621.598 945.064
-119.658 -96.108
-624.895 848.8
282.042 -41.896
144.264 631.47
-456.282 -362.989
-576.958 -456.472
-813.508 -937.387
-568.8 -191.766
686.75 83.823
799.138 959.664
243.698 994.62
375.564 332.128
532.551 531.946
-489.295 390.032
-867.94 -255.624
253.328 -569.023
453.879 -665.619
-1.455 -681.554
-500.819 834.989
724.416 -681.147
562.072 -85.663
-790.905 31.663
-47.939 507.161
-244.582 459.92
-649.798 -334.343
-323.349 574.829
-597.247 874.549
889.713 589.664
217.97 -224.889
-770.913 -618.865
678.799 752.699
-25.05 -279.505
-752.442 594.437
57.615 -903.644
273.354 369.333
-86.035 -819.009
-830.441 702.336
-61.844 -452.308
-314.345 -650.072
-705.606 -115.413
-509.048 -960.82
-493.428 -778.108
939.713 -764.715
-729.233 -438.585
-808.599 -425.558
-193.352 224.346
448.811 -142.216
-816.902 670.307
-969.791 387.509
-145.702 -170.093
-829.727 448.28
-419.701 -741.26
32.746 -324.967
606.121 -386.341
549.435 -810.558
751.748 213.06
-687.805 616.556
-272.708 -257.269
-798.589 -840.769
635.96 570.267
76.279 -84.48
185.622 -836.4
-592.253 263.577
276.956 -198.847
7.353 -205.498
371.022 555.052
-628.539 560.466
703.128 232.884
-596.993 -276.944
-115.58 -54.32
772.217 -857.03
890.873 -743.883
200.656 -26.022
-905.694 -869.756
-50.379 -747.743
195.952 -221.942
-602.025 -398.816
846.152 -596.734
461.169 964.496
-943.418 -836.888
91.369 -942.18
909.0 437.561
765.24 -233.362
-527.529 -851.107
-330.967 -339.361
-743.321 544.21
-668.817 -635.263
149.662 687.898
-157.274 -673.093
195.748 -764.603
-334.235 699.291
-143.437 713.551
-988.869 638.643
-823.539 -277.026
-78.1 -645.793
46.486 776.742
180.655 828.905
-668.62 -116.705
497.074 -719.155
473.502 729.657
473.986 672.614
618.317 385.219
920.903 -700.652
288.402 -4.243
821.165 -839.898
-506.846 856.245
-693.187 840.531
-233.444 -558.493
247.626 -538.859
-844.644 951.472
-342.12 -189.046
-893.312 -520.232
77.839 -422.336
-19.876 -923.843
681.624 -373.849
58.446 323.141
476.655 -512.323
-296.551 -135.798
-312.906 -903.219
910.713 -290.341
-183.069 -832.485
876.557 -249.09
110.495 -577.323
-462.259 -563.366
343.04 -406.7
-637.106 620.347
914.058 35.492
662.499 471.594
-669.471 868.127
-283.215 487.299
395.239 730.295
-396.061 -572.739
377.564 -841.859
-453.282 715.661
630.74 17.215
156.571 -543.942
678.534 -146.76
-42.114 -277.401
-452.532 -846.25
425.072 -207.728
-744.639 -667.111
427.771 786.902
-623.723 219.303
-552.739 -869.725
603.21 -984.122
-916.719 519.147
-57.314 879.546
459.589 -234.15
-797.212 -947.421
-634.741 -669.082
58.03 965.915
-88.367 -104.725
948.082 -214.88
390.967 -180.418
787.388 -727.6
-832.938 -628.676
42.069 806.361
-708.635 -996.115
310.627 -846.501
808.989 361.315
760.007 646.112
-77.071 -799.307
-258.448 -608.651
95.078 145.249
828.349 660.006
540.175 -459.016
-176.901 -895.342
833.781 494.742
13.502 315.339
161.038 -953.777
-539.992 -479.727
193.566 -263.346
407.142 -49.278
910.75 -225.205
-252.132 433.905
-942.31 -522.676
-205.275 80.598
348.609 244.492
313.02 -785.266
397.002 696.217
-324.88 103.308
791.751 -728.066
520.292 726.6
324.724 -861.613
-76.89 -49.286
-322.35 -19.291
-362.041 551.236
14.522 209.033
188.561 941.913
-528.937 651.016
117.81 675.546
890.756 -721.726
-444.689 -410.928
-783.647 -42.036
-734.473 283.306
6.761 -863.777
453.922 759.73
-461.627 830.949
-545.406 855.619
-74.767 -747.3
-102.096 -425.331
-710.96 -217.38
-270.161 560.63
612.485 988.62
13.152 312.692
-290.757 765.4
-929.235 363.715
705.83 475.786
591.426 623.98
573.761 952.184
526.53 -366.461
-65.801 983.062
-973.486 -778.615
307.415 936.088
862.867 -267.895
827.094 -862.699
469.792 -426.919
273.064 202.826
-988.8 795.06
467.109 577.295
-240.821 -856.948
250.285 643.649
427.577 610.228
878.483 984.783
898.533 -258.991
186.851 -263.837
709.169 249.731
-573.776 -843.48
-175.07 578.07
-14.609 828.449
499.758 37.816
-534.646 -331.303
678.02 -831.565
432.069 468.47
-725.989 -881.87
-208.906 -494.781
-931.435 -552.397
101.23 -774.994
-101.099 581.878
-428.019 -247.374
234.134 750.978
389.407 -127.807
810.12 -837.749
628.425 846.436
-65.581 731.403
-822.107 -403.021
-134.437 466.431
306.771 -691.402
-504.089 854.915
-310.133 -843.686
125.306 880.474
268.012 -585.452
438.409 -721.185
-67.767 734.45
600.787 464.181
520.937 321.193
-856.536 -732.103
-13.48 -930.297
-687.367 736.941
117.317 313.336
-791.947 -379.873
107.525 -585.025
806.581 49.984
747.619 202.861
80.705 -906.999
-70.928 775.162
818.274 -733.004
666.072 505.246
-767.462 -160.813
62.834 434.128
196.235 -707.679
125.596 -847.44
-653.69 -623.571
-342.455 -571.881
-886.48 -57.522
329.216 -278.233
638.195 186.949
-214.429 -581.639
489.9 459.987
496.758 -108.284
-590.414 834.369
-812.884 632.535
140.795 334.053
-608.867 900.125
-645.646 452.29
745.23 426.773
297.785 -554.675
507.628 43.932
999.985 -862.366
15.91 -642.421
454.735 167.45
749.169 -509.773
-718.155 -462.171
750.28 -935.798
640.076 839.875
704.845 -388.497
-424.351 63.193
76.38 304.279
106.69 929.19
616.02 844.167
-656.985 564.538
-220.107 774.555
-758.991 -614.881
818.986 -477.62
12.666 -795.288
453.563 559.403
43.056 550.521
-451.609 797.18
-573.625 372.7
993.784 855.213
484.426 65.426
-596.188 749.408
-877.163 -992.347
-170.17 -958.262
899.464 -662.017
-886.736 -925.419
-60.564 -340.787
578.438 3.092
-483.639 -92.621
-500.264 988.73
-499.43 -157.79
728.098 759.052
541.639 -1.784
367.073 -140.873
-160.728 -652.239
-950.473 -92.565
787.384 -291.323
561.627 374.302
267.574 -799.614
-443.926 181.889
-900.32 -840.301
17.126 263.147
543.479 603.701
-719.175 -936.277
202.118 980.672
488.31 -81.659
-120.84 -391.114
-693.58 -524.208
321.406 -513.303
656.28 263.184
-660.754 145.631
815.902 -929.104
-309.484 -574.726
-886.24 -964.805
-312.784 315.032
-531.896 -887.584
-622.541 535.137
797.018 518.509
319.056 173.82
-732.065 155.965
-990.957 -998.221
570.954 166.58
687.989 -129.022
313.638 511.625
981.938 -86.478
119.375 -133.741
792.435 747.945
137.904 14.756
394.278 -578.816
-682.587 -718.081
-900.235 -40.814
536.889 -502.075
146.488 -822.409
712.095 426.797
334.11 -116.867
942.363 901.739
-298.79 -264.826
-70.384 -376.271
332.125 815.97
-810.81 264.207
-617.712 811.125
-500.49 -109.751
343.251 -867.226
452.645 -188.319
-127.198 -224.185
684.885 -920.873
771.279 -248.233
-620.972 871.158
937.203 276.745
3.578 312.504
957.804 -378.425
-499.161 -427.833
550.635 472.327
-468.621 -299.002
-714.331 305.514
550.104 682.26
489.266 -118.711
254.844 781.418
975.608 -217.413
-545.911 119.945
-8.624 -717.473
607.408 -214.63
759.748 604.684
979.81 -303.564
-394.679 498.814
-474.664 -911.207
-696.563 -583.671
752.53 550.639
776.573 408.088
426.167 887.933
2.931 160.902
269.418 -927.244
984.689 696.501
672.384 -908.531
-838.459 -703.279
-388.067 818.856
-86.665 -215.397
-84.075 -68.869
439.145 -360.54
879.308 -259.79
271.189 -644.935
262.69 716.595
-892.074 -195.032
176.837 523.523
927.188 -984.945
53.372 -664.864
850.227 -614.563
-498.997 -991.093
-434.336 -43.362
870.103 519.7
981.997 136.49
875.58 109.461
-488.586 -102.333
561.038 -468.048
151.606 -129.357
-97.707 282.672
-514.597 248.903
51.063 656.129
93.444 -480.346
678.888 701.964
-46.34 451.989
28.42 -557.843
-662.145 -821.578
-909.204 554.419
98.454 85.601
71.363 724.262
680.533 569.393
-717.515 124.692
650.023 781.089
784.98 619.397
322.304 -24.651
-184.646 899.758
367.444 138.18
83.022 -854.229
462.001 -134.409
-969.564 -779.06
465.228 -577.282
924.857 -394.036
230.19 656.384
-676.094 -290.413
-432.442 301.934
-942.083 -886.07
-939.178 -266.316
-637.127 -524.549
-971.643 -878.96
-789.245 455.218
-737.968 -101.727
-947.814 891.936
694.491 -677.235
-799.29 214.907
552.597 851.581
-995.868 751.128
-685.722 -577.617
964.362 -520.26
548.158 -512.416
529.31 135.371
-914.707 -619.571
169.352 82.527
-805.416 -830.06
991.43 -37.925
-155.733 -984.807
-69.677 747.818
302.959 -782.262
-337.159 -264.236
-572.1 -872.082
353.426 -426.317
-827.184 -493.438
-424.85 834.491
503.936 86.023
-832.443 733.807
-794.496 -909.947
50.064 -893.635
58.041 -160.561
197.738 129.813
770.927 -181.757
273.814 -80.556
988.023 508.914
539.908 563.603
-819.971 -691.599
-539.6 -323.754
-508.621 596.965
-214.133 146.357
140.7 224.388
343.483 99.22
-467.069 -981.164
873.02 -959.532
612.526 750.146
514.306 -909.77
711.041 947.105
-648.3 -408.728
701.51 675.082
-413.292 187.825
200.699 -812.345
-37.043 -71.71
423.189 410.349
-644.128 363.222
-91.7 -671.602
-849.948 164.873
709.322 388.237
-264.298 -711.797
-694.415 995.68
-127.976 658.916
-388.659 -839.332
-688.787 -229.365
-7.739 412.078
322.593 -794.605
888.822 -853.879
-947.505 -39.446
-520.897 450.008
618.374 282.544
958.565 -267.474
-671.529 589.767
-908.946 -266.549
908.177 6.375
850.586 33.426
-614.648 -740.56
-436.825 -209.048
-296.242 139.332
-262.965 -989.93
-263.272 -733.983
224.216 -738.555
801.086 674.124
-691.172 188.587
-713.436 605.674
293.483 -542.402
-888.718 -47.98
225.256 223.111
-676.319 -901.454
-536.233 263.942
248.801 -607.964
658.609 -567.777
876.066 -678.707
474.409 -481.587
844.369 -558.667
-451.114 -254.566
-701.509 117.608
-223.895 -772.0
15.501 -52.079
-191.472 247.251
-17.811 -311.719
130.84 14.815
204.16 -239.559
-838.477 -50.902
310.918 652.349
648.755 -130.169
-675.486 -752.197
-109.356 -408.179
-6.16 302.854
-759.079 81.533
-372.891 -320.209
-603.11 78.914
998.689 -447.755
-683.24 310.267
933.572 -425.267
799.776 -41.595
-301.159 -258.089
-822.211 -793.983
-205.355 -140.97
206.424 731.773
-82.398 -181.601
134.521 -603.491
-130.642 -779.031
-80.728 719.506
-705.703 269.954
-797.474 -285.192
574.119 -577.95
626.778 81.18
327.762 680.246
-535.552 612.207
-856.809 -358.573
-429.895 784.285
-141.287 -905.963
-67.813 -137.3
846.19 880.392
284.565 -950.224
406.018 -54.768
633.374 34.621
-375.866 200.112
-9.438 -82.138
-381.231 -325.003
959.903 -448.373
582.107 -649.16
-529.585 854.495
-434.207 896.285
971.295 -48.804
417.813 -289.702
415.638 646.249
-254.887 0.725
126.529 -160.267
-833.291 539.619
677.123 481.687
-313.323 -317.672
212.095 -642.308
-852.826 -397.903
-602.811 834.691
413.654 629.895
846.172 -61.032
91.31 743.181
-753.302 -850.485
-740.242 273.014
203.558 83.343
-537.526 528.635
152.367 -563.301
-885.24 717.973
-514.579 823.71
-599.745 -707.708
349.006 182.827
459.271 271.894
319.216 694.624
-890.535 900.324
-428.784 -421.037
-494.924 227.348
245.352 -722.309
685.982 -145.356
591.767 975.623
-462.212 510.176
387.837 -188.938
-8.832 -641.961
855.74 -371.238
62.665 684.028
-41.312 -347.452
-87.339 29.362
352.812 -644.476
-316.867 432.849
84.563 514.961
-544.832 -604.004
-455.813 158.007
565.975 -18.369
-297.241 826.462
-349.423 -94.004
346.81 -877.061
604.646 173.32
423.876 -166.923
-35.708 856.428
566.466 620.601
704.708 486.931
918.303 951.399
-128.933 216.646
929.743 -306.183
-28.987 112.535
603.408 163.821
-376.511 91.998
367.853 819.762
-596.568 196.088
-322.196 145.778
-68.639 -327.118
970.53 959.396
453.858 -853.592
118.449 -619.122
-432.376 -959.617
416.695 517.884
-154.639 -979.719
-551.603 968.475
48.294 664.619
273.328 -896.642
-499.339 -872.36
-918.707 -719.445
-815.471 135.333
-718.311 857.811
652.573 697.309
-840.588 978.546
411.875 -157.565
-725.284 -136.957
307.137 -46.125
704.752 685.987
738.398 505.354
-8.926 430.072
121.238 -503.457
-743.521 823.435
-564.439 -182.518
-773.2 888.515
448.73 255.102
-100.429 -534.491
25.719 880.052
-819.039 -757.824
888.893 -520.218
967.849 101.224
-624.762 -127.357
-49.423 974.967
604.945 -99.389
-520.648 -203.766
473.613 -207.279
394.78 -33.71
125.771 37.317
-982.754 777.068
364.359 -382.986
-67.057 969.981
822.705 -30.914
415.38 -639.818
264.385 33.265
544.64 186.917
-890.711 826.027
903.431 675.964
837.303 394.41
-991.695 13.676
134.723 256.192
-881.257 -77.515
532.138 190.49
-861.889 981.165
527.931 526.643
-285.571 53.269
-565.139 942.392
-284.392 -479.18
-374.183 -185.507
377.633 -328.089
-700.438 -970.029
-636.951 -793.856
-793.682 938.124
-570.611 358.183
282.225 -649.616
916.336 230.766
-173.47 584.989
638.222 -807.655
463.03 525.203
-184.628 800.883
-768.035 -729.595
114.216 -124.541
611.104 -518.592
465.401 349.718
-565.149 697.673
865.257 913.188
-949.816 99.908
651.176 12.87
-64.778 447.104
429.443 999.678
-172.342 -138.33
171.777 824.321
181.984 234.618
-754.477 147.125
127.324 -159.647
-409.873 43.384
906.685 560.84
-763.887 580.344
205.554 -15.48
949.165 -837.951
449.018 -208.182
504.565 115.374
-85.759 -581.88
-281.603 -908.623
-960.769 -992.012
408.575 -652.94
-773.061 455.314
-334.831 167.504
268.863 459.894
-499.626 -312.649
488.209 64.671
-139.835 152.073
-819.172 673.157
80.977 325.632
-945.816 243.945
-57.357 -635.333
-929.747 -195.966
51.212 491.645
-874.392 949.856
-73.26 724.309
12.723 557.694
651.968 -781.612
-642.237 -206.183
-416.768 640.532
113.395 346.657
892.818 912.162
762.64 46.803
-988.656 -792.9
-182.36 350.526
38.795 336.942
-79.597 -925.765
-909.042 -114.791
-402.936 -302.476
624.087 -937.188
-94.053 800.757
-785.413 -131.119
-86.712 565.727
97.008 -413.037
-742.256 875.533
873.063 447.552
741.774 433.329
-511.824 145.847
-848.53 -816.922
-439.435 941.618
-356.469 -985.042
-547.978 8.374
139.398 -680.331
-340.293 689.038
844.992 789.951
-844.566 -976.981
516.939 -428.596
-886.328 29.789
909.822 -120.536
-419.369 190.313
-804.641 -984.466
-356.5 241.436
-653.426 796.029
-177.388 -49.846
-3.013 -934.619
-92.465 37.813
-126.729 -316.357
383.532 -691.897
-347.216 817.512
-566.246 611.378
733.963 -199.769
212.651 356.378
-149.96 -397.733
549.065 -496.34
-254.05 -998.157
275.588 -428.231
-973.856 102.815
-501.811 469.619
-220.392 881.089
-850.716 678.709
-725.284 -918.427
300.839 594.996
-383.813 -799.444
-721.164 -978.056
-477.456 77.921
-432.402 658.029
46.382 830.29
698.728 -324.173
-4.852 444.175
289.103 -229.634
949.751 -935.107
54.051 -265.436
691.846 779.306
-529.622 88.483
-476.451 -310.628
112.357 -747.982
-189.853 342.666
563.138 -81.737
170.304 -736.884
-736.547 -986.064
135.558 176.111
-577.998 508.178
72.361 -624.916
-270.816 527.176
85.265 682.897
-959.737 351.574
-552.381 136.926
725.74 792.952
71.359 -992.421
-537.342 570.323
-281.817 -409.263
-669.197 -143.687
489.157 277.923
749.966 -488.399
731.515 603.362
658.219 762.456
556.531 321.82
338.246 -139.691
-820.761 775.967
-635.474 61.022
-29.439 776.753
-517.547 -80.504
152.745 -300.86
983.2 -489.106
289.764 -116.944
510.852 -382.131
642.384 -335.49
177.221 -906.889
-877.35 -827.364
248.091 -660.887
987.878 79.791
-316.444 -998.659
385.18 568.752
-83.074 -274.286
-9.804 596.52
-511.168 -227.941
881.334 49.777
-34.39 171.811
168.963 -429.489
-916.261 -607.904
961.209 901.982
653.747 -639.089
-892.043 -158.9
-270.518 694.335
-600.477 729.937
84.696 230.356
-627.023 55.652
374.333 -64.747
-616.643 -637.388
-232.571 158.071
-911.932 570.08
-67.225 288.922
48.66 -574.578
-271.561 634.253
350.712 -297.779
-940.558 -34.841
-288.292 519.919
784.102 -366.206
130.04 -886.528
-292.534 157.42
18.428 285.083
602.683 -982.966
958.669 -54.517
-875.816 -557.282
-436.266 -331.414
370.101 162.824
-467.51 162.513
612.367 923.129
861.743 875.71
612.663 -650.839
-94.751 286.734
691.011 -662.648
852.728 -934.603
-186.403 889.191
-930.376 935.547
-189.049 924.06
-218.527 -145.827
423.775 -757.632
412.211 -784.139
-919.414 -844.8
-185.815 -287.069
-859.294 -204.428
-949.866 827.753
-236.802 68.825
-539.513 330.972
-181.347 969.017
132.165 -917.856
-392.991 238.458
268.973 740.562
-406.889 -445.163
-782.397 143.604
627.266 -19.704
583.462 804.405
420.792 -523.752
840.782 -113.002
-546.184 -568.032
-549.105 -189.56
162.603 -811.939
511.156 -90.503
-925.785 -697.369
-180.952 -251.369
887.943 190.771
511.769 -807.298
-725.742 -835.995
-214.158 234.826
-588.696 225.817
703.375 538.317
-239.186 -124.426
-498.369 -460.046
40.289 33.033
-720.145 309.722
24.207 -537.525
652.931 84.785
-159.48 909.176
396.912 858.74
-639.234 383.972
880.371 636.799
-933.333 730.92
-738.412 -89.961
716.364 673.019
199.052 96.244
124.242 -802.89
187.564 741.098
-224.758 -521.128
463.824 -248.405
757.415 676.362
-264.487 -744.888
647.328 -26.572
-194.94 257.411
174.124 577.125
-100.36 -855.751
-229.564 974.611
976.002 -194.281
-417.222 -31.236
-810.715 -645.69
-198.9 -102.522
293.422 -248.36
-82.977 -405.086
-301.069 -92.381
-314.742 -557.208
770.521 267.399
-696.031 723.41
-547.465 205.508
874.734 700.258
479.812 157.319
-240.273 -790.024
-819.214 -627.629
625.611 -168.07
-826.731 -740.235
219.393 818.0
-292.09 -187.736
547.333 -667.796
298.095 828.063
213.468 -914.363
818.992 -113.309
646.233 572.856
722.386 -264.739
-606.285 501.828
306.151 -403.878
-364.003 125.585
105.445 814.345
-144.753 -338.206
-325.82 731.399
899.773 -808.654
-133.373 124.482
986.868 646.462
-461.317 592.705
507.624 -767.697
300.706 709.894
-424.092 204.257
-592.226 385.864
776.065 918.896
-151.345 -627.649
115.056 331.303
-721.392 -33.303
-353.091 -670.817
331.831 -172.67
-677.254 734.772
801.145 -625.225
577.662 -130.235
-905.571 464.323
-204.39 -72.748
873.126 324.324
-98.552 747.785
863.042 -388.856
-403.074 -376.596
-148.981 -956.811
-389.562 -551.217
345.076 -817.615
-706.723 -462.64
337.391 -526.758
603.446 340.172
-514.126 -31.158
966.853 -972.86
436.297 -797.007
245.164 -530.923
-469.634 -499.933
838.739 -525.668
-704.25 265.153
-476.562 995.68
391.973 -58.146
970.577 -574.421
830.504 183.627
-43.84 66.934
-604.255 483.126
171.076 84.486
923.837 880.129
797.824 -437.296
146.218 -203.924
-92.265 461.533
-823.467 -811.323
895.825 -996.857
-789.906 -352.294
-693.628 157.851
-291.411 -969.388
-852.618 247.002
-140.106 -392.793
-145.422 901.606
-533.364 502.224
-141.6 -822.794
973.774 114.226
-757.674 864.394
-609.7 267.333
307.942 -494.29
-72.564 -989.272
-752.949 -389.788
-255.724 361.154
794.781 -473.876
-690.597 -533.358
696.861 -895.412
504.392 -653.218
-587.817 183.542
677.541 872.266
94.74 -905.391
-88.921 679.578
505.594 -528.096
528.088 -547.946
-12.682 49.077
-494.603 86.962
-514.315 977.346
-308.289 -983.464
-114.938 -917.183
619.125 -967.02
-428.498 -671.466
-77.295 -989.477
-572.612 -155.676
322.59 -0.293
-514.662 -197.713
435.009 -299.056
-327.457 -163.313
923.775 -808.891
-291.979 705.298
225.058 872.195
-946.786 -844.761
41.917 -819.113
-945.27 -36.23
310.718 287.086
855.423 -75.574
17.292 226.231
728.876 -328.73
849.683 599.056
638.35 110.88
-541.973 -860.776
358.06 186.808
412.394 -248.998
-752.567 282.212
734.741 -864.905
-539.309 -476.117
-333.331 999.112
-7.22 -300.373
-827.306 40.081
980.733 435.013
658.028 720.647
-425.331 -398.112
-677.395 989.734
-498.654 626.538
-476.446 -184.512
998.007 -169.009
530.09 806.611
928.938 886.509
581.339 -366.855
-977.356 -70.8
-668.531 214.714
-430.159 -529.537
-701.093 -956.137
974.61 -291.01
-431.489 -724.957
-780.141 -788.235
-170.174 371.405
160.595 932.554
-617.026 -884.754
-555.261 254.724
561.79 454.519
-214.79 -345.323
653.056 -695.199
-808.361 -674.779
997.198 -430.729
889.859 -387.919
438.566 -442.607
-794.895 -776.775
164.051 263.028
-518.313 191.382
-547.572 172.171
440.393 -258.643
-262.513 513.244
-789.654 890.64
629.684 535.771
683.889 584.805
-161.906 115.44
-452.123 480.973
-887.221 -82.145
-739.021 248.195
468.032 658.912
284.527 555.823
527.356 -192.193
628.435 -35.854
343.693 -719.92
-671.601 -611.438
434.933 -147.798
86.966 -265.909
352.127 -197.254
-705.3 -801.354
-393.995 242.147
657.101 -184.916
-373.543 -216.371
-919.275 -286.033
-885.982 508.513
669.386 -197.835
-47.567 -404.652
-727.872 -129.905
-617.24 405.413
-563.407 -438.768
910.071 330.688
-313.899 -961.102
-118.031 631.839
-431.558 -821.872
939.448 91.358
495.567 298.664
-904.2 -29.616
754.197 836.197
218.725 943.501
-860.334 688.021
-97.18 -494.751
242.651 525.942
495.25 86.005
437.982 836.596
-171.832 -920.913
448.5 -474.172
361.593 788.087
834.369 142.113
815.153 -168.691
552.564 218.59
494.813 -395.408
569.77 597.729
193.213 890.76
-880.983 -824.416
-397.961 886.629
686.412 19.734
2.916 -84.618
-549.626 -374.627
-90.898 276.936
-594.102 -282.355
-720.25 -834.78
-648.023 -860.631
716.24 852.029
228.521 -397.657
-49.723 242.804
469.589 615.383
829.073 -58.161
-57.638 -86.632
-884.62 158.634
541.579 821.746
953.424 507.565
-980.187 -492.785
859.994 -790.03
957.295 687.523
-27.325 -665.816
-181.649 -539.137
948.063 -724.841
869.892 -399.835
-677.55 -738.867
-930.364 46.237
-212.535 -612.916
1.387 -209.898
-928.189 811.891
-312.093 -279.078
-932.217 -273.535
617.873 -355.369
954.808 -576.377
856.576 -584.472
781.809 231.417
-393.63 -246.068
735.603 862.0
-15.865 -242.287
235.737 368.297
673.344 -449.864
-754.46 -630.433
204.534 -331.005
67.553 401.926
-637.557 907.356
583.229 -972.081
108.903 -130.916
-99.818 -210.804
-752.995 499.657
-759.188 -80.005
-386.098 -127.473
-650.427 -95.066
961.37 502.186
-856.831 857.835
-795.438 -253.764
437.083 689.38
-598.988 -630.29
159.716 -371.98
-430.149 -188.906
703.024 302.039
-873.989 531.314
-865.228 -335.416
-179.5 174.508
503.51 -783.491
251.767 -330.297
361.701 235.852
-114.086 605.44
-153.751 -178.83
383.335 -438.732
223.93 -42.845
737.952 -834.531
-165.29 -410.697
425.301 -391.364
758.138 13.518
-818.434 -116.264
-403.476 -540.013
-211.182 943.941
314.262 -336.319
34.436 -588.55
-702.92 -431.804
-685.858 561.319
-693.71 -235.231
-164.406 -991.991
189.879 -477.462
847.471 -794.481
-194.041 -302.965
422.33 -614.018
-994.097 174.19
-863.677 -908.237
303.39 -446.805
769.686 -241.316
-223.081 166.247
228.485 -206.376
-5.612 -459.636
497.614 473.251
-621.221 -117.633
25.452 -386.101
-31.208 568.697
-476.809 -754.664
399.086 -776.861
-80.674 -980.833
-34.197 -838.39
119.592 447.638
-283.494 -297.67
270.193 -510.648
-590.189 206.143
413.719 289.966
-972.102 533.103
-229.423 514.605
787.241 -813.951
-924.233 706.495
130.988 -352.891
-368.613 357.128
199.951 817.576
-352.044 357.035
903.869 616.656
-283.53 -293.649
-623.196 -94.386
-639.7 -430.381
-99.777 900.748
873.625 -938.677
553.942 442.195
15.209 32.129
446.777 895.312
166.434 -955.022
796.15 -179.904
335.396 -142.165
-74.842 -138.295
-661.662 -723.406
-707.415 670.873
178.724 -72.146
686.028 543.301
-585.196 -771.327
-53.148 -886.119
365.432 525.59
-532.528 -278.67
-57.157 998.714
-132.018 -663.604
-515.262 873.675
-929.593 548.005
-644.564 -304.439
-760.953 -561.599
-524.69 -232.877
580.05 -129.496
-920.994 724.268
834.64 497.099
79.056 -792.933
-313.055 -756.795
-557.978 401.4
-603.686 -843.994
-150.457 -129.378
801.153 -455.79
746.616 -630.622
-348.916 615.138
-370.576 583.866
-414.069 -134.634
313.852 -889.942
737.853 -868.028
-402.976 707.936
-478.912 502.718
-646.668 262.931
-340.317 593.684
-546.007 295.84
-988.726 235.585
-179.236 -188.354
338.719 -398.623
999.231 584.19
-92.076 511.769
52.337 -188.599
196.068 741.704
-698.883 -142.436
867.022 203.745
-327.613 -18.421
-668.322 687.236
724.98 -732.803
-934.357 -617.181
-143.333 181.02
359.086 -711.328
8.865 291.435
808.262 194.584
58.77 -656.138
-154.437 -612.489
864.638 346.722
277.565 764.211
-29.631 -743.488
-56.68 969.113
467.198 -826.707
-94.571 -599.487
-481.78 695.174
-699.905 -337.245
716.309 495.131
207.28 289.25
82.131 934.96
660.74 -741.597
327.53 -591.922
140.736 416.532
90.001 -191.744
-888.108 -524.011
725.921 245.971
-784.323 -488.184
192.505 -705.501
380.867 -443.14
-696.777 353.069
939.466 240.294
-361.988 3.066
-239.827 147.542
228.268 -365.919
-259.195 894.838
-787.466 -703.385
627.419 -545.978
546.025 -219.164
-326.242 -850.77
398.603 -575.03
275.864 -659.903
-542.254 -828.9
881.053 416.013
482.716 -837.969
727.842 83.279
-638.433 -962.676
298.743 -313.175
137.482 -791.346
985.169 668.992
-808.837 -908.614
34.796 87.072
785.075 196.072
-180.067 -306.915
177.205 -174.182
-111.575 893.653
195.372 -919.905
834.132 -645.716
-938.728 730.271
-427.572 678.762
-934.43 845.088
586.107 549.541
433.684 -73.933
-81.065 -524.441
950.031 -187.283
-460.188 -484.05
-470.855 109.395
383.231 89.055
160.29 -259.438
336.332 -166.451
-529.42 406.936
257.93 958.51
-906.511 432.401
-462.34 788.016
358.952 305.576
-480.25 -191.334
778.929 595.633
-136.498 -490.748
57.686 -494.879
-44.238 -441.868
-367.513 -758.847
-182.682 454.572
540.906 773.233
433.071 -883.245
-13.37 399.444
412.506 -0.97
261.18 -610.42
287.827 66.431
-610.6 364.215
-883.7 386.121
-357.795 -86.922
-248.492 -473.504
-752.426 -36.936
559.079 333.632
-182.948 -535.042
103.87 757.23
-862.863 -929.296
747.083 214.365
910.31 90.811
703.576 485.367
-857.65 500.381
767.668 594.008
-530.989 -125.204
-151.335 130.932
410.717 -826.88
978.072 -109.003
718.58 -445.148
230.468 -180.576
619.654 -525.051
-47.571 -509.392
-837.923 297.952
656.251 -354.334
-963.555 -515.61
904.656 27.351
-421.203 912.073
-238.973 725.585
-521.308 -496.753
-933.407 -445.584
563.37 710.964
-663.659 122.721
-908.244 523.557
866.584 -188.567
-818.86 -108.941
-952.848 289.391
612.998 321.118
-635.15 86.643
-420.65 -863.69
73.253 110.557
-945.064 -375.508
-787.205 -524.621
617.357 -54.312
708.168 994.165
824.276 -898.744
-476.987 431.051
-338.637 -883.043
325.772 -462.391
-322.338 139.531
-329.383 312.268
-358.867 65.996
-421.252 987.328
400.849 -735.07
-468.86 110.752
368.46 -738.247
940.713 532.29
165.141 820.182
892.029 -472.981
-200.707 -179.284
100.428 934.152
-111.82 621.06
512.436 -605.398
-631.506 140.394
-774.882 -479.874
603.591 -60.845
229.166 879.414
-302.317 667.214
188.595 766.856
-786.92 -750.698
637.238 -930.31
-812.486 433.974
-299.321 -776.416
-369.08 60.853
535.123 -211.707
-602.978 -407.832
584.376 -53.674
304.921 -100.24
682.687 -756.66
632.133 -474.953
819.337 223.617
-874.24 -846.043
8.781 820.447
-714.11 473.98
-720.38 143.325
208.542 -9.07
-879.577 -675.946
-99.518 611.095
208.469 -17.673
-343.203 -168.659
663.709 243.524
-610.277 -103.824
874.368 5.629
-388.301 46.295
916.246 -652.397
129.584 294.459
506.611 833.486
8.284 -959.862
514.65 -314.132
849.194 -523.702
455.78 -58.938
842.756 -57.63
-632.788 64.726
-202.317 159.245
-542.495 926.443
850.525 551.827
-208.642 954.251
497.728 -422.512
881.755 438.123
743.963 816.192
-121.821 -26.343
894.135 -360.245
3.281 779.505
502.562 679.622
-294.495 762.862
-627.313 -437.22
-713.641 633.134
-818.404 11.05
-472.626 -779.906
802.509 -267.25
509.65 797.625
-548.737 55.496
-902.318 -930.811
952.505 -998.852
618.004 -298.547
-525.591 933.66
-69.617 163.591
-249.074 -443.278
26.416 -66.071
239.525 -796.112
607.003 -779.93
-809.46 928.446
-818.158 -468.255
-971.36 -834.04
617.745 794.736
307.527 -337.203
-3.877 902.35
139.156 782.92
-160.263 283.924
-171.035 -781.688
864.025 213.804
399.352 -728.613
-974.301 936.75
-79.155 -495.899
457.346 634.935
156.405 -519.579
927.8 47.795
-691.742 -98.244
742.057 -759.004
-190.965 716.923
-862.147 130.13
912.253 193.4
-838.766 429.024
-864.745 350.397
348.635 895.636
-0.996 630.299
-229.065 -545.194
-851.248 -554.88
-811.065 627.373
-575.314 303.604
947.14 312.132
182.081 -997.251
823.433 522.173
960.302 -253.791
-29.914 589.077
-534.999 591.725
-473.626 -699.214
-864.419 -583.845
-25.988 -867.428
454.993 960.665
-221.79 912.675
159.253 744.407
853.378 962.95
869.426 -931.014
123.657 551.25
-932.795 -186.712
631.557 -66.867
428.475 -784.143
963.56 657.567
62.443 -124.037
-208.935 584.691
883.61 4.232
492.745 328.295
701.984 -567.785
-162.083 261.875
287.49 -617.177
-920.264 -64.507
-783.408 768.857
-247.926 313.176
-975.402 304.796
-807.643 -428.353
356.609 24.592
-686.491 885.714
-686.449 -980.938
-140.146 241.965
399.445 770.024
545.948 575.349
-436.149 728.925
268.718 944.179
198.086 526.047
315.176 62.977
468.233 739.856
-141.752 -286.177
98.196 -82.905
-432.136 732.247
933.827 -796.429
-376.604 574.455
539.141 138.855
58.537 -313.178
270.274 958.182
725.797 -564.1
362.835 -554.062
-751.217 116.601
736.553 -558.669
233.383 -426.612
-267.415 642.333
-293.613 93.563
-680.579 578.864
238.42 -472.846
-755.055 86.028
325.671 410.575
9.27 932.563
-577.892 355.731
8.64 744.536
-31.012 -581.426
-836.291 838.115
988.056 -90.932
349.341 579.215
183.134 -355.654
-685.087 327.559
911.995 -32.811
350.616 231.751
749.228 569.524
-564.375 -567.015
729.37 122.715
-797.033 544.081
-398.054 667.195
-775.934 -666.67
653.408 -437.921
-275.702 424.041
881.869 660.14
694.92 -490.607
-634.126 588.34
-382.358 -163.568
-94.274 -937.421
4.177 -853.117
629.976 -331.395
259.84 935.996
-928.01 -742.472
-969.469 190.911
466.926 -644.743
977.756 -895.867
661.887 -636.812
-146.02 630.573
-101.478 134.267
-726.285 -310.537
-758.09 77.201
-529.683 991.824
-589.438 -797.935
-653.516 -919.177
-738.798 787.046
465.821 519.537
989.718 94.615
-943.328 985.913
-112.295 189.672
84.58 361.599
-236.771 290.494
205.023 567.355
571.405 937.326
235.25 -772.714
-799.035 -353.023
-226.503 -393.905
591.588 408.156
-51.618 -341.271
933.383 381.284
769.326 212.334
-923.48 957.623
384.667 -342.659
-413.967 -317.428
566.527 290.562
-937.936 -584.469
-898.638 -684.049
489.889 -509.822
-226.28 772.03
166.563 -6.054
-265.046 944.989
-573.317 761.962
-966.169 858.56
-602.573 -968.093
193.542 19.079
9.754 -384.425
67.45 304.39
-476.233 -120.506
-839.105 -60.367
19.237 -79.727
637.489 -581.388
128.345 -134.964
45.289 -541.537
-849.883 334.09
416.776 -254.294
947.215 -46.504
-561.678 180.393
-578.635 -698.066
-827.712 -372.263
278.945 -812.843
-931.102 -711.617
-42.209 467.265
760.857 -394.56
141.976 154.263
227.059 -360.815
-697.046 -86.874
-872.033 -534.97
-701.682 463.906
459.739 664.117
222.345 403.029
507.583 487.709
-979.14 -649.609
241.381 166.675
-372.172 -727.989
225.397 -347.021
-595.562 -594.657
-169.397 -971.806
314.192 -561.869
251.879 590.09
207.139 411.156
977.418 890.587
636.407 960.906
765.151 -512.686
297.82 793.104
506.74 566.155
-283.841 -402.851
-867.803 40.823
101.518 573.894
-422.301 825.121
137.22 347.317
-737.973 -153.418
912.692 862.621
561.597 132.226
428.686 -895.373
838.49 -574.478
-3.656 411.716
99.814 -866.454
-455.286 -865.641
-634.645 306.641
621.305 502.908
-579.159 345.563
-439.0 457.879
-269.499 -134.114
-507.521 939.119
966.015 58.638
636.739 -671.687
-448.303 -388.112
-249.432 100.485
-963.538 -697.143
-515.066 -920.925
331.81 -968.682
515.779 846.555
695.173 -118.078
-561.821 -108.24
599.592 1.891
-944.471 -648.72
-416.402 819.862
698.779 -417.381
859.799 -26.878
-938.839 624.835
594.735 -7.469
-464.747 332.958
803.011 -939.635
-449.903 -421.187
-935.769 -603.784
-89.04 -887.534
836.2 506.219
539.944 139.534
304.014 256.143
-90.759 -835.858
538.373 79.106
-867.159 725.208
518.241 -623.794
-474.178 495.818
-267.217 793.632
697.311 -863.953
-230.106 503.885
957.252 624.632
763.378 237.807
-654.206 -901.641
-762.075 -241.105
880.198 134.868
227.746 -331.524
-736.51 -540.235
-135.247 388.407
-539.071 -458.274
-496.94 479.426
141.494 -388.238
-48.371 273.132
-854.169 701.525
293.706 304.285
914.126 -68.033
590.802 525.108
372.229 659.092
976.544 -593.032
-800.434 -485.773
-800.075 -189.675
90.829 -866.714
253.174 -626.44
-717.103 355.918
125.635 -755.685
-661.55 62.638
-564.199 -289.9
-591.897 116.544
-317.571 -124.552
-271.728 522.029
705.012 -417.169
-589.595 596.633
320.596 -484.656
795.531 -457.337
-282.87 331.431
-6.615 952.231
562.359 964.827
-843.748 -15.251
-977.281 873.346
599.246 -783.25
343.868 295.474
35.296 235.598
-35.063 850.46
-555.492 645.657
270.197 699.74
555.758 -300.558
294.108 -97.087
720.842 734.445
-231.826 -72.961
-878.141 -554.784
-316.7 792.498
-620.729 -731.808
-836.042 -0.274
981.422 -630.704
14.308 -833.001
545.076 140.971
490.16 -180.73
-760.879 -501.473
-22.07 159.918
-713.093 -790.826
-960.938 -487.312
-956.77 849.96
-892.48 -491.236
689.686 818.235
-246.428 797.249
-730.567 446.463
-741.904 677.979
-683.487 405.296
-939.845 -871.613
-521.711 -771.996
986.029 966.766
54.236 178.638
997.747 -877.566
-251.041 993.954
-670.692 660.179
128.445 304.279
-61.222 -417.333
259.492 -251.232
742.525 391.666
-114.203 786.522
-881.27 -983.602
451.951 321.915
721.221 -806.96
-563.425 478.633
207.116 574.033
574.318 -62.672
-868.104 214.108
-24.099 -216.59
-166.661 -597.168
477.487 -432.156
793.486 -984.396
-193.419 -407.575
71.457 -153.326
414.154 -683.584
-953.731 583.134
991.787 750.128
998.461 409.151
960.321 -785.755
-924.303 -728.998
850.219 -447.422
-948.204 430.607
725.078 604.004
-813.544 159.607
-48.25 899.713
61.774 -412.632
-840.996 202.766
767.247 975.579
83.108 891.134
971.899 -825.284
443.181 861.687
202.328 326.208
522.94 362.187
250.91 -384.084
-427.316 -553.053
-733.177 888.179
-436.116 94.522
317.68 -630.674
-850.997 91.717
-690.495 365.27
371.095 -771.188
631.913 41.532
-951.862 -778.314
722.96 -881.776
584.959 -547.529
-302.893 -465.463
560.515 305.88
-428.219 -202.135
842.042 -753.742
-347.727 -789.94
-399.26 -321.794
-705.339 -900.491
-505.632 786.916
663.829 453.013
-998.23 -870.114
-564.058 789.563
206.832 -25.008
-684.054 -723.977
-302.386 428.505
103.636 -18.887
453.551 978.622
704.911 313.919
375.04 -362.105
926.601 959.716
-437.459 2.33
-385.619 -614.764
-640.703 -623.254
729.502 -735.581
-342.023 731.213
858.661 50.549
755.502 625.572
984.119 -564.73
-370.026 750.149
721.23 -37.673
-671.47 833.046
158.729 673.605
3.311 -805.181
143.356 -769.04
-121.239 -190.347
371.648 284.367
443.454 829.417
242.127 279.413
-919.975 351.273
682.03 -816.311
156.279 -963.779
554.186 532.696
467.009 -173.641
676.07 -346.56
-520.135 209.398
-674.374 -598.479
188.256 259.046
351.991 -478.672
-170.533 317.83
371.096 454.703
188.671 -434.461
232.273 435.238
653.009 -52.488
50.334 628.783
93.491 -860.173
-979.588 800.296
850.154 668.181
-311.558 -243.977
-168.603 -829.829
205.826 488.161
-180.066 782.134
799.068 -271.884
-448.347 -552.504
906.879 700.713
-27.781 -900.694
-7.677 -983.28
-44.91 -881.955
20.779 455.706
-548.8 371.836
346.383 -235.801
123.0 -866.948
-598.211 92.85
961.755 181.856
-625.688 -205.387
218.526 -200.245
524.686 557.499
743.008 328.846
593.76 -775.275
899.695 -249.705
-864.219 981.074
376.187 -561.899
932.355 -386.818
-556.422 -101.399
842.661 -918.37
381.125 407.101
-457.261 604.381
670.404 -809.483
156.52 717.945
323.211 393.931
57.826 -858.867
-276.485 919.715
717.417 -526.891
186.133 -663.041
-790.531 -632.688
-586.088 -879.367
-780.535 536.144
386.066 -227.036
887.749 -487.402
1.911 887.577
-897.627 591.319
-998.656 280.938
-299.831 818.31
-750.772 -561.257
318.45 399.29
152.189 333.891
331.282 469.983
-882.373 -708.82
897.42 829.993
526.983 -843.562
-442.587 663.448
-356.322 -174.949
-840.021 -323.328
596.714 971.742
753.041 240.284
779.667 608.607
-294.198 -246.344
360.211 -613.042
-932.987 460.55
-135.16 370.567
-230.418 -806.119
266.201 618.858
-883.229 597.783
848.592 630.556
-570.795 -903.901
819.423 130.262
2.528 11.14
470.387 146.795
795.425 504.185
15.785 -941.205
-569.309 -708.815
275.591 867.566
384.559 68.227
520.18 721.231
-159.075 685.077
-813.542 -539.1
948.26 33.752
-576.86 -562.126
881.811 765.6
-183.866 495.152
-882.363 760.487
896.409 254.046
-872.581 -842.439
745.439 -113.496
-322.162 19.742
727.396 633.313
438.609 70.715
52.366 -597.285
-648.261 898.725
-932.473 -572.884
-976.461 160.692
677.474 590.835
-597.767 851.259
377.353 825.456
-17.533 -201.845
854.68 -786.41
-771.125 -546.924
779.465 -970.756
-662.38 -219.105
192.055 -598.117
389.098 -937.368
337.46 -104.866
953.94 -582.988
843.772 164.267
903.806 -855.743
46.159 621.725
141.013 -877.047
621.807 -243.228
-767.421 610.089
548.57 -674.337
-919.358 449.826
-223.549 168.893
-814.764 901.278
-814.422 -363.871
-243.166 -743.809
-467.297 -397.25
157.436 96.948
-34.678 -910.901
-365.653 20.182
983.9 -954.801
-790.245 -894.101
-949.956 183.534
802.468 -726.291
957.882 -975.216
-68.671 -405.656
-888.812 95.34
336.531 -884.975
-335.118 333.25
-314.252 -827.146
234.627 271.235
-489.711 813.863
130.862 635.853
-49.49 -247.407
958.53 -557.968
-41.011 815.901
-727.196 780.032
-361.916 547.923
-832.231 599.93
-94.151 -519.243
-920.826 -428.346
-525.092 940.105
-326.588 -771.446
-492.74 -730.297
-511.832 -531.129
-58.079 -572.525
268.939 -203.975
-411.652 987.835
-747.295 747.715
16.017 589.948
948.947 -357.333
-840.03 -552.072
438.506 511.447
-615.83 596.545
-47.13 -521.867
-795.125 -981.91
898.017 -605.622
-597.337 457.999
70.685 755.596
-553.218 364.499
649.811 990.242
680.534 121.889
794.182 -150.61
-677.988 318.902
-820.228 254.518
977.593 -977.011
741.395 49.761
354.174 -81.099
-344.721 943.09
-21.68 641.968
731.898 276.893
-401.516 -227.113
299.054 -230.596
293.531 -909.738
-839.246 723.877
634.855 237.727
948.753 86.247
-258.295 148.485
414.783 -348.586
333.544 -697.594
-718.165 -229.778
327.192 -915.894
-387.404 -460.2
994.59 62.23
462.064 -904.409
612.996 -476.105
-650.205 428.928
848.681 -260.612
-857.451 263.739
-13.37 -660.244
-985.915 463.125
853.959 -895.98
651.755 -892.569
-305.318 -438.32
-243.745 947.138
-926.976 511.829
-93.092 86.971
-646.486 -277.48
-584.64 156.25
-205.745 -832.272
555.379 611.91
955.735 683.225
-118.665 407.265
-914.341 -985.64
-49.391 761.623
562.316 272.983
46.375 -1.32
490.005 779.124
193.601 258.471
-334.156 -56.718
-23.986 205.195
841.661 -726.898
-243.988 -865.103
933.571 214.019
-276.555 73.954
-559.167 -521.664
-266.639 -525.866
96.648 319.845
156.968 -601.604
764.108 -41.741
245.841 152.012
922.206 711.256
-20.506 -868.182
-849.847 -396.803
550.855 538.271
-613.057 -390.406
401.773 -578.952
476.297 602.892
420.375 636.628
935.101 167.797
-676.521 696.033
-516.703 -868.312
347.967 642.574
29.182 560.533
699.617 274.569
-498.125 186.02
-451.282 -132.212
838.293 -423.086
-335.951 -606.207
280.412 -949.382
-28.959 -664.399
-777.888 -297.57
148.681 511.4
-960.554 -240.363
-232.282 -945.933
-675.167 -514.925
895.686 624.893
729.241 -479.39
218.451 44.317
-817.373 131.587
-34.155 953.871
180.035 95.178
-910.716 351.776
22.171 328.286
220.609 981.708
377.083 407.007
269.712 552.758
-643.365 -917.767
-175.477 -666.253
-843.95 118.861
360.271 -813.053
531.626 -869.983
-745.594 -870.057
431.83 254.038
666.055 352.436
-272.241 -827.414
419.356 692.723
209.354 -657.642
379.695 132.21
353.316 -843.662
-831.666 -294.296
-396.986 322.033
571.433 -603.941
351.12 -453.921
-33.127 -978.909
-285.996 981.579
312.569 766.945
27.23 -305.803
-173.57 -382.141
-119.298 852.066
-426.556 -137.558
726.329 -452.985
-358.432 -389.126
-738.315 -979.257
-799.116 596.472
-647.878 145.72
356.54 597.678
408.731 535.595
-798.938 -656.78
-279.422 -85.308
-857.359 879.154
-667.694 899.203
707.033 468.382
830.414 -942.779
-629.416 635.438
766.513 579.721
274.797 -732.632
-502.58 -544.393
-321.818 -751.935
-199.564 764.473
154.964 -990.855
761.284 -728.388
-49.638 773.601
-109.658 690.048
567.697 -141.132
-441.643 -826.838
-142.827 -399.092
743.115 -936.66
202.117 44.388
910.649 873.673
487.321 643.789
-284.796 421.505
23.448 -917.187
681.066 363.039
-539.93 -225.789
-637.353 261.889
696.748 -643.089
-191.774 -614.154
57.139 -605.033
-882.786 654.84
205.067 -226.192
-109.123 -143.886
985.345 766.709
75.288 -55.334
938.695 -126.937
-182.552 -250.87
-862.119 -764.895
231.248 -557.026
-869.411 486.556
-824.138 533.395
-183.194 758.023
132.92 422.196
-666.441 340.35
-378.179 -693.743
-901.7 584.049
-164.049 207.005
611.827 288.109
225.504 971.904
-771.397 -520.764
-558.346 145.947
77.805 -975.393
212.139 19.401
947.755 249.149
988.676 -952.613
888.512 708.931
-419.341 546.681
381.343 723.708
157.662 159.646
-44.25 874.46
-516.736 -167.007
-82.391 401.505
-475.305 -167.588
423.618 -76.665
141.191 846.908
-104.512 958.454
226.54 725.299
517.933 -822.365
7.089 -662.156
969.015 602.008
977.771 155.436
-931.613 -94.038
419.829 -587.659
575.911 -551.801
-514.236 -954.51
142.394 887.945
235.706 -278.939
-639.672 708.827
-160.727 651.289
-440.641 550.014
59.651 25.138
-931.166 -801.496
-132.308 304.696
-865.454 906.356
588.57 24.983
-373.799 413.135
-501.162 38.469
-898.537 -646.141
736.868 -858.596
-286.297 -902.198
965.328 -642.275
-836.103 981.032
-993.816 773.036
-6.056 572.726
-463.308 -329.48
-967.023 -890.928
91.607 -803.71
559.546 864.466
955.572 104.575
738.246 854.095
-372.549 973.25
-447.549 -953.761
-82.3 904.626
709.165 820.664
762.449 241.715
566.347 -352.426
222.307 -936.398
-780.977 -370.349
621.909 157.598
541.304 -9.383
612.92 -288.907
920.003 113.896
742.627 -475.209
-513.903 803.934
-272.028 -169.013
359.094 -265.685
-418.009 290.216
77.243 -28.759
-336.464 492.98
-483.587 -515.594
358.788 689.734
637.412 652.359
648.139 670.994
-543.154 582.762
-371.431 240.142
-502.607 297.36
-189.848 389.936
939.161 656.667
799.3 -648.411
-712.142 845.189
-96.479 35.383
767.84 -710.454
690.231 694.064
-946.626 870.155
763.646 703.825
958.869 -312.065
92.602 -928.117
247.905 936.343
-342.153 14.253
615.679 -666.547
-982.319 -879.24
-987.664 -627.46
525.675 466.769
-824.11 -588.957
-598.694 -570.824
698.831 -294.698
-114.735 -291.723
788.156 484.069
431.266 564.504
-517.325 789.416
-545.493 195.805
19.5 563.237
-242.151 170.602
773.5 -530.475
-170.658 411.847
-371.582 837.969
20.146 757.492
957.304 502.751
388.843 718.846
849.246 159.941
-837.538 631.098
95.273 718.872
313.012 588.95
-784.273 253.242
267.523 -847.608
97.244 -842.166
552.033 14.377
-3.019 -238.093
-438.361 651.45
-278.942 314.219
63.057 798.744
-730.687 -422.948
-510.851 -676.626
741.558 329.866
981.926 379.074
400.776 255.709
58.438 -26.575
339.201 -416.963
330.485 -748.708
-249.852 608.873
636.464 -101.376
-813.364 963.35
573.296 60.537
-704.837 -492.299
-857.028 -904.484
-928.964 -19.534
832.474 -350.367
-970.999 -928.759
-612.349 -604.642
116.196 946.835
-61.948 -984.072
647.378 -916.132
-20.996 180.583
-892.26 500.135
-576.694 -768.036
708.498 -250.57
847.485 892.115
-439.25 -721.372
-965.226 -308.444
334.911 -803.986
-75.148 347.883
867.211 -817.659
-291.371 -756.819
429.17 -411.367
-384.595 54.408
-25.747 624.341
833.139 -504.784
697.269 -301.669
787.906 247.852
34.947 -42.785
817.808 290.807
-885.088 -724.84
323.918 -591.771
-657.984 476.474
596.347 -80.115
308.847 -77.487
408.626 -896.64
-541.058 -382.76
474.563 39.556
228.262 -874.251
381.494 345.563
619.541 -30.075
247.945 -73.754
907.125 -669.488
-437.776 -164.719
-954.159 686.448
-774.797 875.67
-502.6 -955.322
-490.347 350.288
891.191 -981.516
-395.165 -720.709
-702.285 -348.168
623.059 635.116
334.146 421.369
-9.953 651.386
-425.182 69.328
448.949 104.198
-610.039 539.331
977.986 -408.893
-559.339 -72.567
-370.454 -391.107
-496.56 832.495
-664.488 379.603
-668.571 121.539
609.067 -557.192
-871.679 653.516
26.564 -330.204
572.287 326.825
288.22 295.553
454.992 966.003
136.976 -616.27
705.272 -601.303
-40.681 968.406
630.51 -468.18
668.15 -504.061
-403.21 949.021
-566.97 -407.582
-408.437 -596.964
621.774 972.276
196.886 268.613
-808.385 -378.394
899.958 -511.093
-124.148 448.944
-881.611 -76.642
821.877 -793.9
-676.241 229.383
557.057 213.095
598.462 -985.168
-237.94 -257.575
665.539 758.67
404.035 -339.986
-90.856 81.964
-344.879 535.903
-408.49 917.995
-221.527 -495.891
57.003 -908.482
865.971 -694.287
613.688 711.654
288.982 -326.342
-218.001 -398.164
-212.255 441.822
-223.742 324.949
-488.933 503.349
68.946 -162.367
677.404 -16.919
-253.174 165.896
144.727 -971.121
-972.806 619.256
-390.8 -446.733
-457.081 579.192
232.645 260.218
261.432 665.063
-691.941 347.528
-496.191 253.566
-924.618 425.97
-967.6 -182.88
-188.609 47.47
-243.383 660.548
-118.43 569.667
-121.339 -893.456
95.263 144.698
583.598 59.588
574.213 -680.816
-547.73 224.227
-147.671 -634.472
-557.718 279.425
872.388 366.429
-775.631 -476.999
-667.421 -589.028
788.971 -266.362
-943.482 -296.998
-918.65 -415.57
-868.011 -228.29
450.427 982.45
-935.971 75.488
128.919 886.534
-32.043 -522.335
-384.032 145.772
600.992 -422.38
-200.789 163.278
449.031 855.923
584.304 -474.607
101.658 936.448
148.104 -802.087
746.977 162.996
-193.947 -181.627
-977.165 -600.602
-624.245 -786.258
-620.276 -755.796
518.485 -575.754
-109.067 -14.664
593.26 449.431
263.734 60.39
557.482 -719.784
883.73 276.355
985.605 464.436
168.565 899.439
781.314 -633.051
269.607 587.196
45.993 -648.946
-143.981 715.018
-189.956 341.182
-350.246 835.118
-529.712 723.353
-368.856 -606.22
55.419 545.47
-486.781 760.834
-632.434 345.151
420.292 -61.03
-738.954 4.097
-913.603 759.1
-324.543 137.416
-371.202 -573.882
-439.267 -707.107
-614.461 417.232
199.206 819.279
-840.754 732.778
-909.174 -100.966
-652.163 -866.171
-456.303 -67.037
-338.495 -318.612
-222.085 -310.468
623.479 -513.737
-213.874 782.698
291.515 51.186
236.075 51.848
-625.291 -755.291
-222.689 -542.32
349.18 666.161
-694.233 28.661
38.361 -31.043
728.486 -415.923
290.541 -822.556
-52.654 -206.235
-95.755 391.084
664.967 459.356
888.235 743.887
-818.207 496.883
385.557 -514.907
-386.141 -335.8
-197.011 359.499
567.094 -546.728
484.839 405.014
-442.291 421.174
138.047 159.772
624.333 -41.275
466.898 -146.617
354.734 615.999
658.383 -814.84
-260.015 -578.597
979.49 318.46
-251.977 -662.039
-794.776 158.897
-715.331 907.344
-252.383 -226.858
279.807 503.121
-241.943 120.819
991.341 -886.2
16.81 246.704
413.288 -75.021
571.663 -964.274
-916.006 699.334
179.86 647.984
-801.228 -894.116
384.389 -447.249
993.143 -26.622
-157.43 576.549
-962.337 -696.717
982.952 657.525
988.69 45.174
669.744 -942.803
-138.455 -661.673
-246.049 -175.52
127.84 203.319
-948.304 581.771
140.197 68.562
-709.659 536.874
-981.959 50.209
-411.13 -851.143
368.687 488.764
-915.547 775.657
297.202 -600.16
858.651 -647.879
866.467 201.502
481.226 -521.891
-395.743 -127.287
948.568 -715.468
-960.371 501.015
-899.816 -481.291
-730.416 -302.682
942.899 -668.001
-453.176 -7.886
-83.292 903.382
-120.75 689.981
-594.022 502.335
221.279 862.628
-323.478 -907.429
754.514 -42.951
336.75 582.169
629.811 -689.831
587.506 70.991
-852.587 78.761
-803.649 866.138
-689.612 248.801
614.166 654.221
-654.393 902.209
112.409 454.6
642.135 -725.055
423.397 604.853
-679.487 -991.478
294.016 -60.551
-210.433 0.426
-754.424 -190.942
668.968 -486.287
532.704 -250.475
331.865 27.966
487.99 -441.371
-881.082 245.443
933.76 -84.654
829.623 -486.907
153.343 841.411
127.223 987.705
-784.235 726.088
808.702 79.674
45.338 349.17
-554.108 764.091
-783.879 -970.576
-43.079 -540.647
-920.883 -763.409
-381.166 -237.423
-982.663 -64.095
-590.906 320.523
713.724 -367.665
-353.343 788.685
430.35 1.822
-641.972 -488.013
-786.227 -43.706
203.928 -287.982
620.019 -757.345
69.807 751.279
759.814 -330.527
638.517 873.8
-922.386 435.142
699.77 -463.927
513.115 400.417
-197.019 861.107
860.239 799.827
220.419 300.339
783.107 492.77
-36.906 -972.327
-862.507 -40.685
-53.001 -898.127
-166.984 -27.669
587.377 -803.95
-59.478 -12.265
967.861 -705.361
-291.555 821.063
-822.494 -894.469
140.378 726.728
887.816 -225.348
-112.787 -241.656
-450.39 601.994
535.761 -524.718
-798.527 -268.458
-290.835 -103.311
-134.482 800.036
-687.228 -909.75
-795.006 -143.364
-965.601 949.443
-255.427 918.425
200.135 723.206
728.39 -810.135
-690.664 652.015
0.478 437.93
-475.791 -207.526
-920.603 -472.589
-752.701 631.477
-223.853 210.637
474.899 -409.257
537.304 -830.174
-14.317 -775.363
783.503 -511.261
937.616 -726.934
972.865 -392.027
870.894 -703.077
235.136 488.168
-967.379 496.76
387.884 -296.37
-587.848 668.253
-325.516 300.319
-859.377 481.383
-359.367 -591.395
391.133 -402.464
672.009 305.337
-439.789 361.681
982.798 -730.72
-97.844 -293.66
-932.608 -724.132
153.829 -731.88
950.796 -486.478
-65.686 -981.105
-795.918 -392.606
796.465 526.204
659.791 631.148
583.604 930.775
-951.246 -979.292
189.064 489.848
-320.152 832.687
-479.358 137.529
-86.164 -645.527
568.182 718.354
721.204 535.308
-753.625 713.175
571.167 -357.51
-883.304 470.659
-924.949 679.469
492.451 826.463
-876.007 862.984
259.35 -134.906
-140.789 -953.955
-690.727 -452.698
585.845 721.744
-250.33 17.201
-219.702 -437.903
-968.044 -686.091
575.012 -799.754
464.245 566.363
962.151 370.34
819.916 121.065
533.486 -648.917
-165.815 424.002
-271.554 -690.189
-288.265 592.918
-727.011 -210.147
990.554 443.117
598.444 911.042
-554.725 -394.21
-813.36 -193.118
773.474 853.447
300.854 37.299
164.192 -385.928
-566.207 -276.378
-727.75 -340.046
288.622 334.163
-934.969 994.581
-246.713 -801.324
414.691 604.237
-743.243 560.674
523.73 769.758
-311.851 324.657
672.665 -140.293
-288.046 687.504
-175.197 965.491
17.105 306.874
161.693 -581.488
-721.803 598.064
596.285 925.878
-254.882 967.618
-980.394 -730.451
254.163 -776.515
-213.554 -24.587
-512.626 879.847
-416.914 -223.279
-16.071 834.585
-835.64 902.62
-157.476 907.835
-695.751 -936.288
65.508 -854.144
-828.479 -762.993
-822.346 -766.616
823.822 -450.684
-387.624 727.916
-723.745 52.765
564.419 -760.548
913.531 -920.314
716.306 -503.113
-541.566 191.218
227.28 711.496
-903.268 -659.103
299.145 -41.197
-173.038 -878.518
-578.168 826.672
-509.376 -820.571
-88.824 504.244
-450.526 477.005
-830.982 -543.684
640.337 -244.885
-894.604 890.82
-238.539 -26.902
409.186 -750.514
-861.404 -840.561
798.933 -53.88
-571.304 987.015
-335.204 -138.67
-551.063 -554.955
-95.132 -718.222
497.313 -338.743
814.939 -650.509
312.964 -145.251
-292.408 -987.569
758.95 -833.856
-350.955 -976.777
-937.302 -994.568
491.818 -175.172
-690.997 587.566
-967.051 -71.287
-716.838 -652.898
447.811 -746.202
474.499 997.996
-980.283 237.876
276.167 -733.642
-75.648 -491.744
326.512 -33.13
405.708 -530.164
-251.809 -448.447
693.863 789.836
179.168 647.306
165.492 -498.927
-998.398 122.952
657.886 -65.672
272.202 320.437
-151.533 104.319
972.499 -304.578
862.212 -960.921
758.335 -406.613
-471.97 -918.213
-955.886 -449.158
-666.343 -715.959
-325.019 -256.115
-517.826 -334.778
772.997 -497.628
-336.938 706.215
-679.74 224.102
-248.699 -529.236
-123.262 -161.028
-408.287 -718.888
-556.503 -449.771
343.767 -16.869
523.312 131.439
-764.787 520.655
360.21 -790.325
492.441 -404.548
-592.139 189.426
307.774 644.637
569.938 703.137
-430.271 -572.353
621.955 908.921
-569.284 22.739
-353.459 517.028
-698.181 -617.287
-815.019 -111.977
-67.007 -458.282
998.14 144.657
-977.046 275.06
908.996 960.629
-182.182 -966.179
584.966 286.754
-866.772 465.9
582.59 -57.332
-246.476 -500.831
-388.182 -728.91
-609.507 -781.201
-841.108 636.023
-140.849 294.482
145.449 121.945
750.407 650.604
468.786 673.962
560.668 -810.589
-265.512 -305.042
-730.825 -164.412
199.99 497.034
-56.238 -44.159
508.266 727.316
28.432 -467.624
-699.767 -849.814
-862.708 -87.406
-268.656 358.484
167.543 -558.49
-134.217 -395.857
928.073 -25.687
-231.794 -689.309
767.648 -257.616
-888.119 -881.262
625.805 -777.332
-884.651 -915.968
-975.001 628.459
-658.558 -588.6
-288.86 -801.748
220.585 672.849
856.113 -547.709
-60.925 -14.535
-163.71 -517.113
-882.013 -80.554
769.113 337.213
-210.755 -607.991
7.211 94.432
150.392 -731.394
-282.939 -428.862
538.154 96.671
-899.016 -641.21
626.463 -848.133
-509.096 961.878
455.967 377.24
-531.514 -134.225
-258.317 -43.934
-83.865 -645.66
842.416 717.104
-806.855 -18.653
691.064 822.866
487.108 44.025
407.458 80.217
275.287 811.157
-30.014 995.796
-16.481 154.514
-871.51 948.11
883.612 -631.511
691.591 552.492
332.29 787.218
140.328 959.359
356.636 422.971
627.862 -505.447
662.638 -769.271
625.943 306.223
518.854 -914.877
605.964 -83.129
-469.504 953.586
268.51 992.271
203.528 732.356
251.478 -414.197
-896.284 889.401
278.585 589.35
-847.436 472.062
755.735 532.858
26.806 -19.396
-592.884 299.752
790.067 -264.975
-738.129 -537.944
855.653 -384.399
-271.713 761.959
-431.345 266.018
866.813 834.572
-742.753 -181.996
-897.982 56.183
612.394 986.604
932.665 553.336
417.178 -912.026
246.128 613.577
341.981 -788.884
741.78 841.561
-720.736 -677.357
55.971 -848.071
629.478 647.645
-742.316 32.528
-820.531 66.075
-723.8 236.788
188.031 -52.59
372.418 -92.857
-210.419 139.454
-412.257 759.528
544.294 33.021
68.315 -194.473
-372.06 -556.745
-51.659 -777.036
-446.368 -781.154
376.911 16.712
947.655 125.361
-346.688 -265.73
-519.642 392.135
-260.654 445.457
840.31 939.624
-522.263 -419.916
-483.113 33.945
246.885 336.118
-547.505 -568.339
560.568 68.756
753.789 -463.053
-824.26 -187.63
-18.835 -432.129
893.843 563.967
-121.541 -155.272
-904.119 -89.757
-117.446 -70.567
-459.658 -752.65
469.424 624.208
-655.512 -52.427
-674.343 -482.005
180.466 -843.395
115.856 -240.925
619.237 988.116
8.953 728.998
-504.853 684.327
648.015 -401.173
608.341 -80.192
926.394 -35.271
215.301 349.95
348.092 -429.423
-890.421 134.461
674.018 -730.63
702.112 706.575
542.646 -318.417
-470.297 -802.637
-102.465 756.102
753.146 -144.541
460.733 457.422
543.611 742.605
-725.212 -376.978
722.265 -878.246
196.95 -31.934
-878.028 -956.926
-465.046 -665.06
-452.254 199.711
997.062 165.704
-113.182 105.499
-353.933 423.412
514.402 -788.147
-297.059 -236.093
-738.289 -299.934
-540.39 399.95
-568.228 882.862
-833.031 160.156
-838.162 -420.568
926.663 -468.523
-37.596 636.836
-212.767 28.697
203.5 -716.809
-920.66 -370.312
641.353 284.669
-664.321 817.987
-699.367 -929.305
53.112 -516.665
-565.943 897.865
-601.284 554.932
354.852 -657.738
331.815 452.18
848.813 -315.404
989.322 284.908
-218.592 522.533
159.84 902.295
34.15 -564.548
674.091 -247.827
-184.532 586.041
-682.23 -652.79
-300.332 557.148
445.855 837.652
401.15 -460.344
48.87 479.088
-88.568 581.705
732.257 374.729
268.346 76.058
-412.004 896.286
-766.873 -829.865
-911.893 266.752
861.15 606.252
-344.347 899.129
247.627 -276.021
535.907 464.887
641.867 -689.423
-35.997 -932.327
254.459 476.785
948.595 978.759
731.94 -991.502
-898.697 431.702
846.885 801.632
-269.372 -103.738
473.475 -36.914
132.727 305.464
-773.08 87.588
174.908 -721.151
-684.06 -2.026
-707.906 -720.753
-349.259 -44.403
161.817 -636.371
362.797 626.79
-45.346 262.099
-19.67 -908.14
926.729 -432.403
-917.144 -150.67
56.853 -10.839
-941.399 557.155
-546.098 -348.719
470.654 750.338
786.081 -731.39
921.458 -374.314
-655.939 -392.628
915.542 -800.149
965.959 903.308
-70.395 359.5
344.029 787.956
180.407 434.474
629.464 -162.635
635.993 -351.91
403.257 -642.413
-974.326 71.223
-800.811 -808.649
272.714 -765.974
569.798 552.829
-742.047 -235.185
-725.517 -290.283
236.927 -776.983
-595.157 -895.98
998.386 -705.249
-873.779 -684.299
-606.998 -404.832
-921.007 326.691
-864.161 229.611
-924.267 623.245
374.006 -494.825
42.582 -564.105
-973.858 -366.806
-83.641 748.827
-869.807 -846.57
926.705 -545.742
870.875 -558.48
109.582 -780.43
160.95 824.53
731.502 552.692
73.862 627.334
54.916 -636.039
-965.745 810.333
73.261 984.722
-161.996 551.824
-487.642 -570.587
-379.794 -149.665
303.942 734.336
-9.327 435.133
487.013 838.603
481.694 -384.431
-237.254 779.198
92.673 -691.252
-453.654 -245.254
90.697 -585.749
878.352 626.643
755.39 257.868
820.857 326.866
874.246 145.564
-531.567 -453.512
362.1 561.95
-61.993 961.09
345.925 178.776
-988.034 -319.501
900.914 -506.541
-625.028 -592.483
423.381 900.783
921.03 578.464
-136.903 359.499
176.72 -427.053
666.039 99.377
-439.057 894.641
799.053 220.618
-789.442 -957.945
-634.918 464.898
-543.627 373.734
181.571 -950.443
-316.061 493.973
-756.737 -835.679
-555.17 -639.607
470.973 -628.058
-453.222 195.388
-745.886 903.994
871.046 497.842
-640.814 275.057
-825.502 38.71
837.325 852.168
952.416 -137.648
-505.06 275.189
-178.336 686.28
-186.402 -845.04
-779.293 689.005
708.692 -176.336
-702.777 -869.842
887.551 -16.626
881.844 872.093
-409.654 267.744
-397.248 -61.677
-88.991 898.187
263.555 921.666
423.66 138.721
386.611 -343.92
-706.08 413.813
105.952 -552.29
905.719 -607.595
421.295 -122.89
-731.875 602.948
350.436 852.104
475.582 -563.753
-95.098 91.001
-270.041 879.388
-695.552 697.844
-664.08 -540.932
-718.512 -207.416
-378.96 -407.79
978.605 538.634
290.257 460.199
-845.201 -500.244
-733.121 -502.733
677.244 -959.166
-651.32 -818.484
-305.102 -727.125
52.344 976.912
971.759 745.252
226.035 214.558
-895.706 772.895
607.975 -541.272
-183.729 -164.115
-5.043 -939.993
71.95 -178.325
139.466 310.882
-645.557 -228.129
481.607 -722.663
23.782 33.246
-817.273 -345.542
-989.666 912.488
-816.717 -329.985
-503.65 -613.213
-511.833 514.503
993.796 534.653
-827.838 372.304
-865.706 305.651
679.211 322.191
-284.563 -626.245
-957.489 38.253
-468.702 -270.007
237.099 -428.29
-892.203 -118.396
976.583 -997.581
-232.881 607.362
394.735 -650.439
-560.084 -340.113
369.262 -999.894
474.408 683.594
-898.971 598.909
-845.841 298.894
-249.779 942.743
130.794 857.473
618.484 -339.093
970.214 -883.601
-288.925 -834.732
-466.085 232.974
-76.022 792.251
207.029 315.169
-271.017 993.139
-558.914 17.169
-718.6 978.379
884.197 -423.793
880.186 -618.028
62.006 -644.038
415.833 614.584
661.294 -613.799
811.408 165.761
-358.565 -127.005
779.253 277.703
414.277 -811.926
342.97 595.731
-485.212 111.642
940.909 -908.474
749.428 -916.417
-769.973 685.235
-536.636 129.107
-275.152 -768.947
789.543 248.97
807.272 -826.446
-392.525 -611.169
-663.216 178.048
835.897 -16.426
-620.511 -900.175
-197.839 627.985
944.665 -614.188
-264.409 324.856
-707.27 -417.594
998.063 720.058
244.542 881.758
156.829 902.657
-891.775 140.652
-754.438 488.339
-191.607 235.492
768.414 -306.969
627.02 -975.387
239.268 -197.257
-472.772 -811.996
-94.4 -532.925
916.114 -327.841
-9.436 -234.457
101.775 874.628
-933.799 448.44
-903.188 935.366
-78.674 -286.498
758.958 238.161
-949.981 -393.219
559.706 274.882
-544.903 -232.342
-239.237 690.091
701.783 870.421
-691.351 -318.922
513.108 53.877
-907.73 514.346
963.405 -231.142
-841.346 -6.403
13.896 726.273
141.394 -233.541
-656.263 757.613
-959.026 739.632
946.145 -151.119
576.211 111.915
-728.023 -207.697
-98.434 -354.124
-195.179 143.688
-71.223 980.975
727.182 810.556
-600.818 -121.031
-913.57 -700.336
-764.407 297.035
-622.579 325.261
297.75 -598.162
-61.031 -888.96
-57.369 -359.472
-152.201 -702.779
727.06 -645.475
-48.148 940.222
-657.404 -111.246
-50.054 -110.539
513.845 572.869
50.469 -61.353
-133.359 555.539
206.63 487.737
-535.235 -892.574
619.215 924.577
680.111 454.429
-22.224 404.137
-357.669 -258.357
49.473 -215.0
484.162 -227.696
-772.365 -106.918
-659.55 398.985
-853.44 87.618
-857.225 1.736
894.578 -127.437
-742.745 898.323
937.819 -318.734
425.45 712.706
7.355 32.225
963.482 781.114
492.042 473.395
361.643 604.599
698.085 -282.55
499.607 250.418
-782.888 -655.802
-839.169 728.19
-985.865 -329.762
962.384 914.948
-862.88 644.192
780.01 652.834
455.524 485.53
-256.919 943.721
-368.429 923.585
548.129 565.647
-838.533 -138.349
-348.214 -893.816
-497.655 602.587
-649.646 -720.458
-964.953 -386.909
-76.29 -443.911
315.782 265.272
622.33 768.255
877.542 -207.928
-124.883 934.671
-239.681 -6.833
-118.583 92.768
-484.904 824.618
790.021 -455.986
-583.757 509.58
389.98 -426.074
602.012 -87.31
-724.506 -523.709
-317.458 -487.236
781.566 919.741
504.523 -538.606
168.74 692.306
-734.013 94.889
133.682 -296.221
-171.571 -45.263
879.428 -510.862
799.488 95.165
220.483 -732.668
22.799 602.46
-12.651 -501.205
610.53 -935.096
814.186 610.992
-621.365 223.826
345.259 92.249
312.911 890.074
831.728 -490.976
-35.583 -258.203
-783.004 -475.809
223.184 764.623
-925.106 -681.668
211.971 -709.518
126.196 -516.496
-139.825 816.991
663.255 -413.031
587.067 665.283
-254.666 461.437
-622.01 -549.305
356.115 700.183
321.707 -78.822
-653.765 -235.291
-726.76 717.047
-9.815 -903.483
-399.67 403.673
199.716 210.419
209.711 -751.247
-818.433 354.62
566.326 -287.594
-756.897 -616.986
-522.67 949.794
165.995 -26.605
-547.295 -819.344
-908.6 -553.626
20.633 662.718
942.164 491.027
-712.387 -879.905
-983.929 164.576
471.596 71.701
92.614 -51.705
-309.74 741.72
812.79 -942.093
460.178 -601.568
287.768 894.017
510.103 -79.456
-373.318 -795.598
724.645 804.049
-149.743 317.194
961.971 -61.399
565.304 799.882
92.74 -134.807
-904.034 -120.862
-152.987 -161.445
266.011 -488.734
-81.708 -357.857
861.615 833.955
-494.977 268.768
-953.124 62.777
-673.889 -480.933
-175.798 199.984
-806.601 -312.52
-309.724 -555.113
109.369 867.21
-411.86 -376.561
-776.704 901.254
122.277 458.432
-820.661 300.624
880.533 -467.114
-825.673 115.819
-448.496 354.993
603.447 643.216
-57.949 -515.587
-652.425 56.022
-102.531 -356.976
884.09 -944.273
570.019 -898.227
-116.002 225.362
93.355 955.617
-410.581 -752.066
331.701 250.847
-267.693 -936.488
-114.323 -383.501
-895.842 366.821
-905.16 -157.608
-14.772 362.379
-67.19 -231.003
-274.405 -958.212
972.659 -494.544
-384.08 -483.833
-278.175 -95.061
-819.864 -603.347
-736.676 889.952
667.316 219.416
-839.691 -684.894
75.875 471.881
497.817 704.461
-253.591 265.334
-339.094 -0.755
17.205 -382.896
-82.295 -937.876
895.813 107.354
-817.841 308.495
-53.711 -746.449
-642.495 321.072
280.8 582.215
-823.69 15.103
326.226 298.084
937.433 -629.355
-45.272 -871.912
-43.534 175.106
-271.278 491.903
-796.195 -238.823
-644.583 9.549
323.812 -856.618
636.758 -842.064
-102.968 342.312
553.246 576.383
727.717 -790.224
485.003 -739.857
71.684 367.038
-961.809 -911.836
265.289 -182.121
-409.692 -588.447
-759.211 -134.863
978.737 -302.513
-900.653 742.208
946.679 499.687
-89.641 457.06
-4.12 337.874
641.276 -406.156
747.297 893.546
733.529 -87.294
531.927 -116.616
287.377 807.291
-581.374 331.042
-380.621 309.927
469.461 -697.414
-107.459 820.891
934.678 -477.269
971.894 397.511
529.041 -560.334
802.335 892.561
-541.937 -300.55
708.625 -632.749
-35.191 143.44
847.015 -484.303
854.056 -329.669
-389.132 -136.765
342.741 384.84
-271.519 -139.373
737.997 -583.694
-131.584 -287.375
-689.416 -569.661
-280.994 -650.998
-969.419 248.598
-211.366 -58.025
-523.03 658.651
608.917 -614.498
45.58 575.373
-831.489 -858.693
-259.415 921.601
-812.581 -312.6
-396.959 -471.598
776.807 -88.341
384.776 -516.243
-601.486 -9.308
-613.905 -351.65
-679.909 -354.02
-522.85 109.646
-859.478 -334.117
313.12 -367.364
315.099 109.615
972.684 -640.194
304.269 -614.604
811.673 936.282
-742.928 -898.745
-81.762 -207.95
851.052 -903.578
-889.766 -83.898
-799.876 575.718
-765.583 340.692
864.433 -944.537
218.535 -390.89
-564.108 -975.511
-714.89 938.981
153.198 -682.435
-742.869 282.433
734.215 213.301
481.946 -445.415
-347.827 -262.026
-639.486 -172.453
196.248 -451.509
-95.163 -557.356
-533.723 579.361
104.665 709.68
-719.483 -570.283
975.946 -739.152
-962.507 553.418
17.375 493.773
958.333 -492.189
-820.134 774.142
693.826 -863.775
598.345 419.385
-443.444 -396.113
520.798 -605.756
-772.554 5.924
176.707 110.044
872.809 -1.683
-501.031 -458.014
-645.296 -892.908
119.713 -370.301
733.189 -812.275
467.045 -375.637
-200.93 -13.637
289.162 -591.445
346.955 -802.147
145.43 430.184
375.831 -29.729
983.929 -720.27
248.722 -485.796
-501.95 964.52
-56.079 -80.035
-665.508 198.536
-175.959 651.514
231.744 44.327
-229.789 38.166
-986.613 805.821
765.638 8.656
434.002 -248.274
-116.777 296.16
158.484 -857.903
189.949 780.201
-780.212 420.009
-83.771 -618.165
164.607 -679.694
-488.636 -562.432
978.688 -631.387
302.33 -985.792
-101.259 -120.674
-431.762 432.758
264.168 769.508
235.936 -150.036
-210.726 -617.74
424.386 64.989
-455.663 216.052
248.884 300.008
152.505 -938.571
707.0 -816.356
39.947 543.895
-736.103 -176.23
734.945 -479.155
526.537 -557.646
-536.062 728.304
-370.619 192.6
-646.925 -53.498
511.185 -818.223
180.947 -901.782
653.134 882.138
-626.197 -320.036
293.886 978.132
522.445 -103.636
44.661 210.785
-857.022 739.843
-36.953 715.092
717.221 500.292
-835.388 -977.761
438.585 -207.963
700.396 -158.403
387.107 512.804
979.496 989.857
-762.228 843.772
669.643 -58.203
701.318 196.882
892.777 -693.52
720.405 242.444
606.791 -840.449
-137.118 312.759
-900.468 -76.968
-225.097 77.232
685.244 -320.595
337.66 -375.466
-204.533 -704.059
210.533 815.843
-867.22 -810.719
956.947 97.306
553.544 -646.478
653.259 -713.646
-563.272 824.148
-545.73 178.521
-829.03 181.567
727.601 48.689
341.068 -50.743
-97.101 -353.728
890.447 155.693
304.566 741.9
-544.577 131.945
344.878 966.213
875.979 -551.059
-527.547 811.782
438.66 -621.062
-282.214 -655.034
273.918 -793.35
-877.567 829.792
-836.938 386.679
995.631 -60.897
728.532 339.683
-585.202 -22.118
397.317 430.154
372.471 750.491
471.909 -985.107
38.111 -13.889
683.908 579.409
-874.768 866.911
-6.277 15.817
268.353 386.797
316.005 410.981
175.847 -875.377
741.453 991.613
773.462 922.434
264.892 817.322
-628.004 222.207
-648.415 -745.631
536.17 -782.168
-353.648 -913.54
-854.079 -84.632
-948.062 -184.728
478.163 198.096
-895.208 301.966
-76.923 -792.964
821.635 79.652
80.88 712.416
568.21 815.683
311.455 -848.923
759.908 977.502
453.827 -277.11
-925.236 -374.639
977.404 -350.436
502.399 -819.732
-93.287 -366.578
19.147 -418.735
207.852 523.762
178.935 -101.886
805.016 -560.724
457.322 21.985
-664.648 17.829
665.245 731.574
7.277 -83.259
-235.151 543.099
329.595 -958.211
994.58 -6.271
467.109 135.693
-987.199 -133.173
-31.618 -470.754
577.876 873.542
975.229 664.887
544.263 -172.341
-816.706 -859.521
911.376 537.594
-570.041 222.913
-453.426 -213.881
-250.475 338.556
-285.728 907.199
685.703 891.652
774.11 -45.703
-347.794 349.837
769.026 39.385
-2.378 -33.705
711.688 -621.905
641.615 -473.628
-287.165 -395.299
-16.112 615.78
-522.862 371.853
204.94 957.517
-357.855 337.197
-632.876 -196.502
-298.022 -539.294
-495.185 827.168
-14.746 359.698
877.591 290.222
128.659 524.402
-835.854 631.468
-876.549 -783.449
-582.738 -833.702
214.202 589.765
-951.456 -158.557
-381.64 401.539
787.268 -854.121
-112.479 -874.065
790.004 -740.571
-644.291 -734.314
-30.033 858.569
345.176 158.956
-177.459 -749.916
898.11 -277.565
-539.862 9.517
472.763 -288.957
-912.41 452.975
838.289 -735.862
470.553 -532.312
635.648 973.743
-34.355 -350.561
119.544 -839.213
456.878 546.548
-665.295 678.374
484.749 -523.412
-47.852 459.14
-635.11 -953.87
-910.266 605.631
-845.84 321.397
-148.005 -400.994
462.997 755.686
381.134 -979.919
683.039 359.768
617.661 678.215
382.202 365.357
-678.259 -638.95
-55.682 722.156
-508.76 -776.044
-642.166 -850.349
-811.187 -35.324
409.847 -462.602
64.977 10.529
-478.049 234.43
-338.012 -963.939
22.686 -20.087
-315.775 -446.194
-978.139 -252.511
-492.468 -113.581
-458.883 544.384
-775.931 -86.932
-320.733 -978.633
314.308 619.038
-970.944 668.884
567.478 -240.904
-901.16 -254.611
-117.59 802.58
258.508 -728.708
-884.017 -934.52
-875.751 -232.64
80.277 777.937
-630.79 511.519
279.496 -224.518
-420.234 706.276
674.574 47.19
-150.911 -73.652
-269.023 713.613
-808.064 858.905
275.945 123.426
784.511 43.61
780.976 459.088
-530.446 602.684
-240.007 64.275
725.119 -225.52
-566.348 -761.437
-651.546 -487.292
707.844 981.682
-415.224 -80.64
-677.253 -887.009
-69.234 840.363
456.648 -92.065
-531.286 -426.043
-144.328 433.992
-441.104 41.165
881.911 711.647
726.115 540.064
352.929 132.035
413.901 -442.511
-182.4 101.587
-207.411 866.196
599.718 555.359
-834.057 535.332
956.84 886.955
-481.13 -107.59
345.017 894.778
-306.699 176.121
49.06 968.076
-972.016 -699.11
414.382 -441.251
593.945 861.553
-439.027 -591.885
-24.219 390.982
551.887 -630.651
-122.605 -914.65
240.496 42.589
-598.998 -710.974
-222.864 -462.381
-275.816 472.246
542.89 -608.403
-502.122 -765.574
-717.304 -473.791
878.183 734.081
518.518 501.607
314.48 472.169
-340.058 -144.85
-851.875 -497.056
499.843 -560.078
-60.105 968.771
608.553 -364.056
-666.989 220.999
-193.067 792.503
243.955 -47.398
295.66 382.975
-347.286 924.439
689.208 -72.183
622.716 673.045
-907.084 578.195
-265.1 -859.364
-260.638 191.338
-563.434 520.219
587.275 -743.998
47.81 512.962
834.841 271.603
-340.035 -444.822
775.982 -445.001
-640.217 187.573
-71.452 -125.015
491.896 -40.361
-343.061 -221.871
156.907 423.493
-915.342 843.164
-328.744 590.024
453.28 679.243
-40.89 -35.984
-224.039 -83.754
-10.409 25.264
-85.662 435.167
-678.033 206.994
-882.923 435.85
888.063 601.315
-941.864 769.076
81.713 -245.38
504.637 -18.647
-410.931 606.938
590.311 -502.365
-79.068 -684.455
-22.148 441.147
750.632 -279.617
695.647 -502.322
374.015 815.151
896.709 -663.655
-817.968 150.808
984.914 174.01
782.712 -57.433
103.475 605.67
534.66 -248.208
-504.683 879.688
-88.707 333.995
692.504 -261.75
766.942 607.293
961.239 -732.108
653.554 174.887
-886.732 177.058
-495.986 -695.414
653.613 -73.839
96.596 -834.184
-63.306 592.705
-4.607 402.127
766.432 398.386
-630.845 66.259
-526.818 -793.451
30.465 39.518
-454.712 576.962
242.266 823.585
-903.327 426.571
256.372 946.165
-583.79 777.179
-131.498 -376.379
-114.381 -18.931
635.027 -677.037
784.403 -304.686
-740.842 -694.044
179.438 -92.765
-873.462 -202.863
-842.253 -876.113
-809.83 66.109
863.872 -560.788
-425.259 4.049
-711.71 -581.479
627.886 -180.601
-564.713 906.365
-802.338 146.615
-497.619 684.179
226.994 -561.21
778.659 -389.361
-14.772 618.348
-236.553 405.622
991.448 -416.866
-125.039 -740.343
-163.739 -488.14
-384.842 -174.006
657.694 -841.528
-139.894 -713.567
19.469 -217.016
876.188 61.368
386.669 -505.305
440.466 -458.37
445.554 305.47
-636.888 -7.735
235.076 -800.955
472.51 570.389
-119.04 -960.111
344.117 739.046
298.524 -652.845
513.061 -332.146
-110.199 -50.828
-905.902 -134.88
848.502 63.104
870.638 315.262
644.279 96.926
383.95 367.953
224.502 -819.857
-834.257 414.573
-744.938 -542.946
-855.589 -631.266
365.015 -611.479
944.723 781.842
273.702 -286.417
-484.572 -811.447
-145.198 -475.229
71.108 725.863
-167.793 882.07
-224.13 -558.966
367.857 366.228
-194.872 -84.154
36.096 -704.22
-601.158 -768.899
524.765 -992.808
-816.851 -762.617
-755.626 -434.547
805.327 -40.782
249.05 625.222
362.194 -851.455
201.603 -119.309
-42.382 613.129
9.647 -189.495
-734.61 -515.169
-722.42 226.646
131.768 990.177
585.17 -108.035
-176.093 684.345
205.76 432.255
-598.431 -224.229
-577.695 176.481
-479.142 -772.436
-653.084 589.669
10.456 523.683
-925.173 -382.695
-198.952 303.683
233.429 933.358
-266.664 501.096
-819.147 -573.288
-869.824 -868.088
-731.153 -240.153
-486.21 564.469
641.189 262.689
300.205 593.087
-433.563 255.916
-477.756 516.683
-86.753 803.074
-471.904 -59.395
-545.41 -764.091
-764.265 575.215
-820.065 -656.961
-829.207 292.726
-775.525 -784.608
182.482 19.406
239.383 495.956
906.844 209.956
353.814 183.19
86.716 -729.396
993.405 -530.164
-621.695 297.793
741.404 984.238
567.621 -53.164
-762.452 405.272
396.102 581.308
-688.323 -820.339
-969.791 -853.068
151.353 316.21
-582.841 -437.628
-487.234 807.33
357.105 897.088
748.72 -178.489
506.867 -57.77
639.534 -714.254
819.51 -333.715
819.562 -896.391
872.146 -244.751
-72.57 -881.468
840.0 57.24
76.473 966.589
755.772 -868.344
550.387 -956.089
-517.782 486.303
228.504 -460.552
638.555 -686.258
-338.818 921.091
241.012 379.83
248.309 725.294
-657.686 54.914
-673.187 -77.445
180.776 -205.966
-531.232 956.092
249.777 140.551
-978.732 186.15
57.763 -733.219
321.558 -415.67
649.305 456.241
-635.422 -694.302
438.417 37.184
923.291 622.985
-829.79 127.875
-457.949 -830.97
343.884 920.776
481.519 -75.063
-996.68 -709.862
-434.907 -671.694
-292.299 443.417
-420.994 -462.001
394.603 671.181
-155.158 281.106
734.995 -469.673
-379.116 -684.148
-1.298 627.413
932.242 -307.244
-549.775 642.402
-558.764 -389.965
-674.613 -531.246
-876.527 669.031
-465.959 -26.112
15.715 966.13
-977.407 451.748
-397.82 -994.86
-576.653 829.129
158.329 -421.244
199.756 879.216
75.003 878.925
116.496 883.54
982.672 589.814
-297.443 0.086
-58.865 -465.296
532.299 685.137
505.848 462.433
-954.513 371.105
727.054 95.627
-805.533 -49.558
237.686 388.287
131.779 -921.272
297.007 -719.208
-590.972 15.958
538.195 -937.179
662.883 -757.164
216.759 316.889
569.921 -201.008
-3.692 794.112
-509.805 531.161
409.641 551.78
616.342 113.329
-909.691 797.355
532.334 406.209
34.087 668.74
-752.098 50.915
954.459 359.841
697.043 -931.708
335.654 -325.245
489.215 325.622
718.53 -738.123
-205.992 349.857
33.348 39.825
998.141 820.953
76.571 -997.857
-321.327 -241.299
-208.971 -230.017
548.887 -535.149
262.828 442.245
355.626 451.885
554.357 -609.141
494.445 -367.409
750.989 -211.46
323.373 -427.152
-605.634 -432.315
951.909 -811.241
-350.981 972.117
463.936 200.484
-225.384 -23.029
-195.895 -161.792
-770.943 -180.418
-20.377 -720.825
400.866 893.936
895.328 137.97
281.331 -547.493
569.817 -739.147
523.388 -456.552
296.151 654.205
984.74 920.313
-343.815 377.679
774.85 229.501
617.931 -17.35
-105.198 816.443
-828.205 -647.764
661.999 182.088
-286.149 -645.955
735.562 186.354
20.494 881.14
-531.196 184.394
41.469 -322.386
-309.343 -268.473
204.182 -673.492
-598.838 624.13
-243.351 -161.04
-931.755 -801.447
542.167 -418.904
649.17 -393.129
981.704 269.897
-667.279 565.972
-914.023 588.355
-397.148 480.287
-36.898 130.595
279.961 -553.217
-142.669 293.376
180.397 -656.015
33.659 -628.698
79.73 69.483
-554.332 207.721
-402.564 23.182
-445.578 779.056
-368.817 173.036
-161.436 299.078
-433.462 -72.863
987.561 -784.444
87.597 533.28
669.969 -227.417
107.611 672.565
-345.579 -588.682
992.787 -497.527
387.399 460.196
807.221 -518.319
227.569 -112.235
-746.494 786.789
-569.895 -363.529
-117.682 85.372
-452.929 -593.055
338.113 658.84
-838.379 -834.741
416.618 946.112
463.183 130.853
-958.394 -622.645
758.006 8.375
-712.684 -604.206
91.219 68.812
479.563 -14.87
-913.536 -403.085
-138.853 -968.268
-683.705 207.135
818.895 92.609
694.427 -17.289
-34.838 359.337
220.249 978.6
826.35 465.99
-494.523 -32.338
212.25 650.782
-109.42 508.801
-533.962 -230.782
461.656 -907.553
301.987 906.895
983.866 -780.633
-300.362 -144.222
851.259 952.099
-949.572 235.569
-953.782 237.473
-784.497 -390.748
-347.048 831.306
596.285 498.042
199.352 -772.304
-417.054 -115.796
387.343 -39.162
984.152 185.149
-238.755 -521.383
-821.426 -6.748
-896.968 135.925
-761.502 -882.542
-52.723 -245.521
270.637 -465.94
-65.727 -927.402
-417.601 187.057
827.621 74.098
-932.884 -994.337
-369.849 250.298
673.113 -737.879
201.297 -465.114
-371.148 670.966
-128.124 -836.863
847.644 -819.597
-297.36 -532.76
-596.231 245.457
-16.234 -340.775
550.616 -796.245
38.212 -58.144
-581.523 641.142
369.904 986.401
948.268 985.702
115.856 942.347
422.298 -750.134
-749.431 943.33
-814.957 688.33
-414.419 -379.263
-530.838 -746.164
612.319 90.441
581.28 349.424
-893.667 -206.038
-625.545 -307.345
-187.11 -687.089
966.902 -60.99
619.878 -650.818
384.647 604.069
939.39 -943.925
828.87 626.521
-313.613 778.45
-164.673 944.337
836.862 950.658
808.2 -727.124
846.508 746.297
797.578 392.447
-349.565 -379.596
-384.267 914.543
789.08 386.954
-976.497 637.139
-509.442 212.977
564.115 319.802
-694.474 -3.148
365.798 412.956
241.451 -752.417
-373.381 926.586
-703.259 -309.026
693.96 752.913
974.468 738.097
-20.64 -276.513
-115.944 -347.406
-106.704 -301.703
-653.302 -727.099
-61.034 484.432
734.468 -937.854
222.299 -349.364
-925.228 847.604
485.782 -425.4
-955.905 -683.514
-996.931 212.989
-175.578 750.565
-596.756 -692.603
-140.83 -43.889
279.723 -616.173
408.379 748.144
890.025 -154.257
-213.777 -956.258
-488.55 353.504
763.3 -587.551
950.644 238.095
356.226 -634.554
-29.345 -429.709
-288.522 -845.067
697.665 -533.255
312.776 803.915
-951.6 -148.983
-450.677 -999.821
765.182 -526.754
-89.245 78.086
-12.545 27.219
-69.815 848.382
262.509 -428.567
-12.283 884.958
924.624 -944.865
-840.507 -459.631
-584.306 -974.873
111.009 982.842
-965.23 383.64
-232.895 -175.51
839.904 637.799
678.119 364.877
50.973 607.188
-781.643 -613.974
624.243 -803.856
-288.838 776.434
569.265 754.442
-713.457 -954.917
934.399 -921.561
165.187 -755.901
29.79 -764.878
-443.652 -173.58
141.869 584.298
-876.233 -582.92
476.435 180.132
615.71 443.571
-331.775 543.935
-224.961 760.334
-685.658 -843.822
-961.7 319.923
-250.233 -533.234
-651.86 524.892
-53.433 -450.691
-333.118 -475.973
-760.366 -881.56
-646.589 978.133
-470.196 -722.606
425.698 994.302
-570.055 -276.342
347.874 130.209
-138.356 -36.565
782.234 971.524
381.08 -912.871
-370.385 21.286
-835.597 -280.908
838.082 -334.795
299.276 779.326
-109.124 -835.669
-885.992 -411.356
632.306 -93.458
73.894 -330.227
129.837 -723.668
-299.291 367.078
936.157 -276.62
-608.017 127.004
87.457 140.066
580.697 302.969
-238.034 204.268
645.072 542.256
-752.23 -342.404
-857.578 -126.246
-349.887 -284.766
657.817 -465.595
-72.401 -203.844
730.866 704.807
836.513 74.927
-231.202 726.473
-72.558 -71.541
686.075 -285.884
760.284 -463.6
709.379 -644.346
228.799 650.022
-714.702 246.499
-884.329 390.759
-423.255 -584.408
544.344 -654.359
810.785 -976.593
-147.073 -814.062
-162.639 -528.393
-99.665 -592.803
933.187 -119.477
-602.017 596.438
88.708 -502.034
-22.103 837.298
691.11 651.541
-998.542 868.809
-392.416 -767.278
-467.465 -691.212
47.928 -458.274
116.739 481.945
-341.441 -63.205
554.614 -754.718
183.704 145.74
599.107 -728.856
-506.198 539.309
-324.652 591.284
-318.638 14.067
456.129 310.946
-910.658 412.468
744.633 -679.232
-378.372 -616.49
991.619 -131.892
-698.966 -795.717
219.675 872.135
494.615 -925.092
182.12 650.534
31.516 -550.202
-749.31 -952.039
758.369 90.888
-240.946 -34.611
521.147 712.674
-927.662 -664.994
645.398 -439.236
-500.716 -279.051
-332.113 -313.148
226.729 -728.819
-874.094 262.513
783.098 -0.437
-643.463 781.725
897.451 -698.848
-358.12 868.523
-658.25 -949.392
-641.974 825.961
-851.949 -931.068
178.264 -487.679
727.397 299.599
198.033 812.613
431.739 -17.217
196.702 232.231
531.622 666.758
429.07 588.146
-666.958 -171.732
679.838 -746.418
437.385 -113.816
963.886 893.769
350.765 665.897
617.942 48.264
878.76 -422.197
666.478 675.21
861.575 920.842
-479.046 -195.599
960.468 -234.587
466.198 -455.717
441.892 476.724
-504.434 -190.733
-659.903 206.173
-873.024 930.233
-615.804 -845.805
637.662 109.34
696.478 -555.799
535.251 657.01
-81.513 -383.907
-519.472 149.214
-338.29 -375.151
253.28 -309.56
676.358 441.39
-617.36 -571.423
-128.738 -496.684
307.502 -836.61
-924.407 -583.37
-992.851 -990.816
901.449 -833.538
-919.732 -214.924
-855.177 -647.079
796.063 987.975
-332.801 -810.553
143.174 -82.088
444.533 -134.159
-171.898 -66.856
-907.587 90.597
-82.95 -746.733
498.68 907.023
-815.077 494.248
35.057 -55.315
-747.286 565.072
-722.905 -771.29
46.149 579.195
639.324 -472.146
-370.013 -238.1
821.479 970.13
920.946 -436.562
559.844 560.587
953.917 -749.041
-242.66 215.602
710.842 367.919
-850.924 893.216
344.735 579.556
832.147 -836.102
-645.287 -64.948
-762.934 26.333
-790.432 -274.74
-876.084 532.784
-435.334 623.94
108.512 26.635
-89.488 -149.147
-784.405 822.48
-584.23 926.655
-899.403 87.076
-263.813 -318.692
-548.229 940.981
-314.654 92.301
643.145 316.885
-241.909 -174.096
392.475 -776.975
-938.635 843.171
-751.008 -678.066
-413.442 868.049
226.982 -125.565
-536.046 -25.501
428.235 315.116
-645.346 138.096
383.271 572.602
-736.687 -704.327
38.569 243.149
734.496 -320.348
852.209 -442.217
-933.331 148.642
-280.446 464.222
574.505 25.756
-646.801 -29.551
-281.89 959.744
-472.078 587.685
-833.084 -918.612
-465.275 761.539
-652.209 957.504
833.175 -708.044
889.031 -409.33
-763.742 -665.329
489.858 302.054
654.933 -435.335
-331.287 407.528
766.872 381.613
148.711 -644.265
126.67 -34.595
911.462 220.444
-278.036 -422.995
-929.887 -263.809
139.147 223.515
-286.96 509.829
-504.076 797.389
-284.932 -999.136
155.828 -67.863
-585.542 -389.663
958.585 -409.881
616.379 251.111
133.136 -412.693
959.565 529.921
273.933 465.436
-674.049 -67.017
779.399 998.616
479.295 -333.989
726.242 -494.353
-839.925 310.337
524.104 467.545
-266.046 697.031
611.826 -247.738
-121.911 -128.274
-865.732 506.198
-160.59 -204.207
318.2 652.202
-551.593 22.037
8.408 -204.984
-293.195 -388.507
322.553 566.496
-621.024 -744.929
-380.854 -379.245
-677.949 155.658
205.79 837.927
-87.771 -421.501
-424.262 -863.401
-464.412 450.945
-699.566 -715.056
-727.149 -646.86
-403.96 150.692
260.333 -377.5
-359.432 422.32
519.59 72.007
-810.528 -879.201
484.648 312.349
184.885 312.65
-809.662 -464.421
872.56 -856.931
-328.2 916.692
734.166 45.476
-124.978 -561.303
117.722 -77.306
340.383 -439.545
589.252 763.314
843.416 -944.717
-185.677 -766.219
172.701 532.077
415.466 -922.866
-927.181 -284.28
367.739 75.295
-209.06 323.371
-260.458 -679.477
971.598 984.911
-43.146 22.035
378.668 -291.355
-968.824 -86.123
688.103 854.368
-804.855 544.393
-115.808 296.797
-617.021 626.687
-428.99 434.979
-84.317 147.013
128.732 382.179
-565.52 209.692
-287.291 -170.163
153.213 -47.908
-23.532 715.357
223.035 -496.101
-337.091 -592.824
377.822 -963.544
637.931 -465.529
-535.492 64.607
-70.965 -598.754
-55.415 -669.317
-178.553 6.146
858.429 -436.574
-479.574 -399.567
-968.597 925.914
-121.973 664.859
845.098 824.363
221.236 968.409
-135.783 298.58
603.895 -161.365
-808.471 -77.402
-314.974 880.812
-26.591 -6.011
-742.101 -752.0
791.778 -135.661
-511.007 238.875
-257.563 512.37
942.969 923.622
74.627 -591.613
380.497 -59.259
455.792 490.627
208.128 -241.131
-982.262 -206.103
-390.001 965.746
695.426 -702.015
503.426 -190.313
-295.867 -802.814
92.612 872.82
97.16 -709.761
-721.859 -664.444
-652.147 -859.122
281.081 -90.497
176.346 -946.488
426.78 519.098
897.776 -286.22
886.504 -312.738
-789.396 257.932
909.85 557.281
339.202 547.931
119.681 -601.95
-711.218 401.756
920.876 -626.619
712.134 251.318
901.293 755.635
-856.659 -318.984
979.249 866.992
-789.026 826.858
-648.741 -798.559
-923.433 123.808
-626.876 364.598
-322.201 -850.146
724.76 -763.47
285.441 -41.083
199.2 -915.12
397.539 -909.427
846.409 -536.442
-950.674 -947.733
-792.855 -786.437
269.24 -126.08
-319.59 54.827
-201.46 -702.393
-102.466 987.025
-16.365 -237.1
-586.573 324.294
959.239 -761.791
443.351 -246.612
411.004 -739.456
-930.963 -56.187
-956.855 710.88
563.653 389.24
409.129 567.35
-115.719 -445.12
-831.677 754.396
661.033 19.822
-174.695 -904.374
-798.866 -485.721
77.428 604.475
39.024 -885.55
-767.687 276.86
-379.441 804.071
401.798 333.591
-226.768 -37.395
955.983 595.595
949.394 -915.628
258.166 181.988
724.175 -951.11
-935.347 -227.043
-372.175 764.117
-249.085 -799.431
737.176 -48.041
-241.572 -487.651
-583.078 -973.256
-404.749 871.587
284.146 116.114
-446.005 789.712
-952.151 -788.52
500.3 385.317
-313.271 40.104
-955.306 254.529
513.375 274.459
908.789 -797.326
-334.253 -103.151
-882.765 -879.183
-611.974 -701.725
-940.781 954.852
777.613 -400.983
-255.786 111.834
-235.927 -466.614
431.465 899.966
-482.567 -370.216
-627.789 693.271
372.314 -414.737
409.263 66.825
986.17 427.083
-343.765 -206.293
917.727 -588.728
818.198 -378.182
513.3 314.169
233.167 665.14
438.695 3.553
501.35 -933.094
-500.936 -25.888
891.043 969.193
123.688 -896.01
990.608 53.234
158.956 669.709
-782.984 -946.857
-808.52 -128.967
368.104 886.454
-907.017 -477.498
727.968 -504.367
-420.795 -321.24
-980.33 421.43
478.829 240.5
354.076 774.002
-753.734 -103.583
-409.343 -842.011
-571.961 -741.197
-406.017 146.931
612.616 735.915
13.71 612.018
-915.73 443.081
461.467 -875.891
-934.684 -42.552
-805.291 -865.348
-811.96 101.135
-375.759 -670.808
-223.115 540.496
-906.595 -600.173
-585.987 -623.598
811.187 486.966
-604.159 -821.94
-906.394 924.713
427.423 -494.198
597.768 -611.79
871.54 766.808
922.953 40.935
-467.367 -678.357
434.536 354.699
-165.939 -732.863
675.035 171.253
-285.482 249.528
208.046 -730.116
979.26 160.368
637.8 734.905
-59.802 -522.254
110.817 -581.903
-398.372 -977.529
21.128 -345.171
589.65 473.551
-301.422 447.36
347.424 -259.328
489.999 -862.322
468.862 468.671
494.981 -810.33
944.25 -246.447
-867.831 -416.778
-249.862 173.856
172.295 -869.975
-328.411 258.605
479.043 -427.339
-995.342 183.442
481.137 887.141
122.56 279.269
366.906 -328.347
-919.326 -240.933
-290.924 -312.496
-294.289 -538.813
-661.17 83.13
514.714 158.028
840.285 -211.649
-602.41 -60.824
97.937 480.907
659.579 -830.517
4.534 -245.384
482.259 702.012
981.584 -386.93
-408.395 -250.883
214.445 -661.321
-974.859 20.272
105.206 -461.326
385.651 -108.672
-406.362 131.568
115.269 594.631
-369.941 65.944
-752.438 -42.873
771.787 -184.643
-907.752 200.93
760.263 61.43
636.743 -227.869
-248.317 -125.203
305.789 772.055
-918.015 -224.762
181.149 981.234
-195.357 531.046
-977.002 -267.281
-678.002 674.924
-550.216 -568.708
546.444 -368.432
152.514 980.355
92.832 -232.8
-220.643 415.912
256.232 643.887
972.636 200.655
-247.65 -817.623
764.142 -951.355
-815.005 -862.281
-329.384 -244.166
421.977 -989.896
-739.182 594.581
-332.538 547.489
-297.018 -425.257
102.418 364.64
562.872 -378.843
812.518 188.696
918.528 -436.734
417.237 339.235
914.835 491.071
-461.248 -341.174
-218.613 -733.671
177.778 910.472
-509.122 -390.527
548.241 -223.375
-835.024 502.261
346.739 727.185
-480.432 119.762
-654.12 -187.577
310.791 915.09
-828.888 -92.194
-323.483 273.456
367.151 843.254
856.466 840.144
71.067 634.798
-973.88 -202.601
-972.376 -928.153
252.011 390.785
235.006 -590.594
-821.566 -629.337
669.908 -321.506
-324.259 -963.031
458.235 676.108
648.453 787.174
755.62 -411.199
337.696 241.639
-385.863 55.17
-317.687 -17.23
-654.599 807.988
-207.818 -431.442
33.844 -546.174
789.185 -544.17
-611.274 -218.287
780.824 426.342
198.457 -299.973
885.954 -803.735
-360.441 -201.733
354.467 919.014
-794.05 -186.625
223.752 774.726
-646.793 805.487
323.058 -437.486
781.857 -944.973
952.055 935.095
-553.216 540.016
728.065 227.185
-432.203 743.101
142.227 497.368
-511.342 226.972
-561.868 199.38
938.963 624.291
608.225 74.908
-82.871 367.201
354.808 -765.451
-996.835 -73.115
118.472 -97.654
24.612 997.504
-993.704 893.764
713.698 568.68
-518.708 625.644
-760.705 643.778
-29.226 130.084
-383.518 -223.476
219.569 -931.417
-50.67 171.164
-395.945 -802.543
556.252 -689.801
638.874 237.477
105.955 164.095
852.204 788.507
-175.37 327.654
375.219 -482.408
-774.869 685.202
-655.333 260.61
331.538 -493.117
948.337 289.728
-159.018 770.442
-469.851 820.005
-967.411 574.209
30.411 -75.652
-289.853 299.278
747.647 -898.256
-465.969 930.608
304.399 892.481
-670.967 -649.847
69.95 154.769
-66.597 -230.56
-967.007 38.694
-401.718 46.738
545.129 240.377
-290.764 517.722
-400.674 862.071
947.516 216.986
-532.323 -306.123
-219.564 -685.018
-318.457 -950.569
-56.671 866.753
656.568 285.24
-574.446 498.843
-108.976 -593.383
736.448 -359.203
571.097 -115.826
264.454 -598.405
793.093 -30.9
416.357 -260.584
-214.937 269.86
524.371 464.097
552.199 -746.247
62.793 -304.094
51.498 901.142
50.967 -589.37
-18.694 -780.006
-467.039 -412.77
217.215 749.009
894.653 368.364
8.102 -936.643
581.276 733.574
-177.067 -821.243
60.79 -434.976
-757.385 273.358
710.973 -752.926
-230.984 -550.377
277.87 -482.905
-692.595 -362.258
-454.264 534.868
676.987 -901.01
-521.712 535.804
68.384 400.156
-681.691 876.452
-787.491 617.969
629.205 -822.803
479.3 832.411
184.408 -898.201
-279.752 781.538
-190.159 -112.063
931.745 137.926
271.126 -717.95
278.11 751.179
616.937 803.45
-121.949 -587.106
719.009 391.166
203.97 514.13
-901.486 -962.438
514.696 -10.189
-419.433 770.037
-874.774 326.969
184.093 -232.788
746.531 -36.198
-92.73 -759.134
-51.826 -87.241
214.434 340.784
654.526 838.567
536.677 904.09
350.893 -53.34
575.958 -790.868
-385.009 -618.091
898.878 -95.056
913.071 -509.314
-542.927 853.304
-845.671 80.505
-630.507 214.06
-409.381 -411.492
91.961 205.053
-253.141 51.124
-29.259 -812.658
524.621 -891.016
-954.686 -114.814
-368.392 -801.769
518.481 757.774
983.24 -565.211
68.974 -260.071
263.725 -487.231
661.586 368.082
964.44 900.798
976.505 34.704
-276.039 -342.971
-426.815 -757.635
697.785 -374.33
-869.286 784.164
301.478 418.544
-72.33 -733.764
-839.327 -595.501
851.718 -904.484
-879.341 -106.316
-809.756 -794.633
-978.072 139.566
-147.347 -668.88
970.406 305.525
839.217 -959.628
598.379 -735.155
-727.826 631.781
-285.944 -772.826
360.091 -995.411
-324.66 229.788
461.592 166.738
987.164 691.207
555.864 505.538
-990.409 -92.257
518.058 546.957
-833.661 350.071
-83.449 393.148
-646.549 -168.699
-354.074 -169.31
-779.295 538.958
389.216 -288.302
-179.906 -426.418
426.872 809.362
131.933 815.442
35.907 666.958
770.524 754.106
-300.162 -261.506
-503.603 -253.724
-602.231 -193.288
710.858 801.442
-92.313 -677.016
-501.596 585.65
-223.416 -837.779
341.468 24.84
-623.119 858.845
677.804 -123.216
376.202 893.449
-946.728 977.768
-609.823 -491.019
295.967 108.536
453.164 864.707
590.31 306.554
558.649 700.84
-901.819 444.886
820.038 77.307
238.734 906.711
817.485 64.275
566.645 -661.112
-377.516 958.909
43.231 493.166
392.178 -942.335
-877.928 5.62
-947.988 -243.916
27.568 -42.506
-225.015 -305.57
-911.446 -694.159
7.178 224.07
589.1 -42.142
535.569 309.732
-994.187 420.056
178.429 -155.149
120.215 301.025
-76.474 -565.537
-821.577 -797.448
939.964 228.759
770.105 101.048
946.465 480.452
-859.36 364.843
-573.374 327.819
169.136 -864.217
369.448 59.573
-196.846 -669.811
32.038 642.961
713.004 322.741
893.079 -490.127
-542.574 202.598
891.38 718.779
285.827 -329.557
946.137 -890.104
-706.388 757.388
686.264 -839.9
963.175 366.366
-678.838 321.58
221.892 -923.974
-222.327 654.91
-209.646 -147.103
461.411 -74.6
690.435 944.789
-42.532 -84.892
951.183 -450.498
347.894 -616.425
-58.321 -206.249
-970.456 -773.536
-272.677 432.551
528.962 862.269
-667.482 445.375
-608.805 -174.801
-331.757 513.804
51.5 295.265
-280.78 -865.378
-316.416 309.304
-183.302 -910.319
169.852 -124.96
105.884 -868.573
-575.513 404.201
330.164 886.678
-341.935 681.6
-969.678 -936.43
876.929 -954.221
911.479 625.92
-300.853 824.935
551.727 398.615
442.982 564.735
-896.81 381.669
-336.029 303.412
-687.825 -597.861
-203.611 652.763
735.007 978.375
-616.015 -194.501
-776.429 753.506
209.204 843.807
371.658 -408.46
92.406 591.053
44.654 -819.428
-689.816 -528.913
517.66 -735.43
-347.6 -269.727
-90.503 -201.968
-121.612 410.721
166.165 685.081
832.562 379.75
821.525 661.534
726.622 314.517
-139.291 -654.365
99.208 -112.265
324.436 -123.238
445.884 196.361
-607.972 76.218
-487.128 -285.404
386.617 668.916
362.067 225.155
-349.18 432.763
192.016 -316.286
663.518 -859.19
129.301 408.422
431.376 882.997
518.403 -924.12
-821.749 -472.098
740.588 -388.165
-64.836 -845.036
562.918 301.41
-558.972 2.096
914.324 332.2
-525.274 660.691
63.593 849.987
960.807 -223.079
962.909 276.966
389.091 555.942
47.954 998.622
38.053 -361.851
-591.947 527.405
-335.872 557.416
-357.003 -531.913
58.207 636.719
891.368 -414.146
-798.178 -271.61
-153.101 -125.388
-681.781 950.185
-706.001 922.633
-470.443 670.861
-22.096 380.101
-944.486 85.144
126.3 413.736
-674.161 -954.3
-364.641 22.025
-275.177 -714.475
970.734 -426.174
-649.097 -956.306
609.46 987.352
-390.268 68.337
-186.194 985.483
397.624 -683.286
84.152 561.66
-747.146 603.914
787.698 -514.759
519.84 286.661
80.883 791.04
-112.557 565.893
-899.672 297.061
770.442 730.676
299.178 -765.193
876.568 -363.654
180.718 586.398
129.504 -120.231
711.739 -394.476
-890.319 444.826
812.809 178.885
219.831 932.201
234.074 35.711
933.496 611.728
-510.391 -925.152
902.608 918.153
929.808 217.676
-956.781 565.377
987.188 77.522
354.103 -34.495
-746.783 -382.117
-581.841 718.111
892.156 225.875
-131.728 65.676
754.977 -948.28
187.719 5.285
-537.685 -511.696
-946.723 169.34
47.908 -115.264
920.377 -170.556
-728.442 -107.709
376.612 -740.439
839.331 606.65
-618.902 776.805
605.596 920.678
-645.081 -56.059
-528.442 222.403
-543.466 -420.777
-666.635 459.436
-877.873 795.426
-684.668 279.288
701.74 -297.779
12.276 -959.08
560.664 98.231
-745.161 -837.369
-876.502 972.797
-953.481 -367.294
-324.792 -466.096
334.713 177.131
-467.783 -624.629
-51.513 35.976
-84.623 -732.747
246.943 -781.035
-557.455 -558.716
-361.098 866.904
-878.292 -568.842
219.697 -150.522
-128.858 -966.408
991.479 -25.538
-200.157 363.725
-331.486 -297.526
870.246 29.412
-729.232 -353.349
592.575 686.493
921.428 -877.633
846.97 761.738
191.1 208.091
460.14 8.683
-504.224 352.465
745.164 336.127
-590.132 515.894
691.058 -658.465
310.566 -425.008
840.821 676.45
478.095 59.245
-450.688 635.007
-870.285 417.11
171.715 609.883
-290.131 488.463
920.641 -595.373
-630.197 -356.125
-467.307 476.871
-578.804 899.424
-165.742 -386.469
720.707 -573.909
-655.252 590.608
706.402 976.842
-643.118 -629.415
-658.106 -868.966
-735.285 12.475
351.84 889.051
836.438 225.788
374.286 -943.224
-556.428 -27.038
-100.042 -506.761
-470.13 690.179
-652.166 383.109
-539.415 -448.914
920.5 -203.77
882.269 230.652
488.161 -25.703
-617.522 444.126
-101.872 -416.552
501.363 38.821
-273.463 -168.939
-142.547 644.96
612.732 743.505
119.896 644.206
-338.866 -571.876
-705.455 -285.981
563.686 370.965
-26.788 804.652
921.155 -981.738
937.976 135.034
869.218 780.439
549.24 930.349
987.826 -603.963
626.751 -394.798
-668.798 -807.538
-554.355 18.938
621.042 -844.291
159.653 -693.614
53.718 -940.746
382.719 2.274
586.681 461.312
-279.386 -920.344
749.145 -35.025
403.224 279.713
-240.383 -420.852
-890.506 -491.483
-918.112 -503.27
-92.217 -409.754
-297.371 56.092
232.415 -656.068
-944.119 -774.649
584.202 653.654
-256.831 -555.831
-411.988 -97.28
-588.2 -831.083
-348.911 12.443
-266.278 -151.27
-150.372 595.999
695.102 907.738
452.713 -706.716
434.01 -120.386
64.609 -8.968
-935.07 537.769
701.96 -90.679
-883.807 -17.213
-541.661 488.91
-535.243 -142.742
-142.598 490.711
-87.234 786.327
-10.688 41.737
583.814 -413.27
960.55 290.384
743.763 -953.51
447.134 689.062
548.776 110.038
-830.198 607.004
52.148 -581.865
142.627 -118.247
48.508 -650.242
-932.549 -879.347
255.752 -535.964
704.206 762.256
-23.731 453.542
841.909 -939.119
-966.565 -217.536
-550.958 269.111
-986.194 346.782
-828.291 -35.241
120.09 -18.559
568.038 264.413
37.435 148.119
830.158 849.733
509.025 824.822
-772.39 -697.588
734.086 704.182
-814.585 -555.269
-902.074 134.715
774.741 -766.958
623.568 -474.974
239.875 452.378
-760.697 -274.744
254.496 274.462
715.004 -748.263
617.691 -496.459
906.389 443.332
689.008 439.406
-478.323 -739.075
28.579 -449.475
-636.2 -103.77
978.705 -900.159
-374.059 346.662
247.171 -846.684
-445.91 -720.495
-548.08 830.209
-793.43 804.527
725.021 -149.498
567.523 -350.419
-257.698 -157.637
445.829 151.861
-634.379 -799.256
-363.953 572.34
699.912 -920.893
933.626 287.165
-79.01 -407.481
741.172 -835.139
-879.337 -410.601
456.909 -983.445
-407.806 28.682
336.097 -849.363
183.845 -474.871
-727.569 786.306
-461.532 -717.615
779.326 937.05
21.514 387.851
201.618 -783.946
494.405 -843.977
161.547 168.561
48.091 5.603
-452.626 681.57
572.376 -184.369
-203.593 -146.526
767.437 -236.283
578.73 95.595
-530.645 269.193
-914.756 -697.846
106.776 746.29
-518.923 -150.849
861.383 -981.71
-741.312 -108.502
-8.11 263.261
695.09 -670.818
-109.757 -302.889
-583.667 -803.296
-286.93 -633.71
464.861 -822.784
74.352 77.318
-412.329 879.09
-585.249 -894.995
903.17 868.649
228.415 4.75
-645.456 -958.287
-927.13 -685.301
-812.711 603.0
-607.558 896.822
898.904 -107.708
-880.113 360.902
-206.521 794.545
151.272 600.03
165.002 149.82
455.834 576.865
-208.971 542.855
995.4 307.4
-595.64 -500.752
-887.99 88.381
-80.607 819.206
524.404 -847.112
306.099 16.344
-62.574 656.24
890.224 547.228
841.572 882.148
600.305 -505.396
-901.988 -698.798
696.884 -64.48
-141.747 -825.839
-433.989 -487.962
-377.139 260.12
591.689 394.095
-279.828 372.393
-200.05 -757.532
-54.096 -273.642
613.232 251.94
462.016 715.988
954.624 653.587
-194.109 7.091
-670.259 416.035
949.66 -933.097
663.373 754.321
-160.836 386.439
-607.654 -271.192
-893.384 673.076
-970.7 441.73
-132.109 932.275
-98.599 359.358
25.301 -414.086
-718.416 -662.621
587.385 -299.46
-555.803 18.393
-155.149 454.357
274.847 101.215
824.913 -788.369
-32.423 -890.674
-768.749 -201.605
-81.922 594.382
312.89 -291.859
784.838 -610.918
-479.103 568.588
-347.738 -574.927
781.67 911.868
-597.5 -566.626
931.741 -819.964
231.874 -768.756
192.626 778.161
198.985 256.049
577.766 81.333
-728.476 932.019
-261.58 610.813
612.577 349.227
-918.063 545.119
-177.996 -43.221
-104.049 -529.911
826.396 -207.54
3.03 -778.006
-333.059 -174.089
739.143 342.622
-995.368 -897.935
239.038 642.643
-772.575 -714.558
-883.73 781.897
-3.675 377.335
815.904 51.87
429.446 -892.778
796.334 141.691
159.557 410.992
-545.197 512.08
-391.086 -46.356
-957.592 -904.976
-913.797 69.456
-124.313 -85.835
-593.999 -340.804
420.782 -700.211
-335.149 -679.647
318.741 -853.192
506.359 -192.629
-711.193 -478.412
592.789 -432.334
257.909 -231.221
-802.464 282.047
-500.271 867.973
-925.673 -288.155
-945.274 -493.214
-408.658 -936.689
-96.587 549.395
238.077 562.477
721.255 113.309
-369.376 -511.985
362.95 -814.466
-854.226 326.479
514.742 -47.012
490.688 -918.679
173.633 -496.062
478.102 169.709
-255.304 -614.849
-153.126 212.535
-524.637 310.502
-100.785 -558.814
-504.472 75.938
92.136 405.168
-958.2 -340.266
505.608 -771.389
-532.886 529.044
-801.427 -624.664
38.437 -391.433
-630.386 -190.347
-893.307 -443.088
-721.251 -634.094
-218.207 -478.84
-667.31 -856.659
847.831 550.878
913.235 -674.13
894.335 157.043
174.661 -834.123
279.055 942.088
835.698 408.012
403.277 -637.847
567.465 -113.838
-609.926 -593.821
530.74 -563.42
-594.951 -361.499
432.724 892.956
803.605 203.486
830.214 242.004
972.707 -907.806
-598.878 -801.184
-479.319 205.868
418.28 488.537
253.664 -457.821
-427.599 -519.423
285.954 333.29
-445.222 131.553
-535.979 -605.616
-301.728 319.969
-516.26 344.059
662.498 450.694
945.094 -339.431
263.141 -362.593
374.66 -32.004
-15.125 743.699
-335.507 -349.717
307.077 -508.107
-155.893 -369.551
563.878 941.01
-450.16 -626.589
771.075 269.626
390.776 340.935
-322.281 -446.381
824.535 -330.391
-891.399 -757.045
353.772 737.041
-847.129 510.632
-109.212 -901.704
-598.35 743.012
-617.267 178.791
-654.502 100.817
-569.018 393.393
-922.921 -983.765
-404.015 -686.747
584.038 370.439
333.278 -652.46
950.525 -961.441
256.009 605.161
60.82 650.077
-6.082 -292.7
-621.522 616.741
231.441 -202.866
-633.421 -334.801
347.783 -506.115
740.219 792.849
296.285 877.651
-236.819 210.792
531.052 2.281
695.934 579.742
-547.639 163.802
0.588 591.05
-920.15 -77.466
813.6 -459.456
-37.86 604.861
-295.494 -723.462
-98.214 -656.365
-697.518 -481.446
-905.926 245.459
-424.573 120.576
-967.134 844.214
997.588 -286.954
810.498 43.85
25.544 733.481
771.055 -530.639
128.427 -57.583
14.828 115.238
-784.23 115.678
-92.316 778.29
488.784 156.977
751.853 -238.962
451.483 16.044
603.143 -93.645
-672.855 931.108
748.952 932.711
-876.267 -2.7
-476.114 -568.274
670.594 600.805
-690.388 641.4
963.403 181.478
-878.273 665.981
-42.793 994.752
168.729 386.141
45.853 744.321
416.137 665.814
-400.738 425.272
459.038 734.381
-473.067 -784.04
-196.422 187.317
-23.687 820.695
425.299 -910.297
-995.093 277.962
-295.167 440.94
700.647 -593.159
-765.611 801.707
138.441 -93.725
887.522 -939.047
-710.212 -444.756
-14.934 934.576
228.168 -917.629
968.138 -449.886
-678.017 -873.023
-219.442 144.338
-793.34 798.809
519.099 191.262
-962.219 -966.816
263.507 97.82
449.063 839.132
360.65 479.168
-104.115 -226.694
-908.546 -773.488
245.649 -65.096
838.737 651.893
-677.652 636.469
185.278 -735.923
127.736 -832.772
988.294 -370.91
191.906 -586.956
231.965 718.555
-752.969 820.896
617.45 745.756
590.758 -862.424
15.195 624.092
490.352 465.412
665.361 -563.47
362.515 -510.851
-728.599 -595.273
747.395 -12.83
-450.786 -912.999
640.031 784.921
-416.015 844.445
958.708 984.646
-15.264 691.36
-312.504 653.169
552.452 -435.5
-603.031 -965.715
145.121 -273.713
697.62 -297.639
183.356 -313.378
-126.423 -870.206
-471.567 603.399
-390.1 882.868
934.358 195.551
-976.901 -212.3
-894.436 -926.186
-665.029 -259.282
-312.724 749.73
-468.036 -177.664
745.704 -703.135
-85.182 -983.435
375.554 275.694
-426.743 -261.311
239.332 -249.919
-104.688 59.234
567.126 -425.73
595.102 883.138
78.767 -462.701
-514.226 71.222
80.614 685.463
-372.846 636.71
-891.854 -106.297
555.483 811.741
475.352 -807.505
-941.17 -346.691
-721.537 924.201
-913.972 -535.552
-290.818 -570.508
237.119 -453.911
475.76 -923.873
-47.51 -35.331
-491.711 871.076
102.6 835.206
222.571 -507.352
-624.469 823.91
-903.457 -959.965
99.564 -692.869
735.884 -200.254
-301.006 -507.538
577.975 -6.528
885.6 -0.872
-354.696 -190.441
-557.384 256.451
-865.212 -35.041
-727.213 679.618
-814.34 174.014
860.398 825.766
-176.009 -531.139
388.921 -66.784
360.19 415.998
-229.767 -982.719
301.398 -942.754
-527.555 -549.283
-254.252 96.369
-982.169 -540.927
120.231 -395.156
486.277 143.312
143.353 -764.209
-138.735 -827.105
872.819 -704.242
678.873 75.938
48.468 -68.661
-354.023 518.764
-93.976 69.546
624.488 379.94
49.998 406.238
181.022 -250.543
269.019 -19.351
988.886 -779.699
609.082 -477.34
802.164 -69.555
584.722 -368.392
-396.787 900.332
954.323 -606.777
962.614 -725.918
-711.83 -262.219
683.364 765.891
921.429 824.583
-766.25 -260.958
-727.983 774.821
-190.708 674.26
-792.835 -698.595
-883.787 -353.002
-749.267 -341.279
369.255 469.775
281.258 -100.854
884.606 -645.768
783.011 671.534
308.645 6.969
157.874 809.911
-367.445 -355.053
123.623 876.202
-765.529 -501.442
-779.021 248.59
372.25 674.341
-819.098 865.363
-261.191 851.853
-239.426 -982.58
-327.588 -71.181
-581.615 316.908
-141.357 824.914
5.814 -916.386
-109.777 8.288
837.233 380.32
-242.113 -228.583
973.084 -640.071
972.929 644.135
-740.828 52.388
-4.304 -713.288
-715.659 121.106
-771.39 -680.098
393.896 -433.732
911.089 388.023
277.676 202.014
-411.237 -915.733
-546.311 -327.955
-513.377 -155.059
-496.536 828.255
27.017 -335.792
-312.103 -182.092
785.874 198.061
-549.626 -95.029
513.084 772.302
840.879 -495.419
985.065 539.353
-612.045 574.394
-620.321 480.375
-605.814 161.08
989.872 348.125
253.973 -262.357
363.946 -476.349
955.575 -92.992
266.645 558.35
-996.162 50.054
-436.278 593.477
-348.199 398.317
-586.043 255.762
-11.252 -622.602
151.617 820.282
579.255 522.826
709.864 823.706
-252.624 432.48
986.127 -622.25
12.307 985.337
796.033 808.429
-609.743 -965.568
-573.036 -834.027
-540.953 897.409
155.825 -741.961
-764.601 577.077
223.859 -78.605
585.001 706.922
-70.253 -771.772
338.061 563.198
612.883 822.491
714.159 389.125
645.761 -714.118
370.268 832.443
646.987 -202.156
421.25 -653.6
889.586 -974.88
340.017 -306.998
279.176 -702.619
-656.43 13.759
-768.574 -500.041
631.995 75.807
216.167 -377.517
504.643 795.332
608.025 -112.032
585.209 -747.256
-22.722 403.666
-660.858 429.314
306.761 553.487
372.476 -708.266
-604.27 523.279
-606.7 -790.827
-236.476 -33.452
980.557 505.835
511.415 -194.535
160.472 527.681
-666.869 -868.208
-979.35 -462.597
554.277 -422.421
-810.246 -507.194
128.117 702.441
625.552 392.16
385.26 -412.367
-570.29 -38.862
219.035 834.747
324.521 674.885
-666.701 436.769
304.329 -190.754
8.424 989.679
-644.057 -237.005
457.357 567.918
-350.552 348.832
-195.337 -692.932
915.664 -509.346
-102.985 -541.701
534.677 -71.321
-258.121 -475.494
357.9 -159.879
702.686 -742.912
-721.218 827.963
359.071 -746.2
-348.696 925.603
-642.632 -694.738
257.614 -343.79
575.043 657.863
-619.903 401.261
568.701 990.035
-478.784 -379.86
-695.055 897.992
114.808 198.817
866.024 -790.891
31.143 -928.113
-333.62 601.219
190.443 506.861
917.02 708.714
-434.545 651.613
938.945 818.234
-863.619 -645.548
-396.178 721.78
153.828 -70.485
-997.6 -5.12
566.657 -420.388
-614.0 -311.37
-4.268 -295.264
23.538 -237.761
67.464 488.973
-420.826 71.74
-768.162 702.575
-385.252 -824.606
608.561 439.404
-964.607 165.526
-514.566 -254.323
324.485 39.116
-279.568 -528.398
780.13 541.345
689.602 -68.756
954.935 -595.251
-218.594 -768.509
933.531 -892.23
308.964 974.878
-720.695 208.685
531.731 -570.735
-634.161 667.765
-640.615 -914.657
337.361 -813.086
-755.95 928.473
973.634 175.054
182.921 -272.96
311.643 686.202
-278.56 -657.865
958.556 -875.582
-112.219 -707.81
-506.556 487.211
-415.271 -234.032
14.862 478.23
984.222 -921.123
-743.251 -667.292
518.101 -734.296
-704.299 409.336
-285.475 -12.658
601.177 -260.634
276.315 -779.509
-261.365 966.143
-93.992 663.123
114.144 -369.761
-995.731 -217.169
-123.275 -198.168
239.86 234.409
580.504 -870.145
717.573 193.138
-551.725 726.545
997.012 32.156
367.065 58.094
-627.962 -679.183
-80.918 409.709
566.972 860.097
826.081 -601.28
531.142 -912.939
-294.463 355.607
-828.501 201.068
-498.252 808.695
809.337 166.933
-767.352 156.122
-697.782 422.138
-723.896 -36.485
149.256 -888.657
880.426 15.218
-463.024 -42.484
-177.783 678.749
-179.168 -300.522
979.672 -216.718
846.252 368.011
-744.927 622.232
-974.868 -446.709
673.302 301.767
-444.255 414.73
-173.807 413.105
-177.311 -762.221
629.766 -473.654
134.689 385.767
85.05 938.049
607.764 396.023
674.51 -495.538
14.827 -527.438
-489.032 -123.891
-893.285 -725.659
164.247 -136.67
-358.584 -93.301
-843.756 294.651
-331.164 471.23
424.747 855.038
843.897 679.077
-738.651 818.95
970.302 -612.535
712.939 189.65
-170.767 694.064
-858.312 558.355
632.245 281.879
753.507 152.273
-737.271 -447.629
-509.87 313.633
877.424 125.927
-843.797 723.347
-654.385 480.432
-270.525 -550.535
455.686 -364.371
422.091 -407.113
309.648 -406.365
6.991 -745.178
-248.474 390.49
-276.969 -982.011
592.621 -4.604
289.762 -784.564
-652.511 410.385
85.109 586.34
830.564 -501.378
-26.314 -721.1
526.849 -45.884
-872.978 -738.534
-143.409 228.741
50.95 -527.892
842.42 -151.242
703.707 30.028
865.944 -481.269
436.36 714.153
-789.899 418.824
-534.696 -232.367
-359.615 -731.378
844.149 -631.731
-204.097 -814.916
178.236 378.361
-606.334 -65.12
422.749 -692.93
575.296 -527.971
214.174 -761.323
-597.432 -434.127
-850.309 -852.123
645.733 -684.871
532.454 -752.884
437.624 -374.622
-147.228 77.691
-503.509 679.784
-283.466 -758.132
474.97 -539.571
-117.527 -869.955
63.366 831.601
-836.515 478.979
-926.598 -24.708
634.129 -398.673
71.656 -182.443
-702.749 417.377
-36.446 904.167
994.403 825.186
680.878 265.01
-141.303 773.644
428.569 255.166
-202.588 -523.353
-212.549 779.9
751.798 304.093
-919.817 -290.58
-872.513 -171.468
546.069 -894.534
-412.152 -545.658
-706.601 -564.564
983.857 12.437
-707.901 -89.419
706.785 -712.213
631.561 956.243
180.209 408.648
-614.674 95.27
176.993 -841.606
-65.903 139.156
191.365 24.56
37.042 548.175
-81.501 -282.681
-249.275 194.112
-35.739 -755.301
-862.679 -873.415
-391.82 52.383
-910.387 488.604
-195.955 -450.527
115.471 -846.174
875.414 -802.24
-786.172 -500.853
3.77 -530.235
-445.87 -233.939
-805.173 227.227
-856.042 -739.261
447.57 675.283
629.599 291.221
544.244 -853.449
329.086 134.803
642.992 -377.35
333.056 949.177
-849.303 -995.835
-999.208 -612.989
91.377 -547.459
-709.743 -190.262
711.138 705.901
587.361 642.552
-561.014 -766.843
-387.082 25.224
152.343 -891.732
151.67 521.873
335.203 -775.273
-436.337 -192.556
684.965 376.175
-413.553 -826.85
179.266 263.674
154.084 224.474
41.232 496.347
920.823 845.642
-798.349 -649.097
927.347 -238.401
646.962 864.526
533.07 -788.309
538.687 427.45
-669.375 -796.683
507.486 -250.616
821.076 -336.328
-23.075 -522.557
-282.517 708.878
50.63 -986.464
817.246 -265.895
333.173 -284.703
-770.581 223.645
817.866 381.268
-58.01 699.615
-464.582 -508.315
160.1 -250.991
235.31 -890.801
-60.554 -6.546
784.298 -775.698
45.69 826.194
948.67 999.448
797.032 547.311
511.915 75.072
173.114 687.537
-921.176 915.908
510.453 -849.168
-394.0 589.384
813.275 886.494
-201.737 -326.812
208.834 -933.278
-70.668 -397.407
-168.544 -501.594
457.346 823.043
-139.945 -535.278
-530.788 953.561
950.637 860.793
-304.38 -390.449
733.09 -607.398
249.994 542.772
913.31 -471.128
-389.053 113.522
378.57 -276.793
675.66 -164.582
-320.299 632.867
-576.353 521.173
-908.976 -988.679
0.742 605.141
288.978 768.171
-924.951 200.828
-640.268 452.339
878.484 9.604
-844.831 -58.422
-890.31 -737.296
318.918 -346.302
395.611 913.748
-444.898 575.455
470.892 893.902
581.035 -26.219
136.143 771.395
137.87 902.802
710.091 -686.109
-253.849 -428.871
655.37 -334.374
174.7 571.945
-631.014 -433.558
-192.485 -218.665
856.092 -1.215
-37.258 254.005
-453.831 -438.925
782.018 -999.059
962.087 207.642
-650.945 562.072
887.351 -795.838
-874.456 -824.637
98.541 881.327
-136.58 982.633
539.65 864.773
-82.982 -569.638
-642.748 178.116
355.226 -221.078
403.411 643.862
-934.185 -239.85
368.801 -561.495
-423.905 -552.729
651.501 -173.107
-177.765 -296.797
442.544 -692.34
336.286 731.239
357.992 -933.357
564.014 184.804
545.37 -307.791
797.854 146.353
533.555 9.55
142.838 128.454
-155.821 -490.362
-165.584 -627.227
444.773 945.805
829.219 548.581
-395.033 452.56
-6.831 223.755
950.048 889.531
-635.595 26.867
-893.39 253.167
813.9 -318.798
610.399 117.58
529.282 565.086
-654.617 -585.589
-220.023 -785.908
-472.174 -891.797
-192.376 861.381
-893.308 572.413
350.947 -702.708
-6.566 757.749
656.638 -88.363
-575.993 90.794
-13.768 76.859
817.479 -27.955
386.875 -978.173
905.903 -647.917
209.543 -946.182
680.852 -260.735
688.199 -664.396
-348.049 658.258
-402.307 318.281
901.16 446.917
-352.776 -392.813
-188.187 223.55
439.023 616.288
-812.899 386.82
469.764 -983.718
858.403 -527.548
467.625 353.23
-531.125 893.861
35.808 -622.711
-493.07 -338.774
882.605 643.161
382.665 276.488
414.419 631.89
-175.356 170.284
-84.559 -387.701
-976.932 -428.581
-952.283 -927.088
-316.179 463.592
261.988 -840.755
-934.776 -395.149
935.11 -721.99
-346.572 -35.459
-458.894 368.004
-439.714 -874.61
-941.829 92.713
458.415 -769.083
-489.32 -927.529
-892.587 -252.432
-531.649 842.124
-898.559 486.456
-595.567 -933.328
-377.318 -355.002
-629.911 850.82
966.591 805.13
522.159 561.127
-410.466 432.982
-653.659 434.128
909.932 855.809
-281.796 11.751
-240.357 -18.55
-817.252 -167.25
-145.698 433.113
-121.816 -197.71
-159.587 -950.343
952.137 924.305
-928.764 -277.417
-388.397 44.274
212.87 316.935
-795.736 -396.779
51.119 -456.569
-440.4 481.992
-432.579 -842.236
-223.084 -7.939
-677.978 -715.021
-57.574 943.886
724.268 -845.272
-630.487 858.29
-991.146 887.392
689.042 -692.571
195.411 469.735
131.082 -436.099
324.091 748.44
-817.35 234.861
65.479 -905.497
277.917 -634.86
-989.329 982.837
-917.478 78.825
-823.882 35.088
929.445 343.393
160.492 369.538
68.668 -656.739
-101.852 -751.709
-522.151 253.718
604.592 -406.81
-485.595 489.428
-988.876 -725.523
-701.2 -738.973
-128.376 -282.116
-317.311 928.44
-768.794 -239.576
922.401 694.084
-839.646 -5.64
-693.217 440.437
-611.646 737.357
-147.13 -754.316
-523.52 -288.245
-274.788 288.799
-777.951 581.612
202.764 530.238
-679.93 -358.447
766.822 82.506
-856.711 -422.057
376.654 -826.331
123.621 -638.163
614.265 88.401
530.339 456.921
-163.618 -713.884
534.627 -899.779
-548.904 -753.371
207.946 -568.703
-401.179 -458.912
-309.057 369.184
992.319 677.742
437.283 -653.055
-653.095 291.416
805.673 130.252
214.35 106.526
309.611 562.588
960.695 -289.121
747.442 421.248
-821.676 -932.39
-446.066 8.869
877.247 -141.725
530.643 329.912
-404.578 442.978
617.795 229.639
536.324 -730.077
972.589 479.794
-60.009 -654.293
-870.496 -845.663
72.524 280.814
838.387 -631.663
848.99 86.4
755.579 302.232
-276.572 -35.31
255.799 671.199
-253.691 116.141
-473.953 241.503
62.308 556.8
-60.869 376.045
330.433 618.224
-59.291 330.66
-860.058 972.563
-78.879 -999.43
-411.112 735.871
-820.405 826.55
857.713 -981.113
969.47 731.38
-761.54 550.529
-880.276 -881.369
-663.378 -994.852
661.882 821.642
-702.477 -332.728
56.57 -443.766
-877.476 -584.603
-960.566 -668.061
780.923 -6.364
19.817 956.968
-217.185 -735.4
888.691 767.079
247.136 752.451
-623.419 -214.065
20.177 74.97
209.986 -581.547
567.081 -606.592
812.526 644.771
-586.879 -276.555
-425.18 -852.524
-947.317 214.43
-195.24 -203.131
452.344 -448.539
-287.305 550.6
290.759 168.042
277.637 -688.958
256.072 620.243
546.403 -951.912
723.024 827.742
880.825 565.618
57.596 10.852
-197.733 -323.879
-543.661 463.382
370.49 -427.237
414.868 125.375
-171.585 -86.786
-158.872 -71.25
-689.828 -235.254
-58.312 -698.197
-344.474 -472.91
86.3 197.704
-685.876 -497.836
538.234 -177.101
-393.955 85.962
6.978 -671.952
927.775 82.776
934.662 -38.59
456.645 -535.225
-695.971 -724.762
-454.84 768.29
200.283 -438.997
-396.036 -172.143
878.262 -547.858
564.524 -66.41
81.504 -615.467
654.344 660.115
-460.935 -110.225
988.522 -918.837
661.749 -929.165
-967.934 790.752
-568.954 169.465
-729.812 -752.608
37.695 70.331
-45.467 -892.006
162.832 287.416
217.044 -97.972
255.291 -222.179
797.862 -129.414
665.5 -199.687
462.01 -327.018
805.823 392.752
317.895 -187.121
384.354 -994.798
-493.488 350.221
764.783 -99.377
-683.326 -965.801
-648.134 -63.749
813.665 -488.429
-956.977 -124.908
247.151 630.036
901.242 -958.315
155.937 861.832
135.038 -421.794
-580.958 647.98
-493.436 -106.756
-31.572 -6.547
883.244 610.299
-65.123 304.295
-477.104 -485.842
-44.354 674.408
-421.217 100.538
106.373 670.971
-1.229 -144.328
-665.904 -733.253
760.354 131.459
729.162 -432.798
-394.658 -494.012
-591.925 143.871
274.612 -670.208
-861.838 266.992
42.683 -512.675
-563.548 -75.718
780.348 -910.537
252.125 -362.504
400.615 403.088
-471.867 669.607
-536.531 54.599
860.363 -732.368
-683.447 -676.801
-157.309 665.55
474.5 221.728
767.214 -969.03
-873.707 697.623
-565.225 339.633
-838.595 305.238
-164.428 89.175
-875.588 646.232
839.134 902.361
276.532 255.878
710.369 449.016
-316.213 98.095
463.758 740.531
190.608 -888.097
993.207 -106.087
172.185 459.692
374.185 890.956
-662.316 -183.972
549.804 -579.839
-615.694 644.767
560.817 -128.135
141.059 -528.57
132.765 -777.681
43.699 425.952
363.293 -985.909
-81.98 -804.645
773.879 398.627
-893.239 -467.997
-270.108 569.686
-453.936 22.756
-718.064 -323.591
780.877 -414.579
809.681 104.825
919.941 -229.983
521.279 -148.891
478.708 510.906
-386.631 -508.792
415.189 666.583
100.781 -884.215
248.864 335.459
-130.534 478.335
660.405 -320.397
695.492 177.762
-20.811 -158.679
-55.199 529.86
-412.949 939.877
-789.551 552.386
583.975 501.227
-897.434 368.33
-16.334 565.026
-685.833 60.446
295.934 147.254
-802.528 -291.091
-532.618 -201.518
845.742 846.659
-992.988 -865.19
-39.633 -267.509
-992.125 -689.071
53.107 -890.53
-73.709 -863.002
-717.015 263.752
-896.289 -860.7
525.096 946.766
278.829 92.762
986.996 -38.198
532.038 -727.176
194.791 590.435
-413.917 -378.692
378.82 459.952
432.966 -70.076
-719.607 -23.054
-352.919 -738.651
945.805 729.471
-502.281 24.274
509.032 -818.577
-552.037 -5.511
12.878 -870.809
816.037 718.715
368.132 265.624
-139.727 571.474
-484.134 -551.491
744.405 442.535
-456.777 -498.5
659.355 -819.707
-286.305 -55.71
818.029 -416.906
-644.153 -91.547
645.788 -515.055
-283.705 834.197
-953.169 -92.234
351.836 571.262
930.058 100.206
-398.025 -454.558
230.84 -478.194
225.474 -242.422
-498.978 -744.742
253.955 605.907
881.338 661.539
103.862 762.424
294.805 -489.167
6.663 -733.712
-551.352 798.111
-695.423 75.704
863.987 -492.556
-416.666 -323.294
-804.175 -346.541
-749.121 206.253
145.438 -697.373
-645.44 231.72
-215.688 555.402
-487.489 -480.133
-202.39 -922.465
-909.88 -304.351
12.846 563.454
170.684 -375.337
-980.406 97.095
684.312 -47.765
-934.792 -122.179
228.548 -769.283
-344.491 814.958
-931.331 328.737
383.268 612.642
802.331 984.277
742.552 -231.586
-761.354 -106.999
609.713 -851.596
-245.126 -551.653
550.026 -47.709
-420.217 945.759
-740.289 559.255
-529.088 -490.22
445.87 577.254
-606.141 676.776
25.959 -355.462
-157.971 -46.028
1.566 457.993
-589.59 -508.955
839.102 -956.487
180.837 721.56
-210.495 370.889
-369.496 308.753
991.031 -217.526
-164.561 898.456
-836.103 -118.25
-705.92 377.367
669.739 -364.167
-148.809 -532.931
-309.199 749.869
-213.468 459.587
610.075 -944.194
-850.204 -863.229
-575.992 -907.948
-692.1 326.119
-490.743 434.673
-867.852 -529.158
-377.563 -528.851
-834.83 -297.705
442.936 -792.635
770.014 92.815
-981.851 555.537
271.882 -253.518
-779.074 553.341
-27.914 -691.392
732.113 56.067
551.049 501.142
855.735 -616.509
-122.137 -315.773
-673.402 -809.966
734.701 329.168
177.729 723.601
-843.794 -536.189
110.118 212.012
-902.863 -692.92
-804.721 -28.259
687.586 -370.173
207.136 43.908
-628.611 995.677
310.384 -501.028
-920.526 -770.414
834.396 -704.585
-641.042 232.571
-481.088 -166.224
-777.195 -283.097
893.115 915.228
-553.374 924.461
606.275 949.635
431.591 197.313
-761.412 651.01
390.801 -882.926
753.15 -392.469
-709.534 -119.094
771.911 -862.087
-250.52 -665.327
-674.601 575.204
416.099 -170.145
-738.582 939.496
346.248 -157.327
856.27 159.034
734.03 -97.545
700.422 -336.997
389.345 -474.818
981.215 -277.505
-783.19 -336.941
413.694 -5.4
-549.03 747.305
583.524 446.422
-451.119 -316.305
-543.324 147.856
358.643 369.765
-531.832 720.337
99.493 -624.503
909.968 850.71
-463.562 -447.094
835.428 -856.068
-150.595 -584.213
638.575 26.664
-958.408 -623.582
704.358 795.691
309.953 -261.754
-20.101 -719.714
-187.151 978.247
494.231 112.31
-101.035 98.362
-954.269 950.725
-44.554 -26.433
909.944 -386.669
-282.841 -707.484
-789.159 973.321
331.415 972.673
-980.609 934.353
204.332 267.845
615.787 -396.787
210.411 -766.862
24.694 136.825
-924.968 -20.116
974.17 946.879
-142.587 985.351
340.165 -397.892
-231.816 326.914
-567.36 803.945
-809.054 -547.594
-192.307 -656.577
-644.11 -642.408
454.404 -449.888
-311.712 -395.672
-137.072 -408.675
-597.395 -503.779
11.56 -407.667
180.716 -261.913
-325.434 -74.278
68.568 -594.673
-938.971 714.716
-745.533 826.935
610.936 484.461
256.461 -289.997
499.467 -229.683
-216.048 805.308
266.97 -574.805
-271.71 600.83
-886.247 544.452
-417.526 825.41
521.619 -554.988
-935.514 -381.616
-669.984 -998.169
727.194 531.353
-399.052 -402.295
-60.615 266.641
-101.939 -716.538
29.368 42.281
-744.723 -567.617
-336.53 440.291
778.548 -71.528
228.656 -393.786
55.755 325.201
-283.526 357.173
901.24 -757.515
171.572 415.907
-947.55 881.393
-80.745 -430.109
-987.107 113.188
270.229 606.687
576.46 713.267
-558.509 -265.936
-774.622 82.286
-590.183 -714.528
902.858 641.664
-749.636 546.365
-685.633 809.869
-415.491 277.824
992.493 -466.754
-564.713 -861.358
-36.263 -402.801
668.93 -558.415
-198.413 -859.934
-843.824 -17.189
-125.869 -630.024
985.046 699.168
998.957 -198.629
900.222 219.316
50.465 236.887
18.159 -427.075
191.223 428.98
-400.309 836.864
725.169 -469.123
949.504 970.785
-52.746 936.981
-214.368 -23.663
780.369 -229.129
-747.723 -629.21
252.775 -86.139
-423.706 -899.2
-531.365 -476.964
193.938 -478.055
-640.422 136.971
685.126 -146.819
620.825 -519.65
-450.058 609.615
-409.649 62.012
-322.31 -981.988
-353.779 -232.754
-838.1 783.011
224.68 -945.635
-437.057 -86.398
-670.129 -483.665
390.229 -207.12
-826.291 701.53
-138.255 -358.707
-189.559 815.754
811.695 198.015
970.867 -252.896
944.373 930.825
706.131 -129.165
-427.352 713.033
-582.167 -93.819
-939.232 -291.987
257.969 874.64
-28.43 -782.444
-652.802 903.785
-169.883 -991.496
7.39 -812.11
602.661 626.104
-938.42 -859.079
599.73 114.226
-385.437 -197.959
42.335 -233.701
431.392 67.787
-647.279 218.779
24.786 979.086
-872.814 -181.249
-520.787 819.901
329.763 -149.93
243.508 -674.99
894.47 545.115
-329.627 626.197
905.148 509.659
653.844 -243.659
912.994 263.587
-35.991 435.045
-932.688 -718.564
-225.231 411.416
584.954 505.016
-911.289 -105.607
149.639 -612.061
429.533 492.207
842.371 953.361
-125.579 440.92
-890.398 -774.677
-435.356 -356.236
-513.417 -116.327
417.373 43.898
229.579 -209.38
-233.381 -269.123
840.36 -412.867
379.874 286.656
-5.003 359.826
-952.803 -556.764
208.545 300.854
-848.584 143.954
-932.1 337.057
-146.176 547.507
941.428 -315.956
-966.916 257.697
806.222 -63.099
-951.013 557.515
413.176 974.692
146.355 185.132
-242.718 493.439
110.313 -310.042
694.864 -146.764
-624.359 246.877
-784.219 886.227
-88.299 612.165
885.696 175.031
-416.721 -317.453
139.191 154.963
790.837 374.372
-632.458 350.597
-264.623 186.925
-919.577 -820.481
109.784 -179.952
-652.219 715.353
-986.457 -628.858
-13.854 311.533
969.597 727.714
-702.406 -328.079
268.664 855.841
550.986 52.645
-993.5 -570.84
-544.454 -363.848
-227.172 56.8
790.636 901.962
45.795 -372.472
-525.367 607.177
439.664 -441.303
489.175 -434.453
-262.997 -770.169
731.209 344.497
41.551 -211.667
474.919 233.911
-147.114 943.83
323.149 652.191
531.465 -136.888
-479.311 -878.227
-191.443 338.124
947.607 -508.031
-755.561 -266.665
33.572 264.337
-764.119 -366.242
115.337 83.613
910.866 940.27
505.617 691.048
876.325 -304.211
-109.568 958.001
226.042 514.9
716.357 1.767
-9.224 92.233
-47.163 -933.877
-333.321 717.536
852.468 -715.147
613.192 -598.675
91.795 -404.48
-966.822 142.486
-56.895 897.616
-980.605 266.786
901.602 139.166
912.521 798.953
447.886 476.776
-202.962 360.767
-575.056 807.135
945.271 -606.108
-174.137 3.668
323.417 938.65
441.157 -555.928
-264.944 799.888
-280.956 -610.056
660.73 -365.859
-1.702 541.548
160.532 806.405
993.755 -90.05
58.532 58.725
24.875 -523.647
-249.664 -54.146
858.528 882.715
356.943 -179.641
73.934 -40.544
77.289 -708.474
-469.052 137.77
-285.747 532.171
-83.181 989.082
-813.355 196.076
-201.637 -450.216
-724.396 -99.757
254.038 -396.672
306.843 -53.277
140.425 913.482
762.659 485.911
-180.802 932.756
-817.045 91.864
-574.64 590.417
355.051 514.373
-19.403 -35.765
-258.212 -242.464
-623.659 748.869
427.693 -392.241
-201.954 477.326
-956.948 268.916
283.112 69.671
521.236 -486.558
838.74 162.744
-783.824 161.525
369.054 757.798
-503.857 455.18
-803.301 842.126
840.667 -453.431
384.823 -158.464
505.232 -242.761
-95.126 -86.626
508.144 179.426
536.899 -83.065
-315.574 568.774
-871.385 118.283
-884.891 -582.105
-739.673 163.334
-578.788 -133.106
-47.493 576.754
-317.26 -285.333
-53.635 -764.772
476.182 203.722
-684.033 -548.987
-719.037 -479.824
261.106 -876.675
-416.348 719.335
-481.524 670.407
-612.986 299.512
308.637 276.798
-442.25 -100.773
333.671 627.327
537.267 785.706
-548.946 324.61
759.346 103.719
457.666 -571.256
-943.217 -353.765
517.258 -493.493
-103.933 251.511
-338.261 -921.983
331.405 872.77
320.543 947.434
976.285 -779.645
768.719 -653.768
369.055 -587.035
728.487 -500.299
-374.38 -471.351
-932.26 878.167
814.841 902.86
781.229 -300.23
718.197 -27.291
860.696 769.774
187.813 482.545
-201.53 -922.595
-647.055 -428.312
994.955 -289.458
943.297 384.368
-765.6 -514.441
-959.545 382.764
-964.525 915.405
-587.912 -47.688
-376.517 -692.033
-618.481 217.008
761.857 -706.284
-980.909 17.304
-934.107 70.95
291.55 732.171
128.249 574.638
-121.614 -882.333
-428.454 668.019
-135.422 292.127
-603.306 956.845
674.81 -234.653
-567.091 649.576
-638.158 -910.299
987.481 -769.963
-260.149 611.888
220.668 40.25
64.349 -91.822
-997.817 -930.394
947.236 -174.328
-708.775 -735.619
577.165 -411.526
829.334 146.533
-330.417 223.754
939.51 207.765
83.442 990.02
-970.584 503.796
-479.913 340.419
-210.732 495.544
934.983 587.239
-384.606 -157.386
-668.726 -820.642
-278.505 -627.434
353.464 49.519
-421.165 -394.742
-463.408 409.954
-602.737 -802.368
-246.54 242.448
699.46 359.317
559.604 55.124
919.902 463.952
-341.252 -833.457
-922.584 -422.622
232.783 633.426
614.778 -767.079
-805.642 -718.297
347.226 -647.47
964.956 -967.657
-22.196 980.327
962.26 185.3
950.581 412.407
899.979 554.674
-993.984 831.2
-680.432 -298.555
-219.577 46.382
204.523 463.183
628.626 846.6
-266.954 -403.714
-631.863 -114.222
-595.877 706.334
-128.408 809.312
684.999 -273.215
-252.269 -896.439
-562.823 324.937
308.667 984.13
-725.743 -548.691
-272.094 85.16
435.653 893.478
404.325 587.55
-826.486 -883.912
-354.525 -512.628
-187.968 668.039
-217.229 -86.18
-815.809 673.958
-40.744 -422.721
-39.978 -557.769
-218.688 -316.207
-67.587 -748.829
178.631 240.61
-454.091 134.591
-991.4 285.441
233.344 -730.094
843.594 -733.02
282.902 -842.348
-212.601 -791.182
677.065 577.027
-874.753 -96.126
210.317 -644.652
187.679 650.278
-621.579 848.244
169.327 361.364
636.359 -441.911
-956.725 314.158
-633.737 -623.929
-723.73 -526.069
-731.001 -955.09
44.777 -270.966
-374.682 -362.816
613.827 -808.749
-22.182 -804.584
650.864 776.732
250.205 195.964
940.99 -827.94
-139.742 -509.204
640.651 159.8
401.9 495.421
-663.01 167.635
-307.274 552.891
-696.801 -399.817
-259.854 -39.953
950.095 200.277
602.004 -244.316
342.53 67.647
-268.916 155.0
860.571 -221.483
610.299 214.049
814.305 713.896
959.843 -618.66
-147.786 -348.767
-233.27 924.579
-786.758 603.342
-910.484 -353.436
965.064 -432.762
105.937 506.958
901.175 706.171
-564.05 -507.318
103.295 599.246
189.466 117.42
682.213 -350.995
345.104 339.026
643.189 -324.349
-983.378 -961.446
633.671 -615.794
-938.58 900.009
559.023 -29.391
422.935 893.225
-473.976 -142.622
-305.532 954.964
-110.065 -740.114
976.584 492.417
-558.779 615.682
437.23 399.823
-256.919 -505.019
704.13 677.329
-461.054 -784.251
-566.564 822.454
986.047 -283.289
-763.059 -270.072
615.369 17.585
-595.138 -481.088
-703.877 -150.899
-635.53 272.601
330.37 -917.106
495.716 -820.519
697.836 -446.107
789.827 -261.461
25.62 -46.385
741.375 -205.233
-461.723 -381.4
362.206 -81.019
695.259 603.187
362.631 561.981
-114.267 -293.883
-12.641 473.944
186.578 -134.571
648.807 -910.912
644.484 -582.245
590.719 339.097
860.453 -499.594
135.716 355.171
-592.36 107.551
-382.591 -602.333
938.456 493.279
124.797 -878.791
-860.552 138.33
414.731 -27.13
84.623 -430.615
-144.635 559.131
664.505 748.653
184.563 -841.468
-119.345 -0.243
457.206 -210.715
707.2 -146.033
-766.254 585.8
920.6 265.91
-919.68 667.108
275.16 -978.917
495.125 -433.362
-274.938 -472.502
11.339 955.245
-429.528 771.106
-130.356 -877.845
475.338 589.385
683.111 817.822
695.037 -57.516
-210.124 -731.254
956.713 148.559
404.569 300.435
636.309 364.012
788.561 -655.405
497.426 220.629
-692.327 -218.502
-534.718 797.619
-516.832 -400.9
944.831 -166.595
702.27 -308.62
627.406 -465.31
-614.917 696.161
612.296 -809.052
713.643 754.074
-8.997 622.096
499.092 -383.621
-365.437 74.739
-595.558 -321.751
73.531 345.859
-797.738 -302.588
-399.609 -141.515
185.521 630.568
725.352 897.376
550.874 -19.124
293.44 -362.707
-450.017 -369.493
-364.24 -715.751
41.488 9.285
-803.183 -295.573
-499.495 -450.969
-859.058 -593.808
55.828 893.795
-337.292 -561.206
-463.39 46.273
701.75 61.951
-719.229 648.551
-488.724 819.258
703.385 -398.586
566.774 -111.14
716.391 -856.432
987.025 -587.449
691.453 -439.007
323.447 858.413
475.007 -141.994
-486.48 228.387
-394.84 241.204
717.769 946.463
-909.743 -493.669
-594.81 523.095
-438.112 -385.083
-873.361 -880.802
337.761 -330.116
74.987 690.769
-152.868 -338.509
612.408 -645.488
-678.692 -627.808
441.045 -835.163
-249.163 -474.761
816.528 501.504
23.538 -325.59
-134.697 291.408
403.355 -900.104
-91.939 -144.939
-43.765 -685.486
-651.119 955.635
-932.934 -47.855
937.696 990.327
-565.126 -845.273
-355.421 745.241
588.514 784.138
-521.637 -450.173
848.423 764.25
-139.093 -917.071
112.963 27.252
-660.306 725.923
118.647 709.126
773.15 -979.614
-59.728 -990.548
-408.001 389.14
-601.387 -823.111
-802.534 678.52
951.591 -573.16
467.95 797.566
-785.248 76.733
714.623 717.46
-731.369 569.288
-129.942 -935.269
958.088 145.164
914.302 -887.738
-634.199 -1.648
270.768 -316.342
70.633 -975.621
-657.946 48.995
-901.462 -813.25
789.976 94.99
586.614 412.918
-634.292 -232.35
-551.058 92.596
394.232 73.803
69.622 347.141
643.735 -124.316
44.08 -683.579
768.301 -9.274
-893.338 341.354
-754.673 -229.717
105.998 -750.129
-726.963 389.475
-831.664 -775.394
260.338 -30.866
-405.853 -587.093
953.743 739.01
21.921 516.063
-869.7 449.354
-828.337 671.206
-161.934 -197.363
-778.645 -839.158
147.358 764.175
-221.334 467.701
-59.193 610.978
-431.837 549.595
678.478 -998.325
659.829 -399.597
675.342 752.374
-433.674 793.344
-972.874 -195.516
482.781 -160.655
756.429 32.56
-997.306 -864.463
472.827 853.396
-492.286 481.157
-244.133 -130.323
855.488 -63.785
688.703 -908.848
732.206 -735.207
-251.497 71.784
-235.117 621.328
757.038 934.059
-806.602 -418.796
169.886 -859.001
424.611 -602.76
-975.585 756.039
25.76 922.153
117.281 -812.804
-618.392 -574.458
-248.554 -783.999
-159.51 786.735
389.99 -25.247
-613.146 -624.835
-848.703 -288.42
-606.151 -484.784
984.373 118.556
390.188 -114.775
902.51 -227.614
288.534 -933.982
761.315 583.398
474.524 -701.17
-932.68 721.122
-119.663 947.649
-697.034 28.585
-502.338 301.858
452.513 57.33
387.504 -28.597
-302.009 646.065
552.086 675.039
-370.788 766.414
-55.2 259.463
-464.729 -771.81
-4.91 70.562
246.596 -327.095
-56.218 745.247
342.191 -912.085
-26.836 -86.936
579.89 -738.87
371.146 638.675
-466.295 701.247
770.045 -676.168
-814.55 -307.579
-346.769 -33.056
23.672 -522.008
244.262 -180.135
-705.609 -974.746
-310.285 534.629
-407.111 518.483
-742.037 -262.413
524.808 901.758
322.589 638.943
-335.009 -488.455
970.015 -684.555
756.281 143.2
891.555 413.502
-199.631 -971.179
-314.058 -228.364
-845.265 -949.391
847.981 -56.479
-83.166 -652.043
555.894 -426.596
-200.775 -800.882
553.434 623.336
-908.118 796.621
550.968 -410.698
-127.672 -713.124
-549.756 -507.221
-992.33 957.666
152.808 -802.81
-724.279 590.746
-378.935 831.076
-467.147 -38.376
362.938 -890.388
-519.706 893.321
-193.252 272.793
-621.484 152.052
457.781 -774.207
818.927 -742.361
768.129 923.28
-984.418 174.687
-262.233 -647.415
-817.386 -41.453
754.257 -579.864
734.668 -447.639
-586.392 -346.127
874.309 -530.24
-981.855 -423.997
136.266 822.331
-232.835 208.356
125.098 -748.896
425.765 -136.578
-315.554 39.602
-940.745 -89.588
-36.011 -487.976
-150.956 304.778
-951.01 -557.661
-555.747 471.663
-485.082 -210.156
741.983 993.962
-301.753 -507.853
-814.575 169.919
-700.746 -672.225
-257.925 -540.074
-721.838 120.211
-735.803 -505.15
695.841 889.038
212.639 -345.96
98.457 180.485
943.359 -992.761
-438.364 -862.973
-813.272 -980.909
956.467 -462.459
-141.968 954.104
-947.434 403.738
-367.772 834.615
483.856 -65.355
219.34 -948.513
-251.608 -28.061
-565.934 -17.31
802.591 -685.499
-847.699 703.778
267.275 677.96
461.459 912.455
351.446 -219.442
501.619 273.892
-766.506 -443.55
276.071 515.637
-441.319 -231.273
805.57 -24.771
341.835 644.944
888.108 -545.598
982.284 492.502
726.884 -555.022
434.167 -17.228
-799.208 100.463
-140.484 -677.324
449.45 -14.864
-275.336 209.847
-595.158 603.871
-220.789 -593.262
-582.11 -306.998
186.232 794.554
363.223 187.6
-172.44 -431.945
879.297 -970.302
305.403 574.171
-767.247 197.247
862.339 -111.491
-634.994 886.159
419.487 -512.789
-528.568 -836.989
646.86 -209.464
-900.391 924.302
-332.657 -373.109
318.132 458.334
-891.118 -835.52
-45.361 120.067
874.208 -731.309
-564.392 -564.232
-810.381 -581.078
-339.745 -0.457
746.701 -727.75
723.317 -16.922
473.745 250.918
-125.016 82.996
-531.357 343.033
526.953 451.493
-108.697 452.038
673.249 731.881
-519.312 -283.347
393.136 -328.809
685.726 571.94
683.123 -194.864
-481.827 208.583
-958.691 656.434
-43.457 567.958
774.863 -229.111
-593.845 -895.33
215.576 -221.975
-417.117 -141.648
-824.315 -763.942
-952.918 -719.021
838.063 -108.581
877.663 -381.407
-415.883 524.481
281.833 -10.916
824.501 189.136
-271.321 -406.951
525.825 489.422
-951.419 -806.8
252.976 -999.476
-511.553 471.49
990.112 -871.434
552.311 541.394
-406.135 323.648
564.791 990.069
-986.825 -607.702
10.91 312.582
-687.491 -437.251
-331.791 -393.078
-972.947 -414.115
-763.458 545.727
421.719 457.949
-15.168 -373.268
-973.693 478.678
177.605 608.471
-839.689 721.041
-564.854 243.533
53.409 -893.617
437.759 492.021
-66.236 -98.336
-736.622 -578.411
476.517 394.428
907.792 796.828
-511.35 -355.227
-608.518 991.99
936.788 -433.902
-161.302 172.69
-211.631 221.19
-20.37 478.92
-581.762 -389.894
-908.699 327.104
-439.07 299.964
299.411 -436.691
388.418 955.898
973.339 -793.348
140.243 -906.058
-757.053 565.777
732.357 -518.296
835.855 -790.992
-324.41 -21.261
-60.57 864.54
-442.132 198.222
-386.275 28.617
-477.37 -5.051
-682.721 250.214
-165.087 832.509
-920.679 975.342
-717.289 242.789
-223.491 -607.396
-539.723 -116.317
-376.72 -277.116
568.627 451.013
-627.549 -405.02
-92.207 -83.955
-381.365 -57.481
773.324 -286.504
-131.832 976.927
821.572 -398.562
993.287 -835.005
-104.468 -378.326
608.368 -398.98
676.464 598.279
-266.948 497.901
-822.884 673.389
-273.757 -40.684
-775.906 806.615
-168.1 -42.929
796.509 843.743
-987.788 -685.107
367.957 878.786
88.139 754.581
-703.902 893.745
-406.307 -42.659
-12.582 -730.634
654.857 -596.459
-698.297 960.355
733.781 245.054
-42.854 -826.141
873.736 -348.382
-462.451 -833.928
850.132 -129.297
950.249 -724.423
620.667 -776.954
-477.125 105.558
-954.429 -548.851
834.422 -865.298
-327.074 -253.375
-664.559 -39.01
-280.68 -321.4
346.445 -897.162
627.742 257.823
387.267 82.923
58.524 724.863
583.644 -576.505
119.262 -365.312
706.345 -809.029
996.886 -60.604
193.874 -999.031
-491.555 -621.712
-451.671 715.705
175.189 -266.901
748.175 -252.224
-824.344 -852.263
-253.828 519.094
224.661 62.555
121.488 -336.061
-64.525 400.0
-911.598 459.075
-149.921 -195.76
906.925 -932.23
354.438 214.023
-148.727 -484.221
-620.859 309.0
-439.921 172.294
-974.687 -126.999
683.816 359.237
948.328 902.75
-246.885 39.829
-786.58 166.104
-950.868 87.463
-354.843 -281.443
-570.609 898.43
-468.559 -929.24
265.076 -203.361
289.946 121.584
-575.37 -768.098
294.0 359.716
-567.911 -483.653
338.154 560.313
-768.672 -908.422
111.745 -54.745
205.549 -452.727
-828.231 862.447
259.479 -362.415
-422.626 -306.311
-297.624 -205.983
-863.48 418.261
-424.778 672.363
-544.491 73.428
359.004 650.984
835.315 35.107
64.009 526.218
56.268 97.866
-593.258 -880.218
-99.127 -653.874
-851.585 -749.748
-510.819 -640.643
-600.675 346.626
672.049 -18.098
977.762 -396.534
701.032 -117.494
-109.261 -419.057
31.875 40.378
680.336 -241.006
-892.178 -987.37
333.559 330.943
147.554 765.572
-257.342 11.11
-285.774 846.732
-733.55 -855.83
-808.986 312.54
-172.454 28.793
-0.181 -221.716
405.452 826.412
-51.04 -525.311
-854.61 967.567
246.235 637.553
-129.24 147.117
378.882 355.025
942.113 56.475
608.056 81.761
-424.024 298.776
462.202 237.394
-333.358 -467.076
940.485 197.838
-753.642 891.27
-149.503 -493.855
563.429 874.745
-692.687 389.904
327.018 66.616
-660.332 355.576
9.99 595.643
62.025 -346.315
323.337 -289.819
416.371 -827.985
-888.715 -759.354
662.402 -772.801
413.441 -670.672
897.085 264.337
-703.341 -637.944
-836.648 -293.643
-23.011 59.692
999.195 889.387
-293.102 73.63
538.669 -633.266
843.842 68.554
589.972 -297.631
311.067 751.054
-143.506 516.979
-762.033 -848.372
583.003 -560.403
-57.968 -373.977
-573.13 543.88
-362.907 -600.637
-224.311 -158.581
-349.411 -368.004
129.252 -535.323
11.35 594.869
-516.697 -329.082
736.245 -905.508
263.534 -411.988
752.062 413.679
91.723 196.121
-349.731 784.767
412.318 -234.955
538.895 996.37
-916.903 697.218
164.55 -726.754
-129.102 19.513
46.946 516.26
-389.908 -18.982
-119.548 -197.867
-927.797 670.619
686.604 342.882
784.967 771.036
877.866 -911.241
-622.419 -884.529
280.586 194.714
-98.49 929.404
252.112 -131.711
-877.97 -651.697
-333.188 -698.388
-428.001 -671.581
83.02 864.326
-2.884 161.012
427.816 -601.95
-771.724 -38.414
921.559 -781.866
760.702 -416.464
-513.938 -314.913
-881.196 24.763
-80.307 -590.773
-632.655 -953.172
433.113 -76.994
925.487 993.415
-170.877 -26.329
308.346 171.245
771.051 -21.031
818.118 323.987
562.597 -225.365
-739.22 848.21
184.275 -369.881
167.093 571.021
913.206 253.278
697.112 450.859
221.06 -888.159
-782.573 973.421
839.153 -380.359
989.463 -399.517
916.469 277.27
-216.994 -677.054
511.744 302.869
-60.887 -376.094
116.961 716.086
-687.556 322.598
-156.69 816.039
-825.814 -127.733
381.066 967.69
-431.703 709.372
590.163 -935.339
848.296 -311.986
677.113 -550.673
919.141 -247.083
-119.712 994.036
-501.906 194.253
-782.068 761.043
-184.495 274.94
697.675 174.788
784.27 -27.509
-594.861 634.57
-297.212 -673.168
-142.064 836.205
329.405 158.319
-496.728 855.915
-729.795 -100.041
134.391 -323.13
-546.26 -363.378
604.404 -201.805
-981.853 965.29
-611.403 -575.271
-21.904 239.476
-664.089 368.197
-265.937 -452.647
-473.414 -734.117
-730.696 657.598
402.817 -783.432
-477.285 340.574
-801.98 -852.625
383.034 503.218
-926.088 897.627
-126.858 433.848
-485.673 977.686
800.083 -23.748
-12.602 -936.036
335.414 617.631
782.339 -164.231
-634.788 853.739
-453.249 733.562
223.433 368.48
-9.829 -19.058
276.304 -57.922
445.892 -624.907
-753.835 -71.599
310.822 165.339
-504.641 496.96
962.111 -791.103
-150.764 666.2
320.247 203.934
121.194 852.92
-125.267 -796.079
-319.263 -919.821
-958.242 238.12
64.119 -371.512
-826.552 57.634
217.176 -346.497
-871.878 -788.299
742.042 178.488
821.51 533.094
950.95 523.302
-73.652 -100.427
218.151 828.203
-263.869 -256.581
-214.593 -13.229
-114.219 -14.623
198.497 100.573
-674.013 440.759
-910.306 -86.063
644.102 512.05
-309.219 767.895
782.704 -438.006
115.744 140.54
-485.831 435.627
339.479 785.5
75.154 -601.036
-985.969 -639.694
902.472 -315.658
-977.647 285.107
539.718 344.112
-683.169 567.208
-932.759 738.46
-213.644 -580.333
653.721 679.928
-802.253 345.617
607.853 854.224
-970.544 584.202
700.499 -388.159
-189.128 -756.881
765.589 -405.244
-966.695 -610.328
930.399 701.771
-926.474 -460.543
791.406 -877.049
-0.425 -190.789
764.31 122.359
-663.441 -677.883
-319.682 -586.451
-12.517 993.239
-760.018 133.786
939.527 169.952
792.339 4.785
41.442 456.799
-697.175 -744.207
-259.935 298.135
837.251 -116.665
925.359 917.029
724.564 566.081
931.525 207.696
-364.111 -158.674
581.625 72.514
41.79 782.365
608.356 -557.413
-974.818 -494.014
-325.193 -553.768
-73.986 -537.419
-478.988 -402.101
78.934 -842.518
923.942 -185.272
784.012 -333.115
773.887 750.175
825.836 375.409
235.496 95.115
112.381 264.617
-370.497 897.853
-405.725 -884.033
618.838 218.639
495.459 -111.533
429.592 407.787
158.067 248.067
-821.456 244.006
161.688 598.355
-63.636 -238.336
-221.649 -361.631
700.005 -523.798
-283.027 -595.545
-490.347 458.89
-64.951 398.76
-152.683 -678.814
-223.393 -968.593
755.505 443.068
-546.369 808.609
89.028 757.194
-5.442 -268.828
-171.302 -628.335
-783.559 -486.665
827.891 922.497
-921.674 -330.817
-921.167 491.494
339.994 449.88
-154.406 470.339
371.313 810.414
422.205 39.172
-309.494 -803.664
-128.657 393.166
9.492 2.045
921.577 292.111
-756.877 30.853
-926.07 -24.712
614.582 520.859
-463.156 722.426
-160.279 -693.145
213.76 41.373
-136.755 425.306
-664.796 -189.686
-957.215 -452.051
40.536 66.93
114.568 101.668
-235.549 -708.677
474.579 -642.671
-610.652 -389.473
-483.134 -468.767
-302.582 -294.477
-830.539 421.901
-939.035 767.37
903.353 322.568
578.627 636.318
966.193 303.019
896.983 -100.246
-675.862 116.478
-844.954 786.49
166.922 -352.767
682.567 -942.124
-483.201 528.78
926.894 -73.967
-564.951 -400.851
159.687 770.897
81.03 -162.626
58.401 550.031
71.185 -300.345
946.725 467.031
587.882 -986.447
-138.071 -354.446
218.113 -775.363
583.137 730.477
329.546 771.965
401.889 895.764
981.837 -898.368
-481.41 329.072
-570.684 94.674
-14.076 -315.725
-789.274 430.855
448.639 248.591
-247.111 166.359
-335.059 674.821
-74.842 279.432
-292.809 112.571
-849.612 431.316
430.778 -367.37
626.021 102.402
388.7 357.136
-845.336 -866.905
-479.467 -696.405
-766.254 -586.274
513.822 -463.836
-669.144 560.363
-418.369 798.049
324.496 361.699
-736.93 -198.362
558.626 512.763
-152.821 985.018
326.566 -15.706
-821.32 36.118
-955.689 17.263
751.281 622.516
184.939 684.595
-507.359 265.84
588.838 -433.327
-565.352 326.06
399.665 -605.852
871.185 916.99
-615.338 776.247
-68.932 70.284
-736.144 357.026
767.082 233.549
966.564 694.942
30.759 38.703
656.809 -193.373
479.503 -769.417
-435.84 578.807
529.695 969.312
-81.993 -657.599
734.667 -648.322
772.228 360.421
755.521 -815.079
-291.315 761.897
-900.295 353.308
515.896 -35.97
903.128 959.26
-928.737 -573.369
5.547 -823.896
-829.671 -840.262
481.356 751.999
-424.892 536.451
-751.339 -789.606
858.4 140.395
584.868 213.304
358.626 -115.465
-335.389 147.899
270.607 -735.274
291.983 503.548
264.186 -793.662
-152.131 529.173
84.931 -868.693
-670.89 791.315
-567.2 939.321
860.943 -246.424
793.017 773.793
16.91 -138.129
-759.867 60.924
683.602 -830.509
217.962 -692.475
-783.886 868.09
643.545 -784.809
656.86 503.114
-133.557 798.255
-443.528 541.189
943.985 -824.118
391.47 617.048
-248.277 399.24
-233.571 44.307
-776.118 411.54
-879.898 -463.11
-994.887 -989.69
-845.012 -117.439
753.942 -440.236
526.974 401.811
844.21 -626.481
280.303 672.39
284.429 875.504
381.785 -659.435
-571.462 -968.563
-43.944 816.94
-737.84 108.945
-869.482 513.556
679.249 -604.702
331.775 361.633
516.3 499.607
92.228 499.844
-887.732 -955.336
-798.629 638.592
-50.496 512.756
-825.852 562.79
596.644 35.337
-859.265 121.949
-460.838 606.872
-201.092 -763.448
-398.062 -761.221
-618.049 862.083
462.105 -154.12
745.45 -95.344
977.112 -723.507
-529.51 -819.366
-229.461 108.783
397.053 646.858
716.287 582.691
760.556 319.147
-478.801 373.735
-492.13 -69.845
974.741 152.672
527.355 -817.775
-268.306 -436.145
-101.547 -240.71
-315.239 -488.826
890.555 -542.496
-975.963 156.938
-608.808 360.415
519.803 -122.19
526.279 553.075
-44.674 -642.574
631.295 -928.63
-905.661 280.33
-705.721 -135.489
552.409 156.957
-295.358 -469.571
-977.978 -147.392
379.849 180.71
587.826 770.168
-698.467 -269.376
778.504 -387.594
833.03 861.998
-454.166 -194.729
-334.59 -404.383
159.287 725.331
-268.65 -879.522
88.76 715.066
-11.435 9.749
-165.226 138.516
-31.092 -806.174
-672.707 -292.897
642.729 284.973
-967.063 -779.877
-559.963 -320.339
831.409 667.572
189.596 -886.47
632.481 610.735
-99.512 -235.95
-711.369 823.824
-408.741 829.377
-104.266 -280.342
431.814 333.278
943.835 285.931
648.85 -915.597
-528.022 -765.208
73.837 821.164
-610.469 -138.957
755.169 -111.287
-761.971 718.669
632.665 -419.678
-174.773 -226.284
-155.811 638.022
604.564 -761.93
-596.61 509.528
651.022 715.14
-868.147 -407.765
35.717 304.782
739.815 847.149
224.859 -248.114
-976.476 -545.616
44.442 497.977
838.636 364.806
377.384 534.384
-556.571 161.938
-1.976 233.319
-676.662 -23.006
-202.132 42.31
-283.878 190.63
224.138 582.111
-116.249 397.618
-912.471 286.777
-499.212 -843.579
307.321 -615.228
796.903 666.552
-33.079 954.664
-32.844 -976.723
-125.004 -165.294
-670.216 37.512
-527.432 181.261
320.641 -919.426
718.593 383.858
-273.726 -279.753
909.1 -731.206
-330.666 -312.202
654.05 191.699
-203.116 457.864
-235.289 246.054
792.93 -980.703
629.227 686.711
494.689 99.744
-689.066 285.026
-866.958 -396.076
417.47 -534.35
7.883 -858.687
-821.435 167.886
-345.611 960.695
-756.795 809.769
740.111 -931.316
665.886 -885.589
10.644 853.344
-236.677 275.939
-342.035 495.347
271.042 -354.288
305.09 919.574
-799.946 -935.343
62.602 97.481
159.476 944.936
-58.784 -209.016
-645.619 -283.948
-258.192 -260.487
484.027 320.064
14.283 164.363
323.099 1.622
-725.94 -559.58
181.478 863.826
-147.162 -12.243
-190.353 60.857
951.086 169.158
943.012 365.662
367.603 988.787
769.939 -941.927
715.632 -12.979
757.691 -45.647
100.536 -584.361
764.569 -869.207
-641.068 320.485
673.885 292.348
-601.217 29.21
-542.469 676.172
987.763 -624.011
367.93 218.399
-624.374 -15.254
-59.543 787.235
-526.693 539.845
537.181 197.416
687.28 732.101
-900.313 -198.552
-385.275 -674.053
371.661 -582.196
474.279 35.202
-988.447 168.821
555.943 -123.079
844.494 -905.688
-930.989 -563.194
-497.583 660.877
535.754 -59.528
-594.213 477.016
179.702 28.903
-59.364 -963.741
-73.073 562.141
-270.42 777.593
350.803 121.193
-393.892 -859.847
-921.534 778.838
173.516 816.181
-794.499 544.354
28.454 -646.413
158.548 -938.714
-463.281 198.156
961.469 -275.177
-683.755 308.229
961.425 998.282
53.28 -771.58
372.181 -105.584
-717.543 -427.555
-545.23 -402.258
-958.26 -308.907
501.311 -399.421
-380.892 -170.051
-785.698 912.375
723.709 340.99
-33.266 10.098
-339.007 -44.299
996.923 102.605
646.602 -347.569
139.875 761.117
460.661 -746.015
-890.974 933.173
-802.11 586.326
-976.533 -590.459
-387.578 838.178
754.794 -181.965
880.618 273.631
-627.442 155.529
-986.535 -334.545
-286.408 158.145
-518.91 522.854
-472.802 434.571
-613.513 338.744
-837.579 -726.063
-269.707 470.387
762.662 394.197
-19.456 -362.006
-939.945 422.862
-941.681 -493.33
-569.993 427.776
-967.529 302.946
210.351 819.149
-57.763 348.555
857.403 434.573
-974.037 579.867
-477.858 447.241
-182.833 951.563
453.813 753.106
753.766 329.814
904.698 -225.173
-197.584 -589.369
705.36 76.736
218.038 693.178
-156.024 777.687
618.478 -985.745
-475.122 -699.276
-302.292 965.745
773.318 -460.725
-772.726 237.784
750.563 606.596
304.997 -353.684
-301.694 -457.627
-508.375 125.158
-935.3 188.374
-790.256 -758.425
-505.273 37.986
996.062 -217.043
-874.604 295.705
-454.318 792.98
-953.632 -903.168
-275.495 345.458
-646.566 -550.085
-979.405 542.56
456.189 -113.881
624.27 559.509
-557.076 -645.719
-58.575 858.805
-555.39 -811.328
-70.426 -70.905
-873.092 -577.799
-95.694 -389.473
35.748 639.317
907.541 -430.154
-49.886 275.785
-326.207 -799.691
-899.702 101.431
378.791 -418.563
497.029 -304.003
-528.324 246.795
-339.792 -699.412
-476.182 710.623
441.479 -815.699
-233.861 -29.265
-398.563 697.028
-451.161 326.395
-712.459 -176.645
541.992 -870.531
-799.303 -580.866
-505.484 795.465
-135.436 -925.875
-822.828 -79.116
-750.799 972.87
-900.701 -795.091
423.153 -570.099
-505.363 627.027
752.303 0.734
-13.037 -694.267
798.576 44.715
-839.091 598.989
30.347 -904.601
-561.157 795.837
930.478 -68.128
-136.51 -974.006
601.359 -782.782
541.944 -664.764
111.337 561.603
-788.694 570.51
-834.243 -28.643
-155.749 -77.409
-765.412 -109.575
185.839 403.862
-378.287 869.444
562.926 662.228
-318.346 -610.956
-14.627 960.236
-98.329 123.147
253.794 -967.652
-437.63 106.944
-296.57 -642.391
-129.574 -788.378
962.683 334.756
-575.276 885.151
77.345 690.653
111.488 559.934
371.572 -695.951
-882.137 -760.192
-873.431 904.301
-821.92 -394.736
-629.765 -934.238
932.127 -160.703
237.273 -19.225
-767.898 -130.588
-907.323 531.98
743.173 -995.909
210.533 -547.125
-346.771 -508.883
217.929 -508.987
848.608 -409.917
329.581 622.967
-258.35 746.601
-570.176 666.912
-50.232 -769.26
-993.41 -60.417
-772.336 793.106
-938.532 -119.382
-929.452 575.404
-801.99 -395.71
208.711 -736.434
844.431 214.401
-489.507 418.093
-970.996 -216.849
-52.394 856.552
-778.327 -651.986
652.091 -459.071
437.17 -128.851
-949.008 -506.911
-479.931 -330.402
-53.72 -557.285
-892.655 -62.277
-612.044 -303.572
-352.237 -595.962
89.786 995.722
-739.804 361.955
-41.687 -280.383
-921.025 -304.001
-158.403 78.788
-160.164 -199.754
726.673 -735.32
276.667 697.069
194.542 899.852
-204.335 922.932
223.092 -14.459
-241.961 -441.799
-275.187 299.455
546.144 611.778
-834.686 752.58
877.841 179.293
756.646 -969.028
224.643 436.122
30.438 -983.247
-609.489 507.642
48.434 805.364
-52.097 976.217
-761.49 233.592
901.634 976.727
228.224 237.55
-828.711 464.19
959.108 728.411
450.022 -900.795
-574.083 -195.282
621.356 306.784
424.489 -53.454
414.048 -411.744
373.726 191.38
-328.62 347.83
-484.654 20.75
949.057 -769.51
-831.979 681.982
-998.291 357.813
-781.939 -775.711
894.415 -889.935
-597.298 -426.75
467.7 -517.178
391.574 598.263
587.678 -689.853
-820.84 601.478
705.489 701.45
-150.153 -546.584
844.41 744.4
209.336 191.748
-842.649 124.801
-827.949 -974.59
-605.947 -984.223
-111.978 756.486
-549.693 389.824
-435.323 -659.91
-658.4 -786.559
-385.453 384.78
584.921 -26.456
-418.22 -490.196
559.721 -386.851
-908.241 64.651
65.374 634.156
-36.904 277.024
-664.998 -189.713
976.866 777.323
-820.591 -232.166
354.006 -944.147
838.515 -525.87
-273.945 619.346
-188.414 616.969
143.2 -662.491
781.866 11.974
731.081 655.508
-87.609 756.013
-558.028 -170.289
-586.651 893.268
389.823 -445.895
-660.963 912.188
-870.02 -261.369
879.277 -65.244
-984.466 560.49
99.202 -917.377
381.388 341.683
594.113 867.15
493.975 568.46
-580.63 -563.89
-274.147 -275.935
-71.796 929.709
527.967 159.861
369.006 965.734
-421.52 -684.448
84.216 -106.445
-741.355 -732.493
675.766 -477.097
831.088 588.439
-126.444 84.021
143.781 -319.29
-374.027 780.748
106.354 685.789
697.518 -702.354
708.796 646.284
-411.444 -553.207
850.263 -635.914
-841.785 872.877
-921.379 -677.322
-278.059 -166.912
535.62 791.999
-835.799 -583.742
-800.463 558.765
-196.759 -531.215
-68.304 10.947
786.212 461.364
-102.607 -760.311
337.021 -996.507
14.599 -13.549
613.044 -191.313
-858.722 192.49
-749.171 90.852
-771.692 482.082
810.827 603.583
912.473 -815.925
645.415 -934.528
987.463 582.543
465.015 -305.063
-90.329 -982.984
-831.138 0.633
930.753 -686.166
786.099 -91.498
106.163 846.138
83.105 807.402
726.191 532.681
766.797 367.68
713.756 241.763
-60.516 -89.459
-22.445 -783.605
126.731 986.192
350.624 -667.33
-52.683 522.521
-622.779 403.75
826.14 -689.635
181.046 858.218
-213.962 -514.948
365.938 596.08
71.18 -608.26
298.538 -856.069
488.214 187.698
916.575 92.362
888.582 928.72
460.98 -378.816
28.21 -244.39
817.133 -280.89
-566.618 -346.014
-973.61 -477.639
-664.974 -640.087
822.26 -362.21
-828.875 -362.853
194.199 629.307
-269.565 -513.477
607.329 702.171
196.332 117.59
786.43 751.851
496.913 258.762
296.317 -605.406
-420.998 -627.954
610.756 190.837
-432.46 -737.323
216.416 -18.762
-519.329 475.098
-966.038 960.517
306.749 69.732
396.926 -750.571
781.261 203.864
231.636 682.174
915.753 -563.26
-374.005 291.319
972.884 942.984
787.258 108.205
-854.598 761.408
-353.298 -177.303
-348.603 -943.368
-613.55 133.862
264.581 900.325
699.106 -27.906
235.606 311.761
950.289 -263.513
338.595 354.384
-686.245 -763.403
206.235 -916.619
734.711 506.515
223.222 -734.558
569.518 -204.956
-468.901 817.07
673.544 -889.08
-232.345 179.142
616.073 811.759
725.466 687.166
640.283 735.474
429.672 -363.762
779.821 106.088
227.62 328.106
386.41 735.605
-697.034 -12.678
-426.37 316.616
-36.421 928.608
-185.278 -661.017
-895.005 -3.92
-60.111 253.196
-664.842 980.598
31.025 798.889
-5.171 -487.867
106.031 -954.553
-426.442 8.581
89.06 543.761
-702.571 -448.451
-797.344 -932.99
-584.728 385.377
-541.755 -278.236
482.678 108.638
466.908 130.218
-979.252 807.054
-115.334 983.853
254.362 311.053
-93.341 -136.726
-37.069 402.014
-92.936 -83.662
-651.874 -549.721
774.299 -760.209
779.203 -104.07
658.08 344.851
631.16 768.302
-910.428 358.767
-370.132 -359.706
780.571 -939.866
709.691 -648.506
742.027 -483.405
13.738 890.035
508.307 769.191
-381.892 -140.388
488.745 -647.696
900.715 -649.924
-846.96 571.406
-761.568 327.771
-130.114 71.519
306.225 -569.648
-494.533 -706.174
-26.709 -132.729
489.901 335.565
-233.777 -624.749
-229.255 -363.526
465.37 -669.666
680.719 619.92
-548.763 -107.708
-85.449 -838.944
980.942 -515.87
-785.199 -295.741
-8.753 252.993
-522.032 -876.189
-45.973 -146.356
623.062 418.781
-689.184 -162.702
-260.334 502.79
-917.526 -897.421
-313.138 -687.129
-489.314 -147.632
-771.666 246.086
689.236 8.489
-961.931 893.917
498.631 -428.174
761.777 211.699
725.798 -787.845
-360.1 -495.586
-655.695 36.024
844.472 -702.427
-9.338 638.943
992.273 446.323
-697.263 148.452
817.29 861.835
953.576 -486.698
831.514 -560.94
-801.696 -924.565
-429.528 86.226
187.372 -155.765
665.56 267.827
431.374 -304.968
-3.546 -996.681
-234.658 -370.35
-207.71 26.931
105.632 571.492
533.342 897.661
-987.942 396.51
946.796 -183.026
-435.527 -503.506
545.697 59.963
-873.538 711.154
601.588 -216.134
113.083 87.5
-304.216 851.687
979.357 -655.23
229.37 -118.6
-214.561 -120.417
26.474 -487.556
189.18 357.374
-696.809 973.408
-160.629 -895.363
869.784 234.059
-194.426 -585.404
-62.109 -805.826
624.924 353.58
-232.552 -379.288
91.713 -770.588
-816.509 -473.782
-22.842 923.621
12.289 68.13
735.486 271.958
-132.462 -567.241
989.5 -854.335
-862.703 253.587
-924.811 -432.491
33.619 20.14
-859.101 -830.102
-422.752 -469.386
-960.717 -361.407
360.563 157.81
-33.261 -458.519
828.826 13.496
-732.662 -968.117
-857.012 -80.02
-998.246 -667.619
-419.289 -628.396
-138.813 -919.54
-148.31 768.796
-496.234 387.343
92.069 -325.227
-269.505 463.228
436.043 -583.292
522.79 -469.33
-572.821 -678.409
216.393 -353.357
137.134 302.843
-107.656 686.758
-57.248 -458.169
-732.562 -197.191
-806.78 -253.561
152.935 -593.815
829.478 835.985
-422.926 966.587
-333.394 890.566
-782.623 599.129
-952.351 -979.472
370.514 720.047
-1.683 726.0
-247.407 929.979
-36.375 -890.544
-722.348 915.395
-67.639 -650.951
714.946 -245.016
-928.256 240.271
-122.112 924.252
-840.418 55.369
-394.059 -299.011
-35.417 551.566
-985.132 -908.274
-408.811 775.236
499.333 -16.388
-277.212 -240.133
644.011 328.597
433.015 -593.534
827.731 384.23
932.659 567.51
-334.452 150.95
-498.578 238.247
446.677 -561.107
732.632 -601.523
-496.246 855.423
594.506 -575.056
-181.938 937.906
948.846 334.243
346.117 -237.53
-322.823 399.963
-226.088 -37.944
571.196 -57.294
691.112 209.663
794.758 741.75
-714.893 -311.67
800.488 -336.253
-753.957 285.912
-423.098 259.132
-795.558 -111.259
-466.045 650.192
-368.395 -113.133
-918.268 254.184
847.467 682.139
966.704 35.671
-723.952 78.105
254.102 856.793
70.045 511.741
558.66 760.09
73.545 594.781
671.095 -39.208
-827.899 -972.536
-902.143 423.133
252.339 338.774
-584.19 470.423
-986.544 -121.11
-3.52 12.388
-412.769 269.591
-873.536 -583.173
-446.732 896.067
321.405 847.403
-239.382 -127.675
-214.032 559.96
527.718 640.001
155.998 -303.05
-495.007 696.729
866.911 -738.274
628.789 -590.815
571.709 975.54
-291.165 -842.518
961.226 -715.983
-363.944 -501.935
-941.312 837.26
108.239 156.27
-824.713 -487.768
-505.832 -211.892
142.496 592.06
-597.676 635.42
-658.148 -847.135
815.606 -849.681
818.969 946.865
731.281 306.412
135.902 787.749
-144.526 -154.176
860.39 54.786
-24.957 -930.671
951.055 -394.224
-86.92 390.792
214.204 748.585
-958.534 -215.295
25.774 -913.497
-685.889 -651.748
-667.804 -908.953
58.934 -202.993
-129.027 -80.269
-51.069 -893.473
-774.464 231.181
590.503 65.224
-375.607 360.592
500.41 -83.86
-627.243 -208.365
129.209 -2.839
-978.197 -543.469
-9.477 -798.102
980.66 -520.725
986.541 -433.973
714.19 -860.628
-811.451 495.379
60.461 278.668
-700.683 -666.316
214.317 950.512
-160.149 -713.669
636.48 -247.961
-40.87 -244.037
-370.794 -924.097
779.979 40.683
849.079 32.313
516.539 -222.781
151.324 854.237
129.279 -580.11
81.316 -714.909
168.606 -395.125
368.25 -612.761
83.753 179.524
231.389 223.539
142.446 173.506
-412.215 970.397
-953.546 -758.536
481.773 -79.246
-676.999 504.448
-398.961 -350.877
-652.526 -127.226
997.495 -460.295
-58.762 -345.055
-347.0 -819.146
-508.723 176.924
673.159 8.934
354.053 -784.062
155.801 762.09
-527.85 -53.349
597.459 104.319
620.61 -372.803
876.144 -709.234
283.129 667.62
-766.532 762.37
-924.011 480.344
-263.926 -423.19
-313.478 -743.979
485.136 -966.686
-257.441 741.932
28.882 -831.642
-596.14 578.933
589.654 192.565
-655.86 77.253
-665.325 638.477
424.675 -348.181
260.122 -565.71
-516.114 -615.066
-662.212 -175.421
185.908 -518.726
287.948 -464.261
241.935 15.385
278.724 729.846
-722.424 467.057
622.742 342.215
-142.172 983.834
-90.029 389.286
886.287 -230.334
12.562 -106.746
574.209 716.495
-360.855 869.128
-574.432 245.786
52.743 553.184
661.726 117.211
924.168 861.641
-313.88 907.894
-584.563 70.476
-710.734 389.546
-941.374 693.713
992.857 -971.133
397.481 639.968
-218.367 -884.878
572.938 377.358
127.912 -975.146
-820.852 120.386
52.875 -976.598
-141.937 723.877
516.394 -326.485
406.351 -492.122
967.911 414.172
-315.669 -662.293
979.38 -341.884
352.361 -286.804
318.349 326.941
-681.234 -436.88
-949.305 -335.444
982.787 474.032
-394.01 59.155
-642.849 332.507
-4.518 -541.122
-717.591 -656.08
-448.487 123.645
-829.169 229.561
591.693 -877.218
675.897 -943.017
-60.315 -942.284
-463.018 644.246
-538.776 -160.201
-380.11 -307.245
582.556 400.099
325.573 -370.404
873.523 -394.753
-218.994 817.433
111.639 790.271
402.2 533.97
-223.181 264.275
751.784 -534.306
-381.434 254.691
-597.185 -238.19
-522.183 989.199
595.088 11.074
-895.991 -582.205
-453.578 894.998
533.757 -556.593
190.556 2.685
973.265 780.958
-848.797 -268.417
453.272 -119.865
-540.297 -819.464
889.237 180.351
-142.271 30.361
-112.331 -448.225
-166.1 903.604
270.459 438.813
508.419 -218.298
363.541 43.218
64.355 -798.658
-582.04 387.674
-502.53 394.981
-801.458 659.929
-241.494 -310.041
-472.803 656.41
387.748 -578.063
572.395 -977.781
149.323 201.824
-380.724 55.594
660.162 -569.543
682.47 -174.973
-789.532 607.067
-240.127 -787.885
796.333 -282.517
-370.164 -596.746
-890.573 -867.493
169.09 976.803
-480.566 -290.226
-477.769 -168.363
908.053 -739.439
28.193 470.888
435.758 -717.769
-265.96 -292.308
-692.867 -671.18
146.229 721.536
-19.238 -854.356
-672.59 876.683
250.455 -257.66
877.806 -357.901
77.942 488.913
550.554 -203.253
527.983 210.902
381.757 -210.269
-594.903 344.782
193.387 -304.201
59.376 79.668
888.146 523.034
-736.57 -360.447
-195.228 572.254
-976.947 360.904
-825.721 187.517
28.467 251.252
148.149 479.613
-223.419 -654.914
111.947 772.12
383.473 126.445
996.92 -554.706
676.151 -741.582
-584.546 576.369
-143.614 -927.922
-111.389 -710.412
-501.636 -39.419
-212.38 501.02
388.899 -641.734
933.905 -612.824
266.851 818.785
-371.571 -420.888
-538.811 -78.892
-490.247 490.126
583.828 -660.921
128.784 -102.932
70.014 787.369
219.982 -729.815
-482.289 -612.32
192.445 380.34
-444.503 -728.133
-779.599 640.978
614.895 -832.428
-951.724 -532.711
-995.595 -300.177
534.007 698.911
-540.607 -370.154
766.877 -980.55
543.437 -729.064
387.23 259.83
-62.956 -67.233
825.985 582.136
22.187 846.563
488.372 -715.718
-163.977 370.141
-628.823 806.174
615.261 900.054
384.623 -508.493
-304.411 995.801
650.065 -968.277
-930.33 161.244
-663.916 -208.616
-100.077 737.579
-24.647 722.158
-722.184 192.121
536.952 -265.553
588.783 767.04
-295.282 -762.944
60.415 465.511
-501.211 975.786
179.702 963.206
696.831 267.194
161.45 -36.779
-256.318 797.491
-119.37 -606.925
544.156 62.915
-168.109 793.812
200.857 -127.17
602.432 242.986
-302.491 920.297
-857.049 -679.985
-567.37 57.192
680.415 -116.505
846.404 237.539
-486.112 298.146
-700.221 -907.245
522.828 741.583
395.366 475.523
447.914 494.22
-730.097 705.203
286.416 995.206
-495.762 -982.439
-856.869 962.798
-384.063 -190.766
901.643 -318.004
219.052 973.435
-85.091 -956.316
-151.307 -634.945
-658.582 851.625
-31.377 976.315
-991.638 -261.09
-247.399 704.738
913.662 -868.87
-399.614 459.694
-163.55 -336.567
-474.547 -576.707
504.324 -687.517
-51.332 321.759
961.556 406.244
307.931 -190.599
-705.22 -91.12
560.319 665.153
-762.857 50.445
370.954 -424.685
-589.444 932.322
741.651 0.689
-833.919 297.489
917.305 -179.0
395.263 935.406
326.466 -152.784
-148.03 -581.512
720.366 133.377
-296.128 -555.199
-98.829 -144.405
-531.43 -645.05
692.197 -770.354
-353.019 827.627
-823.754 814.971
500.176 -454.294
-842.841 940.787
494.529 809.509
15.985 -927.87
-207.949 179.21
478.161 -476.506
-19.859 976.875
-196.814 -408.097
-973.065 97.063
976.088 -602.11
-866.143 -611.503
584.794 -899.931
854.218 -91.384
198.472 697.356
-6.044 279.339
-55.374 787.648
522.837 -320.223
452.332 -923.478
-143.872 -831.263
-202.964 -220.306
192.051 227.679
554.915 -876.664
-678.258 523.077
578.739 -130.21
414.328 68.199
878.047 426.81
720.158 -35.95
-153.692 -420.998
-499.473 827.73
20.167 -142.186
-509.52 -759.83
459.294 390.523
899.786 -530.007
-655.603 -59.579
-410.807 -522.517
614.656 -94.079
-914.116 -350.087
-4.864 -602.362
-176.142 467.972
-688.915 955.323
411.42 -176.339
301.927 997.515
-394.983 187.749
-365.279 549.997
-847.716 759.326
-268.937 -809.466
642.991 -685.534
-18.912 -917.723
760.213 505.156
906.979 482.459
258.457 550.02
381.592 250.993
809.855 -66.773
-391.463 -507.305
318.894 -55.639
479.874 371.746
983.498 -207.185
131.787 -250.997
-28.298 906.82
-858.69 179.573
222.394 340.016
-726.277 -126.281
779.829 541.066
-578.956 485.465
-990.266 787.236
918.233 219.46
-458.15 -316.995
442.929 -703.434
-442.414 997.675
631.993 -548.448
-348.231 880.463
-932.028 -346.255
-862.522 568.014
254.012 47.104
557.438 215.84
-801.331 -735.785
918.717 273.377
856.787 -493.676
89.183 29.255
-139.79 -543.776
324.423 -854.685
-802.502 747.058
755.428 377.851
-520.779 -940.701
426.749 997.34
-402.055 773.315
-698.366 -622.79
384.561 -602.515
-682.455 -512.618
-937.455 299.875
538.779 -451.051
-675.165 -765.877
959.708 580.059
-173.355 476.36
-802.694 349.453
-56.181 -243.787
-345.657 837.957
97.963 124.331
63.56 291.94
-650.588 -582.569
-977.912 -179.117
-180.328 688.895
290.939 688.715
482.175 437.102
514.133 806.408
564.29 31.073
-53.516 587.772
-264.449 288.872
337.892 409.871
103.703 -889.541
-554.22 198.438
-588.732 -684.433
-666.437 -887.261
-951.126 639.178
604.905 568.195
-141.936 -854.018
-73.408 -181.649
-87.484 -12.227
-253.283 -94.616
340.759 -438.525
-969.404 -937.717
246.969 -705.064
-692.062 -784.616
-354.478 -601.292
477.705 -285.277
246.512 228.088
-502.034 -121.856
-748.518 -44.386
-199.021 -494.945
-43.01 528.699
989.907 -141.291
411.522 829.23
-925.613 717.066
-884.065 -651.028
596.373 -51.796
466.321 -269.833
-501.874 457.514
-499.314 -129.66
160.116 259.219
501.826 343.684
-457.798 -665.638
431.17 785.76
805.897 -60.472
903.523 -501.822
557.473 -967.199
373.826 153.531
-919.852 -803.647
-361.408 -135.648
343.388 -966.415
625.283 42.716
-250.491 -783.649
-11.788 265.574
-740.529 621.775
-481.801 955.335
51.859 887.69
-799.877 65.252
179.017 -581.777
-69.115 347.033
205.342 -62.185
-198.907 927.613
-246.815 -873.918
53.376 495.364
288.34 416.792
-868.437 -202.928
329.271 354.696
-176.829 685.654
491.273 -466.069
869.049 -601.542
675.145 250.672
47.633 506.689
918.483 900.392
-390.757 123.744
-250.54 -189.853
578.117 -572.939
-390.307 644.58
-786.709 819.682
-182.818 -731.328
749.882 -663.462
523.376 -382.128
105.945 309.954
-180.232 -921.127
-567.493 -910.554
-497.319 -785.569
-320.376 -326.611
-878.611 -188.951
769.244 -255.919
-524.867 3.519
798.157 737.577
-229.187 35.077
446.017 110.754
-781.242 567.036
531.95 834.667
-258.003 855.059
511.301 641.244
-885.658 672.337
791.449 431.818
-144.052 917.71
554.36 49.49
699.989 335.12
747.515 -295.889
61.302 -290.776
808.246 965.528
997.765 139.484
921.706 494.075
511.982 659.953
-687.764 720.45
-110.595 15.806
-710.816 -912.208
660.377 -211.849
-447.423 68.597
44.141 -139.061
806.171 -802.825
-792.401 -494.162
201.188 803.823
829.124 -125.853
937.354 -847.424
-292.005 82.706
-207.641 -560.918
-552.989 415.074
-127.286 751.842
-525.948 414.013
243.655 846.726
414.351 -56.19
592.745 352.909
138.833 -470.475
-428.546 -692.153
-984.532 -181.977
19.634 953.197
331.039 599.341
16.879 174.946
-685.667 657.186
630.821 595.279
739.333 -737.698
481.279 -810.148
-270.576 -235.804
-707.528 765.807
955.241 -455.405
225.645 -836.559
175.669 -173.936
878.755 841.631
449.581 -522.533
-620.348 -285.378
-379.787 -631.157
949.761 275.467
640.274 927.497
872.923 870.691
-563.859 -107.868
-430.192 -354.667
859.312 -104.014
421.935 703.518
-602.259 -396.342
200.45 667.75
407.744 238.91
784.14 463.647
200.177 -880.413
-29.689 761.792
800.827 835.771
-18.898 591.381
-866.904 -720.327
560.869 -43.304
917.225 297.682
-534.188 -501.204
-421.927 351.409
-771.735 -510.33
99.888 -14.445
-533.081 356.578
-185.472 -342.769
318.826 598.582
-780.439 -681.246
-398.45 -249.63
-368.893 -493.349
305.075 58.926
66.957 -83.094
556.358 -262.244
-468.189 -226.613
218.196 803.783
657.684 377.51
709.281 -860.276
-399.227 -100.544
-475.737 -839.842
509.71 -540.591
951.197 -330.173
-884.172 310.011
-513.72 -82.056
716.643 -181.625
488.155 -361.979
762.672 172.871
-424.427 -993.758
-938.218 -524.036
-818.246 427.236
749.144 -290.034
-727.954 -660.187
-951.475 829.942
528.954 -732.364
780.876 317.518
-880.995 -447.724
139.968 -364.077
702.479 815.178
-179.82 -894.128
-505.984 427.143
682.991 776.009
144.547 99.958
-402.519 561.316
803.941 366.92
363.446 829.174
-54.166 -888.762
32.762 -102.218
-819.935 -454.803
-75.39 -623.667
771.632 -904.962
262.09 -150.119
-550.243 581.945
762.635 895.034
-69.276 -620.711
-918.985 911.795
796.961 -991.644
-503.596 -532.461
-282.628 340.134
245.074 250.186
-556.798 737.573
-408.379 842.951
-628.667 -124.891
-594.921 -308.374
276.027 -742.544
488.557 888.189
-326.815 633.347
174.156 -307.901
783.83 -447.37
773.28 953.062
-388.778 -151.041
-927.089 -4.654
-743.604 360.301
985.126 563.97
784.838 57.767
565.513 -757.25
794.085 -531.23
553.539 -799.337
-239.241 -555.971
-365.475 583.799
-838.808 51.467
887.211 -149.856
445.885 742.323
383.006 -250.909
515.605 -334.242
-542.125 -147.475
129.745 328.157
6.992 -114.846
-659.667 -407.308
-294.687 952.514
985.764 934.879
6.183 -1.962
391.144 652.522
-826.46 -689.994
153.25 240.702
-407.284 -659.896
980.381 -374.256
94.929 -378.268
-376.075 -663.743
-885.839 441.551
689.403 -416.067
32.032 15.012
597.511 -832.493
614.924 -151.859
-704.781 223.994
137.09 -618.391
-280.438 -151.461
-816.502 -604.074
633.731 -70.371
-846.369 -852.297
18.737 413.864
402.142 383.038
-413.4 -203.953
-686.266 -804.367
749.502 -571.582
-189.647 -813.786
-522.203 -316.363
482.777 319.515
19.159 696.62
-631.469 -30.584
-360.975 70.373
135.327 -825.205
787.828 -810.692
-336.686 -634.986
-474.312 171.915
-330.282 -12.327
163.407 -747.598
991.506 -228.589
258.012 -15.726
583.594 -449.022
-673.876 64.304
849.672 -263.944
129.766 709.839
-12.009 900.898
584.522 656.579
-629.36 -168.369
-425.424 597.03
446.649 -127.015
58.776 723.102
-538.104 -255.438
115.592 -427.901
-493.22 -509.4
123.457 927.138
744.474 -322.328
29.506 283.367
970.788 -739.969
-170.72 700.377
49.413 -271.767
18.156 -510.444
890.774 529.469
425.67 434.923
-468.951 915.449
772.266 -645.68
553.212 -915.842
-962.645 -990.314
-841.087 -181.294
153.534 453.123
-169.362 393.696
567.906 -658.285
-782.222 573.152
595.162 -173.83
-856.768 509.927
583.858 88.554
689.944 -933.48
255.957 -417.943
855.585 502.11
608.941 147.437
589.015 574.267
576.106 -47.706
81.659 -919.823
-617.714 826.524
234.386 -613.291
-52.554 -144.719
-515.974 -54.932
-767.81 -957.47
-536.039 -647.453
888.528 -435.579
415.827 405.936
-124.323 678.02
490.941 125.915
-335.911 484.442
-98.304 890.983
821.311 120.073
-260.565 329.372
-343.316 -658.528
-293.885 216.051
29.946 -632.995
294.541 -101.558
-794.96 142.014
-697.371 537.195
-570.804 993.268
83.715 201.999
353.025 -673.569
-735.555 881.811
-164.078 457.687
712.377 -866.655
-160.255 743.799
-657.813 74.744
464.99 -909.54
292.218 858.542
-40.393 -903.267
-389.653 -422.882
-435.809 -621.275
630.577 569.029
853.016 -92.21
588.702 285.058
-795.7 -567.769
-812.874 -657.931
-942.622 -880.066
714.504 -679.34
-13.996 -447.481
561.09 300.468
-932.022 892.514
462.133 809.029
-751.927 -114.227
-187.734 -778.416
-416.142 11.487
205.994 -56.389
-261.703 380.852
-116.524 711.932
-522.032 -673.367
869.248 -330.489
448.399 172.825
-513.324 -853.48
568.649 -577.153
-875.604 -282.453
-337.1 -851.991
-217.215 -467.022
841.317 -116.084
-611.909 -580.088
-239.27 90.16
-964.145 788.65
319.176 234.372
-673.836 650.389
170.83 -208.354
-373.347 929.525
279.62 -844.618
542.541 485.675
-134.118 188.215
262.42 812.722
-415.166 -566.963
884.336 -834.162
-33.404 307.012
487.822 -213.569
268.463 -879.622
-352.656 897.261
-478.324 -931.082
570.397 -295.81
-664.633 -306.563
-877.593 -583.05
-863.503 172.845
-371.178 -855.106
-37.975 -349.165
-93.066 112.878
422.507 372.612
-462.096 -18.582
862.52 813.698
-318.378 660.67
836.524 343.445
455.664 935.625
-451.396 359.761
-565.479 -370.226
-538.936 -203.001
-528.858 -59.028
920.999 641.135
-749.821 -761.345
4.716 517.147
366.998 540.738
-928.687 257.517
829.51 -834.154
-360.566 -690.906
-404.249 685.462
69.671 -64.155
223.885 -167.779
552.458 482.353
-772.117 -42.352
-823.631 -399.577
614.579 697.112
454.834 -287.986
929.278 91.724
-544.315 565.193
-38.042 -748.635
736.36 -996.425
357.496 105.38
-684.145 -953.584
-805.729 -465.36
672.071 805.797
-87.975 505.452
-247.712 -432.013
369.397 -891.293
-60.957 803.353
-287.359 -973.366
136.634 -370.203
-6.204 -774.938
-283.1 -184.721
-103.691 277.644
570.656 694.638
146.691 -860.587
221.798 -805.17
622.05 599.024
825.009 -722.386
-726.63 411.692
-683.982 223.495
-53.922 -940.942
-332.231 185.267
-581.886 -863.84
-272.908 213.269
226.861 -663.827
422.72 -376.416
615.913 -604.748
997.712 -111.348
-63.819 -23.167
-701.287 -277.925
-764.981 755.643
-851.134 -233.115
-554.537 851.448
-775.778 530.065
-459.079 -302.96
763.727 -457.102
-938.564 851.222
-931.167 811.454
-427.106 -105.711
634.405 726.515
-35.154 -353.648
642.158 580.247
513.052 -515.996
-736.359 -352.56
-256.419 -806.445
18.454 -839.018
-203.146 -979.027
-758.788 432.073
487.074 -353.986
-922.782 -30.886
-502.248 -769.846
518.299 992.435
700.697 975.226
694.191 -778.098
236.779 648.563
-755.715 874.726
-328.698 65.844
-809.111 125.822
19.888 -335.814
709.273 141.004
774.186 804.191
-306.725 898.98
-961.687 -326.076
-225.014 696.768
-53.999 -947.478
-371.511 -898.143
702.295 479.254
-733.631 -620.775
-822.276 445.677
300.693 -146.254
-989.231 -883.16
-866.203 875.976
842.906 503.422
61.142 -368.26
674.787 -878.077
-913.657 -944.518
-96.202 320.259
-326.909 -173.13
18.803 856.028
-12.281 -316.114
931.669 466.376
242.327 830.712
-303.654 -285.231
131.724 185.302
427.54 45.953
-220.66 -734.31
-570.41 -211.21
477.332 642.203
563.983 -339.114
-904.668 992.154
623.351 -990.117
-139.895 494.74
-83.24 -563.054
-629.659 -587.753
760.733 -585.667
221.095 975.282
-985.527 938.245
-237.471 -927.596
-615.901 511.66
311.775 570.654
253.226 -184.989
944.164 3.313
536.895 295.176
-172.129 -124.273
336.991 296.274
331.06 149.268
433.747 -127.022
261.473 -695.574
534.608 266.728
-240.622 -315.18
-98.721 459.412
-674.996 910.228
290.177 -786.119
355.557 -293.406
224.067 -323.391
-934.808 588.572
-393.273 94.098
700.694 -812.111
814.286 -817.58
-297.409 758.514
-816.142 77.567
-363.609 373.712
-958.382 161.83
866.44 434.704
-391.06 -358.118
-206.664 -228.64
-633.03 871.565
-557.79 364.082
296.13 353.998
-959.816 -349.243
982.504 987.905
517.7 -184.556
809.882 -981.897
-182.986 -277.434
-201.277 61.399
-662.579 213.768
-943.762 -439.412
9.208 9.736
428.39 181.292
168.766 -9.52
-716.538 -667.312
-983.05 216.461
-266.468 -37.842
381.165 -462.268
-984.522 -449.599
413.482 816.137
245.545 -70.178
729.822 -502.344
584.468 -484.885
-879.637 -653.141
-170.003 461.647
-456.487 981.033
-156.518 -899.035
238.958 -317.814
-155.61 -75.532
-278.351 -586.948
747.348 163.39
928.209 -879.695
576.517 -521.567
79.398 -921.056
-897.555 127.54
246.698 -93.894
-936.029 -987.529
287.917 -41.662
89.088 -407.997
-305.207 -11.574
189.783 841.516
-582.225 -768.969
293.173 -173.413
-788.349 461.756
-915.052 188.711
-945.029 863.886
446.194 847.773
52.618 -351.439
-28.873 528.814
144.361 148.767
-146.796 268.431
-360.231 -210.206
502.886 387.916
152.525 -637.406
366.247 -506.108
382.701 -90.225
341.831 -596.924
-188.749 763.795
548.822 652.437
590.563 49.137
-266.648 -293.814
586.804 449.47
-458.711 473.789
493.007 490.145
-325.956 -408.42
319.926 762.921
-38.383 -580.815
71.986 -993.433
-127.095 650.273
29.359 813.931
237.056 808.476
467.479 254.802
769.687 -225.079
906.876 -456.168
-411.447 -612.511
465.641 -170.455
320.92 849.471
-213.816 -137.983
613.334 721.942
787.456 270.857
-591.029 419.957
-36.46 649.71
973.605 911.832
-352.955 504.157
-94.872 785.302
-734.553 209.869
995.762 355.069
-235.288 667.209
279.712 -624.706
917.863 -824.921
-413.675 353.346
671.519 539.153
649.419 538.353
207.707 -642.915
-20.832 -160.325
-546.059 690.799
-970.15 -77.041
-943.743 -51.49
432.405 402.203
489.781 41.845
640.482 -47.287
337.792 -641.113
-115.949 929.558
-970.443 -55.458
-874.311 -666.08
-869.124 -460.621
-155.182 510.819
-917.98 415.312
785.48 400.227
-714.922 542.54
-87.728 -498.508
595.591 423.222
-547.808 -425.77
-217.084 413.094
105.12 -152.686
437.114 -674.587
974.35 264.93
366.295 61.782
-55.719 618.803
695.42 -8.058
-444.084 -501.274
693.774 384.881
-601.932 486.365
-440.667 891.069
582.63 627.547
-158.992 -777.617
-894.129 -41.895
980.983 -715.633
67.101 226.317
-447.987 106.115
-478.547 -74.359
-733.928 926.991
565.98 659.755
705.982 -790.96
-566.707 -558.873
414.495 -253.272
-645.679 -461.101
-5.959 132.039
-890.538 -501.429
420.053 -506.965
-936.819 153.851
988.654 -12.457
-29.442 -864.032
-885.862 856.384
-945.112 648.201
213.646 741.141
686.502 533.46
470.529 758.188
861.013 -237.23
668.767 -509.064
-98.137 -954.686
-72.716 531.813
874.536 352.734
-394.415 -522.378
-365.905 912.566
-340.477 2.653
579.209 -108.796
-199.292 -449.729
-712.837 13.229
-705.506 758.141
417.875 -895.909
869.482 -344.722
-623.713 -505.531
-775.266 -171.446
784.851 687.389
-874.698 -940.111
999.147 -731.61
-266.378 0.099
-302.153 -929.32
878.572 782.384
-902.126 533.083
177.514 -331.004
656.337 -791.235
-758.326 929.175
307.197 -761.088
834.956 -340.571
-496.731 -746.733
-583.165 -90.712
-639.591 -280.299
72.184 -324.137
18.772 -60.291
261.483 844.821
160.951 815.52
-696.724 -768.219
848.153 -492.005
-885.736 -775.073
-685.24 902.709
591.989 -816.93
-382.699 929.012
-483.084 656.234
-829.822 -38.727
463.617 369.077
-619.562 -281.811
234.616 948.393
-239.778 -939.237
-313.093 874.472
-769.458 165.957
-376.524 850.137
350.088 205.256
186.768 699.718
-545.294 915.417
-450.176 817.18
-233.922 -662.2
766.165 81.868
-809.53 -906.441
-221.312 634.473
169.063 640.843
-88.848 623.175
854.048 -965.777
-674.418 83.277
510.368 602.398
936.334 -763.413
832.552 617.483
300.169 643.757
-80.177 516.236
543.062 -382.223
494.039 -948.738
367.072 224.206
-582.339 373.603
621.045 742.315
28.641 98.768
-354.447 610.016
139.789 -3.425
-508.226 933.987
522.533 -356.309
79.689 106.402
139.344 -621.382
787.321 -375.409
812.305 403.533
118.259 93.405
-994.001 179.568
-453.878 -37.956
135.002 -649.24
820.621 946.521
929.07 895.043
94.839 261.216
-388.398 -919.729
894.258 774.598
-513.878 8.324
-395.725 -859.519
399.096 -610.19
-164.85 279.428
168.23 -760.102
828.096 -324.607
382.386 -618.944
538.106 819.471
-956.753 -725.37
-407.38 185.205
-101.261 688.875
-3.153 70.63
-718.784 256.08
-793.017 -845.835
329.202 -462.258
916.715 -929.08
90.435 -521.507
-677.898 982.208
204.994 445.935
-826.487 -241.233
-925.754 953.043
507.195 -37.049
-207.801 781.284
-434.916 -308.147
-138.233 884.318
932.358 -415.587
-264.334 -83.805
-866.517 -341.222
-785.504 -996.417
-716.514 354.213
-284.26 -831.815
-154.085 212.803
527.961 -543.02
239.559 800.438
-917.167 -232.911
-958.685 -370.418
-289.134 -483.53
14.554 -576.972
751.723 -67.269
-365.961 555.754
165.068 -267.381
-205.116 -384.871
-835.749 -548.745
-415.553 -316.253
-12.197 -158.628
-333.595 782.584
-500.606 -426.197
236.056 -633.766
-265.546 960.49
-492.737 337.2
-756.579 -359.664
16.539 923.565
-717.13 -132.291
-566.136 249.711
-227.699 -211.347
-709.359 -486.063
634.927 622.903
-859.668 -747.987
681.066 -353.472
-785.165 584.013
-327.021 761.182
70.668 267.546
961.463 542.834
-796.127 -359.437
-303.974 761.007
-735.652 728.775
265.3 85.805
525.076 -878.872
744.196 904.043
15.778 -715.581
-372.91 -484.806
363.013 31.766
-855.738 -693.006
548.401 429.017
392.032 903.254
508.309 -470.07
-873.403 -816.299
363.994 -179.681
-842.927 685.202
713.119 -393.819
-542.025 705.185
-344.868 -174.459
-873.787 282.046
-305.474 -749.695
-245.682 164.99
-84.438 -868.097
692.997 313.647
544.931 -641.131
543.984 583.562
-516.029 -816.595
-889.084 -759.385
-4.333 -494.93
-881.883 88.931
-208.024 27.072
-564.808 -296.886
-558.66 -499.986
886.306 113.056
92.903 -228.763
-519.024 -943.921
413.828 -725.908
10.811 -328.671
134.802 -633.803
-62.991 -774.42
-908.128 525.964
223.24 -270.536
-394.614 976.493
-330.874 -116.777
-760.398 -288.54
-274.349 -666.831
73.1 911.309
696.575 898.862
-995.466 -820.412
38.929 -817.388
-78.138 297.013
-319.198 689.538
-884.328 -808.683
207.092 -121.508
-127.532 -793.156
119.993 -952.861
-218.677 772.93
-687.987 -593.549
773.17 -705.509
629.355 751.322
845.15 87.046
434.757 707.893
607.057 -315.808
-581.173 -656.63
951.159 416.217
-182.716 -449.78
679.486 572.613
403.896 -462.001
-493.209 315.333
-622.984 -370.221
-394.224 811.23
-398.591 870.989
635.104 -116.945
390.148 -742.666
135.875 -862.628
-1.927 734.987
-609.977 -879.355
583.192 16.5
-6.398 -924.741
558.519 -371.709
66.763 -865.196
-280.235 861.148
862.409 313.229
956.461 645.785
442.673 -51.827
461.116 -890.562
-329.733 -927.658
-989.788 -205.826
-71.711 -20.219
903.617 20.433
67.822 604.817
-446.216 -662.39
-308.62 492.447
71.28 -619.234
-509.193 9.628
835.221 323.541
-462.664 -784.501
634.558 87.062
-601.98 786.189
380.68 -124.044
568.739 -195.319
463.524 999.18
-317.684 -988.517
-542.977 109.283
384.404 -838.431
48.314 -395.866
-58.831 235.149
-827.324 81.294
-498.229 118.179
24.254 -87.921
48.383 -823.199
106.849 -861.835
-0.218 -581.439
508.903 879.909
909.619 -813.367
-346.11 -480.809
544.867 -870.756
-941.292 224.694
-232.973 307.914
482.333 197.437
947.054 892.276
-632.382 590.751
369.932 465.418
-166.218 536.526
969.066 -331.665
-75.798 -59.032
395.878 664.255
-758.529 -689.74
-574.372 150.712
991.541 122.271
927.387 380.022
24.682 -165.834
838.397 -888.511
215.618 664.966
-110.585 -282.254
387.32 -191.202
-29.428 692.879
853.455 635.618
-186.006 -120.909
835.62 -74.878
-919.76 123.854
-343.568 -936.174
-11.669 -95.645
334.166 -991.345
-55.32 162.389
-441.647 -639.526
-822.865 245.039
-234.105 2.392
-423.447 861.857
-795.889 987.857
-571.197 990.952
560.911 652.267
729.786 -510.696
151.55 748.424
787.19 -587.851
820.936 849.396
845.279 971.475
-852.311 917.424
762.363 -956.618
-667.454 47.251
-288.662 -861.312
671.997 776.624
-759.67 403.579
784.217 576.534
743.307 484.204
453.025 363.675
372.736 -75.622
270.568 -553.767
-306.707 -587.296
341.457 -990.659
-711.361 771.645
843.324 691.931
-862.595 218.108
-272.023 -312.438
-319.193 649.308
-866.011 606.085
657.011 -733.96
-657.764 -986.192
478.342 122.8
329.939 799.314
20.939 -18.106
187.908 -821.36
-515.647 -380.158
885.509 -269.24
-880.306 -43.757
180.096 -107.535
368.961 -125.549
302.139 -38.633
-611.157 -286.403
763.713 -513.771
287.434 -305.323
-751.202 -870.03
55.983 56.362
-246.208 257.999
355.233 201.902
-851.15 224.708
261.999 28.507
48.636 -704.523
87.406 -94.2
-539.349 257.126
451.436 -611.879
350.823 -995.102
-975.471 653.181
-314.619 629.686
-490.8 -61.104
-64.163 -754.943
530.401 579.018
390.543 -978.37
971.488 -281.584
936.117 679.865
372.033 -217.577
489.937 -434.305
-805.56 436.863
-493.133 125.063
443.49 -590.43
-514.519 -792.265
23.245 -699.765
-782.591 -631.204
117.07 442.701
-227.33 321.47
240.821 -116.303
651.886 -349.269
-374.197 -111.84
512.57 460.473
993.72 -48.855
401.447 -60.933
-389.339 172.603
-321.152 290.585
680.126 635.16
169.013 850.715
483.908 -688.05
-242.298 -796.97
444.898 258.199
806.769 293.743
868.925 -349.095
-230.413 254.903
-616.004 -552.776
-195.524 -846.419
-104.264 277.261
328.497 0.291
675.007 -122.247
-867.644 675.395
-987.681 -395.208
-920.248 -489.014
223.042 61.325
-172.315 428.054
801.828 503.949
-401.233 517.674
134.328 -318.159
518.896 -615.21
995.888 -956.412
918.089 -81.347
861.63 155.468
-955.802 862.212
-877.401 905.863
-533.456 -390.142
-173.372 544.446
-457.564 681.323
-101.212 629.116
-215.98 207.055
626.174 -357.788
887.589 -999.503
-796.025 -839.469
292.311 984.606
899.525 734.375
595.693 405.692
434.622 602.264
-919.017 -80.033
-300.574 -521.692
854.595 389.036
752.815 -135.612
-32.173 -176.314
-565.95 971.815
-310.204 -202.749
184.912 59.015
797.77 892.18
81.972 -701.875
866.289 -972.265
-128.488 -318.875
247.207 -294.593
-677.663 -753.212
-417.916 46.166
-775.631 -247.591
-739.167 -943.463
-306.148 -227.071
-139.947 294.439
-18.558 921.97
466.312 613.094
-664.022 -169.123
-248.838 -262.188
340.571 -754.764
967.979 421.335
453.04 804.29
-109.722 247.648
820.166 721.392
-982.707 -114.987
-831.204 -827.156
941.296 -288.191
-653.382 -597.531
172.708 917.324
-697.945 659.848
-88.524 504.725
-27.495 -888.425
854.647 918.554
-704.197 -484.26
-173.261 746.84
174.229 33.801
27.634 -914.396
-75.816 539.191
561.567 -779.405
-861.411 143.88
552.437 921.328
700.601 -147.884
296.748 950.119
-909.654 -571.191
-459.841 -487.048
635.687 352.945
-420.133 595.498
-108.997 -718.612
-575.127 -252.729
305.069 -13.231
-553.302 -610.284
609.55 -831.83
-208.419 -872.621
-787.426 -966.652
-165.686 -754.983
841.8 -908.609
-741.941 910.045
-569.264 235.06
-308.84 -584.204
517.212 -336.464
-118.517 -616.765
363.918 -506.713
-276.869 -923.751
682.154 -899.08
-940.551 857.678
-137.66 234.641
-646.495 -237.506
-436.795 458.65
-781.628 551.049
-341.248 423.268
792.731 -946.506
-979.018 884.384
-946.681 327.469
811.761 391.025
-703.903 -879.369
-881.6 -720.04
241.599 403.944
-557.838 749.814
-240.056 152.372
981.676 963.732
-241.724 260.104
-296.577 -799.789
978.396 -477.378
-278.77 540.658
208.934 908.837
877.638 461.659
-294.534 -142.562
-966.349 -542.371
337.351 -363.776
-476.098 -317.732
-711.679 -924.044
685.402 -81.706
-952.693 837.739
-334.471 185.676
-998.604 710.507
4.276 -619.944
-414.185 650.937
207.904 557.473
252.093 843.408
-826.098 -537.479
825.847 -507.574
70.11 707.901
-701.63 -120.916
452.484 758.143
-142.015 -353.931
-845.873 296.845
-260.388 771.965
-116.051 -559.565
-181.045 -882.037
423.349 -788.964
628.262 188.811
-311.367 697.576
301.73 979.574
750.155 998.83
482.952 -550.212
-216.953 -272.811
615.125 309.355
-460.549 -34.738
788.821 987.551
-172.092 520.054
-108.948 581.48
505.951 -485.516
686.727 750.105
243.341 459.618
-157.619 243.349
144.094 -762.297
-843.757 521.516
600.275 54.081
-67.968 354.722
847.023 544.599
-652.747 698.509
-123.953 -679.097
-414.945 -235.322
-141.05 -388.231
-3.7 714.319
605.886 -864.922
-54.255 -107.968
-342.752 527.11
694.977 234.054
-509.028 725.979
166.753 133.081
877.8 -294.988
839.985 -717.556
-343.101 -11.3
672.422 -458.342
804.662 -690.729
3.819 -855.321
289.283 352.5
998.758 413.312
-720.142 -564.267
987.606 426.112
588.638 -707.564
200.945 -767.017
277.959 386.492
-621.205 63.334
842.489 -539.641
-617.724 571.246
-159.638 -863.097
