4491
36192
33847
13392
10237
3827
23925
7671
18216
46430
8593
23489
44305
22810
46644
28036
34613
39596
48421
13896
20180
20319
12557
47529
2496
41288
33935
8253
14856
42032
32231
33056
49321
9776
15847
39438
48069
34766
35715
13546
14524
34438
45191
2940
24400
30826
38176
39632
34618
25477
44870
37252
3245
21408
6067
37556
30553
41903
27421
18698
19927
46894
11180
42137
24282
38324
14016
16470
37101
23130
4644
2532
13862
19286
1211
21938
45888
33488
17916
23511
29474
32999
36535
3616
13043
31310
22325
9300
1974
15732
35351
15407
27445
24414
321
21696
40243
11469
17530
44474
5011
18511
12862
34556
13033
14099
7364
37819
30067
1414
1850
35433
27855
12315
20013
40717
31446
45281
24052
11339
33153
38168
43102
39168
3301
24756
27970
35495
35918
9989
31617
17717
35336
32879
8410
28905
25678
23005
2114
48820
42939
7191
16791
25870
37239
45216
13080
46229
11082
8780
49971
41531
3978
42674
5536
10256
27347
959
36007
8832
10062
46687
11481
11882
38864
17590
17972
36822
30507
40636
21835
37354
32719
36545
33276
28747
45166
5616
9053
2488
7874
3934
21415
17383
27702
49011
30603
33216
25872
41853
24719
15413
9338
8381
13024
34544
22917
22205
3317
36481
1208
4794
28619
19702
43528
29688
36382
21956
18398
15462
15428
1006
14483
20978
6865
15048
26351
46550
13720
15478
40382
6170
41537
20234
5576
370
10973
14976
36565
29372
2237
26460
5730
42791
28071
21392
3159
4731
29791
39681
30740
3376
46062
27163
40080
16383
48162
3125
19144
12818
47568
13636
25434
25549
27632
37005
45403
3172
3127
38553
21515
8378
5732
40826
3783
45294
1711
19623
46264
45947
43515
1041
49033
4157
19773
49370
18071
35686
178
39357
23918
49873
102
5189
2758
36445
40661
43393
35734
12167
39741
15433
39852
5792
38028
35882
36673
23279
21204
12154
6218
1073
47388
784
7469
32632
36408
4537
16969
47980
9319
20106
5917
23764
49494
4569
26609
5044
1163
8224
49140
26545
5779
22299
41562
15899
40249
19028
7197
45183
20540
23940
30566
22738
26467
6728
16703
1135
47767
9840
16179
3158
45740
13135
40475
28411
26590
33355
36623
8662
17571
49118
748
31363
27750
14384
6690
34703
8792
36268
26191
16369
6425
16505
7421
46781
43136
6767
44250
33087
10039
8730
28358
34858
37115
8320
34406
39466
18909
1376
5147
37930
7693
36973
4811
26832
1859
27931
28648
2999
41787
13423
37749
19531
3189
10347
35628
4342
7239
11368
38280
7059
38841
32385
41878
33576
28840
8708
28948
39819
2646
12878
43577
28422
12378
28158
15590
37346
22624
1987
39926
6644
7974
10418
18193
26597
8603
49021
46888
38290
29353
4205
35740
20482
22746
30130
37306
44778
35871
23922
45349
33890
48129
49612
25821
18171
44942
22618
36773
25823
23280
24551
17052
46948
21104
10118
29079
39501
2257
32806
11160
46540
21803
42113
39871
23551
22705
33728
47485
14013
21237
39482
37414
28532
33925
46809
9001
31678
1892
8818
19708
2377
12118
48654
20690
40283
14665
41429
33309
37034
38822
42168
8568
4890
4562
9913
37504
10241
19532
18633
355
6506
18571
45700
32785
18138
47558
8555
17627
16741
26953
43068
49813
15902
24422
29463
27130
6206
31230
11694
31669
44423
13233
20419
34832
116
10650
42385
11588
32372
42585
45940
20621
45002
33563
15035
25455
7738
3339
12522
12579
36405
12038
2889
20191
31512
5148
46085
38158
6065
8698
32509
10731
26793
13467
47782
25472
8768
23141
16445
42537
15376
42602
30510
37676
10625
19934
8481
47938
22929
26521
14599
45897
31244
345
28493
47174
23540
39229
23306
5404
42758
43719
49238
43753
33753
15913
5912
29854
15811
2331
39850
3318
11272
13242
42277
41980
34466
38330
42164
37661
10654
3675
25100
11140
14050
23766
4442
4372
35507
4728
32759
9135
26034
45492
37112
32114
272
43726
24812
43244
14244
34940
7578
34001
29378
37105
1955
44853
43671
33533
24389
1229
4049
48360
2450
6430
32552
35786
20341
32013
17370
38015
49389
9616
40054
35359
17668
4980
22157
3007
22831
4532
19220
17281
20512
42588
39098
29122
19174
7363
10901
23724
16270
30440
32619
43401
25308
8826
25662
48164
47361
22742
3407
42338
47578
31461
22253
22400
3334
20309
22037
2405
22337
21367
49228
22348
15477
40016
5674
3022
18370
10001
31754
19925
25103
20929
36081
18519
44109
39863
39328
44928
46523
44310
1777
8197
5760
25113
27897
41328
47880
23392
19718
31880
13227
38602
34092
32830
40024
37865
32318
7864
24608
33756
14109
16422
14305
44725
1437
31813
9330
35672
2362
2040
18948
26982
970
45634
10530
26131
875
44367
22785
6183
45594
45269
27831
34604
30417
3788
2627
42241
23513
8219
15271
45547
15577
20699
13613
31658
5265
32468
30005
37059
7061
24645
25710
8789
47221
25142
27547
39286
48722
4081
38041
21886
19742
35111
13272
18047
2522
4507
5999
35163
3228
32485
45409
49751
44800
898
40675
40383
32672
28751
4267
27124
9256
9564
38066
47837
17908
32668
29725
11805
46361
32234
36322
11070
14448
15677
38045
32484
33052
29621
44508
25010
24190
6703
838
5007
8884
8515
5230
13498
24336
5921
41885
39976
6226
36498
45868
12606
36303
11426
6543
36801
10212
47810
37214
11662
30128
10772
947
17143
14574
4517
27359
49485
37242
25233
9730
37841
6574
416
16014
12338
9599
22041
49435
282
3819
30171
40694
13429
8397
43949
1807
3278
38878
34038
43181
47606
222
1403
48898
12429
43303
33352
7724
39023
48808
7311
4959
13230
47991
42459
29855
25521
13743
20172
27955
35626
44516
46678
9184
23090
36218
13840
9566
21295
36618
29050
1556
14966
33950
30822
21776
6394
12957
589
48094
6947
10163
41599
44788
360
48223
27351
34686
45128
17479
41195
49095
48811
40527
38432
21684
1999
25528
47838
1314
43082
49398
16775
31729
46805
32090
38550
28327
8364
44628
38953
3981
49164
12901
27988
10488
33812
19402
14734
5332
49257
29958
48389
27111
10814
29705
43546
17982
46253
49001
14754
9958
47760
19787
7168
14601
335
37591
2698
12537
3580
11441
12793
46568
8994
32547
40818
9389
13600
19864
3240
10011
2513
21240
33370
21952
10613
34339
8858
37503
24856
25810
2591
12713
42404
15749
30963
1879
24927
32927
22260
3685
37665
25077
40120
32965
6740
44536
42641
15523
2136
32414
11323
37544
48462
11127
9874
35120
36627
774
41872
37925
21791
43165
31887
49811
17880
16597
45391
39111
44557
19843
33195
9399
7975
45148
27214
31781
14982
47084
48679
10594
23708
26541
45915
23040
17022
40432
44562
19646
43395
8918
14848
1855
2315
15375
43892
585
36785
2183
4511
49103
10383
30943
29536
9941
29636
24201
5980
38883
31912
15069
26085
23823
20765
30151
2571
36998
3696
49719
10323
26174
42992
35642
39254
15152
14187
13250
21363
39088
11569
17420
9770
7343
43299
6694
1347
41968
32193
27097
24587
47676
23801
24271
14421
15294
31695
483
18121
47115
34141
39074
18601
29766
36795
19698
9802
10224
46217
30585
48649
46583
27481
17584
41393
9151
8183
2279
15017
8275
9811
36334
41394
39847
34363
27692
15573
9250
24829
12994
41256
30301
27939
42268
26313
17810
42125
12411
1162
31557
47537
21050
15355
40457
25713
26947
40200
5227
40377
27947
18631
25448
43021
32248
7619
4568
30174
3072
27663
9885
13604
20696
3577
48807
509
49898
41956
5904
6878
39340
10236
13451
47670
21110
12568
21605
39820
30023
36621
47423
30318
7967
3595
28246
48078
33372
39698
17452
18743
38050
15961
38122
2872
2262
28398
42753
17996
30840
33073
47478
33776
1891
20766
16210
43040
4179
19485
48396
6143
41848
11459
37576
21565
4509
32947
37167
46911
39771
22404
8931
42559
6359
10640
20094
21433
27772
34517
46692
15101
23987
8551
38174
42004
46196
1215
35975
2485
28008
5425
696
21658
7626
27949
16774
27670
14015
46483
22346
13800
39526
3474
588
30236
20584
1005
8382
28331
17679
31439
35625
44318
39158
38826
30179
5409
1113
34828
24450
29959
32909
16112
49509
13173
34636
22338
34705
48560
7433
17630
31818
26325
16074
33798
41760
10771
28244
45028
45382
38155
6988
577
6124
28212
45097
17172
16715
9106
45675
38232
25568
14822
49065
45887
25333
49379
40788
13515
19785
27764
47599
34007
38358
24174
39811
5328
30596
43081
132
30935
29712
29822
22672
20547
23897
7318
2997
45689
47512
21732
33674
26652
12999
278
26141
30715
12816
43917
49620
19052
10841
46218
12802
10593
18168
28079
29772
46873
6720
45018
22000
33515
46128
4123
4714
2319
31764
38599
21496
48669
33624
32192
38528
16899
30721
16016
27473
9901
24025
48969
44263
19537
4871
23397
12569
42213
16425
29531
4369
25342
667
14146
4545
19457
20214
5865
1037
47159
45426
26875
21147
34283
37089
2177
40724
17427
18812
48774
34694
28778
21918
1013
28209
47638
21618
11462
41517
21027
31368
43840
23476
25218
34873
22506
42893
30846
47609
2118
8550
26659
19244
42086
48762
14908
48971
33557
41763
40595
13403
38490
34968
12147
38274
8722
3051
14538
40716
24495
10411
49816
31947
48114
24649
12886
927
16349
49
42276
15788
28748
29404
35019
7464
11998
8617
28291
28051
7176
29579
15245
38614
26698
15599
35314
31005
25951
49742
22102
9368
9891
1242
10932
16178
35157
37843
2121
23952
21398
48980
18250
13207
40996
22553
19204
27510
21393
41490
30958
28436
49426
31549
33952
20787
29624
26040
47738
7840
35249
6588
27986
6729
13726
19496
34892
15566
14726
8756
47310
20575
14888
15165
14215
9494
18739
19299
7115
19120
29857
49253
31542
39830
33402
36761
21735
29919
47713
38365
43989
18142
25818
21285
8935
25993
41644
2549
2609
30973
48431
35387
40639
17650
7443
34702
48001
30675
21827
44802
48319
5872
22402
5786
11351
6673
35242
18795
18930
16792
27271
40890
11415
10409
3941
11179
32663
29935
8193
28375
10763
26856
39481
10139
24335
37210
23960
5639
14833
19428
12063
28796
6388
17184
42931
4386
19197
45077
6144
49803
27483
16075
31187
14997
8341
21698
16132
14425
28878
40646
35377
24108
40563
13315
620
24721
33147
35678
41957
14835
20624
26347
6495
47198
6209
16771
31052
38184
34504
16768
9534
17259
39299
35526
29538
43903
26614
1656
17314
4432
25901
1951
30146
22149
17373
8107
12694
49093
46968
39250
38930
32734
46637
28301
37637
246
15324
7941
1983
37162
3225
12657
43564
29552
32845
12435
41733
31834
26789
8434
26689
37278
13566
22208
20492
7305
48440
33458
26145
43410
42556
37321
3870
25693
3687
2192
37079
49983
15297
3614
9104
40924
42008
23167
11190
47864
43098
9588
38984
37767
49167
22193
17412
45666
45656
31419
39528
3881
34554
13538
13463
6517
44128
2478
18889
26635
27878
38684
45641
5901
32985
27157
19266
34143
27812
26693
25855
25300
27089
7902
16601
1958
12903
39236
43613
26806
14526
25933
8281
46033
42236
19191
12309
17384
18955
23487
8097
1559
14534
45884
38451
31132
29363
5822
34342
11720
7426
10406
4495
19895
39836
16452
18187
30934
22262
15886
11758
11626
18382
1454
40863
38195
43486
36672
23354
1157
39374
24911
30745
16303
12828
48363
18685
48260
4823
35231
16243
40359
30453
2332
6336
11790
1474
23378
46350
29638
23686
45696
42298
37910
23649
27628
13351
43129
472
8702
34430
45683
13671
44239
21183
12197
11955
34527
23846
11226
16279
3288
19012
38248
12740
47550
3281
2267
18554
43065
43573
6374
45589
27207
48787
49476
47238
23267
9936
8516
28620
2096
45733
41444
20268
14872
12820
36786
38064
1550
45114
10234
15783
47776
29838
12421
10595
48348
49258
25842
2253
3029
8743
4736
21336
13802
30084
13753
45471
49815
46603
7573
38360
2364
1501
31690
2676
24317
20951
32328
5878
23140
22625
39813
1949
5129
28478
23359
9150
41659
47496
26565
16532
35680
36898
35465
21830
7677
7408
37732
23950
33239
26317
33939
42420
12578
43510
45876
27379
42452
26688
15348
37146
43635
18639
31648
39401
2666
49964
3650
36245
27008
43497
14409
48724
5322
19884
40305
6456
46627
1142
12912
33210
46889
20835
15493
30540
7665
24545
48825
11285
5893
42093
21152
41324
12534
17831
29304
38049
3065
5104
24670
18718
4036
28195
20069
17331
599
47698
16313
23261
12187
5591
28370
20299
8114
46670
25581
15143
16785
47797
39271
37123
13851
8830
24476
41198
11016
44301
9827
21039
20328
40287
7393
4427
9629
40291
26260
25215
46571
41732
15054
42399
868
1131
43920
20678
39869
24867
45208
13356
16717
17583
30719
20834
47289
5252
5985
29698
29352
2983
15872
39191
1509
7215
24024
3205
22575
10701
17531
44136
8504
47570
36464
10209
34122
1118
13458
49481
2333
38093
24140
14827
24119
23523
33704
45058
41129
37256
11045
23755
47874
9188
36735
15764
47136
28053
46863
35429
40546
29232
10417
49441
26738
34329
43803
6911
15685
6862
4185
34111
47684
38389
23231
33903
15816
33381
14151
31541
28190
7674
37860
35118
18623
16035
34081
40598
13208
32866
1799
28854
5525
39533
48308
37294
31984
9391
23351
39644
37036
45397
26529
43034
41506
21922
41381
41690
3266
41576
39280
30702
39171
43560
8388
35887
6422
3164
22609
2801
14049
18260
36836
4780
18875
5379
48509
26530
16814
12555
674
37914
15076
2240
49664
36794
41502
48088
9470
6287
5777
34685
49316
40131
17749
32043
15167
46261
2951
46034
7689
6617
46182
15285
22231
28693
12136
22130
13947
40159
4296
45618
6532
18744
14699
21424
27385
12847
34161
17900
5180
14473
19582
40307
27959
24825
49547
10855
32778
23589
13441
11871
15795
20337
8465
49282
3215
26908
31545
27832
26368
21359
11887
9455
26827
5365
11357
48870
8463
21562
14768
38448
12530
29364
9719
17569
3729
19069
17287
27098
14629
36381
1256
23969
9651
26799
15719
8218
23162
12237
20053
22557
1585
4584
49317
36237
17746
22631
1842
29346
36723
45118
40098
3253
15805
44298
8032
22360
9046
32713
1128
16540
42363
46025
18281
31979
12392
45814
382
18484
14724
18444
20142
21877
42969
37875
32180
18704
19024
24263
23637
31094
16691
9706
31424
15818
28073
5433
3471
10392
5219
10046
16482
12179
6783
28026
10825
48828
9094
45188
39409
13666
46716
14518
12701
20493
14331
9332
29115
8019
4544
21242
23011
30975
5928
14475
15150
18161
28284
32530
5424
6350
34181
46945
45556
31007
5856
42448
47510
23806
37345
36947
30498
5140
44740
5243
38071
11840
46999
38131
49893
12591
23475
4119
22340
22068
28525
37338
8141
44676
47546
40995
38942
16938
9984
17364
30309
24678
42304
3821
19310
43746
22671
13645
28384
14794
8802
24777
7392
7546
2159
13153
30069
29949
28555
40125
13127
3915
46215
26130
4857
5013
2281
27850
8600
2263
49298
10681
20485
41645
5178
15807
5748
25390
3874
43638
29903
30562
46702
7033
12472
30334
32762
10554
38463
11449
47486
4027
49496
28637
27312
18515
29305
14484
25011
47460
3204
33936
23467
680
49705
47918
7947
32703
21313
39486
9058
12246
18525
20955
18520
35954
27666
45913
44053
14549
43639
31112
41149
27587
48494
16591
9398
47272
15265
24258
12897
40905
5544
46996
22786
22911
13920
20242
12985
49048
35623
16800
18707
38628
20532
13874
15965
31143
17907
29619
41417
890
44227
42752
49465
46806
12369
3742
5801
30091
2173
4182
583
38010
37314
23003
1689
17802
26901
4003
43415
9219
14594
32263
6908
22777
77
4617
48245
21185
16805
41200
21256
17266
37538
33528
46733
43386
11306
34846
15897
9622
18065
35113
2887
1280
33002
27524
12285
26441
22254
43973
24093
33178
46657
1449
16394
39177
16407
3749
35659
5514
32919
2447
15525
16414
20179
5429
22701
7479
9387
15643
31737
4082
33615
33959
49470
21973
39512
20378
8226
38595
18786
12022
41616
12910
21762
34465
40121
5
48125
38748
47812
43217
21099
18809
11433
7820
22578
46616
33295
8953
46926
23947
17322
7632
46883
25492
4075
1193
17317
10755
873
25898
34467
33800
47571
5799
9112
20963
14635
40737
44680
31701
24221
7586
45773
37052
10331
48914
17589
16227
13811
6992
14925
33801
31423
18844
30656
36537
8763
25785
10153
23780
47585
1144
28481
32203
20193
29632
21615
11117
3659
21123
10671
48253
28724
20362
47843
49682
22532
33892
33828
12238
5363
4701
37550
40516
47143
48167
47391
28288
47404
34394
31528
23803
38439
17330
42594
26331
4647
35737
39546
18322
10935
43931
47381
25167
23965
22508
18483
22323
46506
40817
49773
10741
13564
41559
21116
22470
48994
28230
12348
44170
9971
4541
25763
17684
6765
17979
43704
25953
30338
20862
30135
44042
12312
4292
30050
11060
16449
22431
26485
38446
31285
2389
8432
47826
30420
8679
9614
13679
14412
38038
48278
11204
26957
40886
9829
48055
33168
26253
16607
11240
32353
11705
19079
34809
14986
14704
26724
10109
34219
40028
30111
46611
5780
13236
48117
25021
23170
7292
28696
27857
31165
3692
13765
48529
31355
3283
34833
9964
28405
6567
731
49405
1862
22987
38074
11890
16797
26673
28440
32921
26445
31954
18473
33472
38249
25962
25160
30947
31365
24334
11379
10447
41308
10898
1579
10412
32349
43995
26917
8929
15686
2019
43355
8328
42038
34608
49077
35945
14913
39318
36185
15604
288
3320
45980
38247
42365
23822
22248
6798
18289
38896
25843
28486
44436
995
49521
19567
14119
12293
13248
39732
20008
34946
27305
44312
6867
17415
40756
1458
41259
37677
29297
19683
27156
14232
17051
42300
8237
21622
7389
34925
24901
40564
36926
34187
15661
28151
33318
47502
7734
25471
24615
39949
36046
27416
49678
11648
43824
20811
24448
14295
11755
8407
44678
49197
26817
35355
28958
29455
30876
18194
43433
43428
6484
48101
46014
17192
5837
33430
21338
20399
49701
14522
17529
6297
47048
23328
40311
44380
7459
29594
29900
12032
40653
25362
7149
16765
43787
36505
9317
34566
14897
32343
28510
36605
45502
29983
24954
34226
42976
7095
15403
32502
38960
39362
9047
30321
30587
4859
2939
45095
26886
7127
45991
30996
36331
26640
501
39204
9647
31164
33601
26189
8037
11407
30821
31960
19508
17872
25041
33190
16175
6826
494
45377
2322
30068
45392
27073
20196
40651
49270
15746
20467
33313
39702
20279
19679
43374
14695
30723
47457
33357
4723
29879
16621
46458
5025
2104
29490
23844
33043
30187
4983
25268
27248
15947
21823
28689
30812
1125
30997
46318
21659
9671
8964
11386
37333
42250
49749
12942
32688
2921
38341
41012
40898
3098
28706
17508
709
42766
8242
47326
4915
31399
10779
6675
4974
36422
24644
38568
18669
35038
32986
26024
49275
29747
43833
33625
41096
24126
21839
12138
48493
35518
28897
5843
9789
41011
27449
5124
20411
36501
48638
37100
20665
24020
27796
23281
41564
24634
14871
1885
15988
24974
49393
32696
24242
39291
46480
35181
4231
22637
24364
40044
16038
12004
3025
49207
32794
19424
26994
2249
19371
5517
15741
18984
15870
18231
30602
25486
15043
38943
320
22775
9573
43848
15668
23570
5380
2665
36370
21058
41479
31154
25324
33031
8511
34502
25629
43795
1092
44086
37797
20802
47053
14625
4344
5683
34324
26134
21962
46972
1209
32295
20669
28225
25907
39058
5383
7000
11584
30480
18771
15571
25144
46031
10302
25229
33914
27709
10551
14890
43348
22288
23559
31201
13010
1648
17503
41113
31694
7675
13691
33656
18661
46387
29753
38765
47021
12801
40889
2703
23908
586
45262
46413
41674
20915
44339
12310
1455
44666
7772
44525
6239
6228
453
11991
30526
19850
25296
49999
10121
38881
41516
2775
22660
5646
44751
28125
48728
32338
11153
23186
3575
43347
13290
46772
21226
38454
47052
19994
29119
40530
17149
6392
1023
32588
49038
27468
12648
14279
38583
43407
15437
10950
10343
23330
18537
47412
5830
10500
44502
34871
29340
32682
34489
31687
6229
11048
20952
24145
6710
18504
9532
8745
18410
27033
38526
11640
16372
28606
10089
25388
43439
47266
37771
39042
30874
40708
30077
46272
38498
19813
15881
6145
43520
29146
32819
7008
43447
17468
12926
2497
18927
41201
32212
7579
40984
4319
10069
9529
3230
16199
34345
39806
41151
21308
10582
9131
17352
37950
49304
22458
20000
30845
45185
49584
47833
39996
5994
1700
5533
40289
32739
15896
44579
42816
16748
37130
44064
36694
19103
5418
38227
14141
15640
22755
30687
3756
47909
20767
28634
41348
41700
17857
21528
13331
13570
37867
45517
33130
20732
29238
34567
13970
9028
31986
30808
26801
41122
18172
19701
18870
44457
10545
48699
35992
32145
41255
8848
21738
21007
3274
339
15994
38779
44900
40072
35467
43287
12582
7484
34926
32255
4434
41078
14306
41855
43745
28056
2059
14420
29727
3406
747
22682
2975
36914
28255
4640
34824
28116
3618
11428
37366
13916
28691
3830
21561
33715
47151
34578
21847
40838
26004
27191
31394
19216
47304
32441
31777
10326
25947
24321
28337
40109
769
16693
29020
37881
33922
12178
37023
41398
17917
20359
19758
25845
16596
9267
21182
38392
22650
22572
49320
13263
883
1487
14491
18589
8905
28629
15615
2202
6649
28912
35877
34086
40132
44572
22820
25801
38112
34894
7642
10188
24659
15425
40061
24182
1986
12689
478
45484
25094
27557
18868
3457
30698
30347
36902
2926
28654
2324
19876
45301
45174
44631
24333
33733
16724
1085
34271
29123
23715
2231
19823
24291
3865
24898
7618
13345
4789
24300
39443
14797
2878
9240
20883
23588
46980
10747
24696
42313
25087
34177
11821
45350
22577
8162
23192
32901
18258
11184
31747
31036
540
33375
41053
34709
10310
49980
22725
3508
1685
7748
41227
48645
23631
25741
7083
40161
7704
22297
22079
24770
203
6896
38939
2944
25948
373
44755
4745
13200
43668
47703
44956
9254
31418
27889
35529
14231
41765
19301
19209
9310
35174
29264
40198
32358
28716
32599
48603
22599
8553
26240
15595
39485
42904
1033
6819
11533
23585
5704
29116
18689
15884
45322
17414
5059
3233
49267
14116
28974
16140
44696
26000
21669
47968
42108
3815
20782
45189
43732
29856
15006
27315
26320
30662
40186
44787
11700
26526
14405
23953
36532
25984
30033
108
41107
34381
1032
42874
36484
15139
33782
47345
25363
47753
2580
30342
6159
13241
4975
34734
38396
36602
36983
24088
29500
6451
16964
12368
15330
42161
17346
12911
40493
28678
11328
22423
26067
3237
2171
47604
16924
48940
40548
49799
15859
40621
28310
21115
20930
28988
19108
13178
14614
32177
42664
16802
30999
46633
34391
15117
897
34701
18967
36446
36617
6912
31856
19336
37398
10466
11146
4522
8154
36206
37387
5061
23891
12339
26257
32023
3887
2175
35049
30825
28704
23936
8423
36887
17344
10150
9764
7164
34321
14859
24956
30682
3289
4947
16206
14544
42653
21102
691
13794
25839
27353
7592
22311
43680
13789
35706
12095
11792
15607
30814
12513
4024
22014
49772
41338
16756
20061
8093
7661
3050
20141
1079
179
9682
22485
26160
22580
27519
6261
7067
1945
38398
46669
33220
31185
40484
9446
8882
32233
20035
21022
37158
22648
33175
46577
49561
48392
41003
42738
21441
26980
2029
27037
2242
29931
40635
14721
38789
39226
6477
13825
32609
25483
25518
26181
30538
32016
1538
40550
34781
2661
42777
33702
5435
14995
48480
9749
24090
29987
23139
32427
23396
45764
4945
33897
20047
3200
7189
19709
36653
7613
15791
12702
8054
21862
48968
23001
27264
41166
6802
3886
45918
45080
38828
39595
14497
17207
31706
40670
26658
29401
2446
1160
17411
21772
5916
42098
851
6434
30866
1906
45560
15195
39368
26388
18722
20939
318
5850
47495
45919
47376
19075
25138
5565
23865
9024
2839
5958
31257
12520
49552
37518
2937
8390
27783
31174
11675
11110
47630
3018
14523
27862
31402
16133
20018
28787
28734
7648
28750
48527
43708
23180
7890
7716
33622
47561
45732
13199
6236
9579
9705
34503
34713
33182
43286
18779
49232
3568
2316
24943
28333
15520
45703
1810
3124
46209
35556
36356
14516
22305
11086
21642
12927
37017
34862
40649
46077
9462
20206
33750
49586
18195
4234
33960
47319
19383
40541
15804
43225
9072
3912
8640
45660
24010
34823
14811
12265
26749
45900
14118
39026
24841
3708
29826
7360
35170
37265
42708
39437
8179
10086
38152
37953
12620
37971
26179
2761
24916
22997
2979
9273
24791
19912
42308
6121
43429
4197
27851
14664
46849
19614
22021
35374
29907
34741
7185
35140
44686
41647
32479
2117
43856
12871
46232
23202
1253
22306
25285
39522
1036
30487
9034
32597
29928
23274
49475
30739
41242
407
11723
37353
17616
21770
46000
32892
24840
21349
2555
2235
43539
15200
46758
17698
20039
42792
7488
10165
1888
28258
28698
22228
35895
16887
48434
443
44258
45715
44602
4485
7104
45848
47211
26032
20453
20312
46171
44047
47956
9866
49718
6887
19935
10629
3623
1009
18756
41625
33569
48611
30340
39531
8626
14727
9011
2310
33862
16431
46554
21220
30245
8495
9381
10543
34203
48502
37205
27027
24079
1614
20793
46308
21816
39376
37856
10106
18618
43472
18757
45575
47498
36102
5496
24850
4985
9257
38343
42979
2730
27471
31382
41584
24423
41478
29381
8609
6165
46059
42256
29028
35330
27320
31571
6954
5172
42704
39272
12509
19042
1431
2088
19162
38379
22085
5256
42068
25284
19769
1086
5143
32244
44637
14770
30241
22218
6446
45624
28766
30754
15509
49058
45957
21645
29787
23480
26672
18935
33134
20442
45606
17038
41403
23527
30523
8431
46955
19073
33282
8965
33697
15767
7848
37977
47549
34787
26066
7258
25336
11225
17748
6776
5103
28200
9769
18437
25088
5593
47581
35997
45667
23449
46102
12860
49175
49593
41955
44913
2275
29602
32433
31788
36371
30735
4668
39163
45569
1411
25130
42367
6561
20413
21621
44883
25808
39743
27536
23262
41286
33471
9746
6435
20082
660
16211
37759
33928
15536
8869
7020
38002
42248
10974
32078
38326
35717
41846
23119
1990
49158
25582
43366
11888
17008
40443
8004
26889
48228
2946
8078
6527
24961
32522
21296
33716
25653
12991
13690
9554
43598
24783
18110
4850
49074
38260
42679
48454
21524
3115
1730
45227
16861
24185
7692
14875
27896
11378
25314
44550
22979
5419
16329
6076
37138
26539
1204
27905
29245
8466
1723
2337
43175
6511
29385
19466
18832
24544
35966
22078
20888
48923
41050
43264
30627
15385
4526
1428
30778
45131
38712
34616
38817
42707
41752
27734
15190
15357
7596
10866
26488
49110
49706
29199
29089
9763
3803
1533
9714
16114
30865
40914
3512
21869
10426
44358
44225
35028
16518
32352
29172
31662
18158
27799
21682
31770
33378
38862
39691
28030
43887
9248
37072
38225
13240
35803
48225
48635
32260
36290
33293
22092
36327
24824
7855
5134
4592
48767
11474
23343
32117
25623
3199
37562
10312
24965
36009
49076
46166
5149
7455
19419
22884
30914
4655
26342
27683
34989
35553
41013
33071
28479
15704
24372
1371
44983
26215
36375
49766
4667
21831
8066
48682
39962
38807
37264
42615
35587
38532
25924
49054
14077
18949
44690
40323
28692
48252
48086
49332
44650
47028
111
37748
5990
29454
17181
5376
48792
42414
40954
46385
3439
15470
25638
34975
1382
34388
34869
24403
26012
5650
11104
20311
7759
35957
16812
14204
18126
35627
13224
33726
7534
3188
11467
23400
12938
30820
32152
1311
15612
32429
40029
47639
7276
14764
15273
46152
2309
27310
11751
4727
1595
44488
11768
48862
27681
40576
40111
46699
24117
22489
17620
35345
34939
18622
25925
38494
47421
4259
47565
41484
40633
26405
47233
6651
15203
42314
18288
24687
38204
32856
48209
14973
874
48401
27836
2891
5372
4519
10279
11039
23117
7529
39434
23028
43837
38464
32087
36584
22141
12332
22943
40105
48338
40575
1610
38921
31795
35549
22688
32061
27254
48503
975
16044
41236
24796
42861
29849
20725
40329
10348
27583
10410
32611
31755
4314
2725
29160
21279
41226
189
9600
13426
20084
5039
4516
20125
13853
35257
24575
2028
31006
18034
7771
35424
18825
19022
7382
44249
12370
22056
24381
46359
11557
22383
11776
1492
9039
49027
24745
34033
40640
3624
34385
24442
47096
35271
42930
8374
14229
31421
11352
24322
28616
30007
29653
38346
16957
1686
47406
48872
16826
19293
8456
36168
20715
17082
17817
38215
1383
27634
17368
28080
37471
30686
3957
11170
19860
49031
43079
23387
47865
32499
1069
35523
25864
39737
27285
32750
38224
9454
44218
40030
773
48569
24685
10098
11601
42901
43617
31472
13464
10781
15942
43937
4842
39061
9410
29824
10532
41239
45357
13728
29196
36781
45920
1639
14851
11663
20119
14108
15669
45982
27464
35904
41882
14248
28795
21467
24789
46357
37775
8544
47466
34911
8597
1030
5281
13830
37573
30049
17360
33627
24971
24481
43357
48080
29704
37622
31408
4596
48057
5126
29601
6044
1154
40079
25910
10342
20023
31852
31331
11460
49671
40180
12955
30771
27751
27530
48109
1320
32465
40939
37038
3179
14947
40499
45778
42147
47249
15937
11488
5873
26307
5326
48436
45590
13026
5669
41413
46396
27685
4500
3504
17861
14469
15581
16126
20261
12215
19489
46595
27486
14406
12099
44766
25261
19945
40763
14683
29666
37188
44138
6354
1655
11346
10103
11797
16733
40551
15663
28143
9584
45061
26005
18362
34277
26476
7486
42275
33188
22082
10992
12148
44452
27247
40844
8752
22963
28847
49429
38053
4802
493
26884
5279
42879
45798
12932
19690
26472
31125
18934
3517
43224
43588
36449
33978
48457
9707
27580
46327
15877
43717
3181
18768
3889
36211
32080
6997
36702
1577
32704
48939
25783
47937
8766
48616
48554
43524
33159
18276
3477
26972
26940
47933
37787
17804
6688
17303
31168
28266
38686
31985
10295
21169
11303
36652
34896
30737
42530
44387
2161
47829
39555
32226
1586
12922
22500
37076
44511
4408
32450
47794
34416
16570
47473
42263
17461
44664
3958
1782
170
681
35807
5816
5518
29064
42966
1843
12183
7519
15099
12249
42941
9994
16641
2712
34942
45274
40469
19996
2825
42233
22555
23737
41688
24323
5471
45432
32660
39101
34234
1319
9477
33658
12041
21323
27810
31899
42029
47127
19297
4356
33512
45628
4026
30232
18149
3524
41758
20501
396
37270
38511
28954
33778
30550
9162
46848
48741
26708
46813
26137
19492
32220
5855
28784
44558
35447
2432
30839
11563
4505
29537
45345
24417
11509
10579
23757
47397
27276
35368
47087
30915
12236
34882
22907
30930
17560
24549
5634
47929
32526
20327
11492
6106
872
17738
27743
38555
21967
17692
41456
24197
3629
1499
32034
12917
9035
29491
27148
40023
20345
36506
31153
45030
23818
48415
49168
47091
31152
18440
39879
22858
16042
18278
40039
18129
20907
554
10042
5296
4436
11948
41501
20875
830
5389
48213
40842
25009
21471
38874
46688
30003
18127
5705
27444
12681
26883
40177
15358
26655
29182
30164
29282
6591
9704
46175
41692
25139
43906
26540
1040
39729
38143
32915
35290
31364
27928
45582
22087
16958
43408
4264
36300
29773
20637
48028
11992
17702
42377
34539
15522
28389
10580
24468
16902
44425
27158
2395
37200
19516
3312
17998
41364
8537
26425
6007
17597
28929
5954
5604
17780
27358
18451
10361
33691
9847
32109
49606
22202
4636
10541
22776
1531
36116
11937
4481
16835
40567
43782
32364
42548
48557
42072
46241
45036
11004
45760
42117
30632
34930
41184
14436
33431
39159
6958
34457
2828
3151
8271
4079
4973
31169
37456
15019
46545
47759
3013
45567
44668
35868
48029
32187
19596
21184
42623
31409
48050
7356
18235
22900
48116
23174
17332
7667
5077
10732
44748
45412
21979
8956
42581
32852
7753
13421
502
29960
43235
45012
13796
9623
20200
2224
16689
32863
42654
20541
30896
40245
38797
16649
32666
43930
26763
34931
5551
9117
33436
38775
16789
21024
36341
17990
30134
7938
38831
8470
42670
5461
35699
32796
20601
11699
25380
20994
5099
7533
19002
35291
34443
34471
45572
4121
43568
34165
13473
35101
25680
29714
44273
9114
35995
19883
27095
17458
5635
33562
25696
20
31215
33285
43919
21510
31782
27556
31534
46834
39611
48425
48342
45299
15508
34263
9720
23461
5060
9229
33583
19163
38017
37863
18345
24947
44987
6134
14045
22544
26912
31608
505
30467
39148
19597
23434
36164
3027
40658
36079
8406
10881
40777
7054
5627
16477
5386
33396
12251
25399
26020
44872
43011
25372
6015
8510
27242
35417
33657
34987
46001
38565
16572
19030
37044
12271
33405
18114
15126
10735
15287
41057
2546
38703
3571
49180
1959
21002
12896
5478
4675
49169
48580
1430
9407
27604
33506
49550
10667
11749
14321
49567
39973
16772
26502
31176
42204
35955
29868
10083
34692
12438
30524
39305
1388
32737
28019
31871
33866
42810
3431
38636
10008
44655
34405
7610
23395
38858
36936
42492
46721
17697
13964
154
1335
44580
28789
28545
18420
49400
30871
30796
28103
45326
7261
45638
625
38773
35622
28177
38257
42833
28231
39843
31297
28528
48105
10793
6189
40389
40819
19217
30770
45355
36315
41954
22168
10199
48152
10792
40786
11516
28956
30397
16637
38560
19170
34954
13211
9196
29442
2483
27092
36728
25733
45892
40281
45962
6098
30661
26415
36626
4602
43751
17323
3308
24808
13522
40554
27115
43595
3329
36949
33424
7014
37844
27995
3926
17270
14548
45799
14036
28940
34354
12322
47866
8987
36802
31569
41137
1766
49179
18648
1568
24375
5820
16604
10019
35020
20946
15773
18119
12398
43806
5299
14407
11522
25537
7490
33268
48910
45212
42779
26182
39311
17250
30014
4474
44151
41180
60
27597
12433
8938
45356
6205
11810
741
2602
3739
44232
27826
33879
18748
7435
26068
15073
19259
2737
4929
37014
46132
49670
9043
3936
38110
6557
26256
7330
21861
47592
19869
33585
28214
35681
10299
43880
23783
42681
18899
18843
43492
28793
14094
313
28082
15379
44291
28797
15826
18923
645
26719
10547
3473
45406
26013
48885
43804
15533
19422
16568
16142
46534
21600
22970
6399
48170
33906
21516
3184
47845
39228
22845
16071
17023
18038
7815
27356
23211
8067
11448
41208
46109
8667
47290
9606
8592
16244
36521
2741
45096
30671
247
18137
17711
45052
17763
25394
42062
3864
5846
4828
24207
11886
1787
18384
3138
45011
42781
20548
18348
39185
5274
11538
4752
14749
15565
42190
29977
35470
29990
16198
23704
49956
812
37460
31963
16443
24529
11728
5716
39542
41148
20446
7918
2855
3434
34815
27489
43867
19919
44134
6830
13976
7428
34358
25978
17832
31590
18606
13873
22213
29587
7377
44038
45834
29752
36471
43872
25991
26281
9999
575
12352
26629
32617
5784
16538
181
35164
28369
10332
16628
26500
46936
31436
25736
35884
12624
991
7089
5944
29812
20726
28254
47489
17174
8203
12552
32057
43775
41467
29866
2369
20367
12764
31251
17927
42790
2624
18836
32215
945
47170
8220
37793
6930
46032
41923
14692
37683
28668
44349
48358
44593
11780
1929
34919
41632
47389
16644
13759
45335
49157
12941
40581
25329
42650
37452
45235
28530
6230
44710
38076
47414
14881
1886
27578
35811
43526
20746
46345
33577
8498
21000
21593
46230
41317
41792
39845
36961
8492
15600
47697
40151
47726
33695
11881
19397
18965
21793
6204
21310
6902
235
44419
14855
44980
24820
35912
28965
47354
33101
1722
37702
23601
11807
6420
40002
16001
25966
36932
7911
5459
89
9225
4549
29383
33395
21505
37911
45711
14196
30473
34157
13493
39772
6153
17030
42540
541
14934
9208
25203
19062
7551
48833
3859
25882
18860
14729
17815
21527
12296
48226
28880
25141
33451
39143
28755
39593
4064
12336
7394
16541
41863
24834
19149
22714
41415
30858
32276
46881
23412
21822
21096
4497
47254
15850
27042
17131
11373
2093
13085
9466
36477
9655
19604
46023
21
5754
20943
1326
24981
41339
21077
29163
17617
46944
18570
9619
30213
30531
8153
26949
17869
1418
22793
30418
14388
1274
30168
27867
27754
17554
14245
1495
41670
7616
22679
2201
7879
30588
9155
31256
14597
45134
25237
30155
6260
6075
10628
30413
27514
20895
37028
22597
17632
37103
8533
19467
37836
30431
4993
40813
34326
27872
30565
44587
15220
14705
37587
19726
33049
16008
28618
2232
36069
33498
41729
40145
3897
31962
43019
12565
21572
49796
33222
37718
44213
8761
38470
19866
46508
30433
18594
39097
33068
7449
404
13650
29625
29637
15283
22686
21734
13161
2719
38594
39237
26232
39783
22885
39419
43468
35281
49214
6068
46655
40937
40821
7746
9417
49727
39724
44427
27160
15158
1754
33000
47301
17570
17686
33136
12631
28873
19203
15155
21155
34913
4603
49289
26459
6573
36819
16334
42002
25266
30949
1233
29049
13321
31618
24370
307
42450
44022
15737
42756
36657
46212
42703
14691
28968
43862
35863
20554
41791
35054
32894
7723
32273
24672
5564
22901
36856
11094
47078
11283
22668
41993
351
49312
28575
33084
36845
21026
30211
31604
45147
15186
49513
25836
4688
40605
24624
31058
25027
7891
44003
8854
41540
31760
39446
16177
41811
45846
2695
4425
5310
11367
6681
6202
22902
3640
1994
41018
43881
18913
32112
37888
32393
43346
33961
722
32659
13923
12700
22090
19199
23653
45597
42566
30542
6301
41586
43773
25575
16260
27782
22445
6582
39184
13741
16167
14273
33397
3307
48367
25101
3880
35798
2547
18032
14736
17495
15343
421
36568
23579
36910
3257
1640
724
19471
23459
31553
18331
28014
5640
38879
44958
32676
23078
17899
34383
37935
28391
29671
43115
27657
31266
18852
22135
41976
7255
45365
17457
35508
11400
46020
24620
47177
8793
35875
18341
48120
42221
5943
39054
46543
40515
16164
36857
6917
6246
663
5362
18365
35703
35258
25886
4298
5261
45691
19568
5325
7402
6505
23277
57
26483
41228
22481
1243
33053
37223
10713
18646
38799
45821
40878
19607
29056
33579
44098
1652
41161
20017
33760
39245
23955
39919
7143
8711
22601
35891
42784
7510
1397
25228
23625
13885
43396
43504
10603
29400
26668
29628
310
30502
5602
12333
35487
16619
25340
31601
21876
20060
18946
39904
26676
14378
9370
28050
35655
3883
46784
17664
43884
23556
10567
33346
23784
42750
26575
23735
39242
23980
17403
13182
45284
155
43071
33157
8757
35302
15760
3314
10562
6245
27031
35320
43810
15429
49754
47225
43441
1590
32722
12933
21804
6275
29815
48496
41144
9713
11083
6005
26583
47200
34024
6088
28458
23453
24543
38241
6313
3128
7678
43297
49861
34303
39066
16853
34191
6731
44599
15096
20791
13609
3945
30653
11218
1544
26031
47787
15336
29447
6854
7100
26074
36275
371
41771
2043
25170
7144
26916
9119
2051
28154
1969
19140
17365
28611
13394
41555
1312
13550
19792
23249
33580
31904
20709
34167
36920
26198
33096
40700
6602
5251
20408
36335
20564
7601
34456
4154
8132
18936
21025
14820
14370
17924
37536
10125
28685
2525
9648
33641
22351
24826
15334
24585
47809
16663
36452
20194
35466
16441
34782
9469
18740
48793
36333
40809
13165
4007
37096
24675
8292
14677
7213
25470
11535
10553
25698
48065
27584
12650
48347
32241
22745
32671
31081
48337
44551
48998
8057
14347
3053
21387
21781
7375
15264
32640
46770
20735
16413
43553
20717
20148
21879
18314
27624
20848
6666
22780
47636
30604
41788
36738
44369
10679
10306
10356
2403
44527
35689
4931
47488
31786
48852
20352
34970
33417
14227
11847
24087
23148
47999
46704
41307
15561
40558
8257
4854
15087
23647
46586
14923
7695
6043
8457
17925
33831
8149
36084
37569
435
24794
12769
18839
22956
35770
27770
4006
13380
18670
1596
2776
23663
8143
13232
37897
33129
13504
37756
4335
17325
31859
6944
4397
23981
10486
2764
30938
44055
4437
38873
15115
49704
27196
46324
9907
16891
5600
33393
46584
45794
16361
18423
2056
878
7589
23530
28959
12815
40337
32102
28297
8615
14953
4216
31638
47318
9440
17151
30308
46837
44414
8324
49327
11981
34632
15977
38355
637
5575
19544
27409
48214
9583
49573
39275
8026
34817
32592
22653
23344
14709
11731
42244
45970
15673
37655
13319
16702
42229
31444
29319
13485
36880
7476
33605
38724
30421
44810
46365
27592
21574
6253
44445
24827
20087
41701
48081
14199
40712
42932
15091
13449
32685
48068
1540
42251
931
25998
1350
18188
17778
23634
22519
13589
25790
43212
3680
21764
28270
44401
43464
7329
42070
24883
4029
12576
2451
2838
10296
42847
12231
12708
46780
47998
3688
16456
39972
26617
30798
34311
31393
49643
26581
34972
47960
30455
20416
44497
29574
12918
24166
38740
28700
23445
40556
36543
25463
20764
46346
34047
338
3621
42831
46531
35584
26525
2164
7139
42687
47806
40899
42997
14292
6541
31238
18174
17558
47544
32147
312
9641
34317
42698
26233
45701
10774
8785
22818
22146
36293
22274
26838
44911
1604
22136
2499
30078
39464
17092
26403
13226
28664
31651
13983
408
47542
39777
37537
42923
3017
41482
24224
2430
27684
1785
10598
29257
34778
31077
44096
39942
7655
20347
20316
48104
17301
35953
43612
36622
39052
24396
6162
23163
40462
23089
10840
35726
49776
35846
12610
8040
26993
12067
25222
35172
24329
33433
1165
20522
15984
17119
41159
11581
28013
19194
28166
40798
41756
46117
39450
3534
13374
12928
22145
15072
2325
24704
42782
27911
8161
30918
17576
24539
28437
49171
772
19886
44901
172
33788
47351
19252
23944
24173
24216
44030
6726
19725
40440
46882
16106
34455
39473
10972
16312
4865
12563
19394
16880
58
37937
36359
11238
28565
15472
42369
29335
20716
44135
1386
10743
12527
11519
21809
47218
21436
15945
25775
26927
36758
49731
12542
2356
15997
3183
49261
16438
24225
10063
10385
44357
12501
33230
39849
8048
35459
13304
27854
31866
19452
25146
12254
42906
2196
37243
5312
1976
43336
15080
12071
25164
758
49937
2954
49291
9662
27217
44443
20579
836
15067
19033
8989
37412
11788
5756
7177
28380
30757
42943
43986
41642
26250
9359
19433
47957
47005
20555
45669
44021
48087
6516
30222
13028
9360
36754
20682
9910
3399
24062
5573
10568
26214
14440
15148
49373
23675
24128
48286
7750
33214
25042
21708
49899
46431
40750
36529
40837
4848
23594
33166
19292
37928
30195
21444
38829
35532
33060
31135
18651
47293
29586
8847
27538
49673
48388
47407
13737
18344
29551
559
2667
15124
28680
30886
35969
41457
12481
37671
43186
34508
7308
33768
17419
11423
46379
24053
22127
11800
38316
30695
15278
5841
35579
41723
12360
32240
47733
43507
28936
1284
4022
24259
8299
16159
10826
32784
46847
12129
5772
35758
3175
20346
47801
24583
16354
16613
48664
2554
24654
14028
32445
5347
47093
7427
24046
46542
11512
19723
22007
7037
34401
41804
4451
23593
7894
23979
42595
49104
38030
48364
30012
37742
44144
41860
34553
24451
36600
19517
41836
10320
30921
36662
39838
39414
21690
20078
4641
48744
49479
41160
30640
16172
33983
31060
9227
32315
25722
200
36000
34895
24289
7266
34150
20249
42455
4367
35399
48933
4518
4461
17286
35471
30264
1152
12566
22460
30058
46767
39624
31797
21771
46098
25860
25123
17561
45837
1089
876
6895
46868
46528
45176
17863
61
19800
2533
47747
45757
24952
17944
3166
31271
44728
859
32421
29716
40103
17930
4902
1361
3791
21458
40431
11329
27146
39858
539
34707
20798
9761
48229
43404
27725
32848
37773
6448
5866
7527
31924
10914
24206
33180
8673
45211
20233
24327
33851
39645
43103
23624
4199
39602
45434
15579
30936
20887
5603
46753
11443
47741
24848
46686
20050
49366
43901
40242
48038
43764
31683
42050
40401
43039
39510
18251
1626
26560
8415
49700
11711
15707
28849
6572
1716
19222
27380
32886
26187
2345
31876
5426
17072
27052
42294
29248
49707
18664
16704
6390
23435
49026
23025
43724
41673
21829
32462
16406
13022
14376
45383
42862
33358
27183
36881
41828
43570
37019
4252
33030
7075
20713
24591
48773
48631
8800
38102
19703
32653
48346
41987
34621
4482
43425
2615
32011
46860
47490
39591
27096
16720
42451
42661
49740
17811
40865
1444
3402
6190
15720
32847
14993
7506
34992
38340
103
5194
43106
5333
11269
45741
36170
33607
12408
49693
6513
49340
38097
49117
25478
39601
36707
36232
2508
121
46316
21748
22933
44204
20105
35341
13881
29936
41654
10398
49130
41676
12925
27773
23797
5391
44950
15216
10861
2785
2155
38710
4958
14413
9168
39475
46519
21783
14093
5972
20673
29135
5553
45250
616
10396
466
40165
10687
28046
13411
6012
22316
13527
48621
34368
48991
15759
9597
42301
18141
22291
45257
24001
26146
22484
30978
47914
33412
25852
1385
31689
20454
12276
42722
39519
45686
34353
23973
40066
18971
46494
27407
48710
44496
13042
34724
21983
13573
2980
35869
5636
16850
36518
6781
22656
3198
14743
30619
21902
19721
6413
12393
15887
26979
43935
49531
43047
30352
22235
10454
44114
25032
4145
40257
23515
9076
27661
45681
15144
23850
17489
41532
36905
35067
4816
10649
17456
16485
12306
9949
17781
26370
26636
21626
25461
9703
42374
43785
39155
29544
47607
44251
42449
3636
45044
49634
26794
22410
26756
25407
13162
31476
10481
6122
14201
18296
13547
28023
19348
33409
692
47311
21863
12825
20750
34936
36419
48234
49264
14653
27211
40239
39110
43146
33860
40877
45280
1090
19261
12156
3009
496
13882
26046
10659
1783
10639
13963
4151
45693
35200
18914
26322
43765
6166
27533
18353
49423
14390
24617
18782
49868
40238
15739
11855
37413
15621
21109
15374
37524
6019
32189
43979
18270
24594
40045
48036
43959
7029
20333
26550
17607
16573
41065
39456
33807
20228
363
21321
15474
30957
6319
26713
48060
9526
10056
38876
27809
18532
37030
47868
17044
28102
33544
19318
36354
33051
19179
35513
43442
22969
38100
40322
40930
23035
20329
8814
17446
42878
17721
21705
15856
19760
25396
36692
12103
13074
12127
30983
42410
2620
6684
9281
21504
38899
20502
35968
11041
14971
20144
34712
39622
19219
37553
3855
8110
1287
19918
47861
3019
47755
24096
48617
30496
11921
24067
12594
48878
5507
43644
27307
35546
11567
25029
12667
44410
24925
5309
32143
10870
33944
38307
48795
46589
18900
37093
41453
13348
27922
32890
12621
24494
45348
20641
19960
33344
2953
34755
31914
29179
1924
1412
28902
39394
27969
5563
23164
21554
15460
8348
4355
45219
11691
37470
13816
18745
25058
20295
1188
13001
37336
5102
30568
21836
38608
3306
30037
11514
17522
36667
35567
678
23452
48561
44681
617
20853
31965
13991
30080
38497
2837
16935
48210
44274
25230
16993
35203
2163
27601
3836
41169
31218
36899
10821
9571
19418
48309
23902
46732
46877
4575
10022
29495
35198
28223
35645
19198
49909
38726
35358
16995
38570
8712
34066
48217
34332
30909
17394
16582
1448
9744
38348
2641
5753
17132
15770
19076
44368
46135
40168
8656
9092
13977
23417
17932
42000
4542
49230
33729
23758
34243
35916
17130
13845
25694
21371
7483
12279
38600
44160
43174
2280
44475
29101
1247
5611
3823
39953
39890
42017
36625
23300
43000
28996
36514
22871
34352
23898
32707
24967
13302
17375
24765
10016
13647
40051
20109
45482
38107
39363
32283
35043
15301
21833
5109
11656
32221
4887
4382
35087
6469
27971
14142
5618
40393
44011
8787
32488
43321
763
19454
29162
15116
14647
46708
7437
39872
30154
13624
14181
20938
36952
2692
27748
11085
49482
5590
26734
34428
15142
2145
14356
34017
49994
20239
3541
25916
43128
27710
3606
11042
2260
9842
18552
8139
29311
46047
15354
7795
16606
37941
41548
27865
48765
25727
34399
23109
21530
19356
19324
42353
25330
6524
26582
38562
43506
45944
8233
3345
4670
38243
45278
32301
10994
45023
28604
43214
40973
46464
12454
5490
46108
16263
14200
19523
30079
3442
10975
3682
37528
16753
9449
21965
6645
12770
6821
30109
33962
43172
2528
21283
41472
19001
45948
1496
16588
16960
35936
39727
11089
23172
542
35221
46187
24051
37734
13048
8875
31466
18101
49995
5390
42825
22070
10249
31698
17829
1771
28705
21617
10294
21826
9228
46163
34805
14365
31798
7851
30463
27876
22307
19342
44498
531
30157
13719
4669
30025
37203
37648
31128
30205
5702
36959
44569
37262
29691
14868
45388
3530
47282
29760
38450
15567
4351
18583
8182
49099
46246
23991
28238
32207
32407
4135
28982
13952
45544
26135
6960
42388
3843
38188
2548
24786
14790
34220
15726
13405
29607
20448
45532
19728
47079
47066
4957
1226
41807
7070
16786
37192
3443
5046
28438
26675
34142
46798
29154
3173
33844
45151
4651
24798
48211
38062
47823
4713
23652
28134
1661
42964
22551
15725
36250
49000
5580
8529
16862
29575
32683
37157
43475
45901
16925
18578
26868
11411
49150
45762
11255
45523
15171
23409
7769
36033
4948
43855
27280
3262
42980
43445
27110
30694
47273
33561
15459
7108
2881
16128
3096
5320
42393
37082
7656
23064
16581
26892
27642
22520
49145
12202
14134
576
32097
11947
45371
47814
24210
44293
1351
43354
20216
24816
17937
27392
13049
44187
45558
49080
23310
47162
17897
13563
10846
32420
32380
45079
30578
29012
26965
28117
6864
25241
23580
192
44844
3976
39151
17125
20322
38057
5757
47541
19754
7148
32348
46759
24188
14974
11639
1997
1977
40823
13011
16479
23077
23796
44763
5033
42809
41189
31639
23481
13832
481
47626
12898
2465
12508
31596
28615
41785
41334
34672
34990
31459
26841
30086
34498
24279
31479
41821
45190
6931
46609
6916
34050
19672
3781
25067
48312
14258
40685
2804
45049
44382
3213
42188
45312
49464
22541
13
36872
33198
10782
29141
31721
19410
20734
28012
13377
18717
34571
5623
3762
36111
14802
6603
3344
32394
27504
39639
10519
42950
20469
36332
6077
22449
47598
42666
44139
8837
20433
10217
42787
1070
9003
3560
27164
10601
36896
10864
40012
13943
36668
11405
48076
8349
27141
2864
48936
32893
12107
900
48920
2626
10160
23848
19782
47959
32178
22343
15202
21998
26564
20481
7565
6994
28867
2907
40697
23134
5447
41895
28919
44973
49694
42552
20478
39176
7637
7765
30160
7913
23432
38691
31927
15956
13003
45657
5186
12652
15721
30437
26662
7977
10051
47150
11321
11760
15418
5405
3077
27804
23604
24506
17340
15445
44121
6630
49198
22234
30495
15449
17742
12905
27501
47789
9887
25831
16906
21200
3655
48151
45500
20245
46194
25106
28573
4031
19714
1691
32795
38616
31624
28423
42527
19463
40310
31504
13735
728
12861
26283
28307
26934
16316
24394
7462
3238
19499
46697
20488
40081
31493
8484
31002
47449
46423
24156
36850
32170
32948
1375
41799
38546
49219
4715
5192
27209
9536
5982
46599
44889
18758
19923
7352
18409
24347
13086
44374
46151
23165
25866
29110
41984
49203
1584
16955
16094
27395
7165
438
15120
45092
38567
1863
42193
7720
48285
14213
10878
29318
41
48014
30235
40356
8798
21812
11823
24949
22991
44842
20132
36058
24226
35541
39988
37694
31903
5431
25048
22784
42715
47589
29617
9524
47145
11740
32757
11439
35432
923
1168
21752
27181
38362
44154
3808
47068
32818
18924
17205
45218
27482
18557
32443
26990
28183
11132
48037
6696
38148
41925
35484
11593
15776
36376
1866
17888
14590
4704
12956
13276
7996
24488
15845
28546
38521
48007
44834
13736
5266
32699
34696
17883
33092
43968
19649
11414
39203
32068
27697
14841
27410
38309
23023
41866
26593
45102
8795
26880
858
17361
26847
6581
26036
12842
20052
32074
43696
41942
22606
31830
1357
39361
14948
45882
13792
46249
7972
26798
2969
7492
35299
23336
1840
46479
11579
45386
40820
15938
17078
42345
45516
49698
29109
32735
4254
17480
16462
6599
9757
24171
12588
33923
31167
26437
5094
46897
47925
1564
15224
9049
13260
33228
20829
40142
17035
26754
24260
37444
16972
657
16323
48428
26905
10576
35265
43691
7423
17787
7003
41527
13797
4184
16165
6631
28926
34884
18117
13081
27617
6590
26029
40825
38253
11733
464
46426
37315
12413
18569
27252
21434
25972
36142
21241
44051
42840
21157
18419
29138
21727
6447
39084
1170
40624
1202
2680
2557
38244
38844
42201
28192
5344
29132
14367
27595
43697
45906
45862
28489
34117
44779
16239
34488
440
18140
32773
46677
33552
43646
28758
21933
46096
46270
5739
29414
29833
15617
31194
39715
18060
16083
29136
5960
43956
29
29434
23760
17400
20786
7698
10698
45530
21325
28224
32376
23535
37119
2149
33272
49737
13899
15898
23978
36689
24433
35848
49091
39056
49185
34103
35832
47659
44378
40231
27082
12787
34056
34149
4489
36313
12043
36020
8518
7741
40836
12128
33682
18626
23920
25501
37144
48216
48756
3734
13910
4707
4832
31221
15990
27370
44742
27388
23776
36101
39107
6544
33530
18595
24730
41400
8499
33907
47649
30883
37557
13744
40228
35130
8087
5885
41529
30256
28599
39298
45735
33613
2572
42678
36216
16193
1304
49306
16788
30512
43221
21571
17036
10010
38202
47969
35861
16627
17696
13774
5081
27839
21431
21606
7511
19747
23894
39621
43025
40439
38575
11510
47373
31269
4143
31610
39943
41691
45332
42336
49954
33767
25596
20241
1737
42993
13059
12161
46280
1786
2587
3249
22060
41641
11101
9677
9473
5569
49623
40662
21294
29412
47379
12151
27241
29178
25447
46409
32514
39123
28446
635
32161
33093
42699
23603
15482
47707
49005
36938
1743
12766
46974
16433
31842
14898
36306
14369
17179
24953
35430
24061
7012
12811
9983
857
32572
34904
38579
37194
35581
10202
28644
38291
46388
24592
19088
34804
31183
33117
849
31863
47645
8926
48946
48925
37909
990
31267
46053
6755
10985
47250
16674
47702
10952
26185
19494
2259
32634
25800
2212
45289
3583
28377
16525
41287
36450
46998
37602
49672
27462
40325
1621
34810
19831
33853
21203
43870
6882
38139
28717
37183
41301
33075
9474
42760
26839
39823
5474
10548
26095
41367
5630
11930
48266
16006
7004
34768
34749
7960
32129
29031
24257
29151
49528
7357
24348
18181
24752
38474
42237
27791
10372
15786
7218
24470
14546
13095
2210
47107
47923
35085
29715
48507
29395
19713
31262
48040
17416
3218
19941
9139
35057
32624
38948
40753
25431
36358
15642
27036
2738
20176
29157
36367
10064
20731
1613
44417
12750
45336
19491
4708
16855
39586
6853
2077
36701
49300
38693
34917
37916
45645
45415
24100
25628
17898
34949
14072
4976
26150
16363
920
44662
9200
29486
9334
42412
8264
15904
45774
37674
24410
9804
15710
13201
33306
9364
33115
10540
42806
35662
16213
28831
30332
24042
36767
17234
45230
20574
43116
11900
11246
35224
23664
22844
27138
20334
43992
13479
13228
14763
12655
21931
11451
16278
18987
22638
11713
6184
14474
25165
22010
23518
31116
20566
20518
37419
10920
28820
37249
26823
32121
15388
42488
8966
18066
1115
20792
30789
24736
27106
6616
11059
31147
25794
9594
10000
2271
35845
14680
10885
49825
15272
16991
27938
23106
13756
2781
1530
14030
7544
708
19423
11007
19278
8616
31810
13491
29700
42473
32382
43466
17258
8249
9765
43397
38161
6857
24154
42418
26121
13941
10264
37917
38918
27016
9293
658
37583
48231
49924
19325
6219
33001
4017
5085
25016
36133
16580
19711
19346
33996
444
31022
49122
22043
12638
49771
3921
35378
8490
49254
3944
47948
44926
26800
18530
3252
34842
45694
25648
14627
13786
16230
14561
20173
1767
3813
37918
4810
26592
45793
17821
17447
41953
13235
49976
4587
33070
9557
42138
11989
20599
7005
33250
4874
47255
20620
12034
27021
38013
22309
13625
8769
49141
2244
49028
4868
43080
11547
18765
2017
44654
40286
20231
37640
32997
41168
32497
42334
6013
840
35091
31801
43166
2920
30749
2472
9175
39169
7627
35082
34822
7342
34046
9185
13456
33758
21469
21305
3544
41356
14396
23235
25932
38039
43418
32508
32853
8071
26946
47527
36616
26349
18613
45658
5880
38955
8404
15471
45706
10751
34016
16285
49088
28869
17512
35072
35865
22166
20918
1506
13909
17767
24717
11001
35782
31450
40831
20772
36193
22980
49016
31546
45451
2295
34533
43432
3012
28577
42978
36253
19390
7282
44200
34062
25765
25332
15332
2621
18759
400
5038
36296
36566
13171
33692
39404
8323
37257
27227
10266
15762
18490
27801
14746
33427
48539
31577
783
34568
3082
31552
6035
25692
14669
22847
13450
17775
37259
32637
2073
242
21796
21786
12362
42291
15705
12495
36319
35720
21641
24446
10156
12255
21360
13384
38821
626
40000
8744
32500
21993
11854
42057
21131
13640
31741
29912
29896
46009
3947
37639
19724
31765
32026
13295
22598
26106
18780
33713
37393
25979
29043
27239
21563
48900
22504
34153
28431
17893
301
43645
14610
24726
21125
30044
44381
29006
40597
27936
33749
47662
3081
7999
8413
22493
44074
11419
36407
10604
40018
47242
30547
17858
5689
31045
46444
6773
13364
46643
26735
48653
9108
10248
5211
13680
17208
41817
30838
33694
39704
15777
43847
10304
21512
42815
26469
15709
631
8043
36934
21041
628
47422
48640
46276
45157
18793
45475
48471
46725
10152
40735
48571
12503
48492
22045
30707
10848
15562
45119
4696
15310
45816
24559
23063
9344
27234
23142
4594
31107
37514
3216
17586
19161
36394
5957
28024
7414
2596
25536
14479
22867
175
37446
21068
36451
4906
24132
43962
46136
22864
18432
38363
11364
21866
750
42622
38442
37673
20093
14930
15646
7481
47963
6025
30104
8306
49343
19610
38564
31668
22038
35783
41282
29213
1817
12468
33573
1317
20924
22416
8099
47634
30107
5283
16308
7521
44100
44727
5127
41409
28208
34916
6414
49098
31514
28756
27056
13015
35590
3604
4337
10711
14879
7032
16292
44342
36708
46144
8831
21773
19470
30489
37073
17399
24888
45781
41745
43275
15953
46502
31066
705
33845
32392
16528
6730
36123
27166
45953
26516
21741
10115
43018
46124
49342
31916
993
29837
32874
28655
15551
17609
29578
46971
19013
9740
4899
31585
40949
33836
23102
765
49414
18654
17080
10232
20415
25072
28180
689
25226
10028
17126
42676
28851
346
11994
10621
32300
11185
30293
22826
4917
1898
1792
36963
19691
15219
26558
49930
36908
19889
25689
23482
6800
11166
12822
27301
36146
44029
6566
29315
49982
10322
4479
135
5734
28044
33335
23881
43879
41223
15276
41985
31964
35205
49210
7161
10925
41086
4490
3122
30116
31563
36329
14771
26552
40259
23093
1148
42526
25927
13656
862
42074
4962
534
26848
38409
14462
36147
15632
4535
11371
36894
27548
20230
19847
26267
5130
46785
24944
24130
19716
49049
42505
47401
8589
25879
10874
48237
29293
35825
43195
27908
20852
46331
1258
13061
14386
34492
9269
39696
42406
10633
12294
18017
9785
29184
12388
15659
47461
15524
10167
11706
112
3822
18887
15347
12858
39156
17308
31626
32060
20683
4510
31957
19355
16701
38663
7818
3587
38816
23026
32373
39197
49035
4951
34565
5297
1865
498
17246
14641
26406
24635
10703
1294
491
46551
33769
47469
33941
19444
39378
38993
16309
44057
6920
28305
922
7478
24482
22069
47816
46700
44248
19082
37013
29051
44351
1270
4324
13513
24743
18392
24917
823
8418
31189
35190
21379
5190
32132
35713
18266
14638
44713
36716
19468
6217
42486
47611
36162
24731
39941
43523
15555
11267
28588
17934
30254
27879
38452
7249
44514
46307
40966
19357
4398
11635
41022
31580
41662
27316
38114
26942
33353
42788
17841
49675
8373
21090
46344
43261
9823
39920
49057
3242
23091
10200
27977
35926
11043
24379
21532
3349
13487
1300
36709
25673
7350
2938
30027
45291
15647
12554
33976
5022
20866
7854
33808
29166
13534
48193
8207
14481
35282
32357
5854
7892
16744
9137
40701
4753
25322
10538
16651
24238
17299
40776
30536
18460
15883
36558
3777
15252
30299
12131
35160
48659
5717
16100
37496
4312
29970
12497
34351
40680
44775
1753
1117
11643
25814
25671
35489
22230
16519
2860
32740
34098
36203
36886
21319
45811
40056
14302
46304
4611
36888
19585
12434
42037
38915
48381
22232
13244
22886
48437
46250
9495
35694
40734
33822
46252
8584
27114
27925
18835
45562
24148
23438
38676
7871
43108
41813
12105
43911
49897
24993
30564
41247
39131
15538
2883
44815
22924
24569
40828
5467
16066
3163
48766
44517
19180
42163
27281
15259
26836
37074
30738
40203
20430
44254
22533
8123
40331
46403
16837
19129
46268
6523
35716
42955
31279
46857
14575
25019
22240
47129
25214
5018
29683
39355
37600
510
34957
6942
17318
3847
28341
25658
45549
31740
23573
33724
28622
33165
42894
42266
8316
43990
45828
36650
34623
2342
43808
40859
27531
47252
26973
38697
28946
3536
11338
9262
11839
49856
27808
27746
19072
13616
48830
36609
6718
6396
25715
48691
5516
42912
44234
31972
24243
4233
19765
42195
36874
6066
2166
5305
30182
17136
24686
26246
4624
24845
13584
35873
11951
44161
28647
25358
27946
46822
7669
9931
43471
19920
40193
41386
41278
21105
20439
48574
4965
21520
40391
6811
20542
37478
10902
34971
1914
11014
24255
12283
38283
5817
30178
254
25819
26337
35361
25473
15750
3451
37788
40752
2068
27785
46750
20631
28727
14964
15296
19983
20182
29286
24537
30849
49037
47111
28930
24612
5024
13938
21380
19043
35802
30785
17268
24106
29015
35564
47483
1828
15655
48195
43828
24385
16051
34499
32389
37738
36155
25031
23670
27966
20332
25045
6510
16376
35805
7809
40095
32317
41767
37339
27018
19119
46799
9504
20086
20893
17201
14132
5567
26709
44277
9412
41054
328
48039
14684
8688
40201
20606
29853
47695
34495
45072
9475
26292
36752
39359
19212
25193
21475
10393
1443
47149
44426
3035
31003
14621
1377
5052
36308
14942
28917
22152
23491
17799
29708
36583
46116
40210
4162
19987
30615
27686
11200
30697
37687
21388
43257
23635
34611
49360
15588
39856
11652
36437
14068
36604
1664
3092
26537
38234
24272
4498
7092
1166
28083
34099
25506
30802
25707
5542
48482
38429
23004
14788
40108
20536
41376
1926
24627
48491
12696
32665
26663
15598
11524
45013
37986
19068
12978
37475
47717
19687
45056
21265
17239
1363
35155
12601
48463
21709
2205
39326
6494
21934
18956
16454
49233
45074
42083
23497
40615
20910
5751
28268
16138
11891
19906
26638
11236
18638
4128
5879
46067
27591
22119
39017
24209
13704
48376
223
24604
92
26345
47399
5069
24658
37411
29957
4176
19118
37409
29699
39916
40035
19236
39147
5720
19759
12780
21850
49605
36011
18686
11537
43736
3977
9778
37508
5177
8167
35390
33775
35766
47526
19465
23355
16385
13299
32281
26746
30776
12571
28966
31992
14792
5155
15636
44861
27408
37962
16031
18644
31853
45625
28189
23326
37549
41827
32292
44890
19538
9904
33240
12742
46180
44272
5257
21728
47562
26562
43579
23984
33790
47213
561
36632
7378
397
27491
27919
13644
15835
3586
36586
34423
15280
11052
2203
21930
35018
34387
38440
29210
46400
3995
12016
4424
41658
33685
9956
21417
24814
7353
48594
38524
10817
21062
27704
18343
15537
19360
17671
43865
32755
20358
18755
41155
25310
8823
40437
42341
22546
14239
13957
49255
3522
31070
29350
36010
39802
24669
14217
936
18586
11112
33010
31848
41133
30763
11147
21031
29813
5521
37681
34427
21263
25679
7058
19363
48676
31572
32422
3817
23305
47307
45893
32536
6818
18156
6248
19041
7312
20986
49782
31381
5262
46817
34736
33687
18072
13468
42745
44547
48483
19091
28328
5581
22729
23883
21730
26996
32076
36610
8765
44016
37590
5276
27974
33665
45938
20872
28549
450
46573
12302
26334
45402
39606
45503
12758
8500
8319
5275
16421
37577
28761
31101
250
14816
10120
24831
39120
25161
26049
41560
17491
42022
4368
38746
46123
48177
7298
44959
17669
47992
27051
40416
18010
38060
11165
29380
49949
19534
20360
16987
9161
45717
17372
4423
11494
22463
7359
1221
32633
39209
45771
33649
7314
48190
10785
18917
33055
40052
25302
42230
23041
43265
6951
24590
3690
2030
42954
16409
3361
27965
10539
28113
27014
28560
33469
47142
16592
31013
20198
10784
11326
9430
971
44789
25438
23849
29129
7932
11392
14096
22524
3738
28217
19533
2285
11334
40645
18886
34201
32589
46640
9450
6636
4263
27219
29728
31126
17300
35121
39954
44211
1752
832
36678
41098
44512
43584
41225
39106
41495
15839
19247
9552
40644
31609
17377
37369
15227
15800
21120
32191
30573
31338
44858
3455
40715
12073
44530
42400
43223
49631
9959
19298
37685
41009
43597
22409
44897
31326
36974
38040
19484
46355
42911
42444
48826
43972
13781
10100
10119
23426
35239
37890
13369
36274
30508
32570
13365
49602
42405
28420
17027
27149
42852
10390
38923
30637
44994
13883
31222
22382
3810
21941
20400
33422
47665
37154
8103
8140
28399
42398
39589
20660
37053
1903
7545
30225
6957
13390
7028
26208
14717
3510
15584
28412
2245
26869
40982
6393
30674
36966
1333
33913
44323
2625
27563
48816
2287
45160
17541
39112
23824
22050
2460
24737
48475
36453
21432
10570
39071
8729
38422
34929
26065
40587
32917
2909
20747
45997
39076
48006
40698
27550
29139
43076
17053
10402
11067
48630
9935
20838
45574
45240
16095
6525
6400
41172
28199
30859
21447
26089
11435
29893
36975
20004
33614
16194
25467
36463
12289
11413
9252
38850
41533
25716
12572
16358
28631
20819
9127
27589
27698
5366
8493
15351
1354
24337
40721
3511
9233
38373
14076
39132
48934
38983
35099
22203
44679
20009
20229
20240
31366
24763
565
7829
46954
48329
43965
30817
9974
27814
13942
24343
30647
3940
17635
38043
12356
49072
20380
20462
20960
4494
30141
45998
42464
9133
1827
10522
15532
7420
36107
12723
18951
23787
15501
13854
26377
8902
20476
195
1724
16110
3967
31827
17764
49417
14414
40922
3493
12066
43105
4719
5302
36714
11354
32196
5153
9511
4430
24076
17262
3828
48634
5321
4213
16314
17562
40958
14571
48268
48543
16675
36855
37114
20991
43046
33364
5537
30877
11069
13417
32607
17726
13092
26364
13628
12960
8376
30579
1299
13105
2070
22320
6971
35990
11879
25752
2390
8654
34821
34237
49821
40019
20790
35369
34336
39400
41609
28450
24926
11186
12751
15713
4591
49839
48892
30599
10839
18493
17385
20390
20438
43755
2128
47930
5197
48079
29569
48904
13445
18615
40510
6913
5860
16245
25667
46353
40964
12476
25258
46893
7456
28003
19340
8559
27565
29667
8721
33815
17730
28892
25626
22366
603
15627
36324
31309
474
19054
45452
35115
42476
45078
2003
41032
40933
33426
15837
7793
5766
35388
18497
5202
5084
5263
36298
26372
17524
34268
9395
19808
12547
15656
23929
34963
25912
1219
21951
7203
6824
5003
5969
43376
14191
4797
18457
37041
40355
36364
42010
16162
12191
41915
12464
40713
33926
28589
47261
9075
34258
46205
36431
13349
29740
45498
16660
8634
32311
35083
13731
16022
5700
42310
17085
10225
15865
35045
12965
44921
22150
23145
29852
39814
49192
719
14290
19379
30842
42430
26092
7214
34417
28738
3167
2747
23569
28010
48063
47932
17100
5350
14456
35141
29133
1603
11769
31595
22706
32125
18696
36513
41027
47883
4322
21766
19583
14702
7082
48016
23013
36096
9800
25655
41669
35654
28089
5868
10448
24688
7225
15166
5452
38468
31898
44629
1206
30485
36935
31166
23137
10434
33645
28144
39605
49537
36443
39136
16136
18734
44300
31219
48095
19822
1405
18599
28541
28070
41552
3118
2559
37025
41835
4798
14766
18804
13654
23168
3715
6531
39508
2138
4528
27150
12125
15381
44885
27874
6279
2854
49881
7124
33532
39020
21982
29654
49649
48894
40209
26769
33994
44827
1367
19483
33604
39327
23120
47037
20596
31980
16647
1803
18481
18319
19830
37110
23000
44734
9627
32342
22833
1275
42224
25206
2373
14844
45442
35173
17662
9521
16256
44850
47450
8189
38538
40328
26362
24098
45541
38302
13140
11692
44869
280
26293
47285
33930
45566
29615
5741
7833
34854
44092
33659
13350
20123
18880
42772
29559
2846
9405
48824
27338
46823
854
47090
7447
19196
13843
47689
15708
17988
18729
40999
26258
16043
44183
48441
6027
39234
37813
44247
4077
42883
4862
47554
610
42437
43457
2862
33510
30401
36210
24129
3395
11161
28334
15209
49378
14541
20302
29596
24374
2757
3786
46560
35193
40021
34476
37630
23505
34710
48417
47364
46618
8416
12785
33418
11380
27487
2905
43955
120
7904
649
6518
14130
27275
31961
853
429
2541
20011
44350
23346
30518
294
17081
3239
31676
42769
27135
35071
884
24577
7718
44260
46682
38907
21711
43529
45408
41795
17162
1523
29203
34537
3514
14821
813
18630
47106
36542
43250
36743
3014
28317
30759
45053
20813
9247
32387
32764
8577
10079
48020
14433
29840
15270
8134
9535
22837
28621
5294
22888
18980
4737
23253
22510
1066
42819
37840
18507
5528
35981
31069
11645
6984
16845
9016
10459
45587
12141
43158
2160
23666
41224
22247
8102
38969
49715
2861
44794
6724
18931
19510
6508
4747
41655
11106
6227
11556
22321
42446
30594
43324
42642
22800
18456
16257
9500
37229
14659
23074
15007
11811
17209
13921
8916
21330
37173
3949
4523
21427
18312
19626
22083
39307
49467
36865
8660
8205
3639
23867
39614
27429
37938
34128
26788
15062
16046
186
46017
43957
19165
15047
1727
22401
38518
33481
32538
5225
13560
44314
33122
29522
43338
13436
9087
44384
44066
4955
36254
45510
33757
46635
37383
30792
16121
33283
23775
45512
1240
40345
28863
35002
39259
46900
12019
7195
6926
49144
13425
32208
16941
75
14422
40233
26755
11237
6608
25180
17363
12604
17957
33507
13859
3298
42720
11894
43739
45753
34474
25257
42423
29937
9562
4821
48165
10489
21653
8806
15085
17194
15971
9514
33874
34746
16918
35219
31059
35732
4775
7193
45654
48553
15863
2055
47201
26125
33832
41911
15197
11599
44841
6664
2482
12966
45986
47988
41893
21340
39093
44479
12866
10879
535
32506
23490
29243
21898
14700
1177
22350
26206
7187
23793
39050
22405
10605
41721
46647
40093
10464
49069
31387
36056
42866
21322
31614
24380
20477
5932
20321
2172
4476
5761
13303
18208
146
26398
41528
12545
11941
18416
8739
3405
25631
47298
35792
2350
16745
38387
21129
33740
34876
23444
43738
46465
40254
3134
5773
39939
23781
22521
30621
47036
48929
4285
7153
34978
23217
39095
11156
48473
38456
17304
12980
22397
47105
2845
43205
11327
30016
24900
13674
22446
35985
43703
42579
21628
47509
44347
24019
35892
23002
28844
43241
22289
28922
44520
38770
3592
32205
47383
20005
30207
49094
46928
33723
42162
27790
33842
26897
31792
49836
46975
48251
18539
34025
34693
18847
35907
27983
26480
30439
43121
42871
28363
29048
1435
35991
43894
30144
31976
28803
40195
46339
25449
42671
36832
44598
24985
44111
22617
14074
3794
7639
23519
28356
17731
15168
45823
12644
25277
20185
9100
41940
27996
36291
23606
37090
31726
40313
47857
27062
33826
45663
2822
26390
30837
21049
41156
19821
24346
31949
1770
48578
14679
43525
19530
1831
49004
20748
6058
2515
42143
39865
4279
27078
43023
39027
30976
25108
12944
1572
28950
33796
49832
1780
21911
20611
44366
8939
13578
42249
22429
3652
44999
9191
8738
6657
26780
1896
46228
36163
28710
41650
37261
3454
47530
11870
25853
33661
13362
29751
25660
15697
9427
41123
45081
4942
1712
49644
38842
35583
43340
20600
8909
46052
4477
298
41468
49137
18292
31970
20789
25688
41677
39034
36495
26199
19065
17066
38130
25199
41238
35315
33391
34296
14806
44321
24708
40041
27119
33390
36173
48142
18061
15131
629
22859
40122
16258
45033
17694
42801
2700
2296
24892
46966
6611
27907
9215
48298
35196
46167
3691
33091
668
45676
45928
15251
42716
7162
16503
47908
45304
5043
15365
18577
6299
10663
609
49831
49797
45363
30434
49726
7825
35908
20343
2258
34667
9073
10498
38976
4930
9044
5501
46358
30048
690
24439
5838
33746
38012
16816
19639
23259
49883
24077
3785
29938
49083
39815
39780
6009
19150
29249
1409
1878
11150
42686
25378
31684
8569
226
39199
37071
42387
42311
43045
4964
16759
18711
36347
1404
22047
47749
1871
23197
18390
20169
29557
40144
21592
19331
30311
44816
20076
8256
19347
46986
3461
46648
31359
35522
19105
30137
8857
39083
48735
45457
31998
8228
10074
43839
8736
11280
5378
39406
45178
43259
34513
14777
12469
26078
32086
21691
22222
19515
47664
50
1647
12849
5360
17772
25323
18667
9243
5733
21122
41550
20500
38722
30663
22537
48083
12007
6973
19873
12035
3260
2653
38046
26473
43669
8453
20424
43728
8223
11198
40141
20363
21289
15957
3535
15873
6095
43420
580
9280
28977
13234
40327
43090
34199
21449
1695
7752
3649
47691
37859
2796
9397
26923
15623
47952
48836
9326
29416
22986
44685
8532
24536
20646
461
7372
9057
23367
13864
34564
38580
1750
8762
13388
43938
2977
39945
6807
27438
34104
33902
3112
21292
5722
31567
13593
13336
545
6078
10146
12968
17720
30117
2326
25406
16341
25283
5550
17454
3208
17056
45548
46310
30428
37978
5168
33467
8108
38664
23592
8206
10998
39484
562
32077
31799
9062
45086
25183
9071
40398
39119
28921
44855
7247
36304
9570
24830
38986
47740
47417
44214
1984
8190
25133
28119
43156
47936
36520
10177
5449
258
22034
6322
23992
32891
40822
39908
45206
41142
32513
42669
2418
35161
2982
20458
38647
7233
49200
1339
17398
446
22170
40494
6550
46820
40866
38507
7270
46923
31844
45205
13984
24479
23403
40284
906
27282
5489
19328
29266
26081
46410
12872
11904
45209
30639
42927
49721
18687
48912
33254
10506
48840
3597
30650
12086
24562
21704
28659
48586
20916
3119
33612
38619
32018
9045
10677
26843
18655
46105
30704
18107
43477
34240
24607
18022
28471
41978
43001
35864
11534
29279
14174
2563
6488
15927
330
20970
49653
21514
37246
49220
35088
23924
3191
28425
18214
39389
36366
6659
31581
41892
49844
21111
32654
18863
14107
21046
44210
20983
41889
15992
33608
4963
49702
22492
38660
38134
46920
5285
41093
26824
5970
9020
5278
28497
35474
36462
1857
5746
43382
31497
41590
41153
27267
27982
44110
45490
47858
44246
42539
30419
17500
47147
10958
9710
48700
42895
49965
21194
21397
28614
42688
21030
21630
37331
18851
15060
7281
27714
34721
14052
15848
3642
49402
23084
13261
37150
7186
29405
46727
30423
24885
27910
14287
7847
5554
45398
12196
20913
24702
7130
1058
24276
25080
42744
4300
31667
22522
44895
21017
38265
12809
1909
16238
5935
27667
5675
32130
11191
36194
40535
35264
7380
26987
31934
33349
8663
38405
47009
10060
3359
5978
27186
14075
29313
42737
16843
14148
33609
1526
19221
9937
33683
38410
45045
8727
40474
46120
23836
6713
3871
36712
33004
31289
18826
17455
16002
20921
21390
20807
22093
18506
7835
34880
40570
6828
2140
40590
32598
18433
10378
19752
30712
4748
29055
29627
46744
37597
46742
25562
4724
46422
28788
10467
38172
27126
24757
24928
25632
32313
17819
22019
23741
10095
1876
42497
19114
7052
29981
46558
2424
9457
18815
44826
22569
37491
48024
25398
25816
7278
11963
31573
27693
32267
23039
6368
48639
48398
6294
45765
30742
21497
8980
39678
32787
12050
33468
1301
29332
43125
46582
4260
48916
9741
39677
29189
28957
24979
24639
38761
25
16975
45366
34834
43385
48844
21623
40076
25353
41935
11103
13930
5745
25730
6605
23327
29944
44119
16273
16617
12544
15727
11212
11895
44112
36992
37011
17757
34550
12722
40536
32167
26186
7453
45772
44707
17806
22972
48928
34918
13954
25877
48133
26815
12024
24492
44059
25857
47235
20177
38982
37781
5747
3177
19148
34651
41719
31057
31282
25223
47060
33919
32494
26371
23272
33484
27189
29493
11690
18052
2423
2480
28753
15963
3195
7163
13424
37466
8033
9116
14428
39550
47338
12549
33429
6040
19722
25708
18941
29783
38866
36270
5505
25352
26911
7140
43041
21756
20487
29024
37476
14326
25232
6135
40333
10247
15589
2831
4357
8623
40520
36593
17870
41445
26906
7898
8188
5894
17909
25427
39214
23020
12441
19700
29074
13887
323
37406
4290
7717
33085
39708
12580
24383
2109
42027
20221
36380
19300
4052
9403
2086
15582
45449
22001
7836
3000
32035
11532
41770
5336
31316
28818
9978
48817
24849
25282
35525
2985
1461
12455
39267
11702
9581
29696
38461
37726
28548
5483
1003
14914
31670
28572
24082
40037
47623
21107
46943
23751
2674
10300
41451
26648
5979
16276
9902
4037
10339
43502
42953
7806
31467
12727
27923
20135
47656
36279
14928
19029
18737
48849
13486
46737
11671
33663
14241
26970
14530
34629
6371
1266
11122
31869
45059
1936
27155
29341
12729
18990
6454
44398
32056
30804
17536
33315
15135
5520
9915
23307
1043
5217
45480
627
46959
3654
15552
43505
14453
33367
44689
36215
18068
6470
14336
26679
41350
30985
13699
30605
3353
38164
18838
16501
42999
43242
1445
47443
12282
3006
23006
11116
25026
11896
23651
21343
30990
16547
9755
10690
41509
33898
44703
26201
37116
22926
31150
45537
32365
18833
173
39775
38018
45801
8022
13988
37453
16460
44981
12272
42346
20486
41764
48202
39600
39413
46452
48618
38078
45695
27649
39760
29540
26729
39837
8200
6934
42267
39398
42910
46382
22812
32099
7528
17014
18478
49209
20296
34077
8152
37806
6756
14929
49646
45588
4329
7887
578
44196
9445
31588
1399
38846
46349
8356
22992
32303
27794
17885
22048
7822
22238
41439
19190
20882
9819
17523
46510
10602
27957
43126
34000
36276
49583
18658
19901
32715
13355
47577
23648
19922
20205
24191
30527
3485
49078
13064
18173
26124
36562
22899
45939
41087
7079
3802
5367
15729
43707
39735
40744
26761
45891
1048
23873
20988
19621
12389
22408
28362
37874
1884
37234
736
34308
39657
36459
43832
2106
24232
43344
5728
37421
36021
49134
11343
31097
4801
39893
11033
7927
18474
10797
2567
4472
34551
26463
11381
15187
12395
26175
19903
45141
12583
23646
16673
23244
13949
10989
36397
10363
1609
27427
6514
28025
43369
701
15170
4152
18502
29978
41315
22835
36343
5273
25742
40611
22117
14949
946
9768
46826
22138
14155
30900
40739
43100
25435
41588
23577
381
26750
45338
31532
49439
42793
13768
40947
42897
28939
10274
9077
7843
11600
18790
9343
24963
41097
8085
28848
21309
46448
39232
39613
9559
40903
34184
11055
49939
39827
44565
14083
29922
31299
44184
38085
44828
33635
46012
847
10328
46247
19034
18706
2834
21800
12261
27299
38094
23665
12841
31148
35679
13143
9598
15018
39516
19381
18657
46273
5335
48344
32674
1285
37766
28850
36806
29289
48026
49165
13217
8517
1119
26984
23720
7410
49944
46838
38970
47040
4749
23816
47903
26127
38488
10899
29769
6877
17439
48708
36546
23905
30608
22258
29863
10572
38123
3955
17437
19554
48277
37837
28146
41994
33326
47425
13481
47374
13965
45229
31039
7325
16502
9734
23859
10869
29379
4041
33567
9632
11337
47438
11274
39548
27990
25023
10931
40853
28684
46660
27924
4879
8283
44441
8015
21775
11658
46790
46585
32955
8704
32838
13692
44335
18952
571
26619
24652
44990
29303
43267
49020
29148
23422
8611
8539
10787
25231
43593
39146
24662
11051
16337
24180
4133
24660
22328
39415
30476
16803
21545
35407
32761
42960
13465
26813
2125
13553
19143
24293
3470
43058
2184
46855
30064
49848
29612
17351
38156
37016
45149
48356
37253
19449
15218
43485
29496
10526
1392
31177
31757
38083
14622
32862
12152
14623
4102
43685
31502
9033
35504
32971
1008
46718
33852
40729
42348
34744
29603
45288
41042
25264
49657
16881
33581
29784
23132
29862
12846
28951
819
10440
17716
32179
24038
47095
19077
17142
18189
31395
33843
24189
26158
42496
33233
12174
14893
1200
10180
4043
45855
21740
10528
28475
29302
3499
43456
21703
40526
35938
12826
4691
21084
40340
22604
26216
12270
29374
47633
35870
14007
40211
2130
49241
34750
41947
18069
45099
19378
1441
36037
29847
19613
34413
537
31647
40438
47494
10401
44671
44095
12331
43266
44500
17000
43069
3373
44891
2012
30744
3780
40218
28109
27818
17116
16065
24521
29471
41831
39692
47459
38264
7137
17890
29494
37633
37621
10884
6070
47871
20640
17639
48429
17564
40799
31079
21361
33806
46832
9659
2048
17556
40244
18045
43315
24015
27845
43279
26249
23230
41036
4576
10380
47821
23557
48949
49962
593
47799
4021
35818
44361
46921
46305
37737
44868
44622
29197
18252
36630
30270
47305
4118
33934
24177
5965
37373
45238
3565
30972
14263
3054
36765
13784
32001
45922
40736
48355
47579
14401
34983
46325
19505
18395
36286
2133
3114
48686
17688
38974
30053
12843
45874
8657
30530
5763
42284
6520
1646
24230
39795
6490
12351
47884
38229
48031
27303
44757
22244
5659
25152
9416
24302
22523
3459
22066
46267
8394
49431
5807
6402
18568
12436
17102
34275
8118
47010
49712
32944
30110
48113
48855
4256
44852
17106
43029
45946
40444
44078
32029
42375
6370
2821
17422
33644
47131
43535
11309
15950
15874
41026
16602
18093
24444
7489
845
33028
21247
43817
3116
8581
17779
5681
33727
40517
42484
14560
45854
1881
25560
28829
21957
46755
26318
27711
13283
43533
2634
1231
10427
19806
362
40650
4972
19913
30873
11496
6733
17329
42675
40896
12746
48798
3021
46535
39063
9672
9689
7080
10770
25013
16552
43487
16709
29312
20164
13542
5556
15834
26269
49562
34029
12142
33256
14508
34043
36555
11672
28759
31274
41837
264
4388
34856
8954
45536
25714
24628
5402
196
15235
38453
31227
24609
14368
29880
8540
15689
34776
136
24732
9855
23763
7988
30042
43589
17661
2225
17647
12014
25851
10615
14236
25597
38542
4949
34659
37211
25243
19834
10786
9849
35656
26043
25131
44922
33631
9149
10084
37344
34414
11806
36729
39534
1772
45807
41917
4420
15225
47643
14451
8357
44642
38269
642
22365
32330
27293
41668
37054
33590
2313
41262
25205
29629
44585
18058
40433
2437
17960
30175
19382
29930
17513
6500
32829
22985
6831
4405
3234
38683
2614
11268
47647
26461
20723
25992
10962
41999
16415
20889
42157
43997
45518
18089
37889
7444
14158
29357
17843
18545
9634
32872
35684
45360
3290
35605
20108
17623
17357
14186
20700
22159
33099
23097
29620
31945
1031
34698
27577
44103
39981
10620
6274
43319
409
32268
20024
44570
6540
22563
26846
13592
36960
47584
2840
37632
45054
9656
22883
11447
17745
20425
21608
35343
30271
44881
2076
1518
35268
18876
14880
42896
6529
45110
37417
36551
10206
24880
5967
49438
43565
13831
30446
46441
39037
20377
18224
40810
30904
29036
39208
6698
16118
22971
46125
49884
26787
14557
23226
42240
12407
28469
27302
24097
28250
3664
44854
31524
36619
30929
48739
525
32015
3929
30277
45318
18675
15254
26770
14589
42265
29438
15888
12213
23289
26872
46529
3665
19953
43971
44992
9261
24104
11332
21492
24178
10277
23333
34102
2929
30265
31778
33444
47077
19617
10748
31051
31241
14525
42635
13231
44385
7078
26825
909
30217
31507
29329
2536
34663
33711
36682
42023
13438
17794
484
19235
40489
28581
6437
3028
32475
39682
46084
36664
32428
13721
28791
46672
35731
6403
19319
15240
23939
25315
19313
39607
10705
2582
8395
7658
19273
22387
38533
6858
18046
40725
7906
27816
27398
37349
40872
5220
36416
26409
3804
21073
46140
44924
4040
49536
5698
45307
20578
568
7183
47492
18482
27057
35033
31800
11785
7981
1650
10307
8975
8385
40174
4819
21177
32134
9954
11808
19271
2577
7513
11409
48106
23256
49621
47243
46235
14381
30045
12146
41304
44241
18660
40562
7680
26270
30593
21192
17160
49685
42643
35693
14499
10
12721
25769
2420
5770
46990
8098
26114
11176
21567
41886
3293
20227
25686
23746
15933
12997
34610
5738
15976
24355
28804
18725
11480
3677
14124
34857
29589
35696
12581
34
6575
24602
13956
5306
43910
1973
24246
27561
34979
20049
23494
13044
45364
34124
17219
13620
5810
2341
15748
28952
40270
38101
5286
46597
25376
1097
49385
10926
3988
11912
45742
40196
21913
19387
30571
6001
30422
41992
4520
30551
28419
44867
28272
33802
26956
42049
39515
35058
30711
32435
19430
22937
47765
9818
27766
9433
27745
27707
9646
35813
4381
30630
42045
42741
36087
48345
41648
28911
23429
48222
42888
44343
12010
35705
43660
45467
41844
29832
9574
17918
7968
13858
39599
30088
42175
12706
5118
48097
44807
20355
2016
14112
16404
26966
26452
6723
33938
29883
26653
594
40362
12030
42924
28164
38219
49667
35847
38445
32075
37709
45255
40497
41656
23553
42748
12311
19070
18751
36575
358
8095
6612
36658
32217
22717
31937
45538
37623
34286
16882
18564
36039
40519
46330
1012
3718
41921
19741
20947
26457
28097
45509
33416
34032
5697
21601
11781
14577
40790
34026
49025
424
20063
10233
46659
9544
49259
23225
48468
37329
25764
26105
35585
13548
19940
10221
48530
29972
15098
15352
1928
34910
49607
2353
21760
29786
46024
25892
37908
31383
38692
41622
44651
2383
1809
46233
14758
23872
43474
40236
5437
21905
45712
34341
36965
37720
39113
43334
4051
27668
21385
45984
37166
35327
5248
6344
1653
9637
38709
26499
11779
46219
35866
13138
15626
24362
33517
18721
21975
21411
15456
11219
19490
33432
24714
11689
44243
40346
34053
4554
31864
43511
15176
27425
47292
30482
11564
24799
47415
30073
331
12220
44418
14205
43177
18023
11949
42795
36504
16366
7703
33278
30474
4110
35337
49914
28355
33374
47777
12777
36634
38980
19358
22588
7385
36744
19480
34244
26303
24056
43586
14909
32706
9883
22910
8750
21790
47699
41712
39679
36097
27497
36019
24436
32050
34545
7366
40681
11010
18907
49205
21808
4462
32359
26641
18213
33857
8010
42728
13266
42242
41214
32155
1524
15570
37703
4756
20636
47653
33274
34558
19944
42258
22536
39822
33400
32700
25840
47196
23264
17367
31653
41260
39812
22748
3938
40565
46592
28175
14487
18797
3608
45414
45022
3769
41755
13599
9992
2568
42692
33774
44843
14114
5543
29556
15052
9069
45824
45376
33196
23701
14397
33904
33036
44938
41060
49666
49638
30199
12134
49967
17408
841
18591
4746
9186
46115
34269
22491
39701
45486
17649
34291
5384
39182
39489
9957
35724
21588
27917
41964
1917
5981
12677
13836
9517
43694
18480
17057
4621
10243
30129
11115
34155
40743
41503
34526
2521
16688
19443
16913
9736
31216
45790
3162
31948
27074
1731
19540
110
2425
16690
4315
15544
13025
46364
32791
952
41360
6201
6452
3591
43611
7250
38339
29462
14460
42372
15868
34158
12792
14646
28642
3410
12359
28539
11047
39588
6491
28508
29066
11270
48806
14490
8649
6464
18399
27165
47003
3284
36661
23222
11703
37954
35874
2046
17294
37323
35124
30317
9307
3793
35010
9379
37447
23645
4734
37483
7919
26747
45858
49151
35960
23314
8000
15146
3464
48510
29192
1932
5161
41602
31086
28260
42118
35416
10827
8120
31568
10995
22976
13597
45271
938
5451
32769
13307
22825
8444
42312
50000
22690
42088
23742
28320
16658
6742
29655
4711
1574
43658
46381
14830
6732
8565
47574
3683
39544
314
49543
34937
5839
23104
29298
47564
37443
34673
43075
23880
44695
16450
24008
42056
37821
40915
34542
14698
25971
46536
29916
25220
44952
40155
37955
3775
22053
36598
21754
28290
13338
15955
22670
24857
49445
2759
36803
46296
36979
18334
2766
12295
20277
48154
4048
38624
16378
45234
44391
25158
20237
9833
28443
30391
2227
47790
3736
12070
30028
935
12440
16683
746
5475
24665
27856
9950
6834
22772
31105
29918
21814
47818
14713
38903
28881
34389
24431
5804
14143
9610
32440
26341
22114
43120
16055
43482
15036
31582
46134
40370
45140
49194
40422
29484
49679
2913
43049
27447
29254
43974
43762
30926
18898
13102
9223
24519
24606
24200
12052
4186
46685
30119
29595
14034
32111
49617
47631
27835
33414
40410
12718
15802
23016
3644
37634
5568
42173
4139
27144
48379
42219
6974
33672
20823
23749
24229
45050
20524
40225
31341
39662
26760
48835
22854
24790
15946
2811
12386
7604
43270
14902
10523
31305
46726
24277
28682
24202
34019
24682
28248
49418
4360
43455
3196
9376
24734
22089
25961
2505
22440
22055
19820
918
5721
7055
1248
30216
48879
39634
3619
17230
5234
48176
40304
28837
23331
10265
16488
41689
35733
1190
16062
45699
25974
13446
38065
11782
16725
1736
33407
31731
34070
42152
35777
31240
43566
10035
29999
7245
1703
14895
289
16515
6863
32710
101
41049
19408
43200
30811
43042
30613
717
35560
39626
22707
39219
47230
597
44769
41843
48021
5116
16676
24139
44839
1706
38140
12515
1245
15001
9420
2668
14102
37522
48789
43465
40252
33947
10415
45368
44
36988
35550
29250
5014
35544
30369
40317
4492
15781
2355
12317
36378
25642
14836
40854
3849
6752
6361
25728
43722
46360
21661
23061
3748
567
31593
19507
44836
42657
46445
31162
46456
15404
36285
17862
14249
24530
41832
22875
27088
46518
38207
21557
31099
13271
42481
14919
39604
25489
5106
25760
15050
41182
16645
23418
12608
23618
29409
34800
25092
15635
35687
35334
687
34403
47154
41594
13959
46473
4000
15832
26961
46066
42544
25846
17213
49692
26802
43540
33398
38032
19625
35123
9798
8531
22628
32992
20989
5923
13944
31983
33009
22865
17837
2865
8819
13501
29679
46734
38823
829
24183
21749
26645
18509
35591
4787
6324
43841
8786
20885
35333
13934
23448
33505
23208
35958
41233
41446
38315
25125
37040
17210
34129
22196
10720
43674
11695
31633
39791
25061
15065
6990
1643
7259
41888
6231
34137
46082
13326
19856
46853
5053
36165
45005
44032
35055
15119
41459
49629
46319
2469
8276
20003
24622
459
44638
24091
5688
19400
16980
25561
12548
16235
1402
25413
26414
24884
5215
45025
29287
20247
13817
1056
29788
32876
31708
45173
23210
8222
23200
43582
14214
26028
15342
28220
25687
46904
41246
39720
20589
12523
14206
21006
48297
18298
8363
23292
25347
11497
47297
17674
20663
47228
15438
20626
9371
21003
39430
16539
16556
13051
44487
25047
37588
9352
28452
47269
47618
20088
11388
19851
23320
34450
22966
25191
31008
4573
42179
5645
28418
47605
25129
403
30961
44545
23732
2947
15981
27869
22478
35602
26180
14408
34860
33005
18581
16357
16635
27324
11719
46885
12664
24122
27048
12247
25128
10897
1804
6186
1453
7602
29774
47764
11096
39878
2723
23123
19563
29156
33229
124
32738
25109
41720
6594
2187
39382
42917
33294
7709
18439
33275
32980
48780
5191
43896
5555
44060
25366
5260
12605
26796
25469
5892
45107
4926
49524
17736
23437
8856
44332
31995
27342
45864
11275
3322
45126
48538
12216
18418
21584
32844
44275
39674
36204
22904
28427
26421
34922
26058
35084
45926
18882
22542
24294
40220
49268
48091
16207
3433
19599
8258
34501
27295
26743
38037
36842
46463
44468
14989
6779
44146
24354
24515
36646
21358
8101
6889
27177
15846
42533
41341
17827
29037
5642
16713
24369
3805
12900
17759
37133
29492
43607
21717
31775
35250
46225
12483
1708
23309
27997
21820
1844
20040
30127
44985
9889
13823
37584
29497
35411
14624
5295
21215
2396
17501
24005
33877
13286
19862
43904
19686
44192
42170
7265
5824
17150
12543
45327
7416
35663
5184
5066
12208
28601
49951
37884
27560
46765
27298
43858
29445
31877
23234
6634
21333
19377
32100
14426
30660
5597
36727
6194
36078
39717
20257
38854
34763
37741
2782
10542
14286
21854
27652
7900
8682
16831
24919
20686
42382
6843
33891
26385
41463
22276
15574
46962
15214
15735
15511
16625
34348
4421
17043
25357
24269
16956
41441
2558
968
22615
16119
32008
25273
23088
40147
9055
9154
31458
33079
42317
31071
49010
45795
29361
22512
39700
7411
31110
26762
7358
37022
30572
48919
47430
48180
45815
38737
37126
18376
29330
14207
32091
46617
48540
31644
34487
9027
1309
47118
5062
27091
43044
7732
21334
14377
27975
21250
16339
39746
21577
28941
2956
23169
26152
7336
36813
49052
14297
16496
48747
18351
10888
23382
12391
11315
2640
3913
6676
28153
8365
1638
21465
35660
47110
24419
19975
38745
34594
4699
49399
14773
3570
38714
26752
45032
28754
25384
43619
23804
35306
23583
30278
30991
42384
16360
49215
15914
25040
29975
11927
13788
2709
24280
6345
10368
595
16739
25720
6377
32027
6861
36620
22795
11628
8885
18338
37965
25175
12642
21578
49846
33588
45830
44043
9661
32954
12097
34797
27426
34318
9253
31718
2973
37791
29901
49271
43950
44359
2721
14673
40862
36770
12256
32495
32820
47241
29022
34028
30183
24996
27381
9551
33525
27454
1111
38008
43192
30024
46389
30733
10728
22912
10444
8873
10819
15051
33655
38639
16355
24932
42743
48302
43483
46476
38321
34784
42958
9425
5210
17026
31908
28314
42357
23268
25795
26622
18286
15498
47020
31820
48750
17958
41577
49499
6585
13838
20914
48435
35941
11936
20115
33086
41815
11618
12424
7226
23582
40726
17680
8298
25731
3435
31040
36556
15915
911
44892
46251
27786
40184
42921
213
31243
12593
43356
38255
25303
21453
40373
40255
46211
4815
47315
1485
47499
44939
5012
45614
18152
14983
23721
536
11247
43743
23114
8330
44998
31750
47428
21033
37176
24386
34600
33270
23379
44070
24722
23173
27077
46695
42028
42112
2636
13924
45690
42043
40419
36267
31160
8479
23616
36172
821
40067
11775
29450
37896
25502
26335
10712
33124
14652
17614
4433
5599
19307
32136
24373
27121
11892
4117
38337
47624
36895
28093
15451
37653
44548
16262
48487
16931
31159
37152
24267
17060
19420
29989
18413
14123
13747
32858
18505
8035
5341
40926
30746
25899
37942
31046
35566
10305
37601
16967
40887
48035
15934
7914
29871
47841
32022
16932
3667
29573
25509
12687
4838
3663
34816
10599
3267
31807
26057
31397
3602
33385
20015
48997
25177
44177
35074
29641
30544
16813
2588
47253
1642
27742
44012
36316
17830
10386
18143
14798
30535
33909
477
39320
49022
12
31087
27615
22359
17976
41810
42491
46045
563
47844
29789
41959
34350
15631
14970
22115
6273
46858
503
21373
42092
2527
25306
4666
12783
9490
1918
39826
13223
6286
29221
38026
9686
23972
49512
42525
47780
38082
21491
11420
22921
40509
23291
27962
27132
40765
12204
24548
44756
15539
35893
23754
44923
43789
30253
31806
14661
11585
31232
35896
19057
12730
270
24298
18116
5624
47745
38386
46177
8886
3895
34200
17050
1259
31276
14147
48426
45728
27599
7869
41416
15683
21201
49041
4195
23255
43067
13967
10993
46049
4858
27934
30035
36981
14023
9207
42749
38904
17849
23794
14572
24511
13347
10919
37798
49934
4406
25960
36986
34152
36490
42356
1779
17719
12303
17091
11521
2194
26119
19135
28033
45852
29396
45867
6782
34459
21912
21643
45031
1391
11893
6553
28842
1463
9411
41074
31688
38146
36496
7649
9620
42194
21976
49630
19173
41116
19988
49007
14899
2773
45268
26777
8318
3899
39407
43077
20111
45994
22954
48075
29675
30669
19020
8878
21287
47047
10201
35800
42684
40316
2487
46414
6522
35373
42318
25585
21032
32620
12939
33013
21984
18380
15243
44316
33461
20962
40983
37559
38666
12840
17438
13210
22621
17968
5609
10345
49795
1608
13607
7400
41703
36942
32822
7344
18677
49665
2067
5619
12119
4112
39387
45949
3292
10816
33377
44634
27040
44977
40353
10371
29929
30750
15630
37450
36325
28743
27904
4557
30766
24411
10942
2835
11750
807
29092
23885
37722
39697
3154
44556
30642
42390
34607
45450
23188
45568
6786
45905
4035
20025
26874
29241
28923
45766
25754
19066
11798
27768
18582
3745
37268
6307
37320
48582
45576
3426
39388
492
9878
13029
18238
7646
47608
15543
8234
2681
10746
17117
28915
11636
1050
14330
10890
10641
22483
3275
43982
9211
1100
34146
40638
33080
39046
47995
18294
9547
16793
11528
41604
13505
40759
7034
31369
24625
55
8849
28104
42009
48965
2479
47296
25724
8436
20971
1900
34006
44578
42915
40543
27349
3757
11873
37287
2087
44971
22444
19564
29331
6242
29007
17588
25753
32340
45956
2853
35817
12567
33465
2089
16809
20967
303
28226
7681
39022
19277
26380
3557
27331
21807
49739
31127
16608
4882
26279
41422
44317
31453
43430
8534
9962
37292
32048
4741
11984
23015
28204
22006
7452
8034
41066
38434
10505
42198
22369
34444
48648
26373
49888
198
3157
37469
2457
17474
48330
48359
37981
13309
27553
27367
10934
5945
22677
25614
29964
19574
49139
32171
21342
6968
22942
8232
31987
24629
1483
36823
32214
46567
42014
24681
45138
45277
39297
45319
28650
15020
23179
6642
45655
48861
32559
1975
71
31195
37047
4104
6914
22294
42383
40206
13332
23312
32865
2957
47756
36153
36208
9351
40583
3357
25488
44659
48070
10273
8105
2655
27423
32539
46190
34511
35204
9366
20931
38166
46044
31293
16054
10281
33591
22237
39062
9357
7893
15866
4984
35745
7965
9499
45263
31556
43199
24520
46041
9143
5111
21066
28895
46420
20625
40579
34408
47281
11617
29823
2381
1336
38151
46468
21529
6621
39188
27521
6115
23411
24746
45673
15256
33764
37181
4273
25963
3070
31290
25705
5476
21076
33286
41620
1176
47247
30464
30648
6772
33406
1957
23718
6071
27613
9318
28264
16723
39883
48738
22108
6358
3916
44451
41591
49246
43184
41890
38728
33211
49618
24107
33784
6793
6904
23207
1327
25923
47197
45603
13695
33737
35013
11348
1800
37134
40731
38423
36127
21927
27636
26102
8538
49101
14492
38916
25538
23709
20651
5818
32261
22872
5546
15546
45226
26422
22808
45621
31295
28227
12457
19872
14242
41488
14320
47602
22763
48813
16917
44947
30333
38815
26504
25246
7993
16614
36068
29181
45439
42998
28997
20396
6314
49480
27334
30552
13139
2090
10127
32322
48073
41510
27212
45648
31637
27805
1602
6777
42252
30410
44564
17404
19021
31434
11487
4422
32988
19016
42565
13577
47194
47701
27001
7923
7561
1257
23917
33675
11325
38668
45829
457
11431
49344
23707
23533
12172
729
39944
34991
31490
12432
38625
37899
37864
48249
42658
33791
30118
26113
33503
28764
46693
7397
33671
4936
11221
22866
16593
47882
25319
42757
28302
42101
38084
12487
34439
31286
25251
18580
20407
153
33869
36762
4189
16003
46383
8821
24813
34133
8624
12082
41595
17950
21304
47507
22655
44597
22549
42209
1189
16563
495
34887
20293
13512
3904
2366
32432
19657
17471
30869
4892
38292
23294
6449
26766
44687
30099
4527
46537
34304
43101
30262
1102
9542
44648
38154
31978
11120
6293
1353
24127
25126
38793
42110
26282
35885
32290
39377
27187
28978
44377
27321
19474
45598
17773
41613
47819
31031
41913
26963
34599
18954
42499
23729
44006
16249
30394
26132
29220
8311
5919
25350
13068
42558
47291
23337
551
10924
47916
28801
2767
19962
37692
37375
32658
31508
16183
23561
4619
9555
47913
47663
18770
20799
9485
14606
49910
15715
32501
21722
34624
44215
31691
12039
36772
40610
30201
28316
14819
22398
44613
20286
2576
31000
19134
8308
13353
5009
21840
24565
30204
2021
10359
15917
46309
24290
49723
21277
40204
24792
37974
23548
44375
2272
7081
41404
25201
22554
2348
35301
18641
38996
48373
12235
29517
5160
44362
36022
38113
49160
28570
11121
22417
3372
1348
19037
15503
10696
27369
4088
44510
49978
2217
12307
31522
49840
8805
30762
13478
32914
41083
20778
43684
42805
46367
44284
43127
17175
22265
46198
46326
1820
26999
26100
27730
5870
26188
31329
44672
48882
28711
32020
18943
24936
39502
29016
4100
48521
39582
46797
10117
16034
24018
5712
48944
28409
36517
20942
29571
12538
5605
31428
20679
3935
24964
7599
44197
40176
44191
8171
35675
15267
49791
45311
45313
42555
15234
34063
29214
21582
38318
45779
25415
16811
11980
34270
16486
9066
14920
48372
16430
46803
24326
20711
30517
35661
39985
26285
2962
10895
38359
16533
48150
37225
10694
6876
27012
46645
35294
43304
17173
18549
49833
35376
20317
8268
26021
3792
28886
13163
12092
24161
3316
4018
19893
6302
37086
47341
37489
35245
46587
18340
32009
45584
20773
41746
22711
673
26413
27399
23301
20032
37824
13605
14633
36128
5724
22210
22004
31892
25767
8541
47101
7354
3095
8127
8612
26354
49256
39321
46454
1249
38588
31321
44840
3351
25208
12954
42768
29255
43167
5803
31482
35453
44415
33766
32049
19081
7117
48272
29093
5117
30748
6836
4659
10077
28603
43580
4058
23811
29502
34598
31180
9966
15427
22998
38391
45670
1134
28467
19004
11383
29503
34506
43180
23676
18496
32374
12121
9245
6797
45736
35244
2112
23420
17878
30862
9345
5612
34055
12446
35254
9180
965
36188
7171
23250
18227
46556
8471
42216
49334
13434
49958
2330
45478
47022
19393
22791
31350
22005
23311
11119
32032
49303
20262
10227
25747
48269
17740
37566
5370
46459
23366
29867
47687
27260
23782
10178
40082
14874
24597
12313
25954
28520
13958
46043
21389
2784
22017
31307
19914
37280
16186
34464
842
35455
36778
9709
47165
24861
32521
42324
26344
25280
18487
13399
15372
5423
30590
37045
29367
24960
5411
45007
18616
46408
11919
47207
43035
48551
39739
20447
48622
4129
24747
17750
32642
38784
36433
18561
23313
12683
48753
5940
42104
31333
25647
28169
33176
11842
7328
13484
624
39306
34213
16531
11959
12514
29000
12663
7711
48805
10501
22158
43693
29642
29212
48155
6120
6641
5270
26610
19560
49073
36749
23220
37715
28332
43727
48461
5657
36660
22691
43434
42191
14360
21665
8625
48595
46256
46950
10739
34402
5093
33263
46745
10868
27050
21273
35653
44266
41963
47497
46440
18007
36807
49575
42865
46683
5352
25603
17505
24050
6436
18315
14864
7668
46446
43831
5853
36053
33137
10116
14002
34097
22315
17678
6277
37221
31989
24194
16770
45903
38544
12575
5826
8696
2186
43648
42287
36647
40250
45051
26850
28091
20491
15979
36718
40857
3767
35349
32953
4600
12647
25154
26520
35350
29440
29057
11957
30483
9917
17954
9612
6046
48822
26019
48399
27397
33413
7685
260
7120
36756
16467
31917
13629
45885
37448
23027
22527
13448
10815
28383
30764
7830
25726
41425
25417
471
24401
29211
2793
8255
46091
32279
44437
16821
22959
41002
40251
47491
20297
33549
37592
46343
5303
42970
43111
37098
36885
37894
48172
9814
41628
17526
48307
49711
40976
18499
2780
26226
36548
5800
36365
37318
35246
24464
32957
8737
31475
48677
4042
39829
18517
22342
17855
7794
10513
17618
49608
4218
41327
43037
45583
28065
1389
4685
1106
44899
33783
15261
40894
29611
49998
43403
34320
45966
28826
26503
31092
37497
24839
10124
19350
20504
31156
35983
7571
13935
602
6094
25245
4840
17310
29223
32823
26831
21029
36923
14559
6408
47064
985
22583
22967
1849
28821
25574
34398
29741
30586
14092
49129
44619
6810
34059
29915
21430
45270
9141
2705
7875
25493
46375
21648
17854
38673
38656
14906
27
22651
22221
42573
31489
29147
37786
2274
37
17521
35799
18792
1761
1678
26295
9525
32708
33599
7173
37159
42413
13919
22644
17257
147
49064
19593
27781
39496
16558
26008
19764
36220
14957
33474
32690
26209
48374
17482
2410
38251
17886
48556
49728
24907
23080
40728
37765
33113
6771
45698
9748
30852
28107
41401
434
11885
47059
33260
28218
31462
12065
41996
30743
20975
43781
46428
41781
15089
1164
24288
13402
39755
18476
45514
28241
5056
25491
41664
41757
32046
13532
26626
10485
28324
34645
41150
3910
15568
14813
30679
16052
45613
47267
4598
3008
22674
2498
21011
10627
8523
17307
17063
33247
46477
47367
28887
15733
30688
35139
40740
12078
30062
37769
23022
34820
22634
69
7860
35176
3875
41014
43141
20740
33169
6695
35934
28509
5687
24152
5834
36157
21069
18330
24795
17615
17510
23798
45302
33688
48859
30692
35611
3594
7787
20650
40604
34534
40620
43198
47961
33705
15665
26170
29831
46122
19907
11126
15309
40046
2540
41015
42187
17548
20033
6665
10043
3841
19284
16848
8728
39452
9284
1054
35344
27551
47259
19152
43636
37358
45266
26450
35405
13619
26639
46532
8370
6431
44804
12269
3011
17887
33292
3824
49442
29061
21126
32438
24462
13469
32649
1853
5179
35066
29657
25883
7690
21868
46703
19464
15510
24692
5441
36051
18401
35497
31640
7857
4289
32747
22335
36677
31547
19746
14907
4435
8735
21599
44395
12587
35347
16632
13884
36485
16484
21119
39860
38208
29276
43683
29797
11124
20251
40276
18079
23370
5723
16347
35178
17791
35577
34494
8775
17896
18528
35598
37494
41998
37555
37193
15088
47815
32361
16542
21317
10006
44334
21882
8244
138
6739
5000
17349
1315
15293
34722
37968
10850
38138
13834
23620
3099
27795
32686
15858
3160
950
28504
35842
4236
34995
23568
29702
20729
40804
28092
26628
33123
23112
37207
28185
4073
37276
3948
25014
29593
32174
10090
33912
30257
46472
8344
25911
35112
48625
45665
36413
14416
41782
33957
12874
1607
29288
2908
2545
18178
38367
15371
35051
18459
49148
19187
17311
9924
31412
35223
35999
41095
33677
48004
41937
22361
16942
49917
38481
6334
2072
19384
34573
34232
31615
357
28207
7742
17643
23650
40223
22996
7943
14507
14896
23398
14480
49767
34754
45593
49308
10738
41458
7612
30076
1322
9638
24836
12869
23100
777
49713
26363
1623
32285
19055
17784
22649
42389
35041
45607
33743
14634
32236
32558
9543
5368
10483
49131
48353
87
46952
10563
19929
40344
11231
36656
23543
9209
2543
23933
21960
17877
19861
29851
6840
11076
35600
40043
9794
45293
26242
5592
35648
33143
14498
34421
17774
31278
13009
38539
40077
40149
25771
10482
5883
17496
34241
49053
15345
20642
3701
3632
16566
17094
33359
2735
30250
871
16191
34266
5488
49384
45975
24315
11349
20235
46934
17490
44297
32984
17033
22704
37784
4836
11828
20738
12596
14775
31141
43295
42504
7650
22036
46593
5832
7036
17555
38665
39530
12467
3712
21575
36787
33046
31200
30887
20308
36399
7780
1527
21519
8340
26855
43144
4609
15815
33763
26820
14818
32446
37695
3722
3778
14266
21916
16149
40138
44865
38523
12214
33965
42166
33443
7167
27713
49929
21010
9635
40876
35310
42232
29845
37832
49870
3448
43958
21297
47356
13070
10493
26712
14959
26244
35480
24287
35942
39356
3684
1146
23913
42065
39290
24023
8009
6016
36985
48100
5504
2607
19121
48545
26941
2182
7106
21903
25934
34030
31317
7087
4978
11922
47964
7880
5023
194
18649
5911
30895
32590
3140
42982
29140
18407
45236
5242
38034
25871
78
8117
16182
16187
6668
35752
31605
41377
35105
36508
41856
12945
34259
907
26383
3326
43845
19131
38231
8949
9821
29431
2841
47792
10618
14000
43182
11804
8055
623
8350
23608
8908
5552
35613
49408
36106
25915
46328
16817
19282
37989
49102
34844
39959
29923
40260
35409
3453
13034
49887
24869
17146
42550
36014
40834
32293
41402
8864
22465
23495
47268
49159
31067
27596
43888
20871
45401
41038
16997
6905
4796
12463
33037
35222
15622
30460
47642
37866
39373
40916
31890
28931
31111
44169
38886
48449
20243
10136
17634
14138
17847
18566
29996
43834
44083
13083
18421
10182
5107
16574
14363
36205
17770
48196
13202
16346
29070
41111
15331
1784
25957
33376
14173
45745
839
8530
34115
12915
23538
40794
1080
12101
45615
5008
6233
27664
23440
33162
31225
529
3994
39016
36043
5088
15948
7232
40485
33040
32553
49756
1882
31933
22878
37142
48524
20160
28901
8947
20490
13541
30841
15882
7532
4275
43316
27182
19956
36841
24452
17906
33886
24144
22774
27391
6030
41196
27330
42475
22958
8399
16903
8915
21897
39923
20755
41462
14671
35371
33686
22903
25429
22194
39565
20925
40779
11763
43994
40637
22931
3547
12008
16865
2228
29924
21579
16223
27208
15255
3968
29418
6577
26706
22406
25931
36461
22895
39587
22550
42305
9406
32319
22999
31304
40727
8986
41152
22802
22498
47182
10128
24933
42597
3952
18300
37195
13189
32238
23317
48732
15593
38228
16859
22938
4605
40907
49781
39857
35565
30713
40807
1295
7145
38990
30013
36580
38574
3488
26420
26830
14616
47778
1539
16667
15133
46266
30472
19097
16392
26809
43682
46778
44473
22182
1848
245
20901
24668
18001
19710
43048
29737
27672
35774
44000
22226
49116
43952
23147
35709
20839
8239
34985
127
1503
2912
48897
12832
27627
46946
42303
48736
2936
2762
5924
32582
2869
18679
23907
11883
23133
41206
17709
4851
3593
19106
14744
24215
21782
25737
2290
7053
6192
15505
14630
9438
46237
36393
10832
40814
5165
37869
38630
19575
7294
26326
41724
40318
28123
40909
2261
19435
23450
38271
5874
8725
22752
26782
8096
28382
41253
48547
20443
12768
5890
32544
39511
44228
3498
44270
22788
39693
41420
43236
23275
17596
33462
49152
49908
13037
19317
19696
28841
19294
29041
16041
45180
32540
28306
48893
26369
41427
43501
5699
3153
41708
36724
40689
36336
21059
6627
35428
17327
41772
43381
35346
19797
15258
19616
16892
43883
45602
6959
34452
12094
9176
46374
1615
40940
6214
18612
9277
4625
23575
36596
8968
2148
47139
17271
18760
47681
30529
1759
26063
38105
20668
29259
32472
22815
4202
39768
4309
6181
32160
5101
37668
29106
32517
6952
27258
20919
13371
39049
11030
12803
37959
49292
35461
20450
41717
49243
36130
5621
12541
11530
42332
49388
22480
43819
28466
4215
3305
39432
48433
29358
35415
4169
10251
44760
2526
16203
35454
29524
45122
1593
25813
19717
6267
47601
15901
3832
26053
43461
21225
40085
9305
21072
6421
46846
47680
15419
10045
13913
44296
4225
34362
48575
49419
41617
37386
10716
27414
37993
17658
8204
32014
22167
40449
18191
14157
27188
43767
11440
10754
28943
47229
36486
36440
28598
14847
43652
10400
6919
17147
39341
11353
43095
18031
23273
6320
45204
49946
11260
3420
38755
22486
18559
9488
4373
12175
41624
36103
44610
11244
40007
16442
20252
31530
13124
703
27378
19954
18536
3556
2589
30634
7924
26680
6224
25084
6357
47869
8100
8420
42060
5316
18175
40619
44035
46714
13595
36169
45182
15695
37330
22710
1138
9032
46766
17243
46768
24057
19937
43934
42395
44017
48163
43243
32277
33048
48500
9040
9801
17994
15337
36924
43246
31339
4403
28348
16224
29908
48215
2033
11920
49729
18522
6064
10508
10799
10186
35742
23887
29389
40684
276
38263
49416
47617
12913
49987
38825
21079
37006
32943
25980
40064
18609
14750
44991
13130
29324
20265
34170
43661
45878
25983
7559
44226
22012
38476
232
22220
31233
44295
29706
34777
38240
2329
42160
35971
33611
11506
8473
38733
46652
48161
38036
4543
6935
4028
23567
44222
781
10291
43150
26278
36289
27774
44573
28955
44859
40071
41071
28933
22855
43951
5673
15406
20854
16487
34208
8215
2082
7664
11848
16578
22362
34756
8981
43792
10080
22857
23777
34559
46689
36411
46596
46786
46754
27488
8355
22389
49043
32928
46495
29217
11724
31287
42554
14309
15022
36578
35551
27644
39730
33780
33816
48858
9297
46482
47153
2600
9103
1668
36167
46185
8111
24534
44974
49310
22479
42148
36828
48587
1442
13966
47088
16330
905
48089
14543
20473
17568
14211
34586
19003
30889
30652
19439
31597
23111
38042
34668
28086
21178
6736
45374
45908
40402
18400
27616
29709
40478
23549
25227
34593
37020
5952
9993
4649
7672
12040
19978
24449
16579
44422
26572
881
30916
8165
5057
2372
49635
37913
33331
27103
32228
27719
20776
11217
6827
44094
5212
47470
1645
4574
14160
5847
30959
12232
25265
31594
34518
11291
21485
28985
35692
40368
9593
41739
14431
23825
479
31506
38505
49585
4825
17090
34313
8716
41790
3589
6972
9134
19238
2376
1717
15490
14894
7099
41209
19246
14747
40663
42962
45310
31696
9493
29267
32252
28591
21484
45839
33218
2820
44326
23633
14632
28812
17463
20841
16737
33818
14471
1099
46254
14718
40038
13951
30258
38492
6593
42089
6337
48291
46602
15958
18346
32218
23049
23678
42663
48240
8861
37779
22471
18715
18546
33527
4091
17701
47377
34582
40591
16440
46910
24223
27083
12890
47368
13511
38607
8130
5767
18128
47331
1413
10986
34872
3178
11102
24822
11079
17735
49218
21209
36242
25174
48238
16176
13868
18807
45759
26742
47335
19048
33107
33186
38020
44965
18425
30780
2197
41979
100
14220
22669
17644
17229
32525
6443
21347
35317
43438
38169
48610
15082
31277
28770
47223
16912
19628
18133
23988
33336
4306
1239
13551
32745
19093
43670
11377
40659
23576
3973
5133
45252
45232
35001
32790
22587
15469
45276
34131
38749
39221
49677
18885
38052
43345
14873
39314
42102
30678
16948
10203
45169
34397
37215
48380
4266
36814
43859
20701
19258
43114
43741
45186
1696
48733
31969
44065
14850
2147
40299
29759
29950
11669
18498
3651
48208
35531
22922
32591
33322
16277
24514
43984
12539
41000
17103
8238
25272
33200
47109
46491
46113
28737
47
12431
46141
48778
41140
3923
19206
34481
6132
38925
7077
43563
22768
4365
23657
19815
39616
33194
8684
44289
6888
33204
5983
48737
15779
31429
13763
27926
4419
17233
43665
46505
48255
9567
42295
1241
49668
21644
4302
4452
43561
42228
38163
33284
24642
44162
7583
35126
5354
30214
3254
12013
45441
12762
9115
1325
19071
997
8868
13391
22453
3355
12697
34561
4239
12916
48254
27176
5289
776
33025
4754
4350
47445
29817
25533
14400
4710
20046
34948
29485
6326
26764
5679
29427
48979
40537
39435
42054
44931
11015
8604
13571
8671
16364
39285
14005
7956
25259
11715
30706
36089
44702
38706
17406
16664
8079
29720
34197
36227
12181
21132
7131
34549
49311
29005
23544
9721
15628
3413
21966
4459
47804
46988
20681
18329
41008
22629
45630
24613
18972
40795
3034
1427
49824
43723
47169
8300
44799
5150
15329
799
27070
42634
20036
4579
3299
679
44567
48526
49662
21613
15160
16281
21794
47204
11933
22022
37065
47905
17903
37952
24570
33773
40351
17435
12666
31686
25505
25474
23095
20570
37580
49534
28016
40486
22860
21573
22341
18233
40441
42391
16013
45104
38142
21143
5926
11736
25945
24158
8496
28662
6941
28394
34346
16662
16289
1494
34325
24103
41366
11013
23108
41261
38995
5617
43353
21712
48666
16751
18352
27309
12139
11382
6385
37763
6276
5996
1029
30659
27218
27152
17494
31623
35638
45341
17366
25400
5054
25090
40279
14372
43843
10309
43706
30667
29829
25213
13537
4643
8852
10194
47209
41500
13414
4054
3930
31724
10354
23122
23931
35168
36430
8007
40793
13889
35400
34650
39347
40730
32878
4214
11813
1083
41797
6682
41275
8122
40511
23964
35248
12425
910
34626
886
39499
2178
42174
33435
18308
38118
45468
49252
5074
39102
10329
36213
43600
6881
30372
25770
41774
15369
18653
41248
21919
36032
8874
20516
21619
41865
37271
32041
29563
15553
41710
29097
15196
40127
4087
28155
3176
12177
41291
23369
38827
21280
40446
47945
47795
39731
29465
22806
29711
40364
47001
48927
3972
28444
19475
732
31379
9294
5271
32202
26812
37745
49407
14494
15206
3313
16824
7458
34576
1870
42567
1961
27894
26939
17371
13866
31273
10092
38333
8005
38089
956
25075
33543
28641
43939
44495
27602
5146
20979
29081
20728
23531
15178
30173
19933
30644
20455
40118
31510
36690
17977
30123
35463
42501
43280
26224
25192
38408
22687
32870
8426
47536
17099
2682
15843
44394
49339
18087
10179
754
3106
9159
40385
25757
16115
12028
40881
22327
25385
9669
5695
31699
39216
16204
21410
27706
25811
32413
4583
48414
1269
1026
19156
4438
34631
28273
45808
25136
29423
41653
13540
26902
31621
1181
26118
20134
10473
33819
35324
11412
11766
39844
31367
21569
33411
25786
6463
42775
40369
15344
41742
4597
277
14946
13779
47501
38418
47555
13454
1019
45869
23566
27757
28899
5987
39458
34045
10017
9140
22643
19778
31337
12823
7813
49655
17673
48752
40205
10862
34384
46484
41982
41607
39831
8126
32040
10214
13197
40791
22413
19676
17648
3719
49008
24694
14951
33811
21675
46314
31555
44741
26507
8288
36052
49489
40116
1273
7368
35637
30548
32702
45090
47029
14958
25719
17467
2754
42898
6983
4221
2506
15228
42055
32262
19974
2083
30140
29387
15602
13878
22333
24395
46094
16280
18164
35609
17129
2516
46632
16028
44914
4276
33540
13870
28354
48387
37594
27041
35780
1551
39974
24910
28379
10944
49973
11018
29410
3997
6530
3622
9578
22147
2151
64
48629
33058
39295
21413
38285
39494
29188
34134
3424
20386
24157
33145
41686
35153
49500
22003
10204
47447
9179
676
4207
47363
43258
15672
45381
23233
23756
36597
14602
17464
48183
47300
42604
2054
28552
19990
16968
4415
34230
41177
36454
46294
42514
37003
43437
34748
46828
16411
26048
4227
39483
37995
3037
23442
17929
21647
48757
7978
614
31642
46636
39436
30220
49792
33814
8501
37368
14156
34897
32288
5308
13198
41549
17533
41375
23075
20392
6746
10021
47556
2305
35588
41991
31952
24982
40528
14459
29561
29134
3933
4556
35578
45132
25368
11578
23406
31012
37438
42994
2628
36003
36669
3672
17859
7094
5653
31951
37961
26624
23542
37868
37293
38908
49184
7775
4610
20817
19627
30227
35260
2127
30490
19976
40994
26394
20818
13170
7517
14054
29044
3515
20509
33678
49079
45710
30716
3261
31634
33252
41960
42677
22699
9639
29187
2206
28935
48499
43975
30447
3304
32033
10906
49472
5338
5614
9107
24533
26975
45687
8429
31850
27861
10662
377
17919
7789
2317
30861
33479
13637
22801
12383
27490
37850
21518
13091
9259
18558
9750
37389
18304
42454
43585
24516
22367
109
23607
18810
40574
31043
15322
10239
8174
10445
44411
37670
38839
19904
34563
2320
7710
12033
17075
2592
7569
36491
40618
24014
33722
22930
47922
15667
41849
16908
31385
40775
49834
45616
23779
12496
42239
49030
34680
46746
24499
44768
7194
6072
10456
40578
34507
19595
15906
18916
31485
40124
40910
22051
42630
11350
19748
41875
39584
11294
38031
15138
31121
4740
16157
48159
44993
12137
1173
45041
22025
41257
37428
19732
42719
21384
29566
44761
32855
4394
34998
41326
35492
1698
9909
15394
24809
26740
16171
17540
22419
24382
35860
41450
33174
15535
29583
23376
41486
42942
17594
7922
30830
31719
31468
10261
33118
49450
34516
7953
2677
27891
12880
5707
37927
8251
33560
4109
406
8216
31715
5998
9497
42534
26234
17486
31265
21179
32613
7135
4503
10311
41492
2020
6249
31974
32932
35297
18342
43311
4900
48419
45508
4056
36594
36027
13643
31716
20892
29703
12635
47644
4084
6116
47892
34390
17776
47979
30984
9742
11928
25116
24007
17059
16827
43628
28041
37721
46548
47294
47188
4986
35555
27291
46656
3542
19288
5318
36870
188
29659
10534
13507
5519
47896
25379
27145
47625
31209
26730
23785
48059
44963
23082
21228
30898
3700
25475
8859
29876
30533
9278
3364
24616
2807
5577
24165
28718
29065
24309
21202
44303
5585
17984
15514
40258
3241
14394
26047
18086
19558
25487
31190
2207
18894
49201
22889
28649
40222
12848
49350
23736
20721
6284
22317
49322
11003
17328
2815
8294
35134
38303
48609
46475
42909
23458
13087
22250
15978
31523
47199
5422
42667
15
5811
32924
42767
38069
4374
11053
43864
12819
3551
49830
14467
19631
29535
17220
20622
8187
22567
13669
38522
40935
15476
8494
11159
24560
49367
42564
27933
38961
9670
49204
14576
2732
46393
36412
21197
45060
8191
32836
23499
32963
42159
39928
7554
39598
5829
23161
5331
44905
34891
10596
42189
44010
6140
28877
5288
9382
33017
25209
45048
47548
19786
15010
9817
26221
19392
16368
23833
2922
3302
23058
16476
26580
21472
35392
27545
25200
23805
26404
23621
7017
34825
29680
17882
16546
37606
20521
39426
46
41241
4924
39465
30942
6323
8535
48132
15951
48422
9826
513
34186
26546
39235
8718
28767
29648
40969
18764
22188
544
10634
33116
17600
34908
30424
15094
25339
35110
13335
40830
32860
6537
36929
34088
42886
13688
11546
36098
35032
24648
30539
1136
34305
8903
1644
32643
15055
32729
30479
11526
29482
26732
2252
23072
16480
20298
11461
39650
10462
48474
6937
49111
48633
32103
6680
9852
15031
41277
21266
41707
16219
42343
21145
10364
20057
47506
14398
9074
38317
25244
29174
29565
24908
41934
15077
47719
37227
7243
34310
33870
45379
27541
18697
7562
38913
47442
19169
45112
48552
13214
5166
18302
40885
41977
38535
16521
24946
8310
21887
17986
9070
4449
1746
5626
13879
45747
32165
29441
19562
36782
41939
15645
21352
29251
49920
42848
20855
44951
27253
36854
15676
18190
8039
2501
25833
1232
31009
42620
30649
41887
25937
19805
18632
21636
24092
3668
31994
40577
47847
32070
18938
29180
8329
12451
2018
6559
30320
20387
4739
20409
33499
20112
42783
41675
33144
42887
7707
27424
26210
10057
18025
36526
48018
36005
14783
31226
9246
45640
16699
49286
16274
24426
23381
44822
23845
3954
48865
11899
32779
41101
38216
43699
8706
15302
13908
34364
41916
29316
1597
37426
25547
5725
46021
22632
48607
18643
27178
13149
43702
41359
48324
47280
1210
37070
5481
3673
18447
27072
11863
33759
6629
39545
16085
924
14222
27428
13148
13986
43339
22731
26587
30365
4242
16598
19267
25682
15210
32360
24891
1631
19634
16088
15236
25590
17167
43545
46760
17282
37161
36739
33911
4455
20258
31732
21172
15315
43160
33197
36868
49950
9121
2229
20092
14288
48481
865
21828
655
29779
14291
18387
3975
36041
12551
4217
38860
49039
23847
19038
3627
14752
32777
4824
13939
33509
48690
20470
405
34154
29478
33192
21195
24550
21290
27918
24318
46106
15306
34091
19405
33018
27195
27823
11631
31261
28904
40686
1415
9830
8445
35773
38640
21154
28785
12314
6943
44338
26162
8106
6200
17964
12401
43985
20472
11376
1875
22526
1001
7831
40534
49551
43615
45152
11620
21657
36427
26060
25028
39462
3554
43342
12475
42830
17665
14716
37171
15424
29670
6953
45985
21150
43273
26434
49420
32721
31323
46922
48339
24384
15153
24292
23696
21853
29273
14774
24962
8636
13292
23563
37603
37512
18929
95
38509
32172
6341
34639
12069
27915
29562
214
7803
21021
38687
22720
26284
11962
47813
9321
6238
7254
31646
29911
10357
48931
38081
43086
49906
10584
2124
20769
9981
48199
37704
805
18794
29555
10844
33163
20055
47094
8686
33310
5789
8894
4847
24483
46315
23138
29754
23660
6172
48011
49919
21543
34185
19431
10842
25292
37299
10476
22657
9237
17359
19958
29858
548
29658
35515
42084
6149
31517
36989
5906
49059
33556
31889
2993
17123
44224
38978
2327
2491
31882
10460
90
18975
27828
27980
15973
18018
14308
30500
19425
40507
26239
25703
14900
4718
1883
19511
39014
29366
49878
32304
42977
22973
37616
11088
10872
10678
23154
31612
46749
36301
45340
16718
11134
41128
24674
2833
48005
28049
31404
5752
19528
13047
11515
20199
45196
43260
38295
23911
37991
32411
23723
27066
26768
43534
27941
32010
38327
28511
21943
23928
27676
15071
45636
11114
9421
37033
41938
18015
13155
44167
24758
23581
356
21299
14029
1316
42443
28108
12003
38729
36871
45612
32788
40539
48723
16509
10373
37996
26577
3705
3136
24623
11513
39370
45443
20246
4349
23408
686
36867
13318
36847
32308
15045
11455
8758
33463
2672
4159
46111
11916
1251
23915
21036
47648
44729
1329
39069
52
32842
23474
41114
25858
4223
44866
44159
48614
16056
6101
33558
13460
20114
38212
16408
18438
35449
6083
6146
8622
25059
17807
1628
10470
17935
38301
32256
41612
39963
49126
13398
20444
20256
21909
29584
18732
22568
40185
27631
28889
8178
1662
36231
12081
49081
26566
28112
23160
25913
16716
30844
24805
43010
25038
1387
46600
20385
36915
22935
33125
45359
30145
3519
23862
26731
32576
20461
49188
31663
13574
7040
8650
36704
29347
40361
31897
12963
21218
23010
11054
11553
37679
70
18404
29968
28639
15086
49356
34433
37164
28162
49842
19141
28303
10804
8700
26600
28703
16432
41363
40997
17067
9857
27535
47887
48982
6677
2108
37552
1745
33824
18285
46258
22088
33265
39490
7424
41221
6087
36820
49354
25189
37820
8726
4470
19772
4781
22023
4559
42185
24397
45809
34592
49231
40913
27034
30373
30234
8791
22286
31664
18204
28069
19115
45921
25349
336
29554
43897
4725
10190
13218
14325
40294
10717
37307
46008
21632
18647
40560
12584
24632
38772
42066
38820
17252
12720
32594
26356
49645
28646
21549
37651
30885
27192
23373
16984
36122
37439
43302
7852
13320
14225
25195
16218
31089
36202
18311
28421
8443
19832
20330
10059
35751
29913
9113
31332
9572
32675
13264
6107
31812
45395
3038
20770
44746
7622
17816
40571
44178
38999
26860
13245
30827
14838
36976
35741
34779
49966
46005
32691
40295
24081
17443
45300
37355
5557
49336
30815
19838
44344
30853
38889
32253
36748
24847
16377
7963
35321
34647
21171
24818
6222
1081
41174
9341
13301
24950
46157
5676
31713
40025
32381
47891
45314
44173
35837
49089
12184
12077
1095
2884
801
28735
17902
25751
39906
18867
17155
1182
13771
2247
7949
36302
40032
34548
22869
41219
7587
29111
26964
18976
3064
5200
22511
20376
21789
41080
12143
20281
47362
44995
37462
24972
45783
13677
34132
21487
3004
19023
20779
31728
11670
26888
48880
49446
31993
32716
39241
23472
49454
48671
18293
29942
40545
6139
20865
11913
37561
11654
11574
9496
44102
27434
36472
20383
47042
11108
1832
1620
38783
21164
48022
31500
3709
44507
41706
35273
30124
21896
13019
43677
4835
43085
5015
23252
4061
9868
12308
29017
41127
21888
37233
14759
5530
32122
29018
7242
21346
41408
23977
5048
36018
39018
13821
48519
18470
6471
35932
42069
14300
44818
28612
38336
13634
18652
10176
17938
37794
48712
11934
10845
29170
2036
47190
558
1263
21591
48711
15812
27175
19229
49720
21969
31558
16854
39903
44278
29173
22106
12123
5896
42442
44616
8897
22434
34715
21564
31292
9832
23877
27614
27985
27752
47454
40784
2032
28514
20873
33516
10900
22941
6893
19705
20659
25519
11833
49574
13533
26120
20505
35406
38617
28259
9519
30982
9441
38266
24713
37973
16726
998
10661
3773
38312
37982
42814
16794
39699
489
23033
3386
20822
14860
16444
39439
9940
37920
23599
18848
4062
16820
45424
7985
41826
20953
11091
11028
2598
35000
17298
42662
15304
11965
29307
36388
11250
16530
3227
49017
41249
39139
8995
46684
31900
16883
31659
34716
24823
38669
17557
41946
36480
41347
47660
7757
10729
10798
30343
40629
46299
33531
6704
14650
47166
26192
14532
11761
23339
33388
14690
9434
27629
9743
48842
28349
40126
37851
20361
4078
17313
9862
1818
26151
16947
42986
48107
4589
30995
30304
20557
4196
38108
721
49905
44523
37062
3062
21963
36904
46298
38129
3850
844
40925
49009
15169
5899
1971
41580
25589
40764
29668
19571
14424
962
44677
106
41414
31090
13093
11739
42584
5412
28445
28477
40707
37842
48112
20704
19600
44493
44082
1238
38198
5209
25559
4070
35029
46517
46970
49301
47398
14278
12182
15112
42553
35888
41735
43571
49177
48948
22464
25145
22186
18050
49018
29126
36515
27515
16469
45803
39160
42963
32630
2711
37921
8400
38540
8024
16583
36665
29609
3857
46297
41705
46719
21451
44617
6053
29678
32058
8596
41718
22953
34316
44005
44156
29985
24673
11511
16959
36233
7472
349
44099
38500
8812
29436
29114
44837
17625
6717
21633
14912
36259
49708
1338
27588
33301
982
3903
32419
23383
1471
2168
37127
42210
39468
16549
10960
295
14612
16402
13476
37834
8142
6787
43653
29951
17070
23334
39258
11925
40049
42498
31145
6148
4174
27389
24143
42036
39238
45721
22834
46074
43907
43110
3924
23184
32336
15758
1982
25709
34338
10949
28625
17297
48064
27496
45346
46007
48394
13432
37143
30337
22505
43414
45626
43601
17305
15502
8834
12164
14654
40247
7044
26324
47805
37669
26306
29010
7736
6433
16986
25386
15380
18540
15591
27244
26991
47640
16966
49362
37298
48236
34173
46544
3611
17476
26010
40301
14294
27047
5867
43923
45507
1749
2288
31139
21311
41006
22642
27006
11000
3653
8666
15550
18691
33633
15916
4473
44331
8115
1224
37992
38832
8732
13994
9213
26877
12930
9548
6623
29073
14152
29860
14810
17465
7552
16926
24695
13357
4626
49780
29504
36199
41912
39688
5790
24510
12660
23560
11527
2863
9006
24785
6850
23904
7256
15556
32456
29227
48413
17199
40588
22266
19689
48532
8116
35753
32266
49540
49042
19017
27585
40275
17488
6512
40091
44242
49434
35023
239
17203
15796
27888
25558
31944
11450
14449
40488
885
47056
8478
33804
38605
46069
20026
17178
25942
22721
34615
35765
42225
42562
14506
7909
22724
771
31681
4251
22547
31575
36675
14528
39673
43799
22640
40482
2566
32312
46380
20743
8497
45384
12617
12690
47576
16982
10971
31414
12902
22046
11491
22792
40087
45145
20553
4928
27838
12540
38771
34172
25701
42659
8973
31923
6375
20689
33717
23302
20803
12403
25654
41481
31745
15542
30081
11241
24957
44975
39124
41822
30806
38632
32447
16659
31357
21904
47426
22245
20670
36023
20987
5993
6738
28061
24089
27455
20270
10101
10999
3790
3885
41337
15300
40852
32306
6406
27825
32560
11860
11929
25169
23451
23669
45497
26958
5185
14380
18544
29078
24069
33973
24866
1873
5684
7331
48128
20561
5938
31576
42144
23747
1477
3873
12924
23727
44871
47132
14815
39785
48390
43417
27944
22552
24425
48687
31560
38657
30664
7346
46488
30468
39630
44141
36519
32183
45954
19845
22993
8195
45438
3187
12904
34327
84
32299
39269
21611
32247
35027
2445
48498
20267
40523
36141
41933
6515
6011
39408
49486
8
17226
41268
10955
49075
38364
7339
2687
2458
46891
42672
29830
37739
35052
27007
16057
39001
32882
34206
6570
6292
38104
35293
14168
21101
47413
17840
17948
37755
32584
7211
11340
33311
22044
33081
8417
15910
2927
10113
24837
2357
13932
36685
46667
45961
18611
11997
15995
15606
43479
17029
14014
25982
22874
28781
5809
22233
18881
44376
46427
6339
42469
6835
32142
42432
18803
16373
8086
27744
2401
41534
8455
18767
37690
20494
18104
11844
11457
42971
26757
13461
24784
3108
48203
20998
36181
12330
43742
49309
29874
622
15527
48602
38536
30082
29910
12741
37180
3879
44673
8566
5047
3214
11518
48809
10135
39794
23695
22663
41274
27197
24028
26893
27788
6737
8672
46442
6632
5955
43131
7590
25593
26737
49358
32884
37887
30462
13183
39907
5443
46953
32958
19210
28805
22693
364
28832
6750
38991
24033
8567
13981
43761
36876
8572
29886
36183
5408
17603
31540
23190
6965
19040
3963
33300
46257
37758
3937
5068
18011
30655
4563
31255
38781
26144
40968
13180
43823
13472
12616
35949
21199
590
39740
209
27840
45043
42046
38707
10147
15183
34015
12988
38480
34276
26386
42868
6775
23982
27882
38221
28350
49568
49801
44589
10535
19730
26195
6102
33314
21891
35505
27161
6903
1476
19116
45354
38694
4181
16875
7196
14324
22059
7123
8361
19891
16356
5029
28677
18766
43740
33956
4288
35353
49990
26569
15603
3026
44694
17154
34217
36751
33410
21540
38372
29547
23547
40942
16264
25114
35304
9881
41579
35606
9914
20749
27472
49147
45282
22518
934
15316
20161
44101
49894
45879
25071
40518
9065
23874
37124
39989
11876
4014
43307
29260
20065
41970
36711
6998
6709
8888
32910
29777
11552
40143
45476
47513
19362
39353
49963
48121
9089
24707
39072
41092
34840
125
7205
49206
43744
27500
9685
15754
1130
3123
4208
21664
4466
42592
3367
25006
38629
11794
18201
12781
35363
2368
44968
10270
43873
20506
1823
43409
45387
14639
42721
22540
28378
25444
17891
17706
4211
35639
27376
12415
12442
23357
15494
13000
24456
8586
234
44626
32727
16738
6118
17278
18155
28066
39375
33224
8250
8177
43449
29239
31192
27620
32504
49510
17249
15268
2216
41004
10714
43188
10549
4203
36540
9681
35836
43678
4886
26022
16188
35794
4709
33108
17128
16459
9848
23484
13665
21051
43591
9249
14800
38111
45894
35443
10896
31030
38504
20204
35690
49936
26438
48899
32964
25964
4935
12546
48665
1398
508
3574
16458
28908
23239
32935
20405
42648
7112
22239
7474
28456
27308
26650
34952
41880
4869
23323
9953
36573
17826
19391
15785
15257
38662
6450
42253
27648
28800
45611
41073
1015
41477
2462
25838
46416
7413
36524
41696
26401
42929
43254
43772
26297
4050
42717
32198
7937
26147
9443
7535
47452
20075
23177
29980
13557
34183
29965
16877
39173
6175
39154
31498
10829
33550
11796
21753
34218
37599
45904
37004
11861
48321
5891
45688
2049
33234
36190
44127
20294
17121
10520
45306
30101
1110
47878
11193
31179
28121
47393
38814
8963
41678
40188
47966
2843
6760
42907
44416
11926
49458
39874
34355
42934
33742
16307
45430
12402
31655
12971
4094
1507
22960
13536
20688
19481
17970
46030
38711
4178
40785
19555
10108
6215
259
14267
44636
44089
39301
43193
12788
39265
44252
12717
23193
19948
4243
43033
45838
48863
46492
10492
42503
49696
42983
45423
4046
13136
20645
17185
4555
16233
9362
25607
3137
1472
6398
34460
38056
23509
19819
41447
28319
32583
35754
24204
34409
45746
37523
36746
24501
14519
14887
11767
20326
22591
42085
45477
4689
32225
37350
48597
33974
4642
37516
15962
1332
18727
39266
17904
20896
25102
25182
38872
19469
27134
47061
46919
8595
29839
49070
13565
1139
43963
35561
19354
21341
13237
38300
35746
48887
9192
33020
10672
31650
34121
8952
7737
38798
46424
23807
3350
42506
37631
39005
37341
41766
13339
33999
30574
47877
25576
48661
23851
13270
4013
48256
24983
30888
7116
28074
4620
2134
2919
5351
11265
42616
32489
9444
42120
28457
13257
18702
47985
20751
36831
24055
661
3456
19835
16545
18186
32996
28512
31982
22661
41905
7248
4937
23986
23465
4446
35187
24904
16646
47997
11704
35947
5968
21908
6412
7264
19946
20139
7538
28945
44552
24854
2683
33942
2080
21078
23441
14144
40688
26816
3610
41243
3058
16069
10421
42689
2407
12144
43402
35952
1952
38922
1076
4303
40665
5942
2238
3481
21821
29925
47572
17725
47982
41640
5063
28774
35109
26411
17110
11902
44784
28592
2394
15664
28392
1710
47071
8690
18434
1380
33953
5348
11568
38443
49063
46563
2433
4604
6801
7210
19366
29034
28098
25750
33491
42660
16070
28124
25766
41507
5340
27623
36825
4837
48267
24429
38679
376
17573
256
15828
25240
45220
48258
16439
26744
35147
35328
41618
22255
7295
41593
3110
18861
44566
11012
31505
43276
32239
31901
13146
44505
3799
47439
33470
47839
31308
19587
39615
12609
46807
43470
35075
3036
36741
3103
23954
47270
9644
6042
2248
45123
45347
379
25309
48558
15792
42549
25405
34870
29433
41578
40212
36972
16896
30330
3291
30939
30354
46606
37381
32302
12217
32610
32973
49229
19733
34512
10285
4019
26379
1390
1456
20934
35185
20922
38210
16473
45279
28054
30414
10257
46418
27769
47743
43913
32378
24233
34179
28918
2657
24021
2685
4015
43002
14101
15059
46927
36161
47117
13185
23971
32803
46575
19249
9820
43649
13998
12510
43112
36063
13750
10170
41663
6868
41924
17889
17076
168
2081
14807
16529
7705
1055
12743
11655
24281
6117
37904
32127
36703
30017
13294
43656
8230
11742
43812
9771
46576
8691
39180
20965
41962
12888
39457
35207
19389
22873
23455
47915
32251
7856
4909
1893
35475
48605
12946
1330
31725
27903
42754
22134
16650
46089
19865
37506
11625
26627
48306
8961
33946
34658
39828
44091
44311
44588
2968
14502
14725
25260
17771
14500
36368
18125
2880
36642
45265
43133
46992
983
27484
16423
4286
41010
45917
17993
43139
17681
7662
28064
29464
49535
36340
25894
14265
23834
36287
25093
16084
39202
33248
41545
3521
23683
32907
11985
9590
13594
3170
37500
6483
19644
761
20197
1910
26863
15871
38236
9156
34021
35898
20121
27546
16846
15370
26140
20577
44379
18273
23361
9969
48740
13545
27594
6812
14496
28135
12987
14117
41582
17981
9908
341
19766
26808
48572
33954
27277
167
32636
24610
2141
25527
42633
27079
45433
48600
29940
22165
22685
36693
46114
6714
39140
30361
39765
11500
41862
7257
28733
30773
6686
29684
33981
515
2984
4903
49779
1027
26611
34221
16828
23479
15399
2441
6501
12059
40026
14270
26319
13591
9372
10499
11399
36962
31157
6589
237
31151
19546
25298
34541
23564
46133
19549
7467
13587
48641
41639
47034
14476
27612
40622
38287
11550
10658
49569
28145
45968
12489
31447
44533
10172
44750
28563
27273
39300
32
42839
30931
49882
19123
18335
32946
8082
14044
17430
18908
31665
40399
31794
15435
13683
16195
9754
44449
15000
21176
36048
28534
20903
31537
39877
21278
14235
24325
12981
383
10867
44294
26374
2645
29088
11320
13783
23923
12260
46621
28472
44048
5407
7800
749
27026
2632
6922
36148
31389
22049
19897
31925
14969
19767
7241
1246
32512
23099
27297
49324
17242
33524
8621
6691
20210
11884
17345
17118
14047
37994
21224
6496
14756
24421
4767
6759
10591
987
9482
32321
29201
20340
15191
35806
17675
46515
22216
36951
43567
28340
10066
42419
42012
25414
12654
39329
21383
36796
48771
12637
21586
26038
29365
49071
25970
12180
43538
44408
17163
19414
3311
39003
7181
15229
38739
415
20511
47097
47788
21158
11799
4191
36576
41045
13063
35313
22447
17478
6900
16864
17610
20538
20718
4057
24741
22612
6262
6473
8753
34903
42823
27701
36530
8225
43983
21463
4672
30988
38401
29610
34071
1744
15452
48730
7638
23771
29539
29342
24002
25420
6103
5791
34490
7180
32323
23116
36198
17028
29186
25578
32272
37461
4898
36092
47835
7114
45071
46027
33114
43711
34211
6845
40436
30884
49826
6880
31146
2027
26554
39276
18834
20739
26726
33979
18284
25824
25121
36943
22754
25571
13098
25908
35827
4866
21211
4806
11234
25695
14179
44879
10978
7442
12488
1286
43383
26976
26417
45171
39381
7915
32455
49502
25523
5631
34690
39851
21736
27961
35670
43149
38802
7398
37080
46513
5884
14335
6092
27678
4888
4338
47113
10071
6352
22684
115
36931
26866
39333
16332
35225
29407
14640
48490
36717
26497
43394
19598
36775
46967
22804
29351
28574
13995
4366
36441
44932
32906
35357
34535
47917
15558
26867
11391
41428
28037
23034
36655
14427
40208
9977
25364
14261
5065
29633
8891
16535
8945
45672
16871
28529
26148
16342
36082
5382
45895
49835
48198
13662
46397
20694
17293
24124
48235
38845
8060
1529
14648
22771
43966
316
25115
38938
455
36284
26929
41455
17355
36858
49163
39284
13431
2071
15053
30920
21188
38648
7046
18000
37202
36525
49352
17733
38276
640
13499
13300
22950
13406
37147
45748
37297
18736
15830
13310
44946
5356
32577
29202
18184
21293
32113
5139
3107
10956
5656
39631
40162
4818
20727
3965
44726
46126
15361
40058
156
42520
16240
31443
9582
47978
42884
26329
7903
6054
11026
21350
42543
39912
21972
46940
40891
9896
5652
43499
45931
43814
27637
1978
7901
16543
19089
3378
2678
25015
29825
8343
40977
36117
49237
47736
3908
44044
22589
3960
46498
42949
67
49699
9097
19482
17097
35266
47100
17193
30556
38368
35820
16963
26225
2713
3142
35044
14954
44669
24671
36387
10673
13585
43107
41884
48424
25656
4086
18180
48019
36875
21576
13284
11771
15463
17527
26952
37612
38051
42926
24994
40229
4908
25070
31840
42920
20877
20497
47856
36666
48593
25262
22421
9888
41498
8867
23863
41825
2455
33676
14696
43815
21500
49560
9302
22678
4111
22310
18226
39805
419
32770
2966
35701
30156
35303
33279
37266
26785
9126
35030
38791
7470
41385
35674
33809
3852
27328
33489
7676
46317
33735
32524
24043
21702
27067
15105
48727
8877
24361
43657
21246
2191
47138
32937
25299
44919
16401
5524
11233
15554
4274
30036
11591
15597
49789
43857
23464
10791
40980
31433
23550
20089
36570
8359
11646
19462
47860
9991
4067
41125
18888
24184
10838
39793
15959
5660
34431
512
43852
48589
15528
6188
39390
35237
48781
20591
49377
9015
40332
37091
41325
32744
6193
31400
3720
23070
48054
11820
29525
45506
35964
43820
39472
8476
6347
19185
704
34546
20676
44592
19036
43692
21566
12048
48327
7595
17380
12799
46195
14583
21353
36045
4120
33707
15453
19237
12335
17127
26722
4910
25346
4987
4512
37546
13555
29687
26608
2826
228
22334
291
28000
13894
43446
23423
36826
33161
38475
38998
42968
20706
8936
43633
9505
31327
895
8747
2933
47629
48368
35452
23319
24228
12445
39807
36323
35236
34344
24060
11490
26453
8835
20664
11135
11197
23795
726
13097
40782
34906
16922
27528
2495
43987
6497
49588
12672
10058
23236
32153
12492
17663
25147
43496
45835
12428
7019
44808
3695
17828
5842
14399
44609
25374
40219
32426
3635
3390
46170
49427
39649
25827
35646
8525
44554
29355
13096
42024
22535
18845
5527
11312
32601
33325
3462
7471
23765
1265
44979
42292
16093
35923
45474
3220
8709
36833
14115
16950
24878
25959
46511
48349
17003
11931
14385
8367
13475
7714
8458
34764
43016
23260
32031
23304
24776
20805
18436
12989
6405
40806
42458
29272
24068
17782
38606
14037
7708
5410
26330
10185
30066
785
38347
31774
35352
20323
35989
48074
10367
11668
39825
41046
24438
43178
28152
40031
40315
17191
4658
34377
16151
24111
171
49559
30416
42770
49808
5607
21335
23895
6315
46751
25382
47722
9350
22887
16087
40407
32754
13312
36108
31857
9773
7085
5984
41170
6485
46293
45466
26418
21495
8990
26913
16236
19006
28686
292
17135
27705
46740
3543
16160
960
1943
15114
7150
44324
45543
27265
44645
49750
27104
19569
42279
46156
40020
49752
11318
28485
42003
34745
42361
13911
1981
35423
12423
20056
48794
28628
40918
38357
40801
40278
22015
21376
49615
2518
34905
30092
48853
44428
6418
39092
22702
37395
45789
43729
2466
23477
44691
29954
21399
11735
47263
35490
45910
24170
1902
40502
12808
35269
17015
8392
2511
16158
35641
14086
34993
41183
27987
8928
8160
31115
46404
47411
46429
3671
989
10521
1172
9522
15701
16587
34106
20264
41693
39000
34590
38413
27294
46240
30120
23238
46898
9844
1765
29519
13065
47531
43291
7652
4968
38967
43365
6780
18403
38863
10517
32854
7110
21978
2298
48776
34728
31550
26358
18866
48456
3529
18753
3835
6169
45290
23853
9897
13506
23993
12447
29439
36740
17312
47108
17860
24760
1663
19738
49851
20253
5334
31080
29991
41418
32648
9503
32687
1293
42829
2739
45617
6679
2829
25862
43251
44465
4940
3818
3801
32082
46993
30616
35853
6084
2857
33022
17920
43909
15129
36114
14170
20428
30425
48288
49132
36901
2250
15499
47955
33504
8585
7643
43207
6683
3731
2850
46461
38342
28072
33982
47026
9912
43056
28159
7756
21477
40107
22646
8287
19916
15678
31456
30031
2004
46470
19104
10387
43306
15670
29850
36257
47359
11853
1271
18078
2902
25867
2958
8209
18871
48660
25051
35719
36036
41405
28547
41904
5665
315
9363
31207
5523
48371
34575
25450
22388
11875
6179
1858
46432
27076
33447
16807
843
6635
46213
8588
34496
12640
46037
40722
43605
38911
1323
31417
36599
4881
44483
44715
9680
16104
12264
41040
3033
30400
31645
39405
48915
29939
41950
38994
12923
31776
40711
42297
21144
17354
21914
14849
2022
4700
12025
34114
43084
10255
22600
5258
43117
20456
37135
18323
2435
9380
11946
16841
26086
24359
14520
32463
28992
18454
4392
29890
38531
29242
34479
21252
41749
39656
37990
29194
12153
25791
20042
37372
18624
37172
16209
47939
9694
30266
19051
41802
48709
31643
46522
14140
49996
11988
12484
10446
36636
34239
16761
5430
16090
14741
21494
20837
4237
39172
40445
26670
10685
6480
9182
14977
6774
7159
27572
3833
33880
34634
46161
33026
2481
47615
24603
1748
20466
18014
23286
41761
8119
37582
17836
4712
46965
38447
44782
28359
7908
3845
22735
949
37757
32503
8027
44180
1547
4220
34442
1939
6761
27998
19486
18192
43142
31671
25990
46833
1042
27626
13820
36919
43993
22200
41657
37809
46271
8578
38293
22197
32355
5298
13869
48446
23545
951
14343
32491
15246
35151
31574
28286
39957
34622
45761
5343
29955
2312
20435
5844
26720
25480
7480
16367
38277
39227
40892
32817
16873
44893
9733
333
19947
31826
24657
27128
49191
7630
46036
30268
13099
9355
26810
31203
39358
11787
26833
17611
39567
35442
13618
3408
3417
48993
23730
21275
42211
14742
18968
38537
32072
43327
17079
36055
40671
11068
11213
10849
4994
1369
27360
5349
10230
743
14686
11286
18048
28265
44085
33126
49609
30968
15149
40904
1996
27803
15395
29290
11681
42813
11130
6979
10833
8346
37367
1198
21113
23792
49066
4230
49661
6321
30993
49806
11211
49390
15740
42114
42608
39004
20752
20898
8715
32977
30191
17595
44706
34251
13327
238
32395
28986
36789
7422
48244
14708
49592
16575
207
48476
7970
24693
39603
15164
41399
31785
15441
42619
32347
38898
32296
14008
44526
44884
17864
30497
14501
4155
47384
14303
30767
12506
49436
24390
28442
42774
36969
47951
32950
15083
31791
17708
20215
5491
39165
38159
21950
33399
36909
43089
29394
10759
1180
14714
9390
17453
31109
5123
32723
17592
48200
26660
17236
27413
42435
12784
39369
38484
26840
1360
31249
35035
29042
37542
39719
35900
5615
28595
30897
11095
46169
49953
31790
18055
47260
5415
30246
17134
44670
9715
37882
14189
11589
46631
43604
13152
16830
49396
16734
20401
33840
34278
30444
36272
45249
13638
49774
1557
17682
25563
18272
6096
17844
36956
470
30834
17813
6872
28487
20498
26357
3446
49790
45296
34222
11540
14961
39019
33541
5307
27346
20832
27830
17593
24195
16124
21318
5776
32094
45552
6986
39274
8129
7907
9815
20830
32197
4278
4304
33781
12412
3347
7605
10358
992
31100
25020
20097
33660
44438
27422
925
35872
46985
39866
49735
24815
37097
31833
13175
18167
36174
11802
2291
3894
48313
11452
27122
13826
7944
48845
39507
33508
34331
17302
23178
29150
40767
30366
19753
23554
25919
40742
8231
30475
19053
22882
2098
21742
10908
38472
37204
26533
28861
29432
10758
22652
107
49484
45845
30335
19047
4463
37258
35704
41336
9098
41587
32095
9664
25725
49863
16801
23996
9136
40975
10835
44276
15107
34027
29090
19323
25111
39581
36837
16990
30057
20306
14021
14615
49997
42596
20366
4721
29793
42320
1554
38329
11009
16353
6002
15009
28318
14084
31551
2642
29253
15547
44450
8260
17946
38690
27069
43621
8124
23937
25828
9657
162
12668
9996
43818
46501
30202
46578
8369
28870
29269
9238
30451
4618
24582
40288
31432
15869
16943
18824
26468
44845
9716
43190
38920
28330
4400
21716
16232
20192
11344
35634
44682
13717
21517
32941
5119
1307
49591
29685
25345
9012
21327
6507
22756
44910
21597
25756
6870
29038
44936
3860
36012
18904
11698
7955
41192
25328
39520
48495
10536
35154
46239
19979
34770
30247
30010
13447
8202
43148
25079
33594
12188
35528
22975
47342
22659
2967
3820
3185
47716
19372
32978
41738
10399
7979
28326
47696
38319
43384
37701
18280
42755
41217
44364
40626
40207
49382
8372
14556
11649
24740
32776
9282
30666
13133
16493
11057
6929
41335
16893
40429
42247
19276
8942
47771
42846
16684
24110
24324
20165
9774
49508
38615
1522
36017
19619
25909
39897
2897
41643
30403
10494
17374
26695
12345
24339
42851
17485
47583
49195
19921
27871
40602
12959
35906
44767
26456
32005
15027
39713
6150
39365
12006
34924
36683
9560
40324
6921
11444
3703
9314
13254
38144
47595
43170
32897
36132
44198
24774
20170
22298
23733
41914
12570
4960
42076
48628
39929
10133
45605
34054
10529
13837
41841
7539
43329
49942
21746
21429
22703
31234
28279
21248
42246
15512
19761
47621
39178
15423
20320
5641
40989
34738
39521
39636
5755
20244
44586
49867
7525
49161
23951
5357
15518
29877
9472
21795
48577
24955
27579
12198
388
5788
48684
38273
32523
33329
3478
1672
15368
34140
40152
35278
18700
46154
41044
45632
10733
1760
41515
24459
49961
9624
32124
46056
22918
14845
34166
36649
30040
12223
36987
46277
36954
7371
7409
9339
31018
30125
15444
1797
3391
21262
44966
15714
1292
5589
12027
3368
15922
40902
22452
16858
22681
39
15443
30242
23018
91
27451
42151
647
45087
25995
39104
18232
20212
2805
19790
18901
2777
30684
46216
2727
8850
30102
22029
12226
26101
11829
48343
18241
47437
38585
34938
26484
33206
38931
19092
24729
33386
2101
39568
46395
33434
24445
35441
12387
48731
21013
23890
2434
6596
26935
16886
36031
13036
23503
47862
10968
28817
13902
47763
46594
35240
27274
43229
36420
46425
39096
14338
44480
8427
12376
21100
38972
44873
43335
13142
4805
16799
49889
19620
2009
31586
38284
39491
10038
17884
28234
30290
43735
16389
16842
20147
4663
2832
44506
1733
35439
25317
15682
10423
33333
37940
32694
22908
32024
35748
14468
33628
8549
17575
17940
30606
15378
32535
39931
15263
37554
14846
25288
15108
29802
5797
11228
44327
20567
28461
30052
14417
8693
13979
47885
42001
22696
13663
25207
431
42243
16092
29206
4501
10619
18993
16492
11983
13733
26184
13631
34735
27732
1738
24886
18905
32718
45579
2594
846
47403
26044
21635
22708
5203
44209
41874
13115
2037
42571
45037
5457
36725
30788
28417
16089
10622
18339
30376
9375
10341
43783
14878
36493
47500
14565
30100
21377
48917
41682
39500
31312
35876
49533
1381
30285
36238
5231
42572
38806
30610
42333
23748
41349
35994
4808
35100
21260
12384
18940
49529
24181
2378
20815
19274
7577
48383
34105
40641
6346
21269
46899
35922
5975
12531
3753
25939
32646
39252
14301
43392
1087
20041
45261
26236
35576
19138
42680
1830
1268
5658
38259
30093
45493
35060
28556
779
15147
35707
14145
34799
19841
33014
3414
13121
766
35943
33792
12273
28537
18489
2034
4905
28156
22468
33103
570
37586
13897
4657
37402
26153
12355
38226
13118
42733
28866
28833
36337
32623
1159
13470
22229
8614
2023
19681
27776
29572
6282
44786
41352
4486
21174
7606
26985
10211
31881
43945
28995
31928
33104
33203
217
40290
37620
23125
47893
13366
33289
1673
10911
19027
11145
10612
12115
24843
8411
31839
28775
8138
11558
22773
18267
13738
38406
30857
33975
37636
36040
20720
23269
45754
7762
39213
48427
4897
40455
5041
3388
41437
14340
41297
10648
33566
468
22184
46859
4833
25278
48289
26481
30560
42519
18472
18056
48701
39930
3643
12833
48672
8982
18469
11812
47185
38905
13701
6376
30922
8241
24047
3721
29884
32629
34491
25619
1374
27032
44023
44846
49758
29334
11697
32556
40320
19175
39048
10805
20067
13890
30020
48568
46467
15797
45627
8051
4193
4577
24164
1758
22610
19472
27306
32098
45001
20417
9331
3896
48009
23296
21987
22753
10275
35238
15028
5198
35380
10324
37092
22393
4530
29767
7347
47688
23857
43390
22352
39792
48970
24115
11144
45937
19264
29568
42797
6197
38119
448
39296
36109
16419
46816
25721
6468
6251
4870
37822
25025
38222
49852
32379
16642
16120
31083
39444
27045
837
30169
10365
6335
41055
22482
39950
38843
15260
46028
37376
27205
21953
25651
26518
1861
6899
36851
16018
34902
22191
44084
7147
10140
26139
15629
12400
2361
42039
24753
13653
10810
16282
22018
7307
16626
37212
39643
16590
11924
44372
18754
46674
19857
15141
1776
47081
23287
36927
20535
43977
35259
20029
39676
16889
21374
26594
34003
49676
28249
1016
37768
41589
3576
25402
44165
41530
45253
7611
41685
28949
39392
41197
34753
37922
13961
36091
19056
13206
49315
42877
26051
49430
25153
37290
36344
30690
22414
34319
10245
28490
9739
21414
27945
20045
19084
41932
36057
19248
43293
7773
42947
134
21137
38941
43013
37302
32983
7954
45404
42149
15317
18855
7696
48271
31072
3438
40955
16795
34569
16781
33712
40503
30680
25594
35159
16822
4769
11560
22172
17009
40594
34182
22177
17068
29489
31953
1594
12909
22805
42889
20756
3445
33787
40840
33154
18918
24889
26647
31264
18752
23938
8075
39380
3468
12794
35180
16248
38090
231
30441
23643
43226
19226
16916
18933
35398
39672
22008
42972
2306
37029
14177
42217
8923
6415
16844
255
1992
12320
19501
47126
46055
25504
6601
34267
3811
5949
49626
25311
33172
33141
28198
15230
31138
30176
47408
18678
43853
19
37675
42329
24500
36144
10655
40129
14489
4680
25514
38774
10858
48703
33595
24406
7324
17966
45494
24440
6173
22303
43290
35695
46460
25988
16251
25157
45540
14515
13329
18466
11555
24133
10682
1481
5933
32527
36967
45786
21652
38716
22680
47350
39990
12058
7216
19961
44793
32647
10142
2209
14149
17812
3858
26026
27822
23158
39569
16630
24655
11756
8347
29216
7798
613
19254
32412
26786
28600
2702
27849
1324
45193
5806
17640
33382
17803
33900
14593
15172
5950
37607
25643
32679
37815
41476
5216
10801
3795
2849
25012
39487
35965
19524
6504
22164
42985
5714
44907
31988
25645
23368
36191
1877
8881
11464
7701
9967
34682
14584
21232
24512
6328
17965
16490
10630
1573
32367
32541
28777
5330
22817
40706
22877
38270
41186
10860
26449
41518
10811
37987
6395
40839
23948
3235
35878
23105
24357
20162
29521
19984
24376
34116
42155
40358
11753
46866
47543
28215
33668
19214
118
16900
37026
44433
13530
19009
4677
38294
28780
16050
41681
45841
23884
10788
26828
901
46800
25459
26745
9508
9418
17911
22472
24807
41508
15215
41522
33621
29718
27927
3264
12765
619
48856
46362
40266
12250
49473
45886
6762
45224
25670
25746
22154
24942
48443
18290
32565
20062
13969
42535
4063
40492
12990
49525
13617
3666
19863
988
18359
39580
26702
14246
3760
18820
6708
10843
14972
6472
9000
34210
4665
27555
8904
21944
37027
47686
93
7567
31921
43651
47770
1255
40053
7885
4228
4412
14805
352
13709
41293
31021
45179
30870
24491
5667
14067
28034
32578
23266
26393
33856
30291
28347
25367
3763
16819
25465
42071
36838
48262
639
41949
36221
48983
10880
11583
10723
23943
47692
40009
28242
42123
46303
44333
20619
33565
34801
38230
20090
16059
34961
40856
22344
42551
25018
22067
43647
15400
38182
4514
9665
26792
738
35499
20224
49549
216
4383
15465
42695
6026
4894
11434
30851
25035
11572
46814
35744
36527
30727
36348
5629
2728
6643
29739
34188
30240
42956
38696
27767
38631
5613
7313
15281
16754
30294
26677
49386
8282
20588
5444
18942
46097
22919
41491
24351
34254
8168
37947
11846
46079
17795
29222
1004
6816
6727
36044
42645
9558
18207
27099
25573
3389
3411
37898
42601
21396
48013
46642
4864
37308
34190
23282
42735
389
14944
12830
41374
36008
15712
40512
2409
27004
22354
33521
41867
38865
40271
46088
36866
31371
2211
42709
10350
18969
27046
30030
19715
37337
18719
46146
23642
33765
35332
33041
30181
19315
20291
21558
45199
30430
30783
5742
220
17538
2375
9731
16670
40406
28632
36482
40459
737
35323
42254
13004
23740
5852
13516
31809
5515
15335
43450
12786
43749
28947
37141
41573
28100
29775
3211
42373
11677
44399
1709
19981
24600
17389
15778
49428
37716
41898
48049
35214
22750
21625
22113
19459
33142
23019
10397
10943
37628
29870
33088
18414
45124
25212
46227
39312
33664
797
46929
13962
1519
7235
7293
32200
2438
3806
3702
16624
14255
17765
34330
44964
14065
34273
46449
8137
9124
36771
44528
32425
8459
8430
13582
20150
6063
10258
49541
5421
10515
18602
20468
35367
46854
19110
15110
49850
19743
28128
5729
3333
48279
13184
37457
25252
17487
4585
35563
5888
21581
37507
24058
48408
35933
2220
21838
33861
7384
31837
26962
32362
32396
40835
26059
31496
2167
32693
46487
42099
49558
6203
16605
42223
7823
25517
49283
20572
44935
41475
8579
28670
43731
48908
953
46902
33720
49452
20634
27319
40062
31131
15752
29888
31938
13030
33171
17245
2675
42033
6991
13457
45571
47262
37886
17923
17378
25005
39659
47900
46469
2301
13730
23745
10388
11889
44153
20583
49538
20582
15277
22160
32967
4092
17342
38183
21801
25211
2011
2411
7146
22081
28211
4190
15666
43752
18373
23229
45317
49084
26585
20464
18775
49992
21824
9928
17396
6332
21468
30890
27516
30177
24244
22040
37113
43954
7570
2875
4566
48889
16852
27834
20431
45964
47867
8452
18411
38962
43263
35823
2308
29770
2419
49112
33977
45213
1815
43918
26667
3641
37845
21851
1570
233
1757
41793
5690
20354
782
48623
38054
21249
19803
4134
29392
49092
4946
19111
46168
13027
12948
17728
23734
39145
36940
15580
4336
21674
32404
7778
23507
35862
30349
161
15926
11817
28858
25066
41440
48761
9699
3331
47949
30901
19529
22740
17535
38869
45177
41634
9905
12883
8618
24580
31398
28372
38213
18262
35931
22856
12885
803
11109
4465
12734
3980
26348
45705
4106
19908
15156
10468
49614
32857
3319
45202
40988
11923
27365
46060
14105
36990
28910
12797
30506
15782
28819
31023
43343
8962
29814
49281
22981
8546
3031
21751
25140
18135
12715
39566
25566
5028
39293
7983
38194
10800
12325
17238
48171
31406
24454
28256
32045
23684
23517
16231
27075
8948
31544
22757
32079
26701
32843
48987
14891
3401
7713
14955
26042
49323
20101
48316
35839
28579
31926
23572
41058
29952
25331
48812
37772
41410
45004
35899
22765
49975
33650
37348
24810
37309
7989
11803
7673
23819
6918
32118
46976
42880
3569
18598
7498
5301
12257
11222
22982
45195
44730
33155
45328
9930
45342
21692
30302
39008
36265
7454
35384
37094
38520
26464
10951
11688
2823
38734
9392
36843
30730
5578
39738
20188
9111
1197
1707
25802
42073
23052
25217
3494
14495
2422
3626
3384
46058
14554
1212
47996
6465
32692
10157
18813
29673
29998
21426
37060
32071
28665
33693
33761
129
15353
33696
29479
831
3491
13281
8076
21288
398
15313
2273
29546
8269
39721
8901
19364
28283
38098
25891
42856
30138
18397
9841
33629
15201
13108
35213
9523
44615
33603
33312
40848
9458
32476
1228
35462
7401
10556
43020
3101
34811
9678
10889
21103
38790
31324
32815
877
2662
1187
40458
30150
29836
29971
16021
11393
31649
32631
44244
23031
37985
29336
11489
14776
28746
13980
28823
38935
555
42693
142
2321
48903
49933
33212
6090
39991
9468
20149
24504
36608
7496
34521
37148
19938
45684
7526
19801
122
28191
17212
36099
19026
41553
36196
36361
8701
35586
40463
7291
896
8773
23778
38782
35810
8808
42626
15480
32834
10752
40582
4997
25054
4101
15526
10313
48325
39429
44518
11590
8608
3427
33916
34365
35527
6970
28913
46886
44574
21646
9697
37861
14852
12662
40490
48259
24407
43737
45
44542
39997
42364
35413
14760
48205
45685
29069
21906
40634
48032
32678
27759
10318
5131
40956
34774
30933
2816
37625
319
10226
37286
20759
25657
40366
34356
46890
33238
24761
6489
32457
26620
2573
8580
7224
40846
36255
44805
6928
48452
32711
26346
44182
15932
23799
47240
4687
19637
35750
21555
12399
32377
24040
37085
20174
35736
3341
4068
49319
18608
35760
3032
14884
8641
804
2795
47632
47798
31733
18801
21940
30546
24977
47616
33841
47072
3991
19241
47493
12474
22251
48515
41814
22789
1035
17466
3601
2415
29258
25663
12026
9838
29894
41633
29226
15123
40797
2311
47679
6272
39687
32966
49383
8227
35890
18197
22744
29801
5246
28027
38910
29205
49047
45933
31559
40472
41365
47424
12810
38792
43530
42918
35364
36414
42315
31303
18248
19127
41483
20127
20804
44663
9025
40302
9631
18132
17276
38750
33334
18977
28229
30979
3761
17769
26852
1424
14135
13191
13528
2276
11037
393
49223
32774
20613
34147
29694
27372
1425
43552
18477
16996
12091
21604
40967
11778
41777
3346
39979
27142
24365
12526
30339
46231
44969
26661
4249
1225
8186
4175
43882
43007
1825
13246
39924
31956
32470
5086
11038
49353
5137
35162
19846
35383
3270
11772
6379
22715
16271
34264
16777
37830
37284
41833
13544
38007
37187
13526
49196
46994
18617
39031
3486
9109
27249
49269
34094
25544
7407
33967
10067
20156
5158
10253
7321
44708
47881
19015
981
28624
1948
21996
28322
7202
47786
28989
9244
44849
6626
30676
7031
12837
3192
28707
10154
4428
15674
42517
25529
44792
38366
48369
13156
16253
18614
6842
18041
48058
18468
21818
1196
23591
24392
47160
1028
47286
48960
11210
1895
30860
30477
10527
45285
31084
12287
38233
1887
21784
8606
4705
49506
29865
5037
49097
30555
17941
9279
12163
3531
13622
5272
32580
3548
33408
46189
22529
16225
12404
3258
6556
32211
604
28414
48048
15625
23053
47735
25249
7872
42483
24852
36006
14042
11342
17343
11453
34666
1061
34171
29084
27763
19287
43435
33620
33602
30310
28993
16508
31020
49471
8158
37660
49624
13179
46351
19911
21917
26574
40614
14127
27433
9973
47008
2753
3309
28876
37979
11064
28282
27543
36706
38752
41900
36152
16879
17264
37743
14247
1158
34437
8633
15756
48951
8527
2603
36465
45680
28868
36429
43916
9308
38086
37473
32573
36637
34174
39541
44365
19137
19609
43780
17054
14531
19781
13119
25188
1630
44745
43503
29265
28836
23739
23828
32567
16901
15274
48250
9265
13762
28059
6907
15012
43941
20719
33054
14662
35920
21915
22061
3679
18153
20917
39861
59
5132
16000
23414
45619
15702
49798
42415
42140
37332
46598
38471
42130
48274
33280
18246
28782
31197
42288
34031
49891
40864
1153
48017
27448
1500
42186
13778
11575
22448
49225
2904
40607
48333
17553
26444
38125
16655
32726
32093
45055
29339
43527
41751
3755
21511
12804
9210
1254
37551
25994
17628
42600
35603
16412
17186
16825
15912
29681
19658
7096
35961
31202
46129
24011
13684
29437
28576
9324
28513
1447
3582
25893
19427
25083
24418
34256
45256
786
28721
46738
36639
27736
45586
32511
43889
15093
45899
19519
13764
21370
32546
28893
48570
38077
21612
48848
19894
28222
1794
33455
9476
45446
29224
2398
14281
15015
26
30297
304
38517
31943
7781
40321
23466
37565
35503
48905
21942
48988
2440
43288
29499
39403
27723
14110
31749
572
8062
13422
9099
4308
21286
20703
16874
26316
47124
14164
42340
40944
16259
30353
27340
24788
30905
22676
10918
3607
41272
23362
38214
2241
32596
43714
20030
48868
22564
23896
7315
24345
38311
48126
699
28068
43673
35568
2987
32264
2470
16937
25255
40134
1167
42447
7621
43322
26251
45024
32025
42845
36651
20338
35128
35201
48423
29077
35191
26604
30114
22122
22515
30880
30779
45488
8959
1715
22881
20777
8742
32449
1775
16340
17509
10626
11682
11982
2942
23223
15974
40050
41191
30607
47947
33097
4113
36509
29974
2380
44163
28971
11366
7542
30614
35987
5154
15029
23416
34515
12266
17654
49651
20760
710
8307
45825
41146
9605
41203
5857
3325
10166
13865
7537
47673
1654
6823
22257
20614
8145
49240
42973
7617
27442
34676
32669
37451
38384
16743
46539
43900
31362
36559
7289
27403
36071
15362
48596
29118
11363
48489
36307
19332
22016
35935
24227
44478
34960
9083
46348
19251
39977
18828
27729
7576
10020
6438
20381
7361
40525
35382
11918
37335
38732
24075
2005
39067
35307
38767
39013
36893
16146
34603
13126
36049
8146
27700
49239
9311
26657
42407
31298
27523
49544
40679
23124
24168
8173
27215
16491
43960
4773
34089
28975
21133
34078
32888
33493
9851
14167
1822
20846
31771
43489
38467
49841
35228
33539
4695
34446
45989
42264
348
10632
13196
7743
45965
48978
15237
44812
33102
5359
49183
49935
36189
35262
25876
652
46184
8166
11565
2701
15620
25806
15772
29368
36937
26465
46174
20201
10586
24969
21214
24959
29328
20886
39987
18849
28048
33077
10033
49040
8943
24149
17285
45707
26694
29730
7300
20001
46681
46035
17096
2156
39885
378
40920
25820
18730
29413
10757
16101
49876
2158
10183
27675
5973
6041
27235
26274
3725
23290
3563
7921
33858
4860
10882
22242
26988
1922
20629
31723
35500
36906
24920
19512
1739
7568
19648
25621
35520
7236
1084
5040
19461
39915
45316
4126
31235
43171
46373
22759
44886
13288
28309
34072
46757
13606
15660
47258
15825
11611
22905
48332
43796
33323
45117
9408
44281
1634
36764
1002
20529
49530
45539
41929
15431
39103
4108
45083
28129
27441
21210
17497
8855
48938
32354
44724
42546
20100
5135
1410
21221
22163
16992
39787
10073
23299
39948
46332
11062
41524
39652
33303
28799
34080
45181
16234
49759
15154
20403
39889
31239
20633
45207
33821
20820
6268
9735
38944
32271
29510
26759
48310
25868
23209
14230
45880
24895
33021
14731
23843
15396
38833
42785
21402
49952
28275
2297
22712
41284
31470
40350
48397
19704
11333
4270
35494
5193
13502
19098
36392
15328
18393
9799
6014
32324
25943
48412
22807
9920
42180
10953
33094
34202
26294
5403
36455
9255
45165
14537
43159
19804
6915
45596
32929
37530
28979
12189
20698
28106
43493
3380
19445
5293
16565
35284
38001
30782
29195
6479
47620
18854
39880
46612
28938
46158
4896
46054
7434
7808
4140
11562
23622
23719
18013
35771
18428
3905
26938
26845
38525
2413
34126
4232
20232
908
4334
21932
15840
19966
16265
14166
18531
34448
44077
27311
11960
49249
229
15084
20784
20348
29469
23059
16390
11215
46386
28176
24299
36688
36466
41967
48678
26969
7508
5031
48770
14596
49133
27875
44069
26071
48584
47658
26784
21112
48318
17528
13039
43542
18200
32827
43928
29796
48785
16636
35948
18772
439
33992
42577
17789
24083
9580
44608
25134
44063
15771
1816
42683
23636
33464
35421
42321
9037
42167
46130
18716
37035
22314
13296
5608
11650
29344
25557
40851
24240
30167
40262
15286
4313
13601
13297
8817
37711
47994
48598
33584
42578
41744
37198
41292
34040
38185
2190
8900
12012
9751
11825
37619
23697
2696
49744
37046
21499
23047
23942
31455
22319
49478
695
49226
2599
40531
11092
10231
15980
41454
5859
34451
22990
38721
30306
636
41312
30511
37199
43313
18243
37754
47675
31217
6380
34493
274
47328
3764
29529
26321
12855
18922
33160
29841
3707
18884
35251
34997
33647
11872
31773
41615
46818
30731
8245
2500
22927
26857
44798
16288
38566
5226
15861
49763
17187
18543
15466
17693
4317
21687
18897
25418
19395
26681
13590
43836
18357
10684
23498
39619
3049
1121
38979
2463
29027
4009
5531
28815
19337
23662
7494
1378
39453
22241
899
36726
45042
14636
20891
36644
18044
29713
18257
15718
35962
33074
29083
27198
4326
40112
27807
27643
14552
8113
35776
43197
31911
42821
4692
10192
43643
11866
5464
8387
40682
25668
17049
26200
25057
34785
28009
32877
3816
3495
8042
11163
39556
15692
17424
9414
11021
40005
17402
36479
42557
12536
25739
32270
1592
46526
33321
30962
11261
45115
4475
40164
33709
32628
4607
25511
34119
41494
17619
14341
11175
6250
43640
21443
40234
20054
44862
76
22284
7425
39144
40709
32816
43559
42436
27432
32916
45578
41220
12422
31666
8266
7530
19314
45967
7068
4690
25815
46497
31543
25439
22427
31283
7597
5373
31991
43844
47232
21403
17683
13333
30209
40349
21650
6142
41300
13745
30484
18151
32814
4038
46302
7811
24881
14346
45372
42701
48782
32139
43176
29513
39617
26474
24427
44286
19309
35841
16286
45040
12329
4729
27708
18514
27495
6722
21439
24802
37498
15349
29693
19535
14387
45542
35809
14512
25151
44937
38403
15610
17953
25618
41380
33319
17020
7160
42913
13361
42352
21298
5964
19578
31281
19338
23710
12418
44561
43826
35179
33111
48613
34214
12460
22456
8449
16629
48136
342
38147
43630
27035
33868
45479
8794
11071
16611
46500
47521
28845
22385
12695
5454
4971
34127
25895
18523
28015
4911
15118
11188
13708
41089
38385
22073
9501
11864
14732
10050
28896
38912
44614
15864
1679
49757
3447
34981
42477
31578
38672
27571
23532
45496
11793
19126
29635
29756
14910
1687
30095
5315
9487
11171
641
12682
11287
33183
44967
3837
32182
26280
23769
14379
33373
9945
19224
37401
44675
49874
28884
9903
11
25543
49325
11151
8652
34786
24738
37362
14785
27437
23677
24525
13770
25928
19011
30348
5802
7399
7460
1462
30525
38170
15481
24988
43733
48964
7641
21899
32442
44283
14911
23462
26183
19239
48955
21498
44458
10164
7355
31054
12707
36830
1988
32837
36158
15231
14992
13229
25034
33494
18264
24775
3779
44453
45804
28251
14688
7834
6844
10511
46512
18196
20684
20795
34927
40654
26515
31622
39509
12851
3055
10813
158
45993
37482
8312
4246
2416
9944
18781
45914
14808
16395
32898
31360
1071
36351
880
22914
39011
2669
30580
39993
30188
29292
19756
41812
32753
11105
7227
34176
34159
18556
40850
43422
19101
20801
16818
37209
28814
18723
30863
43326
29921
17796
37404
2898
36633
35649
36246
9970
2671
43301
5339
47306
4002
30736
38189
22619
25281
7133
18806
43929
35381
42765
45951
28607
2768
10692
37614
7842
29511
39887
34656
37560
2710
20932
20368
30026
29268
28597
46336
30980
7563
45093
12061
41684
6521
46912
30710
31314
343
16856
9056
39733
12021
48546
16714
23195
18036
822
24797
29246
33770
13876
3706
5710
31752
44544
47657
13158
5632
44770
25591
46039
40746
46142
49412
38945
19608
31478
32386
41316
33034
5740
9086
27384
354
15223
12821
28271
4660
17853
39574
29062
3272
38762
18306
12248
24163
2266
18099
4044
1740
22370
14767
19536
46279
42105
21693
46335
43132
4283
9777
38378
507
21142
15944
31875
23254
23571
34932
49128
18650
26136
34826
31370
25711
12679
29599
22339
19964
42183
38272
22436
23525
10581
34049
44113
34315
30907
43679
3578
9782
15312
14071
36913
8412
38415
41280
10765
21442
9745
12686
5304
29827
7412
1466
7287
18819
26671
46313
16417
40153
44501
21522
40047
18381
46004
43104
17156
47171
9239
1370
4827
33083
34505
6080
13633
41190
46415
22579
15820
29828
13798
39256
85
42794
35667
37467
30312
33423
15239
25411
7774
17809
3553
46673
15833
41504
21673
13822
42545
18777
39142
1515
48472
15359
9539
12940
43406
15784
16652
37495
33794
33893
12753
6785
29941
48287
14514
39870
3647
3194
1956
34830
39936
7961
6499
7990
17113
21689
41965
2442
49013
5434
43154
21980
33597
31922
30726
16275
41473
38279
28825
29844
31228
9861
49244
14053
23668
14568
7091
19436
28127
3286
48966
30021
21236
42126
6753
47734
49086
44731
44280
600
16752
33389
14751
12519
7007
49849
27357
22816
25052
21815
40314
22530
39609
40285
3197
17065
48772
47277
40900
29622
10389
26837
22494
12281
34951
37068
22940
40832
12372
8941
43247
49977
38547
14795
10436
48407
36883
12921
10032
20274
26543
10917
34522
28005
18600
17910
34514
25878
47594
19189
3546
2707
12374
26382
30503
10561
31700
45620
20534
8646
2476
5448
26289
26109
6427
33964
43026
45840
26551
2899
3398
33477
32482
12791
17141
29472
16600
4637
2239
26212
25507
33785
8665
19376
26535
15430
29732
40580
42471
29204
45308
45389
41499
36553
34497
30380
12775
5026
26666
38653
38308
14319
40870
31784
11935
26365
7482
23623
37949
14952
47875
21765
361
29875
34719
39283
6424
733
17045
37484
22758
2050
26876
25187
14472
13568
46696
29577
25294
38702
15722
10278
30108
22033
13278
14163
7429
36134
10151
47723
30592
36352
10155
15339
19779
1545
6212
27452
2439
29193
20058
36432
29506
29558
26879
31941
26243
29080
32334
2798
32900
8851
7026
49986
48926
40705
48181
14892
39917
16026
1491
44737
19476
17275
23044
30478
39090
22080
12060
44108
40613
14040
27220
38950
11566
8192
22180
13167
14588
13901
48331
25935
46562
18012
40971
7745
25579
43269
40060
11966
26154
29295
31884
5115
23057
13038
42456
22280
10284
10244
36249
5836
19576
36994
14172
40034
38068
45758
18830
8838
29997
25906
18769
47650
12558
28925
24567
33105
46789
39964
1289
35844
1024
31302
20178
11402
15078
45635
35915
3303
49302
27022
34060
6258
833
34020
4020
1216
13187
25120
41232
47120
9287
16362
30856
28638
16981
46840
11143
18741
10465
23385
45935
37907
4080
9531
8047
22726
48802
43996
29233
30584
16029
39195
21937
33063
23906
8339
45832
45873
43454
35597
19429
26440
13122
8246
44863
15238
48644
9850
62
32466
9895
20909
31631
21470
24120
42403
6993
44193
28381
37719
6338
40946
36475
20981
48182
30970
25344
17397
31836
5092
1452
13188
13396
21418
3203
16436
48465
27829
29011
9877
19589
34228
27605
30298
25748
19074
24572
32571
33616
32926
35710
18111
11454
46552
35308
39759
30221
7792
4970
37664
21797
20303
40170
39186
44595
21257
10775
36311
12895
32249
10126
15985
48062
29895
48601
29244
11227
7316
3404
33090
47011
43427
34868
15346
42212
33701
38331
35270
15852
49055
34530
38852
21603
26826
2352
21733
45458
36499
20138
40811
25117
7495
48173
15151
8267
21085
10913
41910
35233
43248
31499
1670
4096
15291
15199
19456
11795
6898
46165
3689
9780
40413
35797
13269
28473
1762
20071
25156
8705
19080
27200
28373
23788
4616
28410
47872
26238
13453
11020
36024
37400
45850
15426
41273
38909
25095
35210
10025
27373
39594
6890
23212
31739
35781
8629
20079
23767
39728
10688
29905
615
36035
1203
47123
10461
46200
12427
11486
14234
14580
14418
8917
15594
18690
21724
29177
21106
25580
31516
30910
31340
22052
27655
46514
5828
44152
20314
9031
14073
32733
28364
41047
35295
5414
37305
19793
33219
26001
43375
9796
9088
22545
22204
18763
40181
2246
12135
12277
39078
14945
34415
16544
47050
40197
18662
22839
18435
25601
47046
48922
28559
27202
15745
27237
45461
27270
25453
19973
30700
14609
83
29794
47322
9456
42416
16778
21016
15654
13031
28694
19902
33642
8514
46625
5977
12658
5201
2928
4547
41271
38099
11148
39317
39975
33797
643
27887
18255
7128
21508
37956
21267
25712
39994
10518
27760
41808
5594
48295
43325
37107
16427
26314
5032
49923
20531
34752
14564
13395
11437
26903
34178
30625
40627
22639
46323
32141
42245
18789
33277
39032
25996
22832
12947
6758
24556
10904
20616
1576
4458
16246
49913
48418
44835
39710
40538
28351
28040
47440
14334
47030
1341
12877
43451
32067
8030
11307
517
13659
8932
8560
49765
47222
3419
15925
24474
44229
27984
45836
41452
42368
49730
47848
14374
7182
10933
32956
48406
165
18139
9831
46369
6685
38374
266
8998
1101
34814
45995
37696
2714
48718
22747
41858
14284
8325
25110
35937
43423
18604
44062
18131
13442
44118
28994
37662
29382
39900
25307
10005
7045
24416
25949
36676
24882
27660
17182
4138
4738
29604
5655
41237
46739
21372
15578
33439
10725
27682
24858
2814
30501
27431
45990
25700
12977
31847
27364
2000
6020
31133
43885
24131
11501
44019
18538
32933
46933
261
37464
7786
43460
19624
45511
14438
35437
20034
3657
10181
30429
21015
25515
11738
34646
31873
28321
25793
11653
13313
43948
8790
41840
10966
37915
13907
16156
28439
20222
31063
3861
21362
24517
27494
46892
34145
33970
41891
33721
37903
22411
12641
34449
32344
20845
23127
29275
22474
2851
40392
14987
23218
35940
8997
37541
20404
44223
33984
5199
20595
39706
34976
23237
47590
22403
30658
10564
15650
38776
6576
20847
11712
43255
2601
34581
45064
44612
48243
27229
44371
49927
41990
24054
44087
15717
44071
18077
26271
37957
36309
39336
20016
606
37088
16228
20944
13419
15892
31515
27257
44430
9766
23839
48350
43730
11235
16851
16711
39927
1368
36816
41222
8044
30520
48139
17267
3631
25033
24909
33324
38670
23492
5399
41469
5206
30341
37235
17525
43060
21743
32662
12045
44531
35785
30657
21655
22570
47876
10871
33150
27352
13562
25239
42668
17326
20539
42835
13239
40115
24876
49173
39808
47451
26471
257
31832
12906
45930
46747
4132
7244
30843
10859
18495
30054
42202
20959
34648
15540
37932
48386
3047
33241
19285
32243
30645
43631
48958
10081
7647
46164
1566
23956
18461
47614
41496
45866
3999
33741
23308
31685
2406
10094
9498
41384
23536
32725
18354
32096
31761
10573
25078
39538
19231
31004
8401
23930
23627
43890
3974
42127
39875
36125
39796
40656
506
20166
18921
39671
44744
37924
28623
21805
30598
46521
27221
31445
42142
299
47186
18220
6342
23820
26194
47986
39079
755
28506
45629
32063
4194
21206
46705
1720
44989
12759
6751
34523
7788
27184
20429
20099
22848
13946
11390
12482
23856
14510
16727
28953
17395
16127
28039
16870
7228
31173
26387
14137
11614
43550
20546
39832
12745
43298
1156
6693
42154
22539
36072
14276
10830
16550
19151
23878
48464
49810
39754
8428
764
48901
23528
40948
11177
43654
46937
13079
47981
46743
36544
34480
34865
39932
11752
25664
43944
420
39467
46610
31119
25930
5686
940
44396
9439
37929
32007
43924
38763
44791
48178
20702
28740
23151
36223
46148
45305
16769
30325
41667
1465
30516
23502
6104
32800
44346
2896
46478
19991
30153
4001
15175
47911
43480
42362
31129
37972
24086
16166
20175
39386
18313
8760
27699
28236
21660
33555
34328
1000
39051
5175
6595
49669
1611
33449
45156
18064
33120
45006
46438
38483
44605
31124
30967
42649
26204
39028
44279
7550
18636
33971
365
47744
24437
41077
23214
34704
43030
40097
8880
20691
36355
17337
40269
4785
12500
29967
45098
20260
27383
31705
40481
21312
5587
13177
42107
11661
16359
26561
49714
2744
22513
4979
42394
16498
44864
41847
4634
17549
13255
30683
31692
26217
40296
33551
42150
5245
4339
20856
17251
23813
23014
27847
27532
42605
28196
42841
29098
20181
40883
12470
29649
33779
24518
22767
3429
13742
35288
3375
26336
31616
20255
36996
38325
10053
13664
32970
38769
11182
8746
19594
28105
36839
37301
37883
35022
19367
33813
34434
47156
49847
28360
3922
28294
10668
43323
38261
24554
7779
49862
23198
36792
30543
43227
14963
10479
38572
45483
21747
30937
17991
39427
46292
40339
37906
20207
46553
49745
41621
22011
2882
17460
14450
14739
34543
9727
37650
26492
1930
6220
1278
7323
10510
42905
1769
38313
6416
11877
38519
38727
10891
30228
8175
46639
2888
29647
23716
9691
2856
47083
38552
6331
15473
5071
32661
16876
2075
5682
3330
24102
46076
27539
1705
38985
49652
28564
27564
47114
15182
18817
41927
19932
30408
32835
5145
46455
31425
46003
19881
48385
4166
8491
6196
34525
31981
26842
35102
30728
6426
39876
23998
43800
25082
23478
34248
3005
18742
48084
17449
29155
34839
19255
46884
27978
6735
36442
7050
5827
34733
32851
47231
30350
32219
44469
28976
17001
45860
11830
41906
42541
30327
5598
2490
26007
22198
44906
40667
48846
18919
30002
1897
20313
26435
20402
11264
10744
19737
48675
16023
3898
40704
5499
46366
11950
17629
39100
17277
45769
6883
11445
2574
26697
17515
28496
25312
37736
8767
29743
12252
30554
37626
4632
284
6158
40609
16564
2502
12009
6671
2955
6678
45159
44630
15699
16283
47859
37492
37517
35448
34037
40172
22928
45797
38682
35636
43531
45066
27470
45649
21140
15757
16534
25661
7404
23659
5456
22027
45248
48909
31566
9242
8601
19848
10726
32038
88
37849
27120
9911
28336
9806
14917
38851
5494
11128
33271
24270
37960
14870
8302
2959
41973
19359
18081
35666
48713
34595
10078
15878
33929
48148
12324
12732
17431
43541
7088
2204
11619
1796
8303
2199
47378
5726
13839
33119
36281
46557
22296
15768
27466
28856
10340
44819
28029
47347
13855
34379
42583
23081
18818
40855
23921
119
7588
22665
38603
47216
5377
30131
9052
2222
20278
35963
45481
41850
33215
45942
19674
11243
41520
48273
4364
34520
12219
24261
47212
20124
23206
4826
45460
12564
41117
25624
28132
44404
39461
13104
28543
19122
24022
28674
23611
9197
28888
21920
15954
16749
13382
38361
28760
21065
46139
45909
13929
14703
15414
10041
41313
10223
2507
13972
13166
9067
25807
41305
24540
41062
39867
10430
22376
32673
17945
2844
2633
39059
27314
13078
28524
43936
18603
16446
19591
45513
41566
19662
30370
2550
13809
27017
11852
21813
29809
19167
29190
48697
29869
24105
42124
2299
35267
24146
46451
49872
34169
15284
8528
1207
49108
442
39665
21991
22399
20687
32397
14085
33202
4265
22179
28342
45739
5908
11206
8061
11976
13850
21536
44150
48003
26231
17215
8001
11253
46690
42019
34432
33958
7936
35673
16589
23789
11701
13056
44429
13404
34717
34829
32804
9102
40384
18710
31320
23516
34306
41265
37197
1907
19280
36073
1947
37641
30589
21357
39736
39868
15440
24720
30761
2492
30919
41412
6545
11493
14587
19556
10097
2639
33132
15311
47468
15730
28396
739
49178
49411
8689
820
34139
44940
18271
13760
15262
39529
41474
7866
49548
30248
42485
28483
27061
28719
25796
32473
24573
14619
6235
27802
11605
19250
4534
10954
23360
35122
27503
9348
31465
21302
9400
22418
8934
32602
34831
28138
43462
34602
25676
8683
39161
26664
16004
39471
18163
45162
37839
1349
22827
40405
17636
37118
12859
35804
41702
44231
45127
43514
5671
36797
15125
36861
11709
31879
9174
32401
14631
4065
49748
38175
38819
1567
24340
27598
23399
32108
2910
13818
22271
31473
12150
35850
30685
40424
32826
2358
17604
44256
35192
49346
41319
36346
24485
12371
19588
46340
16669
13205
38088
38063
20607
46666
9217
22283
44795
41263
37934
46963
43690
46764
1692
4807
48514
10734
37858
7086
31620
32280
24871
12323
32625
11478
15063
46572
23204
29560
4831
12088
28170
49794
34540
42478
37385
48459
6829
32051
20002
26428
34775
10927
19697
12366
18944
17999
14395
39099
25039
27858
2604
45150
713
47824
27522
23596
621
7234
46443
16783
10587
31835
12628
21994
38211
28449
18327
42536
45129
49845
36476
8012
18776
9422
21196
40190
40586
24769
24924
36884
40888
2338
25874
39303
9859
38604
28658
44373
33187
5651
33243
14020
49511
23126
28551
42761
40987
45999
28157
22364
46839
33639
42996
4262
37564
37441
41289
4076
14605
26265
10851
5500
45472
36686
23037
38813
15455
37808
29035
18383
33968
39379
34458
24557
23329
29343
30284
1493
10187
11245
43846
35206
41762
48137
23181
28078
49338
13401
38489
10982
34955
39277
24887
38958
36561
612
10737
16946
32116
14253
20961
38128
42891
29746
22751
35927
40140
36864
22384
23698
18448
8545
9586
32104
44833
12595
3144
36829
656
13841
16554
23855
17788
46825
11099
21386
2
44329
32478
14161
30558
38162
27174
15743
12852
11034
32752
48485
23457
26088
8543
17158
26163
7042
24862
863
35683
34440
14429
39882
8548
27731
42381
1688
47772
14197
28021
43209
28289
28580
730
32557
28022
27963
22947
14994
31384
48902
48721
538
14975
8462
41907
29294
17659
19302
14745
14081
14210
16920
12364
48768
13172
45822
20006
46903
38680
45678
41372
38402
14921
16668
18039
4469
49162
11149
19291
30314
19396
33995
1234
149
6600
17139
29933
34359
4083
15005
8475
40261
10753
13267
46979
33895
39841
38014
29191
30777
37501
41423
48694
13827
40400
19827
26433
49793
18656
48624
271
28365
20695
39021
15716
28808
40642
38061
41132
39934
26443
17140
20762
18332
27937
49221
31457
37009
28245
41267
712
27292
26909
46730
31529
44093
14738
683
35538
10806
47395
43351
20324
29099
5787
18417
23838
8163
9316
5759
31909
26606
11862
26489
33626
48888
16638
1222
23975
8337
20064
14293
12493
42042
24169
3360
12155
38370
37122
30252
46989
7540
19809
17656
40048
22104
31520
40386
6606
6270
13439
8853
48992
24402
16790
5823
33459
13915
32062
73
9636
42632
28137
20675
21421
45950
32003
10013
41801
25672
44264
25987
20353
27387
533
22178
19951
6288
44953
47928
17753
39478
20484
2144
27354
3044
44908
34095
38534
35708
17605
43756
7659
11370
49597
5502
25408
5678
34453
13875
21757
19107
14182
12505
40136
12525
38811
40843
5719
20781
1155
5749
19453
35657
24555
5939
8755
20202
34644
29626
10431
6542
44941
891
44825
46073
26930
21870
43970
33146
12634
39668
45437
16665
1829
20434
43495
47137
48837
10643
27485
32614
46112
20850
27225
10193
31392
41466
31435
6309
42651
29359
38003
32069
47184
48533
47685
16220
10123
31583
9340
49045
32416
38641
43981
8978
47217
39015
35530
48056
13953
35711
41819
21900
3868
2978
48984
41734
13480
35261
10082
19692
44238
39575
12054
31410
47419
26494
8017
35582
22713
39470
36538
38997
21935
5089
36799
47870
28594
18113
24930
9717
34112
8797
9509
39685
33369
30491
38220
17835
29215
29518
473
10111
30295
14218
7691
24036
47163
8049
22077
38167
2010
26522
26567
7522
23654
27509
25950
28822
17211
20209
22556
38836
8860
39894
38527
5595
48511
49820
21315
33670
10015
35215
42463
47314
34759
23155
47931
30493
38705
3966
30633
22689
48685
41340
32962
14051
6296
39597
20372
7072
33213
31854
31441
2110
16654
29591
13715
3046
24918
41270
10769
35397
29231
36377
20843
15842
15103
44882
23024
5762
34851
34986
44700
24552
18429
41043
23901
9096
47834
4444
15232
48061
18983
25830
37923
37951
34606
21680
33428
14046
19240
21320
36362
20374
47000
11065
24147
42283
46949
13106
37445
44471
26247
25291
29320
285
7942
19763
45459
25428
7132
34193
44341
3075
7660
44618
8248
38875
41102
38766
6813
43253
46796
8461
49394
44832
19603
18726
7644
34747
17761
22814
3982
1223
37058
13298
6157
42100
45775
23043
26834
49105
5882
32763
34697
16173
27266
8326
27246
27625
39913
20623
2188
28776
31078
18274
10574
45898
47946
22957
36510
31589
39576
39337
26501
45456
3469
11208
35984
33007
45495
47441
5051
20714
19784
48646
24004
9125
46244
15789
5019
34229
27226
30448
17963
19202
31565
22285
43590
28429
26881
42944
22769
41975
7370
16500
10909
34361
49879
12176
9695
24568
46679
19706
5353
38116
15605
7952
1845
27355
19729
22586
10174
1488
27784
40895
1201
39905
8774
49903
17265
28213
20117
36385
34743
48725
40227
26291
49176
13815
44123
22645
46981
39833
12748
3766
5628
48264
22390
26062
6178
11406
16180
44811
44970
16371
425
41471
32242
44050
47525
43967
43805
47158
5463
17381
12844
1755
30097
48336
34605
39646
36827
23283
22602
36248
43784
29533
29218
44522
18808
2906
39288
16618
18369
15991
47575
34999
19950
9998
46321
13716
3387
13580
24684
47832
24408
5833
26804
42427
47750
27290
47394
35481
44269
5511
49262
27168
45978
13368
3104
31204
28232
40803
10269
23153
28353
27989
22437
26241
20705
6923
16139
2523
30906
309
29209
3343
43194
34022
44158
33751
3111
37710
16934
11664
30960
34280
25905
13410
47116
44090
35394
3617
4072
16068
3489
45034
28451
44220
48478
40224
19670
20457
14707
49138
19060
45370
29308
15633
18893
48831
8259
36903
17061
38466
27411
25889
23892
42952
17231
14687
22189
10967
15744
27112
27787
1751
21365
13123
25320
36404
22824
14626
3743
29948
45019
36131
6311
16994
4066
15723
32210
48082
36120
31335
36349
41803
32483
45652
3087
18973
4757
22466
35533
29672
40379
8659
1432
2111
9181
7310
33805
34335
34964
47275
15813
5495
45718
46856
3723
45671
23166
25542
39367
24472
34294
41554
46641
43388
42030
27622
22614
7439
23886
45047
7466
20995
19771
37043
15940
7206
17737
9120
38435
36415
7581
25540
38618
18062
35300
7093
46566
15829
43868
16729
19437
12698
18527
38181
38753
46093
12724
8201
38217
34373
38620
8583
37966
29071
48720
13812
41028
17429
13002
19693
3693
42612
16757
9684
49488
37540
3352
38837
39047
32368
42378
34109
3171
42903
13635
14978
26396
32065
3620
22282
9728
40086
7157
23840
6711
13903
16196
5765
12494
29025
40454
45531
9737
9894
2256
41406
41076
37780
24951
37723
21473
22525
41434
4581
35879
5436
41936
36282
9388
24493
32081
17196
27921
27724
17842
6410
35986
15033
33700
16202
38627
12199
828
49003
17823
37789
43851
12507
27171
47323
13164
24320
35514
3492
47033
41497
35177
7882
13948
38671
4633
39947
13608
16400
48212
47547
24748
39445
3812
26571
39397
24064
14620
14392
7744
2565
16336
48191
44186
31838
19663
38830
30559
12763
47248
32186
32869
20213
39332
15487
46378
13773
46087
30319
31347
45647
21057
26167
30387
20389
2638
36372
19142
25595
28907
3609
25060
44712
47202
47164
35117
15034
39859
5909
3415
34482
19879
48402
17470
44688
46995
26033
34035
40745
41033
11967
18371
45418
7912
14212
32257
45111
34674
30283
1651
25577
3268
23504
22897
8421
2648
4241
11587
30402
1401
1513
44020
15799
14039
15929
44145
10036
23149
31407
16721
24547
15266
38369
32305
12465
46978
8046
32437
22984
21251
2817
22290
42609
22176
18526
33820
42299
297
27562
13610
45777
48072
47919
37018
23714
49459
17137
45692
22024
24651
28885
2517
23961
22451
35843
24256
36736
25263
41671
30249
7735
26087
11851
5540
42855
42773
17545
7702
3229
43097
39428
32895
45233
33823
3295
1970
12298
9202
35856
30504
43368
10276
42799
49242
33291
2349
5654
14628
4331
33121
18005
42220
7982
46199
46830
1464
3155
48549
37893
13893
43140
34827
4791
30194
23298
17580
2255
20495
9752
11403
45298
15049
22603
31855
37274
8951
6741
31420
48947
32809
48103
279
35759
1558
25530
21253
7791
1548
12996
24945
14831
35218
16483
43387
19479
39592
1812
28853
11345
20905
10148
35436
6982
29067
48791
20085
46384
16200
18366
41538
17064
26442
38633
40069
38634
25432
45222
37121
5819
36320
340
30456
10414
8984
8333
43860
6439
36428
44456
2654
34617
47208
20276
24265
19493
44954
36768
9569
21086
40754
46337
15969
41433
22363
16838
18510
4487
11764
35287
25326
3733
43476
34107
14259
15090
22263
7138
39030
10560
25784
2475
43239
49331
30813
8068
49505
34642
3210
38149
49732
47043
26873
7491
46347
16497
45877
34928
24368
2733
46286
22457
48008
14004
48797
3656
32767
39344
35761
37371
47173
29810
2105
39911
11133
25634
29598
48158
32555
34935
15326
22058
3759
45557
22392
4820
30591
47103
42713
3513
21054
22224
33924
43947
15854
19178
21774
5138
28042
46827
22469
1250
29053
43289
26069
29995
35905
12207
20154
28932
33522
8151
33719
21198
33589
39761
44434
42087
34877
29338
6360
8480
39459
49900
35511
796
34806
9595
34863
38848
3612
2095
19977
19870
6056
15289
42723
14470
41918
25137
11856
15447
4343
8368
8072
44122
7784
23671
25738
5758
18120
4744
22267
28149
1514
12002
9758
40408
7940
26736
19917
40723
4760
49124
32841
42474
36670
21548
34852
27860
11278
32940
38395
34855
31629
18221
30139
43118
49823
27125
7509
35107
9189
48559
40931
39324
3276
31966
22175
7457
14442
13723
23711
49119
42694
29963
4098
26899
35612
48937
17690
19339
26920
47189
23630
38275
23340
37939
10997
10184
1944
43587
37220
14282
2417
35305
46173
20266
7697
27659
25890
662
37213
14139
27272
30449
2748
37705
18712
13891
1941
20364
19306
463
5236
31930
14486
21464
41820
16750
3884
41103
8440
16833
49683
31518
24683
5696
42165
28934
34547
34163
24939
5466
24484
38421
24986
23656
48758
13867
12274
15586
33859
10403
21883
2847
35665
4601
27638
38106
44621
8198
39130
31464
39152
33173
38857
3528
27696
32959
6111
44656
4448
31872
41569
33044
41099
22890
14869
22566
7207
44683
47112
10246
43330
31181
11273
39523
30251
34700
33838
15619
2569
41079
40768
7608
19157
2649
20507
30390
35042
19780
26155
1343
14136
41567
20707
41017
44230
11214
9587
37343
11472
22181
23427
38855
6306
17319
7322
43581
30617
17157
1675
36260
3638
11271
21884
26416
49724
36177
42697
48442
34041
14226
34426
4883
8658
26776
36511
28998
6051
42742
13144
5468
28474
9004
957
18878
11554
21523
45329
38299
38598
3296
29677
23753
23644
26133
2578
33454
10834
24853
27278
47054
42397
16105
24596
7334
27013
47206
22432
22032
41118
37325
25290
33918
19551
45872
35048
4564
49988
28991
7438
11254
6873
10213
3088
18427
6062
21560
759
11256
42051
160
20842
22846
22582
43053
22171
39091
11612
3603
11507
18321
10980
4513
31878
2079
937
43594
18424
7920
45708
49456
49347
21855
11317
36891
36178
49581
8836
10314
19343
27674
4650
29721
16058
24193
29973
7448
14642
15318
22838
40699
18585
6428
24855
19776
24844
30074
5644
45330
6458
15004
1676
269
26960
24013
5413
15188
13137
8820
40387
5731
19526
1045
41179
48362
44352
43063
10458
10014
25902
39801
25008
36928
47334
1038
33846
33829
11050
45264
38136
44120
23882
43050
7991
43453
8252
21261
49590
21525
39349
18379
19992
26352
25279
13387
21314
28962
25335
5213
44455
9527
19955
29527
16643
45849
150
15434
48323
45239
15492
48034
26589
44817
28203
30760
5055
7876
10263
16961
9822
36030
12834
14228
7073
44601
27268
35749
37477
46896
41104
38206
35292
46038
11573
30854
21672
49802
28055
37012
18402
37852
43659
35197
16603
44600
43399
24496
21832
6509
32206
28640
30392
11598
13725
26959
21715
17579
17989
32123
14062
39968
12479
42881
2150
42975
10824
40461
7172
12212
49425
9960
21167
40010
6825
37360
16153
29597
35217
12466
23605
1629
36448
16255
29764
25460
22227
13370
29534
12042
19581
21737
12814
9997
9080
24991
21038
26436
3016
22623
25622
28972
16215
10704
33453
32019
47316
9447
47828
24078
46131
15387
7839
36077
37488
18816
36982
31527
35982
36263
13877
30756
21339
40632
37729
5662
25740
8575
36391
4460
37359
39215
32496
16335
25640
447
1372
29047
49115
12598
514
18377
42563
3902
26898
6909
49109
38048
44463
27885
47746
5311
5937
33990
11293
19685
32650
21679
30833
753
33421
18731
5601
9019
16168
39402
20499
27382
43379
16620
45535
2091
433
33302
11138
4913
47940
23957
3332
4047
591
46507
19322
4630
33634
546
35104
47852
37744
47582
49804
20954
11456
35031
29131
27371
48921
14655
17133
46061
33520
23069
19477
8840
8582
6018
19775
23541
31744
1429
32423
11832
21348
34002
1838
35718
14043
41449
10105
27575
3741
21244
36266
14464
17462
17511
37545
31990
11499
35208
28424
11551
38757
19341
4558
26967
2293
36970
6176
19095
18070
15822
48206
41082
25583
29228
3584
14445
49469
42344
40036
33943
23285
30096
2374
30287
42867
38235
36592
17440
34322
45791
43850
46390
6160
27480
17992
47807
9712
12458
38137
42948
19768
10575
14216
4991
47553
41784
34136
20398
37010
10600
48585
40847
17546
18534
10420
32786
7925
41252
41711
41556
35167
40128
48990
17622
36852
29229
22151
34695
33667
30041
18033
6137
5539
10646
46675
12950
2806
13012
21089
14666
40065
45817
37585
18674
367
48149
22647
46698
16867
14545
14254
41901
13931
39553
42938
19403
47535
13157
30289
15070
5291
20968
25635
25426
43793
12993
44405
23879
2877
806
38016
21849
21785
29690
17235
17851
49734
7740
30371
32743
37327
39517
17783
17393
35006
4105
48033
28500
13046
15687
16229
16682
49100
49507
22613
15694
13997
15920
31117
13289
3403
34794
42472
48999
21222
11665
31158
36863
40945
15545
45225
39537
13835
21865
4586
10107
24478
49787
19154
48352
3102
4572
9510
16510
20275
49601
19814
37168
46939
16293
38352
46654
28247
36060
8013
24304
32657
22097
35967
47353
49166
11432
36339
2893
28285
35073
2414
7219
23522
32789
11387
39558
123
27749
15008
43592
8403
47779
29299
39742
25553
49943
18746
24938
28352
41754
48416
43490
37128
14061
20814
22099
4493
4599
44929
33258
48821
46226
44157
35372
49855
17492
5584
12908
45709
25242
7945
2901
13917
46018
49515
40354
47700
23144
8602
40495
48689
7541
47588
31656
47333
22379
20480
40893
32563
19666
40879
28862
36138
10981
2113
39995
31822
11008
39153
42129
17260
5685
1470
17423
27000
27972
41981
33896
26528
117
44896
3735
17074
46982
18123
39105
7694
49415
19504
44912
17247
1718
19312
48281
40453
1864
1908
29724
2930
32156
26602
40479
29386
47458
24990
23356
37589
12498
42919
36554
31804
27690
40677
29446
10495
7684
6493
23773
40506
49413
28807
1869
23909
6650
21355
46057
3754
28752
16237
4694
32542
6832
9169
49554
49297
18333
790
19308
43099
48432
49656
25884
12354
39364
21842
9968
2830
1627
38642
36110
17895
49248
4629
21556
39853
24073
48299
22584
36118
26570
1291
86
49348
49375
21949
42521
23613
5455
29545
19407
48652
43312
8647
47704
42522
46363
40827
4653
48604
41857
4793
11956
13871
42445
21542
26781
4546
22698
16216
30881
3003
6805
28725
31704
5105
34282
7867
27255
22243
9295
27954
12693
20761
45752
30282
16560
23295
29369
48071
12597
38964
38381
2992
18683
15467
13203
18693
44106
3533
6125
46278
2925
29309
16122
11737
6784
23388
16397
40908
43431
49403
32052
6662
27981
33738
18230
28296
39244
19592
38892
37502
32173
27679
8574
47099
6847
31767
38612
18368
40771
13151
45600
42796
38877
1007
293
32908
4961
43556
27159
49114
13008
36585
40074
39818
43893
24420
1218
35664
30956
29750
2708
3746
19227
20990
25841
16150
10964
37567
38438
1641
13807
38496
44997
49911
9323
31334
44155
697
40192
436
23050
36292
7992
8467
24912
2489
18988
40491
27453
4168
32939
22760
49860
42647
15038
48823
48847
35451
23352
22353
12448
22101
4536
39709
9226
27513
27005
30677
5292
4992
36654
33354
41972
40608
527
8717
39366
45702
6383
36434
35096
49490
12375
22324
43701
19969
19899
1334
49211
13328
14918
25221
13194
13067
39620
11465
14238
34739
23258
39570
12328
3550
15557
20674
19090
18994
22212
48895
48232
13999
44190
35559
25681
48670
32278
38203
24819
3079
44058
37420
40766
38493
33067
27813
15841
49224
24211
11430
1699
35116
29113
47586
16019
9512
22123
9674
6340
36383
31913
28101
23473
4639
45089
40693
2399
42428
35127
29734
38021
32880
2015
47031
32258
37334
32073
12778
43283
16514
21381
39371
40465
48320
4204
10455
4595
48698
16426
24903
28798
3961
3800
37251
31353
24475
30142
14939
15373
15569
25997
34168
31134
5470
35632
23430
28346
33908
47567
46773
25085
46392
20936
262
27603
23661
29033
4099
40365
30273
18492
30019
49424
32644
29992
30848
6241
26811
15307
32960
32184
145
7817
39339
13975
41205
47371
48522
16970
49557
34250
37735
5394
2007
37654
24205
26576
12157
20906
2282
31769
8358
7274
37429
26579
18356
19416
14091
12592
37684
15696
42139
15140
27058
32405
5164
40849
47152
41896
40720
4969
47220
6633
25441
49647
40092
141
6817
35557
19817
15889
17959
45622
13937
30443
8772
44684
17676
10822
22326
35040
48696
48315
10983
15794
22951
35919
29669
15340
31975
34245
21610
31763
12711
40033
46401
38926
16685
24940
25247
19441
21501
18957
36113
7846
31191
34135
8091
48695
17873
4914
23121
43494
10721
37666
11396
19270
38006
40360
21091
11684
36243
45861
12286
6796
32730
10907
921
28339
46207
23574
1366
28502
15614
39334
13561
34061
6528
21758
6618
17083
39642
24113
18978
11674
14371
12629
27251
27087
41016
18720
40938
36844
3697
13842
16953
44515
13904
12756
35188
16907
11987
3497
3061
39055
3370
22995
15851
6692
23046
21163
18310
33486
45427
19868
29408
13265
43008
33066
29882
25897
42331
29117
34014
1220
19930
30381
42370
46991
1183
46394
48470
35131
42467
37680
15960
3605
40338
49871
12499
10413
44075
16919
13216
42827
3379
394
20945
48469
34475
45103
1637
16571
11543
44202
15011
10168
15641
7119
43871
16878
42646
3377
38024
20785
40004
6257
10820
27317
6999
22516
2486
11139
16678
40421
12615
13293
38334
39024
7930
8911
32356
9236
32805
2233
36350
8366
34004
1171
24095
23864
24817
44245
33100
16698
24044
17168
31184
7103
1599
48504
17724
1967
43596
23216
41294
22641
23443
32949
43688
35011
11305
15572
3596
12829
9561
35536
32448
3549
2538
30
28660
29164
43169
27030
47587
12262
7051
30492
18479
46083
49307
28416
25022
12111
20370
8571
4771
36241
28413
3727
36591
27327
47924
18621
9173
13740
30056
12140
18426
32085
4361
19641
33304
28728
14250
35757
9373
30060
19877
8297
44461
35855
39251
40420
286
12491
49498
22850
2812
44549
24251
48044
16344
13287
19833
17704
22654
30753
5453
47420
40342
31032
752
12486
18883
22142
32138
27824
49090
6964
24666
34628
6670
17798
28498
31611
39749
8295
39839
41989
38344
8796
30085
16495
9575
32780
34468
23595
29102
36353
33940
48803
34965
26926
887
4966
27049
26011
47344
33833
36295
3698
143
6569
13971
35593
43426
34835
38952
27811
4608
21985
7200
41894
13337
6460
44604
386
14591
23916
25099
13114
15999
12934
30230
47104
2099
43014
8839
23042
37746
42052
30359
39141
22722
5114
45890
23958
21139
34436
37574
7964
38796
38328
44392
46281
47392
27554
22304
18203
39658
9589
3068
4390
17358
20021
21291
7543
6672
43135
15040
1702
21478
45243
9546
17032
46300
3809
40773
4488
28745
28114
43350
18588
23693
37182
11302
29843
9401
205
22906
23919
44719
34579
28004
30636
22596
48779
18026
15122
16169
40643
9592
6419
38768
34726
6097
34843
29526
32467
21521
44503
34048
14323
42080
45167
18859
4293
41775
40953
35601
8825
33347
44481
8435
44337
25482
38133
14446
40569
714
36171
10472
24239
7584
48067
33343
37976
36846
23297
13694
33545
14658
24599
4142
25098
41714
28390
1778
22026
26819
4686
35924
28140
10939
38178
17493
12553
10715
13724
18596
31808
46591
18960
34463
31411
191
34469
4525
20496
32105
37578
32227
3943
27213
12046
23205
44915
18932
26286
36550
9132
42990
5235
13955
19290
36105
42082
14461
17333
8526
33762
38477
20107
12646
37778
30486
10290
12854
22042
11975
27343
44803
43233
8157
29806
43277
33328
7229
11319
33033
10353
9164
6000
15986
4735
26395
2085
12085
29082
28558
7220
28732
25986
28371
48290
14126
48378
9596
33016
36643
22949
37208
11571
26340
12709
26691
994
46961
21867
9005
25525
41397
3089
36410
36638
39718
33662
6892
40464
49579
28914
2346
34500
41438
38153
16284
22381
26262
6610
18146
33988
16086
3385
8450
23384
17544
31603
24739
15688
31815
40104
6839
20074
12452
12456
35420
40496
49265
21585
19643
41371
14332
8509
4693
6789
2397
22849
23038
7973
28630
4867
22836
29749
49843
47133
24653
18672
8050
29765
25327
11032
27204
43976
42006
48144
30768
948
42192
35137
6310
10210
19867
4989
27716
9374
2724
34655
16318
29872
7231
13569
12047
16798
21205
9322
23609
16936
40063
26829
12405
4524
28476
41235
35098
19195
11657
42409
4034
46208
22412
6502
4954
4440
8064
10988
6701
47327
20730
15658
40268
20618
44397
788
14477
47879
47524
44336
20515
15679
12806
3732
22125
2270
42047
40593
5108
1962
20479
23638
26122
2431
21699
33442
1801
17939
15624
10524
21234
22948
26915
37263
18147
39225
18858
38795
869
4097
2193
13700
36848
29371
21238
39653
21589
5794
11292
1915
11141
14026
23315
13787
34732
14022
16350
31918
14791
41296
2631
46391
3422
29899
22915
20129
35972
6417
35729
24804
30966
9690
20151
3876
38973
48674
422
14547
38613
27456
33617
33065
14454
9491
12349
33739
9335
2473
33920
46865
35229
46836
15253
15360
20563
21329
12618
39854
2715
7679
24344
4480
7118
32028
36095
49869
36119
25548
26016
9361
16
7436
4674
42807
26605
20371
18985
14730
23826
36800
10129
33448
31780
40874
32792
24248
16847
39157
44439
38455
9201
48996
23526
23447
12340
11158
27581
47224
4792
12347
3259
14100
11194
44302
19064
47983
44147
711
21173
1905
39352
46590
19783
2778
15966
37967
33747
46354
43797
34148
49082
7980
21070
45344
18890
43211
1598
19171
22002
3121
36873
48486
4956
40692
36176
41715
26914
30724
25567
17421
44509
1480
16388
34529
19215
7558
27493
36606
7060
31824
1082
24626
11632
26851
4136
44829
38495
37485
27336
28130
47711
41839
44107
12533
13308
29487
5771
19345
44370
22430
11770
3907
29661
44045
25202
30396
48012
34915
13346
2852
36659
867
4294
27172
4550
19669
5144
31172
9683
15905
3251
5176
47706
2971
19664
20226
42908
28894
33420
6024
41194
14257
33872
4582
27137
48052
664
9160
44647
48135
12678
36980
4565
34944
46145
17624
46283
10557
2706
27798
7283
30505
35296
11759
43664
48755
22140
11074
26045
20336
42495
34888
7263
6977
43377
7837
2014
14817
12089
36070
9095
5314
490
12414
26510
18452
16351
27332
32403
12589
944
30415
19168
31349
49777
9234
15026
37708
11077
17518
10736
3540
33972
37571
47025
30878
44037
38988
35136
23598
46238
33875
44068
44738
14889
2622
35902
35788
25127
157
16787
33082
36497
5706
8210
29523
4615
40505
7878
33273
22129
47889
41041
300
44904
28720
42751
32930
34238
29800
28171
16348
34956
25359
36780
32604
8827
45073
13035
27817
20083
45411
5267
41351
20184
49421
23688
45217
6372
9187
33179
672
20809
7208
11722
32714
49251
32812
46651
19260
9793
34065
18355
21755
13706
7297
30358
3056
13579
41660
4716
33748
13077
2720
36777
29285
14551
36569
8958
43905
14823
7653
33380
40480
41069
34723
12731
47651
23852
2185
12363
485
14063
38322
26248
19915
39969
42081
40375
11774
43362
41436
1601
20894
18562
14088
31613
19751
13734
46861
22
24136
29321
18872
49938
9118
24890
17850
32936
46958
40425
42636
18749
19411
37108
25699
40448
29982
11288
31386
10590
18106
10877
38835
39222
451
39135
41250
13190
23610
26936
7850
39918
46604
30513
8212
34772
23552
29652
23770
20335
40381
26998
36560
3190
45130
21878
3782
43208
19176
18295
15226
48304
43074
818
31722
23278
37178
18326
29909
48986
16310
11284
24773
39166
12633
740
46243
37326
49829
36330
43637
16710
21023
39211
5744
1194
18043
4224
20605
28960
24012
9432
39983
49409
13435
49142
39036
43147
8607
41302
30469
40442
38623
24935
16730
24973
49570
44444
24873
39938
34531
44717
2530
9873
7950
10795
44758
23341
28401
29820
9428
20384
3354
43015
29326
778
2386
27902
564
35477
43551
4183
958
48663
17177
43459
42637
19622
1342
37007
18237
35516
31343
11777
40075
32670
22945
20957
3856
9479
34083
30458
25938
251
27055
49288
4301
33057
40738
21075
40934
35078
41563
39350
14517
46181
41951
31693
34867
6365
10303
25373
30989
27951
27068
974
21857
41056
8070
36945
3784
34757
3336
25617
29161
12224
36958
3796
37936
19836
14824
8782
18162
24619
23800
37283
3024
8944
41665
1047
9738
19514
38735
19858
11729
6312
43763
35150
28388
34597
15436
36384
17566
432
48303
47518
18222
5735
5931
4853
18095
4681
7516
4588
5287
21614
25977
40427
11508
35592
48714
23597
16434
38297
5522
13358
15458
37399
46561
47538
4443
15921
3287
43877
34866
31851
32384
8912
22031
49432
19645
43575
13408
13496
26632
47769
20912
31734
113
169
28736
3363
26478
25495
14585
16776
48873
25804
1328
40568
33786
28219
13795
31491
31318
21243
16687
24778
48881
14581
36400
17987
48111
36968
2808
44088
48583
524
25086
16974
1697
24049
43421
39712
43675
41623
25541
10228
29864
42718
29377
12074
39790
49190
23860
23962
33038
26339
34289
49764
28357
22331
6945
24199
39498
3825
14478
18503
25588
35669
23521
18083
48804
36734
31888
34285
23809
9105
133
34223
20440
32562
42542
21180
10959
22095
22571
43543
26642
4354
25464
12160
28400
37382
33559
21725
14274
21989
5401
15563
39835
3139
36721
22830
7797
9946
16352
47897
18761
8003
24835
7288
19770
32724
2459
48043
15653
4703
12290
28096
19305
24941
32169
24151
44949
28583
13968
4921
31758
33500
20783
43059
39040
8685
37823
6031
18962
5785
33457
34620
30405
19888
8871
1064
20280
6407
39179
13323
7603
32474
5663
33450
31494
38543
5233
42937
25046
35558
6534
31829
6303
31330
4023
37241
4895
12943
20923
13732
3927
44001
17114
19816
21570
32896
39287
13145
38587
42479
19136
16152
2593
4742
2162
26490
7804
44440
27344
9865
2534
10588
20418
3117
1633
5442
18542
43412
36889
6799
5974
16453
4844
41072
41141
32351
28454
4664
4069
5808
17387
46262
18445
6580
42800
49955
31591
27477
49123
14120
41539
17838
15180
38117
12760
44406
2221
45653
45416
26304
7445
44002
22932
11129
7041
25535
6874
2154
49497
14463
46329
14317
46628
26981
1677
46710
26870
40189
33752
45784
25118
27107
11897
7199
5238
17188
25914
14106
744
43083
9090
30148
7136
39150
13443
26573
22576
19434
25468
10778
36648
49709
21189
46811
26009
49404
19520
12876
26099
39782
8028
37892
45805
38254
18029
33445
46234
35838
31587
27762
17949
6254
267
10883
36840
47552
24874
41269
31064
13646
32579
1516
16047
1916
39007
30272
34252
34483
43332
37510
32775
33072
23232
6304
27216
5058
43500
34407
19401
9642
25776
47727
27064
1713
16145
28126
36473
39196
26924
49328
13927
17790
42136
14720
43769
27417
29994
10267
5361
31118
22201
6768
36038
9879
32366
39864
13275
46869
40805
46197
22223
47516
26721
33502
22156
15292
49314
28463
43310
17747
35812
18910
10437
42316
26498
16333
14364
24214
30981
17472
39421
19671
27296
27300
3971
48265
35133
10336
25565
31977
17532
43667
42857
37008
45214
25143
11637
35727
6037
26527
23345
15208
30927
11623
23628
18136
43057
46907
29742
28657
16222
23371
46917
11395
49598
12670
28142
28184
37862
11355
327
28063
29014
37643
19557
26197
36145
12169
49227
14194
43262
42582
18567
26983
21990
16657
15943
48839
14070
7651
48090
37083
23831
38469
45405
12612
49068
43073
44259
20103
49877
13615
7463
4950
41759
6266
1805
43237
48942
24409
3093
11541
12072
8552
41443
39167
2065
2449
18211
8955
48832
8437
9218
13488
16375
27815
34076
6256
39198
45106
20956
16784
4941
40357
41139
49451
39651
26795
42396
1790
10054
49762
6281
6264
18895
11024
43022
21394
35826
21964
44212
47340
37760
12126
3555
12796
12104
3460
48531
45184
46932
48410
11745
17255
24399
4726
41834
12972
28038
9358
151
26644
3466
29763
46509
49566
19739
34233
20977
26568
2972
6378
29892
5087
31843
969
47278
11196
27038
31548
28386
14998
16396
4255
6036
21272
5526
13509
20449
5622
15939
45210
47014
3918
3382
32903
47463
3393
12735
6211
44577
37649
32477
28890
15982
49648
21118
916
18974
530
8783
33854
14003
20763
33480
30015
46162
7502
6082
23436
9753
12975
48354
31602
24497
46887
24771
18088
23672
16561
4333
15298
42293
30725
45971
53
14988
11834
9220
42289
47080
16766
35901
34900
13651
4165
48918
42711
11725
163
21193
14178
1726
2948
19572
6074
17217
24618
28749
31849
11974
10352
23332
21946
24995
44814
4358
14299
34893
8405
44723
16144
48705
7212
3444
34901
9183
20131
28462
38029
25917
46713
30011
4107
47436
16077
13848
10762
1764
19253
17980
7884
26451
45375
19952
9813
21457
4730
29645
31088
39114
35012
23468
31997
47065
14465
27747
28687
13682
4743
2597
35146
14430
8759
8389
8810
2102
11397
18212
49202
25832
37084
47049
37770
5110
28542
27123
27230
49690
34812
30126
29650
24715
27238
12361
7640
12267
39089
46707
22799
27837
34472
1880
13192
43875
18915
37281
35743
8419
45916
44988
29475
38787
13330
41776
3839
25337
31426
17922
45323
14938
36978
18788
4706
26509
6164
5042
40073
40792
40468
38073
193
47720
4171
27833
7531
17547
31920
5396
42440
23380
22635
8018
36262
25479
16686
30864
25186
19113
39115
13586
40660
1571
39193
39557
16217
16666
22739
4521
39417
24636
5930
19667
11473
45303
14862
10727
19943
35883
21721
5815
38621
2474
13657
25789
33361
6846
44492
34923
34853
10497
29689
23990
32652
44185
47975
13652
37102
32677
14329
31442
20926
40747
46265
34447
4352
1419
19541
28002
27739
47773
1622
36159
31001
37408
33571
19132
27942
23407
35034
47369
34633
9315
3503
33889
39707
28699
36804
4893
46242
39803
7461
29096
26254
13006
46016
21149
14865
9987
6712
3369
43087
20223
4188
20406
5004
6860
13713
33365
24094
20394
45137
17263
18361
47901
14592
47330
6136
8322
23428
2146
28835
20860
44535
22300
21580
21162
6564
38419
37433
36182
15475
28984
31906
44072
43768
23221
22173
43940
14765
27117
40078
43173
21490
32168
38894
46964
20722
15900
3030
29762
19910
43444
40687
41218
14674
49556
49912
9436
48636
31526
14382
8648
43878
3086
39891
37125
25430
44026
462
32012
1741
8770
33473
6442
25361
10138
38430
5782
48972
1826
7505
45241
41722
26159
15585
40668
46808
47863
39077
39573
47062
1498
13459
26937
29052
33537
35801
33131
42103
41869
10987
42422
33419
24222
19825
3807
32383
45062
4247
23118
4346
30329
13772
49632
2608
5073
13273
20571
43052
35464
27573
37081
34118
17006
21166
42306
30541
18388
3646
29362
17874
20733
39122
2354
42712
30902
14943
11224
9929
1768
32938
29512
7802
31049
14423
9465
30158
46997
15439
38407
27552
35554
27153
20475
22275
41597
48799
9613
44125
9803
32811
30720
5920
43349
24349
44015
14001
11915
41666
25163
164
42532
29063
45135
13749
37063
31495
27525
30098
10863
18347
24691
23632
2041
28139
11031
14404
46398
48590
27544
6949
34751
33706
38431
20972
39149
37646
33931
13204
10419
17519
27877
33652
4371
43554
7451
23941
33817
30165
49741
18724
30879
39767
35026
37548
14901
38808
10065
20459
12532
30714
1151
18375
21767
44292
23185
42631
15288
2903
48906
17713
16448
11049
38963
37525
41154
2960
22072
1235
41162
14600
32655
35925
47244
33387
19606
32254
24750
43272
41902
30412
2769
47977
45661
864
48292
25510
23762
13746
7178
34110
10018
22062
17875
8843
31915
31772
31171
41512
28395
795
17637
13933
4533
18218
1993
44390
3180
21810
2964
45158
3983
26950
33600
13905
10085
17550
19550
36029
38558
44878
16067
1303
39372
42351
43138
30799
20859
34953
43201
42016
27906
43681
44201
42860
9419
49234
44355
47007
33574
46875
17041
44575
16823
41631
41199
6981
35594
16735
44534
34484
27180
40762
23424
3768
19083
8703
27193
22124
29256
25325
3428
42590
375
17997
46095
38186
39038
42200
35438
23073
32345
23493
21482
21134
41187
32720
21663
18205
46565
33199
29467
20884
23353
39925
35547
6486
486
37880
35434
35980
5484
27341
9222
3890
3323
38803
43969
13195
37691
29149
243
41920
12636
46951
17652
29087
49660
40917
21271
1606
25652
17762
39477
20051
26268
24254
16740
13103
36013
25194
37811
25424
4417
49945
21616
3789
31660
29508
13437
45413
35816
32846
41370
4209
36955
42096
30219
35595
22349
10592
11314
47070
40761
19936
12656
9010
10706
46791
29520
11958
4800
268
47479
34687
39824
22246
18896
21598
6838
39447
47654
6609
8570
46191
24970
16860
47849
8637
8360
14188
19438
28608
27325
9367
13602
18488
42776
20551
20644
2254
28001
33167
16888
49487
18206
31746
43157
6848
13689
31831
20648
17516
38205
18529
34570
26977
34980
26447
23386
38404
12512
26532
16064
49915
904
48786
28161
159
47474
48874
27542
36402
28052
43308
33184
41768
31015
28465
1213
17712
32510
40394
36135
19498
46793
2464
5559
42523
44171
19939
32993
11107
20526
46905
2265
24803
15601
3432
23692
35647
35998
29030
1854
31336
19579
26333
26112
38196
33177
27143
4944
49542
46850
30597
30635
29452
32294
8408
9867
28345
12079
10141
13989
16113
18635
25779
248
41536
40371
14493
13222
4551
28602
37247
29004
49572
25494
8313
42714
17612
21513
5512
21043
21719
45444
596
9788
4627
32417
35065
13922
9064
48784
43791
48749
11482
40119
12380
27741
4277
9
39253
6156
1422
11952
15618
8957
3063
42441
22161
48907
45697
15517
31025
28790
47038
16928
44657
24646
30159
49865
10740
15734
21114
8741
12193
2617
16979
40303
26534
45992
8734
37077
31396
44389
12430
14223
46581
32039
44076
23586
48102
10745
12165
34429
392
47910
17391
42281
31068
31344
15918
12173
3223
30718
36224
454
44271
30147
17292
47431
21121
46342
15405
8065
25451
21634
28160
46150
36489
43078
28491
26075
44563
40557
48775
20927
3567
30641
20964
44777
14012
23945
17316
24601
3711
17390
42135
36136
21391
43091
13710
49627
19807
16755
11747
8451
24473
4053
46312
42778
3537
27738
49984
6154
32575
44117
47024
15100
28916
4447
287
13045
24541
45343
1781
23932
33029
23985
38529
23156
12894
8591
36310
26615
27630
10110
29420
19421
688
47708
40460
37407
44590
37352
27526
6721
36247
15384
792
24897
38009
20638
3430
43557
32331
8084
9792
35671
11002
10283
34836
39776
47467
18547
18573
13852
22964
22798
41526
7916
1068
8150
47205
33673
14755
21587
18699
18450
37706
46930
39335
43734
17915
16895
21082
19352
37472
22861
40456
8720
2818
28206
3247
48046
25718
12234
7348
15157
24030
44024
24316
30152
13110
10360
49186
17190
1528
8865
23910
9383
44189
15549
3848
10808
37356
2871
42285
34807
35668
526
17432
28111
38989
8472
40183
38165
549
47472
15644
44240
46269
2722
41382
41299
34587
21670
40669
26299
33878
37627
14162
390
29388
31862
24509
43513
1078
19740
4829
25190
48506
892
40960
23810
182
24637
39505
16266
48179
26703
8669
34714
25395
31846
27606
17846
15983
22214
4813
38678
37782
4164
29085
5239
12891
9017
44982
31474
19417
43925
23814
17868
31288
44620
460
30828
14804
20549
48403
9617
45070
29808
19351
2120
39281
7304
7819
49351
15793
34477
42696
22473
3084
22185
18067
21974
6308
6571
24811
25546
9520
13088
6022
36879
14573
18491
6073
7700
2689
43024
45755
31652
45003
2790
31942
37288
3502
37425
38934
36930
17279
19660
30699
34562
3637
13113
8661
27363
22450
15515
39660
13543
28661
42928
25044
47448
22148
10319
21083
25674
9933
816
29152
1379
18265
26172
24363
33669
15634
46547
35255
25799
43999
13698
1582
47522
11680
9805
38805
1205
18108
7683
47358
39922
42598
826
16111
742
18682
40376
40774
30986
32237
3074
26108
39629
16311
23970
25717
43625
17077
29616
21035
6255
5181
22697
22565
42371
33351
23201
4809
2428
16764
12622
25135
23048
17563
48314
22749
36002
15657
31675
5887
23415
45826
43006
4673
4995
21061
27102
30831
337
4305
20658
14778
8433
27262
29094
1683
28263
46352
17756
6
18784
29397
42470
20350
19263
34849
19548
45820
35970
30122
13761
41357
31738
33793
35360
4652
21858
35212
2949
45334
5647
27463
14796
4071
22913
32528
4803
11113
12875
32498
32126
35149
3397
49023
6353
36722
20693
31599
42710
4755
37807
20840
37958
7899
16884
32162
20143
16247
20292
41020
19031
10023
31477
21837
28221
34485
6587
49866
26771
35418
35548
44888
23888
31055
5583
283
45842
26366
24250
2226
36228
26259
46947
6705
40972
38180
31751
2031
35435
22075
15305
46291
45934
3645
9918
21595
47484
19455
8876
42656
19473
36742
49582
28494
2174
8677
30807
9982
44594
32487
33855
13378
1094
7747
19695
14269
40160
18629
48293
14866
19986
4414
9621
26143
30567
3256
19497
18979
45068
35917
1923
43516
42700
39125
35833
38713
12426
36062
44175
42177
35640
16189
16481
34293
42064
37796
34419
42401
43705
7958
48688
810
28432
24391
12275
29553
32469
30409
37361
26203
31291
21012
14113
38800
10114
24705
22594
12396
11595
26751
49522
4763
40167
27326
25155
35053
40600
42330
10865
12093
25360
38946
12190
16815
3310
8841
11416
31759
20344
44116
8477
39085
42961
26723
34665
36104
40215
40011
42872
28043
38120
8335
12949
36386
36328
35624
48185
24212
33933
43419
32664
29608
23087
7790
9626
33425
17825
26222
46527
39623
18245
24066
28811
41431
32849
38968
40106
14570
23257
37392
42882
20208
46447
20857
39330
15879
39418
38268
51
29417
45932
48224
3854
49768
29580
17450
11970
587
40156
23871
30051
37219
10238
5900
1217
44018
14087
24507
10637
19547
38635
19349
718
38393
5324
385
31756
34205
39901
16586
12051
39992
21369
14310
41181
18391
17339
45337
27609
48405
3724
47785
7868
42510
1098
37945
34760
2169
1020
45731
49061
26618
30950
11239
7221
25224
46107
27721
144
27457
37388
5821
42424
30601
12049
22209
33269
47245
9654
29993
1261
1979
37217
48815
19605
19398
11394
27173
43113
34649
9845
26353
10443
29771
4299
33921
39798
33632
2038
13343
41513
29247
2788
38027
27019
10229
3566
31193
7500
3040
29411
49380
97
21534
35202
33490
41007
16555
24879
6748
3396
34584
22528
7465
42808
46029
36406
25321
40951
49697
30899
27151
7317
30534
4938
9615
3559
45455
40549
46819
15205
38375
10644
49364
16939
24109
131
12443
28783
22281
4163
11773
24929
38487
41331
27430
23514
18500
40099
1264
19824
21420
15559
38457
15363
41121
35735
10338
19133
26557
41353
17198
20183
27715
399
29986
45521
30386
15295
45925
49245
47768
42238
7865
32148
10469
5249
33356
37519
12561
38278
972
10674
26360
4570
35796
12244
13497
44148
26682
1950
29019
37644
35534
49096
17195
3846
29846
7730
9110
9048
19837
1436
21146
20639
1578
26202
49422
33012
33754
11087
19968
13393
49594
13452
30850
25377
3060
21594
32925
14289
21568
38655
33232
33298
29631
33548
45983
47191
18430
35056
48959
27567
42058
38388
8890
38581
30868
26513
1459
13828
28838
31657
37403
40566
13847
48023
33371
36747
17499
29112
46399
14936
42655
46870
2181
47121
26995
49886
47027
19010
1340
49170
41245
2688
21924
40800
33884
727
7209
47990
31155
46341
9775
3920
2200
33917
24430
34044
47503
49514
24101
48729
26486
15325
25409
8610
40372
36612
16804
27240
23030
29582
5398
24588
25965
3358
45580
13912
18076
17166
34246
33109
29859
35903
19242
6152
26907
47534
37761
35263
28007
17161
5090
34973
49948
14443
35596
1049
21056
15366
43609
25613
5989
11429
47732
31570
38924
22100
32825
47705
22211
211
793
4144
17448
48693
33799
12967
11335
30646
18408
2718
27396
35849
24806
14772
24231
37184
19230
23524
10847
35619
37160
16747
25476
32833
12870
21971
28076
39725
39554
44421
11025
32520
5097
42981
17473
20163
49981
14366
18811
41396
2699
11977
19647
11301
12373
32402
39547
1296
38177
33529
42282
41138
21483
31024
4553
28087
18183
2950
47775
49516
16451
13660
27656
2074
42518
31236
23725
34299
25452
46203
46653
49463
30132
12887
7623
18856
36042
42273
38444
37486
13111
8993
19640
28527
6105
18555
16973
815
7515
26894
12992
44176
7296
14611
41574
37186
29144
5907
27765
17785
13100
11369
30346
35790
21337
35956
48010
23199
34454
14313
18441
36613
8507
28569
31065
3598
27394
37570
26230
18415
26213
20996
45570
31841
41212
9409
34661
49294
44644
3066
380
25056
49904
45161
6138
30388
19522
44920
8813
38887
13160
24297
42061
14393
5532
48876
45714
15179
1230
35621
40504
31275
4375
39627
12728
28201
23679
3449
46188
17189
47380
26117
26864
8807
43754
45679
43663
25849
27362
45352
751
11470
37206
36273
17926
16102
10652
11111
5941
38171
49819
16512
12367
41931
11279
29310
19653
11011
26591
23113
45067
34950
6966
566
22962
40135
11313
10422
11061
25677
5253
24461
20899
14203
19998
23752
11029
8214
31606
26077
17441
33287
1179
11266
26512
8846
31315
47346
21014
45943
12590
46282
34557
36417
39804
21860
46564
38353
18019
42453
18995
30624
22302
10875
45610
23460
6244
23219
38288
11152
15367
13696
35616
25049
40992
47993
2717
32286
31661
19826
487
11819
7174
35370
21060
16671
15484
32881
6123
43153
8605
38578
46450
8314
30549
17101
9153
44014
31793
36318
33910
39637
15583
19629
6886
40941
9148
13755
17755
6167
20828
49736
23241
41358
15092
23189
42832
6940
46489
12521
41321
17727
49875
20671
17602
41131
41264
296
1734
14980
29398
7895
27901
35721
9298
6743
25107
16507
40477
33338
9906
20874
31029
17962
27758
8396
26266
15213
39967
49747
46356
41943
4982
29252
44309
11850
8680
6409
22407
29370
43491
6089
17577
11945
48283
976
46301
10490
42876
45941
20250
30133
35978
4932
12982
26312
38209
15908
48864
7727
45008
8776
43620
25744
21846
39233
35728
10597
5929
17710
17660
8279
8025
44780
35283
22730
40483
47372
475
8668
35988
10697
25829
16141
41876
38794
12632
42771
48384
13642
18668
33050
26531
47433
2189
21533
18592
22128
14828
44667
3892
45550
21718
24527
38399
42586
4407
43926
16036
40163
430
11359
13520
16205
45385
22840
10282
11361
14757
2268
16977
18317
2135
15611
19615
24341
5096
47089
10873
3045
11257
6769
45091
2923
11118
1423
49616
46546
32451
27440
39064
39068
28499
48192
43122
49120
1534
24487
38610
37163
13462
23325
19905
37751
38744
11249
21701
25896
45770
40812
28210
8221
36671
39797
19561
3130
22811
14563
25403
7725
10491
5703
35450
35643
32327
10355
30279
48174
14737
14352
7126
21303
22925
10242
46377
17047
36219
26064
2131
14569
35385
350
15838
28393
29072
47890
10480
28874
7415
14672
24690
18328
16634
12029
30071
43757
12108
13676
12995
19085
2157
707
46295
2579
29207
12716
26219
5269
45564
1267
30445
29530
4683
44354
27677
3969
5075
32471
17606
26052
12084
45009
6269
912
27081
11809
1940
12268
38977
13588
516
48668
49684
46783
24563
40524
15250
26487
43626
43624
7473
24377
35599
10330
19303
3750
10773
27718
6987
42158
7910
27914
47343
39497
30461
49907
38936
6770
43829
9649
11498
11539
37529
11814
13517
29848
8536
26375
13767
31252
38954
43240
36083
34536
15810
1811
49015
28596
10407
16692
42529
22217
47532
38966
32781
38465
3787
29507
26968
44972
12574
20597
579
37740
28120
29451
39469
5493
27402
13109
31082
9489
34396
40970
22732
395
17021
15422
24283
21929
3771
11559
15320
25781
34297
33883
17253
1980
26637
37878
37410
33027
28262
42603
14280
8217
23471
37430
27366
31188
26273
36522
22169
13535
4431
31342
9426
13558
24724
43398
43863
8920
16429
28090
27304
29406
2995
19678
33830
36853
49468
9667
26400
34609
25850
17011
21780
11322
37279
3265
25122
11867
30083
38414
32982
19774
4778
45724
28987
43933
48227
34740
14960
44875
20844
31895
6404
14190
4011
31533
15066
34837
31503
17274
25184
23702
8029
30399
32771
39035
49051
41158
42121
6669
48566
44571
46663
2404
9264
30708
30316
45100
18363
24236
28517
19184
37267
10061
46072
46638
14883
10537
30269
2990
24667
40861
17013
49341
42482
6453
33207
32621
42489
42259
38704
6455
46411
32289
36438
5005
35784
47855
45969
21034
22084
16174
30964
20976
8014
27820
33133
32151
10189
36730
27566
32681
18097
7766
43914
21356
206
6126
5946
20307
48166
21627
15145
16061
48726
39454
25437
23903
31213
39488
4671
44765
6615
9658
3071
14984
39578
41314
4889
27859
42296
19755
670
1546
41600
39711
32991
19192
35510
18911
8976
14558
35272
40760
49619
18486
10260
16911
34255
38981
45428
12952
14260
44653
31480
290
4765
44693
9516
19543
37998
7566
40280
21094
5862
9309
38698
46520
7760
28635
36684
23365
28999
25490
47693
30944
26111
17012
29878
38256
25063
25196
2494
48681
36922
10635
12205
25904
13978
43309
41091
43361
16836
39764
966
2063
32801
30509
23062
24009
41561
35851
18796
11932
44576
6950
27475
29322
2643
35993
22207
31796
12974
47678
7905
39282
31531
16471
25179
13291
8506
10134
30801
7279
33554
1802
27968
6933
41824
36502
30668
14857
3686
30670
9018
30912
227
34249
29075
34635
46615
30969
1484
7824
48445
34742
41780
14645
22330
28676
45120
45419
7896
618
23899
36757
34334
30583
18671
6457
16933
45254
3338
45863
10197
25425
6879
2988
44233
30582
6482
32531
7009
15775
44948
31120
19518
13754
866
2126
18090
42020
5255
3244
29277
6884
13215
4095
10693
13280
39690
3465
25235
33112
6586
9325
41859
49517
275
27780
34596
20379
3340
26310
7764
1921
40789
38486
5392
43093
12850
38897
24319
10552
5971
11911
2867
6604
6445
22762
1199
17018
38927
26553
1521
35183
27511
18169
46462
34619
44640
11716
32945
32798
18842
22110
43700
20102
15303
28118
166
16324
30383
47475
34813
5264
36074
40042
49613
32314
6625
42607
5764
18551
18115
26193
49199
42261
16829
23391
10724
23350
16567
28366
22039
5694
9884
7240
9986
35894
24800
27478
20136
3516
20159
13729
17818
20527
15421
8229
9541
19749
31679
32808
19878
42870
41806
27053
47545
39532
23699
13612
3939
10463
46623
42327
31019
42644
17667
33466
41608
35769
46620
28963
5020
18092
41470
10004
26227
23009
25391
27415
25690
33384
249
40150
25837
12011
30072
8272
6656
20831
10695
11081
46406
37563
32190
44739
27647
48140
15393
17005
9759
32232
49993
42328
32717
23983
449
15506
21817
5775
49493
1649
25089
19651
14337
27458
28824
9459
11647
20019
46202
25024
20451
16945
14706
40808
28523
49357
32622
40235
47019
34889
17334
1925
8199
5871
22994
41585
27999
8334
48453
11520
5881
1942
5680
30034
9393
34235
15880
8375
5588
3525
46867
26765
48123
47075
42115
14357
37658
30452
3987
2078
7499
26056
44925
1174
22673
42376
11580
49029
27439
7615
35977
7025
21759
36154
9142
6207
37948
5715
19311
552
1141
42431
22574
47817
10471
20420
26974
12626
41598
37857
30643
38296
21284
17176
32564
4590
32821
37817
42854
2208
45958
25630
9784
74
37379
29278
33643
14582
9030
9976
33227
6004
41295
43602
1051
17498
9041
36080
3838
45286
3518
46051
28942
28308
26505
17914
18572
43367
24581
42040
29261
45927
26943
27059
47349
15675
39540
13334
39493
4484
789
17025
12394
38305
48085
20254
47481
32850
21609
16983
40272
6060
38262
5582
34301
42965
5406
29208
16012
6343
7782
28480
46439
14361
18176
33755
1512
3321
2663
48027
25462
16910
31460
27870
35889
44383
35608
42640
41551
41167
584
25442
48143
30136
45198
29934
42468
32406
9101
48301
9980
25198
6052
46137
174
26621
7807
16524
40017
5898
43179
33827
42379
317
7290
44261
29717
26432
19117
38005
24701
49738
35950
1192
1352
3996
130
40589
13641
98
21552
23546
954
38058
32222
13062
10912
4321
11022
39137
9702
12288
28292
17978
44722
26885
42531
14681
7686
10337
39323
2561
29429
17723
28643
44847
17631
35412
18259
15104
21368
12936
8380
25759
13213
45563
26455
38914
39343
19712
28652
44821
8561
19109
32159
2132
7179
45637
28726
15121
33501
1549
16962
29897
20445
17645
34441
32782
634
39086
44772
30384
14018
8317
27611
37572
28047
38917
31390
16732
27108
35119
18713
26517
35422
28172
41281
5959
35195
20950
7238
6967
39041
8613
2429
25053
7337
22988
35393
23534
22607
17718
8778
1580
44749
36663
5171
26803
30824
49523
14723
37659
37697
23143
27569
42606
13648
1482
24631
37605
31095
29235
19995
17800
1116
9301
5393
17687
14069
11868
22435
40929
1010
26039
6085
9452
23629
12037
8635
19211
19762
14784
9484
44304
26678
42349
20080
16832
29805
413
31062
4483
39248
10957
7272
32505
7332
37511
42439
44830
16639
1636
7862
12166
9342
32481
25550
4953
38072
33379
2704
45378
48488
13383
7154
6130
10502
11251
45734
2269
12420
44268
30244
14169
30238
48263
808
21859
46110
15952
48175
6278
3928
1968
20513
31182
49822
22215
654
2044
35633
26822
12884
45976
4593
8883
27139
25620
15496
37682
2084
2304
9926
3676
11131
29403
37717
35793
9786
44560
36720
3294
47730
25001
49642
48357
34462
40652
20020
12611
2323
3383
34969
7071
47612
27474
45272
14024
40022
38786
18981
12159
48748
19566
32507
5121
24458
41995
12015
43222
42625
16762
45723
9898
31108
36571
1846
30515
35651
18157
9451
9467
6475
20288
31636
3900
4934
36100
15742
24330
17743
10457
14097
49628
17834
44736
3710
1290
4345
18318
17599
480
8779
36815
29505
23338
2284
5571
40090
11167
40378
17169
42989
10936
46524
36877
8733
25946
38751
35714
12209
1520
27469
49410
12649
22880
39648
817
39354
39670
6180
16455
913
29459
31123
18610
26523
48941
15338
14579
33553
23537
29045
49276
35939
13471
47551
33244
4261
34257
33023
13649
19993
13311
2302
17760
43899
49154
7853
36697
43964
27841
41637
12881
48662
29722
8080
43400
8899
41063
35235
21539
15541
43988
49610
20966
38096
29776
49960
18234
35166
37509
11347
11384
236
17048
26355
32460
27420
2943
26986
1417
38871
20775
15068
34660
7607
29707
17734
16985
17256
6715
33366
8803
27671
13667
27506
31891
9353
17306
543
14025
32140
8872
81
35840
38397
43866
43119
49611
37877
41769
17407
37024
19636
35089
21939
13418
21190
30267
6871
2292
5017
27015
4502
39325
16705
24754
45469
34160
38650
19333
16343
22487
308
26861
24787
27645
38258
10382
1847
44104
11909
31861
30903
15728
33297
8784
2792
49060
40501
47671
41421
6637
7582
22723
23401
39346
44482
15690
40601
25287
21910
37825
16143
29515
19130
40596
5922
28194
21087
35688
21881
467
3956
15860
45527
13697
16079
26277
33401
41075
14224
5169
28828
9166
40055
24846
46011
32519
43380
38649
4567
26245
13539
30215
49329
19618
8889
3998
21479
18574
2800
8063
32918
6624
35063
39057
34808
3872
2770
27958
15949
41407
22909
20654
45889
20145
40226
8235
34907
40083
45082
5232
15803
7987
46880
1310
25859
38861
12790
20868
780
30454
1355
35289
33069
20519
5861
41948
46496
46376
27720
27868
36719
42858
20685
24275
42007
45719
29183
6906
10940
1486
745
22057
39395
5229
35309
32224
16107
5369
7477
35152
28470
22395
38658
48517
13758
40415
14264
11943
5440
45407
34300
41109
34281
10478
32529
27883
13508
17425
6481
49812
40367
19612
45283
21507
943
30286
5371
29613
12291
39666
34657
19611
9022
46179
46118
38286
28909
4684
9402
37342
3365
7286
33969
46334
34073
45533
42780
32131
24310
36769
11187
28708
24295
30004
42589
33863
33725
18150
25551
19321
11155
18841
19039
34215
26844
35410
5570
6240
10730
22308
15333
34819
44325
14935
31438
41210
39816
34883
3161
7351
2421
1901
3452
47214
17170
42803
24647
16840
8950
25956
13757
14712
47312
42433
42899
10656
24832
38473
31405
49641
44133
25004
18299
19172
42462
39884
47752
38044
43469
36997
33547
6654
37814
33546
31630
14840
21459
13940
37638
40451
20037
40110
8011
11898
44413
41525
20708
12056
28495
36363
18694
49345
12865
47119
45782
31452
11410
48975
4478
36492
11475
35059
33164
31093
41928
2454
27992
11942
34156
15706
37946
49143
39183
27610
14272
34725
8180
39249
47603
1985
35017
33460
32004
15163
21848
2402
41748
18966
17037
13071
30112
42820
23358
7805
30229
7349
19386
34664
28729
19502
9251
23372
14079
23995
15095
30908
42360
20137
29761
29376
16930
6079
47709
23808
3091
38502
3423
22020
3588
4363
29402
42386
41679
32064
21476
32923
7580
26613
46935
20489
39786
22694
41369
20007
11859
11205
21282
36317
21053
48204
36418
22709
16147
35755
35132
17741
27893
10293
32418
30364
9384
15521
30953
4456
5991
44181
8371
25847
16328
218
3694
10894
6661
38804
22787
46143
18840
8991
5364
40796
401
44435
46070
35021
15189
6317
47504
21382
28645
14604
47146
47181
18912
35468
19896
45172
31484
20140
48294
16949
41845
28809
19327
14121
15461
21744
519
8185
11849
12075
11683
27884
20672
42639
43710
28587
22558
21208
7657
8261
41124
24762
48218
19719
10803
46795
45725
36611
27653
41798
17974
31717
42959
2836
8620
49775
19859
19375
17786
15134
3120
8053
24404
42145
48131
7406
2047
2289
27162
43774
30940
34788
39504
1279
31448
32942
3394
29415
28312
39524
35479
45662
12556
44446
40529
36567
6363
19188
25389
23425
1133
13324
23324
6674
26431
25584
22605
3010
41830
42
3097
834
24285
42480
9790
955
15504
27263
49050
36264
6946
17165
42235
15530
36115
35446
19997
31619
21620
2697
44489
40943
45353
42270
36
14513
48322
34085
23500
16559
35039
17732
11741
35676
38590
38087
36234
18998
26229
25999
2562
30061
9145
26115
47058
2058
7751
11201
21409
650
25854
33736
10923
648
20712
19007
17382
45153
34977
45187
24958
7001
47596
35156
41546
13518
22503
34013
30038
40418
15895
30281
26933
7376
19810
33035
12684
33362
4933
38121
39998
46183
23065
47434
16706
38849
20120
29969
36258
41568
47141
1416
31748
43234
45394
43629
19957
27726
47737
9354
31142
17572
29167
1473
46662
19521
29121
592
28519
44711
14649
21375
22507
47563
37061
33242
20189
13379
29375
21213
9068
43092
23194
11195
41207
34988
26166
24160
24699
25611
9875
1091
37801
32603
22934
19590
47418
16185
34947
27460
23092
7253
32976
46752
41523
26854
29137
30612
8352
4920
16212
39423
40617
34253
45526
412
10948
45425
27689
2848
6225
25274
32310
31607
45519
1297
21324
44771
34627
4149
30218
12245
22894
14668
33299
35427
6498
49437
14786
13181
10280
43066
10162
12444
4875
54
7122
19970
36186
48541
16242
6866
29811
26061
11603
26378
35543
7475
48261
33139
44674
26707
31697
14057
13360
38356
32873
13554
36426
11621
14886
43411
28584
29976
10749
28325
34996
26091
29564
3909
4093
36999
38949
38838
10607
36252
23284
126
47012
15398
34699
38190
17705
11762
40573
3042
21088
253
6316
12357
25955
41229
12675
22064
35340
10571
12892
22796
353
4089
140
47390
44918
26859
43788
28311
14375
3737
1305
43028
7268
13053
33666
46931
47761
48328
18199
26625
10055
29263
30872
5902
7335
37248
33495
31825
44208
7391
44887
34859
42508
10689
18634
2981
4192
20031
40599
40308
12669
4922
43627
43687
28582
39433
7327
11816
19412
14268
8474
47683
7783
20369
38350
18467
26328
25410
21450
34130
20558
16027
44546
34369
28983
48954
32931
37357
11644
25446
2791
63
8754
20028
46435
25524
37876
40216
44206
38420
21412
34790
7192
6815
553
19527
49036
38685
35114
27339
35615
28538
10070
35280
24412
7383
49371
19404
44759
42335
39848
6185
9951
11586
5486
4210
10292
48276
35025
37611
17866
2858
40718
35279
41627
7011
13420
12749
6364
22259
38449
1774
33710
16988
21970
4981
39982
28277
2802
37848
19442
11296
48189
47800
30362
48952
43359
15244
44909
20697
20824
9938
2756
14311
26904
21141
43932
7670
18733
9890
10333
37533
24176
1821
8771
9291
5487
35569
41303
26173
5280
27418
1150
10068
37175
23508
10487
11174
47748
31075
32638
42271
12124
17565
38239
27140
45524
10484
13711
27993
26035
11906
16868
32561
29373
12417
20528
4678
22896
47731
24742
24523
677
10893
1364
30450
17758
770
21666
33330
32709
33985
32913
19971
1214
42018
19795
41626
48484
13262
12813
35362
99
12800
12607
25068
17084
39703
24700
11545
47517
7405
45911
9808
18958
23640
44820
10719
40829
29780
36541
14439
45856
16681
25416
44236
9313
11502
11316
6687
32375
45929
38573
11679
47965
16504
42702
23103
9900
14781
2363
19094
31768
3243
29781
4846
39940
27259
36229
22719
15448
42682
43622
38593
34795
7814
39799
5633
5541
8520
42673
42936
5001
37579
29581
12297
16326
31816
47754
9663
33236
43569
18465
34982
25835
25250
22495
2629
20753
10195
46956
48599
39412
22249
9722
30747
10099
28883
35182
44262
35496
23578
25318
3280
17283
38424
6939
27127
17069
21045
47505
31214
6658
30315
35814
16971
27105
28794
3834
24465
3416
40923
8678
10710
10686
44930
5956
44857
4464
30046
19399
35402
8327
3059
8639
38661
41871
46630
15401
11183
31958
16929
36447
15128
11341
5128
47265
43123
24262
18219
11375
3714
16327
20657
22766
31352
9306
27976
39563
702
23934
29904
28035
8052
4439
38758
46101
26758
16623
12929
14383
1440
15056
653
13397
14125
7066
37593
26298
21640
8811
1065
8933
611
15321
10048
34100
43003
13176
40409
10452
22071
29390
11874
45221
25615
42133
39442
36641
10616
10707
3076
24027
35165
14968
10169
3831
20876
13621
40714
45520
12342
17269
30528
39118
18747
28715
45642
5877
10027
39231
24998
18389
37296
49932
20565
47886
49589
1837
35408
45367
33059
27243
37975
44007
15204
19744
46774
45244
13626
26646
17376
12001
19186
29984
20318
12774
16297
2195
8896
10327
26700
12485
12031
19440
13416
3150
24313
38956
35524
14603
4750
5548
14503
42724
25989
21448
16999
12397
19553
41852
38667
17111
4508
14314
38506
5170
28197
36398
152
30891
43583
21678
12473
25665
34654
23347
25788
21845
30243
13372
7524
8937
6989
23316
9270
1795
3579
38596
14644
9725
4201
45651
19949
28367
37139
18229
19777
43695
666
16020
2444
8236
8645
30974
47098
24284
27054
47180
12630
22790
45435
19750
21419
31388
2842
43725
42097
11360
4012
8460
44188
46275
47820
6791
10335
16331
6538
43185
34236
34943
44537
14322
31263
8409
27534
32802
21509
3129
44957
44140
11229
36790
40911
1126
17289
46925
42421
37678
14839
18684
29550
37901
18075
16940
15890
16030
39094
25921
7951
20012
4784
16869
49595
14511
19147
17153
21654
38810
16254
42218
27129
18462
22852
39230
21981
37351
36674
34375
19005
20580
5136
15386
19642
27956
13525
27101
30322
44986
34670
10585
7217
22923
24118
11748
522
30537
39549
3248
49181
21044
14598
24914
46614
9002
23469
48764
7204
38651
28927
30436
12221
38197
47176
17852
38345
2467
13054
43341
14457
20627
49187
16009
26654
1511
2165
21668
16839
47646
27960
22778
25275
13193
38788
40282
20285
29501
29349
46626
19513
26275
49633
28526
35702
38516
38754
25929
46370
47970
27582
9194
79
3273
46569
31454
18619
29891
36900
18533
17845
24782
49807
22879
1542
23067
49770
7934
10391
49979
9486
40932
15282
11908
21947
37895
47622
2024
12346
38252
21550
40330
44633
7556
44813
20236
43405
13632
15548
23096
42227
35698
31140
48242
34762
37800
42156
30172
1856
25520
46671
8642
38637
5237
15161
31712
32149
27943
10812
4863
47666
31102
34290
37120
2382
42569
29748
37129
34864
30328
26446
28181
15968
37459
13225
4804
20152
9809
5886
8910
49318
32515
4661
978
46490
28482
11058
16622
1191
8985
35
31272
3946
12116
40154
32549
42843
29548
21040
13863
48819
37764
47386
37328
1109
17801
28067
21624
22428
37109
5079
39612
17542
28058
5668
43798
4411
11422
4766
37269
43268
20869
23694
2952
31205
46787
20568
4146
25305
23946
31034
37416
15024
39399
18798
33340
3758
26300
11438
25256
14402
4702
48976
9732
21231
43666
7998
19982
36628
15016
20661
31823
44607
15488
6852
18074
32230
26006
17797
3633
34838
7520
4370
16033
31378
15876
25534
3232
24353
42859
42739
11996
24709
3747
26544
23183
11708
46149
10112
37099
38425
44142
10091
40417
19139
6956
1107
33316
46601
43360
10012
14202
13751
9513
8587
17214
29008
21255
13128
31358
26381
42638
35005
44420
28492
38719
49639
11986
36715
36588
41119
36283
23215
6539
25981
10222
44790
32204
928
6467
2529
24978
13101
49449
33140
48002
32627
25500
12284
33519
2986
41424
45440
3209
6006
26025
30772
41864
22939
33245
5709
48393
27737
14853
8468
48544
40171
14553
31044
23829
18831
94
11424
41651
12459
14867
46841
9882
11075
44409
15377
13973
23085
24480
8377
22543
16131
31762
37724
12222
1756
11536
43689
33955
39784
23008
22667
41988
12984
7971
47051
2300
10780
49925
5692
34675
26084
14262
8089
37596
14858
19735
1735
27881
7859
12771
49941
20958
12210
20263
4307
8391
11678
45818
9961
42576
2384
47710
47912
43318
24084
1612
4122
35194
28792
9995
23404
3057
4060
18263
45501
224
30673
39583
12341
42026
21229
48751
43801
39476
8655
40450
48777
29145
14586
9673
22377
26931
34671
1660
10722
12714
32586
7369
3186
32641
39075
17024
30190
33128
44714
11549
18309
23774
13705
10252
20863
18406
36503
43371
46402
35979
41487
5204
40246
44524
10946
23349
34789
32486
7995
35007
1966
46761
6833
14812
30009
14419
43064
42892
29676
3660
13992
20248
20758
49272
7625
27228
10317
16241
12807
38242
35682
17353
3450
18738
8031
25219
46048
43548
41185
44943
24114
15703
8960
40476
45810
888
15698
7396
40166
44345
40070
39223
45320
37731
24328
21175
41716
26156
12149
22394
5737
33296
42366
21761
39033
520
35094
1451
24245
18714
22496
11606
5183
8289
18374
13673
49916
4167
25055
32951
25341
25758
17751
30946
36984
24296
28613
15724
23626
13066
21988
17581
38459
26305
44402
21681
32728
17601
36944
25586
30600
24235
17504
24502
1835
45813
32736
34669
23976
5157
5083
15787
2277
39525
41135
16091
14740
15457
34841
23900
3776
23963
49460
30208
18464
8781
43618
22206
36681
13174
14458
38801
24922
46804
5547
20391
15736
47234
45321
6429
32309
34984
2575
33636
39638
6647
9916
17469
21009
47523
22514
9008
26932
48647
16760
9625
19368
5798
45585
28433
8828
25254
11072
8486
12437
29729
10963
24703
19812
46071
22531
27318
37196
43686
12358
20066
12868
25659
49113
28900
2371
19694
16695
18805
38091
40815
3962
23703
23728
25803
33564
37378
5513
10026
25822
41346
25112
2660
30180
25773
39170
40513
36516
26599
24045
3662
46453
917
31907
41966
39129
49146
48742
39315
9886
10631
25683
25369
4384
18082
35469
16250
17280
1912
7821
14298
49121
38145
10429
2679
24781
19565
30781
4852
27245
41652
10611
41330
4656
8653
14697
39781
6289
38310
26076
23322
43109
39455
28834
40552
22573
3765
46607
12914
25944
16612
26684
3083
21986
27390
45194
32987
8562
2716
12712
24441
15972
6766
48497
39109
32639
47899
8558
49921
14354
42044
18154
3324
13623
2367
8362
39551
8293
669
45870
37833
23587
27621
4328
7190
34400
8630
13856
18269
31935
18268
39127
5812
16513
3878
10191
8866
45039
8354
35171
19304
14009
36124
11642
39192
80
10651
31246
11019
9051
33680
42665
3501
20382
21739
47842
44934
11297
31431
38135
33327
10131
24605
39087
41448
14153
42325
31376
15489
22261
3300
2914
33867
36439
25017
6174
40696
30832
30393
37289
20510
38571
5345
36085
36061
21779
24342
35097
13857
48382
32974
7345
48169
28426
6191
37064
41298
42812
32037
37543
34227
8159
34370
23107
4426
11202
6487
11027
40631
12390
11858
39899
36093
14789
10624
22561
5953
7507
29159
72
8263
1617
44880
30274
16767
5095
12225
34123
47851
41115
29988
44472
49974
11743
27465
15747
42826
3043
25903
10977
20427
27755
41157
43861
11207
46103
12195
37067
44476
29567
35589
36470
36869
21895
29920
21923
18455
426
8919
14415
29103
25729
25168
41743
7645
9927
914
15924
16599
33452
27133
36424
35456
369
16010
44386
3041
27641
2611
46723
2094
999
4571
6243
47444
20167
46763
14342
9795
37532
39474
4008
43758
12044
16697
35209
30106
6932
18735
12036
25636
8521
16719
48098
24870
13928
32325
48567
43189
22803
49743
14285
528
21502
21901
10301
24706
30047
32164
44194
183
1345
14748
24574
38080
20104
42078
37374
48943
14275
8213
41547
32831
31391
15836
2890
17221
31294
28786
25354
41266
4830
3853
35881
28081
37434
26070
44699
856
40783
37316
42885
26710
47742
2180
4631
25423
23682
2996
9602
22313
37165
40237
15967
47041
23539
35747
11421
47974
45608
6147
19654
49654
4720
4222
18627
33193
2989
28077
14059
2060
46843
22821
18182
197
7768
37944
13322
46421
19928
14171
47902
25735
39218
3156
4310
15113
1839
23997
38659
41035
3246
36094
38992
30389
8464
43616
29029
6547
32265
2873
18516
28709
2097
22269
40770
17016
38549
39898
12000
14064
45800
7275
20940
5174
3328
27374
10349
694
3901
23419
37087
20562
28688
11944
8863
5420
41188
11609
5450
17567
20653
15323
24311
43946
1560
11023
11610
3538
25498
29176
47168
21531
9328
1252
6210
43436
33261
30324
42614
5462
45237
15308
6667
1806
20282
32335
2786
7022
46178
40173
35445
2230
38933
49012
11979
37000
13500
10451
26023
41070
5247
23098
21992
29425
23600
25787
3285
18134
29120
29198
3479
21889
21683
3109
35403
9038
26601
19525
25076
42041
45020
39873
48896
35859
12795
32990
35517
19633
16474
14355
35911
38554
12699
29348
28133
2551
47337
35762
17892
26584
3964
34731
27570
9922
45231
15857
34343
16780
28695
23590
39308
19450
30689
4504
12005
14535
41944
41025
45528
10075
2976
21777
16897
2328
4635
46287
40678
35286
20373
13251
31073
9258
39971
5774
27094
40666
30948
18287
42763
39006
8619
22585
27010
40089
37558
36395
38870
49854
46147
34204
37191
40561
14877
41505
21446
36817
20465
45324
33042
5677
16806
31711
302
964
20573
38906
28193
4646
30303
2152
2874
13082
8924
37324
3490
28875
14904
46493
2859
5300
28011
12186
20643
5648
48248
30398
44308
68
24367
37642
7614
5995
3867
36862
23032
3862
4320
48763
410
45287
35537
25526
4751
39527
8930
40616
15753
29664
17159
10546
11978
33864
34090
31817
5831
44961
46777
47409
21503
36700
10680
32972
46649
30803
47854
8914
13846
11252
30105
42172
18030
26871
22425
14389
26169
4153
3263
41683
37652
4
32568
24063
49553
9276
37879
190
8285
33148
44484
20904
45959
31858
24435
41064
22716
36278
45857
8644
17459
24016
17324
41687
42822
4880
38512
33570
21907
31296
9235
10664
44306
17451
28557
48391
49285
38812
6023
18372
9481
48430
35509
6329
4891
12117
25238
45448
32000
9042
5913
19058
29945
31894
30184
7719
20602
33456
21995
23673
30212
4774
43809
24153
37463
384
45768
5156
19840
963
24913
12241
36640
37835
47357
29790
23496
28287
8697
5701
1460
8291
15516
38975
1532
24711
47284
48591
5082
47943
23791
11837
28099
38756
24314
41171
23861
4762
31805
34678
44041
7754
37078
43094
36401
36572
28407
35386
15341
34601
1011
30089
44203
10441
26559
37002
49337
46835
48620
9230
36305
19281
13259
35930
27505
28174
12757
36812
24071
986
34262
48156
30765
17621
47972
26138
6592
21230
35498
29296
104
18494
14733
40008
5672
19602
24312
25755
855
4839
42727
17608
27662
25555
44485
40117
3020
1281
43835
4885
28675
47690
40985
21590
18282
24253
230
11953
26495
29953
1108
49733
240
2286
6401
20736
38582
26783
20273
20635
12779
9061
36067
48810
18112
31627
3105
33446
38643
42091
41596
49212
18964
43720
15417
40232
18925
40674
25148
24424
12410
19365
45035
35897
44131
46002
48850
31513
36577
39117
49107
1954
2970
42512
24865
28441
30233
42850
42402
4131
49278
139
42079
15075
12132
48370
7666
2935
7939
46274
10996
13900
36507
37885
3236
33731
33888
11299
46525
37132
10297
25684
1972
32766
36026
7388
9893
6764
37226
15616
15432
34175
10665
29461
38824
14837
36487
13352
8664
44584
44073
16557
24992
48145
39205
5869
2388
15241
24697
16633
9014
49374
44130
6859
31415
8707
37931
42732
20612
45924
3993
39247
41614
45802
34583
40961
27892
41646
37218
25297
35316
45650
33587
32922
29917
35169
9640
8083
39044
15790
21005
1021
7023
36207
29514
14251
39503
40088
4323
23700
35068
13780
34848
3506
46221
17164
17148
23558
16672
16653
18275
11289
42059
46915
4389
40487
18783
33106
31076
28872
43036
4531
33732
6806
2344
775
20027
15042
21694
15037
49125
9492
32968
35739
21300
15044
25338
2176
12738
45559
16708
2734
16184
25365
47796
3984
35580
827
23176
31113
4770
39770
24872
35318
36379
12559
2013
49892
32066
40547
19233
15919
13519
49970
43162
29541
5562
32195
35211
18709
29325
10104
12685
9172
7301
5027
12899
9545
22187
30620
18692
24080
20022
16677
28131
47125
3090
17587
23726
16595
21254
40732
45358
36536
8088
8384
47610
11458
33690
17350
24150
11063
22961
36314
30226
3152
34885
25289
38584
22658
28186
14941
22424
31374
14996
16465
34653
13363
3505
10789
7269
9652
4990
27853
10756
44716
26775
8842
29237
17905
47515
29104
23486
39029
37870
11331
5187
12838
8379
36624
45631
31536
25958
40471
38589
31103
49817
984
35184
402
3931
25445
33887
34958
16463
46624
40963
6049
6549
18412
46580
47850
6794
1819
25569
4413
20710
8804
26296
48147
31061
31351
28062
29618
11865
19275
9972
11463
7761
12239
10504
27886
601
3520
41333
22743
39862
39561
21890
25985
7105
3552
18953
22054
27443
12080
8573
24987
26506
16915
47276
15894
8576
47619
1894
39886
33189
12602
42319
20902
20220
29532
37435
1913
35227
22277
29039
32115
23868
27761
20628
42132
44097
10606
17180
28561
40757
44627
26900
32605
28269
28503
36488
17956
24579
24664
19223
3078
11727
16399
38035
41926
19577
8906
48974
37513
38937
1624
3222
504
47714
24838
3658
39289
48305
21474
17034
37963
33730
48680
42011
26922
16290
20604
49305
13576
25880
36389
35247
39060
43230
4055
27688
46722
47360
44649
7432
23021
2916
45121
16148
41747
31311
48188
11835
44454
8833
8135
7252
3231
20550
17120
38559
22301
21452
5918
20471
40781
24980
43191
20423
28859
36016
25941
38127
16317
45362
27669
43766
17369
24677
41068
12106
21395
14843
42863
33881
45339
17752
29023
41134
17793
47934
9533
36121
30260
26261
187
35458
35829
2742
42021
37568
35275
38965
16954
42182
33803
4282
41081
30805
4141
26350
27289
37174
1852
17931
18950
12665
2069
20833
28110
6381
43481
17183
46842
32480
19798
46731
44285
10852
1438
21788
40434
6187
48134
36458
21052
16680
2870
16294
12228
22396
28
26715
31137
13982
49335
7076
26699
40414
10699
39302
48642
16272
38437
7403
14055
4841
19655
41442
4156
1446
27848
4467
49290
39449
29175
34552
9919
31427
25900
16944
9009
28568
2693
48153
32887
41147
26223
35037
17428
14550
37610
32934
23
8196
48707
35562
18037
26649
15936
38011
23303
44796
9329
25293
6699
22153
44143
10024
762
47144
4245
9942
20474
33535
42208
46063
1680
49381
40096
17356
16296
35835
25149
24663
39966
18550
27633
39633
49002
19193
40426
26094
38079
45396
7013
23203
24733
21844
14689
36582
36256
18620
43161
11602
16261
36166
32399
42146
46068
23240
7373
27756
38075
48796
46914
7728
48656
48854
38591
2827
17507
44132
31270
37919
25697
30367
9860
33076
36680
27753
39316
10837
17722
43238
45309
45763
10344
5508
5997
44529
39039
19632
5579
36925
24921
12381
11786
6141
31017
40802
31085
27446
3069
35396
40277
1684
4045
11310
35331
42122
28683
24498
33217
45453
48220
15279
33630
34207
23335
41783
47339
10533
9060
35069
19931
46559
26149
35824
4628
2002
33307
18991
38513
33008
35226
1469
29128
5473
7338
9608
29399
38320
33061
39025
33618
37458
24208
15415
5485
35767
6232
17007
1798
10379
3600
26919
5835
6927
11242
35426
45573
33789
43547
30623
44172
1725
9147
28233
10823
17309
4391
961
29234
40013
7468
37255
48168
18947
39002
42844
33777
13824
11995
48818
21124
11417
15290
16269
17444
37423
31451
31787
3219
18787
48734
14175
9729
49555
25036
26928
49135
19177
36474
39518
25050
27170
46969
28772
44733
30360
13020
4268
14660
48520
34681
39722
25887
32566
39187
19506
38644
2484
32889
39902
40014
16746
47655
11281
20754
4311
16338
20647
199
37629
17666
36892
4453
36179
35644
44460
38376
17216
1288
2448
16536
8148
30629
31828
38569
29291
3315
40780
4445
1635
42834
21649
20356
6565
27890
27185
26410
17433
3774
46121
1244
31130
46613
15765
34382
4200
38349
42726
5173
9760
28627
44747
28671
16661
28802
10262
26384
39778
13132
13040
45529
359
45175
7897
13407
1946
48516
47308
39070
28147
45646
46015
49805
34612
34845
49827
11910
28515
37037
43488
1625
12882
7485
11468
26255
48834
44543
32246
18059
47355
42570
18857
45545
5224
21768
15021
46735
3532
16155
41426
29686
26778
42075
45143
12812
5534
30374
47728
22461
7090
1998
38847
9708
7039
29345
47246
6386
33873
49174
41881
48651
33835
27775
10609
32047
43373
18100
26126
49703
6579
15064
36297
27039
1747
13581
2539
8038
33698
7767
48451
36369
44054
7246
46957
28455
30261
16457
8970
43961
31430
16468
16129
11304
27864
49293
49349
22809
38675
29021
24307
4253
20203
27735
24155
29588
36991
32532
42511
40867
40380
1105
8172
3844
16365
2123
18708
14539
497
41969
17109
20935
22439
7015
34803
18442
8290
41251
14956
27024
46812
38720
27932
28261
5596
29040
4032
39261
10903
3953
18215
32431
41276
15127
42176
10614
40256
23713
46022
46918
3527
31579
41392
45565
10235
4912
47167
1773
13895
8542
20116
25387
24032
35366
40606
36025
23529
27779
12502
49067
9299
7776
29736
14999
6369
1120
32543
49216
42507
22626
45945
37282
14066
82
41244
46010
22936
24034
43130
38759
1122
8442
24614
18791
39081
9839
8824
21407
37777
573
22096
9216
34395
25873
36595
46608
42974
5905
6584
11544
18485
9807
45473
48311
47652
29842
46901
879
35138
13658
44499
47784
28276
12613
37479
19243
2427
14031
12973
16298
28681
34679
22475
8913
29262
2092
40470
7928
2743
11843
8488
6849
26392
43252
7387
7598
5849
48612
40672
3507
9152
44008
26878
47192
7739
42207
44267
7574
9948
9892
3174
48351
41649
7548
39892
6091
32760
38895
13790
5417
30809
42762
37785
322
47122
40114
3716
49444
33514
18166
45988
13032
19844
6061
1575
22823
45351
10976
37827
9779
47348
6133
37390
13766
10683
22734
4353
30161
7175
21020
37608
37531
42561
43721
15486
19799
18228
1137
13238
2651
3990
25844
35062
15519
12102
23421
33708
24393
13801
22893
28730
37285
33156
32995
45952
30514
40901
32044
36321
48932
2915
2468
11356
12350
45228
3558
26027
23876
41870
6459
1841
9781
8564
41342
34010
36590
37984
9063
49299
32135
14041
7374
32618
34538
30705
49495
16154
21700
3634
43292
4580
28846
11425
40787
43771
177
28757
38160
43874
29284
11827
7634
47793
32645
37855
16640
17108
21799
37424
1282
16197
18996
25762
10589
41419
32316
30345
32054
8006
42873
17484
20190
36435
20985
13317
35401
46588
16025
23835
21306
10916
15497
9429
43555
36251
15485
42429
4939
38351
21428
42274
6607
11220
26997
49761
40293
37151
37792
10171
11308
41672
21354
1919
12200
38179
36995
14240
29026
12998
14095
29961
4150
11505
30722
7926
28806
11905
36004
3480
25723
44290
41877
36294
48340
41323
33485
5914
40542
9336
21328
43004
37436
10143
24833
8892
31709
17409
36834
46668
44195
21028
41430
31463
22944
11841
11597
29887
5708
33993
26479
30911
10818
46658
44257
22611
30356
36225
13367
10496
32083
17197
27222
16040
34052
5889
532
24718
3866
6069
19980
465
9386
41789
13120
49213
4124
42111
8764
6938
35610
11330
14316
42013
4561
13707
18869
44319
10991
33772
24006
8503
418
9812
27085
19181
28906
29426
27727
14555
32741
44356
32154
40630
46984
48673
25105
40430
34393
34067
49287
19875
18607
43458
11938
36409
27898
42759
46499
2215
31492
47082
21233
47539
13655
4538
20800
21364
7585
8594
49296
41285
15211
38426
15046
24413
20110
10220
2810
2583
411
8922
1665
21778
28057
5439
7777
40265
19959
8448
32902
11651
18877
40217
48985
23837
27654
38557
22252
35478
18325
22105
33438
41130
32291
9059
10984
19573
18320
28981
35319
29477
27232
33191
43816
21264
3826
27269
28060
36531
44643
8969
10669
26359
22828
36557
34524
33703
44287
46771
47317
49387
441
31328
8627
39654
3942
36798
30992
34323
38780
7997
34683
40352
25096
45554
11622
23191
44955
5711
18579
7151
9810
45604
40683
1053
42347
20796
45551
27935
15608
49959
34376
31186
27492
14056
40592
23994
11372
14195
7027
13258
21481
21416
7047
29733
42951
21316
5781
20158
25856
13775
23870
48867
2471
43391
15468
38141
21864
34180
13052
3073
47382
31736
39257
31538
7419
4884
37812
33575
42502
40841
20095
12725
49603
14694
17152
18829
31967
47941
39970
1025
21259
36614
49208
46255
34009
32089
1682
23974
24198
25639
36696
6961
33062
48743
6700
24252
39842
34718
22501
14567
14527
38609
42587
11263
37713
10990
25499
22502
11659
31674
47074
34934
12230
21488
5218
17088
10776
26536
42705
6757
37526
35795
12752
14562
48576
17646
37753
34912
8723
16163
12170
19279
46756
23136
9199
12853
25826
38902
30192
25768
34314
11964
16464
47715
42231
22455
11529
35506
18324
11005
8181
2008
2512
37303
29927
21750
40603
44774
25570
23617
44079
17651
3400
24162
15564
40974
12206
26123
48877
34367
20858
34875
2503
32369
12856
37802
33825
49313
8487
10087
32587
48717
28605
37657
40871
9825
42568
41460
32275
34879
40006
32434
46579
41145
4161
40241
5112
24934
18016
29623
46801
46046
12240
35342
12845
31301
25592
29333
26323
35650
15420
11734
23393
6008
28928
2347
44149
33262
35763
41030
29614
49455
18584
5506
44809
36277
47288
39960
22133
39689
19539
8519
19128
33251
16435
39206
28387
35540
44164
39661
2223
21685
2477
8315
10377
1060
42131
18928
35512
39909
40858
28178
15416
17598
35014
38708
36539
2585
38940
29932
26079
37216
45065
49247
37397
4768
11418
45639
4776
9853
37319
26538
17362
6875
29314
35329
21958
973
23989
25780
5649
45505
21489
22892
41234
14675
11826
11203
5529
9413
35431
48501
42804
23927
1014
9604
33966
26548
15464
32537
26389
4004
31348
29726
7799
26397
28095
47251
48377
32298
1502
29468
37515
15002
22183
1911
26767
20870
35620
11615
33771
7536
15928
35348
15181
27920
15327
28701
39748
32199
22292
45833
37521
11248
27517
34042
17112
12674
41175
6707
11954
35144
38601
46516
6047
49890
919
4927
12233
11162
43709
32746
30357
9292
7097
48409
30829
26107
6660
16393
49725
29606
15500
3467
44330
18049
28257
6195
2819
33441
19269
25926
9231
3132
41868
37933
11056
3224
38834
17341
20126
19447
35730
4872
49922
44582
47827
7948
24641
47432
37581
35791
32490
30654
8675
20825
33640
15596
27650
48857
42516
24893
31
44288
39514
5151
6663
10766
13430
698
30426
5188
35697
30618
46289
45534
22593
13279
11223
23454
20592
8695
45163
47580
48890
47613
47677
12798
48505
17223
34966
45142
26037
42624
17272
4378
49330
37056
10550
3126
43452
31074
40986
32250
6034
36403
1276
22581
8992
49046
8522
26978
26426
43536
29428
3814
10638
25608
18449
39246
29013
28879
32458
1103
17703
48962
42307
24141
3297
9415
41090
26945
29054
38173
12839
34198
41258
11613
26725
29697
3561
21063
4795
48564
41279
19205
5250
18301
40113
3670
47435
24589
4340
3141
1671
21945
40101
12671
5323
43672
13243
33024
25375
7654
3615
4103
25513
25604
39348
28459
33679
427
65
14663
31354
47464
48562
2659
41029
17820
33360
48843
38510
15769
9762
43278
46782
46769
12586
16511
7877
22076
37455
20559
34637
44539
9550
42685
27916
31584
36818
979
14198
4772
41311
26669
47015
24793
37547
25064
36086
49828
17436
47822
9609
35685
48194
38700
26623
9650
35996
49753
45015
45973
48439
37111
9337
7721
26705
22590
41823
45057
1147
36776
9079
34093
15989
23712
39479
48130
14444
39763
34079
44538
36809
20284
14150
43842
28967
2001
27375
29962
42935
26083
45744
30998
36564
43498
40778
26727
3590
36691
48841
26491
28173
9260
19296
14617
12122
7102
12477
11477
12744
40553
37322
20290
32797
1395
19295
6747
37051
21651
9630
16267
37275
25173
42925
23999
35080
9515
19370
34224
5876
29898
39342
39628
36222
19426
24633
37534
40927
27574
41024
40880
37539
47766
26402
47904
38201
16728
43363
1034
45267
46172
18728
46680
4250
38067
36993
24134
33253
3113
39694
1184
29592
24286
6716
3500
47825
40273
44559
15319
13892
3023
26704
8946
34643
41726
31254
15560
43256
22454
12719
29323
34591
47018
36342
19924
15867
47751
2644
19032
17288
34374
13819
40710
45865
36791
27819
31803
41051
31811
7129
37490
28590
12020
36064
33363
28167
42580
23318
22318
16648
14327
11503
6551
13950
20997
4764
29861
44658
25316
1788
5793
39809
26073
25598
23680
13316
42214
3630
47236
2763
1178
44581
8441
7636
6291
34036
3039
28533
28094
25920
32269
15575
22118
1393
41320
24041
2809
26690
35135
34058
49153
43203
2391
44996
6045
5030
46634
22132
21968
18024
42740
15738
4817
45380
33152
39451
39753
42203
10334
11181
12761
49957
48450
38441
1729
48866
47017
34727
26018
15162
45454
19153
35339
7134
18799
37686
34470
8073
43716
39564
20397
4998
3798
8777
22662
48284
24112
25675
14006
40702
202
27231
7845
39065
18590
17295
32595
41736
30951
21880
24727
16017
860
45295
39138
8383
36028
7341
27199
21928
6996
38411
1927
1742
13678
12113
44701
550
34372
42031
26687
32813
30259
6247
46605
21460
32550
33089
40100
5497
5036
2278
26651
2570
14793
21170
26542
8829
14208
32282
12976
41345
5992
38884
15801
45487
39745
3168
35677
8112
30570
41897
29803
39313
45780
5903
6697
9268
14542
42494
8008
20649
43895
16890
34486
12736
23270
13693
49172
13412
15652
19096
3770
41883
18986
2461
41941
4033
39984
30519
8799
21729
18051
11696
33997
32832
36444
15824
24142
7142
14803
1475
33110
34758
37730
33619
19045
18337
26948
20168
24725
30791
5545
1525
12562
19257
12253
35617
22278
24186
15013
26430
12229
2774
19046
24489
45977
10268
25552
41395
19112
25572
45465
30276
5385
16506
20289
6822
14017
28239
41986
24135
8554
27512
15907
43314
10394
19503
26716
20153
37449
34192
11199
19344
40572
26220
9274
4295
10149
15875
17551
26196
4206
42380
12301
49571
12705
33795
46320
32667
31041
35880
11630
16952
40998
48963
326
34688
36425
8144
34641
16569
25669
8023
45749
17552
3979
4229
8243
12109
34461
41697
40921
1114
23271
49532
30149
36587
40253
39460
26882
45116
13627
26656
3476
30787
40962
44299
36212
43908
24598
37803
49032
20325
24000
3212
44553
44407
14933
33534
17657
9783
27065
15454
8058
45200
24755
26555
9828
34737
18028
33810
44555
5813
43655
41725
22633
24766
16097
17124
184
3202
39270
2894
49587
30626
28488
33237
2647
30729
43416
20586
2783
40741
32861
18939
11517
9869
48366
34225
32188
18821
31247
35391
37774
39345
9696
35768
49985
10439
17093
19146
18997
33032
7547
24842
20503
48146
9816
1694
47628
41344
3752
24350
42169
28769
6440
45819
12480
46938
5313
38394
48851
10809
21136
47569
45251
1587
43891
756
2170
1964
44860
18109
10790
30206
46222
5254
35831
41541
27665
4682
28990
40950
9688
42967
5858
41698
14452
9157
13455
44466
28032
43137
11686
8925
35974
21763
17115
17017
6131
49235
34412
22225
5477
36195
35325
15827
4861
35630
39774
33320
3327
15761
8286
46288
43898
11783
33945
3463
8862
38055
48219
31413
36705
7417
34967
15057
47045
8309
7560
38103
5966
30466
35092
24611
19369
26596
42350
47661
14035
39734
49546
20692
18297
29169
40040
11282
27846
29430
14129
49461
34921
38947
10316
29692
21631
43164
38777
34791
44431
34096
17442
47511
15025
28484
7107
27201
10076
4799
13880
10325
5560
7113
27549
46006
34933
2303
47193
11232
500
24779
48512
44265
4147
10088
28300
19635
41100
24029
13381
7726
2064
8816
48467
14787
29457
44611
49127
19334
8692
12953
13702
12836
11757
2963
15350
10287
47032
12619
18040
1400
37468
41105
6391
46983
10768
36457
29646
23390
22870
27991
7
44491
37728
47672
38200
33011
47802
6560
21676
26989
14180
43544
46075
10947
35460
18159
31196
2895
15808
48535
35186
39212
16405
6129
7785
40094
15513
22336
6127
13703
29481
38577
42141
18378
45247
26814
38503
767
16808
46851
6348
24306
14318
14060
14466
8895
28920
35951
45668
4759
46845
27025
30611
13433
43821
26918
15159
8979
37039
6763
4999
49637
36860
45369
45525
32320
21852
48270
15806
30893
42355
22030
3002
21281
16049
12863
49859
30924
24899
6298
46862
36964
37042
39425
45109
41213
49814
47313
17822
16461
27843
43614
7109
12280
12676
31525
42513
22368
37222
27508
36299
21455
1283
9772
221
34625
47591
41126
11990
34729
37645
40213
36436
16011
16522
18535
15809
7021
37170
4127
1331
26458
20331
33849
17814
46412
43770
34212
45139
17543
7198
9483
48124
33404
36160
14345
25204
31845
42286
15364
1124
8749
28714
14455
31481
10516
17672
25599
31250
18063
13168
29449
49447
42222
46802
22797
29782
44328
45974
46715
45203
903
27929
45113
18307
18576
9221
43284
7237
47667
13359
18945
34360
48977
3906
4025
44462
30382
28397
44388
16523
3207
28669
49769
32042
32107
15911
12321
23146
25508
13552
9563
41619
13209
29060
18027
34005
24821
26944
21307
24167
8077
42465
9633
9463
44442
13523
22372
7010
27090
902
7260
13776
185
37656
7381
18124
14296
8714
25869
4732
3052
16384
15130
2635
8681
16305
7863
44027
41997
12083
37790
45881
16577
12529
38715
26578
7512
96
32616
39667
42490
16712
27540
8169
40396
16321
47063
18853
37902
43610
38717
26511
8927
22562
19183
34589
12614
44898
40191
13829
48395
3891
15592
35886
43012
12292
37795
17912
34274
347
26733
15637
33403
11100
8301
14315
30823
1104
47962
6808
37291
42500
12133
11035
21894
5375
16226
36779
38723
10408
17321
7006
43943
26607
23667
30752
2787
31260
47830
263
38556
6182
4506
8972
3412
43331
21841
6093
49695
20441
2670
45923
47831
19500
42786
19478
35787
37838
35976
5221
35476
36059
20414
18122
3217
44049
5167
38157
13914
49295
11969
8109
20861
43043
47836
6237
49663
23759
45902
39292
39513
34404
9007
6100
12110
21480
18688
1714
1490
26665
19650
20211
32656
4923
49681
34798
4876
27003
22279
18394
10030
24877
16927
8974
43921
3599
6985
2552
19232
27895
35199
20452
16125
20780
41818
2129
40957
7849
48523
36150
36280
32398
31027
8898
38856
7635
36793
43352
38971
47888
8788
5586
47004
20655
42890
27233
22199
42515
24415
1123
23293
37418
244
12327
29682
2385
2751
43830
47309
42109
21117
25381
30006
36534
32400
14861
44477
49947
31682
41779
40703
12462
10979
13918
26376
33582
6788
46080
25512
22295
1953
23029
41391
44253
47256
35050
34216
10509
22420
9556
10636
4158
47203
40655
1195
16403
35738
12406
25421
11561
23150
6032
23348
5458
18239
40264
31539
8002
33475
45400
35036
32799
42747
48221
46092
44781
11730
17699
4325
15700
46646
48759
10196
4996
4496
41879
35959
35542
20283
18926
6397
23687
44039
13376
27948
10608
27236
16849
19158
11078
45101
8512
47907
1356
31449
16096
42392
21547
5222
28148
45017
13125
35722
44752
21535
48869
25496
15391
7594
18846
36200
35003
49783
38023
32548
3356
39338
20068
43215
32883
1072
27313
35819
35079
17933
44115
3131
49577
148
26017
15662
29443
14536
2658
15023
34783
281
17392
25875
16656
49182
15039
2537
42734
19680
17348
48935
46065
38725
20656
15136
37480
47971
30379
27345
31098
4116
43718
38622
26696
1175
21798
18645
2918
47085
35311
47480
46874
38731
43296
2584
28505
12889
45445
40139
38699
34652
25605
45743
17921
33095
21792
9687
13833
13220
32839
31641
6855
180
22098
24447
40297
22477
23641
41389
605
2520
27386
11831
13256
18210
49722
39579
33606
15731
9198
2755
48667
21926
31910
6110
43219
16424
45361
488
45000
43061
20630
47984
21425
8710
29466
21207
26050
48241
45170
49518
25531
16527
44704
45726
4330
22616
12550
49483
10259
23869
2218
31014
49687
19828
38514
36184
42226
8036
26862
44052
31562
15680
37964
20969
21806
18513
4814
9787
8265
29421
7057
9679
47215
38515
3851
5208
2412
10173
9747
48801
43509
13799
44307
48924
15410
27393
26287
46260
19245
20081
33350
23512
29656
30977
10670
22195
25782
2100
18593
14667
39747
32534
6300
33744
42171
10315
17039
45292
30300
47237
9085
18642
40157
4698
34478
40334
45245
38888
17520
7048
32137
25616
11137
12600
14
40263
2590
5397
38199
2553
6552
43151
20301
10828
2650
5736
37487
46852
24037
46159
8748
2143
11638
30882
137
43218
9955
42466
6050
32287
49755
45421
9834
557
5395
5381
6597
5432
24698
38893
21440
39190
10433
22028
10807
46973
43778
18774
15409
49785
26563
14027
38563
25975
32235
49477
15446
44464
7749
24274
21875
2006
31010
27147
10096
28323
26603
28550
3730
46153
45896
31535
40833
10647
15893
5317
19601
21707
43518
27479
26205
27044
23790
33151
35535
6462
10044
30432
16302
14350
14656
36374
9698
6980
16885
45595
38778
3362
26524
32695
47055
33348
21506
17839
31680
28435
1457
14825
16076
44340
47178
34082
38652
10198
34519
44322
41388
21667
35909
36607
37818
16914
30732
24388
40423
22462
30121
5241
48296
32341
10854
30691
14359
4332
31632
17401
2456
10709
49333
43285
13803
43364
43574
35852
27979
9939
27368
12692
37310
27419
12747
8713
794
19852
2885
2746
14434
25848
18073
25159
40428
6108
12867
9320
9435
17506
41629
45806
21637
24768
10049
4410
49853
37117
35914
2370
33684
28404
31950
28731
8081
38380
43632
3337
24116
46779
48119
40749
22737
30166
47274
21892
26439
29384
45561
44036
34151
41332
14333
33392
1618
43517
17670
36805
9565
45522
725
47482
48160
20339
12680
21723
23101
4441
31422
2656
44320
47134
33592
23251
19265
39207
5120
28403
42824
25334
30481
22974
3482
24513
47762
6638
41945
9538
16081
3366
27250
8547
30363
13415
24352
30488
30563
26165
31902
16576
28773
14882
1074
9327
16024
45682
46815
42538
9165
38695
29488
9645
41842
28544
14128
1052
13023
31931
20615
1565
24486
19630
24638
25073
27028
39610
7572
49260
24085
39309
4812
13559
2387
8274
32751
48995
10938
26718
34307
48875
26556
37846
39684
45756
34057
42425
30581
45750
26470
35486
36066
25888
32110
34662
30198
18823
38
8907
44080
4396
2771
39716
41952
47514
44363
7201
11479
29816
16109
30305
18303
37609
24065
39910
15855
8670
46706
30741
3169
10945
8845
25809
3726
43953
32828
43440
33637
17848
11259
46206
574
16099
12243
34974
45016
11726
24179
36271
30313
8136
34994
47462
17633
6653
4416
5050
39495
12805
1127
15483
11006
43522
30819
35910
18891
11531
42902
48239
48400
40695
6048
15193
4377
34113
10921
49397
26835
15014
12192
18253
28567
48956
19213
9767
29695
16722
34424
5195
16410
46876
36230
40335
6055
10405
5897
14981
3145
23893
24999
2379
48550
34796
39263
33894
42272
38371
14362
45504
10362
31361
17031
24026
45399
14979
22822
16707
28663
5863
27797
29185
43790
32176
1344
24968
23562
22622
37465
25485
1434
29639
4240
44009
15996
36918
1591
30784
39351
24868
48053
19050
16304
17967
26549
23152
20593
14283
46775
26477
11036
24751
39385
5070
9471
24443
13466
39752
28980
25422
40347
49600
32705
1358
21108
22433
34337
28617
32213
13444
17808
35473
49440
24915
40309
25197
46895
29002
29107
26774
5374
6578
45664
13985
49391
25343
45260
37988
28521
20218
15649
208
7038
18316
14441
11374
45737
39952
30115
15862
14482
43698
16135
6271
8164
31868
17677
40248
45871
5976
10512
1143
40390
35502
47873
25119
11262
14410
44519
38281
36288
1505
9943
15491
23171
43869
45843
37396
39562
40522
14447
15106
48692
28168
47427
18165
40919
22126
7303
646
3925
37131
43274
2618
13428
27740
6285
8351
17591
35077
35946
7043
18177
4606
2690
3572
23681
8056
11869
9158
7828
20523
25355
28651
31220
7084
39012
32084
41164
28031
3342
17413
13055
27558
37189
33497
18160
38246
36088
29804
32444
16700
12382
4362
215
25761
36090
24679
8155
16551
4722
39714
43980
9591
22374
35220
30087
37237
46333
31742
25666
16098
24576
32569
42434
11999
43876
41514
39200
48275
16190
41851
19102
49457
11365
34087
38126
44403
47477
21047
49545
35572
49786
12450
19335
9128
40178
45215
43196
27778
39175
17296
18254
26971
47927
21955
12573
20077
46040
12535
37095
15691
21245
20517
14932
33654
46503
18937
17777
17578
41231
16489
4125
41378
44137
33882
34914
22441
32092
5963
22091
30758
8996
45258
43320
39279
45875
36713
47953
25304
31968
33518
30797
20195
47370
39669
35081
19890
22380
46099
30442
44067
25774
18179
24217
2619
42035
9540
5561
36811
4348
27350
48953
39310
28361
4919
45393
18850
34162
39255
15817
10308
41638
42339
47540
46306
40298
31416
46042
14728
39744
29480
25610
49857
12623
48800
25863
21004
2813
28304
3911
26634
17202
14769
23706
41001
27100
41088
16192
10796
37104
4758
33646
31306
47295
9530
33415
8321
9576
4648
35482
41094
41511
36244
25419
45936
6492
14033
47299
31345
31114
43519
12365
13996
31483
45447
20941
8983
19880
581
34769
38377
17426
43642
34378
48967
798
33437
3932
24371
734
48715
48555
19684
9660
13268
15221
2606
36679
7593
27084
48537
12158
43009
4380
31319
17237
36528
24466
44540
43245
29236
12879
43978
12242
37384
5661
10617
1581
7931
9013
15941
33235
26302
31106
23439
43562
17222
5718
4272
44400
27673
36523
28593
18279
47303
31042
27435
6969
35618
41605
24137
34418
1346
28179
24031
32516
45029
46223
36882
39663
8651
9123
10777
6655
7609
29142
14991
32333
38245
22287
14643
11972
19811
2876
24689
11576
42853
25383
374
16322
31867
31598
13050
5035
10145
7188
27967
21720
39396
19025
2610
49931
47976
45297
11398
48548
33865
7712
38382
44013
3193
42842
35106
25440
37032
18006
30355
45333
48447
4529
29127
33181
1851
38891
8414
675
6223
26910
40221
14193
29570
36217
20304
21160
2251
30755
46138
15819
22111
24894
46924
6161
48950
16082
48300
6033
35635
16526
31122
5691
31946
2535
24902
1791
47283
23007
40648
38478
27703
6423
35326
25150
31038
16763
2035
23036
20948
32768
2066
32201
2745
38885
40292
41630
31356
38646
40584
28084
19909
13661
24571
25412
22490
19675
39162
693
26412
43358
23431
27651
7796
29662
16610
4393
4676
45133
13572
7935
19385
2039
1063
44235
12518
6330
41829
35519
13714
19849
26616
49576
20091
4733
9461
32454
45591
47635
40
12343
47148
29731
42199
41974
14799
6975
26739
23012
37816
14358
25743
43051
34284
25885
35944
24467
21332
7663
47739
21948
14863
10794
43558
36075
16694
265
45431
49640
34051
2752
35652
32859
7333
27459
5358
25976
13489
9144
37598
10449
49376
35404
22391
39243
9507
40965
33185
22509
2803
10767
35338
29542
30577
42302
23506
21811
9021
16594
39463
5666
28293
23615
26728
35539
32409
9676
19166
22770
30638
24387
26332
38025
11401
26674
22728
41899
21019
9549
35440
36112
24332
47035
24463
10742
35691
30965
46338
24072
39194
5795
23858
18778
3100
15173
45069
36631
28531
36911
2892
42611
128
29360
15390
45164
17824
43991
1600
17517
13285
31403
18453
18405
4130
43032
2886
37799
870
11471
27029
30521
28344
32600
2436
1960
24735
26054
4271
14122
10047
4148
31440
36912
1479
17700
17901
36533
37997
29835
15389
47210
7379
941
11442
31229
1991
41728
7886
13413
29946
17218
49024
19796
7870
2294
19495
1468
42837
27361
18349
4988
46908
27733
12504
42322
14111
24121
48945
6373
10453
37232
24997
29168
19887
1
17973
735
3279
40585
2045
18
7030
40395
5091
16287
43715
18701
39108
36755
31469
32223
10831
39441
25609
30008
21454
25466
32742
13524
21885
11857
14184
811
20310
1561
33496
14209
46872
37149
15061
44646
46086
3564
30395
23655
19882
38880
14048
19570
37370
13117
13474
6995
25393
2731
7386
12114
13409
26588
33542
44031
42691
39543
29200
44353
29600
18703
42629
7810
25732
17062
46119
12831
21921
16796
39821
13212
10477
25456
33482
24531
36456
17410
18443
40816
41136
482
35143
47950
13945
26030
10760
33368
24125
38115
5284
22898
469
32209
38191
15041
13687
2360
38645
13116
47069
48479
36047
27194
47239
1541
32259
18982
33440
1262
49604
43927
41572
44960
21165
20937
32807
9023
10003
15248
14353
2765
2779
31372
14780
42134
3440
1588
36549
42255
3704
15681
14903
17089
7553
10425
29393
13583
5864
35921
10158
47039
47157
27287
34386
4074
35725
26252
32274
4560
22517
27043
44635
22162
45420
49918
6021
15402
10708
34261
6702
9934
9170
4450
4187
32551
48230
3661
47375
44776
37260
45599
21235
18541
42181
2264
40179
21405
47179
47674
21227
42358
28460
41215
1669
36054
46193
20662
9290
24172
49818
36214
21400
3436
8121
1112
47921
44665
38436
10676
18663
29710
39751
12962
18085
29881
17928
7062
20585
29108
38919
46650
36390
25037
41019
29274
9675
44532
24159
5159
27619
42205
42706
1889
1657
19406
9442
13386
17105
19542
716
27722
24643
16268
44945
33039
34309
12776
3970
19374
7889
39655
39164
44596
42326
13112
35148
47396
20590
31766
20974
17876
9577
44797
47073
40676
23342
21445
201
41489
14637
16161
48719
3869
23841
9378
18102
12661
25532
29458
4387
17434
39492
30323
32175
34684
5329
21080
40869
9723
25176
6265
33487
20543
1272
30786
36917
32021
16325
15534
39937
38853
15003
37505
41464
47528
8332
12739
21697
37829
22332
36373
18385
31208
41542
20483
15299
21378
13727
16130
27329
24249
29300
1161
45787
47557
37050
24220
8398
24469
22355
18475
34711
8483
39264
7986
40084
28115
45489
47573
41318
22190
10395
49520
20186
850
32146
27286
14183
32390
33998
15411
9272
18961
39834
31242
21187
4385
6948
49885
3917
43634
31939
10475
28516
28368
49674
39769
46720
12449
14926
18198
36001
19892
48643
25706
32593
1421
12961
22107
17754
9824
30952
25644
1075
6216
14221
12053
46204
9899
11324
43370
28468
915
23968
26177
9791
41432
25000
20757
9138
1605
47757
25269
9312
10007
29634
30435
30385
26427
21258
30255
30471
26853
23128
2799
11178
38485
14950
12471
35778
20544
32053
19677
32749
24278
31487
49519
29543
20911
17200
37304
4318
44447
39683
23690
38545
20867
5783
46709
787
29225
44174
5240
28187
40623
3959
22560
32370
4115
4039
46081
10569
18446
45623
42916
458
45751
47366
22595
16447
45785
47128
18705
41983
33205
27020
39424
19446
38818
41635
25865
10645
14924
21064
12259
12334
4967
8128
12409
37712
35521
9431
17254
12958
11525
48186
414
33266
12120
29001
4016
38785
44313
48477
30751
45436
39680
48745
12931
31199
47954
34691
40990
20999
25356
5205
3277
13777
15275
28376
252
6003
6010
12162
5319
48829
9091
3681
7994
40146
6936
43578
21686
41354
30197
41034
38192
10240
4613
40466
22357
882
633
4943
5727
15529
45242
49156
4258
24471
11607
4877
15923
48769
8424
1508
7440
33345
20881
43662
5558
44028
29483
5460
17477
18458
32036
12643
36201
17144
22692
8674
22422
46776
27821
33593
24039
21997
24586
17714
44034
2359
25454
24905
47811
13084
24948
48334
1260
37595
47320
40906
8563
2057
36129
21819
5259
46201
30022
43038
17881
2652
22120
28374
29422
17244
20096
15651
49056
3409
10937
20878
46879
1537
34108
18367
33648
12585
16562
23935
11080
44902
38688
48317
1046
32424
39506
23247
5445
19160
21018
41565
12920
43838
7273
9797
25797
44393
47774
40897
8844
11616
4515
24247
5572
22268
22534
37145
44025
32229
1302
29317
11917
37481
38332
28898
23750
38416
1308
11172
31253
47942
30987
24966
8887
2581
44823
29158
9611
43508
7430
16345
18431
30774
41202
36197
36810
10374
26849
40521
34886
7763
27210
10700
9963
10474
36824
6652
19874
18989
11484
22192
31136
29270
38237
20677
40845
23786
4327
20157
13960
9870
13305
23377
20533
5895
47668
3458
569
1407
5620
4284
6362
44315
2314
41163
34773
49972
40001
20724
31896
8557
16103
30709
20742
26955
9876
12964
37688
26338
42025
10215
45275
44606
17913
11295
43713
37185
25295
13531
1563
29032
11818
28298
33915
25185
43231
10271
49991
22131
14233
13069
3335
27009
40868
19682
29644
42746
35575
7121
30818
47560
49401
13993
48207
42206
24564
26753
35928
30368
23817
46629
43210
12754
37250
12516
49433
16123
13495
34730
8724
26142
43606
21366
22139
46417
30378
25457
29091
29643
30185
27377
27600
26595
13639
23131
41059
8194
26361
14876
35488
45704
30143
2789
9437
19652
28295
1373
24123
48108
16857
25458
11427
41753
18800
9464
14670
23602
35158
29768
10037
31401
29818
41727
22620
16387
40148
32150
44754
15576
47155
25348
40374
44933
49491
25301
49279
37454
31224
42524
1298
4845
47279
36939
2307
41176
14715
7841
37156
25397
3829
36878
225
24984
387
15314
44848
6803
9404
2519
24273
45417
11136
40540
1145
35015
33951
48045
4269
44877
7299
3717
20812
35857
9396
10558
36494
18862
34640
45592
16108
45273
28871
1659
28762
43124
22013
12737
41106
12057
48420
4172
33135
19124
10034
45981
25646
3699
42215
13150
30280
22946
11504
16437
22371
10009
932
37277
2868
20836
13791
12385
33006
43443
2691
39126
28969
9356
28712
24308
40326
28571
15844
4418
5480
12090
25433
2493
14985
7302
7166
31380
30734
2340
33963
8331
13159
32635
36357
5670
13247
25881
7826
7111
45429
45470
18659
18773
35145
18666
26097
44624
16810
10969
21456
46368
12017
4359
32017
10416
7555
7497
41786
4622
14613
43448
8447
29435
2740
25918
41061
684
39331
16609
31996
12419
18225
24716
27109
27256
671
26818
17867
42818
13427
20300
41039
37391
45738
27712
16921
43813
40748
16134
39240
9285
10219
2934
26343
24366
46419
25554
11604
21677
49650
15755
311
19035
7624
13503
25002
47967
48891
40175
41971
37431
13549
32459
13344
4782
20992
14521
46788
29966
6466
14058
2931
44639
24303
33342
11685
34340
33317
28430
44838
3437
35243
23054
47172
25225
19854
3094
1833
35016
3143
49858
42005
11362
35573
37440
38501
20128
5845
12326
2729
34574
3613
44831
18822
32612
20048
25481
39955
31727
36783
21071
6837
32194
1562
32144
5400
24712
28518
26493
27940
41048
46549
12979
29354
8879
20993
18518
13169
42153
35808
25834
34189
34861
37689
36897
34560
21008
42914
43484
5961
34069
6474
38741
49462
31486
3842
23483
2726
26496
12344
46694
15693
9266
23967
16137
22174
4291
36338
47853
7628
29356
25484
45463
43155
29798
49280
40187
10175
39552
12659
32615
6536
10970
33980
38674
11824
44764
22876
7064
19100
20426
45776
46691
2542
40769
1989
29171
9756
33249
11633
28882
11596
37617
24522
39304
10137
44773
6355
22627
14312
35076
11914
32651
40690
41713
12353
11298
4548
24566
36921
37230
1813
20072
25216
21422
306
825
34677
114
11044
6259
24455
44743
3877
36512
3992
47894
1337
16894
34333
6163
29605
22264
5346
41485
47302
23017
14854
13147
26308
17073
12096
5947
32748
45373
28205
11627
47161
20395
6283
11993
22499
9078
31091
48233
26711
25392
44916
37618
26448
6171
5840
21745
7832
45609
47944
1933
11878
11754
39422
16306
12755
10565
27113
34720
4170
40230
4654
7844
38499
23485
3472
39951
445
20609
49369
48704
35365
9453
26683
33290
37347
15242
21662
19967
44216
35285
20305
45812
43372
46792
25969
8740
28235
32166
39174
1808
16516
37340
18094
4287
23227
47140
4180
9692
31237
22781
3772
42617
36635
29391
36698
1450
11230
4238
28586
38736
32581
28697
40555
46878
48884
37635
17638
30494
14678
36312
42269
22829
14931
39590
6869
20545
35086
31178
33257
6333
8439
37943
35277
16181
21081
8815
5049
23402
35414
20982
48141
23889
24264
28267
17273
23854
17138
25370
37714
41108
26190
38070
33986
12194
27023
12599
37231
36126
36460
27167
28768
31672
40123
1362
15970
19451
814
9528
14154
42461
28860
49193
16080
14351
14711
32408
48411
17943
43747
10159
35913
16116
2673
29003
46436
21223
5388
37363
40202
19262
46538
25248
8719
26002
23187
34920
22293
9553
48000
26519
43463
39189
5934
6119
13017
4977
48508
26082
11660
35276
36695
19413
36732
47187
33170
20351
38132
12439
46311
1044
21153
11046
10435
23689
28690
22086
22977
31814
17347
13249
25081
12203
41909
32585
40751
20508
26612
41908
5927
6639
20044
20745
14915
35274
40397
23056
21874
5825
32758
11276
22842
26301
21095
42487
35867
36601
13722
10525
17248
41603
30029
21268
3133
29230
18130
16299
23094
48092
44762
23501
16615
29926
1860
27011
19155
6476
21559
41322
1583
11845
37155
14159
49539
43849
28299
41165
26129
2443
34260
46794
49880
28852
46555
22761
2613
25805
27646
39572
44081
38019
23639
15638
7699
6221
37725
6461
42119
38689
7065
39431
2760
48280
43750
34012
39756
49837
37069
39757
36745
31973
6814
17417
43623
28428
38738
14509
32439
38390
47002
31821
46821
848
48093
23375
47471
43712
27502
21551
33281
41961
16494
18080
18364
6894
41816
48365
27635
28343
32410
43576
15814
23761
39260
39539
5805
6754
34265
14722
19078
31936
45315
11040
38338
27913
30575
41085
7395
16742
25003
2686
17833
22373
4614
10072
29778
46100
35472
8184
19584
28723
43282
15217
30875
39220
41193
6725
34357
47219
34120
7687
46474
706
21462
18054
44056
9333
47264
49395
47627
44061
38400
8092
26309
9204
18103
14832
4623
22965
16291
12673
38760
25625
27461
42342
10450
25641
15891
10503
31519
9424
9195
26895
3882
4379
38928
40182
13681
20422
43786
36423
16472
4907
24
19661
8921
21098
30672
31231
27608
49448
25545
19432
26272
3206
18247
13252
27789
39956
35444
9965
14829
40514
41571
41610
10856
44591
6563
47102
24542
10929
34792
45462
15102
35354
23768
34941
3080
34410
34771
36890
46176
39383
34445
46248
47226
1096
14540
49864
9288
49968
33483
26055
11968
33078
49504
46407
28585
29660
20122
22782
8278
19380
36076
7883
7284
29979
48375
6199
8273
35607
1666
42094
27953
23949
4137
17228
34018
46437
43779
6325
43467
29906
35973
31940
22347
45987
12211
22103
22109
33718
42957
47935
7722
46485
35775
49710
40719
29701
14080
29630
26586
37828
41204
12305
22538
31710
31509
37493
768
21138
26003
10610
15587
2236
41592
9369
939
11939
12970
3147
41411
25234
45912
37970
9518
43333
24561
27658
21493
8632
17481
37826
33876
34074
38718
43802
30288
21537
19734
47416
12100
16428
14826
16370
6897
40306
18501
26466
6213
5387
48066
14782
9346
8508
33734
14373
8247
12864
37437
32297
31313
6318
47006
40214
23959
35389
43017
21161
8402
46810
30769
31212
20410
48
41737
39536
8809
28864
35175
49274
30438
31175
7367
4347
27518
6038
14595
22851
49901
6562
10366
11125
47926
39224
24710
35356
3048
26717
9460
2243
47455
1868
21731
1693
1867
21042
48110
17379
24457
40981
26454
20059
13375
32608
48458
10642
7170
23926
11903
48534
9921
33987
11446
11300
27476
10321
27190
46214
24360
19208
43317
13752
39073
4010
2556
30790
46481
9190
10208
49085
8386
608
37001
11624
16319
9224
2974
21186
42426
18004
1039
30892
25539
42178
48655
5535
45955
15032
19707
42730
28453
4280
20315
23619
23245
6558
26235
27527
24906
476
1059
29947
7340
33341
16731
31325
23584
33221
5951
13785
47324
27206
20768
23488
39640
32055
7888
13739
10675
7976
33850
37900
33208
11476
46960
8170
38681
24937
13477
13018
26161
28741
29283
47682
24931
13670
29095
1667
24584
8069
28813
8999
1789
23288
14237
15269
17766
27806
10702
48619
13219
13685
48702
15081
46711
21461
4540
22841
35395
8345
2586
39448
34959
1719
6613
11901
20217
13510
9718
12377
10002
37805
23243
48077
13129
43608
42836
30000
34890
21406
44207
38298
14608
16965
9863
27994
47487
14761
560
1237
25556
40875
417
19256
37667
26311
1408
28338
45390
34585
29757
22270
37698
42457
11907
47989
21656
42628
9975
29576
30522
18145
28243
44824
4790
12511
42610
39980
30701
37613
5750
33653
10370
34850
7362
36589
6039
37048
4952
4399
41575
21873
37672
18524
32245
35312
21435
33045
2103
28653
37075
49680
46224
33572
3951
34630
3148
31874
25973
28006
26921
48518
7812
9193
49501
39559
16736
16976
44412
13041
21825
23738
30200
14922
30693
21055
12068
14078
29219
23674
20576
47519
4457
9206
1433
45192
19099
34802
36483
17087
46724
35822
37535
21486
16072
28722
5768
36821
13107
37624
19586
38654
9858
48335
27118
21270
4849
8801
30923
7277
18628
28713
24213
35252
18091
22459
41919
3678
6648
3888
24578
38412
39762
18360
16374
31919
45076
46728
43216
3015
30794
38859
31437
21331
10514
15935
4878
7002
17955
28843
32961
40473
14089
13072
36699
36574
21345
47593
28017
21093
1552
24477
19320
16773
43389
13672
13253
46160
1277
17971
29943
9171
42323
23175
26791
3625
26482
372
27337
25792
36916
27873
20187
29473
20667
23196
21871
20070
9502
24301
19898
30932
17227
14990
17655
27323
39009
42828
31050
33848
21344
10298
43424
39986
10351
11258
25968
12577
10250
21219
10132
44033
37422
49474
39946
19665
44876
49326
30925
34761
20973
20014
32885
20133
13974
15192
7125
12688
11971
35298
45021
41805
49809
29046
46844
19965
46729
28313
4297
11718
10691
32492
30836
33394
20920
428
31955
11940
7306
48973
41021
20238
32969
36784
44424
46504
22358
16320
34878
17315
19638
42290
18597
33699
31673
33246
21538
11570
41362
32284
17744
39411
26685
16499
33
29902
40267
41611
38597
12767
42116
29009
7309
28165
38124
630
37312
19659
31932
39210
14090
38626
35545
6546
12937
31198
5465
48814
7629
31346
12873
4788
41544
48326
3348
35189
6441
30427
31280
38095
38383
15987
14916
13614
48760
48658
34247
8687
4173
12453
5988
47257
36175
17418
39921
2637
11629
29889
45197
14965
16063
42652
45201
11973
16782
16037
16252
34272
37140
29271
3669
5207
47446
35046
48989
17792
4404
33255
21596
6478
41052
26116
2153
46665
23827
13274
14967
34349
800
41854
37317
30103
32689
23364
12907
42599
7838
39888
18240
9837
14701
13529
20271
46762
22438
4244
43827
933
24896
31720
11495
31592
34422
11084
49136
31802
24772
24535
34298
20598
32840
38479
10216
42196
22559
11168
40532
31259
26598
33871
33332
23866
47895
791
38289
9724
46916
38223
13872
1836
14937
41731
16863
25181
19159
49087
9603
8425
45553
10122
19326
44124
28827
31149
19972
41543
37201
10375
20098
19086
23772
36933
24305
14485
1701
18903
34196
9701
9177
2343
38957
18042
37240
16904
45847
29516
21671
29143
45168
19353
22443
17040
47023
32216
46471
30032
4855
45464
42077
21629
6366
49596
13769
31628
15930
9303
47712
43027
27060
24017
11073
7326
37999
17204
9568
6792
8131
28088
28839
42575
41240
33526
26178
23815
2616
26110
19200
3919
31511
28739
1555
35008
42408
48118
7929
35216
17042
27335
4612
25253
30816
34064
26631
44360
44698
2119
452
4578
30292
16048
10438
21710
39585
7285
42034
49969
30239
11592
15853
29076
39535
49778
16060
30094
30224
37854
13567
2025
4248
19201
8694
21151
13094
30945
11483
15684
24187
30001
10577
12651
33511
36180
25516
42869
39410
1489
24268
5962
44851
30928
40993
37311
10910
16381
39965
21301
1497
26790
37394
39294
5277
49625
40628
39958
9082
14693
40559
1904
41709
12379
26890
27412
27401
42802
38022
25124
6444
44785
11290
43005
30411
49019
34909
219
48911
26218
11641
10288
29456
18762
30404
32430
26475
14753
25702
34899
35103
32920
20826
41695
41493
45014
43532
6924
41306
23802
20933
18277
39273
27406
14271
23071
26773
36050
26288
10428
11707
18963
37405
7251
13849
14307
25936
6356
8094
39789
24801
8631
35232
24595
47781
32163
36467
18605
1535
27224
28281
37021
23045
40912
10928
38335
40952
10218
1938
30631
44205
29590
20666
19125
19926
24196
34708
13603
5446
22630
36788
31886
41379
5152
37442
43300
2115
26407
16758
25564
44105
11142
45727
34881
13805
32701
30275
9947
29124
22700
20949
22322
22476
824
36547
31170
25497
35485
21546
39010
47803
27576
38530
30189
39933
46906
18864
40068
4177
14488
21274
46466
1185
14735
14505
6367
20851
41606
39262
30307
17502
18008
8505
43072
27154
1227
13575
26686
332
17871
18673
44448
11880
49563
39625
2998
44004
32871
18144
12171
45146
18009
28636
14104
30994
37575
24526
3201
45499
15975
35335
33689
40343
19871
17104
37415
12560
7631
28406
5196
42789
16834
12055
1467
26263
27691
19791
41730
22137
49940
33596
25030
6628
41800
39935
9618
2510
24432
21404
47637
2664
30043
37295
34312
15998
40452
45154
30018
22636
18003
28253
32339
41480
9480
8262
6198
35061
5509
11485
16295
25967
34818
2400
23413
7320
39045
2335
41680
19509
21276
29280
1149
27333
23389
19218
11714
17514
35570
1543
19409
47724
22116
47520
16537
24203
44984
39278
3282
24059
30163
32088
7966
2612
18463
30459
3182
28501
29819
40274
47987
12951
16898
38677
46371
22094
456
9856
5244
44219
25132
34847
27792
11721
7319
23912
35064
21959
46664
31035
24434
32904
29509
39560
7600
41558
16951
27852
19855
3573
27687
26327
43922
42849
31860
760
29799
44978
25166
47067
37663
8438
20908
10544
802
26508
42984
6646
44962
22695
5416
30470
6976
33905
44718
26098
10718
11765
27639
17107
2283
31501
44255
25351
20388
18676
9880
27900
11789
42864
47920
22256
6086
28535
19788
13844
2900
12319
32765
9050
15079
42309
5064
26096
39268
40015
105
32864
22273
23743
24192
15412
11676
47227
14529
1763
38433
43902
49006
22733
4697
35004
25812
39121
27827
44221
18560
47846
26207
8751
20864
8422
25401
6280
15909
48637
30375
24661
43807
30954
13926
45796
25825
45010
36034
47287
6548
22592
10442
31284
325
24528
36396
44874
10102
16039
5910
28610
13325
15479
12098
5268
20155
19745
11277
13134
49716
43163
56
30186
10836
25952
30063
22683
9271
20269
5925
3526
21834
48981
8513
9146
37224
13007
34347
45720
39116
19699
10905
48790
10750
1872
48886
47641
37847
17653
27912
27590
7069
33225
15356
2630
19673
26290
44470
31625
22144
49691
24460
16553
15964
31037
26171
28507
45515
37747
38901
29914
40411
28771
1426
12201
35834
30595
10666
20073
23463
47808
6568
42460
22065
21936
49746
48754
10404
518
23520
41254
6856
45960
21127
2219
38561
43143
24767
36948
24398
21168
38458
30622
9163
31144
12218
41361
43145
33885
7557
2061
17095
30651
14304
16923
13810
33638
5948
17626
36151
33015
45853
22426
13596
18920
44697
42337
22736
28434
46019
13806
37272
35256
10205
25276
48860
2408
11173
45026
47783
29470
34279
42063
22863
23830
37926
23276
32106
6057
17338
28810
45716
16998
19329
11608
13057
17879
12337
14809
27131
20680
37031
9203
18283
11666
18814
46263
24859
3496
20349
8699
12524
42095
44623
20171
16170
5327
30170
24546
41809
14256
685
11098
1318
41067
38742
20808
12168
5664
11961
5936
7620
5778
30344
37106
5643
45633
37236
30557
22378
7715
22983
36737
17942
20393
212
41636
49406
26821
33127
45136
13021
39881
18057
2917
29059
11311
5503
17475
9668
32868
12645
4257
4030
49760
49622
27288
26423
43549
929
33839
24003
38460
11090
46486
20741
44040
21802
1093
47476
42933
12726
18185
35658
6389
20594
48444
46570
41778
29058
3674
7827
27498
5428
8628
49658
46245
10040
46748
40169
1890
24218
2504
6809
47533
42438
31028
11389
32133
29785
41435
39817
30855
47057
1995
49578
3751
40978
17969
16584
46155
45581
2879
26103
31375
42053
18020
42417
2198
17894
39766
852
32952
16631
49236
49895
21526
20342
38417
47453
12773
34473
23658
28973
12835
700
11732
24524
25065
12517
36687
40435
14011
27793
22675
43912
30545
23966
49526
11667
22819
42736
28536
36563
7881
44917
16420
45555
32119
28944
36733
28656
9365
46619
18202
41535
10887
14019
39675
5125
34780
20774
34209
20432
23265
31096
46285
25267
24728
25772
36710
15780
7688
32793
19829
21437
30913
43572
27880
28816
33536
8977
3421
5098
21191
17
31161
10802
9394
9601
40300
5986
47410
15194
176
11017
13718
49784
43811
40363
18170
39635
38809
37727
21638
25097
42260
38491
34231
8304
6706
36941
17232
11687
18350
14185
6749
9990
38840
48138
13277
48957
42048
35457
36774
16696
26429
40928
24070
20038
38304
27930
18625
17995
12625
926
41211
22608
14814
36645
41704
22968
4376
10254
38959
30717
40959
4005
6208
21695
30055
35241
6151
45485
13060
12300
45972
20437
368
4395
30835
9854
11746
27283
20821
644
31056
46864
34366
10764
8870
47195
21639
13804
30336
30941
16466
39618
34039
24331
46824
49453
13400
44894
34292
19019
9275
10876
42613
36950
24356
40312
21128
34242
17768
44348
47183
19283
28540
7706
19448
607
26176
27404
48448
9167
31929
34380
41037
49014
32453
27800
2560
7450
28679
12935
10892
7962
34075
48542
893
48788
24621
5080
45827
27899
6885
5337
36360
33714
31654
46457
30237
21092
15450
42731
20514
32756
35756
32030
36859
13712
45246
17574
366
26643
39239
37049
45155
21067
2393
9871
22143
20412
26992
16517
32337
3863
15233
37136
47385
34302
31033
40403
26424
9263
5498
16382
38890
32101
13611
11093
36759
6252
5482
41283
49503
21787
20357
42128
7141
48626
31248
24237
29301
15212
26041
1632
37872
14685
29640
7098
46831
48746
24428
25798
32574
1129
49527
16032
33201
34945
46064
18640
31677
18256
36766
26630
14566
6099
28150
19087
24680
30894
37762
42995
17320
6533
13282
30075
17961
19802
1536
33578
27863
21216
20460
39695
12733
25633
38548
6263
9952
39641
35501
967
1321
27223
46104
47325
49155
4843
5016
5566
17695
8598
26264
42945
24764
8104
17856
2214
16208
45094
41390
15074
48536
19757
48122
10286
2772
31779
26080
32867
6719
34509
1313
2365
894
16300
36239
14131
27093
21726
24503
10578
19018
15030
47044
25922
35108
10289
13005
35093
23731
13793
33991
3226
42922
4160
36235
23115
21843
46186
5915
24851
1384
47332
1306
35375
39647
8469
21607
40027
40194
7230
40979
13514
35129
10915
37520
14504
49368
29337
20219
2991
49565
22272
14349
31819
17585
3581
17086
26128
27866
28964
25650
26951
20816
44237
17145
21181
36849
3985
26805
14098
33259
17559
19067
1899
15392
45038
27002
39391
32059
48615
8393
46192
26090
45677
22779
7441
43294
20900
30457
11548
7591
27844
43413
16214
21326
29306
27499
18827
7365
14348
48588
19361
31521
35614
23405
39181
25704
41290
32128
31789
43777
19145
15198
19668
11801
43054
34765
31735
22853
41794
15383
38267
41355
49788
40199
17241
45088
27405
2544
11673
46530
13668
40057
36552
32158
4409
28464
210
14038
47402
49928
5814
41601
13014
8638
48404
32554
12263
31753
9925
30810
17386
12824
44129
14432
24656
38427
8971
16117
523
41110
41583
2336
41031
43328
36581
12478
20810
34164
46210
6583
28402
2514
48051
49034
46322
4856
44046
33610
41329
29719
18096
21977
33231
10272
21438
4873
47669
14578
5182
23182
7633
43825
18249
8967
5693
48460
32326
28329
29125
7861
46290
46941
7184
19330
29744
8270
34138
29153
27952
37432
18471
13314
24219
1690
48883
437
12789
35253
35379
2605
39217
48257
11066
33339
36187
13556
6290
9241
18261
43676
15184
6955
39726
17002
18906
11097
14657
28765
31893
17947
18865
7770
10853
18665
22764
6519
20603
40336
37693
18236
34023
28216
13808
47906
2749
9385
11693
20879
25171
21156
18695
27964
33308
38000
34420
33927
36971
3165
22356
32329
19488
15222
6351
18305
38541
47352
33337
11582
28744
21001
24863
29723
42560
44166
24241
38867
38900
511
9979
5492
33383
38638
47429
12023
8822
45883
31268
18959
28554
29476
41343
26797
29419
23263
4834
2965
47329
7063
40412
39896
38764
22063
22074
7801
19228
46661
15823
36500
45674
26367
8353
23224
27680
48246
34689
33745
8676
4786
10941
45223
1569
28274
48657
8284
6619
30793
49189
36345
17261
27436
7917
10930
1017
29758
49359
12983
41461
32388
37750
9726
33098
27593
26772
5342
7731
20569
22386
18802
48706
39686
9054
43641
38323
44179
26714
16053
35234
8211
37313
15058
27450
29424
15097
39664
31730
42817
23744
5010
33138
36731
23068
5223
23717
26865
48025
29165
15798
45422
7564
20632
29873
15132
23722
15931
21541
15993
19207
37700
12782
17642
20771
28903
34101
34371
43202
30955
39788
3371
34588
7946
48041
35322
27400
35929
41309
37647
32998
37055
14719
5067
5141
42547
24976
9836
47597
43062
2137
38187
24828
14082
22548
46717
38109
33305
46909
33476
20520
13860
39914
6963
1674
38747
9835
19063
2924
24138
10507
2042
40758
19272
30847
24558
42729
26748
21954
23612
39779
21401
1619
9377
18553
27950
42067
4679
27261
44632
24338
48513
21351
13373
15531
5076
33492
7418
48201
33223
5078
7155
22920
15382
39360
2932
47076
35419
23157
44459
1057
16872
16978
46829
3986
14940
47013
36269
2750
20797
38004
28857
33209
44856
12076
2524
42900
7501
15249
3250
42991
40498
9628
48632
41310
14905
8338
48341
17010
18098
16909
49466
28865
4198
20581
36140
39999
18118
5214
37983
3840
26779
14277
36478
41796
31471
23510
49284
30569
582
28830
1132
30326
48716
11717
17336
21037
43305
37254
20113
8147
809
39846
42798
16418
43204
17613
23705
17975
40341
2531
25861
37427
22121
19388
35574
16380
5606
17983
44735
18396
996
8643
15613
30628
24989
10653
17046
34008
37245
48627
37527
27777
30377
35047
18837
44432
47271
25436
36261
7158
3744
48197
47791
28020
28448
40733
47566
22345
1793
14192
38730
17206
22035
49926
1704
22794
35491
2052
19999
43281
3425
34898
28252
43249
12087
24860
13483
14710
2911
29100
25210
25074
1236
32464
25162
39961
18291
3914
5538
19688
25178
38551
18217
17715
49372
49896
1396
7487
29738
42593
28855
45767
15408
2351
9304
47508
24405
8045
13813
36240
19985
15109
34144
8988
13341
5142
18336
31865
40755
46236
26925
22718
3539
6841
32994
35483
45730
20897
17534
34528
16005
42838
19182
36137
24048
19839
46736
29068
14437
23394
48184
46220
32436
13492
35629
16398
5006
5034
43031
8021
43096
31373
26072
49443
8502
19164
16007
42940
39480
22916
20587
2866
18521
11836
28742
8305
48466
5021
3728
16379
47175
977
3001
37228
35142
27071
14885
659
38576
6029
15207
15609
3797
28609
22488
12691
23055
24099
40348
7733
28702
7575
49217
36015
27973
45963
28163
8208
45577
24723
25371
3418
31600
36209
1186
48361
44801
44692
24864
39855
35009
12857
1728
3628
1406
14927
19885
31300
28280
22955
42621
14762
33267
32545
2334
6820
2736
47405
17729
8485
31377
36139
5282
40137
39201
27279
4638
22666
2318
46078
39978
36953
4779
32346
15442
4085
43473
21602
49044
35854
13385
9129
3893
21925
13141
17098
27618
22155
2116
1965
42811
17240
30867
38193
7267
45713
35779
3713
40544
26164
20463
32772
40059
33932
15821
37707
35024
4901
18879
10346
4454
23456
46090
49564
16475
18999
49250
1478
21688
35425
39420
3374
15111
32684
7729
6614
19545
33899
8336
5122
37300
4645
24650
40991
28018
28763
4402
9036
36615
40533
23363
23076
32824
31047
37380
13598
12461
32518
34614
42090
47729
47840
44720
12145
22329
4717
35821
37244
26741
23565
344
9212
2179
13340
6305
43822
41230
1589
38150
5638
12603
34638
28447
10623
13186
14779
18750
44490
28673
32185
16548
12827
13090
36469
37604
41773
8731
24749
29460
45792
7056
21048
11408
1931
41373
39750
24532
28937
4777
2453
7503
16416
40102
4059
4219
27529
25172
47721
11404
6910
15507
48015
15174
21212
31223
44521
32731
6962
43599
6327
15185
10432
48030
1935
2945
4429
26462
40467
38306
49688
38059
38592
21239
45729
8482
16989
34435
43183
33226
46433
37752
11822
43187
39705
30917
24676
31703
42280
4471
25817
19853
43152
18242
9178
46871
30113
22236
36907
47135
42988
23060
9923
42987
11436
4114
33623
25600
34411
46284
48930
13814
32979
32810
49355
10376
598
18148
30039
47387
30665
9130
23248
2794
29130
40625
43070
42627
49365
2234
19842
38047
723
25522
36977
7873
29956
18575
1834
9711
27842
27322
30407
7035
45722
25286
25637
18035
43759
24074
32307
38586
6555
43748
18970
19008
31488
31206
13131
35828
45851
48606
33523
11192
15774
43088
9286
12112
1420
41694
9585
28335
8074
40447
43134
28779
44652
49222
17058
35830
15397
12062
31702
49062
19656
7984
3648
25606
29086
33149
1616
31048
6790
13389
16201
6349
34068
7933
39571
10029
3
4401
7518
13154
45075
40873
31783
423
47130
20375
41173
19720
10144
41922
44282
14651
8940
32461
48525
36835
9448
33834
13440
45979
3475
46987
48455
33478
44199
38314
48528
7959
3989
21713
45259
31554
37057
19044
49902
38951
21856
7016
42591
17707
3585
5549
3562
30162
33949
30331
391
43915
26408
8254
25734
3509
19225
37066
35604
40691
8342
49659
33568
38033
15903
19818
40319
9214
5796
27586
1732
36629
1814
30231
26887
27559
30576
28028
23213
30696
23433
46701
44903
33019
20530
45491
28961
34510
9084
6295
28633
24640
12018
35772
30223
41178
48913
19487
5610
19989
19731
13076
36326
27284
8893
16386
13075
44783
9122
37891
21135
44494
28562
36957
11358
20365
39128
19794
17122
6432
26157
27694
25313
41750
44467
16301
23242
31011
2107
14344
19059
5290
38354
28315
12893
48042
9349
17739
46741
5637
10161
36750
43603
32899
18565
22952
9026
16478
3271
43
43271
49363
28202
334
20043
32006
3487
8090
38868
18548
14243
2684
29745
1022
19316
4235
18892
31905
19900
10657
43537
36579
40882
18992
34288
9846
44625
30561
9643
44927
32698
547
7222
18902
22741
37137
29821
49392
8059
40133
22497
45996
34084
37980
2694
12490
20272
18105
27348
38611
25627
21706
22862
44504
17388
11466
34532
29444
35712
44486
41084
17952
7074
41861
24759
12704
5851
48783
13521
23555
28228
45601
48563
37853
16015
2026
32626
23410
9283
43213
14435
26891
9693
1359
41930
47725
34034
44944
17691
7390
31743
39043
43512
33937
49106
46541
19736
23110
889
30065
23875
16616
31883
43478
16866
35764
22989
48157
32157
29663
21999
48247
19963
6554
6155
9607
10965
32975
34425
14962
49838
44568
37177
1140
2961
7169
30971
16221
32002
66
38218
31053
23079
38929
638
44513
11189
5045
17291
11634
1365
21893
28045
31104
43650
835
49492
29834
21769
12278
10922
49277
44660
20652
11157
15639
45085
20010
48438
31245
40772
45907
32981
12130
6177
204
48096
18873
39080
46259
18874
41740
22783
13342
11209
13482
32452
17582
45331
48099
14411
6640
25749
25685
26514
46913
45844
40647
14842
18053
6622
34874
4316
15648
17445
37699
2339
3483
7549
14391
7280
16315
42359
3269
44641
7156
28415
33989
32350
39810
34706
18084
38932
11577
26391
12416
19268
12710
27695
47973
25069
42509
3221
6411
24234
17865
28924
3484
21872
33288
28237
32912
26014
9872
13898
28278
23228
5510
36065
7755
17405
23066
29665
34793
43378
31211
1874
17483
12258
30203
1088
15766
7223
48827
7024
30210
9653
6689
42493
37831
20130
44976
10761
27728
18209
4499
12318
26228
13306
33651
40664
29651
25270
23832
14339
8524
6925
33064
10093
42946
29755
46434
20436
20537
33681
34580
38701
13675
22312
6851
31959
12316
25236
30681
49689
43942
861
13925
3950
32415
4925
5113
45546
13494
48187
42411
43220
15885
36603
23135
5427
46622
19415
17290
6017
14801
31635
47898
21097
18386
32120
43337
31322
37873
15763
34577
34195
8020
43794
29281
41741
27086
38282
9700
20928
8277
7858
30193
38238
9029
11164
45788
17689
24875
40158
45084
21583
17284
4918
19942
3146
7262
2824
17019
3441
45105
324
35230
24175
47456
49686
5769
11154
14834
28553
47465
45063
21159
6891
9093
682
3135
14682
1920
6734
40500
24505
7957
42015
32332
49800
45644
19559
25778
3085
40130
32363
20525
36468
5228
26237
22664
20788
18002
19727
47400
27203
6234
30795
4552
1067
42257
22112
2564
34572
34962
2426
26399
8590
18637
30263
305
37733
42184
1169
18681
1394
37776
15495
25091
38743
21423
39416
11216
29674
8133
7816
27607
17985
3067
32680
32371
3255
12919
12986
20980
20827
28522
44705
27640
42354
37615
4904
43998
39840
46942
18223
36763
6745
14252
34555
13906
39440
49599
25271
4341
36808
15247
21074
37190
30499
14010
21553
46977
715
45108
20880
632
8016
20608
9506
24378
24358
43055
14103
4761
16078
23446
12185
28141
21148
11791
7514
1963
26104
23086
34767
42278
39577
19234
26858
38462
16585
33513
2213
10961
29453
4212
41465
24508
23129
37169
13089
28136
25104
39800
7049
40824
20890
17805
48961
39082
27771
29240
28408
31971
47321
13490
10857
20421
38508
38250
6744
25745
18422
47016
45027
12969
11336
16391
12653
26211
33598
28578
32493
48838
30609
19289
42725
36143
46405
22843
6028
13058
31561
17936
17537
8296
45325
47694
5469
14403
9081
21466
1934
14219
7523
23914
14176
9985
33538
33948
1510
35125
1937
39723
12639
7969
16679
48608
34194
10381
329
35815
39322
40240
31714
22727
22467
7682
2062
39758
41368
37179
43232
11710
665
19580
11784
10559
29549
41521
20552
24593
27520
45046
13782
5002
41005
31885
4822
27116
1439
32181
6598
25612
13630
23685
32391
5072
6081
11838
17171
18512
9296
7018
8041
39053
30090
7271
6778
37969
49989
1517
41120
9423
5438
18021
3392
43206
17071
24780
47600
16073
35090
12703
19460
14533
42764
15711
12227
23470
41387
41581
29735
8556
48115
48650
1658
25062
37474
5163
35631
46372
40508
1824
10031
38882
41216
757
28667
1681
6113
6112
13354
21130
10424
36236
17055
41112
25691
37810
41383
7758
33047
8280
46533
6526
15137
28666
10384
33901
20849
26419
11385
47718
25587
41699
8446
28122
37871
3381
25777
42234
49636
12627
25649
36421
15849
28182
37499
11169
21961
20806
39319
48579
34011
24538
10052
1721
1018
2142
27169
273
15831
44126
27179
20146
17335
43168
17539
18587
33264
14676
24553
499
25940
48573
46127
42262
27063
30406
22978
8156
30775
12817
7504
24975
36149
29795
14607
13886
27568
19000
43760
2139
38092
32989
29105
41519
6535
35700
40884
49266
49149
32533
6795
26954
40388
1077
42574
5875
6804
5743
6503
40657
46013
18563
41557
28672
44583
45125
43228
18680
25007
28566
35571
10660
38987
36226
11594
24453
28075
30070
11523
7431
22009
34287
27909
35552
23083
23051
26896
27136
29885
42528
32712
45831
8176
32905
20118
19789
1062
23842
24266
942
37804
44541
12528
13748
22813
14165
24744
39384
10886
35789
45643
27537
12299
48871
14328
2392
6387
37905
41873
29448
41570
8240
29528
241
47336
34125
17224
26633
44168
7446
20737
32732
9666
30059
9864
930
20744
48047
48282
48683
48127
43521
21217
9478
40404
37912
43776
47365
5100
13013
39134
36760
651
25503
37377
45410
23246
28626
45659
10531
45144
35095
31163
31564
27467
22891
13016
10783
19458
49361
22415
28085
6059
3523
12064
17004
43886
14032
34392
27507
29585
46676
19552
5355
26547
17951
4539
9289
5479
11542
41661
16520
17685
27717
44806
49717
1504
13861
3545
13987
31026
28188
23691
4090
24923
39393
2053
37238
20984
13990
41958
9537
30800
10207
35723
2509
29792
18244
7493
31210
48581
46026
13936
31870
39608
22442
20794
4226
21544
26315
13073
28385
26015
7101
47958
11815
5625
7152
30465
35070
42106
30703
30532
22868
6128
43854
30296
25443
14618
4783
26168
37365
10369
24630
19049
6901
10130
521
36753
45859
16045
48565
3740
42197
40673
2797
44732
17225
29498
33158
27080
44709
5472
24490
20556
40936
33586
24035
28891
8454
44603
40612
26807
26276
18785
23821
2595
31999
37273
8125
9205
42618
28970
16779
31016
16905
30196
46574
11744
4662
5848
23159
23812
37783
18358
4468
10583
19373
11123
20560
29807
6168
32697
5713
35858
20287
9347
980
6384
32606
41143
37153
9988
4916
39773
40003
13686
15671
25404
44753
46712
2623
28240
40860
23614
19061
22219
8599
29327
22375
34295
42690
39895
47758
33837
32875
10555
47092
9232
42875
44661
14133
15177
47086
6114
41023
5162
30351
44721
9932
10566
19014
2452
38428
31258
25043
38482
1553
9843
32911
6620
33003
48592
26692
21714
6382
44217
46050
8489
23321
47559
25602
49273
20610
12772
32783
26093
18508
49263
23374
556
20225
6109
20617
3149
2994
31707
36946
2941
37015
37364
5574
17641
15751
2122
41838
13221
36156
12304
20259
49580
720
39133
13888
4281
6978
35493
