1639
1854
26143
1652
932
1419
3472
28530
4276
4609
321
4522
3637
4808
4173
2016
3859
2911
3788
984
1019
9490
4701
2658
4578
448
2945
4964
1485
4465
1386
19210
3918
2540
1289
2920
4747
2442
2311
141
3332
1384
1778
3038
4297
3264
47
1377
1418
4955
939
2798
347
4185
2945
3882
2368
2763
45317
3936
3976
1529
3300
19044
13220
903
3320
180
40240
4290
3842
2267
903
3353
1461
456
404
1058
889
4342
1781
8584
299
43442
934
1273
3314
1426
1803
2968
3403
2769
2417
2655
1211
42168
4270
1558
4518
1658
26270
2041
3895
917
3503
950
1547
3776
4809
693
4049
4641
3076
1532
65
4501
4535
3950
476
2158
2069
4411
1707
28778
74
3633
4601
2727
2692
3389
1483
49587
2533
216
1596
1898
4686
3862
1654
449
2555
3620
3673
9034
2780
15661
3360
2130
10322
4319
3900
21187
2032
4049
1577
633
1692
2086
16
310
4380
2268
3073
1646
42
2099
38746
49468
673
2034
4508
1940
1731
4116
2071
4537
1002
2587
4248
13562
3644
2088
2537
3350
2027
4171
4407
4197
1317
3281
4130
3796
3486
1139
1704
2088
18307
1285
2379
1677
3305
789
2949
24427
978
160
4339
1450
369
1261
2048
453
2023
1159
30193
4400
963
4608
3272
3383
964
11072
2534
2988
1629
4954
1681
4103
2731
3487
20
2263
499
2811
2001
2695
170
43431
4193
812
206
402
4523
1442
3415
2897
6994
2016
2166
1250
381
15869
4419
1802
4367
1840
128
2224
1331
3850
3189
107
2283
292
1240
1629
2679
660
3202
4643
3549
2799
1363
3122
3018
2166
1530
150
4136
700
2654
4709
1419
3103
1156
2182
616
1148
317
4814
4726
31501
4038
946
1782
1906
2124
1034
31086
176
25706
4928
2648
1913
4512
2021
2366
3619
4852
861
1644
199
870
2702
4691
1743
131
608
976
4399
1494
2424
210
1510
1899
4254
2782
430
2601
2077
1184
284
2226
4902
58
2968
5862
975
4573
2579
1240
946
2214
4730
1850
1669
3668
10385
2840
974
955
4254
4603
15642
3848
1050
4376
4146
34507
244
127
2975
4133
2090
4985
1565
219
3340
248
1926
4106
2456
4189
1446
4570
1276
4390
4015
3913
4659
1685
2431
1351
3599
2146
2039
1264
2883
4416
2228
1384
41477
30
2722
4843
263
1685
697
4511
2760
3494
17058
3310
2841
3938
3898
4331
3041
1105
10811
4596
450
4140
530
1263
4295
101
969
1622
4871
1610
4546
436
19101
503
1472
992
32093
2460
4929
18697
871
23621
3233
4713
35013
3501
12769
3327
4324
329
2225
3795
17924
1340
3196
1278
4344
4061
2604
2009
3620
19208
1860
4275
614
656
2458
807
2494
4470
3659
1951
3469
10517
4218
3362
207
687
761
4947
673
2026
3118
15482
4255
2947
2474
4688
4498
1367
12610
4450
2640
3320
755
4022
3570
4405
3250
34177
1725
4063
211
28612
150
1179
3953
4181
2900
123
2117
1458
3135
219
1328
3629
2279
879
4308
39113
1374
29385
1228
4020
623
4092
13216
2092
1465
3991
2688
473
1931
1577
1604
3596
2489
26405
3669
3203
4428
4586
1137
1958
4147
41126
726
2327
4659
28
3697
3044
4137
2572
502
25
346
1754
738
4193
3365
4096
1330
4193
2927
3620
4191
564
1088
2021
2144
3435
833
3635
224
3573
4599
2147
4106
3458
586
845
557
36821
2549
1902
4557
1346
3195
1571
3387
4837
1149
2596
3151
1779
9141
4457
3045
1379
329
1445
1227
2703
4891
2891
2853
2003
2866
2551
1193
3838
1901
4274
2050
42638
3347
2715
1269
25379
2319
3417
2342
449
1075
2219
44319
4380
1308
3715
3539
3687
71
28264
3500
2827
4139
608
30
19158
1298
97
25381
692
1922
7972
1989
2388
2798
4330
4777
43
772
3513
232
819
159
2336
2222
1545
4281
2866
2249
4058
1727
2695
6589
597
5
4867
40026
1522
2223
2669
3480
4418
4824
3402
4379
3658
3395
1314
3617
4797
201
311
3841
3122
4048
1414
1866
7
1506
2826
18606
3488
1103
4177
2148
1689
3561
1732
1424
700
263
3343
4338
1595
1782
586
1347
2555
45438
2050
4145
2084
2540
1982
3130
1270
3207
484
4843
4003
3448
1091
3874
2112
376
2492
4191
780
852
1521
1863
122
4530
2746
4495
2934
672
1047
2898
4437
1384
4377
3243
2628
827
4692
19593
27139
43224
921
1150
3125
3861
2319
3607
133
3428
4425
1939
524
2833
1346
4199
4579
1989
5158
2673
4502
1818
43619
248
4042
2533
2614
1116
1252
1443
21557
1902
884
1814
3032
27546
1536
284
702
2009
1256
1413
2363
2552
1206
4556
933
3605
1654
3317
3527
3747
3032
4639
1737
4813
8548
1048
2529
2780
1374
3083
1329
4567
908
46949
571
3062
4952
4535
978
1811
3596
2375
2679
2806
241
18252
4650
892
4435
1103
4027
33732
4655
2653
4652
4662
2077
2431
330
2294
1211
4534
4001
2853
4871
6967
4399
1966
21080
4525
3469
1600
4782
1411
4988
109
5953
3878
4390
856
3504
2632
3563
4556
2635
3262
3663
30725
3284
3243
421
3226
4805
458
159
921
23867
3128
3253
179
47686
1919
31931
1591
23215
2678
758
679
569
959
2081
3777
1564
2904
122
28663
1950
1716
2508
3201
4294
1828
1178
395
47221
116
3385
219
302
4474
3154
1546
4937
1841
2836
1298
3703
2853
3255
3008
32999
22739
1206
4201
2926
3538
2267
1120
4451
4475
45777
19536
2370
3903
341
2980
196
1348
302
4887
3032
892
1205
1972
2654
4463
2892
4703
140
554
4431
1024
2781
29253
2524
3431
4129
35387
3287
3689
3137
3760
4734
39631
2579
611
4825
1989
552
2979
3037
3744
3284
1902
3191
1950
2346
4656
4873
2681
3422
4380
1510
4548
3500
406
1754
4084
2033
507
2340
26822
15025
4113
2005
1501
1696
212
2037
3322
4503
2815
4018
3313
3902
1256
4472
382
1887
79
2008
1436
3985
1073
1039
1472
287
4921
1808
1094
4537
388
1101
4734
1089
4477
1888
4314
5000
2995
1463
3700
4546
4099
3702
1618
3374
1689
1373
2410
816
4860
48188
3832
4955
4562
948
236
2856
3497
4530
340
897
1062
640
57
3754
3442
4323
3807
4906
1241
358
6645
3215
4835
2449
1608
492
3159
3763
4007
3668
2379
4722
3319
999
221
2456
1949
4788
46242
21957
3899
3698
887
289
4712
67
4078
2628
28918
2154
1973
3571
3467
3233
814
3210
33814
226
4379
4910
2553
131
2044
1600
1982
3688
4712
947
4627
4224
3942
4818
272
3289
7250
2578
705
2104
4272
1064
4330
1603
737
4079
3129
1286
23847
3215
3590
820
2060
909
721
129
8899
2269
4239
1568
183
4694
141
780
4624
1467
3600
4779
1114
4708
4895
1680
1179
4189
764
2717
3107
2850
2167
2768
3118
816
2787
8652
3278
42962
3738
23358
4814
1996
4936
925
732
347
2529
1843
179
4100
1849
18
4225
1711
826
4803
2614
2249
2748
1637
1044
2123
60
4513
381
1771
168
1962
1918
1613
2236
3932
4329
603
4266
4988
1900
2576
345
20730
4015
3777
4413
3932
2947
2263
13
2460
3613
4017
3334
447
1557
1421
4164
4251
3393
442
3021
3396
18979
3734
7467
4223
4429
4111
195
21373
1073
3173
533
3705
4395
292
34508
2370
2148
1579
3171
1404
4933
1967
34383
3049
4984
3149
2839
2539
4456
4101
25028
588
2274
20159
319
4248
2349
977
2277
139
1697
4330
4795
1603
383
1773
2915
921
3897
2810
4097
2725
3452
1824
3316
4940
39756
49842
22
1669
4681
3474
35710
21080
3308
3601
2649
46817
3730
3447
2319
3430
7097
2700
560
3445
4901
7475
3586
4745
3299
183
9286
2566
18206
3437
4253
1903
3030
20213
1322
17061
13
3634
3613
3934
3705
1227
2102
4605
1791
3065
4400
2628
1940
24761
115
1162
4820
331
4474
4702
1300
1131
3100
840
2858
4141
22040
4264
33881
2146
986
2264
4947
4758
2808
4536
2736
3139
4104
3136
49325
2990
1895
1120
4591
4733
1651
3821
1078
3526
1733
4624
2859
3744
3027
2841
263
1203
1840
1718
2606
4862
3611
727
2140
16812
483
3970
648
3494
2123
2768
683
1816
1080
3402
169
3112
1166
2910
2804
435
4247
2464
836
3789
269
2046
3061
4866
472
48711
3435
2155
2944
11658
2328
2650
17342
3213
3771
2783
20644
4292
325
3562
3358
2723
1501
2744
1649
3187
3055
63
2648
2283
2414
1199
2264
841
2064
4582
2224
3450
2851
4660
934
2794
29590
1796
564
4415
617
35325
4333
22005
2846
1101
2133
18321
1476
437
4015
2384
797
3040
3762
5342
101
3602
964
2458
821
8978
4179
3440
1586
4977
4123
12027
1316
78
4735
1512
1741
1745
831
676
1525
1849
16201
1758
2934
317
3842
3301
3804
3762
3976
3448
21259
2104
3825
2103
898
840
49399
1346
4676
3067
2285
388
3855
46708
553
23714
3198
470
2184
2701
3473
1504
41059
2488
4168
49647
1223
4610
848
4666
776
1348
4959
2507
3980
2405
588
2253
2027
79
2787
1164
4717
1119
3195
964
175
1288
3733
582
4424
38796
4365
3705
2898
7285
43259
89
4547
4205
2833
3432
39318
2841
4732
2715
74
3943
3661
1291
2757
1628
2459
170
4419
2910
42440
3013
952
692
4493
3455
2822
1268
487
1980
1743
41837
1352
3650
2676
4051
3071
18395
254
2889
1085
4120
32090
994
4657
41297
1962
2390
4107
3665
1271
1167
1147
3004
358
4532
1776
3354
443
729
1190
308
839
4696
4330
4363
3808
4269
2305
1363
4194
1588
3020
1341
852
657
2975
4884
36463
467
3499
4042
1978
1760
4411
2824
3298
1111
2589
1578
2629
37358
2872
436
2977
3553
508
716
2791
4141
2371
1097
3316
429
4953
265
2392
575
2721
10846
26102
1629
3146
2211
3266
2410
1267
2336
4070
4956
742
4356
2577
3053
2141
267
2472
2685
1044
3303
34
1276
1381
1896
3708
4748
258
2961
1084
3074
2357
1114
3512
169
403
3320
1326
1828
20
3738
2125
3631
3024
1664
702
1345
646
3555
4195
4974
988
2954
41933
2014
2379
1973
3698
2637
4489
45091
34
593
3168
1462
548
3748
1141
755
4222
2644
120
3423
1158
600
3844
1295
4803
3693
36406
2038
4066
193
2691
24037
1229
25850
1315
613
87
1280
4512
71
3883
145
819
6
4283
3225
1960
2598
15458
23062
1129
1844
4557
1494
34401
1607
4925
1258
2498
4024
242
1024
4381
4121
530
4057
4008
4303
2931
1562
2217
1083
4105
1063
2987
1900
931
2717
4080
1215
4959
1464
4671
1573
2314
3477
1769
2289
783
3784
25901
2108
3811
4336
1774
2286
1015
1247
1252
1566
21640
1426
1625
3669
1718
9265
1693
4092
2830
3765
1548
3225
2245
1148
14
4975
2928
36
2543
192
1727
28815
4525
25365
2561
517
2030
3538
3312
1129
2212
4108
1048
1963
678
4625
721
3236
3826
225
12939
3982
3082
2276
225
4271
48667
5436
45640
264
3207
424
3043
190
2557
2053
775
81
4105
594
681
2291
2357
4813
4944
51
2658
2463
2697
1845
3638
1827
1521
2247
3398
1778
3325
1529
4641
4348
3782
509
4829
4981
1107
14
846
2559
28949
77
3151
2604
2840
3916
3813
4338
1812
4771
4986
2012
3320
474
4911
32302
4849
3702
3863
934
8598
2295
45120
19170
1684
1666
886
1759
4811
1509
27964
1249
491
195
1314
49844
1923
3756
1323
3068
2404
3839
4780
3488
4172
526
3929
2067
3038
19024
4098
2757
2559
1042
4852
315
2083
1840
4167
592
1260
1985
4853
3059
1113
24289
2234
2465
29222
3115
3298
599
3922
1797
3072
2246
1549
4104
2517
49592
5025
1280
3163
3082
1396
1564
2891
2322
4213
885
2705
779
633
2831
1031
4235
47450
4908
3260
3356
2170
2347
4619
3821
38167
1871
3739
1030
4645
4093
998
1281
4237
1275
4817
764
2046
2631
2890
585
3239
3114
4145
547
2760
3013
2331
1251
1426
1506
1608
2664
331
1904
3043
662
2885
33279
588
779
2670
413
3914
4971
6271
2561
2518
134
2872
9790
1133
23708
2749
2982
2308
3563
2808
2327
3215
40210
387
2247
4127
4073
494
3055
3389
435
1315
1227
8714
1460
4500
89
1690
818
642
393
825
4628
1772
4957
1155
1479
1230
41411
4226
3835
2943
1007
253
1615
556
2424
3079
2609
4092
2449
977
1447
3164
1531
18727
36232
105
307
23951
1343
3541
2149
4331
1274
64
2678
1942
3245
39467
3478
2073
2035
2630
21359
4818
4237
842
3885
4707
70
906
2920
961
1752
1600
1792
3430
2616
4466
874
2589
20931
1229
2543
1357
1130
42371
3089
3293
3500
4228
4414
3871
338
79
1907
2274
3478
2093
1600
1664
836
419
4329
2788
230
1455
422
1194
4510
4483
578
4233
3170
1762
7575
1340
3971
2134
1606
2120
3757
3517
1404
2517
383
221
1238
4993
1977
49063
14553
2651
1723
4430
4508
955
3067
635
570
1175
3745
3131
839
674
337
2641
464
3646
4372
1969
3390
1674
1625
4793
740
476
4998
3094
39405
2957
4176
147
3701
622
44144
42097
2847
2513
1154
1313
1318
738
2965
7739
47473
2246
4234
607
4226
3748
689
2155
7707
3227
4269
3142
2630
48122
5851
1413
3378
3840
2729
4932
40
6176
32212
3170
1465
3933
3753
4103
4675
2757
3995
2079
2205
257
4126
1568
786
45219
825
4295
1244
3398
1631
1884
1147
3165
4425
4850
4464
1624
2479
1695
2943
640
3227
4171
2558
2500
16083
661
2807
1271
3938
4664
4896
3716
4033
3511
729
739
1346
5733
4826
2707
2614
57
47
1839
3412
3587
1081
3656
625
4309
990
1082
4555
644
1883
2389
43827
3096
2442
1902
2325
965
1994
628
4233
4012
26024
4673
2221
4555
3773
3710
3666
2673
4650
1668
3263
1681
16613
2170
4340
4231
4238
1488
1402
875
558
1145
4252
3324
3567
4682
4337
14487
1316
4178
6277
3917
918
3620
131
856
968
2779
3808
4750
351
2816
2487
3864
3847
1526
30141
644
31339
448
1035
3375
4419
1219
1546
4114
2806
1755
2455
2785
3794
917
2654
1597
4537
24393
4566
31835
643
3247
2214
106
3323
1078
1243
6793
2469
927
1938
3569
35747
1735
2372
4309
2829
2686
162
20486
447
11035
15682
4659
818
3709
33587
3507
2522
37116
14981
387
2876
2450
3380
154
1337
468
651
4153
1904
931
4568
4030
2926
4178
600
2510
2917
811
581
1019
2217
322
938
2005
3669
42433
2049
2373
461
4734
61
1991
4913
381
32750
14258
3147
4713
3354
2702
2532
2474
3658
305
1211
2759
1310
43
505
2728
1508
2561
4650
2708
15441
1067
21431
3676
1133
1536
27430
2709
1676
4405
3467
1124
770
1360
366
2074
1407
3028
3372
2800
3769
2298
224
4690
966
3213
2594
3757
230
2921
4090
2562
111
2606
2630
3974
2349
30822
1269
4283
4408
45063
3399
13204
635
3270
2565
423
1822
38775
2889
3917
1114
121
258
1099
3333
17887
4391
1233
2411
4288
34051
36081
2708
2039
1898
889
2855
261
2626
3700
199
1791
842
4141
4522
4414
77
830
3147
214
4232
2046
339
3593
36
2420
2019
4430
3601
2967
1759
4128
2280
656
1585
3958
18267
563
4913
14256
1656
225
1161
4931
904
3260
4130
1481
2204
4271
3516
2746
737
2792
1597
2991
1802
4145
2320
2229
844
4752
1982
4211
3764
4237
1747
17172
373
36221
2773
1152
3073
4122
2125
1677
3996
259
23513
607
1451
3568
2915
60
1661
3322
2743
2158
3204
806
3891
24142
1514
4755
1082
4497
669
2570
4898
4343
1160
2717
766
49902
22
4539
816
99
3832
3901
2153
1398
3217
4686
1413
1001
1484
1557
4609
2020
2178
4973
1807
1989
259
2763
1024
14168
2314
3251
509
45287
3179
4455
3306
18918
4644
2831
1903
3928
2676
38831
3584
24239
2223
3337
3066
577
3082
723
1152
3076
3286
3016
3510
3762
2444
14315
12079
1718
37337
85
2995
25743
2845
2503
2031
3429
2952
1078
554
2138
223
2043
2426
1285
3232
4412
463
4336
2229
414
1554
3354
4396
6382
954
2578
100
20278
1874
789
2548
1645
1383
1876
904
3921
3062
41981
1495
2165
1962
2043
1940
3693
2846
2449
689
3452
1264
1816
273
2283
325
416
48195
4885
95
2375
618
4532
2914
386
2590
774
3980
219
4800
554
3197
3135
4550
4130
2800
4827
17997
2102
10050
836
4045
3660
4770
292
2475
10235
573
1219
216
29820
3644
2839
829
3533
3275
920
566
1866
27958
3273
4764
117
3023
2220
4122
1658
2608
4427
1553
2753
2440
3850
1540
2676
4809
3102
2013
2078
2348
2077
902
3494
4192
16105
3733
3025
1366
3697
2460
4640
3323
4402
10841
1265
4013
3723
4939
1585
4423
4420
2333
590
497
2059
2055
1170
4009
947
1849
2595
4250
269
2711
17539
2331
3220
2798
2248
2781
2281
3683
4014
4409
3204
2123
3415
33155
34575
17106
2741
3808
4768
4731
4123
1714
35515
1307
570
1404
2748
2332
42202
4690
4210
803
1660
4185
3966
1512
1357
2173
3424
1139
3443
1186
2997
3841
811
923
4538
4424
3922
2146
3053
4080
139
4953
2885
2129
13778
1479
2272
4275
3674
1885
3717
503
3752
3736
343
3282
168
2808
4525
4291
4087
1683
4759
36998
3987
3089
2553
3198
4412
3003
16101
4357
4904
478
4398
2765
778
3889
827
4827
2449
2616
4965
4624
2549
2410
485
315
13728
3129
2059
1569
878
172
4655
566
2479
1274
457
9191
3300
1369
3908
3825
4045
22
3373
1533
3077
19676
3731
3763
4063
36408
589
3200
4079
4698
17683
1478
3806
4534
4853
3417
4807
3130
2941
1255
2977
1099
706
4905
2296
2474
88
3288
3841
2079
340
4693
18257
29752
558
1647
2392
4453
582
1912
1725
30183
1299
4821
4093
28967
977
517
2686
4658
4633
2849
1589
1822
647
4378
1004
2901
289
3430
8376
3905
1397
1415
4886
31590
2013
2911
4753
1522
932
4341
191
4994
4305
2940
4679
1422
4624
2183
770
3404
4298
991
2180
3745
269
3475
1345
1757
2359
3468
2440
1482
1476
4362
1603
2573
1605
2788
28002
4449
3758
4632
2138
3769
4405
4376
13307
1600
1038
1058
1468
3038
4735
2357
2380
302
2188
13140
4599
2452
2033
3703
3019
518
187
3201
1960
3558
3826
4792
3292
208
4288
2480
186
1550
3821
3813
1607
3764
4379
1354
2515
3880
2353
2600
1118
4334
4483
4887
4357
22618
3976
1785
4394
2511
789
1269
1706
3662
1896
1309
2436
2412
1080
677
4361
25073
3306
3308
3001
4903
4737
2099
4854
3353
780
3150
1180
13125
1248
2096
2705
2600
4495
4201
454
2141
986
35246
1710
2389
39262
571
7441
3015
18
1281
41158
4731
3739
2550
1243
1562
4963
4960
2583
838
551
2325
4032
4801
4034
4613
4294
27977
3485
1087
496
1805
3176
2748
2186
2451
4641
845
4901
3475
4786
4634
4451
24146
3371
4536
1983
1694
7707
3075
346
3293
20740
133
2760
1811
36123
2622
4918
4769
2981
732
3815
4766
1005
31525
20
2684
3254
4391
3214
4914
988
4016
2617
3919
496
3060
1331
356
4870
1812
4795
1955
1466
2032
3433
3732
4799
2628
363
2303
1461
4314
27962
1123
783
257
4198
3621
45108
2465
4882
3547
839
23207
3538
243
1216
4900
1359
1870
4682
601
3345
1788
4922
199
3568
273
4348
1111
13944
4033
341
1327
4821
4904
297
30940
2232
1905
2416
4353
3167
4715
2774
268
1815
2028
700
1989
2915
3859
4299
673
874
2836
2596
2980
40848
3519
14
2110
1333
3447
4703
4844
2135
1741
1629
192
6401
2876
4478
29473
4422
713
2894
4250
1451
4642
4175
3220
4459
3452
2172
1820
2325
2192
1836
3487
3031
4216
4870
783
1977
2636
1156
567
1769
2347
4602
3493
38272
305
3361
4733
5624
3098
4367
579
85
1981
3309
4944
3761
629
287
1575
1404
1975
2982
181
4111
2058
2310
2255
987
873
71
3249
1616
697
2983
811
2080
579
551
1869
3121
2604
4570
245
12946
4871
2577
10224
1015
3352
1817
934
3002
3051
661
4991
1081
652
4327
259
2629
3542
3848
4227
446
3507
3020
4218
4019
2997
2691
4676
767
1313
3585
586
582
3287
1543
3713
1273
4336
4605
784
4192
816
1299
279
4714
1503
2817
300
4061
1498
1982
4120
1444
2805
2021
2260
2755
4578
56
931
3078
3259
2700
1478
45
3002
3869
1110
971
586
46391
9687
1135
4909
4956
3328
3950
406
773
33315
1290
2466
3395
814
1178
3497
2568
3102
1220
3716
2466
2205
620
3455
3425
2633
49031
3825
47673
1321
3760
2183
16
3519
3158
40207
4905
2556
4210
651
5928
4982
32769
3928
1637
2643
4554
3411
4843
2541
2135
42557
1716
3532
268
3854
931
1908
1999
1877
1856
2919
346
3449
2068
3200
2860
2288
1106
1096
1461
29960
241
533
1386
3561
2956
36805
2305
7385
4280
1250
1109
3704
3996
3161
1746
3576
10220
567
34023
384
1955
3585
47818
3342
2455
3488
2284
2748
3553
4488
365
1746
4953
1579
3870
2751
2075
648
3385
3350
1183
2680
1041
3363
374
174
39089
4595
4249
67
24141
386
3234
683
2747
3082
70
4266
1705
2212
2137
1360
4149
3744
875
3344
417
1542
4081
940
1508
1751
3642
4149
2663
777
39
28232
627
862
4288
662
1880
31742
1300
301
377
692
3450
3200
2180
3777
1817
743
4484
31133
4109
1614
1953
3963
883
1460
2095
597
3472
1241
4489
3204
4202
1917
11649
614
2396
4672
4827
3497
3628
1259
27
4963
6665
1398
2327
3477
122
2037
3433
2604
2996
2785
17341
740
3159
2969
1103
106
270
2895
4005
869
93
3064
1769
4229
1208
3543
1577
3989
3521
35287
4688
471
1792
4764
713
1769
3055
3681
24152
2782
2962
4303
4570
2013
760
4809
1715
3211
3125
3737
1149
3664
2936
926
4216
2581
35988
1237
2740
739
4631
4357
842
2834
2412
2507
1809
601
2609
1141
322
530
4834
35307
407
2489
1945
16024
4069
4190
4333
4673
47273
3709
4175
1851
767
20010
2515
2437
3001
1318
1756
628
1312
2805
814
1402
14031
290
655
1224
1844
4607
2805
2507
4822
4535
3838
1949
2615
4527
1713
4911
3396
4716
2966
4456
2746
2234
12511
359
1946
22088
44513
920
46988
2230
3858
3222
865
857
18656
2473
4832
2287
13563
3232
536
4952
1773
3940
2432
3360
1288
3802
1880
49980
1938
4774
4536
455
2090
2431
3501
2161
1009
2273
454
3731
1941
9346
2545
856
39309
3724
138
3461
4995
1782
4204
26085
3263
1179
1214
3979
4099
1600
611
2159
3993
4234
3964
22171
735
2532
2682
1694
39872
722
580
2160
4672
3496
1203
3807
3167
35197
2646
4829
3654
1763
29731
40284
2437
3473
2005
699
4345
3491
2120
2045
27
265
18778
3217
2271
1070
2979
4242
287
1295
487
1340
1690
864
3037
2588
1496
570
3112
4796
4429
3356
4720
4448
673
4106
1235
1411
4886
552
3325
4337
4232
24370
1658
25797
4669
2615
3220
2588
1357
21318
3648
1129
1576
1696
32470
2638
1180
3508
3005
2226
4056
4218
3245
2619
369
33637
1295
43722
43558
17699
1355
656
1875
2031
1732
3458
180
3113
1572
44487
4587
2825
46647
3219
2238
725
7397
328
3780
608
4542
3705
4713
3911
59
1709
9710
44476
11177
2161
3985
554
2805
4527
2973
698
2792
2332
645
4519
38282
1573
3207
4907
16627
49824
607
1584
3115
4262
2670
2890
2948
2333
4706
2260
2081
4996
48526
1220
4318
4317
34012
3341
4769
3995
3870
409
4992
385
706
20785
791
2246
2547
4634
3192
3498
4322
3748
1214
4404
781
4351
277
3367
495
949
3994
446
415
3384
2774
2848
2108
1788
2370
2802
2313
462
2135
43603
42805
4636
4993
23
666
2758
4886
1832
423
857
755
3515
5850
3528
875
28683
932
2223
4101
36783
483
3940
1279
2558
288
1
3381
64
977
4511
3583
648
1906
283
3666
590
4558
7553
2615
2631
3296
911
3334
25524
1713
49541
2791
28843
4908
9718
1613
48876
2724
2113
2501
901
4942
4969
4791
2207
1406
4553
3970
4879
44151
4488
18
4369
4819
1027
3485
1967
1153
1172
4580
1698
4968
3185
19059
4629
414
1090
27553
1397
2875
6507
1257
1286
28861
4318
2880
2223
3117
2851
1606
4188
905
4059
4685
4640
4638
3017
750
4705
1533
109
2542
2367
1441
596
4982
1640
1894
9956
4927
3087
4385
4226
3452
1401
4810
3611
4317
3242
347
4776
3951
1872
3424
3974
3740
4140
2522
123
1830
4467
39352
3310
2221
2133
1497
28293
3001
1852
3353
777
4523
750
904
37235
1601
4580
4291
2117
1833
1707
1017
2651
2406
1826
4099
4154
2034
2200
34189
4262
36072
3581
1778
720
3534
1608
1748
4454
877
2638
2355
32384
43568
2248
6024
38637
294
2470
3022
2767
3269
2586
12304
2318
4371
3093
3216
4203
4002
4598
653
1805
668
2036
1201
4731
1604
4337
3240
4377
1045
2279
4407
1510
30280
911
1028
44038
4956
354
3231
4549
4706
1309
1116
4752
2960
3646
151
345
3196
239
4628
4203
4256
466
795
4803
44291
10479
14822
494
4288
2489
4265
426
611
2722
1837
4684
760
2245
4365
1580
445
961
3509
568
1433
48126
4689
3239
41326
951
28449
61
32588
3835
3068
19288
2242
2692
891
2755
7097
4639
764
1289
565
2290
265
504
3396
338
3685
677
2648
13368
42944
4015
995
4641
4641
3081
3573
36284
2382
2403
4210
3565
3671
4373
4473
3191
2637
1670
1137
3001
3395
1708
4534
4299
64
3103
4664
4486
3433
4855
483
4079
3697
4806
2722
2678
2017
4301
1990
40376
3657
738
526
2635
2999
20762
3021
319
558
4801
4914
2084
2899
2944
3870
3947
2534
4634
883
3186
3606
285
2232
1563
2140
1035
1628
41615
1555
1387
56
632
2134
1150
4988
1735
4394
2451
22481
2960
3333
4259
4194
938
3010
1630
25999
1995
2214
4236
2566
1550
309
1165
465
44608
4064
211
3469
2993
4154
2319
1796
233
4247
1177
2206
498
42098
1875
785
10427
2141
1643
2408
2271
1309
3719
1708
3130
4072
870
2375
4378
2298
485
446
4720
864
2197
864
1284
4456
613
3781
512
42263
4775
4230
2538
3290
2714
3402
3073
2061
388
2822
4263
2128
3184
1391
1968
31968
428
3371
4648
3687
1040
3478
2386
3323
35831
48932
3661
2478
3738
3302
4645
4928
4415
3332
2975
17168
4698
1088
3583
898
2201
4931
4034
805
1643
1831
5062
3596
4989
2236
2705
1695
47184
4043
4788
3457
12717
36556
1267
446
4923
2169
3553
4768
2816
4322
3340
1097
465
2499
236
1761
290
2875
4717
26477
2031
1668
1252
2518
2932
75
3209
10631
500
45424
2275
4988
4546
3857
34789
2222
921
4956
746
4661
3775
1041
937
53
2910
534
780
1921
4972
2169
2007
991
2967
3609
3538
1951
417
2133
2085
963
3127
49880
4749
2448
3342
1820
998
355
768
1676
1944
4856
4523
4452
1217
4239
4719
2580
23
2963
1856
48209
565
3719
2644
3703
38705
2945
3157
1219
1305
2569
3578
3812
3284
4465
1096
783
405
3745
4181
3893
4034
2974
4746
3918
2919
831
515
1776
2110
115
434
4992
2919
1738
2807
210
4271
285
2068
20450
254
1296
3732
168
4394
2995
3753
4412
354
3048
4460
1023
4522
3163
6549
4270
1141
1017
2808
813
1493
3380
264
4542
3025
710
244
5351
4977
2776
2960
2901
32506
2800
3252
2643
896
1652
967
2912
41656
3564
4724
2372
667
548
4325
4908
10089
47665
450
178
3450
3951
2165
2020
327
1562
18527
4144
3431
24963
4928
971
1865
198
4658
1640
3064
338
3568
211
1776
2746
24196
3868
1278
59
1790
701
3395
4305
183
123
1635
829
3687
1951
2774
6031
1864
3298
2506
3027
3335
2813
3566
1394
1506
2272
830
4028
906
10
3169
3064
3305
2489
4921
4163
338
2938
2563
1577
4658
709
4710
1479
4436
2469
20104
4484
23350
1696
2599
2402
21987
1794
3876
24159
2201
2369
6877
4222
381
4184
3317
2829
3370
1615
3732
620
2270
3465
4016
1656
4842
2570
2145
1429
4598
19
9866
3146
617
1403
755
3389
483
1179
151
81
2541
2181
2167
2384
4977
1097
3974
4019
2
817
3220
1330
3721
2304
4390
4441
4982
4972
17635
3391
1220
2758
2896
2568
51
524
554
1805
1404
109
3741
2981
4119
2804
2398
279
1859
2696
351
4599
1669
3546
3016
1373
677
1262
3269
24131
1641
1976
46068
4321
4452
4607
852
4957
3918
3947
657
4970
2323
99
3167
2585
1761
4261
2166
1589
49
1785
10101
4852
3050
964
1101
531
19075
466
3953
4874
4062
4439
498
3169
2145
3103
31394
4042
4175
4385
4321
1878
1612
39623
1067
863
3120
2692
1360
828
1212
1301
10870
4758
2940
32086
2673
31842
1559
2899
4945
2682
2559
2844
2712
3366
4896
4329
1530
988
511
524
1411
2930
6999
3695
4203
2830
1768
3846
3301
1553
4905
2997
3983
920
4649
4982
670
3979
4513
4973
201
31548
220
4459
777
2153
4998
2691
1640
220
3818
9097
3370
4135
1701
16322
1858
4525
3067
6707
1406
3629
4649
556
4256
42236
1429
3714
1409
107
657
4043
1960
2301
1410
2675
3282
1653
4614
4474
4815
42493
2764
3874
24409
4889
2361
333
4382
30404
4269
4096
3601
80
478
49060
4859
2987
1373
2312
4050
4845
2604
28929
1971
3273
617
4762
153
576
846
3298
1060
2750
1641
2772
4835
3977
4399
1832
513
2877
1130
4377
2280
25319
1371
3650
2495
595
3203
40
2150
1846
36262
4803
2432
241
2879
973
114
2394
47967
1282
3722
3724
3369
1010
238
1048
861
3940
4554
3322
4863
1929
2559
9946
3914
41976
3696
481
2057
2345
2312
1823
2708
3133
12140
872
4041
3156
2660
1619
3509
28581
2205
4660
786
1597
3624
1404
2387
2764
2023
3635
3229
18
1417
500
976
2590
1123
652
39
1618
2734
4172
2231
4727
130
2400
4954
37259
3176
2776
1817
4340
3747
3064
2368
2449
3715
21514
939
2393
1949
2792
1539
2074
3540
4749
1502
4946
4664
4116
2526
3427
387
4141
1953
3909
2836
4977
2263
4467
4694
940
2603
1945
1436
3489
2648
3861
3819
3403
1948
2492
3128
47111
4960
3809
87
3013
4054
1648
2312
4006
2527
3503
3801
4433
4825
4389
596
850
2563
2690
2378
700
4482
2130
987
1740
2197
47881
3404
3899
3550
3905
724
4257
2182
191
1785
387
961
2870
3640
47
3956
3660
2165
62
963
4024
515
3550
2136
2036
4723
2777
3195
1417
4382
1648
3957
1503
3769
3261
37108
3850
19674
8661
3565
5630
2255
4042
33351
4684
4046
2743
42707
11613
1104
3041
3884
1525
13708
4437
4540
31001
1054
486
903
4758
3517
1174
885
4835
2900
1246
4275
33277
3641
2051
3344
2234
35591
1992
238
145
4392
1678
740
4334
4691
4226
1509
129
4723
3173
3566
2305
36083
4078
3074
3785
1008
4827
2020
37
47064
1925
986
4704
1640
213
48734
1547
3354
3134
2736
2291
3593
1620
4593
3678
12
3234
2354
2084
3047
4397
46984
205
2042
3075
2243
748
570
48905
4258
3478
4807
3350
1470
3178
3029
1916
4527
3302
2781
1882
2696
505
4490
1396
2782
1752
2064
4683
2110
2032
2973
4183
1626
1912
3829
2199
3672
47602
36755
4523
1029
4937
1428
868
3030
1790
1131
1919
4601
4706
1143
2529
1244
4358
1269
2295
2111
4257
3854
3172
395
4202
19482
282
4420
1766
1676
2846
4563
189
1400
4746
3185
3198
3461
3659
3179
9960
2283
3938
2725
3121
1430
4463
3839
4688
1776
3810
34358
3780
4211
4869
4338
3442
1699
864
228
3528
3815
446
1239
13616
4585
481
1781
1807
2747
4978
919
2921
1350
904
3564
3465
3227
2430
1210
2822
648
671
3915
2896
4548
4847
2701
553
2446
3081
2234
877
1971
4592
2551
4242
2795
1329
4202
4449
22
2360
4948
2440
2244
4782
3216
877
10536
2668
3485
3534
2229
130
2432
1645
2982
49737
4288
2592
432
951
1718
3319
4046
1237
4794
3143
2860
1289
690
2995
792
1627
3358
3728
3
1613
4968
18692
358
468
1879
33035
2095
4205
1852
215
1438
93
22542
3591
34459
3542
2786
108
1904
3667
4776
24
3870
4575
968
3376
33042
3989
3353
575
354
2943
4011
4014
3037
10473
42755
4800
1529
2912
4504
2731
779
1359
4134
2067
4334
7
2510
2891
2052
1311
3149
717
3744
1263
3390
3625
2319
2273
3444
4364
2819
281
4971
2504
2313
1936
3887
1847
823
2734
4613
3529
3817
4432
1012
259
3602
2333
2803
862
4417
3713
1256
1164
1942
3598
24065
552
37056
3236
1395
24932
2596
1516
4324
3564
23622
2788
2322
292
3605
3846
3547
3310
2086
2671
3145
81
435
2907
2611
345
2037
2741
3413
3336
3730
3620
223
2987
33265
1066
777
24286
3393
3719
1382
1148
4881
644
3340
2110
35604
1548
964
2030
1252
390
45317
38264
3032
1943
4729
3620
963
4984
3289
3771
272
795
37911
1069
493
3748
142
1891
23704
20641
2049
4382
3565
1453
3009
3665
3633
2975
3820
42539
4340
2680
996
896
2558
1347
4632
4876
40126
1946
4157
2666
3345
1081
3755
3725
24478
3757
3275
4712
4011
1538
40395
21855
2315
874
460
4101
1822
2063
2245
1895
1117
2261
32124
330
3787
3621
3580
3643
3863
4081
3871
401
1134
618
3030
1718
4962
4274
46557
4834
4636
13059
3560
4968
2599
10734
3738
26456
1780
3323
4337
653
1186
173
26543
4933
957
45814
3437
3427
789
3656
3904
2823
890
4797
2721
4194
1961
2544
3965
3173
121
4610
3887
1070
351
11081
2448
1074
704
1185
212
4256
4886
2677
1558
4183
1770
2016
3144
4660
385
1429
1456
2880
3702
4166
473
1170
1962
744
4497
448
24253
252
3619
4080
43718
2635
3593
2270
1875
4705
3702
4794
3973
3969
883
3798
2664
4963
3572
4326
893
4964
12536
650
47533
946
587
3721
3364
4564
702
1449
42280
4214
4986
4512
3572
4467
3773
1033
1586
2679
1999
2976
2050
348
522
1914
314
775
3994
3093
994
1118
4649
6053
2426
978
4119
3570
4107
2826
2381
243
41898
4036
22354
4337
2915
21
3520
4595
4270
4178
1566
37667
1546
1319
789
676
4118
3154
20
4835
3145
2251
2766
4919
1478
2624
2311
4289
1331
1045
42434
22139
935
4476
47
877
2731
2989
3331
1607
4531
381
3115
2872
3423
4202
232
15107
1252
3700
4539
3082
1962
1675
2217
1404
911
45160
2529
1623
341
230
96
732
208
47799
4085
161
1555
3133
3016
3000
2588
246
2895
1428
2996
1955
2623
2146
4009
153
4857
3092
2766
2655
2311
403
410
4892
2256
2158
12042
3581
4796
3206
719
4254
344
1777
315
3658
2281
369
3769
1247
1235
3212
27899
4598
4496
4213
1778
18662
416
4341
701
4811
27074
2122
1311
1377
525
1435
2949
1360
40813
3163
100
1986
4108
2459
2843
558
4861
9049
2884
2109
1597
1445
1791
3268
3835
3697
53
4432
4888
2195
4246
11932
2440
3597
3422
860
904
569
146
4322
1290
4793
3630
2986
4119
2942
2770
4588
4575
1358
3980
981
1053
2266
4992
4185
16195
4546
1002
3249
3
3970
38717
2153
3914
697
4405
1483
8019
1206
393
3143
1597
3143
168
3104
2853
4869
4928
1066
2127
2159
76
3605
22357
3675
32809
1043
42
3106
292
4243
596
3028
4213
21325
854
1133
1339
2695
2284
48009
2429
2153
2812
274
2824
1565
3192
1083
6450
4894
3700
3859
44437
4762
2617
3210
675
311
2740
2437
2913
1445
4988
3881
2500
2017
2078
2938
2570
3245
158
361
48536
4739
3954
4289
1154
1526
3475
3088
4675
4202
1920
1530
1848
4835
2355
489
24108
257
2141
2970
49599
2449
844
1977
4586
4949
1802
4460
2246
1813
2102
3260
634
315
3535
3699
3754
972
703
3122
2239
1017
4991
2052
2599
2705
2121
78
21942
29564
1541
4345
4295
417
3789
2591
3189
937
986
343
2238
3752
23565
1653
2744
1407
505
508
14
2957
357
1398
2379
2741
733
1586
1034
3531
1112
43835
569
256
2092
4079
2387
780
2404
2747
2229
2107
949
1352
2775
3861
4943
4079
922
4321
768
662
2283
2951
975
3307
1598
1103
1184
4861
168
405
1977
707
14080
1571
39015
2580
2056
2610
3000
3095
322
2780
22691
7780
23445
21072
3697
592
3543
4163
3905
614
4948
4746
1606
1201
3831
3059
1165
34567
1340
23045
3160
3773
2250
2096
3786
4591
362
13001
1032
876
29
4368
3479
4397
3106
49836
2337
4597
1551
1940
3915
4740
2443
2099
36057
1014
2361
18595
21964
1577
1697
1688
1260
2833
2201
3760
37361
4869
3911
4489
1758
4382
1250
456
20552
179
307
1398
2475
2797
2627
530
14163
1440
3619
2262
2743
3533
1336
479
787
1349
4951
1029
374
352
4314
35810
117
408
4301
1358
13086
1639
2537
4557
755
1817
1448
849
4045
327
3098
771
4345
1692
4090
3733
3959
548
3249
2431
214
4147
1400
2281
11500
2186
3382
1826
4465
3548
2100
4136
551
2690
28
2543
3324
515
4405
508
4643
41009
2812
22230
1096
648
34205
4868
221
32244
1504
2891
899
3928
2121
2731
3059
4567
1157
1767
2891
46370
1607
702
1626
4121
4277
2812
6101
19754
4512
1463
1352
36866
1410
902
3984
3601
1900
2414
3308
3282
1334
1089
162
1460
310
3467
2165
3905
4535
2211
3768
1753
4752
1193
415
1199
19195
29795
2381
2389
3598
3007
2816
1578
4778
2831
3267
2443
2805
950
4747
3635
1804
4471
4572
1447
1606
1728
24501
3234
1878
3958
225
477
3398
1949
1080
1299
2681
3006
1895
3778
4892
1179
3757
1457
4041
4753
787
1435
4083
1807
45583
1173
2666
1667
3303
21771
194
3662
804
2654
45436
3624
1129
4012
1785
1279
4341
14483
2153
4644
1773
3603
1215
1915
2194
3693
1029
2771
1524
4348
3647
291
4084
12709
4443
4515
4813
4157
16
3185
4624
1773
1065
43
2772
799
4620
4935
1769
75
4722
43601
3350
174
2855
4910
1749
288
2401
2308
4902
1397
328
38623
3848
3539
4010
2227
4257
3003
576
3715
2236
27958
3391
2570
4708
35
1311
2685
3050
909
3418
1966
1046
2473
2660
1191
4050
438
3434
4143
2823
4038
764
35579
2965
1249
389
2923
1988
4260
96
978
5909
2263
2149
1260
854
2717
3275
3168
1043
372
3081
1305
4934
1978
18920
3032
2661
2616
905
44637
4603
4776
1338
1157
2145
8952
2360
4120
2247
1084
1470
454
1016
4534
778
1114
4138
4893
319
4299
3326
12638
3841
4516
3226
4753
3434
70
1915
3562
4148
1486
3742
319
4136
1900
904
1121
43368
4726
40777
4995
3188
1382
25243
3170
4922
2896
2623
18887
369
2352
600
2544
3602
3652
1388
3771
2234
4848
1431
2057
3656
960
3902
233
1908
4673
4313
48673
3205
3301
4874
387
847
1320
3541
4391
1915
22771
3563
167
60
2281
1128
684
1910
4669
181
4771
3240
4007
4399
1268
41324
4482
4551
3181
3317
1950
599
1237
15078
82
2351
36
866
42964
1428
3371
1102
2191
4100
879
2853
3584
4069
44528
1329
1646
1106
317
2404
3499
718
160
1173
36146
2922
384
3384
3336
4314
1342
2187
4403
15057
4939
1230
3525
3766
38358
4411
2135
623
168
2671
2493
867
3211
4643
2618
1250
523
1462
755
1951
3224
32
3934
3024
1438
4530
4691
4617
4252
4265
2858
3626
90
527
218
933
1940
17927
11576
4964
3972
594
1880
4647
865
4416
1874
1583
2625
3997
3248
1604
4472
2294
481
551
1211
139
25681
4577
4479
1441
2598
3302
14916
347
1400
1642
307
1142
3760
3839
2904
2340
3905
458
3215
494
3249
1978
2693
1313
796
3506
46220
2996
4586
3457
3744
984
29608
548
306
41644
841
577
1297
3828
431
3063
3787
2387
904
44634
3346
1905
2808
162
1968
1789
966
3454
33473
4033
1696
3339
227
19103
3666
724
2670
2366
2704
4779
60
21
2584
1953
2814
4090
3672
2068
3703
2302
2388
1078
661
3034
4283
4663
4509
2219
41006
4305
2702
4476
318
21303
798
3626
163
3491
66
679
3912
569
1648
11148
4714
4884
4877
1606
4016
2312
3011
2548
3511
633
1808
4203
3666
27768
861
1570
10519
2418
3836
1423
675
2158
111
1412
647
13
656
3828
1096
1689
811
1220
953
262
3642
204
22633
1185
940
3317
28451
4377
1131
28751
2878
2115
2080
4895
3422
2357
4532
1912
24238
4564
3518
3648
1140
965
166
4472
3889
4829
4434
4268
2725
156
4172
4042
4621
692
1790
1439
291
4317
2633
12
963
929
3144
3724
4534
4853
1357
78
2095
692
4173
1853
4087
905
1630
605
3705
1408
4788
2165
1039
4746
4002
3631
7617
866
2298
2607
3536
1293
2278
4079
2357
3989
1416
6531
41867
2476
1430
1079
4962
3684
943
3634
7938
2118
1353
1615
1736
30972
2530
3816
1756
1220
4545
4920
3306
847
2854
1116
3733
4333
1716
1973
27038
1020
4391
1966
860
41063
28360
3541
36047
1719
2931
1988
4905
1240
16988
2854
4642
4753
1588
3702
122
14369
2942
3305
54
1559
4378
1500
2145
3287
3827
1042
445
140
2125
3202
2343
4730
1511
323
4692
3763
15356
475
192
1721
2011
4555
893
778
1621
3437
3433
31667
3067
834
4755
1296
4597
340
4153
4117
3769
433
1023
4340
1562
926
4918
2389
2028
649
2383
1252
101
67
3503
3378
645
515
1388
3536
880
4438
2820
2587
1160
1776
1275
620
92
24045
4823
6178
695
683
355
25137
1655
3513
2164
4270
2305
34739
780
1853
3415
3845
3647
1913
2184
4252
2472
34891
27344
1507
3202
3393
1928
1647
3726
4744
838
4393
4714
4424
2745
36195
20712
1705
3009
303
3701
2748
4029
44296
4938
2619
3220
4168
1706
1279
2729
532
3921
1309
1820
13
4872
4747
2377
3500
1348
1192
1449
2970
1313
568
363
3335
306
1723
278
2751
2404
5674
2115
1296
656
644
1718
4089
2254
2607
3891
4455
4201
2685
1894
1887
1686
1425
2565
1247
2156
4992
799
20664
2583
4723
4583
4545
3368
35135
27713
3854
43058
3412
1886
4979
3620
297
2997
3306
850
1838
32268
1969
483
4272
1544
1077
2848
4554
4237
3400
30549
317
4661
405
3658
43459
731
4447
3558
2363
3500
4019
921
3229
669
330
3926
1831
1716
4457
9237
3677
1949
2673
676
10484
930
1105
3852
34402
934
846
2793
4691
2518
1899
4729
3860
3904
371
433
2205
1485
3589
4794
1941
1497
4058
1919
4956
14014
69
1035
3745
10082
676
356
3171
1164
2571
2016
1205
4383
4948
3366
2147
3168
27317
4887
1315
3958
1748
1970
3719
2314
1745
4313
4598
2985
1456
35377
4994
2776
45826
3942
3696
1800
2109
2286
3910
500
931
208
137
4840
1499
3892
23902
1216
4374
568
4391
31431
3513
4565
4004
2201
15924
4691
1468
4995
14950
4432
4841
38
4912
4182
3023
1060
3704
3445
3016
440
1940
4208
2646
2311
4506
507
3760
1880
21449
3453
3729
2990
1173
3024
768
910
3192
3920
2040
4631
2124
4790
1299
4241
4094
4201
2550
3624
3956
3767
1661
3349
306
3667
587
2454
953
1909
2940
4590
2541
3004
3527
38315
825
3244
4167
950
4488
3510
14
963
28
345
571
4678
4084
4620
4523
727
2707
4087
4376
2544
3111
2346
3224
2094
1738
349
1852
1235
311
3549
23370
4314
1269
520
154
76
4889
977
1594
3270
2522
3439
3631
1950
3139
4733
4186
3582
1162
1648
1413
1855
3036
3972
4692
1290
423
4838
762
3426
4262
788
1185
2552
718
29135
1804
4551
9090
1643
1851
2340
1105
4124
1994
4048
2878
1455
1480
28261
615
16940
4212
1215
1716
3924
702
37882
371
1927
2265
4870
1292
1499
2041
3442
4336
2819
4679
4910
1415
46374
4501
1232
455
30772
4257
1218
267
3084
2023
3833
5362
4580
329
45681
20476
3561
1632
1144
3877
1792
3607
374
4647
1162
218
4461
293
664
150
4555
4056
2968
531
467
4541
3781
3972
2168
2691
310
415
3586
879
4353
4623
1640
2860
4164
3118
1931
1774
1561
1620
2222
1573
114
1235
659
2380
2339
2834
4801
4558
4489
2261
555
2849
4568
3788
3638
4679
2297
1294
343
27941
952
18482
3326
37379
3158
380
149
3251
2430
17065
2558
1318
4461
639
1720
3933
1107
303
867
3095
1856
846
3395
770
2951
1290
3940
14119
30331
4033
3331
3654
3960
362
25669
346
2960
1184
4719
3471
3925
3328
519
2508
1044
4063
4918
982
3445
4512
3759
18487
4574
4881
4949
37221
1047
7393
4941
848
3467
1637
48631
2501
3218
3432
3516
3530
3529
2739
48373
2931
2155
191
3647
2405
18225
2027
4211
1556
1663
83
3857
4414
824
3883
2611
4393
3692
1595
3629
2012
47902
767
4710
2636
549
44248
4983
158
4830
4027
4487
4713
2175
35640
1634
3490
3970
598
2696
2732
2401
2385
3411
2809
400
4118
3813
49872
4049
4152
3152
2114
314
234
1851
194
43148
2433
4270
43320
991
2129
1690
4595
2064
18176
2392
3902
3396
2915
395
2179
1539
199
1026
3636
25786
4492
2334
736
1847
3859
3267
1317
3921
4989
1677
3096
1621
4480
640
4189
2037
4198
441
4107
2318
2746
498
3093
561
2697
2358
17393
1928
2962
822
2346
32128
3247
3138
887
34250
2723
1324
1423
3405
1704
43933
2181
247
3667
2188
4137
14956
3616
212
4372
1206
9447
3967
3994
974
4479
79
321
2292
4288
39610
1261
3791
48743
2168
11198
3042
2282
4643
205
3862
1925
4521
1956
2215
2467
2363
604
1531
37800
3747
287
3168
74
2869
2995
3575
3964
4275
1032
1484
4826
3693
1395
2923
3057
1774
2629
3355
3035
3310
2347
3453
2875
2814
2538
10906
2203
4975
871
1740
1269
940
732
3811
4867
3427
19683
3077
3725
501
3654
1531
3606
11037
1829
4940
453
1719
4957
837
3400
3472
1633
4523
4033
3812
4643
547
17707
3374
4468
4829
4914
3890
1279
2450
4334
1247
27855
2228
677
1738
2059
4091
2528
3816
2782
752
4406
4641
286
2181
2948
533
36956
1134
511
2715
1877
34
4434
1242
3562
4097
46051
3351
3782
236
194
4602
1274
2947
874
36105
6
628
2419
2573
25890
21256
4155
703
3356
3212
2439
4905
772
2893
2158
839
3181
2562
3481
4891
1242
4584
1783
1403
2081
429
3243
696
2497
3951
1439
4246
3040
4293
12965
2310
3091
1804
904
3416
6168
3132
4350
4135
2508
1248
794
157
4964
294
2747
2422
2802
18229
626
1378
4061
3024
717
278
1153
982
39079
4354
1583
3666
3986
1946
414
3840
2848
4630
898
754
3058
3392
2419
28630
1091
1760
4766
488
4559
43921
24908
2786
3999
1865
3244
1720
4382
1767
3483
1792
11775
1329
4131
14316
3423
3385
2997
4072
4961
2623
2373
3397
2409
3692
2192
4130
2614
1752
465
505
3493
4451
2340
2691
271
2359
2947
29341
1335
4735
3725
1370
220
4170
46
4422
804
4654
2657
4839
1815
2570
927
3826
835
770
48357
428
4972
1544
3154
2942
3918
589
557
292
428
24718
4549
566
4138
4222
27179
200
3276
3245
1525
2537
774
4593
303
4486
2190
2347
2601
3933
2865
1897
4583
1665
26061
440
4894
14236
807
4974
338
1060
2551
1862
690
1703
1446
1240
2119
1981
460
1417
3872
10282
4394
2257
4310
1320
3251
4325
3429
2201
1609
2991
3705
4780
4731
3518
254
3780
1918
23979
986
4599
1126
4448
976
4051
3193
47030
2098
1644
2985
1532
2101
2797
35306
2091
1913
13889
3984
1401
4275
2760
3746
3056
11929
150
4048
4729
1844
900
646
1769
2014
2637
776
818
2066
320
4170
2816
3914
2775
4047
18868
4568
4778
3214
4950
3346
2560
2634
2537
3203
1777
2086
182
2250
25008
2844
1353
4738
2053
2771
4387
3629
4756
439
1263
3845
42302
4670
3031
2543
1852
263
4030
4321
197
4161
775
1727
2268
4823
4662
4586
105
2896
2324
4420
91
3193
1646
3403
3584
1618
1284
4550
3213
3292
777
276
4982
4115
3986
2241
2440
4220
15854
2648
2727
365
3887
23005
33
1896
3852
26952
1949
1532
3078
2141
19531
4548
33202
3259
1542
3190
17951
3375
4290
2756
2244
2885
19878
5775
4422
4426
1263
468
18521
2964
1696
3253
2704
2725
2857
4224
770
3853
144
4324
1538
2090
2491
47
3225
2207
807
3952
1751
3106
1508
2360
4267
2780
3311
3297
4156
3231
3949
1882
3540
3688
3792
2704
3320
4705
2191
3549
985
2258
1733
22516
2508
3506
3020
340
4241
36501
28710
126
4747
3026
2232
3922
1290
5236
4925
2643
2307
23853
13348
3025
4094
2831
1188
4584
4712
4233
3667
3097
2941
747
656
3072
1535
4804
1153
36178
4405
3041
1616
1184
2983
3317
11982
2880
4346
1930
267
1432
29381
4719
4335
33232
4644
2053
486
2395
937
568
2662
4404
16372
28624
2787
4393
2236
463
3765
3636
1760
1343
1654
4890
3283
1401
3635
4560
4340
4178
1040
2993
961
129
3778
2811
2182
4806
2872
1118
4912
1011
3749
2471
3244
3602
3894
4018
98
4538
4621
4140
1775
879
2270
34833
482
290
2974
1607
1747
3252
25640
3577
19303
33242
4220
2753
881
4988
2310
3214
2516
4419
4527
4264
2320
1112
1942
1398
126
290
2741
4326
1188
1190
1956
1237
324
2111
658
3244
12304
1041
4083
1657
430
2139
3682
2224
4602
4318
3440
2981
1268
3927
28334
19417
2810
7434
848
3186
1436
4291
2622
763
1568
3677
3080
4629
48511
2767
591
876
1867
3761
4113
3333
4955
4316
3412
4794
107
2641
2102
3725
25719
210
30226
2833
1332
2962
1739
1445
679
4346
3565
2796
2760
1751
4817
592
246
60
4677
3908
2481
4834
4550
3425
4812
2577
4884
961
3927
3952
1984
2964
1577
3235
4642
3693
4169
4964
4348
3486
82
1932
3900
41640
2368
16857
32993
3949
1350
2684
518
2941
33523
4474
1635
2275
3112
1263
2445
7121
1107
4493
4140
4370
3398
1413
7
570
4729
4132
3700
4183
4621
2559
3741
4348
1125
2797
2571
2240
2024
28444
19767
2342
3566
454
2301
4035
4767
2553
1925
4535
2737
603
759
2884
764
361
587
2249
206
2175
3798
46437
549
2586
2156
3364
3961
4549
13900
4714
671
3562
1740
24064
2570
3521
3990
4432
4266
120
1453
825
4200
3318
4888
3393
2344
3796
1538
2062
4255
8000
1474
1060
2081
3862
4961
4146
2125
1887
14379
3256
365
2842
469
4513
1827
956
3318
1758
4976
3090
3209
3678
471
8976
31259
7147
19099
2684
35704
3594
1332
2170
736
666
2323
1181
2107
4361
2570
286
1280
2972
25003
1187
1986
684
4653
2454
1249
3649
37735
1694
3957
286
527
3513
2974
42890
4892
1458
739
6192
2797
137
2178
3119
45
4065
3425
2472
40591
3542
731
138
876
2858
1800
140
3903
46523
976
4733
4951
2213
1223
484
2475
1467
2550
3152
2322
3177
3845
3117
7682
3911
2231
2682
3951
2624
4795
3395
2734
2275
2432
1004
176
2573
3642
31204
4316
3874
3053
2130
2492
1698
4738
48453
4393
4769
795
4953
1269
1954
2840
4584
1717
2465
3729
4391
4353
1040
3626
4410
1964
1651
4321
3325
932
2182
2505
3937
4148
570
1860
3080
231
2461
1004
3779
138
2201
4495
43347
2018
2564
4390
1010
7796
1819
360
1956
40227
4243
2296
2159
3245
11
4304
4032
148
2340
3840
1280
4113
1165
1924
3201
4294
2482
37577
3728
1549
4449
2461
2891
1451
1458
3500
3751
4889
572
3445
36969
1649
2459
4427
3780
2719
2418
3922
2025
4844
2641
1145
4757
530
1231
1477
503
2398
3534
3592
4186
3893
19316
2648
3523
2430
3772
389
8546
1875
3104
2685
2036
4705
1289
3339
101
3778
666
2138
402
4107
48216
2583
2523
1177
3360
2386
1527
4117
762
2403
1075
2821
1275
2696
1607
4300
18392
2300
3648
4292
49073
421
1759
27883
3197
1663
35417
3055
4043
3234
26520
1750
3069
3278
4625
2306
2952
894
608
682
4929
26866
3919
1992
5623
994
1476
35831
4769
48188
1300
46815
2198
4589
369
627
1680
3934
1087
1129
3271
4333
2415
3604
1747
3114
1534
4922
3703
3332
305
1404
2208
1351
1643
34289
4020
4849
2051
3495
956
3660
20029
7416
4699
3644
2150
2824
14575
40491
3478
45823
2467
4702
822
3308
1034
502
48854
4405
35496
37739
2442
1304
4093
4214
1212
2832
963
155
4281
4769
460
2997
1193
1311
2572
900
2918
4379
4029
2340
3345
1477
1419
4279
3352
4599
4826
3033
1187
1685
4113
266
2909
955
671
4737
2577
3665
2007
345
3780
249
2750
1697
94
2654
4052
675
1964
1967
19956
3706
4526
4952
3726
4942
1603
49706
1030
3373
40997
1080
3209
32016
4545
1842
3828
16296
3521
4201
1693
4422
3100
947
4685
1987
3333
2694
2135
4223
4714
3183
51
3550
1385
2046
3991
4938
47343
4896
3963
4764
757
3940
2212
2033
4490
4876
1214
2683
1154
161
2986
14774
4112
2666
3247
4147
1594
414
4568
1971
4765
24272
3547
3966
3079
3503
1273
3117
1500
4053
558
3970
4396
3025
2725
4531
2604
23228
1302
4020
4835
2185
31202
3240
3497
1756
5511
2167
400
3458
1360
4955
34739
4910
235
553
2909
1451
4643
4025
1213
4574
3777
2223
2811
4909
3391
414
3907
4590
4088
3340
20851
3013
614
254
2889
3821
44537
2545
2294
4706
3202
2782
858
1860
3017
3100
1653
3284
2771
3940
4691
1236
6533
3660
2470
34434
2704
1696
1522
518
4795
39750
3178
1190
1776
4826
1876
4811
4110
2103
3101
4668
3817
2227
2240
2301
1170
4997
1406
1990
3077
3476
3557
2604
2479
3529
1404
935
34225
63
2763
4349
1996
2499
4421
2734
2025
3137
1193
266
4639
2957
3817
3671
4802
4559
4463
4992
3658
797
112
2962
1401
4298
2491
44630
1710
696
50
29654
2787
736
2233
3645
4871
1671
26
1204
673
933
1774
1083
553
4603
2480
4590
2315
3089
15
2461
28127
1038
3355
4652
3867
853
4151
828
346
1504
1300
21113
3374
2163
4101
2310
1870
2243
14
5
2121
284
4153
2074
4787
2865
608
23471
2709
4700
3278
3665
529
170
2936
323
1356
3443
33977
3373
3405
1997
3486
4694
4519
2138
2394
2617
2597
999
1419
3322
4187
1243
4347
2001
4462
3867
252
1515
2659
4231
1175
4759
2273
227
3229
3305
3287
4862
5953
93
4493
2384
1564
2422
4656
924
4254
3950
25
3582
819
1161
376
2545
1819
3866
850
2984
955
1589
48728
4092
4118
1794
422
3958
3102
2427
1083
4381
38533
729
1104
4036
416
4369
4598
1229
3896
1013
1906
2033
3253
3525
1454
2055
4298
548
1348
1340
3636
2952
2101
184
3486
3427
39610
1333
2032
3480
45271
2763
46785
1550
30168
4371
1556
25571
2130
2351
2098
2415
4940
1685
22199
14960
2344
81
12272
1019
31210
1036
2837
1404
2151
192
386
964
4657
1196
32546
267
35923
782
1431
133
3338
2351
3807
4446
2023
3599
4058
1290
4975
12239
4666
1560
4505
1326
2165
1713
23262
2192
4745
209
209
3997
890
1141
2210
3804
3028
3744
3667
46243
2801
926
14893
2376
3296
7355
25661
838
4724
4494
2506
2117
4856
4135
1561
1389
64
15782
3589
549
1933
7
2036
488
4009
371
552
4064
4226
37813
4404
2152
2850
3441
3886
863
203
3092
300
4432
350
1294
4897
1886
8792
2651
1789
653
4411
53
3703
2442
670
838
482
2947
1540
2590
2511
3186
3804
29341
2330
2864
35319
1705
4548
4804
2248
8017
299
133
30586
4143
629
1143
631
2474
2962
4869
17521
2648
3950
1019
26402
4730
4038
3511
122
4015
26810
1553
1756
1911
22578
4029
518
1271
2232
718
867
1120
3542
1893
2812
4880
4424
469
4227
367
2422
3882
1983
3902
3468
716
3487
1734
34056
20806
3107
4193
2639
591
2736
1873
3350
701
4113
1278
3403
15808
3264
2735
38653
1647
481
208
1583
4836
3293
4368
633
2371
41
3100
4270
4238
22579
16892
32502
76
4985
1002
15138
162
2081
1779
1250
3136
2218
2113
2633
4212
4996
1511
2425
587
2136
17
3957
2577
3576
6792
4066
2932
2769
4394
1195
1912
1026
3479
37018
425
26349
4408
583
1346
1807
1250
2920
4084
2491
2688
3778
3982
2478
1806
4620
3947
1932
3187
4060
2978
2371
4448
3158
3525
1851
1682
1463
1609
1247
942
983
2006
2022
12137
494
1726
119
652
3748
2871
4775
3241
2252
278
2621
4765
3972
3065
47230
3265
2081
11326
37135
4977
748
2525
33806
1826
3972
48791
616
1389
3550
4071
1155
18681
3799
937
14680
1185
4231
998
3483
4716
3928
2295
44084
2033
1896
2972
1715
274
4036
535
1728
3243
1869
529
799
2684
1552
1575
3814
2341
568
4740
1177
4222
1709
2092
1559
16383
1214
1191
3436
2712
1501
4587
6471
844
4024
4003
38447
14373
3561
2164
4622
156
1762
1185
2344
2002
381
40128
3715
4647
928
24842
880
5431
3087
20123
40699
37269
2889
1648
2857
1403
22687
2313
2111
2972
1461
238
2486
2969
641
1486
3042
2993
614
4617
4822
1381
3517
2306
7016
4955
3187
958
4866
744
481
33433
2977
6951
66
22286
26011
206
2230
4402
2508
1685
3297
733
2882
3514
555
4327
1600
16432
2690
3920
2704
3576
34758
2587
798
3727
2802
1657
2002
279
160
296
2740
4448
492
4232
4164
148
3331
3706
2836
26277
1822
1851
4295
4788
2966
4299
3481
2796
1987
1812
2911
17648
1176
32308
4667
284
2833
3047
2670
4200
2212
2764
262
975
2547
478
12924
1580
2493
2473
245
4979
477
729
3812
669
49252
3532
3598
2407
3732
1023
4038
32184
3459
2200
1909
1131
2457
1260
841
801
3017
1201
4991
1485
823
4479
4264
4789
2845
3105
1161
3709
109
4093
1547
2882
1758
3999
1504
3595
571
4428
3071
263
1153
4259
20863
1458
9605
4657
542
4778
1565
3697
1002
409
4599
172
4431
4109
3438
639
2807
31331
859
1431
2106
2138
2428
1824
4570
22777
4634
4240
1309
165
4530
1653
380
18654
4967
11559
1137
40538
13463
4116
2184
1368
46188
11939
1723
1886
425
1278
46507
1817
2172
2741
2727
3127
752
11275
217
1006
353
3055
114
3587
26590
1676
1067
1925
6521
36005
737
6536
4443
2492
4859
2115
2917
1511
2083
1115
4928
3949
495
20091
534
1402
29260
15659
136
2515
4297
405
33078
1472
197
3745
3515
372
10733
279
1828
3708
3673
29968
2007
1439
1365
3692
973
3037
2639
3921
3177
97
1553
4247
221
1109
10413
2446
2910
2414
3292
4569
3125
2338
2908
1277
2052
3241
6520
641
4698
1361
2567
4228
4379
3940
2866
1309
2809
2432
239
4535
4694
4930
4136
50
1654
4758
49421
2189
23359
598
2245
1282
3169
1920
4701
485
2348
2773
3208
598
1062
30803
3967
4066
3232
4695
134
46882
2680
4656
932
808
3202
3678
4061
1968
785
712
4844
2172
4706
1975
644
1278
1298
3086
2197
1406
6406
30
866
1650
2769
1657
1646
2395
1853
4581
48938
3674
688
3006
11004
4970
582
2959
4167
9
2438
3252
402
4009
3237
296
4549
369
3968
567
3887
3878
1012
2463
1907
3974
892
1756
2695
3946
1532
3858
684
2460
1696
3240
3795
4353
2660
2318
39850
2821
3157
4961
422
3959
4013
3304
3380
1458
766
1006
3314
4205
1291
23
9
3251
3619
3221
1736
539
859
636
7272
4615
2060
4870
3807
4610
3789
111
2697
3338
1231
4491
1938
4552
3889
1217
2614
1092
2366
665
2895
1541
4276
33494
2205
4844
2818
330
4286
4203
3483
3113
2989
2001
4174
22720
2202
800
3347
1100
348
3196
19384
2546
2032
1873
3668
1358
1536
3565
3887
932
730
3977
18024
989
3475
2165
4810
3864
816
308
1261
4726
4707
21564
2598
2202
1270
3750
4896
2176
2836
3529
4235
139
2918
1892
1677
3165
43442
2187
4505
1238
2513
4878
3533
4843
587
572
2868
40117
479
3581
3245
1719
3242
49321
4193
2848
1493
4512
1293
5401
3832
518
4207
4472
1212
2202
2779
2022
1211
18458
4401
1028
4871
246
1462
3245
1405
2790
121
4072
33707
1769
3577
3057
1852
783
604
852
10197
1178
1495
3381
3152
2979
502
3456
2280
909
705
3107
3149
3552
716
2172
2454
1079
446
2012
3357
31685
1985
1514
2006
2006
40
2444
46958
3128
1468
3996
1230
4312
360
958
2538
2781
3797
3605
26599
1258
1997
2890
4871
30425
2164
19
2867
2774
1611
3518
3268
120
15508
3542
260
1638
2297
4920
418
2357
4104
4766
1874
143
2108
4223
4080
28559
4558
1319
4394
4098
2678
4503
1336
2422
2653
3073
13206
1807
41809
2409
15294
14702
3757
628
960
4041
961
4153
3211
2944
3326
3045
1811
2675
1839
2502
9921
4709
4954
4287
4167
1456
3623
1460
34833
207
7334
4515
1908
3750
24870
4111
4151
1210
3634
30273
3372
1947
4408
44164
3555
836
2866
1419
4221
35724
2170
1923
2057
3230
1222
3669
4073
40634
1826
880
2610
4581
3589
44868
3616
3698
1607
240
3323
4051
3766
4294
1352
4670
3385
1265
1878
2193
1788
2573
3837
891
3669
3573
3442
3083
4604
3595
2848
19505
2978
1966
2406
3567
2892
2868
3995
34335
1633
1672
1793
2484
548
4623
4025
1988
3404
144
3478
1565
4180
263
4214
412
33410
5225
2697
4116
421
1819
1552
1224
4459
936
546
672
1251
35078
1676
1041
862
2655
191
2769
3864
3470
2576
4914
1141
4931
2123
3827
385
1307
2029
2988
3978
2653
3258
3881
1054
4483
371
2476
1250
3939
3002
1379
2518
4168
1333
1657
2438
3369
15063
7974
455
4795
48199
3463
1677
27394
493
2342
2914
1564
3321
3326
3631
3625
3079
3182
4107
2200
493
1403
33742
4019
4778
2557
116
8029
2480
1467
3229
4623
3464
3092
3151
4611
3358
860
12
1246
2816
4885
3154
4113
937
4090
3685
1429
3643
3586
4976
46
4855
4024
2271
473
1167
3737
3345
2722
1510
650
3082
3295
330
23387
15199
3432
2067
1006
779
4884
1995
4656
3181
1605
430
4003
4090
3483
43
3579
1972
3652
292
2073
3762
3055
1345
1969
4148
165
2560
775
866
4284
2264
2460
3287
2066
3331
3749
4682
3919
1694
2104
11230
1133
932
1432
5
44
4893
25
1169
2063
598
3528
4839
4194
1367
2065
4719
17863
4461
4580
19
2302
38873
368
3954
551
3635
269
273
1184
3343
1541
3192
1771
4153
19288
2637
640
4560
1179
4180
4024
4496
17551
3793
2363
3770
4243
3314
48503
4084
3892
2964
4478
1007
1365
3609
2149
1490
1751
2707
35021
4244
2981
4895
2104
2827
1124
1947
937
2494
3301
47599
1902
4331
2544
1061
2629
4513
639
3049
1523
38781
6479
27737
735
505
3540
35074
45277
4669
1891
949
409
3401
4302
4511
4411
1261
3469
1484
3091
2863
9061
3322
4740
1571
3037
548
4405
3013
3211
2052
43260
420
293
3000
1161
3681
1166
69
571
902
2612
2220
7579
1249
2344
1567
2303
3771
1721
1998
1815
163
92
906
2701
4988
2094
2909
4610
3093
2832
41040
4947
3634
1280
3881
2882
3483
556
1727
2258
4938
684
3982
2358
3575
2926
4983
1373
2962
1142
4426
1274
17303
998
232
2205
1793
5693
992
1370
4636
1741
3448
628
1105
4528
3775
1994
5310
4150
808
2624
1703
3873
1689
39665
529
3154
4667
7086
22023
1603
3678
2562
3461
3254
2668
6661
25836
3509
460
1780
2177
4519
775
2905
287
2329
1711
73
1358
1993
1740
2147
1435
4617
37098
2531
4905
1591
350
2869
221
3974
39903
539
1545
2619
1400
29878
332
2926
855
1178
4648
2727
549
4074
2060
4535
1475
2099
2828
2814
4591
2450
539
29751
32149
4293
2357
1993
433
1406
4889
3051
2828
2270
3288
4493
30580
2150
1166
4625
2923
1327
4852
2972
2828
3118
2927
2219
3363
1806
1740
1095
43242
2261
2715
1227
1576
2449
1233
11214
2322
3538
1797
35914
1142
501
380
4431
4826
3700
11286
2210
3614
782
3759
2853
1296
724
2494
2939
1324
2216
1212
2524
4615
4384
1259
3235
632
2949
4992
1770
1331
1796
3865
3423
3657
2370
15829
2813
546
43845
2371
3961
741
2649
1926
2866
5829
300
2879
409
4209
4561
3377
41004
2806
1881
3289
4052
2242
4579
302
3919
1978
90
2030
2672
4905
4519
1641
1416
4783
154
341
3691
2107
772
4582
1328
2421
1428
2255
2741
2491
3693
4391
2795
1111
274
27943
4463
1368
4626
4242
955
3182
250
2191
963
484
3284
3468
9227
4964
164
4019
4384
1258
2155
2649
55
2363
2176
4757
804
1340
490
873
851
3424
733
803
4142
897
708
2731
35341
217
667
1947
1783
2052
4954
4356
1265
498
4647
2820
3184
2902
2305
1470
3135
2807
400
3339
4438
1061
2587
4616
1209
4391
2874
20654
4954
79
2463
1882
3698
2148
4571
3862
750
276
2304
537
2068
38068
2501
3899
4892
4702
1846
2998
4520
3926
2720
1278
4008
4642
424
2993
2516
2452
961
3489
3191
3754
820
3387
2070
3107
1425
354
1726
1917
3513
4502
1948
924
37450
3981
2440
3840
1627
2130
300
3813
2638
1048
49003
2015
1455
11707
2080
9671
2563
306
290
670
2179
254
1357
4612
239
2999
3822
479
3803
1215
2178
14890
1925
4247
3992
2712
1006
643
714
1733
646
1497
2976
3927
10157
4137
1456
346
3314
1720
516
3241
3952
3198
4041
3368
3600
4554
3482
2432
711
3213
1590
12858
3072
4872
2674
2996
1114
20331
1701
4640
3025
2180
4273
2584
4047
39198
4367
2115
2945
4595
207
492
4236
2280
1962
1303
3206
4378
2790
2295
118
2544
4333
3690
2520
3506
3451
4012
5968
3868
943
2567
4790
3362
3192
1150
3318
719
1362
4773
1721
14188
3755
2303
1791
3681
1389
39033
3150
1671
2024
777
1018
4048
4281
3831
1955
48446
4798
2761
4646
857
3404
4764
2264
2294
3852
940
4582
4830
3057
1752
3266
1985
2738
2466
149
3536
3936
858
1785
1361
4468
4687
3882
46267
1618
1755
3052
2798
4166
2301
3000
4993
3257
299
2336
1814
2896
2202
3966
1292
955
47103
25726
4209
3913
3299
3528
4370
3974
2032
2498
4601
2775
144
2665
3644
1267
3639
4982
3764
4729
1695
47309
1720
3996
4981
2539
1135
559
831
159
2548
225
1528
1715
4860
858
4735
3143
408
235
4940
1119
4375
4010
2535
38996
4293
4697
3123
77
319
3114
474
49017
779
463
851
315
2499
2189
4731
213
2981
71
534
4581
3121
84
2985
4976
2584
3658
2322
2236
1446
4136
13407
12557
1214
834
2446
169
3300
3994
3436
1710
4051
2639
4359
43575
3187
1231
3936
14036
2337
3528
3332
997
1299
1179
1997
59
3277
667
3937
4342
2116
2547
31269
1575
723
2267
933
2539
1910
4605
23272
2293
48915
1524
741
2038
2424
1651
1670
4053
2742
3613
412
792
748
4602
3199
3056
1171
3036
1779
4090
4877
2207
1210
3773
1282
21909
4397
1372
3734
888
1033
3430
715
3370
901
2506
4613
9744
3023
4115
3078
3483
3552
2288
10715
2851
1815
658
1199
2926
2853
3729
562
370
2846
2770
3659
1334
4676
4593
3637
3479
452
2808
13409
3559
3423
2141
472
4535
1625
1631
4614
1718
2299
2007
3158
2441
62
487
3178
1031
3748
38357
4882
2944
321
2338
4459
1475
606
4070
2274
3818
3871
4797
3364
4898
1786
4944
2020
3918
824
2617
4260
4747
3771
2352
2552
3105
1754
94
1830
21562
4198
1328
1511
3334
8
3838
3375
4063
8671
3092
38133
46067
2929
1761
4775
1102
4576
2921
155
3301
4038
1825
3391
4692
25480
3089
4279
4917
4354
778
4149
4585
1286
2638
1483
4405
4594
2150
9
367
1974
2376
1788
297
3797
1967
2545
45416
1908
2291
4727
4083
2592
1702
2859
91
2364
3745
734
3280
2529
2134
1549
2944
26634
3099
3948
48068
3064
4491
4614
3643
34445
3673
2394
463
2887
1122
3119
3566
2923
2379
24396
2268
4422
4612
126
2622
3686
1603
55
3062
2893
4958
4012
26585
2586
427
4952
742
2523
2833
4726
4436
3916
2190
2322
3581
2428
4971
3784
4100
1970
163
2225
4209
14701
3419
4401
222
801
3449
2584
4857
1259
804
1104
2214
1110
1778
2647
754
4681
3526
4813
4458
120
1420
3145
3179
4443
187
3658
4845
229
37957
4070
3760
11691
1341
1235
1062
18443
1060
358
3739
1501
4712
34498
3258
993
516
1095
460
2590
2931
4849
4605
860
742
1289
719
1101
16939
158
8330
1732
3521
978
3469
2984
1071
329
4533
1251
2745
1825
3373
3837
611
3250
3900
3644
3362
4503
199
808
2646
2404
1040
161
2423
2458
1357
4134
1870
351
1180
3020
4047
2071
1619
4645
3120
4664
2215
3216
2630
280
2543
2569
218
4880
3552
788
2340
4295
4544
3160
732
3723
2023
4951
2817
4360
3646
2083
1940
26244
2830
4272
3070
1667
2125
1307
574
1280
203
1837
1081
4237
4385
4436
2314
3215
4422
1893
4600
18161
3263
944
4939
24380
1602
179
1955
4182
4765
921
772
3022
21597
30789
4140
564
77
2085
796
488
4237
3572
3298
2275
47071
2983
4691
2196
228
4037
1985
1620
4732
3024
4288
1641
3099
2620
86
2497
400
4553
2299
32232
3000
9745
644
3773
10629
4152
37010
1026
819
2132
2710
3315
1586
798
4561
12526
2411
3441
1986
2485
2894
600
4691
3639
2662
1119
2227
4464
1132
2933
3757
622
4074
4898
1179
507
2095
273
3435
1708
2975
1337
3342
1760
4954
1752
1498
3862
37637
400
4970
275
12657
4060
31871
121
3821
2209
1927
4410
2543
2959
38974
1246
759
574
2801
431
3548
3003
4186
4485
3051
3803
1746
3627
2785
136
4811
808
4393
2986
1826
4228
471
25662
2848
159
3029
2833
2426
789
4712
925
3011
4141
4427
4711
4011
1666
4880
4448
5371
3670
1970
3429
2854
18195
4948
3009
4706
4659
1191
1585
1605
854
618
2677
4832
3633
1363
4229
588
2815
830
1759
1623
1086
44748
65
2558
4753
1615
3813
834
4662
3994
2483
1857
3495
242
4320
3296
38
4210
3280
2193
4710
1165
507
1634
1711
4426
4110
4869
472
1859
186
628
2775
2837
1079
908
3319
3367
2235
1668
762
1617
1465
42407
4767
1143
568
3386
19439
4354
1431
14019
17
513
4726
4123
4591
23664
4046
2902
797
1999
137
627
3958
4978
957
2395
4156
2809
74
803
4761
1347
944
1731
4925
9059
2129
2145
2720
2582
4638
429
312
1190
3129
594
4683
1845
1380
1542
2614
987
647
431
4611
2975
899
427
720
1743
4781
4022
4048
435
728
3274
44611
4364
3950
1764
27
2945
4067
47271
10202
4130
417
2198
4815
4213
3326
2538
922
2892
7737
4048
2140
2462
34248
718
1343
1024
68
21372
821
154
2905
2596
539
1963
2891
1376
1768
39028
1918
3585
4752
2069
2124
3428
27376
3100
22266
1714
16021
3549
4664
1803
4341
4423
23396
2198
1464
3059
939
1209
3799
3650
2772
4939
4579
3982
4316
1865
1480
3101
4973
3896
3010
2314
3787
2936
3970
4372
154
3859
729
1650
3999
1672
4776
4943
1321
3803
1724
774
3620
2341
3840
770
54
2446
3175
27316
356
2459
49
4649
1720
28942
4438
3916
630
3776
4120
1567
33821
985
712
1611
3264
1441
3620
3936
3387
43867
46232
3849
164
2283
2864
2926
4024
4513
4516
2852
1824
2065
37401
4607
4641
2403
3058
1941
3897
36590
2618
4346
3828
514
756
43080
431
3099
1652
3747
40411
4933
2052
4306
2001
1013
378
1723
2470
930
3780
3648
2606
3522
2867
5709
1460
4391
2767
1553
347
4391
3725
3784
4577
2178
2091
941
2581
2993
4127
1469
3824
3476
1845
3133
1860
12121
3884
4980
3120
267
3850
4354
3799
4834
3375
4895
36026
3582
2011
159
1987
677
4604
2460
854
776
4391
2462
3424
1587
3933
2601
1560
58
1964
1502
1189
350
3171
2995
3614
4957
2584
923
1102
3252
2996
1443
3471
3764
720
37797
2462
4730
606
328
21983
1013
1960
4054
1491
4467
267
26925
1692
4609
3028
3754
22068
401
3970
4171
109
7580
1836
3478
3320
3482
2648
2733
3249
2251
4445
1011
2382
36378
4959
3140
39295
3636
4031
3502
281
1851
3459
3952
2564
3405
3360
3630
3277
635
2134
2902
1908
29967
4842
956
1517
3263
16436
890
1721
3682
4972
4945
1207
1
3444
3672
1414
991
3263
3790
2382
3911
22849
4983
4596
4633
18944
2478
2632
3778
2043
2019
1044
4023
2262
4301
3976
4495
3889
4337
4990
427
3956
3686
633
1498
2723
1389
2672
4188
795
2798
4226
3950
24448
589
6387
3582
49
2229
3339
3232
4112
33148
963
2082
641
5451
2376
3156
42472
4063
1762
40
1496
4748
4858
19
721
3215
411
3408
4722
3291
2311
1432
1491
1550
3375
1716
1743
1315
20372
276
2396
2410
3383
3413
627
27
4095
229
17167
3416
526
1841
4230
460
384
1317
4892
3650
4254
1744
1076
3532
531
32890
1876
3678
2147
4460
4911
1976
38
4030
10043
11002
21974
4439
3126
4577
1280
1114
2267
3422
4979
1999
1533
3882
3718
1354
3397
2666
1241
4206
4227
1196
3027
4621
3918
1010
3908
1237
519
978
43862
2086
4470
3396
209
595
1614
2599
3169
3442
4238
795
1178
556
2552
2572
42
23749
4547
3241
45482
4081
1889
4074
916
545
2566
1449
34445
143
4015
3215
4886
4923
1673
731
1663
1384
3067
3137
4171
4387
36282
2884
3926
29669
624
3419
685
1295
4839
292
4405
2938
1844
2678
2451
2711
18193
4878
24614
1990
3836
1501
2562
3997
2382
26250
2262
1402
2557
4686
4793
292
2072
2678
3367
3938
2741
2803
1583
4622
930
4722
4446
725
6
36813
2913
3732
1216
4265
3422
2196
1049
2099
1105
189
1839
30754
1062
4701
3380
4890
4393
24096
2261
2045
3301
179
2869
4215
4698
4709
1459
2402
1344
62
3030
28787
49913
1319
1321
2953
3325
4742
1351
44330
193
3526
4965
3214
31209
7685
580
3726
2763
590
4890
3538
1600
3140
4350
4783
2702
3170
2175
1771
2308
4171
4454
3048
25751
2452
3404
3428
3994
1653
1541
1388
1111
1811
1430
3834
4337
1116
42225
2243
2896
4199
4925
1570
299
2069
3338
4371
20
17085
310
4071
4699
49121
3923
957
860
4514
929
4968
3230
3071
36769
713
7687
2688
187
3938
2864
47357
36644
4331
3854
1415
450
3615
4372
3706
542
2795
1994
1128
2536
4891
1249
280
1486
2897
13064
26870
1348
2799
3331
2143
437
3903
3096
752
676
404
3462
3094
4876
336
2627
1628
4194
1682
4973
122
20528
2049
555
1734
2598
62
3644
60
981
1729
647
4099
2958
2116
40466
35991
708
3715
3365
4500
1563
856
1986
2739
4986
4774
3323
1223
4899
31023
2701
43134
2914
3859
49567
4754
116
1100
1828
32709
95
4020
624
4158
1394
4673
3517
3045
2566
4933
4646
4508
1388
1672
3784
2662
4336
664
3891
3800
842
4518
1660
442
12645
972
884
4310
1574
3858
850
4593
2008
3604
2554
1628
1402
4833
2576
1188
2197
1644
258
4762
154
3889
3235
407
4610
4026
69
4938
4408
3060
4292
1907
2877
4620
1746
829
764
1363
1529
3860
1689
3409
5738
4036
10251
1617
4322
3465
4376
2100
751
1887
4762
860
1526
4195
25787
4418
932
3942
4504
1839
3985
736
5363
2822
254
4493
4002
4776
2299
4162
2693
2921
480
3945
2299
1904
2918
2877
4405
4185
2949
3190
49040
2798
2897
1675
139
1474
4936
3431
4719
1142
1637
1148
5584
2027
3540
1748
1009
4876
3189
1352
1069
4316
2669
35715
2253
2231
4622
114
32950
4109
4509
2586
104
1292
162
1309
521
2852
1154
490
3852
3054
4741
2732
2450
4493
480
634
1207
4454
7822
1267
2806
3071
2865
3541
2234
868
1029
2930
1514
416
559
23727
4725
4575
4001
2525
977
2066
14055
3303
133
4540
3596
1230
4983
4549
3164
4683
2199
2021
3956
272
1718
673
1237
3023
3450
2957
2579
2217
1585
3174
1354
1634
5885
18507
3274
3367
541
233
131
74
27534
145
2906
294
1592
1156
757
2401
4646
4939
2807
1907
808
4208
1409
4102
268
2591
3295
932
2736
4906
895
1340
3480
923
1493
12447
2158
2057
3631
4718
2860
238
388
518
2068
26377
10389
3753
3912
1308
4260
3025
2597
2221
2000
2278
942
1463
1816
3508
1871
4673
4622
1747
4222
2652
2568
264
221
2907
1628
2685
4291
3915
215
4705
1512
1556
2544
4905
110
3273
238
4889
455
3992
4405
926
44070
4147
4207
1408
3672
488
1803
4855
9382
4705
552
239
2228
206
4648
3101
2802
4578
1180
23726
4860
1809
4481
956
2395
3892
544
2844
508
3806
1444
3261
4689
4372
1685
634
4779
3032
35340
2347
2191
3678
2892
2269
4496
1218
1289
4644
1599
54
3707
998
3698
3250
48238
2878
2332
3282
3638
3567
3870
2389
1498
2455
2137
2062
4861
478
1721
2358
805
4138
2336
3130
4617
3476
1579
3463
2447
1840
155
4084
3756
4990
2002
2764
3563
4705
98
4901
4813
1902
4016
2981
4890
2563
2980
3459
266
20458
3554
2201
4886
209
4761
1378
4486
162
4102
2494
2373
614
3306
7562
991
22372
163
525
3193
4515
41256
535
737
1402
1794
4305
2998
3324
3379
4897
3694
1597
4722
2561
3528
4660
88
3893
1430
3654
3048
3766
4162
3464
1693
717
1323
2300
1600
3824
24024
2474
193
603
1620
21565
514
724
4548
2834
3718
3352
1034
2279
2957
7989
3077
3663
4642
12892
560
1483
2364
4128
807
39
1604
4683
208
25218
3860
3389
4640
2503
1892
2835
3285
4565
359
1567
1604
4036
4614
478
4562
1169
912
1741
945
3462
2466
3696
1610
2739
1713
3987
3871
3904
1788
4642
3901
2066
2089
58
4571
1461
2382
4980
2246
1191
3210
4096
1527
3634
1225
3902
1340
2753
3440
62
883
35884
3428
3777
2926
4426
801
557
2003
1084
1265
3765
4510
694
2636
1440
34907
23623
4683
935
710
3855
7466
3397
1342
10465
1610
4714
497
1562
48989
3804
4302
1873
1120
2382
33833
335
31746
37534
113
2500
4951
4992
3723
1368
1083
1395
127
4995
4636
4710
538
21098
1852
3579
24846
927
1001
2647
2880
3804
1710
4873
784
2993
673
4232
3132
1142
4910
882
134
3214
1699
862
3173
4256
3057
973
28553
26923
46727
1561
3549
314
4994
3379
4161
1934
3731
1114
1500
1905
863
4099
983
1683
3275
2537
4675
2457
436
1698
250
525
3124
2326
2130
220
1945
1856
17584
6196
1410
4120
726
2677
3598
1562
4484
4372
540
248
2789
2807
3082
4126
501
698
2420
2580
47290
248
1607
1933
2895
4971
2026
454
4504
533
2573
455
4066
6149
3723
3243
2413
3898
2890
278
4797
3682
20424
2065
2464
4237
49523
28288
2596
17
4893
3438
4673
26752
1767
2490
453
3436
3199
4635
2352
937
3590
16321
942
4032
4291
4694
3583
24628
1790
3440
3463
12938
1097
531
1244
1898
3271
4976
4475
4652
362
1189
4705
4639
6339
4862
35510
64
1779
1223
3451
4525
2326
3384
4663
3089
2064
3429
3578
3583
3728
4876
944
2016
2197
28738
2568
2124
1275
939
4210
2196
3038
3362
4739
3352
1721
1913
656
44428
2897
2775
643
729
4964
30308
4219
4392
2970
833
3534
2276
22615
2603
2498
117
3950
3670
3273
2453
2098
2904
4183
1624
3643
1165
2666
502
2652
2824
4475
3570
4259
6341
1175
519
2369
38817
1547
3792
1543
1626
3103
3185
3851
4092
215
2546
158
7114
4519
651
4735
195
1862
4590
204
3966
4183
13201
633
3516
2490
2098
3322
2696
306
3188
191
282
537
24762
4841
4209
4126
4243
37954
1351
1801
1069
4937
3521
2226
2522
3880
906
1733
2639
3870
3113
1803
2655
1921
659
3894
4162
3147
2359
1651
3108
637
4705
3662
4888
1598
4741
4901
34243
2455
39129
363
4887
4497
4900
3996
1467
40943
159
2038
47347
1285
3540
3446
3575
17625
3208
1986
3470
2444
4499
2098
319
3809
194
24981
2548
1143
3340
4174
488
3658
278
2244
4509
4672
231
2077
3326
1287
909
1092
3739
653
878
1070
3999
2806
3676
140
1119
3457
4736
785
2119
2542
25386
1276
4449
45375
42441
90
1893
4215
365
14764
1139
3659
2907
255
1742
3438
684
2339
2690
2957
42043
1716
2094
1075
3848
3593
1200
313
924
2535
2865
38427
725
302
6950
8280
3368
92
4016
3522
3979
1104
2507
3776
2802
2230
877
3803
4278
4757
4455
4550
2339
2617
902
148
4099
234
2492
3030
3120
1821
2871
3257
1085
1043
3115
1754
478
2100
3711
2163
4295
3418
2880
4131
415
1707
4736
1960
36260
475
2322
1994
163
1138
2376
987
930
27483
4717
3314
4068
765
3976
573
10143
3190
3728
3065
29237
733
1219
42181
46146
2117
4355
881
805
4405
1360
42609
29414
28167
2188
953
4992
3127
1466
4815
1853
2654
449
1965
1448
4727
836
2764
2483
42
480
2845
3326
1959
1895
4338
4931
847
145
8713
34979
1927
10381
2990
3080
3592
2925
3225
1181
2058
1160
420
1627
8248
2032
3004
9955
1223
4536
3586
1257
2721
4961
3937
4837
14825
3282
1172
1848
47452
10490
787
1390
902
3537
1148
4190
4882
2455
1952
1348
4233
3302
1191
839
599
44889
41489
1916
2715
133
14227
3817
2350
3205
3503
3364
4268
3269
4939
14322
2156
4029
34
3505
27933
755
1527
4824
3025
4124
3287
1021
1725
45422
110
4622
1684
67
229
58
2985
379
3366
3102
716
13338
1389
735
4776
4210
15891
1213
3226
3576
3301
4417
4525
1408
2934
388
4465
4111
2153
1950
17911
2687
4885
4274
2160
28220
3640
2812
3172
1071
979
21712
3710
3398
868
2258
3631
3597
3603
858
3277
312
1842
2747
2860
1050
35976
1857
97
4460
1499
3599
2177
3645
1589
3891
3391
1422
1397
2790
4570
2966
1586
2122
375
3089
4289
1213
1905
3388
4165
172
644
28734
1910
3365
3992
45669
4743
3782
1921
247
410
825
856
4598
144
48
2804
3416
4150
3007
3704
4020
2294
1987
42773
3458
2183
1898
3735
3856
3520
4773
2163
34461
4892
47116
4847
4377
4549
1085
4153
1125
495
3653
2566
1696
1887
3426
4948
2768
480
1167
2164
3814
30484
3191
191
5
4911
19135
4033
31
3542
4470
3974
2392
4118
42
4578
3654
46859
4787
1761
3902
236
4069
1231
4997
4097
640
189
3753
7650
15867
1716
4329
1382
2592
4214
3105
551
4619
4813
816
31772
567
818
2254
3936
1509
2512
2289
4512
1547
449
4422
24712
827
265
47381
8
33528
35707
127
4642
313
3062
5381
4372
4042
3299
3466
3517
32248
275
1938
3535
1927
3980
1717
10029
4994
2919
1343
180
736
4623
452
2524
1822
3712
2168
3249
2373
45016
2756
4278
4819
634
3413
3392
775
4965
4505
3380
2975
4773
3209
4389
30248
298
4855
4475
277
1127
3024
45479
681
2069
3708
4594
2900
24324
3675
1409
4852
452
2579
2262
1852
49531
6876
42066
1810
2023
42450
18279
372
2043
8927
4474
3048
4512
712
3419
13257
2086
1748
36034
2779
20126
1305
201
3340
541
4782
44468
3554
1439
3041
3575
1386
2861
1918
136
15302
15954
2609
2471
3523
5313
4683
129
2342
2272
4620
386
14942
1477
4753
3292
262
1124
3794
3719
2410
1077
1123
2536
2447
3266
2333
3923
74
4008
954
684
21376
19679
3607
3982
852
2871
2651
41906
2979
4270
170
2355
3790
1008
2227
437
47992
4894
4815
2378
2482
1721
661
4768
10166
2301
3877
3866
2562
3658
530
4211
3940
4887
9299
21750
4062
1030
1221
1871
1551
455
3679
3030
1114
25333
3962
482
931
4145
265
3054
4750
1724
1748
1578
209
1979
4228
659
3647
779
3369
3929
4671
20365
2117
4696
1512
913
817
3418
1197
4487
935
3980
2479
2277
483
4403
4059
2423
2992
1223
2892
7969
3218
1941
3173
4551
41301
1612
4909
4623
289
37227
4407
3271
3544
990
3298
10076
2645
2825
12875
2260
4378
4843
839
258
2267
2524
4273
45903
3698
264
2817
1317
1594
786
4662
2029
4164
525
274
286
3722
409
4764
943
33446
2812
3799
3250
719
2635
3961
4552
1294
466
3422
390
3599
308
711
1841
3283
246
4416
592
676
3957
1193
3774
1019
2665
2706
3129
1557
2239
3190
2199
3703
2490
3192
3493
3424
378
697
3107
4406
296
26331
4421
472
84
4225
3282
4120
22663
4833
4241
4403
2027
4493
2967
2663
2095
3703
761
1677
2710
629
4245
4270
2246
1160
43570
2591
2506
22363
4060
1475
4834
1501
932
1804
4267
2222
3580
1779
486
3617
1675
642
2077
18706
4757
1589
500
323
3444
4170
4659
2441
3914
4054
4488
1873
2339
2933
1440
7566
3674
4066
1939
558
1033
35568
36
3353
3395
42840
235
1164
4792
1323
3405
2722
1279
2858
1179
1118
4396
3013
316
2809
37310
1207
3536
24855
1642
2847
2425
24780
879
2503
3876
4953
2787
150
2390
4513
1128
1757
2144
1000
964
212
2229
4193
4970
7096
1868
3753
517
197
3132
4684
4355
3413
36863
2772
4590
31683
4059
36217
2309
3855
4685
2819
3162
4662
3800
1480
27974
23000
34240
182
3534
1465
2075
2215
4277
1053
16999
3670
1114
3103
3501
1012
3336
4054
4768
4220
4244
30337
4966
2474
1515
353
532
77
2680
46105
1690
3271
3040
2644
20
4411
3099
4302
41563
2616
4448
3677
2104
1150
2868
2625
3683
1888
1894
774
1249
2840
4969
3711
4366
17564
2662
46711
2616
2873
3865
9597
4995
4511
2968
4134
4696
1073
764
357
1563
2758
2732
9041
3286
2338
12800
285
3134
4383
576
3046
353
1829
2952
12355
4009
3737
4522
1970
3551
673
3030
2802
2128
432
21494
1262
2950
2162
272
4141
1184
3415
1834
2945
1375
1867
4301
4907
4361
2500
2295
2394
1349
930
4157
4068
1199
3728
1797
1522
2728
3930
2974
1173
34136
4744
922
542
2889
2229
541
120
1670
1108
3563
2625
824
364
1108
1634
4698
31018
1595
2264
1700
1277
4045
2624
2052
670
2388
105
2664
552
2233
4319
1184
955
42299
1127
416
2596
13716
4599
4130
3722
2744
1447
1708
11380
3447
3961
23818
1858
42211
27291
1891
1481
10575
30033
24337
1766
38919
2320
2417
784
1354
111
301
2494
1754
3881
3656
375
1886
2495
2527
39333
3791
580
3134
820
2684
2143
929
4092
1283
36594
45797
10371
871
1982
861
4228
3417
3876
4783
337
3414
3540
1067
2269
34516
103
4916
1422
4323
49534
214
750
12
3251
3950
2994
4305
3601
2356
1695
4957
696
36235
4285
1318
2286
4745
25680
2951
7843
2759
4771
1065
25143
4168
1475
1286
1426
121
4362
45698
4146
1400
2150
3111
4053
26041
3262
1973
3772
2064
143
2025
3848
4849
2440
2923
3061
4244
3311
146
306
3697
2418
2792
2852
1693
2881
1373
2337
58
9224
684
4464
2380
9701
3740
49413
24984
2344
1416
3655
4951
36876
1059
1080
4561
2705
48596
2543
27570
1116
380
335
2110
661
4694
2311
2376
3475
492
3898
1813
1338
1909
16218
2994
4701
2441
1810
3210
2330
1115
1386
5
3953
2134
4819
4989
62
11564
41722
2742
3094
4406
2312
3846
1965
469
2686
4956
2538
49956
3612
953
4907
1166
1709
2275
2410
3916
2066
224
3843
725
1201
4018
1242
35252
3337
1546
127
46367
261
2505
3498
4884
2750
18699
1694
4917
4741
3802
3082
1077
2000
4258
1470
377
3212
4453
543
1552
961
4018
3794
10307
32885
3579
1012
1687
2945
1024
1906
4449
4686
1661
855
1661
2396
546
2666
2846
3377
1218
2905
1755
1359
1303
16228
1634
3788
1999
1254
3715
3667
3627
3866
875
2957
4505
3777
2768
1717
4512
543
721
3027
45485
28552
4270
4119
439
613
3676
3739
1794
2946
408
2346
4332
3981
1239
94
194
3731
407
96
2852
3751
4265
3225
779
2234
3754
3470
551
4815
1772
4346
2971
1528
3733
2110
3491
919
2533
711
1740
526
111
3568
1409
1794
3678
4317
1950
4228
3459
25292
2046
3806
1809
4297
4499
2174
1487
1292
2577
4106
2532
4991
158
2446
4569
2733
48927
1168
2456
3085
3023
2593
2312
459
2618
1224
1708
3400
49760
2766
2406
1075
1780
5241
830
2552
1115
1083
4499
30612
15629
3147
18932
3637
23644
1303
2469
1929
4328
325
4371
38803
28417
2216
4885
773
1178
568
4771
4010
3438
4627
4792
2973
738
583
908
1688
4592
3973
1779
4510
307
533
3262
4584
3745
2436
4770
4209
1713
2020
1844
2141
1964
3013
1024
32123
3623
1203
122
2729
753
627
4586
144
2688
1774
4100
1998
1843
4572
1605
1855
16470
2630
3383
3804
4316
751
3882
687
459
4615
3100
49676
4071
2569
3750
4338
1325
1491
3437
1591
4912
6034
4846
4525
4975
1636
3839
2956
820
3609
1614
1684
4735
645
462
1688
408
21617
1236
174
161
24565
2837
835
1083
1367
2522
2383
2846
47687
4205
49778
1318
3283
1422
3024
58
4546
2501
4185
3253
526
12607
2846
3011
1021
1077
4718
1480
2864
1413
648
1028
2829
2860
30237
2407
4538
1901
3659
2742
680
3015
41361
1408
1509
1492
2813
2418
631
35104
3829
4960
4244
4347
1619
2561
34063
888
32206
4874
651
33365
3405
3770
3431
3562
2763
1203
4223
836
4635
3891
2538
4657
3142
1140
2826
4817
3020
2052
3874
4055
409
485
4341
2592
14596
1289
3469
1699
3277
4658
1875
4989
3490
2464
821
4724
2690
2032
4324
3954
904
266
938
4078
4980
4317
1366
889
3571
3323
4756
4723
1147
3863
3353
1407
3066
1568
1368
3171
4472
3489
33697
1545
4254
743
4491
3358
32517
2306
95
3927
3508
1263
1841
948
2860
1649
30620
1078
1063
3380
442
3693
4000
2215
1287
2610
4754
874
3420
3661
27032
1849
3845
46541
791
3242
23074
4989
1584
2956
3192
7644
4778
2242
4018
4935
213
903
4164
18532
3139
4704
881
1804
1791
224
3883
4256
2253
40
49366
1144
920
1630
3304
3180
3509
359
4740
39766
1825
3886
4011
3405
3476
1591
2564
3114
64
4297
2210
2368
2221
4493
333
48122
43723
3277
4784
4945
1971
771
3497
48848
4353
1097
3659
1542
1156
56
1644
4773
54
2249
2881
4287
2479
4151
3364
4023
3278
1444
6647
707
1850
3925
4746
3983
33343
34920
2000
402
2014
1515
1449
866
771
4715
2101
811
3719
3398
39637
22347
235
4482
681
2527
4537
3672
27577
927
3755
1989
47152
4201
3029
3407
11467
4961
611
3277
639
902
23050
940
18077
3954
42580
4787
3803
1895
4051
706
4913
4444
1474
2608
3830
1728
3045
1150
4170
3970
3097
1308
329
4289
782
2463
2348
2467
1883
4713
2720
4062
1258
2196
4959
4682
3391
612
4088
17921
2226
3299
4857
4777
3958
4686
3876
5184
1990
4918
2506
96
4101
997
986
15077
4557
2876
20236
550
4738
1186
3839
2505
361
2162
524
2213
21008
1684
2764
1125
2378
2712
1187
1658
1538
1478
4818
1354
1960
1133
500
2091
4329
3708
1721
3330
208
30462
4812
19765
2217
4220
1274
22406
3388
31386
4259
3896
4462
3027
3418
3384
28103
2224
468
235
3245
2235
184
4245
858
447
327
4655
4250
3767
1125
1774
18267
3508
4292
4919
177
4593
3674
467
4181
2356
3028
931
2404
882
3915
1897
1185
572
3164
2846
3064
2937
3338
4315
3001
935
3987
2162
3401
4005
2028
991
4370
1426
1910
2647
4310
1438
3685
3157
1151
1342
627
33
259
2521
4167
4427
1515
1541
2472
4413
2617
227
2338
1914
4913
857
1938
594
2670
3695
427
2585
2344
3015
117
2136
1477
1996
4415
19792
2382
3453
28502
4825
4362
2203
3713
2480
3449
1802
2385
506
4621
4605
1989
11459
1795
4443
1308
1548
3223
553
2960
1682
4462
2327
1609
4362
2703
1592
2306
12711
291
37793
1061
38459
1463
4982
3725
1775
2597
4532
3557
2725
1912
4446
558
400
2221
1747
4637
1580
1553
1849
1110
4865
1455
1739
7576
994
1113
4900
4513
4991
2305
4731
3521
108
2998
1966
3728
3178
30605
1900
2828
831
186
2073
1842
2192
139
3823
471
2078
4490
95
42548
38801
2253
2455
1605
4470
878
4373
3459
2423
43602
4859
1161
4785
4309
13196
3598
3032
1919
1975
623
12409
1816
1483
10088
4006
4772
514
3973
1077
4089
1876
4195
899
4987
924
730
4482
4995
3976
2453
3641
984
3045
2595
1113
17529
1754
1423
2761
2855
4518
2594
2428
2861
1633
2257
2011
165
3420
359
3351
390
2844
1564
3439
1260
1410
1825
274
4131
3998
1170
2752
3092
4639
1165
986
93
289
4161
1026
1048
281
2558
4354
1355
1687
2198
4539
3766
428
4140
42464
4823
4239
711
3648
1146
4845
14344
1342
944
2271
3716
2382
1068
4565
8473
979
3974
2891
3280
3713
2099
4396
13570
636
956
3082
1767
2501
2656
166
1804
2277
1993
89
4606
28380
4877
216
2437
2582
2682
1998
4516
45107
4757
1669
4456
3692
1922
4763
908
3454
447
3505
4960
1467
4004
1554
3399
1519
1607
1781
2856
1040
24296
3597
25739
2054
1759
742
2990
2454
149
4428
1513
2924
3154
3687
49073
4312
4785
2688
1291
1348
4674
3382
3367
483
1740
4385
241
1304
3922
2529
2514
161
516
2244
2233
201
2287
2140
1092
1399
4029
4943
607
3566
4292
3110
4286
1977
952
2773
2338
2209
2530
1014
320
4933
4013
2889
3478
3226
2038
27050
4415
3133
323
1135
1757
2361
4994
4220
1827
4734
47419
3565
494
920
1385
4022
8199
1779
2703
3865
3068
2489
3369
2873
35530
2194
3061
3654
3192
776
39829
2032
695
2766
2885
2452
2606
3457
2252
2652
4256
3820
2143
3095
3113
1699
4601
3553
2888
4838
1453
4458
3860
3303
3090
18204
2622
2760
4205
3942
21714
1927
195
2541
3461
2547
4311
200
4066
4416
9450
1578
4059
8761
3331
4915
2163
4547
521
339
893
4817
551
4744
1366
1194
4851
1611
306
800
1566
3961
3361
247
2402
3059
4735
3594
20082
3796
3752
699
424
28337
2255
4089
4401
1764
4097
543
1257
4212
4638
3493
4968
1636
4400
3370
924
1858
28496
2823
3949
2798
41304
1128
3649
3753
2926
3841
2012
4245
4660
2050
1349
986
3179
887
3509
3698
1256
3235
464
1164
1652
300
2987
863
3116
2762
1968
4587
134
440
18096
2993
1520
4669
653
1904
3519
1179
284
3080
2871
1601
384
23348
2009
2799
1943
2016
1428
15857
1399
3794
159
677
4562
1665
2535
1714
4504
2281
705
3003
4967
4721
441
1248
4959
49358
33297
3364
1804
1843
1579
240
3920
2992
599
4585
2513
16311
324
2714
2748
4519
1335
2162
4348
1422
4769
1026
405
16698
44807
2113
35640
3340
778
1617
3213
531
2235
1767
3568
1808
867
4403
4158
35839
3229
36748
1183
3971
2694
1006
420
520
3112
2478
196
89
4337
8805
3268
2918
901
2508
3341
4458
2857
2751
1119
2918
4543
2916
3918
4287
2059
2904
43319
1997
516
4470
1999
4541
2782
3173
3048
2109
1392
882
15940
3043
1457
3123
2486
1803
2192
2986
17131
882
587
4952
27
2730
778
325
45372
1712
1454
1889
640
619
886
3770
1122
49465
32304
4504
2820
2729
2482
3082
4337
2016
1280
4095
3076
2771
2704
1410
3755
299
12396
1334
2721
3702
4896
357
4744
3520
48166
1973
2130
4605
1497
333
3576
211
3676
383
1589
1692
4176
3439
1620
4673
2646
6323
4
4162
4293
152
2678
4267
44175
32642
2641
2829
31075
2821
1431
1660
513
2832
2768
976
27006
1979
840
188
3040
1721
4917
697
1452
3358
3520
2764
4966
1494
2259
2773
3500
12820
458
2102
3417
4115
1284
31983
4977
4199
3333
27791
25524
1179
36311
4945
1504
2938
3661
902
2725
3350
24551
4109
4407
1187
1836
1626
2945
437
3157
1643
14716
896
2701
946
936
2913
1688
3437
304
2601
1806
1719
16849
3660
24497
4302
4135
555
1458
27980
694
929
4081
1917
3856
4243
3612
3034
10629
195
2597
539
1569
3717
4447
1192
1694
3498
1680
2403
4084
2455
1537
1199
3731
38695
4615
24718
4119
3686
1261
2702
20270
2275
1158
2162
2636
1777
1286
4589
2167
29559
3530
3006
3790
7513
817
28063
892
1558
1196
467
2637
1464
4372
12238
1290
1944
43084
2692
1069
2932
1276
4806
3097
1399
3667
621
863
4747
176
1803
1086
4448
1655
76
4120
2686
3163
3178
4211
41
46
4753
3934
4075
2959
3929
4538
496
1068
4880
139
4268
4461
2651
1571
4679
1417
4502
4756
2061
3912
22
918
129
4959
3398
4915
3918
3767
2664
3672
4350
4705
1619
36575
4286
3941
2678
1827
1176
3175
2116
782
3267
4707
2581
26318
3743
726
43466
3248
37915
3165
2688
2993
10101
4614
1129
27780
171
8627
1964
27275
2453
2352
4997
2729
1479
3082
43934
4476
4236
2467
47
65
2198
3090
1217
2946
4330
785
2242
5713
4419
4999
4103
13538
36359
3122
3974
794
1411
1209
137
4086
39980
1507
38096
4653
3320
3505
3354
3263
2182
3932
4503
3266
4829
1501
4491
2209
2081
1136
1710
3038
2747
4077
663
1512
900
1136
724
4364
26639
2799
2887
2055
25
1914
3731
361
4777
1075
2385
4981
1086
18085
11466
5084
1139
494
4690
101
3087
133
3273
2331
1784
162
4037
249
2390
3237
865
3906
4071
2918
3097
1087
44045
4424
271
5515
2426
43170
2105
3834
3000
827
1232
1470
2604
4734
108
378
2542
3121
4349
3105
3087
3628
2435
3304
32507
3465
4088
1431
1462
580
948
12711
3804
34387
1095
4491
4555
34200
4320
1679
4266
2819
3966
4935
2047
9194
3184
1083
1546
4373
3913
2602
4629
2266
4657
1186
1059
828
2114
1545
2949
3982
4974
4534
3540
2361
3868
1203
292
473
654
4980
2253
3784
1875
3748
3763
3105
4245
785
1620
926
3249
3771
2570
2418
2252
1185
692
4722
2321
3709
2502
4661
3563
13030
1183
4912
4871
809
3397
4961
4649
563
3890
3943
3085
3762
36210
5511
360
3410
278
2448
4621
1343
4604
3503
4552
1800
486
2916
2844
1135
1563
2126
871
1709
2852
4839
14
2683
4846
3438
513
1181
4731
3081
2331
591
398
33913
3266
3357
4471
39174
1621
686
1712
37621
4518
3963
1079
48210
1613
44274
1579
1067
593
316
3055
2854
915
4438
19498
1370
234
1150
130
1167
41581
3606
4944
42529
2791
2225
4501
4806
106
2523
275
3334
3453
121
187
2467
2656
934
3194
3098
3746
438
1850
4890
44734
537
4996
1124
2408
3984
2674
17719
227
1568
4593
2336
236
4755
4667
4224
2814
2971
4304
1129
912
19497
4041
2726
2272
1091
1983
676
1605
2574
3090
59
4868
4400
4675
3375
1270
1567
875
2288
3422
4076
3249
9624
751
2257
42584
1574
4691
3234
108
17317
1459
487
3222
3930
34214
319
784
4108
371
3982
2182
1168
3433
1674
2256
2809
4249
4375
20184
42460
3418
4620
4771
4726
4909
3770
16869
4825
152
4805
8678
803
747
737
4279
4238
1203
1071
699
1129
2983
3802
3921
3032
498
4646
302
1186
17450
388
3742
4822
394
4595
1154
1859
4925
3976
4258
166
4630
263
44748
3385
3016
3264
4785
1607
3640
4674
3414
1568
1749
2604
3802
4847
1637
1438
2696
4465
3801
13
1948
4139
4085
3862
4235
1224
2915
1779
2640
1464
3058
3829
3264
2732
6
3942
3970
673
25608
4022
246
3056
29932
1833
3567
977
21746
19189
44993
1613
41682
55
52
991
2017
2319
4621
3136
3708
1061
3679
2591
819
916
4185
1078
695
3437
2828
4383
1652
1227
44231
16437
2259
1588
3485
3084
4661
1576
3225
49936
33286
1568
2417
3260
1224
3038
2888
897
651
4589
4585
1888
3272
1562
3758
1711
436
4547
3639
714
2274
1731
459
3404
3696
53
4275
543
2108
533
1782
4572
1271
22148
3435
3346
4849
4410
4752
227
4605
1319
3081
1819
1707
3900
1201
2799
513
46436
1430
3590
1596
19452
2763
47030
3624
28445
2773
4465
2281
4298
2795
2787
2206
4722
907
2996
654
3544
1549
626
34665
2218
2630
2153
2930
4074
269
3097
2987
2584
3375
6661
2625
1660
2011
1472
172
48261
4321
9482
4971
40569
392
2383
36016
1020
1176
1722
964
2612
1541
4909
4348
2650
242
15535
443
14302
121
870
4789
3079
3767
272
4150
3596
1555
4298
682
38160
2039
3177
636
830
1692
1536
41213
2783
2909
3077
2060
3212
31841
36584
721
4065
3525
2457
4743
2037
3290
3576
35484
2894
4697
4599
4114
2242
3324
2267
4945
18826
3747
4719
1978
38481
548
21618
2457
1013
2255
168
20061
3389
4234
2597
50
8800
3116
1688
2426
3272
2921
4221
1771
31390
2162
4881
3332
2059
1624
1609
2553
3823
2313
2684
19951
4010
4195
4194
2469
4305
1658
3572
2499
4421
1978
2930
3706
9051
4883
2849
4842
4307
472
2155
532
48959
4878
2275
2775
4119
3734
1183
4421
2714
2918
4059
2995
4042
4238
3302
852
1745
4111
1446
1702
11469
42796
339
4292
40326
3743
38982
4319
3340
4396
11641
1871
2415
965
3519
4061
1421
3210
2051
4828
1519
286
9839
2092
2572
2902
1032
3622
4408
29137
499
572
2401
2983
1190
1243
1283
40952
4046
466
7526
3223
1320
4032
2588
934
2460
3670
1937
2814
4410
3283
4740
3393
35044
27036
45168
4021
1856
4638
4452
13907
3510
4455
1185
236
1894
4859
1701
4555
928
616
3442
2686
30844
484
349
4870
2617
4940
1803
16254
4916
4291
3282
39851
4010
1448
3037
33727
4742
26108
4172
168
4146
2165
1503
627
910
2632
1486
1877
44267
3062
2183
2521
36
860
2923
4594
343
4811
2477
1132
23285
1682
3155
1499
1487
221
3212
4967
2792
934
843
3850
569
7189
2586
2486
621
11568
126
36067
1711
170
2878
3742
4784
4694
2364
2578
3200
3991
3783
2911
4178
4571
3030
122
434
4206
20342
2242
733
2957
543
4317
1468
2393
73
2993
41243
1115
223
105
3375
2085
2172
38906
5784
1494
4486
1977
1188
4200
32822
2638
2956
4340
3373
2357
2357
2710
4051
1258
3318
3385
2001
921
4768
1734
514
2494
3647
3086
1905
2500
16047
6406
2581
12687
185
385
1642
4131
2327
4338
1363
3414
49506
3017
1247
2014
2084
2142
1965
1245
1661
28380
3547
2398
3932
2198
1550
964
2065
2862
15334
2576
25842
863
46
1279
4695
189
4487
51
4157
2153
1531
2408
4201
1044
3847
4214
1833
2336
152
247
2179
2696
4430
36767
3227
1399
3700
49871
4322
2045
3231
647
884
2374
1435
2665
40047
915
1967
46452
4595
3834
3314
43
1912
2436
1053
4102
3887
4220
3567
3617
696
3916
5857
4557
3924
562
4647
1903
2429
663
2145
2510
29293
4477
3610
503
2077
1898
3224
553
3872
49807
1947
870
2470
425
2170
1108
4189
1637
159
1663
1081
3298
9819
4753
4943
2229
4392
986
2247
3000
2909
2698
3732
978
10613
17596
3900
3798
2303
2428
3594
792
448
2423
139
1259
363
4013
3101
3906
877
3044
1122
4428
3462
2010
3762
2533
409
3407
186
28505
964
4018
4439
2645
42001
2541
1104
2422
1617
1903
1907
2766
532
3813
4253
1370
4436
4647
1388
4954
4742
3406
46531
33001
222
8
2946
2614
31412
3510
705
3747
47390
1856
2138
1371
19496
21594
4735
4316
194
2848
3212
1788
698
2384
2175
4642
4517
4598
821
3268
4698
3066
2800
1060
306
36310
2179
1925
4270
834
4516
4057
3592
3999
2605
1807
893
1903
3814
2518
3146
476
1932
128
3125
4010
1672
2451
2187
1811
319
807
1440
1230
3483
1881
20089
2394
2802
3341
27427
13137
1945
850
15604
4010
1328
3084
3294
3158
2428
2194
754
4141
4000
4849
1327
4488
2559
3363
1970
1969
2778
1207
3380
946
2097
182
4537
3923
3045
1523
449
365
1358
3021
3612
231
4811
2130
3973
1123
435
926
4888
4833
1220
4192
35659
3088
3949
3710
2893
78
2040
620
17319
2955
1937
2395
3061
1057
905
3899
18
4988
17654
767
4891
944
1996
308
36457
4310
2345
1624
3722
182
852
868
709
4448
32558
36743
267
245
3530
341
3048
3771
4229
2342
775
2914
41703
2098
17107
3330
2234
4556
1859
607
3876
1690
177
3507
1671
4934
6060
44661
3934
208
13188
5906
1726
739
577
369
721
4688
1561
1546
42547
464
4581
4802
868
1954
2622
3228
2610
48839
4002
2653
4560
86
220
2505
2770
2828
1613
33347
4135
385
48875
2182
4433
1430
4391
1449
2423
839
1059
726
2644
4346
17984
3815
3368
1075
2988
4370
4310
2576
43272
693
3789
634
1820
14113
43931
4729
1439
4924
1576
2927
1637
4821
26993
2502
1101
48334
1275
1534
4569
4125
1675
2374
49452
30
3547
4760
2207
759
2776
1860
861
349
14191
35686
4934
2196
4750
172
2545
1393
1353
4763
1214
1293
537
3596
3154
1840
4532
3115
4847
2014
1985
3281
2733
1113
551
649
540
4069
2581
21096
3724
3041
4783
1088
3975
4994
639
9
4347
4331
176
1277
2446
1701
2611
4992
2959
4814
996
1818
3229
2364
4295
1784
3997
3924
1538
4347
4652
3125
24702
2663
3448
4660
4815
2010
1202
3473
530
3497
369
2039
3607
1853
2535
1773
3970
975
23302
2056
1924
3131
4357
3640
3838
3503
40505
3143
699
3779
1765
2278
651
2587
2395
4109
4376
1889
3017
3575
1788
3084
331
1389
4940
1012
3660
2259
4613
4695
2317
4037
3576
26691
2202
2651
3998
4721
3655
2631
4969
4359
289
36455
4101
4811
4993
46755
560
4725
1391
758
1714
2407
38780
2560
190
11224
954
3295
3817
1069
4888
60
195
329
618
1447
4713
2355
785
4696
3333
4518
3295
1982
403
2558
2023
456
3700
46928
1757
2716
4535
2888
917
1634
27711
2251
4305
2123
1337
3817
918
4217
32333
48092
3732
8717
4426
1591
4522
3425
764
4079
289
1926
2020
4663
4139
4857
4394
840
2487
4235
4034
4423
4692
4771
1569
7067
4877
1004
4241
84
2034
4402
800
3991
3429
3608
1757
1433
2986
1064
2166
2126
2482
4608
1260
42905
2198
3395
3639
4365
3185
1667
4579
1922
48070
2638
3621
1768
1104
676
3573
3775
1603
3822
3401
298
3785
4024
2412
1565
3647
2771
4979
2105
2766
199
1330
763
46734
2405
3550
3576
11
4485
2960
2930
1543
353
3807
1711
4331
4429
3684
4851
1156
2715
2428
2583
1256
3540
44471
1592
1274
39309
1332
3769
1567
2751
4385
1963
893
2898
38549
1763
34314
2662
558
525
34889
130
2929
1514
1246
970
2594
312
3253
8493
892
21937
2565
2142
3441
3055
2797
3675
2498
4415
3370
2579
1758
4654
119
2089
317
4355
1826
2007
1768
611
4652
1737
4648
1946
3238
86
2259
3914
2720
3818
106
1151
2001
36
3469
626
807
1442
3295
2141
655
35869
4682
4422
1296
1732
35208
304
3363
2668
2812
1551
4730
1035
1891
726
47685
689
3186
38314
806
3825
4412
4546
2394
4717
4303
4461
807
2058
3505
877
2185
2691
4545
816
41690
979
3055
4168
3477
4438
4778
1317
884
102
3609
1042
3363
672
4183
2091
1704
1252
2395
1086
49037
2084
4454
2932
1522
4855
46323
4980
3438
42761
3844
31485
1973
3597
4786
590
1421
2794
208
2791
3367
31131
1795
2380
47673
451
2149
2904
1916
2457
849
698
3903
525
3828
66
3573
4929
4241
10913
1417
2980
4014
4142
3828
1429
2814
2143
4116
11
994
4614
1677
1523
2218
917
1297
3475
4367
936
85
3901
2657
2807
46490
3774
818
164
4805
1549
224
2542
1419
274
29040
1776
3839
2638
451
1573
1564
4121
4817
2286
11743
1923
3936
870
1925
2509
3634
1645
2403
21030
899
2341
3645
2645
3913
3182
3434
4720
1034
2634
20926
2980
1310
2569
37520
3703
3111
3013
1545
12499
2868
3939
2100
998
4993
2172
1103
2327
2664
2182
2064
1265
4979
3168
3891
4603
4801
2103
2188
2068
1170
1084
2776
11
14041
258
39902
3465
443
530
67
2830
175
1072
1418
1830
3636
31367
2229
4692
4544
3188
346
2465
4005
9700
1071
2169
3689
3991
331
3385
48401
4050
4860
2464
3677
14072
1981
4055
3492
16211
18122
3754
4600
3210
3522
4572
1729
3582
1550
3228
856
88
1228
1717
1801
4383
3523
2030
4206
738
4051
3464
23535
1308
795
34957
2783
796
2129
785
575
1355
1471
2097
3890
29587
1508
1757
628
690
4428
3543
24884
3185
2115
4860
996
19818
2175
4568
2887
47829
2688
48506
1475
2634
552
10052
1276
32454
335
1174
4538
4652
66
3080
2820
2193
4057
28229
4733
2315
2187
43222
1409
2583
3949
4798
1811
1256
12467
3206
2601
4616
2950
2211
3102
4569
8416
1189
1309
2148
3128
3824
671
4502
612
2716
3709
4610
3739
680
25015
463
42167
35394
18816
2186
1148
35884
2991
2297
4309
2737
1987
36159
3497
40
4706
20769
3571
4477
3790
1297
4804
76
2497
4302
45593
4734
3321
1015
4003
2272
1766
1115
4671
3865
70
4719
4890
4267
278
477
4439
1235
3145
1636
3439
3308
4890
4544
3024
42092
4959
2046
1374
327
1324
320
287
4798
3572
4265
48417
1079
239
3557
4726
3636
3645
1023
4536
1120
436
540
74
624
4219
3969
4409
13064
4316
39427
2317
3845
572
1864
2106
604
1238
4609
1182
4895
4161
4843
2931
1950
2023
1062
4368
433
2906
632
2281
1571
882
1799
2170
1643
2432
330
962
1163
3098
3183
2657
3838
3578
1100
3823
3120
3370
2818
1162
41674
509
1482
452
824
3320
1315
1426
2856
1402
12807
4243
38566
184
24178
1678
49168
3736
4674
1552
3793
3842
4226
2660
46218
20763
1579
3774
4339
2465
4638
610
2081
3967
1823
2039
621
3166
74
1833
2688
4452
58
2382
2916
26838
927
4965
438
1302
414
757
1166
943
1543
749
1256
2891
3986
4163
1722
180
4049
3129
4553
4165
4735
193
3058
5906
3513
3355
3979
335
4572
249
3370
2386
733
40438
4509
33113
1413
4135
1600
3560
4833
3181
4162
2283
1441
3926
435
922
4041
4292
4133
2180
1391
2359
2260
2349
43549
2173
2218
1763
1692
2625
4238
4417
1191
2131
3655
813
965
304
1199
5620
1625
912
3495
1532
11363
2159
4536
4427
3397
2673
4554
4533
10450
4770
1282
4574
4083
4571
1196
4813
4689
2774
4514
3736
263
500
1362
923
180
2181
2056
284
1599
1433
1673
2067
3822
3496
249
3671
4357
876
1208
3939
3421
2434
114
788
1176
1488
1276
836
566
6
3799
1083
3912
3704
765
1899
4231
1820
241
1530
1129
3709
26379
2645
3315
2524
1159
24174
1570
2882
1461
1388
2757
3033
150
42220
3257
2675
2534
4136
49
3598
1308
1069
3949
2109
2757
2295
26376
3105
418
49431
161
2975
2182
2414
533
662
4213
3745
1081
684
265
4759
1286
3030
3652
1349
1803
4033
217
3864
1919
512
2384
4821
3642
2745
2179
4838
829
1373
138
843
14283
2660
498
1786
3770
4630
3356
3944
4787
5984
2932
1740
4058
1571
422
4575
3342
256
1008
298
885
2979
1696
1012
1737
2686
3546
31389
4856
2682
3501
3824
4634
4245
1498
2325
31564
187
790
2092
3637
174
4946
4164
3520
2564
36439
4764
14186
4553
4394
2416
4682
3213
4294
1656
485
211
318
3306
1874
1592
1225
225
2363
2852
30535
4525
2591
4796
283
2639
678
1493
1699
3588
2812
1216
4687
3335
1942
1715
733
2850
3480
61
1200
4072
4143
4623
609
2133
964
2473
657
1448
3235
857
1826
4995
4305
1762
4456
2713
3008
1777
2835
42791
3617
2487
2092
157
996
30738
634
2685
3942
2747
4679
597
4088
1734
35280
1876
3141
4740
1234
4306
4930
928
571
21012
1402
730
3271
4984
4794
257
3643
4562
46386
17091
4997
4089
903
1674
4673
326
747
3604
88
526
4763
93
845
3176
29379
3044
4785
3323
3951
697
1353
382
1578
4999
4620
4536
732
1758
484
3265
1609
3936
2483
4616
3929
4044
2221
1495
4512
15432
2609
3191
1656
9440
718
4631
4269
4315
3493
3598
3094
3792
2596
1854
3389
4806
4538
4340
3292
26906
3788
3332
13910
2287
2959
4775
1267
3004
4755
1843
1016
2920
32984
106
3592
4930
1293
2948
3572
3758
327
4198
2022
1585
1032
1046
6956
1830
10786
4800
1431
4059
4842
3684
3578
1497
2556
2895
2009
107
2159
3818
2918
2221
3395
32927
14970
1400
1366
374
1623
1481
1511
756
2053
666
4034
1402
2783
301
146
3299
802
59
2735
3983
2001
4517
4092
1452
2821
4871
3045
1469
25791
3339
603
3958
270
3167
2086
7869
2643
2380
12433
3178
696
2440
27916
3074
676
4089
3398
1292
504
119
4898
24885
909
1664
2326
1894
41766
3731
3385
2192
292
4853
2016
2684
60
1966
3906
1742
4233
3706
1476
4078
36480
4048
4429
2709
4035
1831
4845
2319
1324
4194
818
1436
1750
570
973
1260
3809
2036
4061
1960
3151
3935
35228
2409
1053
30059
1844
47169
2690
3558
3336
2647
13051
4530
1518
713
2375
2321
2726
3591
3800
83
386
995
1733
476
2896
4069
4348
2211
1678
3355
3216
87
2262
15264
4127
85
2655
2952
3947
4005
2016
212
1261
3714
34630
965
37557
677
533
2453
174
4978
4461
3349
4589
4677
2808
3014
3559
2073
4763
4225
41489
936
6584
1425
3386
1858
4860
3731
3482
1799
2014
884
3050
2559
18179
4042
3397
38065
816
3098
4872
3888
14812
2099
753
2119
872
2581
3583
176
842
1267
571
4238
4885
2061
4196
2956
1744
3550
2187
3096
4063
29
3033
4182
4685
45896
3200
490
4568
3288
4381
3372
1549
104
3750
4555
1115
44041
1570
2967
2143
2562
419
3759
39248
894
655
2156
4769
881
1885
4542
3598
857
505
20939
3095
2727
4690
1405
2743
1171
4493
901
3517
715
4576
3290
1015
571
4653
23534
2376
3660
3307
4443
3552
3871
2667
3412
3959
957
1521
454
2653
507
2243
2524
3321
1399
974
2733
2872
4874
2009
2763
2317
4633
40558
2597
1426
4454
3178
4677
2727
4124
3466
5918
1052
23541
60
21428
12
4398
33869
1821
2964
4099
3696
4826
4675
3901
44607
1049
889
285
3732
2635
1677
4785
4617
2059
4980
3136
651
18215
4658
1358
690
1548
26234
7
40
2099
4301
403
3625
30
3080
25782
2850
4264
835
4769
3266
4811
4732
1617
657
1123
1065
268
3250
2335
3406
3886
86
66
4815
696
4482
46397
4287
3456
2523
3189
659
2306
1489
2225
2165
2511
3665
1104
370
2253
2754
229
4869
3616
3038
1484
3238
2410
4721
2968
3531
3699
6
700
5440
4456
4383
2249
3808
2511
4806
3028
2052
692
3705
539
45032
1858
1319
686
2911
43202
3498
28944
1459
28901
3590
2608
372
3305
3296
2955
317
1261
43432
820
3684
16894
131
2667
3718
3919
1143
67
6157
3033
2187
3317
1794
26312
43594
4724
3938
1377
27105
4394
29943
3596
3791
491
4675
1886
2269
4481
13611
121
2127
987
10217
287
2732
1680
4024
2904
4672
1290
2739
4518
2777
2389
4563
115
2003
2941
3224
3729
3073
3898
2687
4242
1041
4832
4657
47584
2054
1217
3177
49132
4883
2409
608
2938
2269
4580
3865
1883
1808
1468
343
3486
3783
1417
4562
966
3211
28
4326
2105
2006
682
3075
809
2509
1195
4152
20973
991
522
2159
4691
1890
493
1547
3283
671
4969
2629
4205
48
173
3500
4322
1686
3910
3924
4339
4274
1524
2113
426
3475
2560
377
2795
2567
2749
3628
1079
2970
1326
2147
4743
1390
2180
1729
1438
4059
8639
2078
1179
78
2668
3216
2473
80
2320
1961
980
3895
888
775
42134
2416
22493
2174
126
4610
3847
4010
3949
2058
3527
2629
1664
1053
4154
1298
619
2820
1312
3187
1171
25456
2685
16249
2610
1340
20063
2323
6260
2864
3164
3730
3536
1624
1329
2785
46269
3180
2197
4998
6560
1156
1443
1190
4260
2973
3663
3285
4745
732
32702
4451
4845
2276
1844
4590
1052
280
4419
2776
716
1426
4008
372
4050
1534
3557
4337
1554
1289
4923
1746
2863
1691
4116
719
271
799
3092
1089
680
2434
1936
1782
2585
2425
3804
3485
2197
4198
3811
1676
45
1030
30299
1107
2946
4582
43813
27
509
3537
4999
576
4717
3732
4553
2328
102
4284
3618
330
1982
2154
1017
48987
3309
2549
2954
3404
3026
682
2173
758
3452
4874
1131
1296
3582
233
4383
810
3299
3745
4529
3674
2546
4210
2986
1041
4089
49334
855
1802
1476
906
3132
1968
3868
3601
1498
342
1322
994
4348
2540
19952
4259
1502
4865
14762
1463
47422
2062
1889
1685
1192
647
1875
2727
223
3077
1478
4311
3605
3726
3658
3326
3250
2550
2188
1146
832
8633
719
3359
336
3387
1967
3984
3509
1028
31538
957
1192
4957
4388
3234
41905
257
933
31226
4743
1239
1872
2192
2670
3941
2120
1036
3795
1820
2915
3337
3916
201
39680
2559
26544
1835
2251
4578
3315
3498
3967
2706
926
2275
551
2974
1684
4123
2381
4361
26612
1245
418
660
2915
820
3101
28954
705
4388
14175
1033
1983
4112
4911
1777
363
648
2154
4638
638
4175
44760
1390
868
4324
1297
2798
23761
104
3739
3237
1449
6346
4337
114
4091
4796
2035
144
383
1067
1445
3382
3387
1513
2004
2697
1402
2645
299
34537
1779
31264
42
15651
4603
2440
3673
1854
1368
4788
9179
4967
3791
28405
4700
2862
1388
3406
3857
4417
3667
511
2361
2822
4955
52
460
2086
18304
789
1355
780
2185
2850
2120
3162
3321
471
1852
3122
2294
39653
2976
22442
1716
3783
3411
3290
2063
4483
4037
8753
3977
1441
1124
3084
31978
773
841
3359
1511
1251
4407
2731
4157
4275
3712
4074
326
3847
4122
522
400
1839
2257
2664
2273
1671
4214
46671
4591
3419
18598
93
491
2391
1846
3960
3064
38818
2278
4930
17432
4977
33533
29076
2640
4034
3380
49331
42024
1288
47571
818
23758
1971
1954
4572
393
1011
884
42149
1731
40833
3780
267
1873
517
2844
4985
840
255
2507
7660
261
99
3290
2773
3722
4952
1056
18363
2884
4134
4073
1438
4308
1106
1332
22110
125
1773
3372
35
3591
3022
4151
4109
947
3084
3204
3721
2233
4157
22118
4523
2002
4518
3644
1570
3502
3204
1408
2737
1657
850
1249
2277
2177
346
93
387
461
4454
261
1660
4723
4574
3567
2875
766
4923
4558
4878
1729
2823
4098
921
324
4032
2047
857
2043
18639
2999
104
415
3887
4240
3696
4648
15337
136
2251
2260
2503
4057
2969
3806
20548
1238
2972
2736
1179
38534
1010
339
2477
4792
583
171
365
3016
118
4010
795
3608
6916
4101
3233
4345
4619
3487
692
3831
323
3933
2136
1817
4587
386
45232
966
1831
1608
3491
4315
317
18471
1044
43607
3174
3347
951
2407
1537
3304
3634
1570
651
196
1876
1172
4382
4124
3034
3967
2018
2939
153
3651
588
42770
2172
29553
2556
2019
1557
3103
749
1965
2357
2257
2032
2529
4664
3687
4309
3781
3592
4057
4655
4638
2246
4858
1065
4310
1178
25277
2708
2298
3297
4973
3248
1967
2382
4167
4632
1003
3049
3256
2635
1777
2332
4655
39630
118
839
770
386
437
150
2338
2490
27512
2603
28346
9
989
3527
4837
2282
3472
1903
4437
532
3009
4106
1258
4579
21578
20194
509
4800
3637
12
1408
14872
1732
2237
1146
2218
2746
959
2097
1541
1293
1077
4337
137
1068
20635
113
2137
3260
1067
649
1549
3212
3415
410
4429
3337
3733
1233
4006
306
785
4904
197
1954
16
81
1037
2537
757
2994
4598
1428
4969
2342
1479
783
4705
2240
3045
40101
4165
719
8576
1967
2186
4936
2957
2862
18492
43196
1365
3011
2930
1431
2192
77
332
1994
4026
3233
620
2677
1318
4314
1267
1952
31650
4695
90
19956
3975
1651
2970
3284
1767
1744
211
32
42
4101
2620
3125
1102
10668
889
4201
4123
2690
3509
2611
227
875
2056
3185
1885
3072
4280
3976
4521
8046
17068
695
230
358
740
1472
814
168
3448
4929
2530
1863
4037
2710
23106
28694
2600
784
3875
4831
3074
3047
4026
51
2845
1945
2596
2855
3273
36208
2116
831
16280
3062
3453
660
2328
22
89
2607
1079
2133
2172
805
4921
2738
4736
4969
20
8166
3390
434
2994
208
201
8682
2653
4247
42
46
3643
845
4501
31141
38761
2683
4534
3224
2523
1448
4933
2200
704
2218
4283
404
2049
1497
5078
480
1030
4407
4661
1333
4318
1928
2945
1151
4310
3663
3746
4880
2410
3877
702
2018
4421
1383
3978
4291
4699
4325
3065
162
3750
1936
766
3518
363
2803
860
1956
1993
1728
28
4501
2808
458
1957
2967
4778
2260
2286
1545
899
2452
2894
1351
4150
712
37290
2352
1714
1915
93
48688
23872
78
1423
4657
988
3530
45577
3447
36664
4493
3163
2582
3206
4882
1378
43320
4525
705
2935
3420
246
3278
574
1895
1804
4197
1590
3587
3849
3891
4403
4761
3911
1242
4622
1424
1581
3722
1484
4613
1040
1326
3679
2845
1739
158
3903
2373
1847
4638
2165
3611
1093
2529
4623
3614
1052
2325
46160
4205
1357
4753
3746
4940
210
3836
422
318
3594
4312
2111
847
895
5951
3743
46018
816
1074
3357
678
18889
20093
1899
4853
1823
1816
31979
3326
2489
798
3805
2794
2756
1238
3804
4330
974
3216
4201
354
3176
4013
39050
1640
41323
1293
3903
3104
86
845
21254
1298
297
3056
34272
3974
3801
3276
3296
3234
2010
2110
3883
2747
3910
3307
987
20946
1848
281
3973
1027
1436
1301
1929
776
1558
3777
2605
4461
1250
4978
940
3149
3681
24
399
1099
2544
1960
1968
1044
2664
1785
1059
3045
3686
667
2907
2098
416
3665
4349
4826
1011
2775
2342
2117
3541
2185
2967
1324
4230
1215
3015
4669
4689
2439
829
3875
40689
18397
4976
171
93
665
4884
3165
2209
2893
2344
2957
3287
2831
3455
2364
1132
2145
4415
3767
3730
24240
3913
1923
4113
4432
3389
3768
643
1123
3996
303
198
27068
943
3210
424
8388
4913
1083
2435
935
3535
4927
4363
3094
3229
1702
3578
4300
3928
3839
4556
2444
20946
2518
4266
735
46870
3581
45034
4300
4585
1374
4045
1201
3207
1507
992
816
4174
2898
1767
4881
4453
3371
1770
36628
31872
2074
4067
12224
930
2168
3146
3025
3988
778
2985
4521
2992
1003
256
2194
4566
1827
4068
1989
1538
4316
38
1990
582
4926
2074
4119
1884
1211
1900
31
3479
3047
1855
2790
3029
597
1121
4823
1306
3342
202
691
2844
531
1350
2928
4241
2226
2074
621
2293
4147
782
562
4687
5076
2525
2969
19230
3753
1165
1639
3444
702
1677
492
22616
4559
4753
3216
2568
289
2973
3322
4646
2610
35301
4155
463
4756
1959
3940
1009
4313
2830
186
1456
1883
2504
571
3084
1550
3184
1116
49501
2684
40424
3785
703
874
4663
1360
2186
2217
2106
938
15288
825
354
2546
2203
2921
4908
4334
3083
34706
2637
2789
1902
3796
3902
4107
4479
269
3804
1331
2285
2615
30702
826
4862
3273
4812
2998
2224
4336
4745
46474
482
1721
1695
1477
4507
1784
1078
1567
301
178
3320
568
2826
2688
4556
3279
1347
218
4476
2248
2247
398
3355
2480
363
654
1928
3348
1704
2171
2622
4656
19576
1371
4931
1979
2808
641
3375
2683
1542
1043
2291
4242
913
2739
3618
3368
4921
89
3804
1280
27641
4804
1406
2484
4325
45726
37253
1090
40654
4530
4516
3612
2331
3226
491
4559
2791
3543
1718
12039
146
37693
2602
4462
35101
2264
128
1731
3648
2560
3260
45
2683
3464
593
3947
1902
1858
4003
31946
45750
128
4729
1391
3129
3497
3891
1831
2155
3782
234
4829
4996
10476
4506
1429
2682
491
3413
607
81
24048
104
22818
3484
3654
3698
1953
650
4651
3903
2345
3897
4824
232
4257
4396
3174
212
272
1629
3279
25265
3147
4939
4052
3096
2821
3854
728
560
3565
859
4291
2837
2712
4692
3626
31376
3668
37
3141
1938
829
981
1589
3944
1504
20920
2712
1076
1762
4562
3221
3344
1919
305
4287
2705
2526
691
3695
3094
2289
1769
1942
1699
2291
4412
3451
46080
1633
857
28082
47656
4353
4977
2000
4136
3926
33187
65
4713
4629
1369
49802
668
1510
1732
3796
13793
191
1711
1450
4791
232
2112
1619
950
2763
5034
374
3858
1052
3972
84
4397
1697
588
32786
2233
252
3905
2757
4574
3188
3092
3689
4520
288
3374
192
4426
1521
3964
1176
2814
188
3253
2424
2319
2972
4679
2006
2687
28847
4916
4350
984
846
2010
10219
3149
4791
1216
2455
377
2974
1078
1300
1721
4717
4551
1561
29883
2024
1358
2184
3269
629
30123
845
3540
938
2302
4289
781
699
224
2952
3758
2550
4224
2842
4008
48
2513
966
619
3908
559
1380
2804
3122
993
4413
1917
2903
4568
4533
3868
1475
336
7377
2910
336
41161
4085
3029
1190
4807
407
2522
1521
3726
116
1496
2343
3926
264
4405
1210
778
1752
3855
1275
2469
4262
298
911
2337
1622
2231
2395
1903
46835
3591
207
2617
31254
1518
2593
1211
2036
218
2727
1141
139
4270
414
2861
661
704
4642
2387
2747
3315
1195
2350
2940
568
4111
1911
3184
2520
1692
3051
2614
3540
3330
2725
4028
715
10818
3729
2004
377
4718
2814
46264
2573
3886
381
4950
3306
2418
1028
2618
4545
2541
3681
223
3307
3697
3739
523
3575
3210
2920
3778
4770
10929
700
4775
16719
36630
3934
2798
3524
209
2133
2917
4015
16173
3082
4412
429
3882
1816
1560
3716
2955
1321
3944
774
726
3825
426
4658
1366
931
881
2886
317
4654
1504
4208
930
472
650
4371
849
2100
2758
904
2690
3
2936
191
4948
4753
2192
40105
166
14582
1754
650
4
1141
28703
25148
1477
3144
272
3648
17097
3223
2989
3041
149
3798
4474
428
3232
2811
3645
4530
157
56
4653
69
3383
933
321
897
23376
3625
38227
1326
4737
4912
4187
980
31131
3753
4370
28167
179
4206
1702
2186
3658
4070
3399
4889
756
353
3283
803
4204
1851
1641
4208
1037
2590
4173
2338
46531
4359
1915
507
4693
4506
4288
1306
4922
3864
1458
1710
39310
3323
273
3807
2239
4
1840
2798
2331
961
233
435
1618
3190
3896
3476
4938
86
65
2851
174
1686
21362
4934
3940
3192
4060
1924
1660
128
944
2207
851
11138
4002
2176
1246
769
1307
4042
1834
3120
96
8062
4484
2197
3643
4807
31246
41757
3130
3015
1556
484
2684
4817
520
1977
1270
29123
4217
1338
518
4708
14204
2396
1971
14938
1279
2752
4383
4629
2094
2297
4506
896
1423
4360
3745
1196
1812
4930
4349
3578
2139
2701
514
3755
2931
1826
3742
4294
341
2159
4308
307
2114
2085
1259
4960
2192
16310
3965
184
4939
2042
1844
8889
18306
830
3911
1239
3968
350
2935
4755
1363
2968
1319
1930
1338
4071
8185
41296
3791
2423
3709
15146
845
3423
4629
1871
2110
4579
3886
29935
3679
26437
3605
2033
1414
1047
416
2076
1473
1340
99
4085
3874
1976
2745
96
3616
18708
1479
960
2731
1264
4257
3624
357
1823
360
2390
7973
150
3054
2777
3925
669
4389
623
3850
24560
3922
155
585
4398
28975
3210
1409
578
3230
1666
11343
3652
2335
3658
2914
3150
4742
4411
2911
1358
4340
3136
3688
1186
3625
3647
4201
4174
58
4021
190
4806
17066
2996
661
1554
982
2342
4077
1294
2995
3711
4001
2966
191
120
1353
1821
3967
2565
1167
4814
3031
1813
3423
192
19946
3779
2318
2785
1692
1893
3702
2776
3422
2439
4040
4884
2434
723
125
1326
3764
3039
4549
3318
3905
1174
2424
1643
327
504
3017
2636
3912
1322
3183
4029
3868
1007
6
321
1046
1110
2653
2933
1389
1262
319
3493
4757
19870
3058
36306
3287
4843
261
4752
4055
47147
30122
27990
3388
685
4247
209
161
3426
2156
3719
1820
4564
37480
1894
2039
3474
1676
4695
81
4035
3427
3981
3020
1120
3936
2268
2686
3435
23630
1819
2666
1051
18925
3249
2467
3710
4793
4850
3374
2852
2403
1580
427
953
2825
105
3583
4486
4286
486
32523
3252
129
1499
4791
1518
4035
4518
561
4208
3538
2082
49524
3254
3448
1141
2211
39866
1052
4471
659
715
1483
3010
3106
4630
4065
3436
2264
3598
1323
4826
1020
22
4890
45588
4318
3306
4217
2050
634
4057
3250
2366
3470
12025
1499
2013
1830
2087
1665
10069
4966
3570
501
4038
4941
14687
39499
1718
4442
1046
3110
2584
153
11257
4675
1455
40682
3813
271
27323
325
3104
4487
27811
1223
2018
85
2682
2176
1551
3617
1916
2702
4511
3063
1034
2056
1327
1942
258
4123
1035
4791
707
1035
4056
2953
2125
4774
1190
2743
3882
2609
566
3077
6454
35754
17877
875
1045
4476
765
1527
41507
3009
2809
1185
4931
4505
3298
4660
1298
2001
50
14316
341
34631
3057
2901
837
3036
2160
37226
16
4674
1428
1203
4008
1463
4301
384
3063
41243
2818
43025
185
1232
4795
2446
2625
2051
2508
2650
42989
4091
33
585
4054
4973
4369
2581
1983
721
4782
11
2370
3189
765
3100
1685
4726
3067
3248
1131
2349
988
3548
840
4483
2409
2248
4750
4723
3484
3300
1667
4875
966
59
4545
4315
2332
2334
34857
144
4140
1888
369
1705
47102
3082
4958
3078
397
3627
23371
4904
16
2354
3909
1359
4126
615
2022
48846
289
4440
1253
4677
3571
42847
2709
3775
3264
3455
2420
7771
3841
4959
832
4473
954
274
3998
460
370
47755
30622
2297
4977
4847
4215
1352
11849
3036
1956
4446
42504
4738
3995
3326
666
1434
2002
2125
17062
4387
3085
13408
41206
40249
4931
40653
1365
4033
313
950
2238
4157
4035
7172
772
2381
2082
3116
1195
805
2945
603
142
4660
4246
2143
4307
35851
4508
2419
2566
104
475
1072
992
2568
1154
3295
4119
1897
2719
2911
3773
4977
4191
3314
2627
3820
3652
4105
1108
910
2604
3998
2512
299
3365
736
3443
574
3678
4604
2325
3764
1993
3264
1469
3619
2185
3468
1437
1486
664
1506
1001
4333
1481
2674
1548
1608
15389
7684
3981
4849
3326
4384
4711
4896
1840
2371
3538
2121
1152
3526
2118
1360
529
265
953
4927
87
36742
694
2137
2238
181
1548
2442
4911
3487
3954
1459
4650
963
46409
38461
3207
1203
44078
4891
2571
116
47019
2326
4265
854
322
1716
1432
1974
4700
1812
144
1081
9684
31118
176
1710
4721
2719
2803
2332
4071
2634
3293
2477
4162
4868
1214
3170
25650
981
80
1605
2818
662
2488
1396
3823
4418
767
3819
2159
2032
4155
3579
3820
3638
2974
1955
573
1359
4032
4013
2886
582
333
4250
3325
61
48157
1012
4691
1627
4900
2279
4921
1750
272
2609
932
28601
4637
3898
3693
3297
2084
761
2086
1679
2253
1744
1164
4405
3694
2996
2441
23693
1367
4721
281
3587
729
3658
1032
2999
1322
4379
456
3967
18170
3800
4479
736
2080
2955
4666
1166
1033
1465
4910
4363
2160
3756
331
1678
1943
15865
4051
4747
4106
84
2251
1126
3892
2449
6896
3395
2493
3874
4181
3430
3776
664
2001
2442
3778
3710
666
4322
4384
10614
28254
542
3976
152
184
3094
4497
4011
3850
3724
1281
14591
3624
31322
3359
4441
264
857
1520
591
1499
1716
1703
4264
2477
3990
3636
484
2119
4323
1848
1902
1390
3651
1328
3499
3971
4797
3337
2753
14037
415
4659
3886
2984
3529
1401
1520
2087
399
3129
3799
4844
5594
24088
3803
874
3503
1278
4562
1202
2776
2182
751
4432
13687
629
2372
3599
498
1782
1944
4803
3500
602
4949
4930
47553
1544
2239
1791
683
3718
2595
3814
157
488
195
4061
918
3167
1768
24612
105
4713
2851
3802
2080
3675
641
3572
686
681
3493
7
1046
4570
1187
3606
2512
567
2391
4525
3863
548
4779
40021
2158
2688
35356
566
641
3298
4571
2991
42526
3626
700
31528
2898
1337
2478
2312
4242
19886
4111
3751
2707
1717
2576
2112
1044
20226
1922
4581
3064
4957
27946
2407
1798
4081
2990
1655
2329
4132
926
2174
1802
637
774
3520
4116
3401
3889
1832
219
199
2784
2887
34735
3244
25488
341
19375
1835
241
2640
14466
2722
3598
4379
4838
2065
2914
26
4416
2889
4362
492
2865
3344
770
2534
1777
9159
2440
1006
580
693
3030
1246
2267
690
3328
2969
4862
3226
554
2973
1298
4476
1142
972
2779
526
2537
33131
2396
1873
1352
4025
2727
3365
718
289
2808
3702
4668
437
6523
668
1960
4166
3251
4649
4297
575
3535
1998
2867
1638
329
4480
3038
924
1622
31580
874
1624
1538
3131
3381
42188
4894
3716
3208
1915
1020
4738
155
4706
2643
2338
904
1800
427
3473
2860
2942
1254
2784
353
14740
96
2333
2841
255
411
807
4724
1785
1820
969
3275
1430
1445
3651
602
45
226
2563
2331
2027
3379
3123
1100
2369
4574
630
3744
4655
3061
38594
4077
4018
672
3065
3708
3758
4554
1783
4447
1246
1060
7833
1441
4162
3774
4421
3298
2457
3221
408
2023
2414
3961
3281
4115
4287
621
3675
695
4537
3300
4372
9463
2329
1121
23065
2875
286
476
2184
9918
4045
49308
4694
147
333
1624
1431
370
3257
3891
3399
2578
4618
4132
12730
307
30613
1280
4988
958
477
537
1166
2447
4502
774
28074
3523
3169
3961
245
2605
464
1068
2445
798
1126
4381
1836
1126
3535
2900
13645
60
1976
4376
521
9642
690
636
4444
210
1895
572
271
2771
2775
1853
4137
822
11758
2684
3328
2173
1277
3763
1019
449
4569
818
2861
648
1117
3661
16691
5047
1350
50
249
4115
3894
3610
5258
2235
1499
2433
3534
18290
3480
3524
1418
1092
3106
2785
2872
2405
804
2333
609
4922
940
4985
551
2149
1444
1617
3686
4219
938
1966
1746
461
825
3244
699
203
2825
511
4223
1931
2782
4085
2713
3947
3402
504
3021
2090
140
182
2661
371
708
2675
4648
1158
3742
475
1492
2645
3837
559
1048
16727
3377
4439
33
4843
1132
1930
401
895
3693
1722
464
977
2725
360
23993
884
3607
2272
3658
2937
2197
5903
1562
4619
2682
4452
2958
2472
31214
25348
4793
3601
2283
40119
2090
4347
3353
660
11640
2802
2814
3033
48899
667
3529
27187
4366
1415
4949
22803
741
3455
2696
3788
1665
3367
915
4496
1811
2783
3041
1934
4166
2219
1678
3222
4227
3206
1166
4012
101
2196
595
3675
3018
968
2634
1083
1835
1880
968
82
2308
827
285
2456
4707
3291
4727
3190
2317
179
1861
3347
245
2852
2844
2375
4883
2985
4554
2303
4239
3434
2329
2027
2565
866
1538
397
3948
1044
2208
10548
8835
3645
2690
4132
39729
1379
3146
2356
3225
2301
2738
358
2772
461
3362
3228
28866
2248
268
4499
321
1602
1194
2632
49535
2070
966
433
2482
3974
1404
4899
4517
2754
3117
315
1396
1387
2169
1935
26179
3302
381
3381
1463
1579
1912
3752
2434
1435
2290
126
259
3332
3547
206
599
315
1596
1827
729
3148
35948
3452
44
1251
3204
2547
25
83
3657
437
4830
1240
3838
3873
4335
1622
45166
2193
1377
24736
4303
4559
3947
903
269
1017
2863
203
1753
2226
4966
4747
532
4403
25952
2529
3301
1765
3751
332
4168
3449
21617
3343
3492
346
226
3973
3502
444
1400
835
3781
3659
4220
4542
4208
4494
1796
46
1550
3255
5597
3445
4692
3647
3351
587
2125
3925
921
3366
4501
886
2413
3634
3048
896
1221
3473
3632
3732
3469
2616
254
5396
1169
1571
556
883
1392
4372
905
112
2310
1247
381
4770
2575
3133
137
46612
2036
3355
9164
1036
678
3271
3932
3635
389
1852
4996
4676
684
3930
4316
23183
2934
3691
4345
2257
2214
43331
817
4794
1747
3978
4609
3610
1278
4976
3185
1795
4593
26088
2581
1890
4992
1155
19149
1180
1589
4360
3720
2849
3436
1813
1192
3595
942
4431
4785
3389
3400
4301
1037
794
24490
1038
4000
67
2641
4945
39486
1377
23012
2077
327
1460
2387
4284
2951
517
2075
197
3424
27437
3042
3460
542
1384
3295
1071
3853
1796
2578
204
2625
4310
3127
2902
4256
1734
1257
558
1878
1489
3962
3144
1345
4990
225
2092
1594
4581
2977
506
4530
1874
2148
1518
601
4692
903
2044
4003
1842
4815
30799
5238
3417
918
3221
534
1931
4085
3558
4050
2813
3472
4390
4157
3980
1342
4604
16109
3972
17
1199
1879
3394
1934
275
4152
4057
2355
4196
1981
789
443
4664
2536
27418
3369
1343
911
692
1674
204
2151
2522
3780
13434
5633
3815
374
62
2796
1751
3050
2172
42
597
4016
44874
2796
4077
5476
1912
39051
894
394
3447
3461
1192
1339
3561
1115
1567
2311
1192
4445
1907
4103
4478
3893
44780
4194
2824
1724
3086
780
2968
942
1621
4762
3405
1467
3571
3604
4622
3522
2650
4804
77
1046
42396
1154
2246
48129
2302
3586
2198
3786
2176
33
4113
4089
680
2827
994
4792
12594
4815
1939
4424
977
691
3556
3824
902
4794
3657
3877
2909
3252
2942
4529
1961
2269
3809
4800
503
1558
1323
2165
2963
560
22506
1932
2975
3135
2511
358
429
3618
409
594
4184
164
2518
4777
36526
635
33760
1558
3063
295
2197
4432
529
881
1650
2364
3539
1036
2037
4990
478
4277
4022
779
4944
571
3564
2177
680
1711
1864
56
155
2188
743
4761
3526
536
3533
3063
3881
50
2675
4662
953
4322
44523
2555
3132
3657
21116
490
3067
3475
1445
3584
1270
2283
3141
4255
3592
5
4711
471
2675
304
4111
3381
1870
4093
1341
2860
576
815
4577
859
444
1050
2720
1137
2790
2867
1371
798
1922
1187
2311
2083
3263
33509
3172
4694
700
4867
619
2961
2955
3222
2856
2909
46546
4354
1807
2176
4231
3765
4413
2251
1389
55
2646
4864
4500
4947
2051
1474
1651
1064
3698
3796
842
4940
140
19
4389
2993
4543
3331
3999
2380
1205
1116
2729
377
4526
487
686
2798
25740
4431
4526
48391
3766
3928
1740
4503
2892
828
3252
510
2649
4459
754
2320
3237
479
1264
4618
4157
47434
729
3919
4049
4738
1143
2260
33409
4721
1854
1880
3717
4026
1270
199
3937
3535
4412
3302
3770
1259
26
1020
2015
2241
2194
4349
858
3823
1412
1347
3122
4246
323
1268
122
4637
21719
2709
4056
867
466
375
3445
3633
1969
2784
3005
4106
382
3982
83
3396
2992
3481
4084
3439
4709
227
1099
4816
13616
3984
3870
2567
1976
10
3745
4819
3585
16
3705
1846
3132
39359
4207
2983
2097
375
1651
3931
2301
3457
25643
503
2300
1599
3309
1218
1626
2263
2601
2780
4633
13468
1320
36373
4612
2044
19003
907
582
3658
796
2827
2892
17833
2046
2856
2413
4206
3067
27685
4445
1809
93
3785
37866
3776
769
342
3954
378
3599
4293
503
2115
4181
1741
4386
4280
2271
1160
2834
4968
710
49856
2890
4562
1753
4842
4594
2155
2543
1303
2589
929
4284
4565
39543
12826
3130
1406
4916
1806
3411
33
2694
4982
4268
3620
2804
1990
4982
2146
4815
3638
4838
3941
428
4683
3766
1026
1857
1016
4527
2632
4747
2956
962
20517
2457
3652
1835
2236
2358
3960
3758
4479
4432
4581
2331
1438
3304
4629
1378
4728
536
574
4995
4891
79
413
508
4338
4369
4791
35546
905
4174
1571
2363
4043
4142
17709
1084
1364
914
3836
590
1335
675
1907
2106
2083
2067
3531
4740
13269
19377
3648
5738
3011
3099
742
4901
4549
3055
4024
1426
4280
1836
3861
1339
4570
2833
927
1466
2535
2055
39617
47017
2589
1006
4765
2112
1672
2534
1460
4879
1880
2948
4268
1853
3558
4788
4465
1712
1228
15
1845
2377
2501
521
2447
4429
3558
3294
14207
1853
2377
4043
2538
3155
2719
2893
2075
2894
1862
2178
25224
3343
736
4291
4729
614
977
749
4190
656
2799
415
2507
2255
266
1178
4942
2425
15475
27102
4943
694
2469
3827
219
3063
2743
4984
4252
3635
4837
24458
1324
2812
1904
29406
4958
1928
2781
266
3330
1665
622
2403
4815
1086
3071
1166
2543
2631
1595
3784
2388
3184
1096
3828
3360
1228
2156
1077
2841
4496
3027
2160
2086
1236
3647
2972
918
1651
25883
34477
293
6136
4563
4499
3895
3332
3097
1440
2180
1028
165
2762
269
3432
680
3248
2656
31
2532
827
1637
988
1984
2001
458
2627
1720
3391
638
3842
1573
4188
2098
2133
2821
3686
3715
32453
2920
4857
691
2834
2750
3933
2282
1683
3700
33314
783
4217
2430
4427
426
4229
2333
2437
683
532
596
2295
3198
3613
3035
2581
4111
9930
1502
4330
2533
3801
914
2855
4086
581
1267
2395
3877
1306
2712
1367
3308
3328
495
738
9145
2140
4246
4968
2256
1136
416
265
366
3901
1239
1969
4823
2436
24738
4331
4954
333
3573
4318
979
2506
3935
1836
2169
2842
4617
28507
3709
38866
49822
2073
857
253
1588
1906
1137
15736
363
4178
3319
1380
3554
2908
2032
4179
4846
719
4442
3269
3420
6097
1240
4337
4188
3182
2329
4036
11825
825
8199
2764
2363
1241
2598
558
1994
3601
397
3954
4806
1098
4008
3737
3143
23991
26821
4295
2681
4477
826
285
1729
3259
10032
2326
1223
3229
2383
692
568
1180
212
2042
718
110
4610
3118
36230
3825
2158
4838
439
992
273
3615
4178
265
4490
4937
1189
1286
1084
3005
4688
4032
3874
3429
2843
4023
3924
2337
3221
4126
2172
2071
5878
4320
1859
3288
2304
775
967
2232
2188
3548
3056
3336
1944
1684
33228
10673
3966
4076
3474
4576
19134
2134
1186
4312
3667
358
1015
3868
38053
3525
4706
4885
41509
3743
875
4223
2849
3920
2810
2260
4239
115
1083
2369
3224
24012
3251
2546
3870
2961
3070
2159
4539
47515
618
3500
15143
1
1779
3329
617
3631
3769
2416
38143
13809
2527
2615
1165
2978
2531
2936
1946
3273
1619
4628
3162
2912
2899
3978
785
2067
1739
896
2568
1802
1034
76
234
604
431
1766
3049
4079
22529
2136
2121
1514
1849
696
2931
1653
2162
1696
26010
1260
1929
9
50
4840
1670
47693
4475
3841
4029
1444
2133
3009
4225
2116
4194
3717
1395
3109
1880
2031
3326
34566
980
268
1838
1898
600
30196
2984
4473
2436
3080
30517
4915
2230
4094
1466
3068
3610
60
1382
31851
1896
550
207
2898
41030
1482
3118
366
3678
4180
1979
3997
15485
1348
1624
17
918
2071
3858
3316
130
3798
4393
1662
2548
4009
2139
1799
1494
40821
1660
1532
485
3731
2179
3454
3526
990
4284
4104
2151
3047
27207
1039
4852
3048
317
57
997
4186
180
22110
514
3349
3107
1153
4918
4743
2117
41471
1979
4153
1053
3863
1950
1980
4033
5698
1123
457
3438
37418
4118
33272
2062
4580
1199
2101
3046
516
374
519
2913
15041
3701
2863
151
715
3789
1546
3286
34939
1336
173
1502
3795
3353
2782
3320
2028
1015
748
46974
3301
615
1867
3795
2349
2901
3311
3996
2902
3313
42419
29101
2566
1050
33902
2384
1415
747
427
1431
1369
2330
4078
4628
874
2680
561
2774
1419
2801
649
4574
1386
3711
46991
4128
3160
10435
1215
741
4976
4015
121
250
1575
23075
73
3947
760
351
29338
4459
2211
1316
1444
45261
2022
4932
2514
2412
707
4241
1872
453
2892
4070
2151
198
1248
2664
1042
1985
4336
37
705
3523
4423
3691
1610
874
2956
383
4812
673
231
2559
4212
40680
1267
1889
2456
4547
3378
1537
2486
1983
5092
42239
1113
87
1849
3180
1580
2709
2745
1635
2245
1314
3068
2448
3288
2082
22706
12382
4072
2155
3704
4483
4186
1514
4538
2331
1439
117
188
2506
1255
3094
17800
33779
2740
390
2282
3645
2217
938
2970
1921
2558
709
3704
4159
1196
3853
4670
4128
2137
650
10200
559
121
41190
861
2907
2991
2513
3220
46
3337
702
4032
2166
4457
312
1548
2472
27785
1079
407
563
4327
1284
1745
14978
3335
4643
2915
3186
1700
1361
4695
4752
4472
3539
3507
3156
3582
2996
3215
36327
2570
253
859
3695
2169
1683
4717
3144
1095
679
5111
3391
4999
2187
4653
3127
33355
4840
1238
1210
3740
2490
2594
4134
333
1766
4348
2583
1417
4905
2985
4382
1920
4711
1692
4586
4681
4396
77
15
47921
22828
2195
1545
3527
341
4862
2386
1037
4940
1265
1833
6
4474
2528
358
3362
2969
326
1758
4258
3207
2362
4432
2575
4284
3521
918
830
16944
2774
1976
1213
2111
1309
3992
1028
39323
2813
301
4110
841
4269
3708
2733
1583
4914
1620
49119
1576
3171
3452
3998
941
4040
1680
1929
1397
1884
1324
2526
724
1022
1248
3389
1690
1678
2389
3722
3475
1791
28566
4496
4453
1619
755
3911
2323
4212
4157
3881
4358
4435
4927
3585
4265
1415
1084
3008
210
1122
1243
417
1213
1850
3443
47
4679
4144
4562
1141
5847
3892
4129
211
1997
3509
1061
511
546
2595
864
3801
4847
128
3921
37626
3921
1837
1607
4493
3204
3754
3143
3870
4302
1852
436
3357
2798
1171
3062
1895
3667
2453
2471
2929
726
3756
4655
2245
1165
1139
1413
12222
3955
4139
280
1088
1130
1025
48255
2290
12658
43
2266
14412
2224
1003
994
1397
2243
3843
4386
4171
1993
2579
4614
4976
3663
355
2075
4477
33238
3382
2652
4412
1710
3511
4573
4750
3363
1575
100
2267
558
3805
2279
524
4628
467
1594
3539
4470
1964
3360
1781
1461
4424
3514
2398
1747
2377
3287
386
3741
4641
1843
3244
3993
3138
4878
3673
1470
1769
1279
4714
575
768
36241
3537
4676
4958
4293
838
37351
44565
2745
3979
3143
1059
547
738
4118
4164
4687
225
2998
782
2233
183
2155
1219
72
4269
2425
438
1259
3830
2305
881
40924
3327
2487
884
3648
4129
4963
761
8
2750
1688
3395
722
199
3555
3723
213
1160
3766
4883
3311
2848
879
1690
3945
24644
7562
925
322
2063
3811
28448
3031
4509
4832
4632
2042
3554
2678
3023
4299
4702
2789
3090
21389
52
16049
4298
1443
39364
3981
4261
899
1452
2740
3079
1844
517
4810
4366
176
4537
1086
3156
1227
3785
4350
30730
3012
3939
1893
3216
1040
3740
3766
2837
1260
3029
756
4527
2127
2821
4165
83
8757
2767
2571
854
492
941
1848
17238
1626
178
1127
8887
1523
1594
2505
980
1136
41875
2730
3543
849
4517
32086
2794
41758
815
241
43
3602
4178
34355
4809
1147
1912
1783
1357
1152
757
45075
3761
920
4805
1333
39104
2357
2752
4996
1604
1184
4583
691
19336
3862
2466
470
2986
3164
662
256
2473
4863
2128
3577
3161
1608
1701
3294
11357
2177
509
1035
22
758
1844
505
2875
3181
2099
2480
2654
3107
4434
22121
3228
1522
50
4417
1675
2895
2726
724
32079
264
22424
4680
4560
223
2319
3762
4743
1137
11806
486
18361
3670
1509
2466
2114
442
4750
6071
792
2834
3050
1702
1258
1035
45317
3808
1446
3178
550
2135
45830
2642
2899
41546
2771
3504
661
2810
3170
4895
3467
48715
4942
2419
95
4807
2297
2689
4763
2999
4079
793
2011
939
3123
434
5305
4974
4889
4236
1131
4534
44518
4155
296
4208
1351
3182
151
3926
515
2960
11698
21619
939
4595
4567
658
3794
20933
3097
3186
2463
27989
2553
1876
3670
1053
90
3873
3753
3452
2542
1274
758
4238
2149
4507
21108
2233
1321
2887
4533
87
653
1620
4307
4847
3927
3684
317
2701
3746
3668
798
3856
3774
669
10688
893
3735
4395
4561
116
1597
1832
2606
2335
4371
1689
477
3333
948
4586
4650
4261
16599
25410
11550
270
586
3062
4610
1466
148
4792
2966
952
2050
27637
1985
16952
4797
342
3185
3249
3847
1789
4788
2371
647
4193
22684
2387
3469
2862
366
37182
3995
1657
3399
2604
4953
3017
692
1714
1696
749
4068
497
2396
686
2117
2727
2411
934
342
1580
1698
3163
3372
4277
800
617
2323
2286
376
4357
2356
4551
3849
4119
4073
4314
4711
3586
3482
2218
4687
2417
33043
13210
4487
1976
1194
2021
2257
1874
4665
13759
940
3867
3166
4357
1626
14423
3532
3108
316
29154
4786
19780
4630
4415
2409
4746
643
3688
2680
1286
1781
4284
5991
755
4657
4590
3424
2981
2892
381
2555
47796
242
2678
3041
2435
2252
3647
34834
1455
3183
2432
580
661
3640
774
3003
3081
17209
89
47846
1949
627
3242
29082
14170
2406
2927
1922
2817
2290
863
4042
4374
3792
2492
3484
4515
3998
1475
303
3211
813
1389
4960
4244
4515
3890
4097
1372
4308
4384
5587
1525
17891
3105
1575
806
112
1546
3436
2863
4307
3821
4112
1991
599
4986
4805
2408
1440
3066
19781
1353
3560
2957
217
2901
3705
3115
2209
111
22624
11
21993
3370
3026
3527
3131
4090
3853
861
1696
625
3548
35600
2119
1476
4745
4533
3773
3975
8685
1690
401
3581
808
2367
3283
38856
38884
2220
871
4916
2434
3838
9049
955
49561
14957
3499
1701
1630
3943
4360
4544
2257
4283
1859
43946
188
9
4858
1520
1449
4539
3301
44414
99
2978
3625
17
3378
3595
2050
961
2191
2277
712
760
2176
41234
49551
3421
2788
3260
2688
3959
2893
3021
834
392
1841
95
3415
4769
2729
7
4626
141
3954
4266
2112
4883
4698
3697
1230
20360
2868
3995
1342
3438
2718
14477
4396
1123
782
2475
3831
4150
3706
1635
4930
4658
1783
1955
2176
2046
23110
34417
4870
4189
4601
2552
3228
4827
442
2901
1983
2371
527
1822
3428
4784
3174
3530
509
1745
19671
4304
4525
4595
1269
35667
2602
80
3872
3342
2362
4129
3601
1185
4983
2534
3476
2020
527
1207
1899
1006
1874
732
2614
389
1469
2383
2938
2556
136
1474
3518
1815
3291
4431
1557
1102
4348
4756
382
2816
1069
3478
2409
2402
3209
1513
27489
1755
4811
248
648
3487
3126
2536
228
4516
1817
241
4743
2441
1536
92
1159
4330
2003
43147
764
1482
3583
4967
4169
12
51
4498
4008
1176
884
208
36422
4268
42261
4775
1691
2672
2718
3961
1786
1642
7259
2331
3417
723
12096
3093
2202
1294
4654
911
47914
2356
24112
2047
669
2288
3152
26787
49317
31271
1056
4802
4764
1110
3058
1331
1520
2418
568
1890
3898
2441
2732
2320
39866
3576
4584
2683
4623
161
1768
4963
9141
951
17386
2911
1421
4633
1547
4751
18472
23486
4913
3745
4650
16080
1985
622
865
2693
26906
1385
2209
1910
4797
4645
2768
883
2299
4168
1574
3663
3212
21011
22933
1556
2280
3274
1399
3665
10182
3395
30198
20624
3447
283
2532
4505
2329
1730
3884
2
41456
921
829
884
4329
28888
1720
1047
4269
838
4563
2970
4223
286
2766
878
1927
4367
1384
3271
860
3202
999
2594
3918
4611
523
2561
4678
1137
1110
13550
413
3701
4124
4747
2980
746
469
2428
26106
28
4397
1550
511
989
2915
4304
2069
4838
1114
4806
2311
3148
3201
902
4669
1873
2712
18296
11969
1090
457
4212
1541
3281
4052
648
23017
3317
115
280
1227
3852
48400
1348
45726
10193
251
1872
4665
30407
2426
2815
1566
1427
2490
4808
3501
1738
4881
3256
4472
1323
4848
403
2629
4573
4908
1049
1031
2594
639
2649
1204
36629
2470
1214
40927
1507
16142
2514
3923
305
2463
2839
4565
2127
1155
1552
3939
4820
821
3825
124
3081
3342
26993
3875
3646
1781
1669
1413
4179
717
1432
4339
361
1637
3096
1143
586
3596
4640
2515
785
44700
4143
4202
4221
3612
4240
3810
425
1484
2236
4416
2160
756
709
2134
4962
990
4105
422
1206
2104
2887
306
1161
2472
4331
22959
1986
4576
3721
4551
3538
3569
6404
1764
1995
1717
3695
2104
1595
2355
4414
1304
1001
1684
4945
1139
1727
868
3407
2219
954
1629
4486
41
939
1374
1685
3787
338
43242
1129
2588
3712
207
1655
1047
1289
2133
15173
32075
1831
198
2735
2460
3390
104
2222
2292
47248
1383
12069
4671
4377
737
1032
7
1108
4655
4047
2204
3372
3311
1553
2904
2542
4269
3976
3571
2580
2756
1076
3137
1257
898
730
1728
1573
19564
1014
114
2184
880
1071
2244
551
672
2215
8909
2341
4686
3745
739
6927
1136
3193
1120
4016
95
1187
467
2745
12882
365
47983
3648
1151
2698
3481
3645
1212
4710
2858
32199
3535
998
2046
798
30
4415
3584
2438
1070
667
2294
2695
2218
2456
3291
96
1558
46166
2986
1591
2111
3214
8530
1115
3873
2164
2826
301
1456
1911
4522
3240
1904
681
4437
525
4122
14562
412
69
708
2277
705
484
306
4019
85
1027
1412
2692
37664
293
2119
1272
4535
3894
3769
4719
1039
37997
28
4678
222
2650
189
4337
4543
3920
2319
796
3763
1606
795
4678
4998
917
1232
2269
3830
2412
2394
253
310
2289
3795
1106
1295
2301
2670
3680
2562
1292
3488
27037
2954
1230
2950
36873
2413
4734
1755
3467
25064
18634
3089
3682
4999
1035
3496
1652
2940
4079
2293
4425
2201
5470
3852
3812
3049
2908
3632
3822
3792
3395
4039
1880
49
1835
2873
2651
2586
1059
707
1200
1506
4998
4803
3572
32554
4044
2899
4257
4598
15
3180
703
233
306
1529
61
3877
1065
1257
4180
2450
4671
2440
49720
4426
1521
1859
2958
3368
5648
655
1827
449
4026
758
48264
3128
30075
3507
2025
2879
254
3358
32881
616
2404
2875
611
41110
6160
3932
458
3561
2124
3901
3482
2639
2956
2592
3651
1235
258
207
367
1179
324
1499
21649
4502
2048
4491
726
2789
1301
40141
691
4446
728
2373
2790
2772
3620
1857
10869
3673
1931
3098
770
1066
1875
3032
3522
8246
18237
2801
1870
3177
1082
1975
2643
4117
4353
4424
1730
995
844
1090
638
1717
3954
405
3327
3363
4756
12794
1613
2725
12
3024
39678
4281
2510
2636
1861
382
1061
2948
1277
4059
3271
2283
4295
2842
2001
1019
328
2255
664
1791
4487
4416
1791
7662
1538
3936
500
4525
3220
2407
712
22185
2800
3082
4424
2825
3791
3657
4861
528
1684
4761
2605
4716
1453
1122
2560
4791
469
1397
1580
2093
2134
31231
4757
3977
3128
2944
727
1863
2925
3045
34
2098
4459
1277
3706
4211
1845
457
3546
4784
12944
2136
2932
1730
2340
15487
2178
6431
321
2563
3959
1773
1871
4786
953
2685
4967
4209
3716
4683
3729
3220
2039
4607
372
4080
91
1292
3938
4647
1962
2960
3390
1913
1894
3715
3508
1072
3813
2890
3643
10601
317
1341
4252
1390
855
2714
4256
7276
2333
774
1621
29989
35997
3247
29231
4017
387
1049
3228
17425
3861
2702
1079
4989
19736
440
160
461
1957
839
2448
4271
2536
1416
46356
3987
2324
1120
71
804
2349
3982
793
3602
3220
1472
587
1061
1281
2631
3632
3105
1874
2211
405
490
41242
2978
15121
3320
32248
41782
608
2777
3198
3502
4670
954
2780
557
1781
2516
5456
1677
2176
327
2784
3900
127
2429
2216
342
2351
575
2653
4924
2274
1521
4255
2199
3317
22253
4006
4886
49353
17947
4497
4205
71
540
1664
4869
2103
3247
4495
2893
4222
116
131
1616
1709
3329
2619
4427
4258
1837
1275
37712
1284
4572
2422
2824
1580
2517
475
1382
3107
103
2279
4374
4972
191
670
3263
3278
1345
704
3046
2852
4661
4067
1286
3594
30387
901
4288
1672
4596
2744
4168
3928
32321
2611
129
3706
4268
3800
1567
3718
36564
2793
3226
3481
2204
2554
551
895
3627
1068
40479
1551
2168
3704
2551
4817
4247
12985
373
601
4060
17769
911
3766
2611
1897
3443
990
22408
1152
752
3622
4740
14240
49888
2616
4643
2789
1070
1267
3706
30059
4854
2043
3552
2044
4868
35551
4926
4015
3824
1645
243
3739
43882
2882
49976
730
3327
2228
1957
2504
707
3202
1860
5097
1250
4636
1924
3678
1581
868
42193
4957
1341
25667
2675
4763
797
23800
3680
373
553
787
117
3811
2373
4407
1235
25
3145
3620
4489
2801
3628
3767
25489
1171
3365
3968
17660
523
3050
1046
108
3761
48076
1494
3941
40563
1717
351
1975
8491
1391
642
4732
29730
2449
4303
3098
2573
2242
4505
2130
4431
2905
4688
196
1924
2193
2518
3667
2276
1413
3190
3753
4396
4541
2202
3758
3352
66
1795
3859
4711
4491
2275
2895
37134
1662
4074
449
34015
2686
2929
3801
2291
767
541
4769
3346
2260
4672
235
547
1495
2088
568
1274
426
3068
1480
41018
4557
1288
130
44778
2118
2488
3844
5250
1999
3626
2689
22866
2863
2132
2261
1307
31468
646
3564
2432
2231
3258
3493
1879
2551
3066
1896
354
1638
1459
1552
963
4798
1909
719
112
3747
3907
517
1963
975
782
3160
275
4716
3552
336
2553
2216
4438
4453
14
2679
47035
1890
32499
1562
3358
3614
2847
991
716
3967
797
328
2693
4426
361
2996
1124
2483
4850
2666
4772
4237
4031
650
2791
1886
2325
2745
2412
19089
2220
18601
16779
1649
3564
1268
4681
4165
1057
1587
3497
2959
15653
26936
2788
157
1760
3383
3565
4850
2264
2599
4576
3859
2755
4723
32326
2037
2326
2368
2710
4078
1599
452
3288
75
2867
3509
3822
1950
1787
2794
1607
4189
4176
3464
1646
1926
2892
2893
2156
552
2382
3965
496
2695
2833
1670
2995
2136
871
1260
1051
4976
793
3943
3110
3294
44946
1022
2953
535
1917
27170
551
4152
3867
1187
4562
509
2143
4052
513
3251
23924
1984
1826
2131
3525
346
4547
2910
4794
4485
4602
2001
4813
4727
2385
2039
3020
1073
2814
4979
1733
1407
2844
1259
2383
1705
3363
1567
2304
3930
1375
44504
4698
2445
114
2335
4436
37095
2096
2298
703
128
720
2999
1518
3555
4377
4009
4372
3010
2842
3053
2861
3347
3684
517
3847
3796
1016
26502
802
3674
1303
1011
2179
2085
3713
618
16518
1282
44208
23194
296
2142
1211
3768
2796
3786
2572
18713
3323
4173
1373
3379
3612
70
4782
4252
3736
3860
2749
2127
1316
1714
2305
2201
4666
251
185
2223
43322
1954
3352
1298
120
3510
2035
3390
3953
2949
1255
1551
31535
1869
3599
4365
1882
1845
61
4757
3812
855
2211
1066
3498
2942
1226
18813
3462
2110
3706
526
2872
1255
1640
4732
4659
832
4213
10762
1528
4408
3348
4366
4144
2331
4264
2876
832
2158
612
754
65
3531
3824
425
4216
3368
4539
1415
4517
21123
23378
351
2419
3451
4987
4070
3854
4522
2597
2063
10
2952
1398
4298
3323
1846
2640
4226
724
2046
3481
1880
3467
4547
4585
1834
2484
4844
2196
555
2248
453
3142
2105
3974
647
1924
3035
2215
4684
2711
613
4260
1667
1009
1419
482
2830
1841
3459
817
2162
1623
1667
3859
4259
37842
4340
3608
24142
2307
25186
40203
4590
2475
160
4367
653
3485
221
3620
1066
3741
1114
4761
3593
3725
1875
24262
1953
1832
1175
16318
3061
422
3190
1836
29798
4964
4751
494
11670
4310
4632
3716
4233
2414
5061
3891
2236
4965
440
3741
2577
1290
705
1464
26383
3348
904
591
2514
3104
1551
4258
2406
3706
12497
3385
3474
4446
4590
2932
2368
668
1961
47684
11857
3010
195
1514
434
4683
556
837
4186
2393
2805
2830
883
1865
39465
3455
2627
522
2222
1464
523
561
4469
4719
19918
2331
39646
3545
4505
1850
2966
1990
1650
4478
3120
315
2118
3955
1797
3245
1086
3121
4577
4271
1364
20
2889
3685
4593
2097
2119
378
2079
4821
23
1616
13
18663
163
1709
1294
3015
3516
4393
235
42898
1332
4012
3742
1394
3988
18
4619
725
1361
170
4154
1667
4288
1710
2375
4689
859
4904
408
12651
15269
931
1019
2212
4034
3786
4752
1615
19285
2293
864
2963
3041
3657
33341
672
2855
2398
774
2093
354
428
2704
257
4608
2389
3583
3200
2336
47678
4082
1342
2495
1888
1813
415
486
1191
1405
2171
215
4952
23336
46950
817
221
3832
1039
3667
2466
4649
4030
23289
3144
3462
16662
2361
1230
3974
2184
965
4444
668
1274
4659
220
2108
39708
1705
4932
2766
4887
2378
3550
812
3563
1705
4884
4382
3252
2082
4217
4706
18899
618
4999
3504
1410
881
3584
1728
2202
26411
2352
15
2911
1582
27594
1739
2285
4332
3531
485
1246
2413
4761
27801
2033
2837
1197
1569
2281
48346
2148
3388
3895
4211
3460
3454
3087
3833
1540
567
322
1922
4357
3871
2065
596
3116
3294
754
32124
3178
4990
219
298
1847
4044
1055
477
1077
4273
3812
4233
2746
4055
4758
2710
186
54
2347
2300
22422
28646
1239
3820
744
4120
503
2278
42846
1464
2627
3556
281
3555
2161
638
2409
2842
2463
902
4382
4304
2683
2806
10395
4697
4118
192
4500
47709
3562
367
4991
2311
3256
4963
3206
3628
1592
4114
1687
1979
245
7683
2478
2939
1543
32861
3473
1030
551
1254
1905
4355
4829
2011
3460
351
4586
1210
2469
2016
3866
1310
2599
2473
2847
1335
328
4525
1635
2997
1653
45658
20888
3974
1778
1636
2265
842
731
4237
1819
1399
2292
3524
294
4272
4019
1099
382
404
1579
672
4000
1761
4948
3700
2657
1808
1098
3902
2117
3984
4750
3492
3901
2183
4957
4221
203
3537
1614
1061
4809
546
41937
4617
4166
3574
4510
46620
4623
1055
2405
4086
1367
434
1584
2835
3294
4373
1314
1333
3137
908
3535
2852
89
2092
2295
6933
3297
1101
12622
2876
2218
4513
2912
3650
1326
3014
2126
601
2323
1860
3274
4432
4485
2474
3217
1924
2014
1775
3443
4570
4424
2777
934
24019
41601
1248
630
110
557
1586
2856
3605
3108
1593
2507
3595
3720
2877
988
2905
1152
4656
1637
1895
3163
3667
3937
21098
4008
706
1321
21348
1224
3858
2266
3239
1109
235
1456
1948
1445
4658
606
1244
4878
3488
148
4431
4852
241
359
696
982
4040
1956
2320
4249
3734
3753
571
726
2582
2124
2756
3475
1776
2370
2880
743
3783
3481
2321
3129
38003
346
4495
3275
3930
4471
2103
4066
3910
2346
3878
4614
4618
2197
3314
903
967
2168
747
4417
535
2895
383
1511
4652
2893
1639
3039
2116
3689
1036
695
4908
3401
20622
4053
536
3583
2704
4720
357
3988
4742
13
2231
4355
548
2236
882
20789
1594
4654
2546
4593
206
224
436
3731
2493
344
1741
3222
48794
1443
4396
1985
4032
2381
2367
2634
4086
2852
4626
4879
3574
2691
2374
2309
4811
1012
4285
4260
3777
2042
337
4579
6015
3964
1306
3044
2495
4774
2641
3258
939
4576
1838
1545
1696
3034
6
34476
182
28076
4243
2661
13206
4962
4622
103
1550
3025
4885
2291
755
4449
845
1629
33559
4617
2841
4857
24951
36237
22788
2344
3402
3288
2632
4543
578
2715
4701
273
2361
163
659
95
706
27501
3616
1122
673
101
4490
2002
1434
4761
1509
4114
2804
452
4561
1074
268
1217
20883
643
3179
806
4904
2501
3186
2521
4614
4082
35462
1844
44260
3394
287
2714
213
11906
3056
4055
247
4537
1228
1938
4054
32555
1361
1537
1844
2883
1487
834
1273
1012
4196
2726
2144
712
1371
9515
426
1134
53
4203
1522
4085
4907
4858
3047
4929
4004
33476
3867
2296
3305
38015
30043
1124
33262
272
1568
17057
48697
4454
2979
840
3503
3951
1782
23560
4449
183
3100
245
2981
4176
2647
3157
1465
990
1767
1761
1080
4004
3929
37318
1044
1779
2153
3513
4281
3318
4812
2582
818
626
1764
2911
28860
3361
3721
1285
2593
2192
4122
4735
3702
4569
37672
1362
4152
1921
4385
2277
3001
31287
4391
2002
30687
4556
2772
4617
719
3369
3421
1205
3665
2256
4038
143
3892
290
698
2738
206
920
2802
600
4892
1951
2014
3684
4323
2150
1039
4135
2219
3480
3095
1223
4389
1354
3443
2830
2050
1326
1572
3555
4789
13264
3035
2537
4261
26905
1532
1540
1563
771
48633
224
3071
27
4074
44399
2573
21817
4746
386
3136
2346
1531
55
1368
3328
4514
17171
4335
23377
4576
1714
375
3374
3553
3210
2312
4160
84
1577
1219
4315
2279
4152
4870
23737
1611
2143
27258
2379
3419
582
1735
939
589
2051
557
385
5000
2779
1620
42919
3250
528
3862
3936
4626
2904
853
1921
667
4361
2042
920
2452
1838
3968
983
13188
1615
41618
4948
3506
2919
3909
1001
2411
2048
4260
1459
3720
683
4526
1369
3255
2886
3051
602
2782
3594
4732
15748
3518
1664
4953
40320
328
2792
2462
2255
4138
4972
3105
1552
1190
1080
4346
8187
4060
2844
12
1834
558
4134
3628
3795
1643
7696
1765
4974
2606
23674
4059
625
2887
2889
1173
40511
16840
10824
3144
429
959
397
2577
522
2892
672
2324
3553
2289
11576
3484
3524
4661
4286
3901
4532
2516
4429
2574
2726
3816
1111
3185
2787
11505
49324
108
4258
1656
3873
1728
3225
3996
3460
523
509
1982
2093
3380
4179
1918
2580
1546
4885
1660
479
3285
3062
1555
4965
3127
1497
43129
3247
1065
1080
3410
2776
379
4402
4241
3987
1591
2813
1856
3734
46261
1632
253
3614
2794
650
436
686
3211
1695
3442
4785
527
1862
2911
4058
3332
627
1295
513
3787
4771
3740
1283
2546
3420
754
507
1531
2980
3918
778
1252
2627
2085
2683
1114
972
1860
4969
727
2647
2376
704
3602
4654
1853
1072
564
3361
2556
598
4340
36056
2686
3223
2151
3430
3446
1367
2737
295
3526
3269
2750
1879
1340
19727
1177
1393
969
3535
233
3277
1118
579
511
453
492
3473
4500
3005
3359
1197
882
4898
1049
9541
1491
2870
1810
4116
1796
3853
132
651
2544
4294
590
874
3593
4866
3571
1833
1026
4165
4267
1544
4603
1878
2274
1471
3854
587
355
2604
2660
911
914
4941
4938
122
1798
528
4724
1505
2698
1291
225
1985
1130
4802
21392
4879
4216
93
624
2413
471
1340
1247
3200
3913
2571
1469
1743
1857
642
1842
2966
736
741
24315
3116
4738
4979
414
9
1065
920
924
803
3099
2821
2222
3304
4456
851
1409
2424
2613
30041
34976
9054
1282
348
3722
1124
1780
2723
40684
4802
3421
3054
1503
3130
485
3515
3014
4813
3652
3214
439
3116
2767
2793
1194
1210
2199
4926
1473
4388
1563
215
1682
276
3384
4707
3626
4992
4139
4835
4210
3109
4344
3804
2721
3429
523
233
2295
1230
1184
3188
1282
1603
234
3137
3232
676
77
1811
45084
1616
2878
3741
4697
3900
3568
1393
3246
304
2102
1673
18484
49924
43197
4365
2420
57
4778
859
3486
210
2434
132
3949
2128
1140
13
2756
1625
2416
903
1105
4297
1690
4056
2735
750
40
1173
536
3640
3505
3695
334
1701
3822
2873
2487
192
3491
1938
13713
2690
4511
1608
904
4257
4376
512
2522
3752
1
29674
2267
31034
3415
3434
2218
2262
1838
1656
4721
18590
4459
4653
884
285
1907
2809
13060
940
526
3049
1962
3629
2453
595
16694
3952
2515
4647
3992
4401
664
2973
1131
819
1330
3559
2231
535
4787
4599
156
3422
1259
29323
444
1960
1178
3937
2910
2378
4849
3867
2851
3543
11422
2550
1428
940
4244
3211
1129
4427
4096
1833
2002
2825
2827
2480
4173
2955
4742
4221
188
125
118
4507
1634
2210
2965
2823
639
558
3348
1229
33035
2453
1398
3322
2161
4334
3295
2648
1187
1794
1162
915
303
1966
3635
2391
3179
4048
1148
3594
3397
4456
357
44663
9303
1309
3245
2613
3466
10550
4449
3515
1844
4712
324
3461
3879
1781
1232
3873
41510
2385
33120
1099
16310
4792
331
1556
2308
1532
2945
1223
258
352
2936
9673
3162
1078
3706
2864
2651
41525
2253
23272
605
4641
818
2360
2061
20319
3917
531
2625
986
1590
2778
2856
1872
3756
819
1290
2523
1603
1846
1137
627
1459
4710
3730
2316
920
429
24538
8091
2175
3464
2213
2166
530
2087
4462
676
32074
3045
2496
3850
4881
1901
186
352
1730
4618
4871
12705
1665
123
3794
3658
2027
1357
4772
1973
575
437
17336
3901
2554
999
3487
1259
2871
2613
26502
996
803
1722
4477
23
4116
1766
26422
169
2246
4872
1476
3976
17827
1725
4051
44107
1334
4751
1187
3409
878
1647
375
567
3245
3231
4717
3842
1541
4883
1271
1899
4881
11639
3796
464
2210
1604
1237
4828
1915
1625
2382
3081
536
756
3035
911
33939
4773
1563
515
2236
2721
598
4857
41
4821
1473
3455
8427
4428
2020
1213
1476
2171
1683
3322
2911
2472
2096
34408
4358
1979
4995
388
4720
1674
889
3970
3898
179
3142
1525
4112
3273
4111
1767
657
1062
1418
3508
3152
8019
2590
11596
1114
1159
4971
2799
1427
22500
628
2551
49695
1064
3955
4367
35118
3698
910
30750
4126
139
3142
2729
4246
2876
1081
3505
2346
4998
2901
127
46417
1095
812
3088
245
3426
2988
1535
3353
4494
4763
1176
403
2034
1929
3100
1562
3729
1354
213
11320
4755
4713
1513
1554
1610
1179
3407
15548
12775
4476
2833
1618
3657
4750
451
3264
4562
4499
1452
4137
3398
2903
2666
4080
859
1843
959
2380
4316
2680
4058
1465
1901
1302
1865
4807
4865
2765
1262
1954
4423
14389
3046
1140
2095
1897
545
22576
2532
2520
1854
4240
3763
4520
3843
626
492
1643
818
9
2827
1901
10659
3256
1419
923
2525
876
2417
3368
1855
633
4524
2646
4037
4942
195
2580
2706
791
16172
746
2833
628
291
4603
644
4320
2417
632
732
1373
43082
42302
3613
687
115
1343
12147
1861
4302
4638
4934
2152
2622
895
2962
34357
4662
13445
4242
3387
4106
41078
1210
4080
13238
3271
4218
167
2542
791
1042
3200
3353
4032
3080
4393
2096
387
2009
2616
28060
1030
20582
1767
4774
2418
30427
3684
1795
2919
2392
535
935
2231
500
1343
2415
1054
2461
966
1051
3271
3887
4722
3101
866
2558
4025
4990
2348
3172
3733
2156
3120
1292
100
49352
64
4182
29020
3436
15554
14847
3574
3554
2541
2518
3245
892
7013
3134
1643
7
20928
2641
4027
362
3577
3375
33741
21556
4065
4748
32862
2397
2457
2527
1931
1868
48132
4644
3599
3131
704
2139
3281
17403
2009
3721
1506
3732
2579
4158
704
2926
490
65
2154
239
3853
2748
150
105
2048
2108
4196
4379
2961
2723
2002
992
2731
2802
4172
18606
1532
290
686
3002
2177
3466
1563
162
1837
4278
3998
36533
4049
4138
1355
4356
69
2963
2152
4268
3968
562
713
1850
1459
3265
1035
742
1272
3688
15669
4260
714
1614
4475
4276
823
2584
1338
1584
4062
3316
2117
1969
3537
3492
4471
4002
3132
1840
985
41535
27649
2669
1642
4360
1404
19325
1128
4138
3642
3339
77
2315
4929
33947
33082
1591
35367
1813
33474
4806
2501
333
1809
719
3541
1374
27792
105
1628
1794
4044
992
780
3925
4736
430
401
2131
2370
3761
3218
475
591
3466
2211
45268
4979
2462
2715
24004
26933
2554
30027
1685
4301
1947
1374
2191
2553
200
49949
3112
2101
1881
4941
3697
4390
2730
2894
15224
3384
176
2380
3339
4879
793
1198
707
402
6952
4624
2295
3016
706
4162
913
744
2010
3326
8493
7034
1236
2210
1306
30427
3755
4344
2242
1987
2453
90
372
2472
4390
4861
112
3369
3309
4115
315
672
4621
3780
1357
4008
4566
1955
2016
8528
46421
1148
1453
3089
2373
1634
469
2446
101
45
775
2966
1911
2451
3945
2184
3864
1032
3727
3711
220
1111
7162
2548
1474
4437
2347
15222
1328
773
3300
2431
2289
1995
223
4579
829
3433
601
1336
3657
4210
3800
1979
296
965
1071
4777
530
3419
3195
4373
4594
2951
4800
2660
25842
4178
25113
33931
4151
278
950
1897
343
1758
3398
3183
190
4560
3625
3787
1251
1950
2419
2829
23325
4409
2614
2916
2473
685
3893
1418
4463
2536
3982
2750
454
845
4722
2442
2078
14890
5259
29035
4324
3150
629
2146
34373
1205
3458
2404
12771
3742
500
4515
4586
2398
4084
3202
3644
1573
4742
38452
974
3201
4210
3817
4945
38726
1491
3848
120
1145
4167
929
2009
2323
176
2581
3027
4962
3226
947
4941
47514
4612
2278
1104
4712
1446
4124
2305
4751
67
3138
4771
4411
4412
32954
2559
3242
3311
19452
14834
1282
4058
4748
7122
129
2006
1902
4989
3008
112
4359
4534
27704
20247
1872
37664
3897
1010
2744
1908
1083
778
4819
2732
2153
1570
1262
205
4742
2362
2481
35405
2551
1526
1392
1613
2609
12128
673
4982
4236
2146
4159
4423
2753
2747
1257
3191
1082
3917
1487
15795
4981
3791
62
4630
1529
9
3863
903
44978
3808
2425
2521
717
220
2845
3681
19265
2208
3780
3272
3575
3119
3459
3484
322
4476
11
2110
24963
4159
4004
5682
12
4757
4811
2275
393
2643
84
3236
3630
1569
2037
1850
3111
4942
515
3549
1520
46423
1095
4264
4453
563
3508
16361
4694
4002
3218
3245
4464
3398
3304
1903
4066
3437
3602
3756
1858
471
2441
1863
1522
2069
4778
3185
11026
3395
377
405
972
776
4384
3509
1855
4821
4800
37881
3306
6895
1429
2181
2937
4159
854
14318
588
279
3820
946
885
37958
2651
1424
3480
2493
2020
3398
4193
3768
618
4259
3633
4284
4788
2578
4240
852
3498
1274
908
3307
4578
2960
3631
2598
4643
1689
4521
3051
3097
1167
1287
1725
3343
3299
22
3591
21913
47877
1641
858
2085
712
547
4545
1833
2185
1308
3919
1207
873
1907
2181
1992
804
1307
1209
1950
4650
2988
2224
2605
4355
889
2542
11
4469
2756
2513
2204
2960
2855
1219
3759
4520
4618
3685
410
3888
3725
4775
3289
296
2781
604
4416
4423
2768
3783
2068
3556
2216
39627
4683
662
928
49720
553
2325
2642
2038
367
347
3927
1434
1231
1806
3591
2989
3287
3294
3720
4688
2359
3721
1868
3916
4491
41860
1395
27351
3198
489
42
342
1544
3304
586
374
2011
109
29409
9704
3189
3767
4312
28169
157
513
703
554
4855
1436
501
4043
1762
2390
454
4303
5
27985
2248
1168
1023
1929
3421
2632
2765
144
4288
41389
3257
3257
3634
344
15350
3821
3654
1293
4686
22922
6780
3467
2698
1441
863
544
1514
613
42118
588
1582
1162
18076
3937
4853
1063
3275
20425
22657
4315
2375
35
286
4536
2719
4296
1385
467
1589
4598
4644
1461
21
4088
37203
1922
124
3679
4652
3226
1945
1881
4141
966
38983
869
416
2639
4279
2571
2462
2753
33517
1768
4766
6734
3819
1073
505
4192
8476
1341
2222
4406
3920
85
1135
148
4238
202
3500
4822
2788
946
4511
2685
3226
4507
2563
3525
4288
4453
4146
3254
2081
4239
2457
2771
40869
1137
783
3206
3760
480
3589
1591
4900
2862
2772
1603
20
2500
4395
9689
2916
2010
1012
4043
4875
3800
31246
328
3007
22285
4758
1843
4970
959
3793
36774
276
3498
687
13553
2668
4244
2710
2254
2494
2905
4561
1267
3618
3350
16036
72
403
4135
3793
2674
49983
432
3825
2605
1196
2835
3336
2852
949
43
6
42521
2617
4855
3844
525
4580
2132
3102
4088
2275
47734
2992
3087
1073
2592
3118
238
532
683
2606
770
38
4030
3685
3930
2124
2048
733
196
4273
858
1564
1854
4346
3257
2642
722
925
14843
3337
1402
2179
1760
253
18501
1398
700
4182
1981
3860
1690
2116
1264
4687
2204
4576
2560
3150
1123
4549
3101
412
2603
4952
1693
4407
4719
2729
3398
1351
2470
3
3437
2336
4134
3735
870
620
385
1503
1132
2964
2395
2143
4128
3376
1882
2187
3993
4404
4993
4346
47985
4368
1477
466
4353
2972
2098
2850
4485
1107
4234
1091
3256
3862
4479
247
2960
946
2133
4602
2316
31117
47926
2261
3397
2581
2527
2056
1652
4395
1869
2615
3335
4225
3066
435
2312
4422
817
2282
3296
993
2498
4828
904
3221
4820
1848
994
1016
3688
1283
1801
3693
1017
21350
553
4747
1587
2510
4859
966
1723
4856
33841
2210
1831
1321
3530
1775
48679
838
17410
2915
2214
234
4502
4889
3644
3423
2274
2251
29028
1344
4626
2822
2785
1477
4592
1285
2992
1302
1808
4637
4187
4035
19860
4533
1217
1330
323
21498
4690
3930
4345
1964
1395
4499
36576
27480
3094
3704
4560
2955
3997
49874
1588
649
3015
2614
2633
781
1279
1497
725
4723
4868
4047
29
2242
45945
815
4098
4042
17326
4077
3498
3164
3478
4878
1010
1584
552
42103
2591
1770
22789
3894
1417
880
3712
43
63
1013
251
45
742
2291
2839
4676
4117
1499
4600
4080
1735
2750
4158
4931
3376
4900
2494
69
3240
3778
3674
2655
2296
2759
1096
144
1568
4440
261
20409
436
2082
1922
40284
2072
3099
2405
3663
4023
4602
3190
2384
3211
2925
2537
3477
1354
2081
3140
930
25365
4529
3806
351
3509
4007
22605
3958
2948
30222
3553
22928
42308
3813
3411
4623
2768
4937
4105
24
2646
884
637
2189
1683
4980
2972
4720
2926
4595
3318
4063
2465
2443
1542
2572
39040
1269
4002
1142
2061
235
524
40087
1629
25582
4394
756
4141
169
10254
4628
2638
700
38
3083
26106
2094
3032
2752
4300
3100
3933
344
4001
1746
166
2261
372
455
3330
35916
2205
3271
26417
4067
1616
150
968
624
4388
4648
22940
3691
1373
1616
2304
2374
3146
3250
15571
3947
34930
1465
576
3170
1718
796
4581
3639
1525
3029
1075
1878
5882
4060
2818
3788
1081
1410
1267
48436
40709
2762
3373
3209
3257
2104
3769
55
684
3707
2310
2757
1428
4788
904
2332
3875
3494
3287
2268
1322
2260
3236
1913
4993
4810
3114
4596
2732
4277
2791
718
4193
241
780
3737
3671
398
1163
3561
3135
4417
3180
4558
3289
2427
1015
2982
445
3316
87
3546
902
3770
17388
1057
2159
2128
2984
1616
13450
2819
25324
9768
1116
4998
3136
24743
1653
1644
1579
1496
1428
3079
4589
1953
2499
219
3732
404
1037
3084
2714
2172
2251
4623
3264
3569
3094
3323
1598
2501
1959
586
4201
1359
42399
4788
4769
4932
3508
1459
2624
3134
1580
2631
1048
4485
4910
3483
1535
555
3398
832
541
24
1611
2232
2849
4765
27191
1576
1173
334
2494
251
4425
3221
1045
621
3021
19566
749
1216
1137
306
1725
4194
361
642
809
2507
4948
30675
3832
1815
2028
3959
2473
1407
4379
2751
3272
3383
4155
1384
3395
20937
13128
2879
2809
1471
319
3756
929
23833
1525
2819
2892
3896
3310
1454
2669
4761
609
1496
4881
4382
886
4974
3610
3242
332
1101
33474
3954
676
566
39875
2423
252
26465
3426
4018
1129
4831
4855
2375
4382
3636
304
4163
250
2002
2744
610
2810
4974
4580
1889
1219
1154
3939
3925
2471
3911
2464
4336
2589
4207
4850
240
2373
1274
4525
1623
4978
2025
3812
842
3409
462
19141
4771
3527
971
892
1150
8236
3472
29091
791
3884
2288
3309
3219
4462
90
4389
971
344
1996
1459
2069
2579
35406
1024
2050
2115
4221
4054
4843
3306
2657
4662
1032
4723
8664
2306
1972
1872
2409
4522
2084
3479
3112
27435
357
4050
43871
1724
836
3550
2277
42
2075
38082
2275
2846
1831
3480
726
1984
1777
2944
2116
896
2910
4355
4976
1729
2692
2464
3073
3243
7737
1503
2921
4169
1883
155
4519
116
382
1474
1344
2687
4062
2978
19585
385
2138
12129
18350
3469
2123
3908
14462
820
4619
9617
2675
4918
3640
4271
3865
4430
2697
643
2955
4930
2558
109
4838
1483
1100
4705
2207
127
2471
3237
3055
4055
3157
1548
3657
1911
1649
41781
3792
1139
2938
1109
3434
4654
1046
2480
1338
4255
3464
4677
2532
4710
3141
114
3816
1866
275
3846
55
359
1089
42814
2508
3318
2854
2695
4837
299
1262
4980
4847
3211
1250
292
3033
886
2984
3433
4005
2185
261
1670
1589
1924
4631
1179
2640
4288
2142
4949
2203
4780
2067
4966
3470
3098
1784
47523
3535
2106
1044
18563
8757
3620
1584
1220
1136
4149
3452
770
46728
176
3346
3245
4277
4284
4124
2056
2283
2372
4987
32
2006
2322
4264
3394
359
47583
3310
3638
3343
4730
1750
257
1857
3461
4416
2229
3939
1142
3860
12634
1596
2310
332
909
4283
4052
4753
232
1194
4724
1849
2483
295
3831
4502
3409
3314
124
2768
1531
19915
14127
4686
2971
2891
592
630
2367
388
440
3212
3168
2835
1441
4238
1956
45229
4339
2000
4346
2973
627
789
2562
2159
1216
694
34907
4273
3098
3495
4844
4102
1733
1456
2161
1800
25122
11825
3988
1473
4376
737
3400
4096
4500
2141
4425
2392
657
1884
4154
3885
2868
651
4699
572
3433
3324
749
4216
11557
3375
1602
2891
3724
612
1925
52
3636
2210
4383
2778
838
984
1031
1899
4717
1119
3647
817
277
962
3562
3047
3392
1385
4178
900
2295
1978
4444
632
3285
3319
1766
24999
1066
4481
3921
166
3803
910
3473
3638
3756
3
1607
1003
11911
4943
2588
2979
161
4457
1792
1999
1810
3249
2857
4038
3890
993
3055
1343
1961
3685
2983
901
1611
2234
4374
2165
673
3943
2437
37419
1275
1373
3788
3090
2955
26556
4791
564
763
3881
4884
2871
1677
499
3545
2917
992
2080
1000
2067
1208
8618
1175
1054
564
15886
943
2351
45562
3543
2328
4639
2143
4591
1209
321
686
1493
3324
205
307
2585
1960
4802
3452
4689
4934
3980
1561
124
1690
14517
4945
3171
635
4369
488
108
4104
2791
322
790
4260
2665
1149
1673
4783
3492
3289
1584
806
4049
1838
4222
1742
2084
4418
1167
1615
4963
4575
3857
1599
2378
14568
2975
2075
2618
2002
1939
485
4316
7963
878
4415
2524
2183
2084
35137
2278
3710
2509
2059
1482
765
2078
1387
4853
4198
615
2182
2028
1190
2665
1882
451
2008
43822
4428
2132
4432
1631
3327
24629
15267
101
1659
2179
2154
4841
39587
4742
2091
3641
46622
2468
2792
941
3511
2524
4676
3247
139
4198
2259
2599
4104
2819
409
1130
1065
3796
2008
741
2224
3924
31717
1017
2683
4988
4810
300
1654
4606
2855
3022
4663
2807
289
2723
367
3402
2490
4602
3294
730
1863
4705
3091
431
4549
30631
34858
2883
1185
479
2026
4739
663
1457
1801
3658
3805
4046
3723
3459
4396
3094
4292
2094
99
3289
4187
3659
1503
2795
9891
302
2051
2423
722
4970
4382
4153
951
4723
2420
38652
4303
894
82
1031
1696
2275
3289
1576
2308
1922
4608
4038
1376
509
3979
4103
28097
2697
4970
1467
1798
41429
1692
2734
3286
698
383
2970
1067
1804
4326
2818
1123
4369
1357
1149
2470
39
3514
4433
34703
907
4116
1488
3782
3482
1055
3198
2426
3419
2519
482
1748
4099
1465
2131
998
1935
891
4923
4718
4830
1604
17768
4150
1169
2732
3449
2988
2385
735
1833
2678
2782
84
1206
4450
4901
1926
1699
128
635
768
3454
3656
4553
942
3865
1194
2934
1660
1225
4703
39922
3769
3594
627
875
2211
4098
1701
1550
114
3833
2757
107
3425
33658
28904
4622
420
29194
46051
1144
18951
26578
1053
629
4040
3664
2932
721
1579
571
63
509
4723
434
1216
2940
530
1397
1262
2917
4346
7097
1129
3101
207
29741
37776
37
3831
4521
27732
4333
3385
2947
2099
2471
11
4722
682
843
4537
42594
2614
3134
2546
3597
4408
2434
103
1046
5758
9549
3657
3622
353
2508
340
2970
1372
26813
1612
4976
1767
4350
2448
2550
1462
24019
1148
4536
3478
3761
3588
4406
1712
21098
1401
1166
3933
1703
3179
978
1559
1393
4777
3972
3124
1857
95
2126
2303
2731
1856
41920
1502
1213
4947
1237
1039
24396
31
2593
12452
70
2367
4811
3355
4352
2208
4738
3160
4582
21681
2223
4623
2714
32791
3517
4876
19372
1101
4235
251
4981
4047
4694
624
1786
4095
785
4127
27775
2599
3995
4565
2023
4861
3497
3976
1077
789
29569
699
2234
515
3394
319
3156
10911
4894
2739
2935
12824
12205
3935
3417
649
1543
98
3183
3974
2448
173
2950
778
2412
49899
230
1524
1034
1071
4523
4542
3042
335
2570
362
4835
1019
3912
3092
3349
3087
3649
2272
4585
851
1028
1037
3094
4894
3110
2126
2114
3535
2853
1558
929
46066
19233
3393
3435
1567
42188
4832
483
4739
1217
49595
45642
3350
1147
15972
4052
2378
3453
35295
3706
1553
3490
4050
547
943
681
1663
654
1376
4244
4429
2713
188
780
1944
45
535
4967
4706
3859
32655
1509
2911
2354
12418
2744
4936
3909
2394
1906
3925
1869
3351
3785
38765
1878
2633
4994
901
4628
3985
1932
939
1679
3525
4203
21505
1982
472
1247
1360
2204
4768
4282
38845
723
47711
2106
4928
632
3730
4058
4160
1349
517
18073
2109
2442
4162
2521
4980
152
3606
3093
4849
4690
4154
18031
1350
4099
1581
19724
2086
3649
4526
535
4800
3580
1581
294
3012
123
1385
9489
4090
244
2682
40155
35676
1935
3241
35350
531
749
2913
2282
4567
20593
334
1799
1648
4053
16222
1791
4810
4681
3908
1239
3464
3448
457
4343
4513
4526
4851
3959
4856
2873
245
1329
1340
1741
3228
1591
3769
3703
24350
476
2397
559
488
4508
4663
3693
4962
1754
4504
1539
371
876
33627
150
710
2618
320
3608
42630
3323
2360
47868
1552
379
4154
1512
3350
3419
694
3080
35
36917
29948
2101
2637
1044
3267
1138
3963
4290
2638
2981
132
1797
2557
1683
2023
1518
25239
37082
257
2030
40245
3873
4926
2350
3027
1342
2697
3775
4676
39031
34978
3881
3620
2794
3651
4738
10020
37399
4016
3554
3977
9203
3335
11
700
294
2088
1740
2450
1357
4634
9318
3550
21199
4171
2923
3058
2369
96
3460
2091
45326
4001
1479
354
4768
4685
2898
49414
3883
1718
1386
4699
3702
2556
4487
4562
4516
3810
128
67
40976
3784
1784
2213
579
1862
1729
1976
2852
26960
457
3431
3709
2398
3978
1721
662
1806
37576
33173
3007
4046
4314
1468
31320
2354
498
3241
371
3194
143
1842
16187
315
3400
1528
4317
681
1212
4778
4728
3306
1681
3571
9800
39399
41958
3684
2696
2194
74
4839
4090
1998
615
1129
1131
2897
3829
13968
2999
4457
3973
1979
2675
30807
1726
3637
280
9587
2467
3150
39129
4904
3181
3552
1201
39681
1008
22768
1229
3057
751
2024
4191
176
4845
574
26197
3395
1725
830
3138
683
1929
254
1144
2269
2013
1490
22212
4625
3659
3408
44955
3219
3571
1635
2749
2857
2719
4224
2785
921
4395
277
367
3894
671
4258
487
1568
1953
3152
40915
1973
46965
2953
1255
1074
1060
2788
2543
2886
29
4316
2560
3
2296
4713
1595
2752
3734
1001
3540
2331
48103
153
700
4213
255
2237
10711
4162
4890
1244
2698
118
588
522
60
2691
2400
11045
413
2523
151
401
2451
734
2561
4918
3138
41728
12408
4991
3059
3877
3658
4475
3654
12558
4243
1899
1441
2580
1475
4053
2048
1588
3720
719
4699
1705
4831
3369
1356
2056
599
1801
1702
4108
2425
3421
4131
1338
1481
3360
1195
1084
1391
3105
2111
2877
1173
1911
923
1291
49227
26135
4404
2511
3380
1066
2276
2205
4786
3518
1859
3556
2894
222
3540
4703
1298
2517
630
36618
921
2971
531
3464
820
1412
2271
702
2214
2398
1004
2781
4192
4797
3973
1362
4847
1355
1316
1940
1901
4119
58
12960
422
2830
2775
18486
98
740
2020
2052
4217
12942
4754
3781
3263
28312
614
4006
4386
2356
559
28813
3920
72
2071
1301
3089
27962
4563
1281
4636
1378
457
4206
4829
4707
177
2833
3694
312
3101
964
1613
2927
3284
2909
142
412
3331
1989
3475
1732
1908
1112
2910
3867
4965
1356
2659
4443
412
3071
4804
3511
1931
1870
2423
2205
2679
659
3823
2571
281
2991
4987
3549
2645
3312
3457
1586
286
2265
3824
1816
1932
4513
2971
127
708
1981
3585
3463
2434
2928
13200
4222
30296
2451
459
1818
4729
1435
1559
4882
4057
3471
4755
4326
32615
1172
7122
1556
2236
36
2797
3806
2297
2338
2379
2473
11066
3108
1078
4223
35159
2625
1901
2946
4509
15579
30897
3728
526
2208
3260
2422
2797
2648
3602
3748
4732
3582
8029
2640
3735
1675
4806
3256
27684
4851
2556
364
3784
3586
645
3928
4188
3933
3345
4933
29271
34715
4325
3986
1645
780
3178
1383
2757
3896
3198
2532
31936
2424
4163
4334
4825
3505
2736
4161
49856
135
3323
354
2182
4140
1526
963
18923
4366
3493
468
5530
4940
3547
3718
2640
31514
4094
347
317
1697
1922
3712
4677
4687
2085
25439
47754
2517
1707
2503
12349
3273
4058
2001
7172
4813
4509
1396
4939
1416
1134
1058
1856
574
216
10549
2987
4106
4080
1379
1234
1902
1297
3097
3251
492
925
2292
1877
4847
4173
2234
4693
560
4389
3187
4009
1136
2727
4760
2994
3279
1786
3736
2232
4030
1625
2043
2548
2339
1806
4300
1464
4565
34917
1209
2637
3974
533
3486
2994
1726
1985
4684
2749
3397
946
10903
3580
24534
4179
1588
2688
4669
2228
1108
4616
4491
1488
949
4321
1306
254
2922
4131
1426
2964
1180
606
334
1560
3856
4691
2415
2915
3422
3531
4727
1148
386
4668
4213
1611
46484
36754
580
406
1825
4333
4184
4409
2714
22708
2869
1426
824
20
2203
2543
445
3037
4564
3275
3188
3740
4753
4914
1239
491
1898
46346
1479
3012
13932
3855
8582
2914
26349
799
10652
746
178
4789
2279
1191
1512
4935
3343
2840
4139
3971
3930
2799
3394
23706
850
435
2375
3580
7356
4246
3317
1965
47600
1118
1153
3314
3533
115
3920
3345
415
1506
2942
789
2638
1352
1612
2179
31993
3472
3209
3574
49091
4670
1940
2676
3424
4039
139
3720
1607
1980
2963
4397
4735
1288
1774
833
1031
877
1931
2451
857
4036
310
27230
17612
3934
4297
1319
4212
2253
1932
2927
24126
4087
4751
2213
1043
3847
3759
1465
3576
332
3439
1340
1946
4961
729
4099
1748
3297
4240
2680
4626
389
4003
16225
2223
113
290
4466
3156
3990
1476
2011
3312
927
959
1514
4210
2996
4631
4378
3932
4600
464
13788
2560
384
18047
98
3079
802
2902
43277
1554
30828
3319
888
4785
2893
11580
3740
2110
4954
3719
2593
2339
4736
2691
3222
15
3378
1907
217
2682
918
1873
4964
13496
528
486
806
156
1839
2880
3045
2800
7430
3897
42731
3686
62
1623
2836
4056
1428
3594
931
4596
43151
3089
4101
4486
351
180
4975
3096
4845
1533
1909
2251
1115
6674
2001
1605
994
2555
3186
541
4602
1302
1401
2533
4120
35297
4061
1622
10157
1029
3749
18
4788
4532
577
4605
3582
4135
1647
2610
3705
4892
4404
2098
1792
4993
4827
1162
675
3268
2405
4590
12589
2519
418
3688
1924
1809
651
175
1091
1819
808
717
766
3134
712
3094
2289
2665
37137
1183
1841
31622
2085
4684
1554
223
534
3332
41362
2961
1864
3898
1861
4397
3813
964
2758
2234
3543
4241
18674
851
68
4847
2573
2430
1338
3971
3388
4137
44978
1215
1647
2115
4007
2245
3753
2122
40
2338
1163
3842
3238
4567
392
306
123
3732
1374
4562
3159
1130
4148
1637
4269
90
4647
1540
3429
1250
10440
34101
3422
2650
1254
3707
3932
4915
3212
24478
4427
329
3611
1618
40174
4344
2983
3613
663
4888
2537
942
1080
3473
2084
3392
7491
2227
3415
2045
2874
1149
1405
1156
24740
38
3898
3104
363
3629
1948
1718
1113
2538
1807
4600
4255
25006
3820
3094
3176
4756
3849
32777
3510
1052
4922
4488
2129
3124
608
1728
18579
4766
4779
1933
1733
2040
915
1814
4868
601
1092
1262
4041
2650
410
3343
18787
4787
3157
2610
4191
4018
2025
1073
13174
3001
1222
848
587
4796
670
802
4878
36191
1852
323
18185
2744
2308
3747
1263
2104
39
580
45150
2955
4801
2620
794
288
774
3728
947
4943
4705
2483
24069
1548
3229
52
3861
4527
2534
2105
1817
1266
1258
4919
2884
3296
3538
4620
680
3923
12508
4296
205
2944
4143
708
3848
581
371
1929
4531
2434
379
1409
266
221
4645
21690
1379
3803
3247
589
925
1520
35
3040
1364
4277
4585
2165
23056
28101
3784
4958
215
1580
18632
3920
20095
4504
26873
2001
2083
2682
2604
3001
1712
630
3036
2969
1888
3796
21
4945
3179
2429
3819
89
2911
3737
1022
3788
2694
2131
2662
34376
269
4692
569
4008
4074
996
2849
3161
3586
1023
11629
2666
719
107
3169
2019
4078
3673
536
3170
2693
3997
240
4064
319
4353
39069
2754
1467
4028
1285
197
418
4991
4030
2047
1151
1571
1540
2883
15672
4171
881
687
3444
3733
697
731
1428
4827
2650
907
14696
2344
2376
3621
3208
4363
1939
2955
2730
13354
4025
3031
3360
304
1986
3325
10601
1530
3838
1670
2335
1671
4481
1930
4662
4011
2353
309
1354
884
704
3232
2746
1504
35799
35785
979
1716
863
2770
2252
2285
3340
2152
4513
3674
4601
2518
4595
35169
3318
1049
3992
1779
10
848
22544
3299
2226
1369
62
1315
723
2664
4920
665
4994
461
3136
42
4696
15522
4995
299
4121
115
2694
4488
46854
1467
2135
3659
992
2818
4962
2731
4697
4447
2473
602
2234
21739
1310
862
326
3965
4283
4419
1414
4754
73
2482
4140
3492
3257
2107
17754
4991
136
4458
4390
448
2759
4593
8507
3175
9909
5000
4859
1272
23975
2031
4243
2192
591
2233
3811
3752
466
11971
2421
871
2745
1484
14670
367
28175
126
4284
45399
4914
4146
2868
4516
1278
1549
812
4420
507
2011
4363
1073
4505
2403
1805
307
13139
3501
1204
2343
34204
1863
4643
2742
2856
1427
4607
299
2011
33820
19459
29537
1763
2256
4481
3939
1561
2014
879
2807
2367
4237
1824
4765
2422
44706
3107
3246
972
21418
148
1791
899
950
1008
2584
106
2675
2154
4251
1413
3695
2889
3994
4798
993
6555
2703
1654
3145
4931
3322
963
1402
1484
726
4197
4840
4256
4197
3666
2574
1440
4202
4856
280
2601
3936
2966
3626
3236
1035
1337
2860
4819
3086
3255
4591
2400
23236
2173
2680
3884
1559
1529
4192
4492
11030
3383
589
3872
3100
1276
4949
34204
2241
4047
3132
4563
4003
4852
2958
4453
707
3232
3061
2575
4584
1129
215
26685
2994
3492
3898
2579
12643
3671
4120
4335
2540
407
2496
4195
127
369
24099
3833
2799
4619
3511
3223
2986
345
4695
3878
1011
3588
3802
1040
625
2934
3919
953
1130
1655
3648
85
2003
1208
4129
2107
2897
4662
2053
640
724
2733
3895
2155
1541
44558
4384
946
39723
1914
43068
2877
2493
4315
3992
4119
3601
6166
17476
36978
2954
4164
4749
4474
4133
35
913
1253
2452
2137
1402
89
3863
637
5705
3874
92
2248
2888
2132
3113
2676
3386
36324
4735
4661
4533
4811
35267
1733
720
2192
4735
3876
4987
1813
1960
3321
242
3343
4985
37541
3402
657
2641
4763
4725
4119
1314
4637
8727
2376
4652
4284
1983
1021
2399
36647
1182
814
2194
853
1784
2060
4689
274
300
2039
36592
689
24343
693
1542
4568
2635
3762
25475
2305
765
4063
2593
3468
862
3531
861
1859
1931
2095
23732
1620
3148
37877
4414
3387
1438
3109
4801
794
4656
31274
1105
2728
10
1140
2108
3669
3449
4742
228
386
3011
29099
2376
3239
1560
686
4966
1022
3682
78
4286
28772
15901
1808
751
21468
3443
35998
1184
3790
2682
1085
1768
1538
1914
960
20
1889
2396
33451
4449
602
2163
3826
719
342
4286
4207
42512
2989
2179
835
2533
759
2629
3314
907
46198
16370
42190
4664
3920
598
3114
735
1171
46578
1798
4275
4238
381
1786
2777
387
4655
3906
3929
906
3811
814
4601
318
2928
3341
1747
996
4949
36366
3437
244
1522
41819
2644
10695
1761
2134
3014
2111
4671
2593
2451
562
2926
956
1169
1314
1976
4194
2048
3900
22483
2301
3174
667
1236
286
53
3378
30570
2851
2025
3659
2724
17579
3980
728
4759
4784
700
4744
4294
3296
216
1597
3567
4437
4038
671
26719
613
3705
2453
989
3210
4366
1745
854
3581
1484
483
1261
1362
2286
3958
670
20508
2141
3355
12
1284
3439
3707
574
3717
40
2386
4705
369
3131
1144
4072
3664
2507
2205
3539
1282
4219
881
157
604
4447
1508
3180
2168
4311
246
2038
1265
3939
1259
30452
1169
32245
2840
3915
1951
3986
1017
1274
1314
4454
756
3799
581
842
4977
1016
4821
2559
3642
1649
4544
3885
1949
1683
453
4688
3307
4999
288
43459
4320
1030
3418
1338
750
1151
3318
18812
3649
4277
17318
17886
4290
4416
761
4003
4792
3320
1390
3613
3962
135
549
1505
4893
4169
12016
3836
4998
2146
4419
126
2337
260
3162
414
3452
2841
2833
40672
1235
3327
35403
2841
196
2905
561
14901
65
3048
247
2707
48700
1028
3353
3705
685
333
371
555
3966
248
29540
2183
2040
1177
2880
3261
4701
4532
4641
1953
2391
4875
4484
42744
1331
4375
4039
4849
928
2316
2611
205
1604
3660
1083
2332
31
3375
2334
2545
957
4216
2055
2064
706
30832
1208
3369
691
799
2688
911
3028
3712
2037
1295
583
1643
2861
4061
553
2126
2670
3514
4073
2106
2137
4464
3284
4203
3737
1317
4859
1263
2932
660
34432
555
3434
908
2056
2245
3213
3340
2434
2647
2575
3430
1661
1172
716
2172
674
447
3647
3731
46214
2597
1442
1813
4253
2940
2669
513
541
2195
2806
2584
47264
4529
1043
1029
1409
2537
1238
4904
1644
2229
1439
3383
819
1938
3580
2200
2438
1933
759
4952
35331
2505
4606
892
24651
372
48824
1537
4058
1749
4478
2370
4379
3461
4970
128
4625
4722
1989
4606
2265
529
34297
49008
2449
230
3216
1209
3192
4537
3446
3311
2329
23843
122
40512
3558
2684
393
570
4335
3945
2381
1641
4726
1048
3210
1021
4278
3812
1718
251
652
222
4524
1691
1612
4116
312
2378
17225
3254
2998
3472
848
4952
3257
2289
1796
3645
1169
4654
4356
1827
2577
2064
3916
1759
2979
2324
2460
1711
3816
11413
1426
2074
966
4202
2873
3695
2408
2767
2733
4843
3540
2154
96
2649
468
2063
132
1140
4183
21305
1627
2611
861
483
393
1326
22195
2771
3898
3544
4428
4643
2334
4863
2750
311
2086
204
1566
4836
2849
393
1909
7976
31653
3410
9494
4555
4971
3812
4520
2990
4630
3406
4699
710
508
3091
4536
4649
2452
350
3225
3749
385
39
3135
6914
4323
4243
4559
24129
329
1289
3738
36
15239
3797
49727
2060
758
1628
666
4190
4761
721
3213
4626
52
1999
4063
4153
3995
1864
969
949
2482
119
38360
348
2060
2553
4429
1956
4887
24332
4296
3120
2882
215
15
35886
1769
14
3382
891
2911
4611
1871
1852
2244
638
714
2051
2143
620
29823
3987
1738
44397
3132
3490
1048
28968
1005
367
2604
2536
4236
504
772
4210
2244
2116
4879
2980
17980
4803
15634
2594
1156
3741
1104
399
835
729
246
4218
1062
4558
871
4474
2685
720
1828
2157
2639
2981
268
17386
1858
670
2130
1195
2192
284
3387
24376
2641
1075
3730
811
2867
3155
2315
4219
1989
293
4097
4224
3141
281
36218
49265
3837
3247
1881
1667
1259
2299
641
1493
4048
3483
4989
4546
2132
4720
4429
999
4055
4714
2384
21000
3056
1900
22337
465
166
2666
2052
4549
1016
3641
1983
530
2526
1876
46291
37748
737
3743
3402
3651
4520
141
33241
4617
1607
2407
3413
47857
1798
4913
1141
926
2809
3809
993
1885
3138
3683
20067
41683
697
1598
381
1642
4187
1599
1718
3090
340
179
1999
3896
2071
2128
4138
2854
3349
3169
533
2001
37018
1910
2708
29930
3871
11075
1272
563
4620
18397
3527
3463
4886
3181
31333
954
161
1208
324
3167
2395
2927
4962
3434
2243
3785
4305
4784
1310
1670
4050
1223
4532
2777
3470
4528
3543
109
1261
38189
591
1515
1218
13113
2230
3422
2481
3798
3639
88
746
1162
2515
4170
1846
4706
145
4778
658
48450
583
2052
324
16809
15593
938
10102
444
3557
247
3055
3444
16
2564
1700
3596
912
4741
4227
18953
1130
2248
3493
2343
39760
56
3423
1347
2790
1791
2207
1163
519
2563
2925
2545
44097
1278
4112
2842
2395
1193
4152
23
11345
62
3390
2264
1993
3122
2708
2442
2805
3311
4959
1361
4199
550
15395
4572
2257
4420
4089
4892
1726
495
1871
1929
240
3215
2146
2659
1599
2763
3310
66
1012
3301
873
4533
1440
2943
13741
720
1149
2978
3625
257
3982
4848
3975
1485
3851
39510
2706
1402
1815
1714
47992
387
48531
4240
2908
1214
1050
2148
339
1801
1666
3712
51
4112
304
1464
3470
2854
624
4996
2101
1937
2497
2412
3484
4477
3334
659
4532
41308
741
4163
4932
2120
739
504
3239
2745
1528
4370
4923
3560
351
32839
28662
2404
16054
3929
776
462
1586
4673
1588
2332
3041
207
2313
715
3741
4899
817
1562
2034
483
98
999
2451
776
4449
4544
351
3820
2229
3377
28656
4920
717
35410
4867
2690
3109
3493
4145
2683
2712
4100
3844
2077
4537
218
1922
4758
25
338
12583
3037
3619
3990
1388
4248
3257
1551
3790
3985
573
2868
960
2786
2595
2401
4305
94
343
416
671
151
3886
4043
4504
4202
35274
391
510
6394
4109
1412
1594
3145
2401
1240
4666
1729
16664
4478
2714
42385
4014
245
2611
1867
4723
4802
3674
4889
4802
2370
4580
2901
3350
3099
4554
3976
2640
1160
15046
250
1348
3342
1220
873
2649
2703
482
4523
102
4076
1570
395
4512
2344
1920
1794
4032
4064
3040
3523
1044
1796
2440
2662
2269
44181
4670
3197
4831
2819
2473
124
15792
1327
2111
4770
9201
732
4936
899
4569
4566
1225
3232
4509
2140
1391
20074
279
2050
4673
4282
4999
1441
4369
3952
2407
1759
3792
2877
4834
2537
2982
4959
27940
3497
3422
45647
2881
3105
578
3454
4568
3579
4414
3665
4801
21161
1401
3265
3342
18
2569
844
1959
2250
855
3426
2933
460
4010
4042
2034
1333
773
945
19929
2312
3992
4799
3125
4256
2082
2048
4778
3942
281
756
536
4877
1100
6
2384
3801
173
2518
18964
1861
2151
2769
3191
4608
22057
1772
1849
2348
1670
1743
3454
2571
1632
1859
3680
1187
3446
2935
2872
2907
2243
4035
4005
3188
1291
3844
3388
3550
3108
2582
1412
1756
2842
1829
4060
1601
3506
1021
2961
2461
2245
2705
4030
489
2842
2336
4084
399
3109
2788
2618
1757
3058
2276
4167
597
71
1040
1908
827
3090
3025
4014
2339
2723
3758
3215
662
2945
2860
3790
1722
2214
3015
3613
16181
2998
1886
4729
2275
2873
814
4708
1323
4396
2202
3960
1666
2631
4593
4828
4305
603
3978
3782
4737
3709
2212
2463
4370
36470
41562
38833
1901
1241
24641
10195
26858
333
1968
48
2285
340
1203
3590
3917
3779
2579
4548
49389
1882
3583
4616
3634
4581
371
4751
482
2389
2193
2996
1010
1012
4961
2306
3733
38395
4159
173
3277
3889
3342
4916
2250
2465
1568
2301
14702
2994
1886
1128
17469
1307
2692
7871
1321
267
4436
66
4186
2424
4932
1215
3173
3012
1894
3097
2205
2834
314
4884
3368
4713
14400
4017
42172
3965
908
3088
4677
23155
1600
689
3999
33425
1268
4212
2204
803
3655
3246
4426
16542
2124
41
4333
846
1739
1875
1082
1940
1056
331
221
4764
3484
2464
3776
3625
2361
34756
3091
1850
1836
4081
2998
2654
2760
1991
1276
434
55
2924
910
44809
682
4437
32672
2425
14918
874
191
2835
4165
4232
1678
1041
2728
716
1557
2897
7
873
3747
4357
1539
4313
1516
1082
1965
3434
9601
4678
2051
1744
1427
4352
4116
4070
45176
719
2597
2294
4453
3178
3592
2423
3991
4368
386
3541
4110
3451
3920
4874
2975
4070
3348
3713
403
3609
4676
1861
4146
1790
1651
3391
4551
4573
117
4844
46892
1754
3791
1180
3302
2223
2063
509
3655
43554
3350
3401
669
725
3298
4452
2261
3375
4626
3841
1203
588
657
4707
1115
14207
487
4729
1699
3214
280
2272
4404
318
2427
978
1259
3978
1926
23075
2359
3521
385
2479
314
855
4273
491
2301
251
4596
129
3279
2219
4797
2308
247
1419
38875
4637
26553
4798
4438
4581
2089
2492
504
2823
4732
89
3791
1597
1808
1081
1108
184
20604
4593
4548
1142
392
2261
831
2834
2517
3157
2991
886
176
3769
4224
4874
2215
3454
1006
4785
3406
19114
73
2221
245
3142
4875
116
3796
3902
4143
701
4610
3710
1919
1104
2356
3580
3770
3988
943
934
3348
2448
3446
3303
3526
4471
37659
2644
1312
707
3398
1797
4724
2407
4219
2164
2051
158
3525
2503
1575
4697
536
2234
3518
2506
3837
393
2669
3828
2676
2777
17538
503
1556
880
4743
3518
4323
4341
623
3439
4121
3838
2750
2098
181
831
30624
2821
1418
435
2923
1856
3869
34636
1697
2804
1351
2093
18496
1547
2856
3396
2754
2097
37856
2174
2075
2558
4558
209
2017
4753
886
4482
1253
4722
2235
1976
3852
798
2818
2415
3492
2001
4925
138
247
3647
3304
71
4980
1053
4396
1770
640
2724
46
1807
4005
4332
2849
320
1673
1004
3092
2294
1157
2102
47875
2199
3014
2923
3683
1408
3454
1933
2855
4274
4407
3535
2586
1464
726
1208
885
3563
4894
374
560
2877
3257
702
676
4272
4357
1734
4690
1847
234
2929
4351
1831
4906
4108
3342
2110
4374
201
4829
688
334
1034
4595
644
3381
1815
3045
884
1846
4649
47507
3790
3439
1181
4931
825
4339
2512
4436
1166
2286
2686
1146
2716
2094
4727
48490
141
2929
1398
35
2496
3905
3187
1164
1241
2890
1589
90
523
4159
27903
4651
1523
4959
70
4839
2878
4767
2190
21708
2315
4016
1288
3254
3630
2120
2817
4610
7
1511
959
2996
3871
197
4590
4812
49
17588
1075
3803
1781
4528
3006
2021
3544
15485
3636
45
375
1176
4010
2548
36203
4892
896
4657
1851
4185
4593
4015
1130
391
4235
3
2212
3361
14720
2804
347
3019
4148
329
2611
3244
1045
786
1252
2166
944
607
3347
200
4051
3877
2858
1211
2889
4332
3662
18364
9235
4894
1254
425
256
274
4069
1749
4076
3894
601
2345
723
491
1038
3976
880
1247
1101
2464
207
718
3975
231
4506
3855
3742
6095
3559
298
993
1386
3797
2829
4492
49120
39645
103
40489
966
1669
3403
2914
2517
176
2758
1092
424
1367
3684
2548
1109
2820
3932
4723
1719
908
4432
16976
1977
3771
4840
287
4731
4576
376
1362
3297
31885
32880
3708
22109
3730
859
4146
2381
3738
2035
30
1527
46845
2257
4233
21317
3746
1250
2320
3337
2195
3644
4012
2582
17022
4597
3121
2370
2926
9517
199
2707
4864
3356
2607
396
2836
2748
1442
418
216
4638
726
3247
855
2653
2906
2883
4721
437
2031
1770
4448
3758
606
4556
3733
4379
1476
4724
1432
4653
2778
862
2640
3904
47
895
40351
9734
4503
2911
3164
710
3870
49959
1449
4310
3769
6692
1385
1957
1620
3253
3393
3116
4858
1709
1757
719
2321
2104
1823
3074
3088
3051
2668
21541
119
45915
43794
721
130
3939
3977
2668
2886
161
2971
1080
719
940
2345
1659
3603
4146
4131
670
3454
34066
4436
3703
803
3722
2443
411
2983
1550
4771
2206
1855
366
1108
3508
4547
2465
1101
766
3822
4027
2347
1743
2855
2920
2122
1089
676
2710
1637
2983
2418
965
702
4553
4065
4024
7809
1272
1042
2932
30090
2510
1800
3602
3345
4713
3833
2052
4544
3135
96
26822
2553
21134
3959
32142
3768
3993
1117
1012
4553
3908
3008
4832
1514
900
3921
3320
4057
482
4905
2921
4585
2856
1254
305
846
1070
3904
2436
36430
12092
3616
2079
4733
1477
3786
4474
2018
4044
360
192
326
46181
1855
2703
1965
3442
4243
2028
2586
2983
2687
4040
26820
4450
2222
404
2557
2972
3353
1154
3520
5034
4388
4324
3657
2297
2743
3174
3667
4022
3914
24200
2015
29850
2416
1964
2992
1207
28198
4511
2341
2601
3920
836
1449
1517
4774
3797
1690
4188
383
25656
2935
1686
1033
4483
26703
1495
154
2442
2862
4696
1502
26944
1207
955
2039
4754
4986
314
1604
1044
4246
25387
288
2595
2926
19068
4356
11466
3333
3356
1169
1490
4129
3005
140
1781
3215
3806
1444
4669
3293
1037
454
4962
710
1841
19420
4648
2713
350
4953
1272
2941
6390
46280
4034
4455
2410
1502
2386
3882
193
4428
1217
10
21555
4675
493
1210
2569
4940
2734
3144
37045
841
2406
563
38590
29119
1235
2839
2565
3579
272
614
83
2411
4825
1752
2502
2053
41825
3431
4277
15464
2574
1515
812
2312
1529
2787
816
439
2303
4247
4502
6837
4918
4258
1661
33112
4501
1161
1070
243
41695
4021
3448
1042
2856
2412
864
4834
3
1791
544
4169
1561
2392
850
4385
1985
2635
4117
769
4351
666
2755
4833
122
4898
2657
4280
3893
2681
3186
684
912
1854
12131
811
4149
3309
20040
4450
4097
2050
1400
2076
4126
1855
2303
1447
20442
4343
2233
3952
37732
3404
3617
1103
861
2352
909
1651
438
750
3088
2445
836
2631
2068
1207
2843
2609
3143
718
3182
4557
256
4361
771
4687
37695
4847
2004
2946
1384
3920
1348
2897
1878
4347
3189
4032
1652
1731
2707
4448
69
2792
2395
3995
2953
3137
2629
661
2386
1556
4176
2806
1934
3594
3308
1668
1849
8212
1737
1353
3079
2806
2774
2435
15627
4992
2601
4672
2468
602
1497
1911
521
4980
1696
1194
405
26
1160
3319
443
3024
2517
1895
1123
4203
39
1506
2837
36608
4332
2097
2243
1396
726
270
1517
4260
2649
22258
3920
2929
702
312
2125
4811
186
2931
3244
1771
3331
4340
1152
2593
1462
3639
4842
2848
2210
1920
3565
1422
4364
3682
1416
2665
3178
4853
1204
4238
40190
72
1795
44
3603
20382
1002
3504
1201
4467
2570
951
843
12608
4352
2442
141
10039
1208
2196
31379
927
125
699
141
2460
1642
1111
1449
2385
3304
3980
4481
40789
11705
2867
3095
3310
58
1396
4978
1630
4514
1519
1642
3990
4352
3591
3430
1173
292
701
874
1879
1726
3795
4656
240
3600
23261
3908
4312
2532
2631
239
2943
4040
2973
7979
2286
2164
454
26288
3015
1573
1690
10045
318
3487
4742
3796
253
3474
2760
4856
45686
4326
42608
4527
3976
45197
2700
907
1851
1844
2696
34953
1652
468
622
32265
3138
1687
45643
3806
841
13514
4843
2158
3251
1518
3247
1092
464
1830
2855
913
493
2691
1222
3562
246
1345
24907
2128
4534
3416
358
4875
1077
48718
3601
3753
1490
5088
3553
2940
395
4479
2605
89
2844
2932
2393
2207
2977
565
137
4052
404
4372
27700
4275
3859
10920
2832
3295
3407
3305
3143
2273
2213
4926
28
3786
3582
23712
2432
2087
516
3119
4653
3857
3110
733
1770
877
3099
3536
842
34371
1479
1341
3537
4824
4015
4093
4537
12037
1111
128
2892
3223
18426
319
2739
2586
715
2922
25061
170
2822
2919
2334
2122
162
13495
2344
12861
2373
4246
4530
21297
4288
1015
1865
4946
4539
3916
1178
41
24907
2918
22236
42001
4274
613
428
3342
4654
21210
1725
3157
4825
1048
2256
626
698
4986
3356
1519
956
320
3824
2698
2289
4759
1022
4845
2078
1810
308
3650
1936
830
2091
2815
3874
48
1009
37541
1483
3036
928
4157
28293
844
252
4150
3294
4735
33700
1652
2519
4967
2153
3760
4924
784
4893
4288
1152
901
1706
549
2463
4259
4863
2187
5
47472
3865
4478
45864
4506
1658
2536
47142
3734
1672
4750
2212
4140
531
4600
4262
370
3828
667
12885
2932
2157
4998
469
2683
3099
403
3442
3605
1766
2614
44665
896
148
3747
3531
4564
4828
2804
4973
252
4347
87
21527
1352
2691
2408
14756
2539
1396
3125
2249
219
2940
2698
4582
2742
4139
1176
442
2152
2225
791
381
4586
2923
165
23249
3198
2824
2384
909
1049
3055
3710
4752
4933
4774
4975
396
38229
1737
1772
4911
3266
3621
18305
1361
1503
16773
2323
1334
1559
1151
4665
1543
1257
3295
1454
3021
3420
2708
4340
1603
4519
1821
3660
870
2173
562
1183
10425
16899
3127
2764
1384
801
1072
4823
23910
4119
1435
3704
3519
2933
859
3894
876
18698
3949
989
2972
888
17212
1982
22041
18495
856
3358
1468
3337
3857
1800
3513
4436
3021
1954
778
43126
2071
3039
1136
30
19850
4465
1564
490
3928
3555
1491
3349
538
2887
2268
1959
881
4558
629
2963
2628
1962
6873
2468
1438
2470
7117
3733
4798
513
3239
2185
2745
954
2055
4827
4229
3200
4915
1770
3905
37513
2642
288
105
4765
4006
20246
24135
631
3798
3081
41178
47
1698
3192
17239
3018
49075
3512
3656
2095
504
294
3038
3767
30584
1676
346
1404
4706
2582
2760
4378
28
3058
2070
2346
2912
4578
2521
1751
240
2976
1752
4111
1186
2722
4636
1979
1421
2657
4315
3154
2994
256
2026
3806
1278
2347
1099
4233
2678
2555
2239
305
7700
3435
798
3460
762
902
801
803
1709
264
25908
845
4331
3222
1572
3935
2234
3964
2489
802
3843
496
75
4461
4046
2937
1723
4519
2976
2529
3546
1666
3405
2143
29218
1019
16491
2867
3101
1306
2655
520
16131
134
337
224
2910
4230
3813
4760
2273
2107
2864
4770
1583
2033
2192
741
1959
4639
1649
2814
3501
635
61
1822
434
2581
17473
495
2276
3857
4390
4983
4113
3768
3118
2132
595
220
4355
3616
4790
3604
1399
45287
23853
171
3244
2247
1371
4273
3884
3040
3217
4037
1204
39686
1006
4633
2957
4829
3859
45606
1417
44543
1881
1095
1932
154
617
3002
607
971
3546
2831
1344
3017
2989
4808
41777
3356
1000
512
3845
1829
4993
2798
2380
2847
110
4670
3427
2538
1750
648
4703
4750
4738
3152
3454
2492
1996
368
36550
4247
733
155
4969
2706
4683
2277
2328
3008
1774
4215
4398
1264
1750
48571
640
1881
2053
4708
4397
1149
2804
4327
429
2329
769
1376
3617
2594
919
4499
4010
531
3964
3109
4097
48767
3667
3598
4225
1025
2789
4901
4002
981
2185
3002
3721
2729
368
2573
2241
2567
1142
3195
1495
3332
833
733
4681
2478
3818
852
332
340
2103
4675
14353
27164
2235
21500
1179
1241
4878
2255
4950
3177
3844
2539
34699
2116
7163
888
1838
1352
38970
1268
4066
605
4656
15
728
3627
3997
18748
1071
450
2600
3761
2361
2637
78
3645
1953
4816
2854
4896
4022
4757
2199
4446
2258
184
3033
55
2824
1086
203
1922
4754
2778
87
4787
1644
3028
4751
1304
2353
3281
47545
3761
1701
4144
2734
2768
2138
1952
3780
3771
3505
3450
4195
1726
2052
4215
2603
1385
3368
878
2202
4635
1923
1903
1368
3330
2195
3649
3024
2524
1705
16743
1727
3096
25834
3473
3231
1941
4999
498
572
3791
3149
1987
4478
2954
3285
4207
622
2350
4196
4628
1575
1837
4323
2118
37860
10945
4567
1661
4079
3140
2392
199
3209
2251
28281
229
3375
2333
37977
4229
2010
2702
4392
2766
4149
271
877
3783
4390
2921
3152
4225
1460
3615
1518
4469
2274
1173
2395
4056
1788
1295
2019
3059
2691
505
2703
3812
1794
887
2883
3265
3515
2409
3158
3518
4444
4688
2534
2217
3790
533
1411
1543
3859
1432
1068
3964
860
4792
4364
2670
27705
247
4671
3840
2493
3153
3168
41849
37003
3590
2220
29922
23433
3472
2016
3469
1341
4217
2298
1075
1324
1905
2571
1181
936
17645
3203
744
4967
3904
757
2910
2668
47172
4100
4917
3051
3701
3388
4420
2331
4494
252
3152
1741
66
168
5596
3446
2528
1515
4959
2907
4434
3674
4158
49939
429
3825
30290
4111
3885
6207
3794
3472
43458
47972
25821
1059
4965
3826
4954
37830
3194
177
3687
4749
2249
12900
2911
4796
2583
937
29352
2178
3718
2118
3465
1510
4198
4116
46808
20501
4449
4489
203
689
1911
1345
1151
3944
3578
2474
3846
3474
1113
305
14
34948
2815
3928
3765
4570
3665
2034
18791
3745
4777
3735
1558
3000
3978
407
4731
2978
759
339
3804
3002
1713
2417
2789
1222
2849
3744
2363
4106
2467
640
1499
1128
2576
32760
2975
3983
797
2107
3724
105
1703
3050
1717
1014
2108
1394
3209
68
17086
3816
1651
4073
4054
3366
1567
518
1741
3972
2569
434
1173
2460
4950
1033
3581
4007
2349
1619
618
4366
2172
1761
2824
3976
3074
4298
1399
3818
4450
4621
41532
2410
2259
34
1538
3995
4354
2168
1366
2900
4510
4936
1750
2720
1653
30817
1588
28042
3801
43339
4950
4441
3898
2287
3541
1751
83
2211
1107
2917
43111
4623
4652
3788
2016
56
18091
18107
6857
4730
2225
1204
2199
3027
3583
2599
31984
2607
176
4055
4939
1807
2520
1413
330
3564
3800
2956
533
2864
1487
4655
3871
851
317
4283
2223
125
934
4687
2502
1120
2038
40952
1982
1784
979
1477
388
1494
2104
4297
600
37699
2744
1877
4518
4697
3649
2652
2909
1309
1275
4963
4749
37099
41233
1142
29556
409
620
1186
3203
1845
1033
2913
2742
3341
1619
4385
2534
1101
1680
2424
4355
4760
2355
2121
2529
2617
2945
4716
1834
1005
1639
2182
116
3501
2061
3246
370
2043
2040
2805
3904
2146
866
4181
4293
3311
3115
4411
4318
1914
4239
18295
2015
4835
1525
2224
2335
3189
6167
2135
3189
687
1817
4321
2937
2652
13514
2585
2378
3852
1204
2004
1279
4828
19904
4204
2163
14410
2541
834
1371
5223
2023
1665
1777
1239
4758
3603
3149
1238
221
1497
4756
4591
2629
4957
2074
1597
180
40133
4230
4152
1185
4625
1086
799
26326
4207
3706
2271
3356
2115
16
2812
2058
1610
4892
2231
4068
37918
150
4120
45280
2177
2250
218
4098
4271
714
883
4134
471
2710
3887
1464
2324
836
2469
9323
4619
37974
4990
1563
4405
2624
587
381
41889
996
27811
4998
847
3059
701
974
1972
1976
47153
325
4913
3204
2322
4209
1284
4403
4890
4334
1149
2290
551
1668
3836
934
3845
2547
3842
3866
787
1544
2414
2487
1877
1552
26867
2507
999
4061
4215
3131
4739
4337
991
2002
1703
3305
3045
4696
897
1754
1499
2554
589
642
1787
2832
1624
3638
4277
3948
2590
1498
1897
3243
3431
2102
4729
100
4899
760
1132
3305
3318
3276
2083
732
3352
4537
244
3375
2131
1456
708
8965
347
1830
2773
1413
4849
4178
221
1998
1370
26339
1351
4204
2515
18
433
1263
4103
1903
1939
32824
2742
3384
1524
26999
1371
4296
1739
45301
1799
2825
3047
2909
2810
1684
4787
22
40819
4633
3892
2681
704
47753
1084
1916
22292
2238
16642
4349
1555
4628
2907
23936
269
1580
4113
2533
2648
4543
1496
2888
4229
2538
638
3191
3370
4990
2132
35222
2298
2564
2936
3209
423
2861
2093
4733
4688
2077
3882
14416
1115
2987
1446
2286
3091
2734
3204
819
4932
3933
29993
394
3245
335
32097
1172
15933
27602
4046
163
2276
650
52
3200
3250
2366
1532
2235
753
26159
384
3963
1933
1558
980
3560
3654
4333
439
3360
2399
266
1434
3398
2649
21496
42879
3634
1271
2041
3356
45333
2907
2707
4474
2253
2506
4802
6743
992
1599
390
4252
788
4966
4239
21027
1951
1721
2009
267
2098
985
11
2976
8892
4291
1314
2428
3401
2959
712
2720
3194
2103
2574
2118
2439
131
2601
1011
3562
39513
2777
3329
698
4206
8112
2174
4297
4185
3544
3686
1268
41397
3286
1923
2186
1215
3545
3638
22007
2452
2942
2435
3882
2205
3452
1087
3691
668
3888
5034
3225
20825
2645
4498
18017
4915
3692
692
45968
208
1232
4658
3977
1283
2869
4191
3663
1816
3301
242
4214
2271
2070
31693
11793
2555
651
35
36934
4257
3566
962
5677
3186
34079
381
37339
4448
2628
2034
4371
1306
965
1826
2666
1297
37596
1360
4149
3884
580
20933
2691
1626
1842
536
4888
13532
4961
4716
3944
6226
4340
647
823
4157
3546
2289
2006
2769
4509
4030
1559
16628
41737
29341
23368
1018
2285
1241
2423
2034
4382
21
4846
38226
3416
3144
995
4653
2243
1416
1756
1977
39569
199
48790
1367
4467
4882
2453
3601
4793
4472
3402
37578
40652
1204
3674
4065
560
4912
4714
612
4856
4663
1245
1549
1645
3250
378
78
30
3715
4090
37754
4812
4633
2507
3283
1807
1884
4383
4966
41551
219
927
18836
26437
11706
2377
392
3647
1670
3899
4870
1197
4116
3378
787
1727
1170
772
409
4290
344
3581
835
3200
3725
912
4771
1853
3975
3443
19721
863
4597
998
1887
27154
2721
4042
1458
310
1751
2157
2583
4597
2782
3213
2283
4003
2179
46386
1916
4645
4884
3647
4669
2523
527
1524
1781
4237
361
4985
2995
3449
2223
821
24775
1434
1930
1293
2033
686
1926
4909
3927
1323
12
4401
2855
8937
22587
2717
1172
3084
565
4603
4556
3216
4781
3866
637
43130
2254
3635
2898
2667
979
2665
1419
2701
1191
4366
3511
1005
1132
10536
3964
7913
996
2469
17581
1924
4692
92
2752
2888
4584
3713
4292
4785
3535
1267
4465
3014
2262
3115
21308
3639
446
17
4204
2004
4678
66
3396
15857
1711
27176
93
4236
1453
944
2660
155
1236
1862
2700
2502
3106
3256
2588
4422
4922
4216
3818
4133
1602
23447
2474
3599
3014
69
4989
2225
3009
3998
99
23515
4881
2199
1631
1638
3319
3773
1415
3429
3926
4725
4145
46668
2010
4632
17865
2902
4159
1829
2335
4301
4389
1666
4010
2928
854
601
1215
2538
39865
38291
3965
3525
4204
7914
2033
1977
352
560
4594
3017
3024
1708
4201
48591
4795
1097
2195
3317
2163
2042
3062
2339
1305
3351
2560
3205
815
2711
1127
3814
1507
791
1770
360
207
339
1644
4087
28129
1684
4361
1183
887
4613
1312
4749
11012
77
4102
4999
2928
3180
1270
1801
2125
2031
3646
2054
3158
3969
4375
17677
2427
44021
2444
1187
3736
9120
1426
2478
501
4060
4916
5530
4320
1480
3666
3422
1512
3193
4725
1696
4804
2925
1608
2164
4341
659
6
1448
2635
1294
4167
4238
1203
3419
4073
4581
3837
47095
2427
1941
4553
899
3544
862
4467
32181
29625
1143
2380
3175
14248
4928
697
2308
3981
4225
3084
1210
3103
3378
1718
2406
3471
4501
2532
4985
600
2065
4566
4982
4503
22276
1920
4377
4893
3470
2277
4345
17660
1745
31778
4964
3484
2726
1471
24769
428
2150
3504
29020
4576
1943
2273
378
655
4954
1160
2987
2789
1795
258
489
25050
2929
784
1889
4152
2881
6299
1157
1477
2290
24893
2098
4363
380
3407
3191
574
2426
3017
204
44310
2700
1566
2154
4548
2202
44484
40546
3007
4662
3766
1183
1858
624
228
33573
3241
1226
1786
186
742
660
1870
4985
3363
2208
3087
10114
511
2403
4596
2789
135
3934
367
4420
3452
9755
4649
2219
393
3880
19916
875
2168
2074
2980
1537
1510
2274
2822
4736
3893
29784
3346
1775
3627
3108
2619
2762
1837
549
798
4183
34030
1542
666
2403
4613
2723
1951
1588
2165
1307
2408
142
253
1395
1493
4455
22036
2843
18
1215
34962
37774
2034
3710
2253
2754
2628
4390
4833
1611
106
1074
2925
5426
4223
2617
818
2407
832
4895
1336
1756
3649
4784
2263
167
3492
1137
1371
44704
44516
639
2115
292
4250
3769
1683
2414
2348
1408
1102
3751
1535
9419
4730
4825
1982
367
2307
54
2455
40702
2933
4823
1679
32370
26129
2957
30237
4507
3196
3511
3035
1326
2594
4614
3318
2390
27420
1731
3175
1374
3624
5633
69
36922
2751
2098
95
20
3123
48175
1593
4777
2128
645
4393
535
49810
633
2179
2152
3739
16
4399
2297
3987
4224
606
458
4052
41528
2403
895
1656
31772
2192
2519
3471
2240
3532
3817
3088
3569
2354
1603
1886
3607
1672
4883
1683
3488
33
3151
4601
1357
4917
86
1773
187
975
1730
4005
598
1248
4662
556
4420
70
4330
29829
326
123
572
2435
59
376
48237
4640
1996
578
1444
34085
4251
4874
3121
49752
3983
2839
4892
3354
2070
1935
4802
1288
4611
27695
3231
327
554
3864
1466
1142
18524
43102
15539
3969
3697
3194
3548
2325
4630
1155
705
1126
1514
3348
1453
114
3500
985
2307
1353
3986
45920
3026
3984
3542
4914
628
191
20704
3253
46
2244
315
4217
3879
2551
1525
4972
5342
759
9
369
3520
2954
981
76
692
1993
3917
1764
337
3140
47046
3222
4611
46341
3004
2275
4354
2404
101
3606
2001
2900
1936
1106
2419
2309
1314
46490
2468
3782
2219
4193
3269
4
1430
347
45169
19196
1429
1205
997
3447
1065
693
3391
36
2706
3619
1216
588
152
2340
178
4700
296
691
4378
43752
2115
4121
2779
1969
2842
2196
1215
1447
332
3334
4706
3674
3769
4132
3271
42722
69
3826
6361
25387
587
2666
17092
4136
1289
978
2791
4598
1203
2631
4103
1617
614
4979
3349
3708
2770
637
3823
3531
99
18908
158
922
528
2181
1904
1045
3753
4665
3736
3657
1490
971
760
4542
3735
5595
915
461
30725
17545
127
3816
10657
578
646
2720
1040
3144
33456
3837
1942
1837
1191
44204
15
389
4762
1241
1590
4835
2690
2511
1787
1537
18838
2586
4695
2741
1183
348
195
1034
3031
3325
311
14202
2093
4223
1562
3793
45044
2883
1105
1813
1446
1558
1136
1552
27705
1224
1901
4180
2387
42007
4565
1740
20724
14085
2541
4629
2769
4449
3641
635
35545
650
2122
2799
29
616
2339
1680
1533
3195
720
5530
4711
2371
387
562
1946
3789
1480
710
1913
4490
1413
1815
339
4381
12031
1578
4569
4147
2042
1969
171
3247
2377
1952
35571
3692
9
4493
4525
4083
1135
2669
4073
567
1836
27413
45864
2957
350
3403
1306
101
3979
45571
16014
3997
4624
1988
3012
633
988
367
3600
418
4524
1109
4144
3510
44584
596
3482
291
2496
840
4777
969
3496
31274
1680
34839
4510
3396
1584
4148
3546
3564
32603
1713
4530
1994
3213
3817
666
2941
2010
303
3914
3548
534
3666
422
336
373
3509
3992
274
4390
1502
2782
3118
230
3141
4434
2456
34270
1603
1912
15932
753
26723
3036
1924
2367
4959
1079
766
1528
2144
2757
4332
7353
4472
803
427
1027
2443
594
87
48563
40661
4402
713
616
674
4482
508
782
690
3961
4923
1649
2305
1409
3864
1012
630
1372
1683
4676
3114
3734
4365
1764
1299
4946
793
31606
3695
202
4026
517
3267
695
2734
3578
2581
1051
2841
2029
3540
4860
3655
48838
2599
19388
1182
4803
18222
3309
2802
240
3812
3520
3609
138
33
9913
4662
3611
2931
906
1488
2790
4944
2557
3771
3343
448
1262
3284
2071
1659
4062
758
2091
951
2606
1513
3007
1306
4451
1665
4130
18035
31680
42770
854
25109
2950
2921
847
1805
42595
14531
178
40840
3444
330
4951
4222
2102
3835
1993
3369
3501
4739
4905
2773
555
38105
3539
1625
4521
22213
342
3598
48542
1788
284
1374
2189
3490
1511
8603
1820
3927
3091
1901
314
47899
2544
2036
321
1925
3134
3430
3499
2083
3589
44905
3318
47649
4549
3101
36763
3058
502
1014
4861
26387
4384
4635
3335
5557
608
3037
1242
139
4940
4397
3318
2196
37719
184
481
2563
996
2704
35298
4758
2476
4247
4703
2164
3836
2256
3437
3325
588
2208
4002
1269
27205
1019
2829
698
3797
4337
8219
1661
4174
1307
3210
2573
2449
1064
3433
2645
4056
4865
2051
307
4629
4710
4137
3652
2716
5
979
34601
19897
30749
1456
510
18134
822
1924
3668
3625
2095
44212
12215
3967
1250
368
1472
3165
4252
1873
1350
4171
226
1168
4434
4579
14794
4904
3747
3385
826
264
2905
2951
81
3505
385
2892
1657
759
1485
1444
13093
1914
2039
2642
3070
4101
2269
1265
2622
3108
482
4829
3654
1936
4006
1919
116
2397
4979
4884
635
3614
4786
4125
41279
377
4098
2511
3395
3106
1809
4578
4973
46349
2929
852
2682
14027
879
3409
4464
3505
1686
149
2178
2311
3605
1172
3664
1621
122
4910
4139
286
2258
1930
1904
253
4612
412
4345
1355
203
2192
4703
3298
1434
1358
357
2228
3695
918
3216
3208
4405
4844
2306
364
2301
3186
1427
1615
4769
4581
4998
4066
3302
3451
3416
2542
2584
4831
1138
1809
1496
4126
1383
31092
1243
29319
1809
2141
1357
4155
481
620
3709
1102
73
1547
2687
3757
46545
2063
4348
4258
19134
781
729
1642
3061
3333
2875
12535
10929
4910
4071
2971
760
2761
201
1087
2441
4655
8983
39372
1605
2697
4078
4594
2561
2325
2217
1533
4353
3649
1431
4123
567
4831
1282
3283
4213
2517
4378
1004
3701
44385
2053
3706
4153
3361
1100
2605
4951
1064
3565
1922
2268
557
3374
3330
3760
3248
2312
40765
2724
423
3869
2519
1098
29
13353
2641
12326
578
303
2887
2169
3545
3809
4728
2829
3906
3728
2460
770
147
4049
3273
3237
20219
2150
3008
3025
211
3001
686
323
2802
3420
3110
2151
173
8004
4040
7842
961
1024
4968
4456
40580
2694
1470
4286
1860
341
43599
2497
2111
2990
476
3611
2891
2239
1248
4479
3916
1502
1595
4492
803
8208
1814
1707
2230
1809
92
19187
1926
3359
4838
4617
350
2567
1266
3743
4855
1629
1031
3698
11489
1880
4061
1464
3021
125
11366
2984
2249
5186
12790
2137
1604
25710
994
2742
4845
97
384
3699
3353
3616
2391
2054
733
1766
1951
4115
3670
44174
2926
315
4799
2487
3865
2467
3730
3635
837
2320
1909
3756
2723
1440
4513
2732
3827
1085
1546
846
4559
1991
795
4982
3120
957
831
2489
897
4735
4408
3368
3614
45543
4532
2369
1463
4676
490
2762
3976
37851
2364
2615
1220
658
3228
1470
3669
4222
2382
3968
23346
4231
1256
23958
67
30996
3941
2549
4757
4630
33
1650
4178
2620
317
3055
4309
233
1117
999
1963
1786
1316
2661
186
840
1264
2527
1701
43426
2095
4266
3069
1259
4452
1066
3613
4071
3716
2822
4741
4365
2375
3759
4626
2563
1351
19659
108
3715
2213
4828
173
1646
1323
3662
2568
375
42408
1752
4818
765
2350
2208
3121
1981
4623
2563
2120
3915
1575
2668
2233
1765
42834
3576
1760
2761
147
844
3304
4044
523
2899
4204
1233
4929
3955
2403
86
2655
264
3721
3850
1449
596
3904
2508
2098
993
953
3495
1561
4704
49
165
3738
4576
4290
1785
4767
1506
3341
3087
4527
3652
2018
42
3624
4668
4124
1859
1557
814
4229
1413
4737
3913
1422
33437
3691
1209
3487
1889
3818
2843
2816
30455
353
2654
664
189
2565
2347
16231
38966
2526
3387
2021
144
670
2077
1153
11712
4146
3508
173
516
3179
2122
3099
1206
1816
673
1671
29631
3455
3676
3755
4469
3175
4344
3132
2823
47418
2472
805
1240
222
1141
3658
5790
3366
1520
1869
3560
3802
198
492
617
3696
719
185
4286
4298
4952
30191
3822
748
2757
4664
1851
1661
4114
25832
1741
2660
4648
2501
1341
899
4549
3940
409
532
4203
3784
3263
189
1709
971
27935
1519
4998
3925
36032
93
2284
1420
2396
2105
2511
9862
4614
2688
4915
3987
174
3421
4256
13271
4893
2753
1779
1321
3653
9153
1994
3648
1152
2117
4398
117
359
3134
480
448
2634
4704
2234
255
262
1418
2170
59
1420
220
4806
3440
19248
4438
41816
1268
571
673
2964
564
3830
495
4814
4301
1077
1914
1417
1376
3966
448
516
4829
451
2566
1267
663
1559
1317
4732
1738
45616
1640
3434
4121
2605
331
3461
4308
4951
4779
274
4249
45
1285
4415
726
40448
1574
2969
3876
3428
961
3746
4495
21714
2982
2645
1989
2649
793
2120
1535
1597
3819
4234
3986
2416
1304
4302
2492
3427
565
2132
2203
19985
4002
2623
3991
2324
4094
4867
1844
2442
3755
4937
2980
3297
4807
48394
43849
4626
509
2227
3016
640
2328
484
4130
964
3069
4867
430
3998
3991
290
3207
2385
2822
3304
47737
4970
775
4276
145
3236
2429
10960
1703
41
4500
27866
2758
1559
4118
346
2815
34784
2677
3328
3976
719
4280
1995
4721
3798
4723
4276
3637
12308
303
2789
3082
927
560
4285
4213
3939
3164
573
1931
2889
43759
1831
4611
4866
4082
3381
1183
4717
210
3973
2221
3979
2097
881
4255
3392
4651
240
2299
1591
3192
4977
15789
387
2644
2019
1745
46
1893
1319
2761
1041
2141
3109
2903
1818
351
2189
1475
1951
3574
2041
3037
6307
2103
4746
4295
4231
1095
365
3988
1486
4404
4296
4276
3702
337
1015
1474
213
678
513
936
1895
12220
2992
642
4214
41
15013
3170
4245
2735
4319
3976
28069
447
27
20172
2493
695
412
651
2909
4333
276
4092
859
3214
2880
4473
2985
1476
43
2886
3560
2234
3021
3652
2031
7638
4581
1565
4954
3421
3862
4365
2078
4670
49298
4216
1287
38410
1101
36240
3097
3275
533
540
999
1706
237
452
3325
2755
3330
4174
1255
2222
2637
10316
1597
1489
2904
684
3306
2855
2668
4572
302
2984
4440
466
84
3892
3408
41210
1157
3651
3007
389
4986
431
4462
2150
4111
143
34272
3396
33752
4729
2863
4452
5258
1778
576
4100
3084
3977
2375
3351
1610
2930
262
45652
4212
3706
49126
4931
2748
3293
35084
2038
1001
3880
20383
3835
4098
2299
4008
2807
3886
3257
39041
4495
3772
3139
2856
497
19749
2471
2871
852
24
4118
2892
355
4734
4400
2064
2562
1047
4796
1341
105
3742
37654
4218
2848
1737
3592
48
825
28874
19308
1197
4684
3348
4815
2856
2692
2099
526
613
199
2527
3784
2110
3703
3779
703
23465
4405
3365
4670
3431
4524
2117
72
49915
1371
4546
36825
2471
4937
190
35179
3137
3187
638
1170
3302
1327
2484
3792
2503
2689
1871
2998
4556
4266
4309
4252
278
1032
3331
1905
881
1832
3179
13819
3438
1559
115
3675
3435
8909
3908
3648
4008
475
4935
4785
3891
327
1161
4309
4683
4084
3443
1129
1462
4219
4574
144
27
1032
2753
1037
1012
3032
3987
2826
380
398
4421
2854
3427
15397
1415
528
7000
26949
2224
1563
4045
4887
709
881
3057
1303
1004
4340
4651
4810
2162
4185
4604
4265
2964
1989
2487
4279
36206
30135
3105
1544
37882
6142
3725
2031
779
3883
3977
2155
4699
2152
1077
2493
4157
4231
2902
4821
456
254
932
308
823
2953
2743
4014
1929
29675
3318
4294
3194
980
2089
3621
2651
2138
854
2771
1163
1539
4855
4595
1452
3439
18718
2587
3579
920
3896
2035
2677
7061
3551
3972
1009
4374
394
4509
2348
47892
3864
452
950
3712
755
1956
2915
4756
4599
1103
4719
3807
4945
3999
577
1336
1483
18494
507
2924
558
2585
3450
1513
1453
1663
47475
138
1094
1291
1856
4704
63
4298
1916
3402
1304
4296
1129
1168
2713
4870
4796
1859
1037
3017
322
4032
2523
4475
4413
4879
1921
2193
693
3242
4745
1444
2680
229
4846
35
2705
690
3581
49184
4148
1232
1699
654
4928
1493
96
1805
3963
1206
4853
21167
4485
591
1779
4612
2468
2750
3313
931
3991
4833
1820
3235
3122
4651
1459
290
4624
2652
4630
2004
15196
3812
1012
1325
2367
49968
1397
56
1630
981
4292
1517
2051
537
361
2090
4785
2795
30597
76
2096
4531
976
2368
3930
3773
801
939
186
2388
2478
2213
34168
1431
4561
4254
4003
7346
646
2005
834
137
1774
81
969
4179
3170
4465
1549
3439
2013
23566
417
3091
4156
4484
1500
44394
2687
3284
2231
1736
1899
1974
44138
995
319
1675
3935
3539
1776
1745
2651
2253
2143
2195
1728
935
392
3516
569
2521
2449
729
4236
2171
2500
4745
293
3063
4824
2551
3379
1866
114
1211
3226
386
3387
4010
153
1663
45176
4764
1714
4445
3736
4062
3548
2978
3529
4507
4669
391
1300
1467
4635
1740
1697
2955
1943
4631
1312
697
27
1377
10885
423
3518
38676
648
2457
3788
2795
4262
506
5745
744
3064
4842
2633
2811
711
147
2205
3041
1311
42015
4690
4507
505
1888
4274
3108
47325
367
4496
1550
1879
531
1621
41637
2252
4771
4737
3592
431
4109
4084
1423
2389
17900
1613
2906
30736
4717
3323
4099
3060
1326
3442
4995
2637
1441
4710
1918
1659
2278
2225
2337
577
297
3346
4625
77
2762
1179
21617
4088
858
3410
2466
632
2057
93
41
3955
3241
3893
3728
4760
1395
988
3902
3380
407
190
2691
4956
1703
1792
37145
3210
36457
4155
839
2978
3240
2244
2810
739
1262
37917
2785
467
556
20839
3435
715
269
1669
592
4008
1046
3523
3078
730
42443
31864
90
1578
4903
1823
12975
2852
632
3310
266
4749
808
2020
752
2165
2062
415
47755
1274
36192
31302
3691
2977
3132
45581
454
525
3790
442
4144
1043
1788
1080
4839
2282
3842
2679
2648
30355
3843
2223
4445
6222
33085
1287
457
83
1590
2250
4226
4089
1660
3986
4564
3144
1769
2441
44466
2983
4513
2392
651
2287
2815
375
4749
1930
1389
2570
4402
1032
2689
3987
1980
506
1196
349
1426
1536
4641
826
3296
1729
782
218
48491
940
3146
4573
2168
1089
4054
376
2073
1524
190
3592
3983
4789
4243
231
2806
261
21551
35198
4698
1508
2233
1577
1669
1882
2579
286
1977
3606
4668
4269
4051
4694
3064
3125
1880
2705
2434
363
2722
4005
302
63
1473
1704
4845
1935
280
1405
32129
2266
1891
29398
3201
1770
1375
23880
2333
2425
3484
2267
37423
4827
2836
409
35247
4551
3106
4443
3213
2089
1139
28746
919
4921
1279
4364
3582
3918
434
4840
1777
2786
4231
671
84
29144
2771
3449
578
3208
419
3901
960
4897
4350
676
4106
2321
4656
1500
449
2823
3358
1796
2185
2232
2875
738
3395
1225
865
548
866
1590
638
460
10615
4151
2146
2323
936
1505
4691
1565
15690
2049
4832
2676
3601
896
3821
4803
3631
531
3895
114
1307
3790
3761
1320
31923
1504
2681
2677
3584
483
1659
431
2814
3712
4433
3406
1313
2224
2769
24068
1140
596
4957
24653
4531
24679
869
766
1253
4598
2935
3978
3871
2801
1773
3402
707
3348
275
1302
3094
1880
3901
1646
4318
1219
3818
640
4978
3295
4629
12070
32769
18370
520
47874
2243
2670
1319
2104
143
2431
4258
289
2766
1804
3465
39825
28982
1692
1948
2499
1528
2724
4869
3187
335
10262
1925
726
3221
23183
3655
39
285
533
4321
487
3272
731
1283
2922
18210
389
1191
2810
1487
16692
1031
1105
2171
4763
3111
2516
948
3065
1576
537
2466
3503
1699
3037
3013
4547
3749
716
873
2609
502
3954
3939
47719
1995
4328
893
3441
4950
477
516
3558
3901
4261
2896
37
599
3753
2213
4056
3223
20458
2896
1242
4211
1030
3301
633
3731
2442
47700
3281
2278
46078
1459
1371
4965
3638
1275
1502
5
4273
854
899
2411
4627
405
2246
4410
42201
4860
2594
685
4579
2640
2591
4387
4379
15901
3687
3699
4396
4087
546
2724
3636
3519
37650
3472
607
1135
1233
4041
3953
4648
3321
3752
31
3020
1482
4826
49391
31
2641
2322
2024
2814
48855
3410
1317
4508
325
36110
3711
2439
2622
3800
1138
1001
2348
3096
28589
3678
447
469
23889
1121
40580
1801
1839
2235
29116
2891
46953
1667
3483
4502
1268
349
4466
2173
2369
4859
3250
4542
422
1785
1842
2689
4113
2587
30114
824
997
1930
3343
4161
2232
2197
3375
4384
21562
4657
3026
3172
18758
3746
3527
215
49206
2458
130
667
4802
38449
1116
4677
1599
1462
418
1350
2410
1171
4243
1829
222
524
1552
2762
4035
1718
4818
14715
3738
1009
3311
3300
3634
1024
1697
3802
2458
3150
3183
45469
4556
3471
3475
4941
1741
4084
1133
3982
317
2914
3917
4214
371
3112
12087
36606
1876
4641
2919
4971
2415
3856
3428
1030
254
4375
482
3836
4053
2830
430
2941
3613
3445
4874
3911
1018
4421
2455
1433
2388
1446
4695
3409
2645
4729
6890
3790
2495
4641
1495
3489
2501
2547
3380
4515
4579
4485
831
1825
3305
4297
2311
1014
4455
2827
3031
4187
1730
580
2756
48539
4247
1523
3054
4626
1787
485
38115
3983
1467
3237
774
1763
1152
2990
4771
24151
237
402
4287
1294
2776
4083
2367
2956
1859
48552
2599
733
1682
640
3518
1273
28
3440
230
1105
23291
508
2734
3509
4007
1919
2449
4981
1911
784
653
1883
1275
2633
288
2476
4829
4974
88
4445
2916
1603
4843
301
152
1044
588
1446
43420
2588
1631
1258
1361
4666
2304
3020
1936
3155
2608
3358
3503
2777
841
3878
495
3666
49
14
4739
4999
697
3050
4113
3384
1473
2328
4601
12
230
2280
4421
252
1483
11546
534
1780
6224
6
3062
2857
2710
1444
2939
3353
1521
4034
3010
180
4977
1450
2861
2820
3351
626
4071
2780
1592
2658
4303
4192
3875
877
2581
2962
4012
565
2488
4417
3231
3757
1298
3767
2752
1049
4490
5795
4081
41957
3152
4487
2005
2291
1617
20844
1225
2409
3660
2789
378
40964
199
3956
4208
4247
4755
40668
4805
2696
528
1350
3680
4566
1281
1819
1405
3807
3904
4565
3042
1662
877
2418
4832
3376
2147
949
11833
387
1377
3523
103
3686
2297
4255
1454
580
4329
3941
2200
4211
892
17054
1070
29486
3993
3876
622
6859
10092
1525
1323
4498
4543
274
4261
19689
2915
24738
34118
3306
2164
3600
3217
1146
1786
1366
4415
1960
2067
2879
3422
3085
155
4295
3968
1532
3540
4505
4615
768
4274
2805
949
1605
1549
45585
1694
2991
4802
800
3667
462
1349
3765
4255
7752
2977
3002
2453
4776
1895
2795
3946
2143
3635
4004
3089
5866
2361
4739
4744
1621
4577
489
1652
227
3855
2549
1969
3219
2498
784
3487
3525
396
732
4671
1108
1938
457
3554
3350
3572
3913
739
859
655
532
3661
1576
36797
4810
18249
2021
4894
4296
2722
1656
17
2586
246
939
970
1116
1427
187
211
501
1689
4478
598
4547
2776
4227
21168
2793
2634
646
3190
3060
3821
467
2875
1855
4526
709
22040
3654
4360
2755
3788
4707
3847
2395
11720
93
2306
3803
3650
2850
417
44340
166
609
1142
2765
3911
2471
4914
4655
1413
3600
4616
3255
4409
2300
3511
1093
422
30
3023
2896
33521
652
973
3405
813
331
1002
1634
1273
25571
3996
5205
4474
305
4926
26742
34078
3325
258
2977
878
136
2771
2513
14324
2038
3143
1109
2031
4589
2275
1341
3594
3022
42281
76
1629
1351
1198
4543
4611
3321
4506
3133
2889
1340
2474
2874
3161
10
2763
4337
397
268
2995
45967
2032
3197
371
42795
646
4088
3415
18383
3771
3089
3783
699
4604
14085
1272
4083
26
21238
2691
1105
1244
2009
2352
4798
1023
244
11110
1940
1912
156
1652
4846
4572
1238
518
2445
4311
4980
31
150
3964
2895
2357
3982
3993
3623
1711
711
3778
4699
3699
1812
4405
3818
1663
26768
1710
1326
3095
482
3603
1499
27
2168
3215
3506
1370
1697
2263
257
2201
4644
4960
4709
307
4041
924
2065
3680
2548
3912
4892
4850
3207
3779
47308
3284
666
4260
2034
4974
966
554
3372
521
4366
4733
2368
4713
3611
1746
276
925
1135
47988
703
5336
2819
4833
4852
4302
338
3164
4238
3493
3496
2020
3752
2644
4016
3490
3278
4708
2471
16110
4120
392
1085
664
2373
1409
4785
11
1042
4154
10933
41982
3402
77
83
4556
1719
4113
2047
2445
4884
3553
2328
2877
2196
2333
1080
2545
728
3647
3727
3359
31295
2525
49559
2406
31502
4574
4356
444
1133
835
3563
1741
3469
1325
4192
882
4628
2882
37907
2958
1198
4216
3474
274
3421
2181
4254
1761
1505
632
1127
627
30951
2822
8916
2975
481
30287
2516
3604
1371
1913
48
1650
453
4280
6643
1332
4921
860
4536
1356
4578
3299
2025
3477
26354
226
365
1871
1679
4329
40376
315
4939
2855
834
4198
1440
902
2101
4788
43008
2608
28910
718
532
617
1316
40340
4510
653
611
4960
630
2810
4076
1756
267
4515
3141
4738
4254
537
3790
27953
992
4567
2636
1339
4386
231
3613
2984
1268
4765
3987
31766
3523
547
3915
432
1259
2727
2818
1402
2798
1506
620
2585
1965
405
120
1110
1305
3739
3888
3039
1348
4458
2540
3559
156
3317
4668
1074
2240
2788
39126
1651
969
2542
2677
1631
4586
879
4005
33
14513
4089
23711
2872
4662
3758
22381
2017
1855
815
3449
13574
3979
2361
3612
208
31880
260
3764
2022
3967
27512
2429
3317
3504
196
1019
122
38
3695
4901
1002
2505
740
3595
71
885
4215
581
4073
2768
4178
2635
21337
2455
4968
3761
2129
3081
129
3053
47695
27945
2554
1865
2292
365
2928
4639
2766
677
745
3852
2713
2683
1779
2619
3475
1005
706
2869
2204
118
4393
2150
5459
533
1300
561
893
3391
2704
21698
770
3584
47282
34362
2065
1160
3037
1215
3248
2604
1236
2868
2436
34381
297
6428
3618
4977
792
2493
450
4469
17508
11233
3479
42760
44248
3012
4145
29815
124
3556
2375
2301
2420
29041
117
3250
2233
915
1713
4856
37852
4484
14297
658
4219
1460
2738
4314
3727
3209
34794
4206
900
2730
3469
4518
4663
472
3728
3448
725
660
1467
27145
3186
11543
3214
1550
2148
33242
4051
1449
2469
2026
824
2738
2692
1453
4215
3963
2013
2795
2234
45061
4767
29900
39885
3223
2983
1227
11633
1335
34
54
3288
398
4844
3044
2538
3566
14543
3172
3278
1067
2428
4989
1339
4521
4295
4702
4940
12889
972
4821
4382
2103
3830
3717
49392
352
278
4623
2418
888
1036
4485
4424
1543
3824
4985
48811
1995
2996
1239
3368
4819
1420
930
1386
2565
1036
1732
2
28488
48681
4439
3315
836
514
2495
4156
47527
1515
28570
2158
466
1551
1870
1398
3461
3693
2537
1540
1371
1220
4628
3554
829
351
938
39810
4535
3671
2163
4283
413
55
3707
4400
2972
2777
4018
2767
30674
3532
2494
4098
2741
804
27879
1336
1774
1220
1317
2713
582
3065
570
1362
3675
4874
1273
25109
936
4863
4173
46906
1204
4345
4855
3231
2301
2290
3474
3348
2419
4669
4857
600
3521
48799
1603
4404
2744
1796
1196
1041
3256
1969
6625
25764
4102
3441
12
47497
16424
3619
3612
2043
2467
2300
3802
266
48
21
2914
4762
1637
45029
3748
2777
1810
46656
8496
4564
2427
991
2879
3456
2936
3267
3016
3539
1074
2618
3022
1200
704
1802
2146
4646
19696
3590
18500
1191
2064
4267
4895
3043
44
41958
2005
2642
728
1647
1777
3134
4500
2043
3278
3588
34045
2668
2351
816
3418
3795
2339
4252
34724
3496
4061
2138
904
13844
2188
2310
2094
9218
10059
1268
2447
956
2446
4713
9394
3061
2195
4795
2004
3781
4422
4038
3371
2132
1560
4044
40323
4905
1101
723
1969
4215
1778
1280
549
514
13763
364
1373
3762
785
4235
1449
1020
2790
4451
3333
406
3933
3566
2182
2426
488
4016
1261
3426
48276
3688
1709
1469
841
38138
2505
1596
2131
3245
3139
2115
2508
2225
2124
3059
4674
2947
440
749
3985
757
2583
4986
3326
3057
928
128
519
956
19125
48312
1893
22295
1519
40193
1579
4080
1896
787
2362
7717
4819
2378
3893
2756
299
25995
1146
423
2012
21616
3426
2355
49292
28074
4011
24413
18909
13088
1038
2847
1546
4369
3453
141
3457
801
2782
2063
37575
39174
530
413
713
3743
979
1127
3824
4160
1196
3687
4397
4666
1393
2437
33906
2140
2473
20379
2785
2271
4517
1267
1751
25487
271
485
3231
538
1640
3333
1236
1630
172
3826
4468
4640
4558
692
2450
4437
19974
1234
3489
4373
4865
766
3650
42435
2051
36
1828
637
2801
1632
1419
2541
2730
2834
36312
731
4134
3903
3834
534
2117
3535
4529
4958
19
1708
4924
4621
3737
980
3768
97
2219
4339
2679
2270
2850
4780
957
39722
4017
4576
3875
547
3188
402
2870
3552
2967
4806
3696
4425
46944
4525
48251
1735
4961
1568
1826
291
3106
2597
36
21296
1072
2409
4661
3838
1364
1115
2170
1164
3420
4887
1784
4910
1222
3823
318
1589
2148
2931
3529
46885
48985
1527
4647
4341
959
3388
4986
3876
4099
1466
41325
3321
1179
4618
2726
1652
1257
2771
21430
1749
35136
459
2283
1107
3994
1861
2621
4210
4881
1441
3577
4847
1715
642
471
4794
21451
3422
2295
3366
4777
1851
3535
4686
194
3163
1
17248
5006
4198
2744
4282
3221
3338
2211
2125
268
4506
380
3394
37510
3635
686
568
40910
4323
94
2886
2138
2206
4366
39391
169
1197
4570
292
3787
1737
1383
3636
9940
3425
2482
13897
3123
1112
345
247
4456
611
2323
27
3641
274
1015
1003
4396
4664
2516
25779
4826
4566
2543
10
3767
1088
182
22991
1624
2342
1515
474
677
4924
1228
81
432
3330
149
2076
49707
767
4457
2654
4736
279
3129
2157
392
3402
1995
3057
4670
812
1654
1719
2630
11281
858
4608
1366
3750
472
214
3376
2331
3752
2616
1907
2459
608
1493
8289
863
1532
23650
24374
315
1631
2014
21214
836
3558
1056
42933
14927
4646
4993
3311
3094
4811
981
4485
1026
4581
1225
1338
629
2911
405
3123
4087
990
1205
2162
3251
2807
2373
906
2664
4753
2446
4352
800
43794
1861
2185
18406
3832
3637
18170
2723
4282
3567
4376
25
645
2443
1792
46865
3938
2159
2087
1871
36385
4708
9104
3554
1787
3479
2767
2567
2254
1761
1785
1279
2285
1814
3222
357
3132
2895
1177
245
22331
481
4769
4820
4608
444
3557
4075
1658
1176
1119
3869
3984
7200
205
2813
3371
35951
2641
3318
4486
2586
3470
4964
2480
3104
3817
1163
1179
321
3495
549
194
868
9984
488
4687
4071
3559
1009
2568
3647
2781
3652
3021
342
1444
40105
2100
4520
4117
1198
4409
4614
1096
2303
12476
3384
3041
3471
36709
2978
894
3306
1080
1274
2180
13158
3526
4264
4826
4429
1430
561
955
4044
13224
12142
590
3921
298
17312
2807
4472
1144
806
4774
2897
2332
3201
1386
3323
48006
188
430
4689
2296
4293
23397
2697
1853
920
787
595
24283
1124
3187
34146
2313
2756
1533
4346
2963
2758
4697
11764
4091
4308
2328
489
4052
4016
2744
516
101
46329
3373
4042
2852
6594
191
36840
4981
1073
3598
3931
4149
3627
29175
204
1004
330
44405
3618
1598
2427
2591
4709
26533
3320
2180
811
4804
1102
1539
993
6228
112
4215
1383
6042
4245
2262
4019
1442
3837
4594
2621
430
713
3391
855
42805
3875
2137
1160
4232
4380
2923
3107
7975
508
755
1410
2481
1489
2879
14596
24027
4
4554
3996
904
1319
4350
1692
2129
829
21584
2525
2767
2731
1000
3242
3985
4869
2194
337
30192
4900
1725
3052
4129
23986
31800
2017
25623
1929
1268
938
2604
4071
2311
1508
2434
508
382
2423
1391
2665
3006
26155
34717
18335
16817
4243
2917
185
1421
1198
4228
3614
498
3789
200
1100
2678
4533
14240
1359
1837
410
2223
4187
1297
3176
2523
2484
3819
1259
1142
259
1859
4989
2024
905
1422
1910
3448
4417
2943
4486
3211
1002
2486
33720
46416
753
3909
8800
564
3824
3121
21748
1345
4446
4081
1514
1986
2206
620
1539
1076
3977
2463
3950
2546
234
502
4883
3902
4990
1691
1554
4835
187
16754
3855
693
3340
3754
4740
4968
4166
92
48
1797
2477
2324
2182
4263
4935
2409
3462
4350
615
2337
2848
3571
3159
3900
38708
14172
1412
1765
2889
4286
3034
1354
548
2187
3626
22
487
1626
128
4110
4509
1038
3884
2206
33836
3714
24247
315
29846
1568
13
4538
1206
31571
2659
1094
3197
356
1291
2746
4128
1720
2506
4946
3184
1910
947
4372
4810
16545
3209
245
3026
4872
4692
3768
38795
1553
396
2065
1457
38432
251
4074
3585
16474
12916
4422
499
2879
3263
4519
4802
2965
2854
86
2132
2982
2537
3266
4501
2637
1101
1901
4752
3243
581
3800
1867
292
4286
1460
45796
245
2772
4271
119
1460
727
1495
1151
2060
2391
2644
2311
1294
3159
2369
4633
1498
2544
3362
3238
4274
3132
2759
1075
2256
3508
3952
251
847
4241
4138
617
1824
4572
4987
189
3916
925
41437
2088
4140
3158
2301
4191
3621
758
2388
26746
3019
4388
21821
31
3464
2893
1108
326
3488
549
1490
922
396
4365
875
2382
351
3165
3606
4998
1800
4364
2855
2137
12244
3142
2345
3960
3813
3020
23896
2675
517
11015
2609
3727
3386
21656
36058
1604
1153
1682
3833
157
3229
2806
1783
1052
3888
360
558
4868
14875
13
516
2098
508
3384
1755
2099
804
1619
3064
31219
3213
1000
482
2949
161
2787
4656
4869
2357
3238
2453
4874
3307
2109
3298
2716
18843
1007
2641
48844
2391
1281
3945
3705
1297
100
2166
3544
1101
19896
2923
2563
1328
2267
1559
41957
4399
573
1259
4106
642
35697
387
1792
1889
1277
4163
2703
3384
4669
2969
2907
2494
105
965
4353
3068
2328
4209
333
12885
2968
17279
4242
392
840
791
3868
4734
4688
2612
2494
5508
2360
1464
4714
1934
1973
1111
3341
39352
4609
958
209
3819
3716
3961
387
956
3281
49275
885
969
2848
2890
704
580
3741
4746
1455
2521
4954
4196
266
2207
2345
3437
3794
3341
3137
4595
3145
123
2119
1343
1066
2732
2226
2244
3914
149
4565
1111
492
3032
410
4470
47970
4407
4136
2676
32
1639
465
2942
1658
1691
2217
3770
2664
1526
4781
34838
2058
2324
985
4487
2045
3946
2711
3686
3298
3752
4188
1132
25452
2146
1982
1140
4210
4110
1886
1499
1561
2371
2684
911
129
38419
4927
2481
4346
113
4933
2683
3058
1412
3539
3915
3982
4692
4028
4624
3479
3014
2305
3340
2190
4566
1689
4859
192
4967
3640
4403
1306
3786
3487
4505
3511
1521
560
30852
535
3676
38422
2881
3439
4507
4336
3914
3736
4122
4612
2088
4626
3896
671
12568
1243
3808
1943
113
148
2371
3465
46996
2902
2695
1216
693
639
2225
4304
2822
72
2398
3647
2098
3490
3893
4708
1112
9
1156
672
3609
702
2873
2106
2658
1502
4781
2703
2607
14284
3761
2345
1803
1649
2709
4073
139
10825
235
260
16552
4879
4204
167
3637
4734
378
42023
1746
1282
3007
2469
1321
3408
4924
4592
899
8388
81
3694
717
3370
1605
140
3322
1086
284
715
286
798
921
4219
4248
2149
638
1697
47801
1078
24051
1179
3179
3645
4615
22192
1241
342
417
4741
863
1260
329
1292
1763
2565
3250
210
3470
1944
3885
2083
44779
3040
3109
3670
3943
1950
2056
3351
4586
4227
2274
1054
4544
2752
2391
3822
2841
2248
3659
4986
3143
229
163
1167
40266
460
2274
3558
2602
2622
2576
2375
3239
134
47950
4761
2185
8422
4734
3915
95
4250
4280
1745
4188
455
2301
2014
2939
1308
3295
1054
4816
4086
2666
41775
2732
1497
878
4659
1195
334
703
2979
1568
2698
4527
2869
1158
4289
452
4728
3472
2535
3605
2170
293
3605
4628
2448
4524
1262
1618
45272
4081
5079
1365
1321
4622
2610
68
2677
281
2457
3740
1922
1808
612
11638
2424
3089
1183
4651
2167
1450
2383
22008
14424
30121
2151
2351
494
77
4086
3244
2467
4000
748
46429
2675
3324
3447
2575
1376
3093
708
1266
2727
2761
1960
3455
4843
3676
2141
198
619
3372
3878
24421
931
541
2386
575
525
2204
4719
1720
4364
2216
39293
615
3658
1852
733
2289
2093
102
3107
4071
257
1031
4975
367
1811
3775
2993
3293
2352
1169
2368
3182
3478
3076
4863
21792
2377
3204
2836
3092
1615
3121
261
1564
2341
324
6180
1635
3182
3529
3042
19
21
4357
176
3971
49012
4655
2669
458
1857
3158
3180
469
1718
3074
469
1044
4915
29549
473
4405
959
40999
13704
4516
1274
2077
695
1529
1237
2549
3243
186
111
4138
867
3910
1114
135
2398
3266
4351
2321
35426
2325
3872
3867
2720
1733
17690
1517
2408
3396
2792
567
4383
3609
782
2900
203
4098
1539
4216
2508
3617
10484
57
1669
2706
3195
2370
33493
2249
4936
3468
33936
4978
2104
3306
2744
3771
1642
3178
3492
2058
3116
4742
1576
2336
3776
3347
1076
39763
29
20
3774
4853
1086
946
4077
6571
3611
1785
2064
730
870
33618
3083
910
9840
1820
2177
4609
4762
3699
1729
4286
3150
1823
2424
3824
25
2070
363
2483
3052
666
21373
3361
1968
1945
305
8107
21970
3795
1026
636
3560
3380
1280
4552
258
3473
37597
1099
4665
12728
3319
4104
2523
2033
4168
3726
245
4808
4070
4492
746
4169
2127
4923
1646
4341
662
3771
4890
3914
2000
2211
3011
2916
3672
2455
48912
14575
4020
4099
2022
1879
2730
21530
2218
3192
233
787
9426
46739
719
2618
459
3436
4042
2813
872
3585
1387
3917
48827
3628
1071
3152
49
2605
4451
220
2043
3917
4305
2347
3465
2333
4975
2298
31850
1522
4081
31367
4175
3305
15560
4018
1155
4855
4191
1490
2497
3645
3826
2809
4381
4823
4517
4148
4125
44809
404
2213
437
589
4781
160
582
1783
3747
3948
484
4978
3317
3468
1565
4931
1673
4117
3280
5304
330
63
4288
4998
2151
2381
3334
3876
102
4741
4285
924
3882
11
3546
2103
1279
2882
254
4779
1871
4693
1754
31672
25648
934
3755
1084
4076
3929
2964
26583
1504
3757
43178
4239
3358
3300
1548
3944
374
4777
1397
4485
4847
2831
3683
224
2462
1678
3755
3710
1056
3843
3586
3407
4844
2879
3006
4326
1512
3653
920
4741
2311
3135
2480
2731
2080
4330
494
2396
4484
37262
569
29
3806
12254
1081
802
10517
1397
2744
3262
220
1049
1058
1383
1942
2678
4132
10770
4581
825
4256
1116
3207
2214
3347
839
2254
40390
3293
2483
4152
4434
4477
667
349
4936
4698
14886
1177
4662
1708
2085
4696
3873
3974
1183
4808
683
157
285
1053
2538
4310
3190
4592
4461
844
2477
4102
2804
3237
2652
4492
3405
2941
3170
4577
3633
38903
4779
3953
4282
1845
40409
1552
4298
4882
2838
3126
4599
4289
827
1725
2437
1291
1455
2593
2239
2721
3361
12988
2015
1660
728
4737
433
97
5787
34853
4889
3814
798
3675
601
4523
616
2935
1734
219
2493
844
1548
3481
2537
31
4999
4906
2654
889
2665
708
2514
3141
2564
4906
1415
41
3793
887
31
1046
24272
677
4648
1060
4938
1239
521
3405
2591
1211
4170
1243
2178
3626
3432
25171
2381
4590
3866
3405
3310
3851
4117
393
2738
4653
4939
4835
4545
3333
4340
1516
4869
3073
4800
1610
30565
2903
1614
4397
3794
3907
3695
4448
4622
1212
4455
2700
3483
643
4496
876
8
948
2866
3914
1386
1454
1208
4557
4432
1820
2609
838
4359
10440
763
460
3641
4368
3842
3797
3216
2839
3762
271
2539
480
3481
2824
40161
217
30203
4734
763
28730
4716
161
635
2683
2049
941
4172
765
3669
2194
289
2818
3539
2510
4777
456
2399
2597
2632
2308
2104
3484
716
19367
2905
1202
6258
3524
2343
71
2889
1081
871
3618
4358
2875
4872
1597
19639
30319
2752
2701
2581
2281
2170
1816
4190
3286
3572
683
2649
3099
1457
4139
3872
1349
397
2711
4331
2380
206
3353
1198
4183
2403
747
2887
37150
4318
2374
36545
1619
714
35467
1433
4528
4080
1967
2349
3325
1559
90
2376
2914
2594
1092
901
3146
3921
3778
1236
3032
3561
2049
4513
858
1453
2942
985
2495
3784
810
354
559
4792
500
3425
28019
2329
1175
109
3257
38164
4580
4537
1661
4092
2342
986
3582
1005
3217
1381
2810
4058
2243
4410
11497
14902
4693
3249
4957
2987
1775
1296
4815
395
409
2078
1579
3527
55
1635
3271
2619
422
2114
23997
9879
3541
355
4564
3917
4278
141
4087
798
739
916
234
4718
4098
3444
1956
3067
2974
2679
2582
1834
3903
4718
3534
4172
40332
4534
4347
17389
4198
3875
2888
969
2191
32093
3848
4587
4467
816
1021
45644
947
1092
3262
684
2058
2520
4137
4308
39997
3951
3331
2415
1905
3746
1950
3357
2847
1893
3220
1324
9054
116
2056
3889
639
40086
42359
4611
2918
1382
2356
1906
1182
3797
2480
3572
73
116
56
10320
4752
909
1639
4082
2031
2944
3250
1763
613
773
3205
2941
2211
2802
2983
957
2630
3744
2470
2915
443
4792
784
345
2979
1165
51
37539
345
18510
2473
29506
66
1228
1065
15832
2838
1159
2371
3183
3338
4111
2380
3976
3637
12242
2557
4093
2916
1647
1100
240
1021
1790
41660
3394
4210
14503
4984
2667
2296
3458
3201
1389
3781
4462
2049
792
677
4818
734
3501
1931
1517
3450
3253
2262
196
171
972
12766
4802
2193
337
4798
4984
2987
2885
4544
27982
4847
4678
16390
4065
3860
2770
730
4933
3497
12071
377
254
3376
778
3290
3645
3644
3497
4380
2445
25407
3423
6831
649
1619
2735
26767
3031
712
4884
2669
4209
1444
4458
564
655
2738
131
4358
2701
3125
18351
1671
4637
3759
3589
365
1341
2497
321
2962
3613
650
4077
2602
2229
2214
168
155
3034
2671
3740
573
1352
803
982
1629
3032
13067
4011
3864
5000
2712
1152
1068
320
11636
2484
657
1909
3244
1249
680
1
3119
294
93
3450
30392
4390
2819
2250
3973
2366
2336
2594
1477
2443
1554
4111
3492
2759
17988
32056
4722
882
1479
1130
2723
2484
3592
2931
3023
1615
327
89
3513
3805
1114
3139
2297
4352
4219
3310
157
1050
34015
4935
1241
37474
52
3386
2305
473
3266
3427
45286
4309
2299
3755
280
2347
4977
23190
10606
4383
3677
1150
469
2204
1470
4698
1362
1666
1270
814
2258
1758
4683
8615
3981
1503
3607
4610
1995
3978
1345
48273
4373
2562
1002
4025
3841
3484
41144
1284
3721
4783
449
686
4786
3764
2196
3363
2457
310
4166
2987
2108
3972
1570
15586
3295
23923
4846
755
4392
22711
3981
58
1224
1698
3456
1292
3652
424
1692
4309
1702
964
1847
2107
3160
26848
2084
4272
3580
3668
2625
4106
2571
581
4782
24449
1707
2918
1220
2118
4805
419
24280
1258
18
1992
965
3852
3738
1970
4432
3008
2978
1089
1053
2751
933
2140
731
1464
719
520
9228
2161
636
1230
1360
2808
3998
1394
3943
3747
3230
3180
354
36163
4749
3789
4629
546
1560
4100
3077
29971
1474
3709
1027
605
4078
1389
4730
3348
2451
3800
34
1881
2485
4589
2862
4447
2402
17475
1060
1571
2153
4859
16431
4641
4474
2284
1894
4432
1254
1098
16164
4617
18
2875
1500
7789
1194
3063
2557
3463
2930
17219
3581
632
3133
48330
7811
1808
317
2958
909
4621
3672
752
32586
1251
4314
2052
4493
3261
1727
4583
689
2598
58
423
2210
1712
1521
3826
2090
925
957
3833
11
1477
981
762
3019
2644
3243
3623
2173
4418
673
3953
1395
4862
4649
3869
3359
4747
1595
4905
1783
778
3807
1272
15359
280
2318
4270
4573
2209
6
3907
539
2169
4000
18804
3958
3881
4221
2303
3615
2907
4380
417
1379
3726
2387
24711
1693
1642
3931
3514
3409
4599
3566
4110
15734
195
1278
4829
1917
1389
4097
3423
713
3154
3246
2509
37984
356
599
1172
2502
4033
14724
506
901
4580
48305
4650
855
573
2597
2518
4122
4307
8711
16092
1996
4806
248
4079
3645
2321
11540
2176
262
2153
3936
19095
22105
3454
47203
3644
4958
1735
2323
4712
767
4386
3810
4567
1049
890
1832
1043
3645
2573
640
1700
3650
598
158
1638
4669
1851
480
3112
4553
3615
1078
35600
4939
668
380
2797
124
208
858
2341
410
2067
4776
2574
1981
1268
4239
848
20281
1147
2734
4579
25590
1425
3770
1874
4248
37346
2831
1796
3515
3232
4031
1360
2676
41635
1937
3615
4670
3347
4402
2634
1213
2300
19983
571
1310
1155
2006
2746
2938
2862
1954
3113
1814
878
188
529
3592
4247
480
4361
125
4382
3401
2421
4471
3629
1130
4555
490
3769
2236
4046
4558
1271
3223
1859
3596
57
84
1255
4147
216
248
1229
4286
3877
1520
19053
930
725
2514
3722
835
4741
4310
7233
4003
24
4122
2120
38452
1884
2201
3799
1030
4890
1104
788
279
6318
3230
4773
3792
3111
3993
30053
172
2464
3949
584
1111
42397
309
2661
3118
4457
4986
49807
843
3302
558
8154
3140
4236
946
1262
105
4106
2422
24729
1571
11143
762
4190
3467
2001
4126
62
33557
3806
759
2329
3537
3188
4979
366
34660
38528
4418
1041
2567
3223
4641
2889
1236
1954
4464
3389
2534
3248
2595
778
4780
3125
4469
4465
26818
230
2235
4720
408
2889
3529
1668
695
21824
4333
3016
3538
1301
35890
3107
36452
346
47228
3323
113
3755
213
25949
1687
2229
157
1141
880
3162
500
3879
350
3544
3673
2141
3051
3827
1000
362
605
732
721
3734
393
18263
587
911
3424
1802
3661
499
4746
968
2481
3004
2086
2243
4815
39
25627
2974
1607
1607
4624
2017
835
1393
1274
3616
4746
44972
1940
4648
2651
3737
4353
1687
49792
3643
2244
2097
3806
3369
3937
1373
2314
2053
2882
2216
2230
1909
3466
2253
1068
214
1359
1385
2284
272
3410
11039
2759
4648
2778
162
1225
3383
807
41343
4288
3664
4909
641
1466
4795
2003
915
4251
1435
1069
2861
826
3002
2761
39923
3930
4346
2232
85
4409
477
832
3789
4802
2570
4109
9137
3232
2102
2656
3913
3114
4774
4113
130
4947
111
4332
3818
1269
3340
3061
548
2578
2728
3476
1701
2788
2139
801
4790
2666
2685
3183
2403
1517
2063
45735
15751
2287
590
106
4737
3538
4158
3447
4773
2042
422
820
2142
326
28925
1727
2650
3249
36938
30181
28916
4637
896
717
3153
1949
3735
509
1359
47637
3324
2909
1646
40
1108
46753
4504
3963
1715
4717
4393
4388
3870
3961
4889
4318
15656
3843
4622
2990
368
833
511
3658
231
1078
18200
2584
14954
4176
3567
1210
663
932
1711
4218
4445
3953
4643
3602
4611
4031
1357
2772
551
28347
3760
4988
1742
962
46848
3890
1030
4219
1267
3137
4350
504
3948
1330
3438
773
23665
3049
4158
4701
621
2412
25093
2340
2089
2637
292
23090
3282
42858
4162
3471
4724
2079
3123
3418
346
825
1079
4456
2311
4601
997
1548
2110
4218
3136
38392
2980
14509
4511
1386
1928
1550
2733
3451
2333
4450
11895
1192
2644
4254
1725
421
1230
2166
91
234
949
49363
1598
4895
27344
538
2911
3262
4201
1553
4492
4882
1765
1239
3118
2860
1865
609
1515
4883
3698
4113
2579
442
2790
4712
2190
94
1605
4582
2965
19943
2360
29016
1195
2786
3577
4995
3862
2332
2891
3374
1427
4695
3611
2141
15662
4653
1467
4619
9895
4046
3836
2520
4139
4201
1270
350
35263
2916
1673
3348
3635
3913
4237
361
35548
11986
3020
494
1435
546
1449
2827
2438
3249
1381
1819
3736
354
4475
3716
4725
4014
4506
1729
4576
4918
3023
4100
966
3816
3314
17460
834
400
1179
1421
558
1630
2599
1241
4957
3030
4949
3268
441
2648
1845
2164
2913
16550
4539
4133
4109
4863
1247
47225
839
4580
3107
4738
2454
1640
10829
3819
2573
416
3501
2840
2402
3964
4679
314
32988
18
2782
4386
635
10440
81
1556
4770
2162
3944
2762
1655
3212
1465
993
4708
518
3812
19481
31485
216
1467
47761
3668
2522
4908
3032
1069
1243
4163
862
3100
2767
3765
379
1354
3151
499
15109
4970
3537
160
151
1514
4399
2515
3817
2506
4778
2349
1317
313
3164
392
3205
2864
2426
1462
2309
4829
20841
4502
627
4052
1836
5314
36471
4157
2220
46747
2025
4751
755
2482
2803
2282
2100
4304
3681
4507
3011
4169
3571
4760
4314
2505
1200
4996
1288
32929
1511
4334
4540
4224
1972
295
384
1873
1250
1306
547
2069
952
364
18636
303
2204
25040
90
4951
1943
941
2851
1492
4232
1797
2463
3649
4468
12739
3392
1997
1328
4036
2708
43009
3910
2827
11202
3082
4201
4856
4261
1842
2500
1895
14704
3675
3274
378
19540
838
2105
1693
3435
4252
3925
674
4458
27176
59
4275
2770
46887
435
371
3873
31570
3656
3648
3408
2433
4233
4993
4548
743
2064
3844
4208
3548
1410
1350
4252
4581
55
4135
3955
818
2808
4558
332
2537
163
4465
1008
2573
2669
3646
1256
20987
1094
906
2043
1407
2791
4537
4576
4449
25812
1394
4167
3272
524
1898
3990
3940
38446
16247
518
3844
4534
2956
183
987
3867
887
4195
1480
2278
3484
18527
2408
47006
998
4825
1278
3720
364
7853
1711
148
4748
220
3934
3196
2536
4215
978
1232
27418
1779
4482
3402
1177
4563
4924
3211
1039
2338
4572
10705
2403
3950
50
1996
1471
3661
1559
2486
235
474
565
5857
18
4209
1581
1311
4901
4940
4494
2346
1155
4717
1121
3196
152
2420
691
1013
131
3722
7
11
12403
434
4783
2679
374
4091
8383
724
2001
2159
89
4477
5391
1557
2789
3252
1639
1001
1688
1232
3452
30120
3244
39918
2584
4814
2682
4577
37713
2427
1083
2479
554
2132
3389
4827
3338
4551
4891
922
4671
30182
29750
2689
2820
2107
2253
882
2365
1572
1385
225
2275
3589
4152
3437
906
2271
4567
3009
4896
224
4707
2775
4887
3469
2258
1470
1364
2666
1498
3500
3920
4306
1374
2777
3969
1986
29942
3641
4241
3385
4747
831
1006
4237
4935
3401
3755
4215
3944
85
1347
4058
3310
3502
1007
3707
2296
2959
2389
371
1870
4146
2935
614
1739
4281
1819
43549
39755
1386
4567
2692
1059
1321
4373
4318
1068
1372
1046
3815
3017
1470
2607
1976
926
712
1213
1773
4339
3998
4645
3315
799
605
41672
425
3595
2513
2062
4830
152
891
792
239
5000
4159
4915
1690
1794
16523
4179
762
3600
2677
2911
3720
1097
4155
4839
5851
9265
202
1369
138
4095
122
28358
1644
2914
16255
4894
2442
4583
1318
4407
3288
3389
1660
1364
4233
576
3741
77
2698
39702
2101
3450
3738
373
410
1403
4922
47156
3424
3741
37824
3975
257
4242
17492
4091
3364
24
89
4918
26127
1651
1449
4111
1359
4478
3856
294
4898
64
4158
1191
1892
4791
1665
3765
1719
1505
1844
4128
640
1330
2207
1438
1483
774
4838
3314
1242
4636
37653
2778
1084
2920
4272
3891
3844
4551
2759
3053
4087
534
3118
524
4314
964
1567
4029
4975
1699
45359
4707
654
263
3149
3131
1632
47108
3849
2180
2820
3887
4095
1500
3501
3588
1085
4304
2407
861
3929
3705
4024
402
3247
616
753
47602
3034
4364
21976
1780
4193
1415
624
1394
2131
1739
1386
1087
1338
1293
2963
3098
630
2532
2134
3801
4166
782
4932
884
219
3892
2047
3979
3242
2726
819
24422
1642
2451
4346
2857
189
1993
2711
25177
4741
3687
1310
4665
779
4402
2808
47675
19351
3875
1394
4018
4079
1554
2397
3346
3545
152
10337
187
2199
819
1278
3263
3904
4463
3353
3315
3996
954
100
570
1055
21638
798
2090
3687
3755
2768
3566
3758
1539
1155
3611
402
1154
4121
322
748
2071
310
3678
4917
4423
2889
389
4262
729
428
3840
4823
425
16227
3063
1373
4769
2980
3291
1839
4368
430
3248
2791
1717
3116
535
101
2683
3761
1181
3234
2885
4308
2856
4141
1107
2185
899
4718
27603
2575
474
2349
4797
1935
152
3362
2501
3441
2534
1313
4832
4664
3076
36649
590
2871
4609
3271
3793
316
2201
2125
4207
10830
2073
4633
2678
1786
1758
4324
341
4262
1309
4434
2357
2344
218
456
4457
306
11351
28706
3399
2540
2523
1700
3710
30200
2981
1108
4119
3702
2718
4454
2814
1248
1767
510
2109
2501
145
1292
4527
4144
1062
3746
3708
1523
581
4654
3359
194
31709
114
4547
2435
22402
849
3469
439
2763
35660
19845
2116
520
1353
231
1197
3186
3235
732
708
4023
1178
508
4934
35039
3270
2462
4165
3369
434
5598
2682
1894
1311
1199
945
2530
2749
4384
2717
41041
3254
1496
3767
3631
1670
95
4693
1675
3791
2035
33579
4673
4368
3387
3639
3841
1581
1973
2316
509
3612
2679
3430
440
4157
2534
4825
1484
4696
2159
4547
4245
3721
3254
3316
3364
492
4341
3953
4946
4318
2607
1416
4447
4828
3877
3431
3859
4954
1604
678
3665
2559
35717
633
3211
976
4984
3690
4740
1718
1057
2121
2748
128
4436
561
460
3398
3842
1549
2333
1226
681
2894
2949
1751
951
1928
4714
2795
2163
1890
2304
4313
1094
1538
4000
568
3092
1417
2853
562
3056
577
2228
648
761
2242
549
3081
2452
344
1577
4124
220
12288
462
48744
3879
983
835
1321
2132
49989
2303
32018
4218
4442
1264
2619
2177
2653
4075
46205
10281
2996
2538
6648
4261
1985
2918
1657
3296
1589
2741
3595
4884
2333
4474
4528
772
4719
1271
320
908
32462
49485
4553
1736
2854
3582
3160
2947
4612
3505
3934
2283
321
2578
2063
2759
4019
4803
1421
4675
3047
1032
3486
2716
1572
661
2121
2137
683
93
327
1463
3461
2043
2025
2444
2407
3196
2108
1625
266
4279
2719
4231
594
1782
3233
2963
9461
2143
4243
2643
4304
2596
1178
2307
3883
4075
1920
4253
3425
2344
1981
1716
1484
3882
2825
4062
3460
4397
261
4379
2880
3597
47866
3026
37372
2602
1840
3468
3561
3976
35
1240
570
16746
1202
42933
1670
853
1347
3379
2071
300
1981
2994
1668
3834
697
1173
37472
32213
669
2152
4315
4135
704
310
1953
811
1488
3956
4314
4369
348
497
2424
2851
4818
4002
1770
2833
2439
34475
1618
2997
748
345
4126
3161
990
32123
1328
1637
4793
79
3236
3081
2246
1663
45080
1225
3225
10
4888
3710
2811
2752
32060
28568
2820
2817
2068
1132
4583
2456
1268
1590
3814
1466
4715
1744
872
4406
4734
4103
681
2691
22631
507
3254
2853
840
2650
4027
238
511
1615
2077
4998
49692
1969
3353
3377
1703
1097
4716
2166
3444
4807
2298
4705
95
2142
2716
4722
4333
4308
4179
3719
1259
41785
20835
468
2647
345
2997
21
3747
1216
743
3070
1632
4757
362
2735
706
4195
1179
2895
4892
4210
2202
4001
3467
173
4111
1876
1159
3619
1562
3294
884
34749
3318
2198
1122
3260
2120
4795
4605
3949
3425
648
41
1245
3710
4961
1353
2172
4815
176
2286
3529
913
892
2163
4324
4169
4403
141
1602
312
3329
3308
1626
983
4117
3821
4200
238
4771
4900
1658
2266
4380
274
999
2058
4018
1675
1353
3463
3575
254
2486
3044
4265
3113
3120
246
1184
2534
791
4856
3796
199
3243
3335
10635
2925
1651
1703
3893
1797
3056
791
6084
2560
2129
1096
3550
584
3541
2198
4539
2532
2015
1310
4238
4153
91
1454
2270
1220
3521
36117
1991
4317
3398
4684
1899
2077
3763
2639
2105
3942
2910
4140
3516
81
171
1434
2325
416
2478
2534
949
2604
1819
4653
3592
24227
487
1495
3962
18784
4607
2
2795
3750
256
4082
2933
47949
3446
3601
24116
3435
2918
4674
2524
2330
25817
1561
538
4840
932
2664
188
1055
1094
4369
26812
2872
1652
3013
723
3519
769
4254
2471
3491
3646
774
1599
1089
4917
154
733
578
1530
4387
2988
1476
4127
1646
4109
3945
2246
4033
1737
30585
1424
2861
4387
321
3103
1440
226
4061
1368
3435
3711
4311
1037
2004
3540
31134
499
2910
2803
3719
4585
2020
1623
31092
4675
754
34954
534
2220
35699
4971
3124
688
884
1282
30771
3127
4606
3480
543
3296
3928
726
1813
34248
2564
788
2154
4217
3697
4354
2547
4714
6985
3456
4739
2417
4207
1786
3705
767
4649
4307
2154
2519
4402
492
71
1256
4901
1550
14160
3912
17455
3359
48003
3044
1337
748
1162
1028
4345
194
664
2582
1757
1231
2587
1725
948
3629
1998
2975
3101
4893
2221
664
44730
1536
1969
2532
3808
3176
901
35338
41635
2128
2753
3675
3469
3987
2987
41
4279
4016
501
334
246
3886
2433
4825
214
4784
1141
4335
599
2003
2260
36748
3577
19602
334
2304
1468
4477
4415
1284
2460
3965
3321
1167
3818
2286
406
4382
2574
49849
3275
1692
4640
1367
4395
4907
536
6166
263
3710
2439
3812
94
4877
1691
26430
14129
1351
4973
2387
1240
4826
1198
1674
4439
1574
3508
375
2197
1590
4474
646
4598
4755
10691
2916
3447
2083
833
4617
2497
1926
1760
4114
39534
2317
1391
4210
546
4191
2993
2748
47
3922
2363
11934
3119
1824
7
29537
22027
1444
104
4403
2976
3629
2658
149
4285
118
4122
29994
1821
48832
3695
4838
2777
13981
1153
4830
505
4808
4599
1407
3384
4842
98
1139
5922
4245
4306
989
2251
3194
4067
4160
227
4250
13532
1101
4379
902
4912
2317
2762
2769
964
67
2836
1382
3120
2621
3051
741
2020
2219
2130
2418
4910
2594
536
19268
249
2203
757
235
49566
2770
5287
3421
1323
2871
749
1798
799
4329
3992
4934
1230
3024
2409
2881
1902
3693
1978
3374
2756
2647
524
937
599
2986
3558
4406
4650
96
2376
3283
688
4435
2429
1554
2549
83
2028
192
3870
2404
22413
1193
2224
1690
2647
613
2036
28
32266
26067
205
3550
1041
130
1149
671
6785
6619
2794
3834
2133
3247
3497
1926
3107
4213
677
2518
1257
35631
1844
8276
4587
45901
1053
3975
4757
49247
2145
3552
1611
31239
35484
912
1920
390
3910
250
1712
2140
3975
1057
4569
638
4853
4201
3464
4983
34667
3599
4255
259
1843
22868
35814
1861
3110
1282
1744
1934
4348
2822
4767
4481
2152
4633
1160
2203
290
1000
2412
497
13896
1284
2077
2987
293
27974
1318
4463
2115
4262
1493
4917
3375
4774
961
4589
2269
2389
308
1492
1133
2362
3336
2899
1147
2414
702
24251
1067
1175
4813
1170
2738
868
299
23633
700
2198
944
541
1313
4096
2699
3454
3900
1320
3017
3790
1869
2075
14508
441
4595
4576
3151
1823
718
28248
2293
46090
1679
2293
25007
1771
4931
4269
28433
4589
3627
3787
35835
536
1510
2648
4855
618
1387
854
1075
1683
876
3198
780
815
23669
3280
330
496
397
511
4486
1902
2735
1218
19382
3375
2072
33049
10
4133
4306
1100
3945
4031
28483
4698
3487
854
3549
4427
1621
2277
1015
3860
3807
4989
4128
2645
1622
133
4694
32037
4536
4805
3597
33
1301
3605
2785
1191
1070
14848
4865
1252
899
13053
1529
26325
4965
1901
2480
4161
2008
3990
3635
13970
4260
2518
2208
4909
1712
9860
1237
3436
4107
2491
1769
36
4108
3716
3741
2532
3998
523
512
1010
4117
4796
1026
2040
430
4324
320
4548
15529
3784
238
2567
429
1161
3647
4072
950
4874
4122
3118
1720
4255
3337
2067
29350
4081
12985
1872
1575
4995
255
864
4706
4937
124
3399
4639
18
1417
4355
823
2384
1721
1377
3882
243
1430
4366
1636
3635
15734
5214
1867
4297
36792
3717
993
4423
15691
1789
3671
1840
4422
4222
2158
3233
3497
35622
3753
3388
394
295
2867
931
3498
49818
12491
747
1974
21305
36193
3496
4205
23366
4570
4852
1132
366
3014
4405
1004
3605
1321
1614
532
86
28591
4165
4574
1423
2840
734
2939
4192
1527
4320
549
3241
3255
3092
2954
3244
1726
3177
3492
482
2904
4661
1335
39745
1079
4126
2919
1027
393
18032
4513
4233
4408
19234
1175
3204
1293
3565
645
266
1192
1516
1893
28782
335
2751
3939
530
2901
3532
4185
4684
31258
4669
16608
467
19656
2071
262
1201
1923
3783
1072
3043
952
3051
2404
3719
4486
2532
20425
19754
3595
3343
2608
2018
591
818
949
20595
2917
1880
2371
1241
4202
4218
167
28775
42778
4726
3476
3517
1858
851
1800
2254
4304
2948
993
4544
4009
1028
4062
3501
2944
3778
3530
1779
1948
3703
2152
3774
895
1592
462
3783
3048
4154
1665
1750
97
4400
1718
3443
37042
1858
11948
2847
1996
4014
4031
3900
3300
442
2159
5847
4807
619
284
2160
2982
3974
1055
25472
1705
3135
2240
3995
4195
3695
4218
3780
4111
2620
4626
15256
3417
3009
1309
3968
4605
3403
2356
998
4799
4724
2122
796
1341
1604
36786
444
4923
2771
3550
4997
1036
1063
343
1742
705
558
3742
3380
2352
2947
935
2211
649
2873
4639
3310
4469
42974
3773
598
989
4295
2340
2147
369
4068
33320
2864
4994
26281
2929
2153
3230
3656
1560
20585
2386
3530
255
4698
4475
3412
2868
43401
3771
2933
2886
3889
1760
2815
434
2208
4895
20868
2191
3688
2381
3072
4210
3482
4595
1371
1552
4271
2522
825
4824
1021
1334
1291
37151
82
3591
4273
211
3872
2491
2777
4481
1449
2839
56
2978
4909
1014
2478
27384
329
4227
3367
24437
4310
2687
4113
1494
29536
2387
4094
4234
4240
2473
2015
1288
1079
1748
4812
4401
3744
4430
3659
2624
3784
4241
36972
3255
4966
3117
1997
1665
2640
4868
2608
4531
627
3624
633
3205
4989
4274
999
4841
682
2043
31538
1857
1252
1838
4059
296
386
4605
3008
2650
33617
812
1141
31486
44424
3429
1413
4967
4192
12633
431
3620
4604
27162
29850
1950
2515
2293
31282
2840
12326
3430
3097
340
2340
2388
150
13234
576
228
2514
3534
4039
4144
1267
2679
18210
11414
1303
2423
26994
65
4937
32
337
762
3926
1050
2823
2529
4985
2676
4825
252
3841
3395
2978
3904
3348
1152
3980
619
907
746
4116
4516
687
42967
1194
3329
43774
4765
3756
2475
1949
3758
3017
1609
4440
602
4835
36803
306
2694
4194
177
4927
4686
4127
2285
3333
21911
27659
3908
5745
677
3783
2822
32293
4593
3632
3655
1936
3621
1270
7
735
1449
3491
524
4467
277
3452
4620
3336
3309
990
3546
739
1601
4768
3627
1742
1663
4294
1054
1459
2675
3069
2931
2539
4850
3114
563
716
2877
2294
1356
28795
4409
36199
4602
3675
4659
2934
4752
4167
2047
1709
3484
4571
2784
333
4747
2508
48284
752
1967
4219
1118
13985
1563
1337
4859
1659
670
2986
4973
20755
1420
3988
4075
1996
1900
2716
3893
4444
12494
4195
1109
936
3343
4125
3944
3780
3788
912
4015
3281
491
4795
4746
3316
4709
486
3639
3090
496
4491
924
3521
3617
2245
2469
1402
2306
3237
3451
3875
3593
949
538
2313
1822
1925
4951
4453
3077
2023
2408
34360
2964
807
2382
985
45884
3974
31527
4706
12250
1227
7640
3600
1130
4240
723
456
4149
2451
2346
4533
703
1152
3069
3502
2134
3062
4972
69
1774
4488
3373
2078
17614
4473
4744
18043
4303
4241
357
1648
4612
1380
1124
1816
3679
2950
10378
1994
4077
4884
1388
3880
3636
2735
3547
4856
2946
1109
3166
3500
1679
163
286
695
4720
2440
1687
1680
31583
484
4115
430
840
3320
4833
3305
1969
389
917
4197
608
4901
4403
1407
4268
2127
4618
4463
1646
40037
105
34789
4808
86
3216
1771
22856
497
3455
17763
999
3890
3637
706
645
3296
1110
2651
3629
288
4735
3421
4411
2894
3599
934
1404
4124
3659
3316
2246
3620
1938
2628
3075
4105
2094
1324
1602
1085
3066
4548
14
1126
1231
1676
633
9701
3397
1099
1463
4910
1884
4541
2496
26
146
2411
4691
2891
4655
4207
1941
2251
846
3313
851
2975
2922
1690
4973
446
3143
2487
4380
4933
3891
2987
3124
3236
721
4834
4236
2513
4278
3824
1163
37346
2533
3766
804
4174
3011
273
459
1622
2760
2762
3293
31491
1294
2894
3988
4812
1306
3435
3148
2411
110
982
1048
232
3470
2296
2277
4473
446
4849
2554
985
402
401
604
1120
1237
4948
18
155
365
9618
4620
4484
2575
423
987
2545
4737
4969
50
2696
285
4097
2050
1385
4200
3306
4265
1133
3290
1260
669
92
1437
4402
2572
758
4575
3943
525
931
3684
5510
4102
4182
621
1144
47981
4366
3028
178
26077
3301
4656
2447
1724
1494
965
6115
4366
1073
43105
3151
2477
3922
1003
370
1627
1294
28703
3471
1101
3295
2865
452
4467
1207
4661
2256
666
6529
2136
3386
4702
3970
311
2611
3153
3799
3454
1501
4859
2031
2281
3892
2718
4152
3893
1736
2544
1836
3228
3991
1079
1067
41
4061
2736
1512
4272
4690
5082
2641
4031
40125
953
1386
4974
4380
2750
3751
3056
118
1990
3812
46571
1659
1961
2794
2708
1833
19783
3749
1930
133
2775
2307
79
1167
1215
1782
3978
1375
1112
2250
4364
3940
2394
1912
4462
5537
8073
4866
2368
9783
1214
1969
2649
2807
4316
1496
4122
1234
3528
4729
1763
662
763
12420
25006
32260
2919
2021
2620
49336
2366
618
1573
3952
2971
2852
1833
49661
1580
2598
10
4720
1133
39523
2215
3430
37001
40717
2339
4622
1646
204
9929
32180
1142
3947
4177
1365
3248
3802
3575
4315
1439
8804
4641
3118
1504
1723
22589
15214
1466
4442
845
3638
770
295
267
3682
4530
3816
45368
33910
4987
4080
1527
706
1612
2407
2471
1384
1024
837
2311
2091
2068
23361
26861
39
2065
4015
1949
39620
4786
460
12659
981
2939
2883
4155
528
3394
1383
26951
13890
2273
590
2358
4907
2881
2927
1006
3846
1021
3152
3061
2445
1700
553
646
1224
1920
31957
3594
837
644
4295
2610
2990
3640
180
1737
21085
1983
675
3113
145
3520
1873
23
3975
781
4496
2708
3401
4834
11093
942
4572
3824
4356
49639
1620
1074
3625
2568
4801
3048
21
1403
558
4219
727
3588
3599
16349
4135
4672
1951
49190
242
3495
4636
615
33556
126
4113
4312
288
301
4700
3677
19692
138
1359
666
4134
10856
1918
1390
2083
1165
1453
4496
897
4849
1243
2920
2121
2905
3719
1220
4663
34
2688
426
693
514
2452
4507
3145
4305
4234
2302
106
126
35727
3060
2217
2257
439
3920
995
636
4463
3905
57
336
3631
49825
1414
2689
2632
4275
1099
327
1145
1881
2467
3636
3322
2778
1945
1342
2154
1569
2373
64
1443
4593
1713
684
1250
1544
1669
39450
1202
248
4294
1597
569
1549
4795
1462
35410
2451
4993
4591
3602
1505
1447
2553
2994
2651
4157
2524
841
11474
2108
417
35375
1011
3516
1341
3226
133
2002
2326
14280
3719
3021
3130
845
3723
4218
15080
1497
4647
3196
2005
4959
223
4393
2485
3929
1819
3525
3961
3756
112
1942
759
1855
2467
3646
4697
4571
32361
2443
4793
2175
3965
970
570
1134
4638
1411
1865
3713
63
879
1368
4725
2590
4674
3750
1523
4899
1012
48147
3583
3663
4247
3007
32228
2490
9453
4296
2798
28019
2014
2738
4138
49119
3683
1985
1190
3847
923
2677
654
3019
1543
968
707
281
2479
2256
1671
119
2872
4541
3526
2582
3434
1379
3318
1902
482
482
1916
3138
4954
218
4600
2439
4305
1444
3431
654
4058
2866
330
3272
4
4389
4894
2434
2463
2832
21654
4600
2837
985
1146
2976
1234
2330
4094
827
4059
2215
247
2279
4058
728
49354
4750
830
2082
4116
4886
4329
3443
3651
626
227
3409
4719
44085
301
1675
3641
4448
1398
3572
39000
2354
3226
4124
2994
3139
4610
4538
661
1626
1947
1239
1637
4797
3760
321
26894
629
1097
3738
3477
2676
4920
4220
4791
37540
3161
2990
130
2940
3235
4025
1083
3914
2949
1097
4350
7640
3309
2445
466
4216
4976
912
4423
4381
2347
4208
36401
1809
4066
4461
3107
3008
1134
207
11316
4378
45033
3885
4073
3225
2779
3049
106
3345
1730
3243
2012
4690
2111
19
3480
11830
2919
3190
3777
3868
1002
4934
3589
2638
1822
1306
299
4912
492
1430
933
2696
39604
1806
1783
1290
558
44694
3309
1984
1226
2405
2786
2503
899
819
76
3508
4922
3417
3037
47610
1548
7684
2985
3244
4538
815
178
4545
1805
3647
49647
865
4758
58
4169
3785
2191
174
542
1744
16487
3266
4595
3690
4958
933
1018
11384
2188
3059
2389
2714
2039
4942
2287
45586
4912
3773
2355
1235
3479
2773
922
1940
41079
14830
3403
610
3870
1851
1354
4086
3341
3968
2570
26467
4163
4414
15312
2802
12065
2291
710
887
4164
2410
2576
2515
2160
9964
4309
1558
531
3492
3151
1301
1187
3285
318
2338
860
2178
3586
560
1582
1619
836
568
4495
3842
4653
13
2343
870
1263
1000
3001
3136
4840
2791
4916
4831
4208
4132
1626
4680
4809
2664
13780
3699
4671
3034
4518
1601
4893
1852
295
2613
1405
4552
1415
4076
48126
30359
1077
4179
4811
1069
1727
804
31897
3748
13800
369
3985
4848
103
3087
49994
4267
3809
2384
30398
744
3112
829
3319
239
21238
1121
945
2216
961
1039
1513
3134
22
3955
2834
61
2391
513
2773
3635
2256
4491
1312
780
11729
1536
1955
3563
760
4223
1288
2322
2956
2892
2923
4646
1146
4843
223
724
4755
41334
2616
35318
3888
3544
4109
3073
4764
4628
3665
4465
3422
4862
83
756
520
1727
1109
1118
4734
20298
1453
3020
4847
959
3674
4112
2751
3790
4077
255
40762
4314
1315
2942
3298
4397
1960
4589
2799
1457
1203
3262
1041
3684
3047
3482
31756
555
3093
737
672
3937
2162
1667
993
1218
3721
2667
1082
1324
1617
2292
4167
3589
3899
166
1758
3509
3709
2343
2074
3776
3381
3588
22624
2709
7558
601
3718
46425
2950
4283
16788
630
4829
3423
36390
2182
3261
1244
2438
1411
1326
4698
1474
4792
2256
3783
14261
3637
4822
2685
1414
3268
2695
560
2113
747
10393
2531
815
3778
1614
3985
391
20583
3222
26018
4815
2951
2662
1238
1156
413
4808
3238
3468
2187
734
4633
4460
3836
2350
4293
400
4699
4022
2583
3639
2971
4139
780
1594
4168
4154
1185
3998
11028
1048
4477
325
1299
44896
4896
196
4126
4425
1307
41860
130
2310
4527
2865
1478
4929
2636
3098
45098
49937
4994
3393
4631
347
2292
4898
3138
4665
4651
4373
62
2529
4884
3327
2812
2067
1634
2610
2464
15510
1444
31605
3190
924
3530
3583
814
3025
243
3336
15893
3697
47776
946
1323
2172
163
4632
1894
4820
3973
3775
388
3512
469
4991
4386
2824
536
540
2230
480
4581
2185
455
2436
1073
3409
4921
2196
442
4735
744
1409
2727
4190
1598
637
904
1100
1198
4907
1527
3712
3891
1860
1922
182
1813
3939
3987
2679
4953
4211
286
788
1114
17797
2519
2463
546
37315
1687
2447
3313
3666
4455
4205
2224
849
26324
1863
842
23049
1043
3860
3419
2015
3060
4516
869
3786
1932
3499
4003
2887
3814
510
3137
1083
4844
2458
1003
3695
4500
858
4106
4458
4933
2609
27611
4559
815
4501
3617
1251
2514
890
2894
2884
981
727
1655
2946
1646
2805
2380
685
2590
3655
4210
3088
1163
3066
2045
2394
2153
259
787
33417
3708
828
45619
3749
3723
2847
2924
4590
162
35436
2528
585
96
14370
71
2288
1262
4355
17751
2785
3256
3538
2378
2880
2922
1523
4552
4731
4955
343
2777
632
7451
2873
1021
1329
1761
3313
1292
2497
1119
38838
3778
4376
1826
213
1552
4387
1786
3633
565
3180
1145
4954
3898
4656
2838
4488
3493
2449
1906
2685
2840
4684
3407
2862
1638
3370
3500
850
2432
1500
3342
728
3649
1293
823
2308
4436
430
897
4891
509
822
4407
1500
3435
3909
3239
1244
2516
2025
297
2474
4948
1306
3958
28856
439
4094
327
3733
4112
4665
4198
756
3142
347
881
3494
3918
1587
3514
3222
1350
2128
4722
1543
3505
837
4400
1634
4809
3099
7844
4811
1099
4540
1876
3266
3684
4626
4510
2342
11664
1178
3162
4454
4859
40015
4857
4344
4489
4707
2398
4808
4186
2716
2821
526
4271
2088
2002
2038
3468
2860
3956
4280
2382
360
3602
1627
2585
695
484
1215
1066
2102
1162
13836
2821
839
126
1796
601
2929
3180
4629
3579
3946
2493
482
1407
3888
4422
2900
3308
3669
957
796
657
847
3102
17081
1603
15160
3400
4371
1402
3822
11527
970
3266
3636
850
2192
399
905
67
14705
4353
2206
3971
1165
1268
3642
1370
4611
689
617
949
2403
844
3067
3574
3292
35884
2718
42977
38906
3925
2176
4654
3089
1880
4722
947
1905
2901
4635
2521
2672
2737
20886
2087
1092
3675
1195
2369
2975
4246
44321
3026
3067
3614
2687
660
1911
4411
1745
4865
2085
956
3646
3219
48405
3404
4368
2616
3300
9573
4186
1453
3639
4060
3028
4783
874
155
1191
3840
1556
980
3074
4486
3030
4607
1734
41952
2678
4522
201
1652
194
3766
3661
3927
4557
2523
32587
1461
520
1396
4092
236
2961
3859
2007
841
1499
3160
3055
184
2165
91
4956
3002
1283
926
2743
29866
3125
236
496
2160
194
4061
1460
2486
17039
1307
3317
2437
4500
2769
1724
3397
2416
3108
4798
2566
3653
4985
1640
1090
15742
135
1028
4849
1613
1813
4609
4795
4176
21720
2720
672
2596
1714
3288
3128
1389
3159
4055
3998
4990
1130
21887
4160
1904
3882
497
1100
1894
2890
1396
1208
3639
3721
1194
2121
3179
2157
4835
4145
1125
3859
4450
1301
2901
40698
171
4764
2389
2570
3100
4553
1046
515
46027
4188
3340
4368
406
2648
4763
1805
3282
2222
2771
248
25680
3275
3447
247
42771
1732
1849
3817
3695
1339
3980
590
3566
14917
347
1532
4085
352
625
1734
3419
4910
3812
28485
518
623
4152
2140
25947
3259
23937
20680
4926
1835
13096
3055
4681
4271
3420
1616
2177
3690
619
2650
850
2351
3426
3381
278
318
8623
4090
3544
15094
742
4276
423
2138
1177
646
712
1179
854
4825
42044
3617
852
220
2267
3110
4128
1489
605
4133
4261
210
267
4952
2349
4407
4313
26849
2421
1336
4029
3755
4990
4519
698
4095
2474
2756
35416
2677
22341
1404
4256
1749
2494
30519
4993
1533
44679
1316
3955
4928
2900
2739
3173
2616
17954
4728
667
3712
2765
1926
637
27776
1991
4873
3237
2927
46022
37521
3281
4630
2521
3516
914
2917
1276
2495
163
2727
3754
1250
46195
1314
2052
20747
4459
3415
3109
2734
628
1236
4349
2773
3915
723
47971
2667
2376
2302
24631
2741
4105
4887
3793
45877
4237
3258
4713
4496
43
483
4100
4619
2973
2150
3147
1361
16826
1769
1100
1399
3012
2940
2841
735
3570
3214
1456
4416
2922
1951
417
430
3245
2584
2910
622
2853
4110
21167
3336
280
3439
4615
36871
1034
24009
138
322
334
2033
2560
26121
1416
2439
526
1661
2105
976
2080
2739
3193
2787
2186
16254
3691
28348
2263
503
3365
3846
333
4556
7235
1059
4705
4333
4667
3093
2413
2282
4771
2487
793
611
1190
1043
762
1781
2380
4788
1884
343
895
2150
3182
2277
850
1917
3751
2931
1036
3908
4373
560
4889
2271
3350
2883
3164
3337
685
319
1151
2871
3643
1515
2702
1983
3359
72
4908
47914
292
171
539
186
4513
3483
1823
38606
2086
1157
656
2123
815
33415
3054
1980
3828
4465
3260
4567
4846
4627
1037
130
3546
1814
2887
4822
1949
24861
2228
35020
704
1740
1193
2992
24
4876
1170
51
4113
1498
3783
3001
2268
2049
1882
3684
267
3326
3341
2545
4222
992
2803
677
45647
3962
4130
4380
4504
1348
3868
1468
2066
3012
1365
779
33831
3916
1529
2399
31132
2
433
870
2494
3929
16028
2969
3406
4073
4
3570
3139
1068
4078
3737
975
4829
865
2371
3128
274
3046
4961
45829
328
40979
4234
4348
1075
2530
1076
3622
3591
3716
2944
3593
1991
484
953
548
399
8051
981
1151
3611
3498
3124
3905
27001
4348
177
2738
2384
1002
34480
2570
4573
964
3437
4883
3532
4020
736
3872
2877
1702
1383
187
2408
4992
19860
1191
1706
4947
449
859
2096
4041
2113
677
4939
1846
38872
16171
3904
1988
4575
716
188
58
137
71
1731
219
30945
42101
955
2483
1487
4781
2502
794
4860
1160
16518
1343
1115
4203
290
1292
4267
4599
1923
2709
507
3725
1498
2115
4269
1407
3213
3538
26296
3820
4660
41742
2706
1294
9524
45350
2423
1937
1116
2712
2945
1231
1411
4963
1190
541
427
989
3358
1422
546
2849
2680
4815
4523
23138
4008
4171
4692
3425
4901
3389
768
4020
1543
350
7987
1634
4820
107
1772
1605
4390
2082
2222
2461
4203
4463
174
330
993
3772
4937
3377
386
1920
2643
4005
4150
4208
4178
4764
1495
676
1835
1084
1042
31904
686
3564
3775
4470
1366
5954
23557
3281
1029
1008
26832
106
387
458
1287
1139
126
16640
4743
329
1648
503
3426
3594
1096
2693
4907
7289
1832
171
4980
4801
4970
2901
4701
2056
523
4892
1700
3678
1502
1657
20620
1562
134
2077
3697
3372
247
48819
1823
2259
2919
1199
43404
1717
2895
1331
2645
2039
9651
1320
1957
3741
2771
1684
1404
12232
1832
658
912
1935
1518
3929
2408
1881
4510
3432
4218
3915
23588
961
2264
4825
2193
4957
406
4636
2595
3295
1573
1989
2932
4360
1124
2979
1909
307
31075
4826
3494
1414
1986
94
2248
634
8089
89
686
4397
4341
2007
521
3715
1146
4112
3511
4671
1190
1509
4067
1204
3033
4524
4183
2758
643
4592
2354
3144
3374
28
1361
1996
1768
2809
4289
27424
7
3828
3742
6020
847
336
3343
2646
2994
47294
3673
561
489
1828
2538
2944
1516
1366
547
3423
26582
2751
1266
12
3819
1463
1413
1280
4257
2445
305
1303
4455
4382
1608
1215
348
2750
40567
1509
4775
1857
4407
10888
44045
2266
693
21
548
1509
1356
272
1566
1320
4201
954
1821
4989
3238
1641
7642
29
920
142
3804
2721
3805
1698
1168
2976
2301
258
2611
432
95
4324
1244
4054
2102
21686
3406
727
27899
29434
2004
29909
4497
31177
35280
543
3148
38306
2035
3258
4585
1736
1769
3594
1906
3588
31783
2120
1315
617
255
29502
2719
425
1298
1013
471
3104
2016
2197
4291
593
71
3988
2089
4627
4287
3436
3332
1073
4830
12003
1901
4523
2634
1311
3445
4282
2910
670
1892
4539
35616
2481
525
4157
2248
14023
1206
1562
4583
2277
2203
459
3077
4796
406
4774
4860
2690
1087
43905
274
2756
2887
2899
1749
4465
1121
3833
2543
3463
474
118
132
1346
1965
536
2796
4321
2455
4978
3310
510
549
3983
3145
27441
2362
4121
1897
3549
3726
1591
4052
1460
614
323
8261
4567
3532
1713
888
3846
1424
3779
1748
4707
977
3979
4105
4813
19602
4885
3522
325
2047
4867
1541
724
900
3369
3295
1723
2150
1178
4861
570
567
4918
3284
2520
4324
955
375
69
2834
476
2979
1860
1345
873
1193
730
2255
3474
3688
4692
4693
17039
4678
2243
915
788
909
1444
652
1087
1903
12143
4109
2829
1358
629
2068
3007
4776
4864
4233
2855
716
554
685
2882
34063
3617
2807
3115
165
4902
2006
1846
3302
28919
902
4000
3902
3872
2711
31
4637
3310
2533
2626
263
1746
4702
1574
4510
3902
4309
4117
24
4533
717
1866
1433
3012
4515
1906
4927
3546
3840
26030
175
2182
20963
4500
2972
4164
3101
1456
2495
4834
26384
4743
2406
688
2336
3648
4091
2420
2925
3906
4546
1346
48996
1971
1320
3808
1401
3910
4792
617
19086
1030
1718
42593
2441
2002
1742
4972
4643
1044
3463
4690
549
4519
4075
4264
3005
3067
1893
1866
3129
1910
4600
454
3101
1746
3310
43813
1093
255
3409
642
3558
3435
3280
1005
435
1460
2932
762
15821
1922
3924
3771
3969
2696
9008
4409
24892
223
4390
2664
358
4019
1079
3141
5000
4403
3503
3041
4927
898
2541
4431
2187
129
1510
60
15942
2556
4013
863
1101
26231
4115
18644
35008
1987
4170
301
4988
3592
4147
1574
48366
1685
305
44964
41329
3468
7747
91
532
2859
4653
3850
3668
2503
3059
4119
1186
259
27343
2879
3226
654
4484
285
2682
1888
3659
4128
716
3667
690
3777
1736
1846
3703
37765
3830
1417
2155
965
1744
2934
2603
727
1628
4532
3874
677
1435
373
2086
1793
2995
1603
478
2054
2391
2131
1212
2366
403
331
1852
2862
2753
4999
4645
888
3188
4140
2087
4472
2868
742
4976
1949
4213
4104
3967
712
3300
2611
1627
1312
1906
3450
1604
4421
751
1267
849
1093
225
2046
40766
1079
227
2980
3813
158
3583
19966
384
4185
4506
4543
2896
1724
1362
2437
155
2035
3721
877
131
4916
4029
277
253
4481
1664
4060
4880
1713
2334
4025
3548
3677
3588
227
2518
4557
2509
2157
4296
4624
417
3817
3503
3197
22252
46751
2598
5818
3727
1841
1894
79
4039
3633
3205
1458
2095
4334
2564
27151
2905
1507
4384
29
4293
3968
2578
1295
2090
13449
3066
25763
705
29769
3310
637
1898
4266
31013
2910
3764
223
4390
1114
572
4419
4176
1925
4496
1237
2590
43970
3443
4228
2552
3293
613
3292
364
4526
1120
1051
1730
31056
44119
3437
1480
2233
18445
43
4308
4799
1315
3378
4029
4052
3633
2425
3793
1472
1624
2154
2647
2164
1008
2710
4999
3967
3969
42787
4248
912
1145
3879
180
1520
2448
4596
1685
435
301
3936
983
28083
45744
3810
2755
1584
4994
1302
4253
33961
31708
1608
2087
2933
3392
39158
858
44471
121
4551
3749
21243
3903
4099
4347
4360
4195
3729
1608
3235
4310
284
19773
1157
17850
684
952
34714
2607
20
2462
1813
919
117
3361
8343
40794
1700
3016
548
4399
2937
3216
860
20122
2579
2729
3648
1083
1709
4129
1709
136
2166
2216
132
4375
1183
3409
4419
1474
2030
4841
4976
2200
2068
4980
36343
2302
3014
3368
1158
4449
724
4731
420
150
100
15295
2295
4446
4466
4819
197
550
2983
4466
1338
2492
4605
4372
2478
2509
1759
9362
2384
1177
1421
3013
95
732
4647
478
1860
3008
1403
990
3763
3520
36846
3342
4586
4420
41950
4505
2157
2584
2704
4529
24426
3494
3311
399
18330
36142
3353
3455
1405
1299
3754
4807
4295
3490
4815
34308
3120
2191
1256
2719
2655
30431
2091
2153
17592
2810
3204
23757
1295
2898
4749
3269
318
898
3080
40616
991
3884
4015
1813
1851
493
2287
4383
4984
1543
703
2382
3386
42765
6072
2462
275
1809
1493
1887
3599
1288
2207
1806
4657
3648
773
3179
4550
1333
20102
4374
16197
3166
43702
1237
397
771
4631
1549
4592
761
4642
3000
994
2372
2507
2521
4744
17462
4807
1022
3894
2759
45548
36953
3824
48409
1490
2637
4765
136
1009
3109
964
953
1205
4300
3616
35059
2938
1575
1834
4390
511
4890
3930
869
1571
3535
1514
3510
2612
1160
1420
1192
4045
430
4400
11
571
1195
851
5151
9256
2987
426
405
4680
2205
4719
2114
2218
3959
4789
3008
3362
877
4815
28627
1090
497
955
2927
2356
2813
2535
2573
1829
2845
4877
1482
2964
4088
979
1030
2388
2929
4109
638
2148
912
1984
572
2621
4126
105
402
2699
44919
3078
1614
1243
1303
2238
4996
1321
2607
2416
221
1869
784
4053
2682
2469
44511
4921
1470
1734
4841
4831
3093
573
2079
782
3350
7
111
2169
2494
3681
755
1920
737
725
1500
816
31638
3960
2203
4072
3885
5858
13108
3209
2548
4352
2116
833
2276
4727
1502
83
30279
1604
4447
285
3100
2091
278
2758
775
4628
4348
2555
875
2257
3459
1734
4522
1718
1861
3150
4041
4647
39874
4804
26151
4477
4370
3316
45
4062
100
2296
4142
2442
2094
3803
30842
1093
3546
41094
2519
2975
19146
3575
1437
3051
3278
199
3901
1778
4570
597
899
359
4709
1590
2341
3763
2609
3455
2950
1171
1591
950
3674
3852
3807
3775
1607
1554
2020
3896
3318
3957
21562
1861
3368
3098
1218
3165
992
219
2272
1792
3115
4566
3976
2853
1479
36035
1972
329
2910
786
3376
4714
4033
3300
2454
966
702
43966
2282
18576
120
1325
3515
4243
3938
4610
3954
2514
392
2867
24831
16844
4804
37453
3441
962
3379
4506
2617
735
252
3805
41673
2274
2756
4756
4088
31060
137
1667
1614
2422
2477
16092
24795
1601
1207
3085
25886
727
1955
3454
1532
994
512
1892
4612
1461
4991
4906
3918
385
1280
2274
1705
2725
4415
3411
12053
4965
1859
1184
4883
1055
49424
4586
2428
4818
2061
4166
802
46527
4228
9749
4315
1893
2820
4906
4768
383
718
919
726
3682
2262
35058
1084
1183
1135
4950
20560
2064
2943
630
2098
20778
396
1089
344
3177
1985
2090
3318
4165
398
159
2203
1929
2734
2864
4551
2708
625
699
2144
905
1190
591
3911
3301
24667
1294
1779
3240
2178
152
4858
2375
4760
4211
2085
2346
1947
3529
1770
1181
982
4554
4971
4306
3124
5671
2599
2695
1775
4583
3434
1304
212
41571
3460
2070
3112
3803
4836
2297
2248
4704
4486
2062
4764
26089
4272
1858
1585
2407
596
994
39111
952
1361
2802
3839
34444
3309
4492
962
2458
1233
1299
41225
709
2104
2315
4492
2406
4709
4487
4098
4893
3926
46867
4434
1911
40
526
3547
584
2560
2159
3531
4860
4915
1390
45574
1277
3950
582
1764
2969
3526
332
3376
1311
1417
4774
2614
3385
4335
126
1320
154
32814
866
2777
34720
1285
2237
642
2778
2862
3414
2629
1199
1572
2799
2933
3734
2359
2282
30
1274
2724
3478
2175
4782
2026
2762
880
1984
43
16567
1076
22634
4744
1537
3269
3367
2936
4378
4724
3000
3540
40937
19910
1688
8902
1728
2150
2588
4699
137
3140
4076
1859
2141
3090
275
3003
4733
4234
4012
1774
1888
3487
3917
323
1118
302
970
2199
1821
4054
2566
7083
22114
4038
4623
787
1372
3629
554
1932
4462
2507
1888
3554
3373
4189
43981
4890
1096
4939
2526
534
1359
3326
10115
1594
3907
4617
4261
516
2529
1479
4688
1993
53
3038
919
40218
4333
4679
3495
2189
48
4230
1154
521
2972
2341
3492
4361
1132
4275
146
3789
1585
72
1269
2548
1155
32535
2616
10345
28042
3879
3689
173
2349
8966
56
3394
2149
422
4144
4677
619
21598
2754
4422
511
4362
4429
4178
3530
2804
3263
4501
4650
693
834
4494
1514
654
419
110
3698
3349
3146
1308
4612
1965
920
179
133
4637
2376
140
4443
1624
262
3234
2202
25980
4138
656
4913
4383
3521
1031
37408
4928
4019
2360
4818
640
2160
1627
224
1943
861
45988
4503
1309
1798
2361
1081
2509
4595
6189
32012
2712
1661
192
462
599
1789
47883
1345
4539
1297
3874
40016
895
3567
1806
43146
4205
2098
3656
4773
4137
2254
637
1764
4083
1442
1675
304
3468
1416
1684
2404
1940
829
1260
481
4311
1171
2936
3148
3407
4333
1750
1858
976
4903
38226
252
41810
3339
2046
4591
46668
3926
3768
4298
2834
1853
3153
13419
3255
260
1215
69
3561
4570
16054
2866
980
938
39
3142
1983
217
1675
764
717
6443
44879
896
36512
2903
3417
2452
615
720
1154
4934
1058
342
4347
2121
3797
7438
1908
2287
4651
2466
1043
4972
4443
20
4686
2959
3383
3437
2190
18820
4255
2463
126
1588
4002
1372
1970
2463
3879
3805
2581
2862
366
1062
271
1550
4708
792
1064
494
4239
2394
3759
2095
564
2625
25915
2213
4311
27240
2314
2774
3564
4999
12976
2621
2654
2471
4663
403
2991
230
2353
4309
156
3464
4690
4398
37083
2344
4695
4944
2307
2521
2117
3318
2495
4941
4362
4417
45
834
3930
23435
1468
4586
988
864
3657
2342
905
2053
4639
4458
371
4769
803
1066
1446
2163
713
4879
4756
1089
344
873
3903
3838
2060
2093
16055
2337
2764
2370
4891
2578
1412
1618
3796
4398
4462
3150
1929
523
4633
22031
1816
2509
3000
663
39086
3142
2253
2436
16321
931
503
811
3940
2490
4901
988
1222
3150
2697
3719
1812
1332
1020
3313
2089
339
39643
3556
655
1002
4358
3669
2424
2294
3401
1550
3208
3830
1619
1568
3799
2880
711
3311
4078
4716
28269
3996
7617
2760
2325
642
2868
3448
726
40377
1374
119
29404
2095
335
27044
3542
1988
2931
2638
2099
2318
3200
696
2312
7435
1942
4600
1378
2419
465
1213
3658
192
1848
1976
2751
4919
3333
2194
3396
3659
3288
3324
1474
236
4280
1219
3877
4390
3721
2148
2670
1399
3144
2835
39121
2298
362
3875
1609
1746
612
2170
3094
1096
2660
3860
4839
28718
3588
1063
4524
2197
3447
3177
3075
4701
3441
3651
13
1166
4075
2761
2835
3879
4247
3768
2874
4079
2670
2756
3093
34905
1501
2318
2365
3664
27902
1646
2705
3274
4629
3861
2153
2588
1852
1380
243
3458
2166
1852
3401
4628
1715
3239
1495
1595
36
1357
4276
1930
3681
204
4415
2547
3674
2221
10709
16741
366
3874
1765
4281
800
1279
1797
4768
1612
4905
46114
2756
1252
370
3466
465
2947
4015
1150
3937
2331
3233
999
3052
387
1661
541
2311
4966
820
11921
3346
1253
776
199
1608
1189
779
4067
1022
2434
3176
4643
4254
3421
3108
42633
3505
3395
1189
4317
2302
1045
168
1903
46598
2742
11826
436
17442
4944
358
3094
4028
3412
4780
3013
4203
871
4498
4885
1268
26269
4755
4490
3837
2190
2387
2090
1343
4950
2845
452
4027
3868
2300
2368
589
4782
3837
1869
3123
1452
2367
4866
2271
4285
1980
45933
911
3439
4249
1735
1591
1104
4576
1744
2964
4487
4919
1016
746
615
964
3835
2466
2818
842
622
1495
3210
20020
653
4073
3526
4835
4564
7978
1955
2592
691
4764
831
3537
4029
305
3620
1048
2228
1955
3632
3579
2812
4229
1754
3049
1355
4760
596
392
4845
4257
1345
4273
2826
1111
4940
4306
3904
3477
23832
1741
23618
7873
3912
4515
4920
4087
416
6896
2691
3186
4627
594
2668
4780
3680
3259
1998
2133
1068
4430
1362
2726
1589
3266
1498
2404
72
3460
3787
3767
2867
4209
1387
3347
4920
1636
3345
7
2110
2658
3896
4290
2654
1930
1854
375
2587
2940
3076
3397
888
3027
2240
4987
4930
15093
3259
3015
3468
368
878
2943
530
7271
4369
719
3133
1144
386
1282
1555
4822
2068
3619
259
6602
3728
94
2365
3703
1711
10659
1742
3189
4273
4061
4740
2822
1850
4950
3905
483
2308
1189
2859
3462
865
4331
2211
2687
2820
625
2755
614
4994
155
840
253
2620
4782
2920
4598
534
999
689
3652
4371
32789
1054
4454
3624
1008
29719
10090
968
272
399
2270
2588
3421
2282
1805
2029
1203
3637
42760
252
1261
385
4673
1829
42028
3329
1050
2818
591
4900
3725
4811
4635
1900
3734
3890
3505
4996
2858
2562
1991
2698
1292
45480
697
3183
2927
3956
2589
4102
3086
8902
4443
1677
6691
3305
3849
2132
1340
792
1085
2833
3010
3590
759
13351
1791
1266
3234
2959
1761
30634
109
30820
4291
65
4084
620
3842
180
3274
2597
24
1149
1951
3715
40269
3294
28997
4716
39973
3492
29712
2871
166
29605
1941
4342
4549
2913
4923
500
2158
2075
711
1014
4410
982
2278
2941
4400
2202
29749
3777
463
1100
2855
1056
4230
4330
2545
1063
2961
1181
4400
3718
151
4407
4856
1179
3209
3889
3505
1280
102
1028
1129
32873
1980
22605
21049
4523
2866
4700
4154
2357
32300
2220
43110
1553
1424
2605
4829
4703
3624
2139
2189
3064
3023
4749
2312
40106
1596
44015
1500
3995
2425
1311
4798
530
48671
2594
2798
2987
1931
2949
1311
3242
9152
3272
3180
4974
1867
540
1581
3913
1582
49
1325
775
1832
885
982
4369
3479
2293
17158
2496
3216
3007
2775
3083
2046
982
10194
1387
4408
1343
12060
3783
508
745
1709
54
15440
809
3642
1599
626
3014
4214
702
3561
1770
876
2548
9088
126
3416
261
2090
3735
5069
4169
2543
3950
2257
1103
3796
3196
2387
464
2919
1385
4318
368
797
3814
3589
3250
3007
35805
4479
590
46263
35
4819
7394
3347
2458
209
4337
4464
22058
1783
1133
3608
4350
6701
4901
9703
4817
3420
1411
33560
2112
2409
3976
4290
1433
3869
1297
2128
3359
2044
2250
206
2894
847
3265
2366
3788
2363
3346
4248
478
691
4301
4785
225
3101
4845
4876
738
4671
418
4741
1371
4413
623
4822
1444
2708
70
1791
2757
138
3271
515
3300
214
7007
3469
3434
3336
2516
856
1220
2468
9318
2006
2957
1933
182
4213
556
487
2731
6401
2056
1534
1991
3080
4725
4296
3432
4357
1769
957
4013
2309
1013
2784
4858
23783
2548
2328
1208
25903
943
3938
4169
2536
1062
2129
4219
1424
33836
231
1471
34165
40969
4996
45715
2873
526
2362
263
2829
3625
3718
2288
4561
386
2228
1342
399
2766
1805
12000
186
1503
3002
38328
3486
2609
4981
348
8724
1142
3035
46847
111
3409
3487
21588
1233
2571
596
2466
1626
20501
726
3611
935
3233
882
4363
3812
4091
1067
3399
139
2082
1994
4470
2975
4771
518
4312
3216
4259
2531
4920
4168
1842
504
3589
3382
1795
2129
2000
1703
1948
579
23993
44436
548
906
26240
2701
39406
4039
2175
4621
2044
1073
3432
1151
1642
25209
4523
2194
4565
43247
3561
1204
1166
3429
4665
1375
1390
892
1236
4466
3860
1469
1186
4906
1720
1452
2748
4115
992
19785
2221
3044
4814
38952
655
1944
1891
4235
4259
730
44186
1692
2872
4407
4669
532
10
2739
261
1460
4746
4300
1237
2549
2311
3354
3710
10518
3894
3188
10518
3314
33
4076
4706
2068
892
3351
3321
1148
4263
4788
6964
233
2005
3560
9170
748
1367
2414
1779
2741
1151
4949
2525
1807
3190
1651
12795
4754
198
4438
4021
4802
2875
1713
3819
3132
3977
553
2057
3065
1013
40410
44990
1012
2480
3818
1540
3665
40996
2460
638
44473
8877
2176
3652
356
1173
1177
2133
1067
3833
1269
2696
3305
3026
1477
416
1224
1273
221
816
4561
3312
28056
2245
1788
3823
166
4020
524
3069
4132
943
183
1493
3038
4075
2442
3624
2317
4791
3707
2134
545
3941
1023
3162
1214
3354
568
4791
2572
2948
3859
3360
1200
3129
381
3355
2364
28737
3302
18808
1602
1990
3489
2555
2167
16205
4022
42858
3272
3181
659
2822
4285
4252
1656
2832
1184
2539
29317
2130
760
183
3703
1750
1695
1835
3862
3229
3640
1910
3782
4821
4457
1894
4601
2785
823
1458
345
3738
1048
3417
1065
2644
2966
326
165
200
562
2220
1725
2240
1389
3769
2896
3105
2770
1446
3642
3648
2863
2687
2153
2420
4116
2551
20703
2293
1129
35163
3202
2730
2483
26676
1747
3791
914
2548
4093
3762
2347
1024
4583
3418
2805
3207
3573
309
2887
3024
2257
4932
604
1229
4244
2247
46192
2462
4661
1004
4328
2175
3639
17221
1776
2562
4525
4666
34974
1135
766
4601
1632
1945
2978
2211
416
703
4420
4802
1698
4328
3472
48338
84
3368
73
4936
3585
4937
3109
3318
45469
16023
4919
2464
2284
4550
1617
3129
445
4592
1378
1694
4887
3940
1169
1424
2601
7626
10722
2074
24503
808
3904
2180
3198
3331
4614
731
2682
4743
4129
3297
1657
718
497
3536
4549
124
3905
3456
1647
3033
1477
2143
4952
1684
2460
2523
1277
44
3921
2870
4283
1868
2879
4861
33822
2334
3003
1576
2705
816
3881
753
41859
4066
38652
193
3432
6919
1266
3876
4972
2559
21244
2639
4871
3004
31438
3413
4730
2904
2811
1980
3847
1256
3210
1446
1092
708
3390
3134
2696
4159
2157
2774
4163
36110
607
3841
3947
3631
18655
1181
1698
3282
10803
1096
4334
1524
3029
4936
3452
4400
3019
448
2335
412
2409
4242
34788
3233
4173
4081
1880
3792
3453
28218
1811
3769
1163
4941
18734
1398
4419
2479
4663
1893
45553
2806
512
1544
2166
3202
3422
2381
4034
798
3122
6835
35047
16462
2450
4580
612
555
3004
3607
2099
3032
2228
4015
80
47867
596
2854
37650
2431
3496
4858
4496
3022
616
2537
667
906
1357
4750
4349
233
2445
16021
3733
550
2370
2059
4908
4669
661
1899
2442
21630
968
2498
515
1503
3367
1525
2522
1774
671
573
2925
3021
1712
3786
97
1878
17617
1311
2104
3618
1665
4637
4483
739
4372
2951
2166
294
3833
49279
4301
3632
3463
3744
1388
1564
2046
850
3776
2352
4368
4907
4094
1981
38524
1843
21086
1644
2484
672
64
1513
3854
1092
1545
3541
3536
45768
16420
1303
4966
2282
3830
18788
6217
3825
115
707
1020
12973
3590
34662
32310
2081
2839
3733
4712
853
3931
3769
3060
2757
3917
1694
1290
3663
2974
1920
1823
2756
3329
4566
41674
3858
3710
3167
2536
1818
3919
3165
3140
39426
2232
947
1037
3473
1677
365
2582
2316
1220
19980
3017
1142
513
1532
4728
335
2220
1821
2716
1598
1167
2567
25256
2461
2409
46967
2857
4587
19331
899
3621
2097
3159
40473
249
46821
15993
4891
310
2980
2873
2538
3078
11408
4838
2730
618
2604
4293
4869
3240
3744
895
124
2985
378
3590
3441
4682
571
36414
1865
1555
3974
1658
3243
349
1212
3152
4144
1213
966
3509
931
2400
4652
4140
384
3726
667
1130
3940
2236
1834
1489
24817
566
509
2775
4442
146
4710
1483
3111
1168
3138
35
3390
2501
3887
1437
3551
1255
2205
3574
1253
1572
59
4529
3696
254
330
1952
10724
1244
2286
2486
52
1064
20213
2764
49
3846
1286
8111
3369
2866
3629
3499
1835
2996
3079
2520
4343
4315
44275
586
3403
4341
860
1116
943
4217
2898
1462
2338
2111
936
1235
1679
4456
453
2854
1459
2819
4379
4572
4571
3529
739
1833
3849
3076
3754
39
1378
4738
3993
713
991
1307
39463
4452
2246
4409
4332
4724
9546
4058
1885
3868
3187
316
28483
37609
1247
2058
3474
1589
1450
3021
1636
560
4017
4931
351
853
2604
4013
2997
2668
3935
3189
2329
3189
968
20
2801
2951
3026
9422
3127
1874
3749
1578
1743
4342
3379
107
2499
2191
34593
4961
4945
1597
43712
1082
2366
2340
38167
3767
988
2436
10997
1838
18789
4188
1341
36073
3691
4655
2591
548
1622
2951
4389
42344
1144
2854
43
4883
2021
1510
1876
4753
2111
4065
2764
4425
2456
4665
1033
936
758
42107
442
3749
959
4317
2676
287
2304
3358
4857
4645
982
1624
3644
4394
4342
4378
1966
3318
2591
3823
3962
1594
4795
719
1198
2399
4814
22523
478
2599
4322
4395
1338
4334
3389
453
774
2775
47764
1571
1877
1691
1350
3061
423
42107
2025
3502
169
308
3514
3692
329
2816
483
2085
409
2875
1783
3315
319
2783
1667
4612
12994
219
2317
3570
2449
2273
11
993
3005
4965
28
4627
109
928
3541
1375
2709
1331
2274
2329
3956
1852
930
3416
4345
36267
2344
2135
1414
2340
2180
1491
3038
424
3695
499
4221
361
193
26639
4962
13099
3983
332
2707
3232
4247
3270
4991
612
4573
3949
2399
4925
29217
1232
3034
4399
1928
1122
4943
4890
1632
3775
417
1975
2627
1925
3742
2953
3653
3434
3022
3880
42227
48016
2236
1113
3672
2031
773
32663
1515
3507
2821
1911
3130
2178
2703
21
613
4724
1545
283
631
4156
4163
22049
3613
3876
1879
2779
4412
4376
3437
1182
4754
969
4836
1121
4034
4108
1291
39827
1668
10833
1317
36859
2849
3083
432
1545
963
2189
2998
2486
1777
2864
3586
4780
2126
4771
4853
3547
750
2629
4862
2133
3466
34151
4916
4011
2494
1150
1780
2961
1089
6656
972
1441
178
827
4213
4982
2728
2530
3848
45644
3788
696
3208
271
3195
2789
2069
4821
22901
821
60
313
2678
1560
2043
2463
568
3948
1080
23925
584
3507
1119
2242
2773
2316
89
4271
3845
2427
4049
2419
1380
2958
223
413
476
4741
4011
18221
11279
1599
4606
1010
761
3869
4185
1665
8422
4198
4825
1621
4883
2490
1281
224
1537
7275
1205
4596
2834
2209
1031
24102
34020
913
4783
867
31
3360
3658
1356
2024
32108
4898
686
4934
707
1408
4958
3192
4334
4156
559
4678
4373
2995
2246
1823
832
3625
1219
4225
2833
3060
3487
1135
4553
1932
2331
36671
639
3243
1854
21394
2415
2980
2378
4597
4
43765
884
1722
4785
2048
4666
2616
4062
1695
2829
531
3644
2183
2966
3849
18731
4615
1269
4933
3570
4687
2988
858
125
3329
4702
204
2608
23931
3434
4309
1226
1424
26937
4611
901
362
2481
3346
12453
208
239
810
1109
1045
3836
3636
36976
2354
1263
3682
421
674
2770
663
4059
3448
3430
150
31353
4177
3126
1550
829
4408
2351
1923
3897
384
2197
940
3678
2632
2895
3952
2014
1798
3083
4748
2813
3271
177
1639
676
2667
1185
3955
4844
4934
4069
885
354
1118
90
2700
423
4746
1209
82
2831
3193
3983
3496
1570
4921
2195
4952
1226
2904
2229
71
1388
3096
4981
3515
2654
87
4503
2589
3715
4661
47375
3872
2819
4911
1420
466
1107
4069
1936
20752
924
538
4887
3077
1273
24538
1206
4740
364
19400
501
451
31
2152
4523
2937
457
4542
4109
4974
4200
476
1273
3108
17354
4047
3414
4782
3502
45186
4695
4698
1866
2111
464
13634
2992
1345
2086
2204
609
2225
630
4180
3435
10188
3588
2657
3034
703
14226
3384
3345
1530
829
1
2058
1894
3367
3721
4379
845
91
3646
312
1615
3753
1017
3057
318
2873
37108
907
3678
4834
4058
2436
4231
3255
18610
754
3735
2653
1804
684
2435
3289
33368
3297
599
2439
4320
4731
1857
4354
1452
2689
3207
4948
4260
935
1593
11653
3838
238
4968
4067
213
2453
182
3090
4743
2002
3290
1445
14776
569
4119
4045
869
3474
974
3154
561
4750
3417
36292
3498
3633
1429
4078
3527
663
2286
3625
558
32345
3210
1046
11078
27
27579
955
3609
4687
4351
844
8700
2159
3214
1766
1152
389
628
3530
646
238
3371
3095
4031
33033
4058
5059
3560
1863
3031
4023
1755
3805
3261
334
3277
823
3979
4596
1218
4719
2077
2468
4275
1210
4489
3533
3724
2262
3257
27412
2599
1988
606
3712
1015
5256
17625
586
135
11
965
3482
4
1214
10323
3610
4360
3609
3076
2158
4481
4222
647
1403
2475
471
3393
2858
4057
3516
1968
154
2401
4936
2271
4028
1441
1127
1781
753
392
763
36958
3669
1537
3766
4942
4050
18624
3490
754
1218
466
1974
3961
35728
4617
3346
437
41917
36092
622
4088
4041
2207
947
6371
4092
1077
1191
4847
38546
2470
1481
1036
4210
2754
4972
127
1585
185
1333
137
3858
1124
2795
3570
3348
3719
146
1225
3392
1053
3481
947
34835
3140
2841
1668
2528
1825
219
3789
2341
871
3966
943
2252
3389
4811
2215
2776
2773
3730
605
2770
3135
2626
1389
266
2228
3451
1718
49
553
4401
3425
66
34972
526
2525
3146
554
661
3768
234
1778
883
1686
1985
2414
1419
4405
3762
1319
10689
1343
535
1811
4740
35034
3143
12454
175
4036
1585
18499
46491
47073
32770
3184
2245
4768
37476
4944
2879
1613
2557
1458
459
3135
3723
33937
3061
1013
2107
3249
4336
2562
30256
4227
19682
1376
4005
4922
4608
1140
2075
3623
4671
1576
12393
4138
42424
723
1655
3376
937
49974
923
3534
30847
1630
2144
20483
3788
443
3805
3506
2539
1253
1705
517
1529
146
733
3423
3629
2799
4118
2027
4492
3137
4904
12802
2816
3806
4762
676
761
639
49690
2970
854
2604
2359
3313
3307
2001
4934
3451
3422
1639
3967
807
3009
939
4382
237
3061
2600
1498
529
648
3725
1073
135
2706
4777
692
4453
2879
4840
49310
3624
40003
4161
3982
30578
2371
2633
2106
34596
4110
1487
2826
4753
2835
2410
4262
4164
349
2534
1350
13717
1021
19226
1754
872
2278
2982
2180
3621
23020
2535
1994
2763
1265
1184
578
2658
602
3211
3758
4155
1931
2796
1117
4655
1572
3327
1677
4660
8561
3345
1902
3767
3328
3995
3889
2646
1461
330
2875
1740
4328
3396
7480
3151
3140
3827
4332
361
1640
3691
1307
372
2544
129
1135
1059
2211
886
2667
3761
4154
4713
3389
2904
893
4867
3764
1168
4083
1020
140
1017
4779
1369
1461
2547
3134
7709
4597
383
4549
1876
3748
12693
1745
4978
2610
3514
4887
3792
1710
4910
515
844
670
2053
49720
1692
2201
3269
1467
3845
1367
4921
7481
1178
1713
4581
3895
1957
1086
3991
2059
2890
969
2055
611
1583
4868
681
1800
1342
3447
2937
2584
1987
4720
1260
1966
1123
822
2408
3865
1561
2119
2115
2545
4753
244
2596
2206
3442
1762
1533
2444
2078
2611
4672
109
197
4827
3178
43368
878
3718
1688
43651
380
3176
3493
898
22447
1285
10580
1274
888
103
2480
3095
88
106
2469
3614
4281
439
2204
40112
584
2743
3368
1406
7976
4259
1028
2959
2244
210
23273
4228
4666
1990
836
13974
3848
2533
4578
32654
4991
2637
3698
4300
2439
1988
915
4970
3825
2311
115
2809
4342
3984
28561
4572
2776
2031
3741
351
439
21093
153
41624
4270
867
2188
4981
2965
1503
63
2051
1220
2766
1197
2962
25669
208
2949
2262
1591
2391
3014
4434
3425
2378
1672
2567
2800
1985
3132
477
2110
4540
1582
2633
981
2978
38182
4761
3625
4127
4705
217
12142
3046
6750
3256
3752
987
3560
2622
1342
2768
4577
1722
2979
22190
3719
1015
4201
2341
508
504
4114
363
384
1357
685
2187
32
1710
2169
4997
2606
729
2829
3816
3342
4464
4913
3116
1146
4641
4512
4947
49672
3462
3403
3030
2060
193
66
2626
61
49935
1749
3622
1883
901
2399
2893
78
885
2776
2207
1063
26910
1777
221
4687
3982
3783
4630
1866
4936
44
4794
2237
3001
1032
2024
4235
3705
1693
2090
3974
4355
1312
1310
483
4649
2518
4443
608
1496
4703
2747
4332
2979
2926
4016
1796
3720
3785
3328
3255
3592
595
1689
4117
2976
1392
4395
3584
3223
4439
2280
40044
1699
296
3784
2087
3289
3825
2231
643
3142
1063
39922
24063
2749
202
3110
739
2834
4897
522
353
440
2406
820
3022
290
2544
298
1929
3706
4125
3
844
4628
3979
2551
62
786
22093
567
3137
705
2147
3505
3931
3548
3113
2278
1059
4549
996
3058
46172
3551
135
834
2112
1748
4478
1812
3024
1752
27
2177
2817
247
3407
948
4993
4967
4371
29492
4640
695
1194
4855
2156
3914
693
3092
2884
4888
4090
2558
4136
4571
1945
1084
6943
1366
18847
2230
3160
652
26816
601
257
2758
2419
4574
15132
27886
601
2808
3771
3064
3685
469
666
2182
42967
3911
607
4286
1068
745
3849
527
971
4359
3084
579
2253
24590
2843
80
3747
1279
3911
1890
1398
3454
68
4935
1794
1519
3505
24210
2252
4742
370
568
27712
2664
3873
2353
2241
1140
102
1039
395
3701
4578
3796
957
1307
3932
3067
1009
113
4518
2287
1400
3809
4573
26974
3594
2734
2491
2176
37226
2457
17551
4259
2685
1650
1308
3919
2545
2696
2917
1901
1547
4320
3179
2859
1917
511
4149
4639
1211
4155
1849
2560
4783
2227
2942
3497
3482
4847
34518
1189
162
82
1874
4412
48312
24789
3089
3509
2966
2768
16993
4902
4326
4662
783
2428
2390
4153
883
4882
3447
4766
2778
233
912
1251
1657
2983
4265
4616
2371
2616
3653
1858
1985
23810
743
4119
4680
4432
1322
3167
145
2535
3010
3747
2723
2993
2300
3382
3089
1012
3417
2477
2072
41421
3423
2626
1703
5441
2196
346
3007
3535
5134
3
633
2395
333
4879
3661
816
317
375
1736
3553
2387
3316
4540
3798
3772
3523
1847
1863
4516
39534
1475
4232
4066
41231
1488
4590
594
2636
553
865
1822
2585
963
15375
3568
528
4017
208
25111
4659
3992
2995
267
564
349
14961
4925
4092
370
3666
3606
3486
12774
3674
3049
1832
376
430
478
1028
4977
2858
1730
263
3664
2672
4563
46383
288
2177
4842
4217
104
3721
3668
2412
2580
184
937
2318
1046
2286
1237
2216
2761
4999
3653
4487
3373
2570
2544
40050
817
3228
529
382
2342
2067
3144
1413
3464
4517
3614
4934
4624
3176
3371
283
4703
4453
4186
7041
2298
2785
784
502
467
2633
2772
1554
41761
4223
3209
4553
3645
613
2504
3643
4079
811
229
198
405
416
1593
3880
457
3158
27021
4242
2664
1616
3031
4042
3974
1867
456
3668
33903
2190
2464
3665
6011
3641
1237
3265
4159
923
4049
1465
4182
993
29622
47875
2693
36239
2190
4014
3342
9223
1916
3927
35175
25287
922
1571
1646
1239
33110
4915
1788
1497
3110
2760
4824
3584
2920
21800
14037
3888
4842
4015
1590
3438
2367
3175
1224
3307
4073
2299
808
1012
2077
3
3
479
263
1188
3560
1391
414
2836
48493
1881
24533
2346
3780
4160
35596
916
3519
4058
4887
2701
4067
3978
1315
1568
3906
35801
723
4693
3499
1576
1407
37433
82
2944
4519
3834
1292
2619
681
4862
1816
1506
4681
2612
1494
294
3018
292
828
207
44007
1899
4454
2709
4663
4009
2297
2951
2184
4081
418
52
653
9693
2951
2698
713
678
2503
20889
3574
897
1008
220
611
2877
4671
1887
3792
3095
1036
4686
1684
1384
1877
3152
42879
4790
26323
4630
2993
4747
3922
1895
1010
1484
48504
1701
182
1108
4953
979
460
1524
3810
1745
2785
2881
751
2878
4505
3507
940
1913
2370
4123
501
1477
24001
4518
4305
821
2758
2311
4673
697
3878
2160
3165
20743
3097
4309
4541
4395
2724
2083
4751
843
3141
4487
4323
3809
4637
19854
3343
2290
3972
1714
3440
741
4665
43353
32253
3058
4656
3859
3453
3378
3709
594
2097
525
1769
4779
7064
37514
4951
24942
18433
384
3425
1510
3438
3668
1548
3262
340
4018
866
12363
23333
4879
2128
1010
30366
2951
2934
3333
2217
2109
4046
3947
2057
3470
458
3573
2329
898
823
75
2101
2705
4664
4450
4963
1574
2270
1460
2527
1469
1719
3890
4149
10772
3546
3591
2744
330
4324
330
4349
3350
37977
3824
3506
1338
343
1271
1718
375
5947
4486
3419
2135
2368
4306
187
137
1548
209
964
3095
2802
3468
4962
2534
945
3352
1784
28289
1029
1260
573
3189
4853
4923
1451
1316
1343
4040
1920
1726
197
2547
1277
42166
3286
4364
29876
882
1055
4305
3085
1487
3370
4926
4439
1303
4621
20310
231
3379
4292
4261
2301
546
278
4827
9852
4590
3087
4657
8519
1335
6785
1323
3956
2270
4705
3847
3264
20
2722
1787
711
4733
3900
4150
3346
32237
18559
3706
2333
1232
2215
934
4487
800
1947
1940
3862
3487
4651
4087
3658
8329
801
3931
1772
333
1862
1691
1560
29
3084
2219
4721
2288
744
1525
1691
1506
3033
3444
4543
3902
935
4323
1784
2819
2160
694
318
1500
3850
118
1041
587
490
4899
2146
4125
648
3081
2690
4202
1077
949
1661
3188
1053
1283
2726
4581
736
647
2949
4500
2956
2585
4622
4775
3435
2037
1671
933
1763
125
267
3267
4228
2869
3758
468
1984
959
136
3781
757
4516
2976
45720
615
269
4273
3918
3265
4824
656
1137
1126
4799
4075
2491
494
2041
3847
3566
1825
1097
376
36953
396
1770
1632
2781
853
3280
4666
1773
40526
460
43
3251
3645
1454
1432
3903
2178
792
1151
760
4691
2953
895
1727
2460
2970
2922
12188
4024
2600
732
509
3823
1586
454
2994
3320
2438
1018
230
4340
2170
721
3074
3076
1293
4797
19585
26383
2655
600
1844
2728
1166
3335
40319
3495
10125
4360
535
2860
2919
3921
1768
4002
2324
18996
2067
33354
546
2857
3438
3016
763
2439
4838
2948
167
3541
1370
3885
1129
2104
469
752
298
34450
3331
4605
4903
3504
2771
3956
4103
3547
1175
4711
3292
1015
31440
2052
1603
3374
920
4521
4776
4802
4576
1694
1196
1335
1531
3538
4590
4737
2151
3462
2216
1049
4723
19488
2972
256
880
3747
1934
3508
1819
1790
4695
4304
631
2233
996
2737
506
4862
4062
12473
4702
3111
1987
2841
1041
1411
39944
3839
3733
2616
1989
2734
44838
664
1373
4865
3997
1111
90
4713
1424
4767
3971
41478
3378
459
2011
2614
3796
37710
7893
4714
3316
4121
509
1428
559
101
1649
3571
1151
40669
1260
35001
4923
1912
4149
28625
3889
3930
3909
4081
2341
34482
3878
4420
2328
1432
4856
965
2574
4033
669
420
3206
4913
26
278
2814
3650
4571
1866
2933
73
1293
4240
3518
4902
9688
623
35404
2502
3101
4889
4933
966
4885
3747
4505
4750
2429
281
1009
21478
2654
706
191
1825
1927
30528
4824
2460
1412
212
1409
1579
1818
11506
2485
2369
20235
4532
4299
2052
755
4792
759
1518
2589
3397
643
2752
1819
1598
137
3244
760
12
1227
3642
9
1429
2710
4628
3947
42
321
2509
39666
3608
1450
2298
183
3565
1875
3652
2498
1415
3225
1246
18254
3828
2329
440
2565
2674
3595
4840
3917
248
856
3273
1962
2621
4270
1781
2686
3473
305
46765
960
120
1954
2191
2022
4392
2990
252
915
4695
819
11989
1091
2817
2433
764
3095
2788
3928
154
1063
1964
4818
4143
46857
2352
4017
1965
2029
505
2601
1844
802
2271
209
4382
674
2145
1202
4095
553
4866
1035
2737
1583
412
4306
4223
6920
3059
3249
334
4433
1899
3295
4238
2958
3505
4866
1960
4439
2304
1600
1692
2406
1043
4405
2242
3492
3944
2675
274
3348
4062
2357
4423
1293
4116
1539
2701
1011
3262
45626
2792
3432
16565
1536
2689
3869
1021
1135
4025
4896
10946
1831
4595
3269
2395
2475
2417
1316
2882
1517
3202
3224
3893
4325
2898
1581
364
4621
1201
2642
4331
2981
2878
695
3865
2319
4265
286
3371
3167
4093
834
562
1909
195
3510
295
4372
4215
4976
3125
4415
1913
1242
2461
916
2181
1234
40238
4862
2945
1352
964
2053
310
3286
3634
1700
23363
4210
646
158
2326
702
4973
2752
4407
3426
3441
3277
34137
713
1236
1808
1240
497
9
3103
4472
1360
435
3716
3539
3088
30526
3693
10739
8597
3716
35577
4528
823
905
2669
1073
771
4291
3077
4291
4394
2602
3492
2391
9815
1343
924
1758
4309
12191
4571
3922
1053
2157
1128
1904
817
2116
2758
2906
1470
4024
5278
1783
2238
3522
3314
2091
1705
4384
3251
2776
645
3306
2695
4331
38451
3186
3954
11436
1518
3632
3261
1541
3100
2711
4322
4534
2619
1318
328
35438
4538
3536
25193
1768
4093
2778
1828
2227
1173
3330
2494
1305
2659
2352
4070
5414
3916
2659
403
3970
17469
1436
4905
2455
4618
2179
3300
44043
2633
828
1443
4696
3863
630
3398
978
33109
1699
23837
4361
3876
2236
1285
4478
2310
3615
1728
1369
4548
4095
2371
1521
821
1024
4001
4069
4686
4891
124
1736
2228
3312
23598
3162
739
3021
3393
3674
3115
2495
1969
1325
3419
3614
3267
1212
1184
3153
35110
14542
3826
2864
4390
1496
4011
4597
2303
1292
3748
3794
1913
2984
20767
4089
2330
1494
3749
2208
4580
2444
1268
1950
36186
4588
15523
4185
1116
456
1220
94
2318
2123
1956
498
2031
3007
2048
2068
4428
1034
1574
921
3011
1584
47447
15895
3539
3439
3188
2475
3710
2108
2135
1724
41389
3194
1797
3176
1980
20735
4713
190
17844
1528
1237
2549
2941
4930
3138
1116
2905
3389
2030
4169
3603
4293
2964
1585
1716
977
1547
1903
2404
1563
753
1651
1951
44638
414
3633
3848
1858
406
145
2637
1001
736
3219
266
28219
3313
1447
4975
2756
2830
4845
2140
3581
4547
46338
951
4027
2335
569
4454
206
3709
1258
4752
2444
234
2543
3801
4066
383
2794
12009
4937
4153
3583
1639
4520
27805
1466
4915
4924
2377
825
4010
28270
4341
16563
1423
275
4686
2121
8280
2797
2326
2819
1140
3092
4036
3987
4609
1416
2679
3422
2399
2750
2712
1744
1850
2190
4739
4173
4507
2581
16756
2142
2318
946
558
4102
3013
2677
1072
2620
3509
1320
413
3539
1835
3265
3099
36382
1301
3260
4541
46278
208
2545
152
1081
2033
3446
4502
4763
1247
1325
4855
1764
3257
3224
4214
4296
3158
1667
15272
1077
2007
9494
2464
2530
3128
878
25850
2078
39810
28637
4560
1080
80
1268
2621
13120
1655
896
2781
3798
2960
1168
1201
1996
879
3852
1857
44566
1274
1852
3717
4201
4205
37534
538
4425
4020
724
1305
1231
3871
400
513
2527
3608
2817
3321
48236
1295
46378
4943
3312
1737
23685
2638
4303
4664
3573
3935
3576
136
677
4073
2307
426
3036
2605
1375
4156
4805
989
3210
2341
3756
40631
2547
1156
2119
3938
3023
4998
3978
1378
2962
29434
4928
201
4742
1411
2879
1137
17
1150
700
3745
3448
2439
2898
4756
7528
18885
4146
20488
1233
2790
276
2469
2197
4439
759
2966
3333
1827
1609
3137
4440
41197
4614
4611
4379
10445
3443
3891
2742
1926
3109
3637
4511
2172
4488
2570
3358
840
3276
669
3151
4223
1302
623
3408
1273
3788
153
1043
688
956
1984
881
4511
920
1007
4244
1788
1401
3201
1678
1000
4873
2893
32663
2827
4249
4886
4381
4020
3066
2201
4604
18624
1056
1997
45808
22015
4157
47923
3710
4567
2701
4180
1453
2434
4222
4750
891
12789
48269
4781
16
800
4934
3713
557
3178
4360
2182
4606
2527
1100
3004
2235
43723
2886
3315
1589
1047
590
3424
3120
672
2748
1317
22679
362
1430
3338
4053
3661
2518
1839
268
1031
40066
1981
1076
4367
495
2269
4161
1167
2360
2216
25996
4195
200
57
79
26864
3042
185
17451
9693
2892
2373
2443
5501
1739
3031
397
756
3019
494
17532
3587
3327
1757
9338
2001
1664
17058
2625
3695
1166
3828
19938
4347
7316
249
884
1934
3579
1291
43731
696
1051
2061
4574
2563
3532
3104
641
1325
3213
2003
403
3396
351
2254
2545
1926
4600
4640
304
2070
3123
4181
3903
2556
4942
4600
37517
3706
2225
1204
23501
689
4345
1693
4824
2220
2053
10528
508
1055
1876
3863
1083
4923
61
4177
1295
2475
941
297
3111
3390
4440
2838
9531
2097
3717
4264
1834
4601
4065
255
4180
3275
2234
43031
2071
1051
2862
2459
1532
655
1894
800
3452
1933
1276
4968
3900
4847
294
2746
7412
963
4783
2603
4221
356
888
3294
1561
4851
2061
4119
3575
2971
4845
1493
4264
2366
2771
21135
3621
4489
2107
1993
1942
223
788
6486
408
4228
2076
1968
4206
4362
3441
1868
158
1728
4008
646
3324
24802
2602
710
3895
33094
4324
295
596
1438
3510
1607
4486
1502
41522
507
3392
33704
1872
3228
3374
1921
4624
2359
4450
1906
3136
59
2992
2578
1224
3487
3545
3577
4505
495
4818
1697
295
9052
1806
496
1234
1161
4505
953
2370
4903
2827
1872
3537
1069
4826
3723
10164
2704
4388
2824
845
1777
2936
4015
2044
714
1340
492
2120
4264
3989
4146
4171
2124
623
1561
223
35081
2013
4878
1258
2397
3987
2009
3077
2463
1377
145
10035
1812
4341
4790
4715
1938
202
3699
288
3023
1772
1434
1585
3041
1417
3247
2779
34915
983
559
423
992
370
1941
842
2974
4496
3074
2936
3411
31006
1077
2379
2425
3689
2134
1334
2500
4793
10258
4513
3492
1718
4860
820
1220
1632
3518
1818
4090
4065
2156
2504
1700
2754
1745
1508
45427
4704
1941
561
3532
22248
4259
984
39566
931
2042
26
2870
2541
1436
44532
1806
308
991
4635
3448
250
1520
4435
3992
4790
1226
2441
4739
2193
353
398
2783
1256
2593
3927
2330
4699
3138
2846
2789
4076
1292
1687
40203
22
28733
4227
1609
4419
4782
3280
4098
4546
4807
4888
1911
1048
1109
3769
293
1804
3363
2157
2073
3093
2302
4110
23190
4602
12971
786
48550
2115
4095
2456
2302
651
4722
4508
1746
4581
28414
2562
3201
908
1942
498
2672
34145
3608
4265
16238
935
4283
4017
2703
2345
4784
3255
2365
4348
18983
1492
198
954
3747
2615
2683
1690
1537
4218
4480
794
3700
809
3217
4773
2059
4262
4052
2252
2433
1057
1467
2139
3357
36976
46027
61
2008
22685
40045
1287
2256
2780
2009
3184
840
5583
4200
3817
843
2657
2828
3440
3344
1669
4303
3435
2205
1218
679
32929
3074
21
4075
744
4607
1380
1515
4082
3477
2850
3536
2847
48399
2592
1616
4992
4529
46595
696
4616
929
1819
4900
2845
1382
35
4680
256
2760
3908
3219
15679
383
4437
2098
3047
482
452
3251
4607
1043
3544
4497
17184
4960
3673
4005
4103
2431
3649
589
3300
4459
4761
4191
792
4847
1594
17330
446
4170
751
4312
2074
2275
4635
2195
4660
209
1230
2275
3623
2704
4115
4244
694
2602
1111
2053
1637
1155
3975
1705
542
1518
2342
4870
1884
1430
1916
3908
3784
4540
2577
3854
4727
17872
4632
4076
3734
1068
3940
3694
4545
4950
961
2749
4059
1936
37102
2435
4486
4053
3622
3801
4912
3044
44
4694
1145
3090
2475
968
3841
8215
423
1336
3581
3764
512
1952
980
3042
68
1530
1089
3705
4094
3669
3447
664
2341
3182
3732
978
3058
269
3943
4578
2491
4179
1981
3518
365
2199
305
25044
95
1837
16919
3406
637
4702
1078
4465
2326
115
2472
2328
564
3020
1884
904
493
2238
2787
1394
3815
486
3856
25057
3452
440
3725
4656
877
8508
45423
4461
3472
342
3743
4112
3042
2594
4967
2953
4543
4328
1778
4798
2615
1467
3844
1020
3472
4755
3891
4386
3180
4251
4557
2646
2817
3900
4632
4418
2659
2133
3228
1706
48010
3568
1921
3891
671
3568
4975
1457
4755
683
4478
3800
1203
1335
30629
3081
2602
15194
4208
3459
2057
3022
3977
916
4563
1793
2273
1243
4286
2121
4526
3558
48345
4542
4449
1790
3831
4655
705
31223
23331
4914
4301
2374
3877
4481
417
4089
1187
3918
3220
258
1827
3996
779
1484
1195
204
745
1765
3015
4997
1046
3977
232
3892
7282
1528
610
3722
1824
26870
840
4083
43548
917
38873
4753
4722
221
28
4208
189
4267
1645
2445
13145
1453
1141
956
3767
4111
331
4988
1480
3658
4214
20517
2889
29340
49138
2668
4587
2901
4877
4156
798
4616
12878
4149
1208
4859
4872
757
3015
2288
3762
3500
2952
2162
766
3650
1480
2872
1734
3923
4341
4646
3098
3810
1328
2360
23929
2562
4994
157
4286
887
1762
4092
3876
3704
380
329
4914
3649
2554
4817
227
3001
358
2640
2934
3926
2588
1156
434
2192
509
1299
25975
4634
4468
4206
994
1905
4837
4450
1551
11944
2424
3805
1152
3990
2561
2733
13389
43841
2955
3663
3248
2627
1780
941
13933
3152
13419
1257
2828
39364
839
2892
663
3498
2866
1631
4440
22387
4830
4958
2034
2559
1489
3289
1071
13962
2189
1197
3214
40895
4325
363
1821
3258
3232
446
1333
4999
3283
27140
996
455
1987
1996
35464
1173
2678
3936
3429
2209
4601
4038
4268
1815
1096
45324
2271
2460
119
4111
4717
729
3656
1868
589
2598
1006
19855
42887
15401
4344
4053
1101
3000
2068
2388
369
28889
4148
1890
49256
1651
3771
4089
4287
4768
3164
3033
1557
3841
2702
7015
3197
4453
3610
8749
3059
3765
423
3677
3190
1511
3875
981
41737
2511
933
763
3889
42117
1860
24803
2317
2933
1234
1824
185
3681
728
747
2005
2566
35505
2135
4426
957
2285
1508
30141
43439
4708
3836
2276
2614
3273
666
2602
2127
4985
2687
3079
37146
2300
934
2767
4652
3483
2945
3303
3649
3719
48223
1036
2874
4890
1220
3390
3132
4451
673
3868
1703
2618
4482
4784
4393
1029
3727
2250
834
797
4695
2496
749
2381
1383
1130
1665
1725
440
4068
2338
4486
1458
3954
652
2227
3778
4930
3126
4412
4634
4566
3522
803
1334
112
2494
797
49843
4084
1036
1840
266
3525
2857
46608
2303
4072
770
3244
3380
499
1484
1201
2382
2875
1359
2344
13993
2307
4384
3282
3776
4629
2209
794
1585
1552
527
193
4761
15846
3199
3947
2333
1076
1917
4877
2931
2049
1900
1593
2625
2640
2206
2326
4011
3668
2137
2397
140
1114
3642
4183
2664
651
3712
2250
4827
2469
4545
221
47282
1361
4199
2334
108
11298
60
4868
1742
49774
2717
1536
3515
192
4683
229
4042
2614
1454
4455
1667
350
3880
7835
3657
1031
1790
442
190
3600
673
3207
2852
4850
2666
1995
536
3659
300
187
4088
309
792
1466
1648
4118
4078
5244
831
2715
909
1297
668
3045
2218
22304
3046
2906
3457
4527
4337
4937
3512
2688
4599
3517
494
15243
1897
3480
3247
935
2529
3445
2542
1401
4575
1440
603
1896
879
4860
3531
41669
3275
2018
3257
2937
2441
4059
1549
4801
1682
2457
3056
2590
1101
1890
2219
2855
42384
2807
3824
8540
2138
36379
3311
2462
1743
486
4107
1714
188
3274
4785
2720
3831
266
1
2707
1606
4020
1147
3933
1326
48848
637
4412
415
3096
2290
1716
1902
901
1257
881
27470
336
3628
4709
2239
44
3433
2706
1547
529
4350
35204
25308
3495
37549
4252
1883
2438
680
4218
1197
1875
40886
1847
2517
23952
3685
3080
1902
4590
4117
4884
619
2804
2701
410
20412
4422
5000
2850
3383
33103
628
3213
2675
836
42711
1138
554
640
3608
24051
4049
4186
595
65
1273
676
16740
4160
3225
3762
3169
2537
3747
833
1021
3976
800
4315
4643
2282
100
617
1049
4246
40007
4955
638
4564
769
2299
307
1076
1728
2096
1233
206
2174
1206
4835
3850
4843
118
1345
12577
413
832
41564
1358
1493
973
2975
4535
2092
3681
462
3443
2283
3204
2711
982
2329
541
1331
2602
1712
4701
2525
3073
4185
3873
1117
3708
46602
1792
1940
1704
2890
1809
23178
1717
4573
12279
2499
397
21308
4881
748
3986
4822
2129
31898
1325
1529
4461
2095
1201
3621
16191
4922
1982
2585
3300
16385
1613
2294
4029
402
768
3589
2214
1873
575
1361
12
488
844
2263
2660
1591
3422
3844
2957
4470
130
3918
863
1626
22226
1848
2196
1739
4849
2216
4136
32099
220
2390
22195
1314
18678
1115
43997
4512
45121
870
22
3725
4477
2096
4952
2902
587
1402
10420
2253
4801
2740
3656
3245
4911
1076
2724
2109
1508
1726
1083
1497
3735
280
4347
726
518
2549
34620
3838
4314
1937
4222
3237
1765
9821
41546
2805
4449
1438
4894
145
211
4397
3581
74
900
3764
1864
1192
791
2852
2559
14381
2540
2996
3082
1413
719
1576
4765
1247
2990
37269
2355
47868
43858
10161
4532
98
2853
3867
1644
2759
1354
3555
889
2771
3048
813
1955
4178
37775
4618
3323
728
291
3338
1700
58
1731
2062
2047
2338
1046
463
4916
3225
4060
4483
4989
11411
845
484
3433
3475
2861
164
3873
907
3993
4570
4248
4890
2371
642
3327
114
4933
1322
3856
4433
4710
3910
3173
4006
12736
4717
4903
3559
4319
30
2377
3143
25065
585
4035
3828
2255
4276
3830
1113
2111
742
972
3273
2422
694
1524
462
2636
4599
38754
1285
4362
4476
3165
4482
3352
3883
1006
3242
7569
2753
30052
1039
4504
649
17662
3704
2346
271
368
4643
3620
359
7870
1398
827
12557
3194
2931
4755
2454
3890
1372
516
3626
2535
932
617
4702
16321
192
4452
4724
4987
227
3904
2540
3806
2625
396
13278
3098
507
831
3671
3911
4559
3621
3859
2681
90
1843
36301
2270
81
49630
805
28096
1581
2524
3351
1358
3322
4744
2274
3248
2594
11869
1968
2104
4150
2557
1835
16654
933
2207
1047
2186
338
2733
4180
2250
860
1831
4091
3679
3950
3756
1614
26412
4847
3572
2877
1818
4360
1463
2158
2141
3517
2633
445
2404
2904
3656
4773
4052
2082
16
246
1685
3510
3344
431
2718
10891
2801
2526
4343
4114
4570
47618
2683
3887
722
4123
151
2980
4447
3225
2846
22002
2571
3483
79
2828
2589
4894
3034
35629
881
347
4491
4974
3991
4228
636
3452
3840
3438
44931
2915
1569
3575
1737
3743
830
2920
687
4823
164
4263
1716
1242
1730
2435
2615
1277
9202
1799
3449
519
1473
4893
366
62
1692
4642
4469
4242
2255
432
1291
1163
907
490
578
4218
3857
3509
2046
193
1462
3889
4560
951
3286
35105
995
2452
2357
3850
560
2960
7851
573
1811
1634
4973
4511
1943
3256
4865
1005
1374
1517
2122
1606
212
4024
3967
49374
1791
4470
1341
236
708
2858
921
4101
9597
3633
515
2505
469
4480
332
220
3365
3661
4063
1456
327
3367
4957
705
763
2151
3074
536
2506
46884
2575
4368
9656
2904
559
2132
39464
2762
4330
3585
4627
2519
2104
4107
4406
34843
4595
4750
4679
1376
2649
4857
789
1069
541
2448
655
732
296
781
3237
3605
915
3624
46413
766
3370
4928
630
3144
17980
2550
459
972
4001
4710
3350
2411
3899
806
910
3591
2974
3658
3733
4915
1758
1274
45755
4431
1485
3432
7602
1868
1782
2151
2732
3073
4521
3261
3498
1021
412
300
1001
1241
4946
2621
3247
986
1022
4322
2765
2335
1774
1925
3710
814
4558
98
2368
4099
4045
1777
3650
1593
1915
4460
3178
8561
45118
4186
7280
4305
4253
1343
3630
3880
451
415
2932
486
46642
2413
3282
449
32275
4230
2737
3108
1328
4809
3339
3517
4717
3646
172
33879
4860
2384
2934
28349
825
2999
2411
4351
2099
2779
3450
333
3659
4970
3567
1491
4499
27246
3049
625
3184
2365
49590
46947
3933
3102
42619
22043
4311
2952
3776
334
4361
147
1347
4646
1468
2148
3135
1540
1311
3935
1237
1326
3081
3497
631
3082
3142
3724
3098
4182
891
326
3577
2592
3041
3251
3702
1878
684
4800
2699
35565
645
295
1680
44812
1944
2152
3206
175
434
1844
3747
3685
930
532
2007
34840
2701
1142
4718
3987
2609
44144
966
4251
3245
3521
4952
4497
4473
3308
2395
44588
4127
4300
2599
3476
3929
3920
1095
44203
1962
1660
49519
2565
4011
3463
2877
1542
3224
135
4408
3413
4566
4467
1925
2077
3840
15
460
1616
1232
280
4616
2985
2863
4425
4419
3463
572
4293
2325
565
4999
1909
2607
2525
3146
3392
3681
2443
219
32
921
4511
1698
2725
528
2562
472
3740
15657
3792
4044
1151
3775
19327
714
2223
1961
4698
107
2523
1862
125
14
1393
36758
1512
2321
623
4605
1164
13911
45392
3847
28456
38518
929
146
2403
3818
499
3257
1288
2863
937
3142
3166
2280
1294
3814
528
2871
3981
3556
2663
830
2960
3303
4620
41486
3442
1199
956
4025
3506
4167
2415
35220
14807
4397
3946
1856
4891
4000
438
1091
2493
1078
2049
4891
1407
1625
2310
1982
3602
1982
3198
42154
2312
2286
3051
4697
282
2793
383
932
3788
484
4890
394
1271
4381
4701
295
3844
1834
775
46393
1496
43737
3033
2292
3758
1861
2512
4910
3325
2326
2398
2862
4957
2870
3636
979
805
2389
21784
2867
3656
1657
4871
1800
3629
2289
1557
4972
2043
8605
4867
3663
879
2706
2315
3932
2195
1796
3276
4814
249
2777
1155
15499
3630
3192
1037
4079
4307
3954
1789
917
2455
959
3092
4207
4678
2585
1340
2391
1301
1759
4725
1399
46828
3112
892
2833
1290
4759
3356
1518
3564
3887
94
4184
1966
4342
119
476
29187
705
4122
4922
3627
2298
41020
1972
3411
327
2774
1359
4244
3264
2891
2423
3592
3148
2277
33506
1086
709
2798
2909
2585
4391
4169
962
4319
872
1537
598
929
8469
4039
833
4572
2467
278
4640
960
3803
2863
3029
4073
587
4380
14794
2055
2048
2116
508
3660
3397
37575
2543
3506
15897
1119
691
643
3537
49703
2126
4741
4286
548
1297
4997
41207
825
4102
1684
1019
26157
4263
272
28534
787
3674
405
41660
1895
817
2280
48671
2737
1053
673
3296
13119
4452
2732
20889
762
4769
21222
1287
4354
31627
4373
420
659
4080
4825
1952
4172
3487
2531
33787
2092
39651
2993
332
938
4203
1392
2962
2085
1531
1615
1789
1874
663
4803
1815
48023
4590
4018
3177
189
2978
4163
12096
1456
4113
414
323
1221
2482
4345
482
2551
1975
1462
4829
2389
3342
4592
41195
181
45344
2064
32
530
703
2917
1014
2335
3872
34254
699
4775
25735
3917
163
2771
73
390
4157
3000
305
1282
3200
3761
1241
1943
4508
3201
2678
1518
1954
4866
2890
3181
504
1075
4516
1345
3060
325
1822
263
1802
3390
1543
4832
1122
29096
3795
1896
1311
384
2063
23035
3719
7627
4818
3809
2366
1786
706
4364
1183
3825
1528
20963
232
969
1918
1955
188
3943
3523
3132
2599
2119
368
42851
35426
2331
1078
3355
2447
52
7776
4490
555
1049
2418
849
2835
2000
1480
932
3683
43107
2259
3048
4644
1703
3587
3162
3414
4313
4707
1601
4675
2409
45
2131
2316
1345
4113
1020
1502
493
23
4930
3396
4197
1942
1506
2094
1791
1621
1222
4091
4845
4881
1293
14535
3714
13
2114
726
2206
4760
804
24063
2615
4809
36165
1818
4299
4756
3241
3074
4828
2773
2901
2063
1183
2775
1109
305
3586
246
3910
2175
4503
24087
675
1211
3762
4010
556
1140
3040
30549
2520
27
1686
536
2276
836
1594
3814
3607
1606
4195
17837
506
106
1351
297
4711
795
4906
15080
2690
502
4924
5244
1383
4186
908
3151
2771
3597
2533
3816
41539
3877
1852
1016
2416
1390
693
1523
2116
279
3789
1041
178
589
1810
3103
1308
4172
1616
2968
250
4470
1655
35815
2069
1261
9996
788
4439
4980
4287
1236
4191
1790
3868
2780
2513
3503
922
3615
2911
1529
1481
4456
2674
41978
1953
30972
43912
4578
88
542
4477
4358
2935
2402
1958
1958
348
189
3190
2517
2991
2972
3510
3418
807
3682
292
2947
5261
3978
1242
4272
4201
4736
2025
2708
1104
646
4102
16378
4768
1448
3685
4312
2917
4540
2436
4813
21549
947
1548
773
3868
3969
4097
1521
40269
3619
3225
1710
2666
4893
3352
3367
3305
4541
214
4013
43035
2934
12521
2093
2416
4597
854
11816
4781
2370
3816
13149
219
8017
524
4378
646
3772
916
3965
920
2260
1230
2843
3907
4285
1836
1682
4663
3406
4325
1694
2444
1640
3548
192
32172
2620
4834
912
4755
1936
6192
3766
4325
2603
4126
2721
4856
1436
4670
255
2800
3421
13860
260
3458
4974
569
3450
3749
512
2937
2832
2475
4344
2256
3155
3462
3666
2946
2898
3379
391
2467
894
2041
3001
3874
1113
771
7531
3868
357
4215
818
50
509
1579
418
10229
3177
3014
2805
2434
313
1760
480
1735
19799
44084
105
4359
4685
413
155
2088
4774
4289
562
4418
2199
554
3571
4040
1155
225
1271
1915
3673
1958
370
1671
3164
2854
2643
3634
49754
2132
4374
301
292
4849
4000
2506
1194
4707
4061
2931
2181
4095
2867
3626
1193
2656
3556
4063
761
802
14154
3080
2801
3289
11446
47871
750
4487
4626
4382
1718
705
1396
2422
1833
4882
23485
348
2506
4902
44
2913
4228
3686
4247
37562
422
1540
4684
1080
4772
187
2258
2360
4031
3876
2746
2316
2036
47468
1428
17988
4685
1771
1579
1118
1506
2839
4092
632
4172
2896
3318
4024
3305
4149
2297
1124
1266
2410
168
3785
4333
3617
967
218
4263
4159
3813
2760
1233
3451
4633
1344
3803
21649
3750
46163
2544
3512
3343
224
4640
88
1504
1288
1226
1702
1603
2641
4047
1615
2079
24021
3082
2912
1365
2637
2943
786
928
457
3698
4254
414
3718
3198
4064
4196
20167
2916
36901
4681
4014
3189
2309
4724
2683
2729
2283
1044
428
1183
3767
4660
149
4287
708
28859
840
44955
192
3363
2589
1761
2045
2349
1426
3429
3371
1463
923
40
36265
1446
3498
14393
269
2658
4424
3673
480
875
2334
2609
1413
2352
482
872
30757
1119
2800
3587
2984
734
2419
2913
2927
2792
4046
3025
3865
2859
2355
1153
1870
1270
2020
39553
4690
2274
1867
1914
4026
925
2336
2474
3029
2606
459
2257
1681
2880
25442
4590
2181
1988
4912
9
2388
384
4514
2757
2589
4099
523
4559
3324
1367
4850
1610
2498
2655
661
4032
2368
4972
2389
8990
3040
2385
754
4552
3632
4758
1020
3229
2201
3269
4209
258
2522
1711
15827
2295
2724
3420
1081
1317
3485
3400
3263
1715
2356
1758
2620
249
1757
483
1886
1277
16630
405
2179
2425
2632
187
2048
2822
3810
440
2552
4574
391
3149
5666
1538
3805
2507
1841
3323
4011
758
1056
4064
2677
3122
4932
1490
3486
3412
1264
2248
3495
40346
930
1279
2383
1073
2756
3828
3418
558
4744
4167
33
39616
1132
523
772
1375
2838
3982
77
4844
4998
2795
414
1652
3715
2061
3815
24352
3466
133
2052
2527
785
2516
2594
37895
3529
166
657
2845
27611
342
3963
2072
3276
382
3239
4378
4226
4086
3009
4015
3349
2447
1277
1388
2312
3464
4230
3518
3402
35846
2936
40662
3827
2613
1863
36807
1203
3447
9287
4734
1512
3225
845
752
1682
4659
298
3432
1297
463
2082
4253
2177
1639
4790
5509
18545
317
850
211
2956
3741
1448
2854
2281
3087
1584
1926
4416
1553
145
460
2713
1118
4720
28
2486
4243
693
1398
877
2619
11541
1941
4211
4039
14146
4553
2498
4917
1981
1894
2717
457
4725
617
2189
3904
157
2213
2033
7425
19080
479
13764
4327
2475
1272
1775
45602
878
3571
4462
2766
2504
3638
3148
4598
3528
3953
2582
2818
738
4789
2123
1703
2760
4325
1969
195
1827
456
264
3128
1748
451
553
4938
342
1371
4160
4660
13913
2788
3859
4939
4025
873
4370
3710
4354
535
4044
3569
811
533
4204
2344
1098
21526
2549
1090
4617
2552
4583
34473
4242
2132
836
1546
4235
513
2773
1898
1252
4325
4321
1802
2965
1156
1120
1880
2500
8490
405
14738
1540
2225
2521
46600
2185
3413
359
5457
1973
4764
3343
558
3036
3289
2661
3753
4849
61
1565
477
4071
669
4444
1287
581
39953
1767
4002
4715
3357
2961
403
1027
1370
14822
4019
1544
3037
1738
2172
550
1653
1506
1792
2922
2584
3655
956
2581
2256
3267
4451
551
44322
1778
4600
29454
2439
793
4409
615
2471
4501
48050
12537
4847
2965
2540
1086
4032
4485
2057
39297
16054
4018
3657
1921
2459
1943
570
1992
969
4208
738
1762
4317
3426
2489
24773
3867
4865
5
2977
2196
2367
3275
3810
769
3007
4126
45236
1101
7
4327
1483
1383
46036
443
2229
2709
993
4974
4598
2654
1059
9568
3721
2597
48785
1809
3698
809
3435
475
4260
3159
2704
4785
4217
908
3616
1171
4095
649
4313
2626
853
2811
4445
2959
2185
2496
1718
3532
3595
4760
1017
24641
410
2169
3001
1057
17702
4564
4493
1936
1528
685
925
28266
4490
200
2102
96
2830
270
2360
4563
2378
4579
2848
478
2573
462
21188
4449
3496
4117
4950
12576
3008
1810
1595
3129
1514
2512
4302
3352
2037
13200
3919
3701
1012
3838
2589
573
18160
3655
4910
1519
4445
4903
12302
47471
3917
2434
3471
4891
2652
1507
460
3135
2332
3568
4625
36
4103
1796
4295
4157
4825
1052
764
1478
3150
1569
931
3024
8725
35938
1559
1107
3690
4651
1110
10212
4084
4509
3256
47542
390
144
4985
4443
1377
4904
2220
4372
3227
1476
3377
2684
2858
2538
2052
32088
1289
4254
3999
1610
4564
3548
30081
2082
2877
4709
2335
929
4928
1314
3581
2682
3599
83
3931
2221
419
1101
4460
3506
1285
4367
2547
43
2809
4072
1450
2916
1372
3271
4339
3823
3042
3618
1584
3110
2325
35674
2666
3762
1983
2182
2923
1110
2765
1575
2776
30628
4402
3563
34399
407
2562
3406
1356
4443
3153
137
3886
4118
1120
162
27162
1459
3060
4004
36
3526
3087
2550
3485
2300
2603
2188
797
1476
34187
964
11
3250
1108
3214
40960
4652
1054
155
1901
3958
2732
3145
17610
1173
1262
3001
827
3045
3224
21265
4028
4477
2860
4288
4854
2762
48070
88
3726
23669
2288
3884
3547
4539
2677
23130
3794
43648
4373
3077
1211
17231
3748
1462
2324
2021
2731
1412
3941
713
25649
4123
33542
3707
20958
1148
4667
722
3471
4272
4484
257
1492
1221
838
1952
3874
4424
3649
4915
988
823
4549
1461
2172
1748
7
3539
736
1029
3850
966
2986
4244
3130
3520
1530
2878
3450
7381
26335
1443
1215
1063
900
402
872
3254
22966
2618
3833
2971
9815
1910
1729
1274
1758
383
1355
22672
2551
1275
4213
14151
3942
183
454
667
2530
116
112
4039
4102
3893
3488
2101
359
1913
4924
3928
44717
4700
32113
2302
2861
1374
3487
1734
666
3887
4591
1864
849
3281
17075
1547
3779
368
4162
4092
2990
4441
3390
3004
1760
624
4293
2492
3624
3421
270
4610
659
11867
719
1562
2106
251
1298
1702
2677
3505
1653
1636
1604
4888
4836
988
337
4049
1967
4901
69
2382
4435
3287
4711
352
1055
3060
1634
15695
4821
4780
1911
1276
2367
2
1711
4714
2502
2079
1810
4219
1715
3034
315
2649
2570
39436
832
2031
1862
859
2084
4292
307
555
1094
22888
3949
1116
4771
4204
790
3312
1127
2339
4771
2890
809
4866
1148
3116
4287
3854
4175
836
4457
3815
3341
4427
28060
27682
911
3055
77
3669
4998
3244
4470
2693
2331
2356
2293
22843
3552
4729
25516
2501
2300
4439
1450
4861
2092
3717
4780
2118
4329
641
3733
1740
711
323
2217
4148
18975
10562
1243
4135
4191
274
654
4328
307
3613
3368
2161
4116
4894
1551
2264
3117
167
1001
26151
4433
4097
4380
4924
2452
2871
2457
3195
1054
4029
1977
2563
4873
2257
2592
652
1717
97
2756
3959
4185
46895
2492
43259
1191
1340
2403
3576
3721
2441
1140
1826
3943
2413
1026
2883
1134
4600
2100
2501
1976
32718
3985
49693
821
919
3534
4303
2192
4232
3302
349
1538
2266
3440
358
3350
455
14
1163
1375
4985
495
127
3770
31353
2310
3640
2088
3855
3515
4435
394
4187
4921
3954
3227
4831
14359
4822
1041
1364
393
237
4081
3220
7718
227
1690
1428
30
4507
1806
3841
2273
3801
28014
4228
587
1471
943
1976
3879
11402
3275
1932
2103
3530
4398
956
1460
3612
3782
151
2317
2982
4442
3663
2676
3014
2508
4621
885
3458
10
1727
4118
3799
4374
3659
408
3489
2778
4742
1655
21882
4532
1644
16238
2140
113
2360
2243
3181
46695
4857
3831
3904
1495
4633
2635
2879
2129
1597
4343
2218
1295
764
3261
3334
3528
1352
1530
247
4386
58
371
3508
34695
3668
4026
3777
4671
66
3895
4065
4151
2366
2514
912
4048
4226
2093
3424
2076
4441
2346
2852
576
3403
4478
3512
1590
77
2034
2079
3215
1755
38939
2621
2971
1229
1498
2214
679
1624
3755
1023
3883
3863
4299
1357
3481
6065
4584
4328
4649
22218
912
4885
2199
253
3898
3059
3762
28
1996
2933
20308
1329
1481
3904
2567
24510
3999
315
1958
2434
2688
2195
3887
652
979
24
46974
3637
1491
2639
1467
3322
2330
2468
2048
30419
3697
3653
29587
2858
1679
3723
2208
1192
4888
970
4267
251
720
2536
4685
2759
405
2508
248
272
2114
4718
982
2868
3400
1879
4197
1650
2571
4660
41629
1511
4029
591
4029
1860
2781
2080
1939
99
31387
1453
2830
2247
3374
2522
1597
1822
5041
1331
1754
4938
89
4515
4495
4675
2829
2211
3719
65
13026
2733
4372
1715
4662
2552
3988
304
370
4503
3456
2401
4372
2210
2017
4067
2637
1933
1139
2878
1285
4864
2735
681
2147
1384
1273
2833
3164
1184
1645
2759
4656
3022
3057
3010
772
217
1534
1374
3719
2231
3397
1925
4787
645
798
2399
566
1669
48148
2469
491
2966
1004
189
4218
2244
322
1884
4852
2496
549
1553
4791
493
3696
684
1334
3944
33726
4760
3543
1084
991
1206
26746
4427
17962
6884
2034
3559
48889
4429
1987
1705
4018
3058
719
3170
1653
4369
4647
1218
4507
1479
4029
1836
16604
2414
21479
184
6426
3358
650
1508
3195
3751
705
4423
49068
3234
4248
2037
6987
4839
3158
1686
24
15284
4304
601
2831
4201
1633
1725
4617
864
665
1448
1863
4507
3494
946
3970
4278
421
1700
675
4783
10996
91
208
3330
3232
410
4910
912
3352
2329
2565
350
859
440
1613
3497
4545
676
2761
2157
4748
1404
2421
1841
4036
3742
45486
4558
1920
626
604
1267
2634
3949
3778
3075
3309
1343
2210
741
49591
2254
527
4018
2264
3987
2758
2270
3720
917
417
291
3347
1192
3128
1329
1440
4557
2153
24562
620
837
1135
2781
2605
2095
105
2127
48180
872
2626
1843
29131
139
1141
2586
1660
1775
4315
1867
2341
3723
331
2621
3089
1779
140
13376
432
3320
563
3457
2384
4659
2774
2108
4503
4042
508
3876
4918
4443
1046
841
1659
1464
3984
3750
3444
4856
1314
456
4826
1668
1910
424
37539
10
10496
621
15111
3009
3248
42646
3322
1299
2381
3880
702
1436
4959
949
3316
936
2380
4415
3262
2644
81
4857
22681
1139
2999
1235
2735
2811
4640
2722
1507
1023
1801
3955
4722
1518
4824
1126
1242
1082
78
668
4
2398
1231
34643
592
2510
9761
3775
2758
2457
3291
23506
4684
2704
1919
211
4547
2938
612
587
1103
401
362
15232
49503
2783
2739
792
17580
4484
4698
1294
3980
4933
3559
3725
2078
1811
1452
3687
4947
1948
2398
1239
34697
3491
2359
1951
1477
30809
1002
4072
3871
34682
2605
2923
811
2827
1909
2485
2954
386
27080
1886
2220
2810
30415
787
2454
4158
1861
362
2951
26259
1422
2160
4140
44911
12012
1743
4464
18356
3697
3985
3883
686
3121
2256
531
2784
78
3657
2801
993
2027
806
189
1478
1399
3658
2687
2081
1806
2790
4275
25456
4961
26416
33848
2185
1449
3725
2478
3317
4444
3157
3646
700
2351
1615
3762
4953
41318
1592
1564
1264
1908
295
92
1923
2725
282
2232
3047
2304
2367
1199
3741
3348
2161
49393
4046
3764
160
3710
1629
25908
1813
3462
672
1271
2310
67
767
2288
846
4633
4836
31600
31810
4315
44090
3935
4317
2428
3750
1031
4586
2061
3601
2280
3427
1727
1033
456
41248
4227
1431
1578
2953
4049
1557
4855
3719
3608
4976
31005
4455
2257
24052
2031
6298
28476
1222
2949
2461
4548
103
4717
4048
3296
1050
4664
4584
1576
3810
4582
4069
2404
4213
3568
3018
303
1357
756
3720
13152
3470
3347
3500
2044
4900
2208
1836
3995
186
1939
2155
4878
588
3733
3810
39
4275
1547
984
1021
1072
1063
4576
3159
8777
4408
2655
11291
3837
33241
30897
14956
3063
4545
4549
2653
604
728
4787
845
3283
668
4759
979
2569
1595
31397
3683
11984
2750
3235
1594
3975
4150
4193
3419
3676
298
2774
17268
1652
1700
4397
2035
42487
1758
4259
497
4742
3283
4466
2053
155
1335
3855
3723
3988
2906
2123
1200
2453
3930
4576
4326
284
45452
3324
1496
1280
4998
4838
1493
1983
2863
954
4663
3635
3759
25693
4214
406
1503
20162
1405
3893
3382
3948
4740
3080
2602
2604
3624
1898
1756
68
1323
4780
2550
2234
1485
13363
2063
1119
893
1019
2649
2932
3393
2627
2325
1051
2867
1552
258
294
1737
4959
1874
2985
1028
3536
3645
1325
1093
2178
3430
2688
2073
3589
3054
1719
6646
384
3544
120
4308
1726
2015
3118
2747
316
1614
37155
2436
3356
4283
2340
1786
201
67
3457
486
3136
4523
1123
3351
38806
53
3813
1032
1924
3226
4131
2119
4154
1053
744
1274
41284
1767
2993
4041
13288
102
2236
481
184
34187
1952
3666
2674
4164
366
689
778
550
3994
274
47810
2323
1640
705
2468
4453
2801
4642
17131
2301
322
1100
2623
6800
2680
32
2407
42
4797
4679
2039
23513
3244
982
4018
1807
2154
3297
986
3869
2592
4946
1991
4854
2064
3598
2232
2780
1456
2365
2366
408
1134
3247
447
3071
203
1000
4717
11265
3389
547
3190
594
1692
482
1792
2919
4446
3743
2668
3208
4400
4877
1932
25328
4201
4445
1772
1783
3814
2990
3596
1688
3230
3636
2424
33
740
4877
820
2784
2284
4603
826
2593
4819
1756
1113
4914
4536
474
23978
3253
3375
2991
2924
1039
15415
3087
2604
644
1984
1505
4967
31229
4853
4083
2311
4714
765
3295
1932
1418
4868
569
2799
2611
2757
1387
3209
207
3000
4799
404
3502
136
2622
681
156
4787
768
4327
4086
551
3754
4057
2509
3484
2110
361
962
5825
3240
119
1441
2614
25632
2340
3330
966
230
802
1910
2164
3009
2959
29041
3306
313
2295
3066
4845
1974
1637
3160
2492
2775
2739
3573
3233
680
2489
3682
4476
2801
4306
716
4389
1048
402
761
102
1956
2020
3950
454
113
3981
2521
49051
2395
20
4365
3596
405
2772
1764
4368
2581
1688
292
27074
3283
151
934
4702
1
3915
3411
754
2034
2747
255
818
3770
4033
3651
2968
4648
3589
2098
1524
309
381
2577
3642
4355
381
2510
10021
2473
3543
4811
340
4093
3029
700
3612
3900
67
1396
4188
1089
4508
4710
2115
43924
4463
224
7
3553
35501
4101
16862
598
2932
1467
674
30243
2158
4259
18847
4691
1888
1616
4517
651
3476
4538
3682
4262
2216
43481
3252
2129
3641
3543
875
2549
1393
49559
5
3938
3761
944
4432
4559
2732
43295
586
2435
4622
18481
2116
4867
535
1149
331
2397
4129
3554
4986
3064
2377
171
369
1519
924
4637
5088
14948
4813
2375
4478
3512
4206
3448
28194
4390
254
2317
35016
1548
4524
4550
3032
3101
48010
1422
3937
300
3223
42012
3841
2871
30656
3543
3820
4055
4081
753
2344
1856
4579
3873
20118
2516
4205
1973
3863
2381
823
513
41181
2277
3180
4815
2662
2107
164
4603
4573
3180
587
589
1869
4016
3775
4175
1542
1936
4514
13089
4147
1712
3022
4897
3100
580
3709
4702
2725
4811
3672
1169
3617
3825
2310
3654
4919
3557
1716
37665
802
4492
3252
2026
3264
4887
429
1470
530
49363
1265
2556
3378
8715
471
772
4238
29
4457
4204
10071
3292
4705
74
4716
4492
3063
3461
49785
3856
2225
37046
676
451
4794
3855
2322
300
2275
22086
804
4617
25185
2690
2743
4911
1942
4194
3545
2692
1421
4183
222
1353
712
4319
937
2079
3891
1546
4201
1426
2391
2494
622
2170
371
1347
3119
36720
3740
714
4305
1712
2321
4800
3769
501
3757
942
3619
1643
2109
3505
2914
3467
1847
7673
48809
2326
3089
1667
324
8112
4895
4060
1332
3084
4782
4309
2923
51
1762
3767
4958
480
44392
1571
2427
497
956
834
489
3865
3354
1013
3145
1394
3092
2006
4997
97
21893
4701
4813
3866
6933
4939
24320
4627
227
2422
838
4811
4612
2277
1657
1777
4952
673
1726
4297
10681
12435
575
3990
863
1882
3544
240
2208
935
32882
62
3062
1782
2634
394
1105
4134
3773
34
3889
2460
735
1030
1743
170
2112
611
16647
4601
2326
998
938
850
3593
4981
1919
44498
32898
184
134
49859
3215
924
2004
2495
935
1855
3002
4132
1647
284
1030
4851
3183
2489
4160
39571
2081
3595
4139
332
714
3015
25524
2792
14012
964
4375
2358
3467
1141
1348
4147
2063
3141
4520
4488
319
21508
2747
785
3285
188
4439
2571
3248
2817
2317
3157
2463
4250
4865
369
2753
2332
3785
472
3427
3797
1449
4354
2194
2331
2593
3946
1791
821
2137
4902
1894
12451
2585
1242
2899
4495
918
4332
3949
18
341
2664
686
2092
91
3546
1871
3136
4157
638
183
1966
1581
792
4141
4350
525
65
3455
649
834
4244
4209
34577
2062
147
2
3988
1890
3367
547
4460
4868
3442
3095
1752
1325
1362
14277
337
257
3328
3015
810
23290
2247
2371
17060
1019
3086
40
2349
28338
3798
1081
3305
3275
295
1971
12102
19204
1252
2336
97
2835
648
40705
3830
4486
384
4452
4562
1608
3903
2251
925
1006
4564
4104
1972
204
1083
3164
2187
3154
2221
4942
2018
2066
3930
1543
3798
298
446
44994
3649
976
4468
4176
17162
818
2122
4933
3649
48658
2885
1193
680
1719
3293
4557
4984
2773
667
250
1291
4266
3272
3148
2195
3841
2070
417
1988
252
1558
3022
36257
2716
28373
44594
1625
2862
47796
4774
2359
4209
420
380
2329
39061
3065
2989
1869
2896
2142
30868
4292
782
4239
3759
166
1804
2030
1930
4202
271
1064
432
3851
4616
2410
388
4678
3063
353
1030
41985
2995
4998
355
4913
1697
41362
1249
1477
3130
16
3671
3054
2532
3011
20266
1313
1209
2374
3170
4277
231
6617
1720
4818
685
4310
2147
1628
4799
389
1131
2409
2762
2253
1143
3754
3235
2406
2991
4928
988
2483
2154
1402
371
4915
1837
1230
3729
3011
42799
2298
1002
6951
3211
3789
1988
2421
1519
738
2035
2976
3754
2311
4406
2776
4393
2199
28090
1641
2586
1101
1147
2527
2753
4431
1256
4830
4462
4337
2277
1402
2530
3041
32936
4616
4558
4702
4671
1910
4866
2927
2857
2017
347
45024
2558
2858
1772
981
4270
4685
4711
24152
1049
2033
5681
1934
2345
3743
1748
2278
296
15146
1372
1533
3214
965
2853
1751
4692
1791
15072
2961
1058
2041
3331
2880
4994
4295
2595
4537
1230
1838
1060
4141
5315
1573
1060
49297
4570
474
2536
3953
35
3564
2477
807
8975
3842
2006
2643
1922
1741
4435
2623
3876
1483
1265
2249
1823
5389
3624
2673
2606
31544
4404
4979
1697
3407
3126
1648
2693
2987
2693
3894
2068
3333
1453
3306
3820
30348
4737
2747
3222
950
1580
3421
686
413
28738
3328
3882
286
4333
388
871
3622
2152
41999
3970
238
1315
884
1611
4822
1550
4804
597
3778
33183
2091
4444
1939
75
2288
2191
2204
34138
1497
1579
1522
4892
2409
2875
3510
1389
1058
3461
33573
1576
289
1729
1254
2985
4394
2999
2852
2352
2289
3355
3303
25081
1807
2430
3290
69
3973
2544
3947
4123
1985
1737
61
1345
2166
2783
419
4551
3043
4697
16
951
1348
48812
550
4527
3743
4419
4804
2456
24573
2625
608
836
2547
3889
4986
1702
861
1257
38906
1154
49439
2391
3011
9550
2980
22634
1988
538
1370
3801
3776
4997
4312
286
2725
2981
3624
27665
1679
1177
3135
894
3537
3629
4548
2529
4469
47147
1240
685
2199
4946
1584
4759
2781
2056
26099
4439
3143
4421
2841
1372
798
2451
3442
4305
582
4834
17243
115
971
2900
1577
4665
4357
1279
3378
3435
1374
4816
1944
4756
37029
4436
3930
1206
4292
198
301
28968
3785
4541
334
13347
3246
37263
529
365
1827
4879
39147
3543
845
3479
894
3514
41402
1240
4309
2016
247
872
4296
3425
4709
4112
4569
292
797
15896
2509
841
2485
4879
4959
1550
2549
18519
2142
2690
3927
3211
853
2040
4581
2914
1145
1504
3731
3242
59
1444
435
4206
4976
3557
2771
1689
142
2145
673
4954
775
4412
2442
26
438
828
4656
4324
3135
2078
2506
30338
3987
2809
1722
42744
1738
1087
3651
2885
2662
784
4774
1464
3069
4455
3500
276
30152
792
2516
685
4309
47347
423
3575
3350
3649
10702
36240
2384
2262
1725
3434
4295
1324
3780
3592
1346
48189
817
1942
1522
3679
925
805
4170
3806
1134
2092
3135
210
207
3050
1859
3732
3944
2885
2849
594
4059
1881
2690
4632
37286
1971
128
3271
454
4522
2936
3195
455
1972
4580
4378
2667
4183
653
3765
90
3457
2329
404
723
43862
4430
33725
1023
1191
31407
1921
3651
3798
1702
885
119
22156
20402
1501
605
4970
2671
2617
3566
401
1313
2830
3479
22558
1141
4944
3981
1998
2297
3827
1849
4088
2136
3153
3237
2136
1090
2959
869
8502
3487
2375
4018
500
99
2641
1655
502
376
453
3951
46051
1874
3172
1199
1439
1083
1202
376
4139
2602
1388
4918
4419
3243
4509
1717
1904
1121
2133
29027
672
874
1654
13187
3552
14703
21987
87
2234
2297
3682
4957
2557
48395
2284
1673
112
3765
4305
1240
3319
2847
4763
2652
4021
4926
1346
4445
41868
2947
3215
4647
3709
1081
2015
8884
1540
2688
116
1442
3110
37
1415
3833
1940
2186
2657
4652
4638
1098
2387
2530
1554
1382
639
354
2238
48241
2093
964
1896
37713
1534
4175
2940
2011
1424
41230
4923
316
3038
3510
35309
23352
2577
2318
620
2944
4607
4707
4645
861
3781
952
4568
4460
2854
3138
1389
8961
4094
15893
3186
1984
3607
1680
41128
290
1755
694
2914
3490
48298
4853
3974
1955
4784
1967
2441
14179
3805
4873
570
1013
1727
4245
3897
4530
738
2639
542
757
1153
682
750
69
30802
3456
3491
957
583
2426
1002
10535
10734
899
4413
4118
3593
1644
4306
18891
4291
2823
742
94
2289
41701
673
2621
1014
1223
3821
3821
4107
4725
2232
3772
367
4538
839
1238
2296
1303
3324
127
511
4460
4216
3600
4876
6438
18282
3512
1743
8512
3396
848
3160
2390
1128
3289
1299
3812
3408
2846
1497
661
143
2806
299
1964
4053
836
15604
165
3768
2251
484
4261
2471
922
3935
257
1088
3571
3091
4103
2700
492
1226
675
2534
3806
4343
4377
1764
1826
404
49943
4450
3969
1652
2550
4975
959
4848
4800
1720
2010
1569
4148
4707
3889
4333
2251
3716
8
2201
711
1041
2422
48361
2578
966
408
3792
4240
2146
396
2495
2067
40885
2534
38032
1416
3311
8887
1521
3597
4811
1082
4383
808
1280
1664
400
4130
1561
3835
1253
2907
1181
20106
15
458
750
6405
4841
3759
2739
3421
2661
4609
3053
414
3634
4831
45765
1533
4320
4116
1319
1444
1022
1527
867
2704
116
3516
3522
49
855
1544
3734
4722
1209
4648
1743
4464
3297
2029
101
2829
35582
909
2029
1799
151
3204
783
4758
3481
3249
4545
4998
1525
4828
2286
2864
3778
3352
3668
1293
418
4364
3154
2806
4388
3372
3088
4477
1319
2885
4475
4019
41495
2498
47465
1909
481
428
3173
1858
38736
4932
3783
1676
590
27486
13930
1596
710
1674
4388
4127
49
2151
519
410
1276
48545
2238
1207
122
1928
952
3648
583
4110
3551
3915
3882
4224
2181
3491
86
3689
2615
1429
2468
4979
1664
2152
809
4642
4506
3200
3783
866
2405
3111
2765
3036
1220
1163
1101
38890
4275
899
3130
3895
3217
2868
22840
2487
4997
3832
3484
2916
3059
1113
2708
2334
1144
4120
3334
797
219
3382
3211
1816
1927
133
2084
3773
3577
5132
4316
4602
3581
23899
1916
1440
426
4450
1712
12214
4589
1996
2809
3488
4926
4098
32461
528
268
298
863
4943
4399
1165
3751
535
4007
2170
3459
536
1951
2066
2670
1295
234
2613
1521
3915
256
194
1080
1454
3637
3227
20017
2449
4560
3321
3851
404
1984
267
3913
86
4193
508
3374
1004
3178
4836
4286
1592
27692
1370
4557
401
1495
2992
3755
4904
1974
1804
65
2311
1667
44374
34700
2705
2969
3115
4813
42
1979
23538
4748
58
2806
4302
2943
2127
4185
4454
4484
2435
1578
2827
306
3416
46326
4016
2687
3242
9492
2964
4922
1288
2517
42344
4361
4368
45825
546
14333
7747
4331
3322
1462
1028
4962
36888
18497
2554
1404
687
4628
2037
4918
2862
403
3206
1999
23381
2448
4710
3229
2611
4042
2155
4824
3820
3399
862
4870
2416
2406
2407
3627
1442
100
10683
852
2493
2012
56
560
2581
990
2887
369
11745
213
484
39898
2624
1548
4045
3043
2075
194
3773
3954
544
1769
226
2519
3929
2850
466
4974
279
2194
432
4884
2301
2408
3672
2291
31911
2264
40577
31891
597
3088
4256
4607
1831
687
2872
3733
4407
2679
25443
3151
3150
440
1783
551
3362
2517
1922
6123
12473
2338
14100
4944
571
3397
2604
4865
4581
2895
3974
4022
1589
4775
2877
1373
3231
2712
2840
4972
1036
1580
3979
707
4868
1528
3164
4691
3649
47119
3716
1306
136
3394
3368
4917
910
3927
4561
4241
3720
43625
1641
1793
4746
261
369
3161
3527
4626
4034
4845
2340
1847
1555
4241
2780
4874
3874
4243
1512
39
21893
4969
946
3557
2044
2673
3203
4981
2363
2057
1938
203
4900
2506
31281
14744
3221
1091
1005
1308
3909
4249
3216
4317
1522
2998
3960
502
4399
322
2507
3494
857
2186
4876
4063
3386
1644
3094
16897
2856
2347
2250
3950
3205
3962
4332
1439
3027
648
1389
2912
2536
3518
932
4442
3681
3750
4658
2035
3797
2039
404
1083
2854
36871
14411
4538
2770
4222
897
1500
2657
2326
2600
5210
4504
1991
2575
4026
716
1244
3550
4644
1496
47626
1916
4167
1185
2756
3890
4410
4912
25008
1923
4453
51
452
2632
2857
3127
2324
1645
1796
595
2319
4854
648
8
2046
4941
103
1269
4564
4867
3860
1727
3372
2896
2820
4725
3548
46201
41472
123
1182
1412
2532
2236
36373
23454
4024
2313
2353
812
3517
4995
280
1312
740
4361
338
255
4021
1085
540
176
1636
2441
1118
4245
1169
108
2549
263
35288
2514
3070
3640
746
3020
21159
20536
1089
3034
893
1434
4677
3533
1535
549
1100
6798
38067
31
4470
2703
4321
918
3905
4834
245
4946
4358
3269
3629
3271
2237
2268
16481
3723
3651
3345
4582
1939
615
2667
3537
2014
8627
4722
2711
2191
26393
4085
1604
2501
12287
1191
24758
4563
4224
3249
1670
1394
1743
4218
1288
2891
3633
1989
2815
1106
968
1811
1309
31
2006
2676
4521
38946
975
3692
2929
3021
1485
3004
4285
4778
2526
339
1344
1114
365
4254
3509
623
3017
3897
3517
10
4567
1584
2041
4772
3902
1493
3898
4786
4952
3611
4035
33919
1038
1323
1241
4739
1289
490
338
2693
3474
30397
11151
1442
3360
4837
4667
2894
4270
4648
4408
3210
3506
636
1002
4144
1627
1965
3928
3862
3311
41537
4723
2692
1236
4457
330
3085
4146
4567
170
4594
14033
4744
1449
1093
4910
48327
41791
2858
1174
25171
3006
38427
1640
47
3919
3507
4128
1718
4646
3814
1458
2508
1666
3453
1711
889
3223
1470
955
335
1636
3185
4294
2581
2695
305
3782
1725
1930
4011
4247
4617
1798
1395
137
2659
3224
4003
4164
3345
2707
2921
3705
4351
3584
789
1200
111
1756
1646
1315
1150
1567
3736
403
3409
1152
3093
1985
3346
1755
4190
1831
1442
4672
1559
1230
1942
2247
2864
860
2176
3965
741
839
2680
2733
3623
1345
2746
3731
433
38745
3330
2027
3240
1991
4066
604
766
3248
4819
49682
4575
4175
1103
2451
40
4640
2746
2272
4186
1831
28098
4945
1592
1488
530
3223
1434
2069
494
2093
19447
3547
4589
1241
282
3767
320
2507
4036
3495
827
129
2609
924
4757
1751
3644
4748
2623
1296
38625
1324
2573
3800
4318
3943
1206
4704
1844
4312
1121
2821
4857
931
504
4570
3350
4389
1733
35657
4847
2939
1982
13997
42364
129
595
2605
40757
470
3196
4042
1366
4796
1008
3527
2279
4805
2296
606
2960
1326
3352
4964
3439
2705
1234
3735
4900
2303
462
1948
24985
1094
48393
1844
295
4869
39989
1276
3996
2315
3151
3130
2320
10662
313
45330
309
4988
2827
4793
25718
4598
4678
4893
20913
65
520
1272
3314
1386
3798
734
4556
3255
2115
2921
2157
3541
3032
2409
1512
3389
895
4611
1251
2271
3704
4720
38317
2220
5998
1339
3506
11482
4978
4841
691
822
695
3221
16632
750
3060
312
1550
4938
48890
3083
45779
452
3380
4510
470
4888
4641
85
4576
4523
791
4239
529
306
184
2306
4267
4486
4006
1831
1733
1081
2487
656
1067
1563
3469
680
742
649
1093
2473
1055
849
4012
24889
3286
3129
24203
2240
3915
2060
5128
1533
3130
33545
760
34535
1798
815
43473
430
2454
4904
2688
3206
1041
1736
3036
4294
3513
32803
1897
4130
849
1880
3464
4930
1342
1308
4376
1208
336
4340
1190
1054
3016
16556
4799
109
1114
1668
764
4004
4269
33290
2776
1217
1144
3212
1350
3246
592
47287
4147
16419
2072
3296
4204
4629
1067
1780
17466
4134
749
32262
18843
4155
1827
4286
252
876
2397
495
45693
31189
181
999
2494
3522
2022
2979
2908
510
1364
2545
1013
390
4822
681
4739
1430
4228
4598
4812
130
3574
308
2342
1962
793
381
3668
36474
2075
41603
2564
2840
8
3984
3251
1755
4886
3098
521
2549
2627
897
1611
2641
2967
16793
3457
3055
2558
23537
9941
4765
3766
1065
76
4997
46560
3531
19643
748
3562
2791
2796
3248
2352
3017
1653
32601
4916
2230
4589
3836
2774
2037
3559
510
166
1229
3009
2710
1558
3457
679
2050
1293
4518
4775
4036
2492
40069
837
1182
873
350
1181
3571
3340
1718
3349
4267
3156
1401
3491
1370
1243
3096
3663
335
4190
29138
1381
1307
4736
1382
2061
14921
1370
4041
1328
628
2457
3867
71
3857
676
147
936
2988
2088
4780
2355
1976
1895
1636
4563
2377
96
3605
1550
4821
3501
4902
4192
811
848
3015
2849
346
4598
493
1326
3225
2921
3100
4216
1718
3568
86
858
2253
39
4391
194
1343
1942
4502
1577
1002
466
1316
3279
333
4923
1901
3213
3371
46350
1368
2875
1927
8942
48870
777
3537
1165
1201
936
4265
2999
49828
3975
4408
509
3127
25052
4970
3979
4922
47019
4939
2691
2892
1196
2995
4491
32157
1162
250
1765
3478
3247
1955
4071
731
37522
4518
314
3266
733
2979
2270
410
671
753
247
3011
24879
1835
105
1588
3208
2010
1805
3154
1923
2394
2999
830
701
4055
45428
4444
1445
3161
351
945
1078
2373
4339
4377
725
541
18470
622
2416
4000
21618
3901
180
316
4439
440
31574
3945
4241
16536
3327
3911
4244
4063
753
1805
3663
3892
808
4001
353
772
4029
4872
1200
1648
4916
3930
3000
2628
1859
192
1750
3918
2328
1385
27763
2273
2170
4858
2611
3263
3665
515
330
1363
3465
2635
48365
1348
4386
4998
1623
1682
44292
3353
3624
4969
116
3028
1895
1517
1575
1562
4942
4996
3997
39221
164
16054
320
3831
4059
897
3946
4824
4404
1705
2776
48184
1818
13145
4195
3961
10595
3809
1603
4854
3589
2529
3396
723
931
3879
20905
37
2055
4980
2562
3282
2285
1058
959
3606
957
2793
2785
1262
4583
929
2644
2987
2931
2845
2337
1085
3003
3182
68
1821
3057
2149
1951
1577
959
1348
1684
4630
22215
4640
33753
3231
549
963
3063
199
1788
3543
822
433
337
1052
4315
4470
304
11011
3924
4145
4006
905
648
4074
1874
3275
3211
4600
4458
925
2826
3280
4460
3638
1393
859
3909
3817
2742
2616
1648
2367
193
4322
1557
604
447
42586
3185
3872
2881
1351
337
3566
1431
2060
3928
1459
2361
347
2953
677
34660
1217
2663
3138
1668
3357
1069
2754
4327
2677
4418
3374
3817
2205
1966
33073
4673
4182
4311
16556
3843
2297
1110
42631
3667
1724
4285
438
1437
2204
2812
47785
4155
2238
1948
10363
33297
4684
3203
2182
3598
4262
785
1106
2887
4357
359
4204
1220
608
2149
1602
1700
1549
1879
113
720
42520
4044
2122
38173
3963
4195
934
2493
2831
4755
3068
4956
1333
4920
556
30532
3921
1978
625
40569
326
3293
2102
3514
4623
4207
549
3939
23366
4018
255
3012
3099
1775
2123
32243
20047
2088
27927
36526
587
3717
2854
2681
2454
2971
3204
1385
2207
3976
2973
4009
37088
4432
4563
1140
2106
4336
1245
483
531
3612
3236
34715
4750
3096
4421
99
4622
2873
34244
2416
2208
2667
4231
3870
4453
770
2574
4456
1481
136
1463
2548
4860
129
3035
1232
2357
3319
850
4778
3893
1652
2928
4611
936
2548
83
410
522
3129
668
268
4592
1142
902
2126
3385
979
707
3707
4820
2901
30201
263
3382
4746
3825
2120
1803
1452
1478
1820
42713
4561
850
1188
543
1716
922
815
2244
3999
3205
3324
32520
1962
55
2657
33624
540
1677
4607
6080
2643
4761
2143
791
4502
331
3514
2327
1275
2151
3127
4104
4900
2726
3172
4933
2049
4828
4981
4652
5761
516
29
3555
472
801
13311
280
2795
829
2941
4138
3781
3070
21955
4038
1400
1764
4218
2700
3405
1086
3975
26447
3052
2803
9776
973
2724
2251
3429
4667
4324
2725
4050
2246
2476
1685
3551
1012
4504
1952
4044
3842
2093
347
3733
3255
1467
682
2484
35057
3049
48292
1459
2771
2115
961
4367
3020
1219
2922
4995
1051
4717
1719
28885
58
47312
3018
4374
2322
3728
2407
3545
1678
4710
976
654
926
686
26964
1571
1024
3042
1789
1557
34720
2260
2462
3006
32735
1920
4747
3482
1323
814
1080
78
2258
630
2230
89
4962
4632
3217
1323
3230
2040
4325
3692
817
1816
3396
1297
3834
847
396
597
3508
467
78
2575
742
1406
19
1546
929
3981
2520
4065
2975
2967
4314
828
1073
2625
1363
642
3904
4004
4030
1553
438
4740
2723
4890
8511
2091
42903
4028
4092
4848
809
1293
892
1599
4540
22833
20175
31311
595
2185
581
4573
2138
3615
3772
1419
3642
535
2714
916
18290
1542
923
4882
3162
227
4869
3866
4387
38933
4105
4676
3720
724
33395
671
28540
1378
19743
1773
3275
4536
877
3106
2945
1307
2131
3199
2516
3550
2976
1283
22268
2001
13405
2829
11887
4728
45411
3786
3083
4714
2733
1656
35
1946
3240
3864
2519
1450
4195
2905
4271
41807
4420
3065
184
3958
2369
4996
171
2071
4648
2197
405
4627
3435
4299
4137
4574
3696
4963
1436
46109
163
695
2928
3207
571
3613
2299
2044
4324
1925
4377
1158
1214
3719
1639
2977
3785
2410
473
473
26285
4549
1867
4395
662
2938
3843
2670
2366
1642
1760
247
3184
1284
1307
4566
804
1829
1740
3157
1434
707
4005
3877
2993
1329
3388
49545
4928
761
4367
2104
2759
49070
44953
1989
886
664
4061
3895
3174
1788
2707
71
3006
18967
36225
746
2047
1499
3872
2015
23751
31923
556
4935
1421
2015
2599
18005
1180
2711
4510
1731
1700
3185
2670
1444
1973
2836
3431
4492
4366
3706
4070
3751
4599
2926
4870
3279
3535
1820
2930
2497
3457
1586
3724
4242
4905
2461
613
1575
1354
1728
1422
4632
3989
3096
3261
3052
3305
4361
4564
3197
4185
4255
1287
2161
4041
3120
816
2698
3001
2096
4709
3249
2348
2075
2294
4587
2881
854
3577
329
491
4206
4666
300
1465
4730
2944
303
3104
4616
3264
3655
408
2090
1770
41752
3933
3092
2278
3671
2505
526
1474
4948
73
1528
2924
542
4977
1842
32
197
341
2675
125
1891
1757
4284
1280
4713
3640
630
3613
4040
1958
4123
1831
3662
201
1439
3895
34228
970
922
15404
3585
4907
2713
3160
1597
3650
1297
30298
1780
2896
1561
586
4593
905
2844
1397
42000
1285
1923
285
148
24695
4347
4175
4767
2662
2702
1996
8680
4263
204
429
4935
3687
1588
4357
37999
184
4918
31311
1084
33307
3202
220
4735
3329
38297
1748
4596
4861
3825
2602
156
3474
4497
4107
3365
3897
1628
164
2222
1723
975
25650
2357
1320
3982
3079
1148
2676
3388
595
1186
2217
2157
4482
1803
428
11
1187
1402
4512
4701
2422
3737
4670
3691
2469
1137
916
4914
498
2839
3378
4950
2370
4399
3525
2051
4040
47496
4167
4893
2569
2425
4949
4506
1130
3601
2465
4930
1800
1727
3435
642
3176
4262
2290
3651
3550
1080
808
813
595
3708
979
3106
3689
1510
1487
3708
2067
1332
4157
2182
4531
1403
3769
4016
674
4452
4082
2569
4260
1184
2235
1831
4936
31256
2925
4863
2961
45
3956
3619
4240
2353
1571
4813
3322
36521
19584
807
672
2868
462
4721
2185
27113
1971
3931
41601
2042
4186
2736
1960
3029
3575
4090
1182
3368
923
2087
4760
1231
1673
3119
394
1750
3525
1739
2635
2662
4044
769
494
405
2086
2220
1928
4293
3494
514
3878
4621
893
3112
80
1439
2794
4625
3678
903
3266
312
872
1678
20901
2554
3952
1974
2749
681
1439
1488
1196
514
2016
2750
4825
4947
3838
42507
71
81
2908
3255
3119
3465
3663
4746
1117
4031
2531
258
3186
4048
4485
2325
4179
13553
29
1922
30492
4135
4974
2784
2967
41944
1881
1554
2387
969
3011
2911
63
19749
5034
339
3774
173
1324
4919
4327
1761
56
1344
2941
1296
837
1759
2370
4821
2380
2584
38496
1636
369
2782
4718
1301
3696
16465
4242
49107
3800
4558
1622
3798
316
1269
2419
3910
24384
3424
1775
2391
21304
2185
4539
3846
4060
2009
4138
2297
4293
4821
22203
738
160
2543
3596
5727
4442
3801
732
3416
1378
431
25360
808
3435
41272
405
3420
2895
4855
2482
671
25039
1701
4710
3908
10629
3146
2563
2836
4625
2237
3069
2146
696
1309
3179
703
832
4549
334
4528
4303
1477
3683
2543
8950
2670
4318
3677
1962
548
2090
2812
2500
4236
1534
830
525
4523
468
240
4612
2035
1600
2758
4688
3624
3555
2154
4527
4923
4309
444
3190
4113
1790
3274
3982
4073
2890
1489
20
1579
3295
1424
4522
1585
2190
3382
1874
1191
635
691
202
2699
3040
3780
886
10193
4538
2163
2049
2054
4004
3458
3388
920
4493
4721
1785
1090
3896
2326
1965
118
9451
993
3469
93
18564
2633
1580
3231
3321
2493
2087
4235
3309
2058
2085
34061
3771
1046
869
789
4205
4573
13141
319
659
734
695
2735
2690
890
1784
4598
831
4071
985
2128
4320
334
13776
4754
526
2284
2195
35080
3421
2962
2439
3229
3507
2838
49603
2887
1425
171
12937
3452
614
523
1501
32
4183
2600
1522
2618
1041
2892
1874
3921
3906
48821
4152
4431
1866
4723
267
2641
3782
3378
4292
1798
3896
656
3991
1660
33269
2806
4195
2063
12389
1725
3894
2838
25297
3675
4409
1893
7
4937
1586
3040
1205
878
2499
4440
704
8921
4652
962
4897
788
28904
3576
2368
1803
41477
3445
4295
1807
35713
1666
43358
3516
2032
3999
3097
1450
800
3875
16089
1850
2087
2546
1509
3490
745
2798
3008
1458
2674
4409
4895
3671
4246
2238
820
703
3372
8
4974
4089
3702
1533
411
1263
2392
4525
4495
4148
4878
2023
3131
4444
2672
4744
3773
2701
2390
209
2263
138
2546
27935
680
4095
1967
2027
2016
4987
872
3717
44090
3727
3488
2547
4630
2149
9339
3931
1937
3129
2660
693
634
3860
4294
2411
1597
4508
3312
4108
30
276
1910
1432
3246
4989
3559
4790
15466
2550
3944
240
7530
55
2431
2475
1803
1691
3535
3031
46554
1112
2848
2574
3965
4836
3579
4910
4181
3544
155
151
1380
1904
4749
3639
1059
29633
3678
3334
1642
279
1604
652
3067
562
2511
615
2218
4421
1796
3805
2319
2666
2339
318
1576
1097
2616
2481
683
3380
4822
3178
29020
17792
4059
1813
22759
3689
3289
10818
2788
3476
49056
1173
3798
4313
286
3041
2846
4580
1587
3358
3166
3397
250
676
3012
4981
2885
2619
976
26
1990
912
8792
2278
709
372
2489
503
1925
3302
3678
4338
3348
3238
4192
3265
2428
500
2575
3365
1602
363
2199
283
4189
4
448
4610
793
731
311
1138
2731
33629
1886
1176
1143
4696
33067
2873
4421
2638
475
2131
4299
2485
3648
3629
3122
82
3103
34778
2011
4098
3640
2386
3204
1611
4844
639
759
4236
15619
2681
3272
3294
1308
4449
3101
4128
4652
744
69
4386
4634
1740
479
22921
401
3984
4197
2907
3120
1131
1977
3599
3731
20533
3049
30371
2708
3752
34246
2987
4244
1012
4998
58
3547
1497
38176
11894
2068
710
3631
2259
3768
5585
2712
4839
1654
3085
4230
3222
46
2977
862
2617
981
2637
4307
3880
32395
1202
2915
3759
2675
14210
2173
1255
4182
2594
4394
2067
4617
3956
1665
1273
4045
1007
3898
4009
3111
440
8762
1918
3218
988
87
38324
14328
3934
3260
634
1464
3759
4849
43838
608
1081
41885
4273
2507
1418
732
2228
4415
4545
3366
2166
1441
1650
4392
28994
1863
461
836
618
2309
1103
4589
986
3026
4191
28498
2256
1465
2031
3466
3836
4143
345
27155
1277
1174
7905
313
4098
4326
2919
737
3094
2850
2621
635
378
2848
2535
417
901
1503
620
1333
2222
770
422
2434
4893
2911
3210
2851
19666
503
2557
2356
4713
956
1496
7552
2254
4194
4182
3203
3989
4151
983
3969
2123
4942
4324
3465
22610
3648
3245
4853
3755
10482
1786
4029
3783
3987
4558
2479
1805
4366
2724
2984
36264
898
4403
14000
3992
4948
191
4092
2093
2319
3926
22463
4695
16354
962
2825
532
413
1627
1671
2868
6118
381
49520
1512
1018
2786
664
2726
4284
2957
823
225
20034
1852
182
1706
1738
14292
36816
1410
4448
8
3181
4824
4341
2617
3493
4051
821
1477
3917
1729
1165
4036
6161
24177
4489
4159
93
4562
35651
2540
267
3703
4443
4189
28659
884
1159
571
102
4949
4115
2929
1481
356
271
32018
4472
4761
4696
888
363
1620
2112
1493
1153
4262
37801
1883
7684
2239
1987
4489
43780
1391
4519
3148
5681
801
3777
773
4960
2361
4453
3611
3021
368
41366
31913
295
542
2001
4281
1738
455
1835
4199
1857
3377
2275
918
2452
4175
747
46296
1862
534
5261
3884
1343
1451
4271
204
1488
1297
2872
4102
1988
1656
4145
1754
3520
650
1909
3107
4781
3073
502
3792
34621
1300
4226
30426
3459
8291
3068
4462
4802
1368
4234
3145
4964
26700
359
1922
2696
662
2292
3706
3167
4107
3266
3974
10606
927
1164
4005
1561
8776
1259
4148
4324
39118
1036
1821
2023
3786
3003
1462
3225
1075
2607
3713
7345
2123
10736
21359
4845
803
4015
2721
1360
726
1618
1519
3702
1867
1889
28357
1060
3182
417
3888
3104
4980
1105
2745
4439
1276
323
3687
12
4297
2070
3593
2809
1262
4567
2160
36712
2993
2544
4933
1431
42229
2280
2294
3018
3331
1466
984
4070
4695
432
561
1560
44149
478
4665
1030
1828
4069
2617
1734
1139
3662
4114
428
2377
1607
4617
1217
3769
2483
3052
3056
890
3053
9193
1922
4432
2570
2228
4707
1799
1125
49792
2268
517
159
1925
4429
28359
27171
3451
1679
3149
1477
1806
33507
1314
2264
862
30468
3572
4661
2168
2856
1869
4805
992
1626
2684
46332
3971
4072
42623
3852
1677
1007
483
1549
211
4465
3678
2894
4842
26077
39279
4197
2081
4212
155
2636
3524
4943
45267
913
4665
2722
3451
1666
2332
3927
3554
3191
2355
4357
2484
13750
2883
1273
1732
1822
1352
3741
4134
4677
3703
866
42821
3439
1361
1136
907
187
2437
1525
1555
1176
548
2064
1318
595
3950
2570
1688
4612
13651
1310
2082
2766
488
390
339
2974
7676
21097
1778
48510
34
1722
3102
752
5882
1599
5716
398
2275
4200
3972
4719
3961
318
455
4941
4966
88
1694
33814
2059
2962
4741
4044
3843
3689
817
36939
4882
3392
1752
2261
2565
4026
2327
4500
1360
808
921
338
3041
1046
3732
2875
1250
2840
840
4951
3756
3059
1485
3367
4171
3340
891
430
1554
3320
316
695
1461
695
3457
2123
1657
4873
1291
2674
4773
4590
2336
4767
1563
953
171
1737
4118
2545
3818
2559
4496
117
808
1514
531
3481
4968
17173
4417
1092
570
4573
4799
1163
31299
34776
4584
2452
3204
707
2442
2290
4200
1187
2977
27968
2374
129
1074
1786
171
4142
4219
56
4784
4356
3548
4053
1423
2358
3064
13607
13731
40763
4312
3784
2235
4088
3341
1102
3186
3578
4002
4126
4456
4380
3771
16617
3389
526
1488
1600
40612
3240
3207
3283
2723
3588
601
3729
3752
3409
2555
3571
3651
52
2294
564
3451
3005
17237
3055
3147
101
3136
3012
1624
1469
4068
37954
3060
313
3211
2343
3257
3288
3791
2572
1632
2563
2020
1928
3578
1759
4140
3597
4447
2413
1984
1845
309
4073
2416
2866
4065
14450
1746
4832
2126
2250
4425
4739
3498
3826
4835
3791
4863
36816
4049
2149
21922
1450
4319
1821
4404
447
1386
3919
3251
2382
4381
231
2560
3144
4753
2479
596
892
837
4673
23439
31052
3386
2247
2445
353
4170
4218
4227
3606
3074
652
1002
1517
521
1731
28151
4705
4217
704
4587
1711
1744
4431
2649
2454
3995
907
4930
3998
3345
1643
1036
545
4202
1489
2211
2806
4834
3723
468
843
235
2842
801
189
4199
1048
4626
123
758
334
4012
6125
1733
472
2857
1568
1459
4984
4859
1084
34509
1438
3509
4123
2677
362
17175
470
3232
2856
3054
1960
2178
77
3954
1077
471
3455
86
4751
4561
3329
937
1670
2187
4992
4329
4459
3870
2454
47242
19
3387
2112
313
2355
1786
4880
2361
1915
4510
807
554
254
2024
4909
1163
1192
1307
2021
3263
1928
7111
4940
47938
1563
7144
921
4199
4992
4405
29599
824
408
4057
187
3375
3484
3200
4786
2071
3592
89
4693
920
383
3055
2566
1734
3288
6536
37041
3244
4519
1289
4214
40683
24466
2292
11040
3640
6352
4737
3665
4054
2760
176
2101
4286
430
1937
940
21511
2301
2461
4656
4031
31481
2364
2196
3919
120
2937
2554
1050
4415
2363
2184
3680
4286
4929
29099
658
326
2088
3460
3951
2142
3753
1388
1964
27082
4561
46103
355
4327
2619
4580
7
22213
4233
3619
4931
2020
4506
3162
3779
39703
3542
31154
2389
1950
4651
4653
2783
793
4961
3221
1649
128
4893
2141
2339
3749
2351
3313
20246
522
337
3187
45603
28194
49163
263
2108
4992
4465
2781
3029
1558
2581
2742
4983
16786
3278
1660
11474
4427
4632
2628
4047
538
3507
604
2434
1766
3947
2553
1876
4805
167
10657
4933
2493
3294
920
3041
2453
1144
32855
1304
4062
4832
21281
4008
4802
2356
61
218
1935
1428
2049
3232
4494
1417
473
2657
1556
1798
4721
1425
2521
4318
1774
2425
4126
4247
3458
3768
1316
1982
3035
1182
1016
49988
6573
1743
4829
122
121
2533
2029
4258
2790
2865
2635
3422
1196
2356
545
2771
956
563
4347
870
978
1276
4273
769
4786
18850
3099
3844
4029
1133
485
2818
3766
4339
4405
1775
10070
1976
1074
1646
1156
3465
4791
876
150
2451
1186
450
1248
1544
1343
4118
2661
24226
2051
4437
3111
4703
443
2162
1044
1234
3444
4724
2699
1187
676
3223
3220
4536
4008
11291
4244
2790
2329
11131
3920
6286
3233
22981
20771
4230
3912
4574
29773
2493
894
838
234
2509
2814
636
2282
4108
27422
3952
3635
4228
3381
2600
2474
2744
4288
944
2910
3829
17922
3023
3321
3764
393
35983
1397
18558
14497
820
33072
1590
3814
1312
3552
3807
1559
3391
1562
10443
4916
1262
4565
1258
1426
376
3228
2079
347
3599
1970
1269
1239
629
4881
3299
1308
3675
2475
102
2201
634
3619
1670
2775
2893
647
4169
31079
12385
4586
945
1289
4910
724
2024
514
1094
1124
3861
2349
33264
88
254
1363
682
21393
4718
924
3049
3006
78
2287
1011
3553
4377
15788
3959
4925
2385
1757
4399
17016
4327
1392
176
12379
3826
2909
3102
333
28998
4555
2637
264
1379
3437
11829
2025
4565
4794
370
3241
2600
4677
3622
3872
3596
21809
2736
659
1806
2343
62
4680
165
3832
758
1028
3263
2940
30427
4472
2037
2627
24334
4977
3940
1865
2710
2461
99
526
1230
29704
1096
540
3457
3419
3165
1677
21272
3330
240
989
556
3518
437
4285
4122
4132
3800
3354
2800
2764
1612
279
4047
1119
1565
112
4821
3939
1601
3503
4542
3715
4030
1629
4108
21673
693
119
597
123
2497
33781
1805
4258
8
12769
1464
4693
735
2035
4213
1459
4157
1421
673
811
3695
749
1212
2021
2735
4138
3961
788
1678
4500
3518
238
20380
4408
4519
2325
1468
4440
1045
2259
2966
3642
3193
4529
2242
2268
4720
4071
3446
2423
2401
49176
1369
4031
2591
162
1588
2345
853
3448
3926
3073
4287
2056
1211
1817
1685
4324
1265
621
4983
23219
4617
3089
1671
434
3901
2867
554
111
2649
2795
3015
1921
2576
2766
1166
1311
4544
3494
3412
1209
629
4914
2570
49344
2274
2116
330
466
2025
3021
15448
1612
3225
2587
2152
3003
64
4210
15521
2203
4922
359
3011
1572
2343
4939
29854
4555
4691
2968
2330
2751
4761
484
662
26771
9678
535
4727
264
1632
1069
3539
1485
1982
4094
4791
2713
3798
2443
836
2573
1725
2513
2661
1436
2310
26819
4002
40826
3768
4079
955
3649
953
4494
3283
3343
1469
18412
1591
4060
1123
39818
3731
2863
3473
3834
2167
4813
861
3316
352
4161
4860
3426
1776
4029
2967
13154
2841
3226
2985
414
2568
4334
1454
4229
4540
4892
34833
2706
4943
1730
4682
21209
4376
3154
2172
2261
768
920
4972
3930
1777
2927
143
919
4345
2417
3995
1429
4807
1177
37964
36848
30100
683
3900
810
4818
2090
1818
2466
1682
4765
3228
1593
4802
3592
40654
1564
2793
4671
8386
977
2088
4906
31439
2386
3921
1964
3218
2727
1448
19357
705
4392
2932
1807
1003
334
794
2275
536
1912
883
1116
2856
4258
3325
1535
1499
2459
1456
2597
3215
9867
946
2047
968
46282
41910
500
1965
207
241
27896
3057
1521
3312
4798
4860
1869
2370
1745
3953
3265
1894
45639
2402
1908
3012
4364
4245
1718
4569
1371
1034
3269
1183
4399
3076
420
3050
722
1693
1179
3242
4226
2314
804
30
683
1183
3337
2367
4461
2609
4335
2837
4308
4956
5887
1243
34652
4450
42180
595
1504
2854
3870
1798
1282
116
1539
9800
3933
4477
2765
1907
42883
1056
816
3327
372
4771
499
3384
3277
4690
3259
3597
3674
27339
2766
4703
2293
1327
3336
1356
1935
2592
2554
2431
3547
3861
3675
3853
1074
1584
1948
1486
1177
4148
3976
2553
652
4514
4788
28
8463
4642
4901
2973
86
4469
1417
1251
2881
1327
3314
4580
4613
3720
4765
3998
4744
30420
27949
1201
1867
4469
2053
2730
30412
2000
4216
1858
1447
4543
16515
3204
4809
4210
4910
2397
1358
2922
4200
399
960
4537
1140
3838
3563
1325
1368
4504
3654
1163
1905
649
1448
202
2030
1791
3926
176
29340
3161
2722
3057
3712
5797
3646
2758
1416
970
4856
95
321
2646
1919
1915
643
465
2159
2731
898
4889
370
1065
2838
4381
9810
151
404
2516
3018
1162
2134
4553
3572
2854
165
2136
3706
699
33100
675
3193
3568
3451
505
4918
1870
4115
2828
282
4103
1220
1058
3906
1565
3945
1175
4340
4212
4533
1728
4724
3117
4592
2283
4737
2946
4825
174
4138
13457
124
3289
4566
4210
340
3460
751
4278
3877
3525
16939
4439
3802
36546
2279
4403
4696
239
3092
2914
689
2612
2144
2641
4265
4447
3648
38479
1672
15239
2944
3281
3361
3222
3160
8242
1136
4228
1906
704
2596
1446
2705
453
3228
961
3301
642
27744
2698
1916
546
27335
34045
2259
1817
253
1387
1121
2823
1239
2639
4035
585
2897
589
2904
4665
3314
4436
28102
3871
3394
2341
1567
1706
19805
2342
4905
623
283
1965
2193
3407
4579
3784
4387
2202
1402
635
94
3174
837
2882
2848
1478
3043
3909
2841
1979
3575
1026
988
1076
234
803
2198
1393
635
3852
4300
605
1988
4416
4538
45873
1042
4650
4610
4580
4263
4375
2495
3835
3551
3082
370
1069
3041
548
26392
2071
4051
1893
2217
3763
1616
964
2497
27142
20
1136
2222
4017
2178
1080
2065
4807
33449
4759
38058
39652
3925
1670
2847
2443
876
3073
17204
3535
882
2385
3683
3340
992
45312
2308
172
4049
1785
2205
1274
205
1366
580
3091
3295
255
720
4022
2523
3108
3993
3646
4146
3233
3129
473
1426
2125
4953
1600
3692
2713
49162
2478
4818
29937
247
2298
20188
2949
1179
4286
4392
3289
3764
23692
1283
841
2435
4715
549
4286
2687
886
2826
1313
22478
306
2046
3012
3800
2448
1888
4886
2683
1280
466
1793
26202
1753
1242
487
622
1372
2552
3376
3539
2493
733
2842
120
2190
928
3702
4999
1014
611
1709
325
1593
579
1590
1816
3928
3857
78
4763
4669
1603
4197
2352
1988
2671
4576
312
268
1117
4359
3729
4703
2806
4401
156
2111
1636
1396
1606
3091
2502
28733
1217
3774
4106
4761
4884
1081
251
2719
4636
2879
1237
466
253
4753
11315
4415
3598
1497
706
4057
1054
4985
3306
1621
1884
4364
779
3481
1183
4425
3010
4297
1495
1119
2374
4511
3862
2949
2745
244
3202
2236
4748
3796
4880
25978
4305
4768
4115
4663
13880
492
1380
1065
4733
29
21029
4467
3083
2952
3824
26602
14362
2874
777
3244
2805
4005
3083
1153
45
1688
1006
3388
4598
116
4517
3005
2067
2023
3900
1817
3631
4263
1832
3445
2303
4341
4061
159
2622
1561
2559
4090
4062
1477
658
3011
21
3900
643
2958
1356
3728
1233
4201
1021
3932
964
9969
2250
16924
3448
4966
1537
2160
4539
1561
4097
3600
160
1380
1415
897
2994
1319
2574
3022
290
16033
3188
2084
2218
1117
299
4742
1059
4021
3266
2100
11842
2673
33528
4989
3710
1352
896
2240
2371
1623
869
999
3635
144
556
3166
4411
2519
10354
2970
2754
248
2178
4386
1043
1818
648
3634
2373
1412
1213
2794
4549
4047
47665
501
1345
1709
2924
169
3936
2918
1921
11557
874
249
6393
1963
3128
2719
3746
4272
1565
4786
2838
1516
19940
4802
4830
316
42413
1563
19208
3801
2085
3517
1876
384
2873
3250
1803
4257
2708
336
2788
1912
2258
31767
472
2669
4835
13440
4601
3813
1021
3783
1957
754
3013
1670
3394
12574
34085
1628
895
2813
14
4435
3996
4521
1373
132
310
3780
698
1531
197
3862
2238
4293
2707
2356
3374
4965
1233
3747
1644
3567
3730
4041
231
3228
1920
4774
17723
1467
1037
4553
2189
4914
3803
49932
2673
1921
2668
4644
4034
2672
3155
990
2288
3413
3661
359
2545
180
3559
47339
2514
798
620
3738
3698
2010
1703
1596
1070
38924
2030
1596
4251
2056
2576
12963
2990
1447
1370
36410
1496
4097
4676
1659
2250
3110
4429
992
4349
3798
4143
3280
2328
2618
1221
1618
2086
4030
431
3890
1986
4057
330
4022
717
4137
413
1452
4357
4564
2668
4954
1060
3865
473
546
4475
4065
553
4064
3299
3878
3383
4167
486
1443
2784
4676
4294
1313
3800
1383
1792
2588
3571
20756
4227
4397
3017
2521
4910
47307
22019
24
248
981
1
19836
4271
1524
3694
4059
4658
3131
1743
4710
1032
3654
1917
2031
3045
4373
147
1691
29698
3308
4303
2516
3080
1086
432
507
408
4833
27784
28
592
3753
2451
4408
48659
33655
31911
986
2893
4580
3068
2141
3276
924
4154
21720
121
4464
3506
1114
2120
3033
3027
1853
4587
3745
3417
3155
4229
1487
1383
29948
1646
4806
2084
1214
1462
4997
1516
26433
3941
454
1596
48554
165
2516
2016
852
4741
2323
154
2698
1043
4572
596
45
3982
3952
2460
1151
386
38495
1273
4966
2991
1083
46033
334
3624
515
2320
4623
4070
2239
4281
560
1902
3659
430
1549
722
4698
283
1429
3305
17263
1584
1662
1908
1235
4941
14701
3962
2977
3439
1686
2922
2156
2241
1628
4057
1056
2974
805
1921
1287
2159
1261
4514
4921
4963
49862
31396
1851
3003
3051
4065
3754
268
1786
1925
4262
3441
460
1291
3654
3627
28903
2594
1138
4718
1598
1655
2958
4062
2704
1916
2794
2797
779
2986
432
1731
1146
1536
359
4654
4355
1836
4396
4729
4905
1992
2510
545
3105
948
1173
4044
120
1102
1627
2526
2230
21850
4078
2165
4310
4676
4923
258
4353
1544
772
1510
2870
818
2712
1962
27609
3401
2192
4275
103
1521
4407
2249
1423
6236
2649
2764
3690
446
3375
2506
1197
2599
4432
3368
3057
2576
3973
4892
4470
4452
2343
43201
4808
638
33838
1327
679
1959
4598
2162
4019
542
1963
45
3154
4402
2417
2200
34546
2502
1593
1727
1882
3523
970
3849
1956
2485
930
48474
3740
3702
4989
2795
2958
13193
4858
36215
4177
4784
987
2164
35803
1362
4440
968
950
41339
2890
4705
1972
3838
4508
2907
3655
2548
1914
3937
1493
4775
35084
1455
4009
4487
1433
2078
4107
1975
1657
250
1599
2887
10106
417
2321
1992
1995
4453
4898
3162
5985
3058
4003
4676
3039
1200
4762
890
697
1571
2215
4997
2417
3897
836
1241
612
4562
4421
1579
2199
38207
1632
30446
3511
4208
3109
1946
2428
180
2352
2649
4596
35549
25892
4568
575
2503
550
4859
966
2175
1069
2960
2053
246
1588
2747
3504
2577
4086
3197
1461
1115
3367
2067
2838
42171
4409
1651
2710
4323
2538
2152
2518
4213
2768
2322
29931
1656
2337
2726
1030
1212
1320
835
2696
3040
515
85
2592
2997
27745
20138
2940
4385
7001
3663
4117
1967
60
3336
4408
4049
1616
422
578
2239
363
1044
3469
4278
216
519
2000
1555
1938
3769
3826
1533
1320
3098
357
4276
3986
3037
3888
2887
1279
1124
3380
4167
520
1587
3577
3424
1435
28646
4083
4463
3444
4605
4159
2980
22526
2390
1924
3568
4360
3037
1695
4395
43639
1215
41423
3502
4991
2813
4002
5634
466
3176
1131
1341
2751
508
9457
1381
1166
1052
524
2295
1359
4224
1195
2875
3932
4363
3200
4258
2003
2377
38152
704
16101
1265
1531
3282
4281
3938
3463
1523
2861
1037
2047
3812
4437
1800
215
4462
4394
2598
379
2033
29962
30
3401
1578
3430
902
2391
4737
2320
1638
54
2956
2857
3684
4403
4297
2045
3119
818
900
40948
4699
1089
510
2817
2562
1067
31883
3232
17297
1254
373
3715
1242
21749
3095
3538
4305
19
2346
29127
4520
1585
2902
3714
1646
1909
1977
4047
1817
4609
47941
4599
1915
2964
1599
3295
4100
2746
3354
2619
1410
1240
4467
161
1472
3215
46498
3412
2997
4721
1076
4638
4090
298
1429
223
1598
2652
1648
3563
2927
1930
1219
3416
3903
26050
2517
2680
36280
179
409
1211
2230
1390
1229
1711
995
7772
46907
488
169
3472
3239
2449
3818
2737
1391
782
1557
866
1804
3926
3166
1264
987
3047
3217
1141
2234
4455
21848
1970
4848
3126
42938
347
16707
4828
735
3272
2750
4276
950
15686
4472
2369
1540
615
626
1216
3761
23137
1508
1911
4817
3282
17910
32049
1928
24942
717
4309
3150
1745
45972
2208
3937
1559
3338
42306
1267
1945
375
287
4309
2199
1435
1343
2830
3019
2118
506
18219
4905
256
1616
954
1125
1642
2634
2447
820
2459
4551
393
2969
2481
4741
3731
837
2366
1888
4675
3604
3988
440
1968
489
2482
3629
3864
4177
4659
3469
1463
28343
4489
2080
416
4783
201
2142
4448
2235
1340
4590
253
2046
519
2857
2259
3435
1703
2812
4177
1775
466
126
244
4954
1246
4119
3108
4654
2966
43059
3391
2624
808
380
1928
10950
1957
1786
1870
1150
3860
2165
4788
1703
13004
2116
28325
4688
4086
1759
2715
726
1959
2650
2715
2543
2323
3864
4425
3750
1084
12827
1188
1853
1427
3782
2544
4980
3312
4568
2119
661
4752
47940
751
4278
3153
3175
1477
4146
1167
4104
1753
1611
1494
4777
2828
30619
2551
1928
1225
3794
1741
3850
8247
2094
4642
3321
20752
6848
2089
1617
1995
377
4904
2720
4518
2447
3357
604
867
1090
678
2707
2468
1489
1315
2717
1357
115
4998
272
29314
42707
1320
4400
1093
2510
619
1549
2751
4283
2568
3546
358
4905
3665
14187
15
4001
4987
4805
3746
2514
874
1267
4670
1649
1044
4961
473
2334
4150
28886
39335
2230
4941
3952
2457
3020
3368
2300
3515
2942
196
4360
581
3217
29380
876
23937
6229
4101
45244
1106
1757
4960
664
3582
3118
1672
3941
4649
2786
956
2441
20150
28465
1954
41202
3786
1037
3257
1071
4327
4547
731
4607
636
720
2159
2149
2569
447
28186
3470
1284
1514
447
3570
1093
2611
1582
2540
3102
2862
4301
2205
2143
1069
4585
3949
4090
3745
4899
2981
2218
3451
129
3058
38979
2445
1008
3712
1413
1736
4120
31900
3276
743
2870
3149
13861
22338
4230
3312
560
770
3829
3537
991
1366
729
14176
242
1371
22727
42479
167
973
3775
3117
3317
431
4403
1896
18293
4186
1370
3397
1475
4009
4583
2056
265
765
1548
716
2658
600
1427
4361
1608
132
3188
4995
3981
14
4235
2157
3570
2952
4064
3759
11331
349
2703
3360
3571
2775
3606
460
4311
3230
4242
4006
2491
1750
32035
1202
2341
1208
4946
1550
97
3575
664
610
4692
3863
43051
2065
2160
187
3563
4695
534
2171
171
23575
211
2200
1625
802
606
3341
4438
3516
1704
4244
1716
1223
780
3624
3594
3274
4099
1001
4707
470
667
3668
1453
11565
215
1014
12101
1303
2215
2893
2457
42730
49556
3210
3492
2622
1708
4085
1543
31680
2314
2010
4533
1733
2054
3353
69
3762
2780
30
4746
1398
3942
1308
3856
42178
4004
2452
546
629
47497
1716
85
4482
520
4764
1888
2069
2440
31943
3518
35066
1167
105
4492
197
6929
1325
2109
4210
2047
4812
3587
4255
994
1779
966
36507
5782
3610
1477
825
3893
4854
3865
4007
1791
2489
3876
1780
195
3777
923
903
3468
284
3779
1310
3856
1408
18
1782
2611
1857
3475
1173
584
2738
4114
3456
3641
2522
1070
2546
3700
1915
2857
3996
11488
1276
1327
1591
1158
2376
4677
166
988
1075
2930
1071
75
1711
1025
1163
1441
4952
4108
2222
27243
3069
1128
3083
3224
2350
2096
4870
1721
4531
2816
553
1256
6054
4145
3125
2128
197
25542
24725
3199
4174
40745
9285
3689
4336
2374
12697
1451
4617
3673
3505
44317
3914
872
1872
4105
237
867
2128
4869
366
1733
486
1131
18237
2540
3850
2139
2737
2017
1642
4042
6293
4847
1975
2270
1112
1590
32882
2825
1667
1945
3411
3581
4802
460
4562
4276
1708
4171
2677
1499
3140
2368
1392
3603
3489
208
696
18807
4337
2374
360
4659
36956
1755
309
237
1053
4075
3204
4070
1434
4295
4844
2947
3599
4266
3417
4549
2141
99
2821
3021
1892
183
2338
2631
3803
462
3158
632
3297
3007
3885
3230
1784
3419
1365
2460
21347
2501
4125
1499
1496
568
1375
1723
536
21728
297
819
992
3772
3074
334
3336
46532
2919
7627
1982
2284
2283
2297
1483
2775
3479
1974
33507
1679
77
4863
1209
4461
2683
2127
3651
1682
3326
4170
4239
4653
28475
1327
4584
4932
1167
3349
172
152
3675
3906
995
3588
188
1471
342
1666
734
12138
3003
3622
1004
1623
3355
1525
1446
39374
487
1982
1755
2963
3588
2965
3609
46015
2495
1346
3039
3328
2073
3553
2045
726
1657
3456
36491
3266
424
2353
21116
4826
345
37908
845
615
1908
307
4305
25185
3101
1950
17599
45801
3107
3179
4081
4684
4977
866
1267
148
2125
230
672
4023
4055
2553
2146
13522
1651
3095
2361
1005
4837
219
1670
4876
2793
2265
1186
1806
2112
3339
3956
4980
2333
1235
2507
1502
1890
2603
4350
884
4389
4145
614
4361
936
4607
1138
1659
2207
4747
2004
371
15298
2622
45131
4478
3736
12121
503
920
2552
1108
2629
1589
4203
13455
1461
3079
2086
3116
1400
30352
2631
3744
2486
3353
1683
2572
1294
214
1346
3042
2114
3357
2719
2238
4452
3551
1651
4951
17050
3125
1400
3361
2692
3824
46489
4404
3095
1231
204
3373
5218
1143
2682
3022
2676
1287
1828
4011
4959
26165
31129
1670
514
1770
4652
17292
2149
1993
4099
31090
3110
2191
3445
2206
4342
4202
733
22
3603
2539
4007
1221
17438
620
861
4290
2458
3975
46379
1194
1201
759
3652
4502
2097
2963
3196
2046
2500
4352
3611
4545
3731
2795
4905
3935
48556
463
2462
750
4011
4323
3247
223
2058
2226
1126
3785
4709
4739
45906
1252
2806
4004
241
1593
2488
1401
1889
4921
2989
40368
1309
2519
805
2868
3836
768
55
1618
355
1560
3361
4860
4178
1644
508
3536
3296
769
1703
3687
305
1983
3937
619
4039
3215
3909
617
733
3417
3051
862
4596
3209
2189
4453
251
43831
9
1351
2910
182
4950
34600
19910
3303
2
4952
150
2971
41521
3901
4030
182
4415
2038
4046
8561
87
4371
1229
2010
20
26405
3085
3613
2201
1254
2720
2956
446
40744
4559
3644
4844
3361
3478
344
2662
3616
45874
4157
4913
42365
3920
38238
1431
4679
1768
2945
3632
2635
3846
1662
23600
4061
4550
2944
2781
2449
1723
4971
1982
1105
4167
4992
3229
4297
1469
3641
422
2979
29015
1543
3789
4186
3977
313
4897
1965
26368
4458
8039
549
4694
429
2081
2158
1808
4272
4157
4751
35544
4283
4716
1856
69
1444
3590
2201
136
401
2226
1595
1752
2188
675
4380
2999
526
3866
179
28118
1377
13591
417
43412
21
1431
1580
765
2234
40138
3031
44375
2205
6925
3110
2812
840
3760
2281
746
3238
4543
1246
36221
3228
1370
27899
2799
24375
22578
2238
47220
1421
1826
3007
3300
4745
2532
4255
432
845
2623
48005
1588
1954
242
1367
1678
1280
3400
4433
628
1252
3033
14088
2825
38618
2773
4715
11095
1939
1498
3069
3252
760
1537
3159
2423
3537
260
1230
4185
1774
2571
4048
2033
1344
2650
2312
857
1559
2684
2060
4495
48
2555
826
1224
11604
1124
1262
4756
3994
4914
2007
3014
2554
45171
4620
1784
2580
28078
4541
1920
2201
1890
2352
584
4494
1044
4107
2788
1225
2882
4395
771
3235
36205
4601
3299
3250
4412
4235
1727
31103
1898
960
26302
9154
178
1145
1675
3093
3487
4888
2557
2934
4530
4425
1786
4492
4286
2876
2610
2703
679
3037
4999
2139
1095
30615
1089
4286
3514
4045
1296
3459
687
3939
2595
884
32628
1618
4443
1740
3757
4497
2283
3549
702
4956
1472
2026
3817
1693
3567
1004
2305
3274
3169
960
3715
3313
31593
4357
22896
2803
1237
3111
2859
1680
19243
2148
786
733
2180
4076
4215
14115
585
332
1014
24311
3178
4415
305
1752
4374
4452
16445
1100
1167
1691
4617
1365
4417
1829
1796
2362
184
4013
3043
4296
3286
36473
2282
4856
3913
2700
145
957
107
1972
1617
1579
3872
4646
3265
470
4952
1523
49934
1474
1095
2702
4596
2817
3391
3005
2612
8667
355
2253
4356
3779
4973
47686
13316
3104
737
4698
45708
1162
223
4599
2370
198
4681
4880
4211
1834
1209
15521
2321
1535
147
719
4833
3007
2830
1186
209
35761
4450
33827
49686
283
3039
1560
680
1953
1997
1869
10227
2464
1381
4120
2266
4878
1425
15075
32363
2917
4223
1772
3893
3549
9379
1117
156
3863
1466
1686
8877
4783
891
5527
2897
3584
4803
3368
1659
3902
1472
37372
2192
286
3530
4656
3123
217
3065
4926
3674
537
18293
2966
47342
2768
3158
691
4816
3611
4593
736
1129
4417
371
3875
968
4201
2972
36681
4553
731
4843
4093
3942
1344
684
43994
3642
3724
4708
4578
2186
4418
4663
4734
1927
1537
2958
2522
77
3917
908
2926
2989
3184
1917
43806
4706
998
427
2327
402
4338
2279
284
51
3051
1038
3241
3958
766
1292
2235
37351
2492
1940
2248
1553
4599
4639
736
4378
3326
1037
4268
2653
1788
120
1363
37521
3900
2504
4037
4527
3587
3451
2258
1870
1505
230
2890
1071
4519
1860
4630
3023
2167
4612
2666
3138
3822
781
2870
3509
99
4390
3509
4127
1821
3065
2308
4743
3328
2033
3140
3277
4133
2204
4729
2886
667
2930
311
1176
710
3753
1620
4418
1834
1144
2287
2290
1238
4764
1551
2130
2159
18016
864
2978
3341
3018
961
4304
1435
3776
4185
1787
505
3750
1330
2108
3959
1320
4837
2990
2818
4835
3594
3960
4159
4528
1706
1315
733
701
3682
4422
4117
3158
3802
28757
4885
12942
3792
3837
3677
2031
3325
4053
2335
3620
4324
2975
161
2546
1200
3509
3015
2348
3689
2972
42597
1816
4430
1697
1228
4301
1882
967
3323
3179
2301
4306
3319
2137
2364
1741
4926
2851
458
4626
896
3274
4601
1855
1271
4606
4312
473
4549
47985
28138
4089
3453
1822
48116
2788
3526
1075
2749
1175
3311
3789
3534
2102
2809
903
2415
659
1379
260
3319
260
2520
2577
2177
1802
2797
26344
4517
52
46425
600
2131
2233
4432
38980
4358
937
33948
13909
11495
4829
2541
634
2027
894
4094
4471
1998
4464
4767
1682
2469
3138
398
288
7680
339
2443
487
12507
24722
389
1050
24691
1500
47485
4003
3324
1829
3664
14945
2326
633
2140
1015
16169
2791
1593
23459
1575
1059
3732
4394
3867
4911
3212
291
21774
2180
4955
2464
3254
4165
4595
524
4726
4022
4042
779
31
1038
1588
2953
539
3138
488
1520
3176
2089
122
195
3466
3026
2642
4627
9429
144
3253
983
399
23
3025
2611
2662
789
3124
2674
2149
1446
4965
3674
4858
570
1165
4757
3062
1292
4133
267
942
636
2441
746
379
2773
4943
2787
3037
4477
3966
4427
1988
650
547
4992
3860
3096
24369
4494
3097
1875
3141
43507
518
1293
4234
4099
1303
1530
4453
1995
21561
3575
4669
4623
2256
3807
2865
1357
2079
118
2991
2744
4641
1201
850
4945
2855
1273
3926
353
3138
2504
29055
2589
3514
4829
3224
912
907
1977
187
4081
1325
4462
4823
37946
3702
3876
3130
8579
4570
1813
4229
4393
851
2311
4092
3736
3898
17188
1124
17543
1881
194
3144
3100
374
568
3839
65
363
4978
984
2916
2689
2047
1173
1013
2153
3369
2457
2562
4563
4520
1986
20382
863
2545
1913
1388
3732
1331
2844
4243
3320
657
4616
3445
619
4743
4674
2267
38010
1912
3934
2115
4515
4594
49544
44311
3732
4295
3385
3359
38396
30867
2805
4769
747
1700
3891
1005
2545
3863
4393
2824
1844
2178
4787
1382
35810
2983
2122
2625
3558
1562
3401
3558
1762
4899
3146
1494
4735
25509
4215
1669
67
508
1816
2977
4215
1481
2550
1891
613
1507
2839
4998
2845
28611
2125
1764
3633
32276
155
1174
33662
4225
3106
4212
3784
20593
1287
27196
1767
899
352
2305
4683
3032
7465
1996
1041
3972
2026
2410
778
4936
2916
2227
1523
1162
703
25525
483
31643
4872
1338
979
184
2580
4275
395
49151
1342
4230
754
3199
2629
1517
617
24350
2076
1964
227
2426
3871
782
3588
41749
4742
10108
1057
3432
1371
240
632
3394
4043
1581
3851
4866
3319
34789
1099
3527
42981
847
39
117
4207
1217
2185
681
28087
2583
3077
1700
4203
4845
4843
2836
1846
2578
3392
8309
4674
3494
4820
345
3469
4290
1173
801
3949
1657
3258
2152
4414
4750
1329
1416
2012
279
4270
3100
1773
318
21131
4240
1664
1695
1258
4512
4944
2290
2077
3290
3931
987
3634
2574
697
74
4793
719
230
2732
1918
2041
718
11877
847
3203
2678
3270
4315
3705
1139
2197
1132
2667
3928
3703
3624
4225
3855
2415
2283
4178
33520
4866
1532
4368
3795
20881
427
1023
1205
1932
3277
4448
1467
996
11
4866
2854
1326
2406
4439
2101
1915
471
829
937
4078
1648
278
2058
972
3988
1439
678
4009
5295
3692
2247
44017
1553
2204
3524
191
3493
1789
1576
3519
3360
3292
3052
1060
1082
285
3061
2238
2904
4345
1397
1999
896
3563
3408
16458
4085
2767
529
3960
1919
1345
3342
545
3595
1530
2400
4801
2525
1407
2045
3037
2242
2150
1229
4519
4439
645
56
2820
3590
673
674
2361
2539
2000
2510
662
586
2722
287
2776
2105
4248
2913
1321
2056
4232
1351
218
3043
760
227
4178
518
37818
611
7678
1881
3648
4353
1167
49242
4505
3094
257
2158
32994
1086
2251
42682
939
390
2908
491
780
3324
1005
1613
1385
319
3804
2355
3210
4977
2853
2683
3567
3852
1707
2987
1440
452
4729
82
2913
2214
232
1730
1631
1797
3806
314
4657
2192
38303
3139
4804
101
1681
2825
2967
46496
4183
4179
1371
2118
3150
3654
2715
3310
3911
1014
30524
2841
2534
3811
3861
3344
3270
2598
2843
4426
2450
2656
742
73
2832
428
1122
2253
4658
4636
1654
4657
396
995
1039
3849
3073
3979
4519
930
4876
2921
731
2530
2972
4173
3672
2515
1015
47678
3075
2745
3100
4861
3800
4085
459
1805
1894
4173
2880
3333
3458
3017
2468
2573
3924
3137
4354
39003
534
3166
3919
2797
5718
872
2158
12
12555
4007
3995
6711
327
115
1779
2946
3205
24980
3686
3657
3765
1161
1624
1799
2089
2873
1682
409
9280
2122
499
3598
2436
2688
2902
3325
4202
2573
488
28695
3811
4079
2372
3969
1614
1082
2043
3706
3954
18
4225
2708
4165
46572
3881
41460
4847
1955
4961
9185
1750
1617
1970
62
1016
4509
4984
4629
21123
1385
3402
857
28763
4694
777
3251
921
561
1769
2435
34559
4676
2793
1371
1644
2839
2889
2550
4167
1892
4091
1619
1975
818
2779
4015
2998
635
1903
290
2968
130
1051
157
2453
9583
36921
2608
42337
4093
3399
777
2727
986
1586
939
2225
956
4997
3246
173
2783
4861
1686
15692
4795
2713
474
17064
3270
16600
2450
21695
3436
4072
1886
34193
4540
4831
3042
3840
17375
131
3418
3229
1399
30454
1632
28910
710
1225
43146
2907
10330
19919
104
3721
4426
4456
3672
2537
4104
4814
2193
4829
3260
1070
31521
1089
2676
3763
4905
2720
3457
3198
29274
3777
3438
17631
3835
1056
1493
7628
1020
2463
22888
4618
42
4602
158
1428
3873
2783
2909
1187
269
405
651
16368
1311
5081
3158
2953
2831
2655
774
806
1345
1081
4757
3225
2397
1254
2788
4297
1798
2490
403
983
836
2100
4516
2123
3126
1916
2592
36747
3271
3559
4335
2593
1341
1216
1518
4520
3066
4669
1260
2813
1163
2846
1755
2050
1830
3341
1081
49870
4150
2772
34025
2874
32651
2798
2941
1434
1796
17845
316
1744
3825
27203
46705
2494
498
4526
4704
2064
2759
217
3078
4219
93
2791
4405
2929
3304
666
4027
1816
1546
4740
22818
4115
2636
355
2988
19905
2225
2205
4490
868
1866
37149
4335
2382
896
1803
4259
174
2216
1637
2940
25392
2073
2318
1841
3109
8886
2810
3433
4265
2444
684
1365
4109
45307
2858
3559
2906
677
1509
2364
2196
4763
1425
4690
2180
991
2055
2443
3192
4284
4740
119
4088
1325
919
3138
1095
4270
733
4270
498
4100
1857
2741
1524
973
3316
4699
1527
323
4356
1313
3491
3084
1986
1472
1302
29106
44329
208
4971
3281
2198
49114
731
838
18298
1714
3624
1509
27290
2187
4314
43956
1607
1011
2917
3826
2383
902
3204
4204
527
4170
1453
4833
3353
3762
31772
17063
4495
659
3107
41572
1037
2071
6622
3514
3790
3900
2821
944
2560
1951
1391
1000
2106
27047
1153
3873
406
2196
2633
23232
41691
207
4013
3718
4842
3392
1513
607
4754
3740
3575
4823
129
4685
3791
1325
2071
2343
3985
326
2933
281
1643
4254
2297
40106
391
4148
25105
1668
37031
2360
4723
4834
4141
2896
3291
131
37810
3983
3144
803
4342
2856
1813
3392
3750
4360
3386
599
24753
3114
1717
2729
1722
1622
3693
46669
1313
826
4039
1221
3073
25898
2269
445
28507
1181
3367
1716
1402
4926
1070
3372
2572
94
1741
3710
2325
196
1971
394
3114
3195
42458
29113
310
215
206
966
3919
1978
4253
2898
630
3393
1062
3208
2248
953
3442
3673
2436
4618
3913
903
3464
1858
41
4322
3662
2662
4828
858
3241
4477
45154
2327
1013
2463
2077
21938
2584
36
2957
2230
2135
43808
3889
1831
5978
4950
1199
6433
1751
1580
3383
2115
4401
2077
2064
1289
4927
4400
3200
4030
995
1899
4398
1615
1633
3439
1786
4
4823
2246
2840
4656
1048
2273
3481
2906
2793
435
1923
3686
2953
3208
2215
1979
202
3723
4161
3336
35980
616
2722
3224
42709
73
4387
3406
451
3635
3179
2453
4054
678
41594
3671
2739
8624
2590
3700
4191
2519
1465
2050
3939
2448
99
2501
3642
4266
3450
1050
3897
1029
291
4384
1511
558
2981
3189
3450
1436
2151
4285
1023
1362
3974
4635
3644
3667
10072
2119
4292
4702
1490
3198
348
955
2896
37021
2085
2239
3596
373
2821
4667
15650
1000
2734
2310
3
947
3614
4671
2237
4713
2946
5588
3120
4952
4390
775
3785
3572
1935
4106
3941
1441
1109
47433
326
3337
2980
3617
4309
1240
4955
2759
554
656
2743
730
1537
30
1683
36307
2247
2882
1627
3625
4543
31526
46
4162
4399
4856
45918
2016
1898
4199
4402
14594
701
1971
2379
1325
720
4400
1972
1804
2297
2485
1155
1071
30287
21077
805
687
3497
3495
4332
1648
772
3088
720
435
687
4275
3651
1193
46039
2399
1742
3744
4781
2352
1734
13944
3740
1786
4579
4550
1987
4589
3482
4691
3402
204
3475
3624
1898
4615
2917
2790
4084
838
740
4727
2188
22861
455
615
4352
2147
542
42916
741
522
570
778
2164
1505
4799
223
4164
3697
3960
4815
4241
2870
4026
1993
29851
18453
4607
21810
4145
4687
4895
4219
3255
1743
2231
2426
267
4108
16363
4544
1140
332
4811
2555
41743
4698
3015
1925
59
1445
1510
4833
4499
4803
599
3083
1589
1752
4573
2321
4073
4080
2728
754
2827
2093
2738
632
1141
2136
1524
3051
2844
4018
3480
2413
599
2907
756
2326
619
2755
4741
4607
2290
1449
2873
30013
10999
1423
30585
1567
2699
1898
2600
41374
10714
3681
2598
1603
1336
2524
559
980
189
3754
25550
2508
722
1987
3610
68
3169
3514
1826
2465
3917
685
42246
837
4590
1282
1922
672
2986
4285
2984
3132
2469
1721
1391
1236
3490
3435
1684
4822
4897
477
3535
2242
2484
4554
4239
311
1467
2790
4698
2731
1632
1509
1221
3418
982
4122
135
314
1313
2409
286
899
2981
3737
2834
2651
990
2331
18606
489
801
3701
1874
829
1834
4869
2552
2142
3160
1779
4644
4557
347
3372
4314
4165
466
4739
473
3030
1021
610
3738
1167
1592
4280
4642
4727
4751
3769
4238
1832
2744
1469
4911
31376
3708
2924
1316
2476
5014
382
1712
4630
266
3488
771
358
1661
373
891
2951
4920
628
724
4899
1319
3417
1802
3876
983
4576
92
45878
798
879
3805
37113
4941
589
2596
2631
2586
4800
9903
2062
252
4923
3479
2137
1383
4485
1927
28470
2463
4805
619
4962
4119
28088
2249
137
22214
3517
3350
4959
2381
2805
1136
166
1598
669
3024
1397
1064
626
2327
1447
3105
2324
4128
2748
2589
2612
1242
2247
2562
4027
1243
4346
4699
699
100
237
1560
764
2634
2896
6079
4040
42260
1574
4413
1890
4975
2496
3632
2471
1968
2705
4411
1444
3360
2372
2161
845
1636
4645
4047
262
3821
3324
2301
795
4369
1756
2694
44698
1959
1264
914
231
1095
2302
2748
1453
4247
2388
27980
4608
49337
3136
3342
3223
1054
843
904
4186
757
3705
2844
3032
3888
3115
2153
1185
2291
2812
4457
1623
3588
76
4525
938
494
549
1163
2833
4172
21003
3590
3514
828
3694
1051
2449
611
4981
1100
3746
18158
3381
2794
1755
4623
4636
430
10963
9
943
3737
215
198
2077
227
1325
10485
2107
2802
2325
1821
237
224
2285
2744
1249
4578
2177
4616
727
44156
3978
3582
43999
3324
3368
1207
3916
4642
642
706
1274
3780
3604
3601
1343
761
944
4304
3581
1834
2775
511
4387
4291
1186
4338
1057
2511
3004
3305
12526
1946
2467
3286
611
469
4658
1496
1881
1228
3884
3167
1813
656
3407
3625
118
3716
1471
78
2789
903
4720
263
13384
2593
4940
1742
3256
606
2448
4273
3722
1448
1051
3466
1962
230
4337
3593
24756
2924
2871
3501
1080
4428
2893
3772
3796
2343
8685
1139
578
1491
2254
4160
3650
187
3297
2408
4089
2474
29620
3388
2414
4511
687
3780
4344
3357
2935
3142
2211
1744
3373
4054
2307
8631
561
3208
456
365
646
1480
1466
3815
15773
3836
2455
1411
4198
1344
3755
4685
1892
922
1339
1578
863
2620
19827
486
291
708
4570
3234
3200
3273
2717
4837
1490
2262
20126
24911
4082
1221
166
3817
23601
3735
1928
1339
34937
4852
2147
2299
3664
2242
3734
2224
3770
3719
663
228
3577
2199
3891
338
3845
4052
4409
2652
2471
2354
283
701
158
3693
1615
2904
4229
9868
4470
576
9254
37670
3336
1107
3831
4858
2830
644
1678
2532
2571
4252
3589
4035
1095
3265
49873
4222
1620
820
4904
3422
3504
2228
868
3705
2282
882
266
187
1819
3103
4927
4138
2851
4042
3570
12328
258
4091
869
733
2653
609
34577
2316
1630
1327
2278
759
867
3663
2726
3914
2539
1066
2486
3043
3012
4614
17090
4556
2338
2786
4979
2242
3086
4884
4516
1518
105
11627
16449
2413
2527
4589
2737
3971
12542
1984
4821
45386
1433
872
42385
921
3731
34470
44537
485
2213
2089
3701
4216
3046
3045
1053
898
2029
27860
3188
475
974
1907
22345
46211
32259
4268
3149
227
4358
2990
3508
726
4747
1913
2188
454
1717
17362
9160
1093
1649
26349
2084
4360
4232
4946
4561
659
3540
11898
1343
1968
470
3447
32409
4262
4965
2808
2765
4766
4128
4788
4460
2409
4618
427
2909
159
4616
3327
1959
1975
1405
1402
1755
3821
14464
4497
4701
4783
3818
3379
3326
2045
5554
852
4430
12573
3742
2907
3632
2905
627
3448
377
4674
657
2742
2620
5236
1304
1504
10714
187
1749
1577
4147
1968
70
27129
1679
4483
3075
2406
221
2170
2192
958
1390
339
4473
4730
5261
2472
3609
1292
750
6205
21617
1256
46126
4456
1909
2050
391
4210
7085
2682
1652
1662
2857
2023
1085
328
2645
3473
2829
1080
15739
388
3068
1455
2173
4008
946
1431
3524
1644
1680
2622
2877
3252
4500
2201
781
1353
4027
969
48549
3124
4394
1411
4605
3920
3766
2224
1308
4977
1685
3938
2287
144
2680
6851
2482
4515
15691
4773
1256
39902
309
1715
1063
172
1903
1263
450
4280
41962
3351
4611
4397
2429
24017
1868
27411
3080
2362
1866
1906
2739
3922
876
2964
3203
2450
25148
3535
2990
2163
1767
1768
478
137
4801
4783
764
4163
1320
2684
3141
3502
2261
897
47034
1994
571
4377
39
3293
2106
573
2914
4732
3098
2269
4043
4934
2085
1749
3235
2454
3230
4814
1712
2791
2976
2873
2468
1709
2450
3188
2291
1992
3971
43679
4644
3104
44812
2617
618
2691
1930
428
4943
528
781
2032
29229
842
301
4683
4948
128
29
4580
2646
668
1516
4973
3233
4536
4039
3690
2270
3837
475
2553
1410
440
6835
1923
2011
906
2334
1758
2887
43
37356
2034
2955
1292
11116
3208
2208
3031
2100
553
3064
522
661
2420
1603
3477
4200
336
2766
570
4832
3079
2752
3435
2930
1253
4073
832
518
3327
2026
4274
704
3116
1809
226
3209
2456
1119
49374
2315
1840
2878
2823
1883
3658
2035
1020
234
704
2744
1255
4070
460
49241
734
3388
3569
3711
3167
2267
13
3917
2358
155
383
888
1852
4047
2251
231
4677
1518
2192
1697
1993
4338
1400
2471
3496
2892
2709
4059
4992
2556
724
2846
4428
22358
4
30108
4737
4059
4454
882
2664
136
4709
16580
317
1906
1359
2766
910
3480
3655
3455
2434
2191
4777
3193
4448
4546
1817
264
2227
1946
47874
1575
463
4742
508
3507
38
1325
13910
2370
35960
2865
47206
2529
4490
40271
21651
4687
45990
7043
32633
3333
2333
571
2885
3799
3190
3106
4112
2669
1003
1954
4264
2282
2002
1291
1135
3782
4874
1813
1793
3060
4877
3696
1886
39082
9451
978
2234
2057
4154
1232
1563
4080
1320
2075
3070
3012
1856
4431
3421
2281
1020
3485
1691
2238
2673
165
3018
1645
4280
2426
1857
3255
3983
35246
3509
42364
1639
4370
2990
4991
3202
383
4420
798
4665
2438
4623
401
39446
2384
147
2821
1015
1720
2149
4559
1712
4168
2432
1829
1855
3579
1475
2154
4061
3390
28961
4385
980
3050
3008
3645
4470
1265
1423
4243
1430
1588
1710
1235
3724
2419
4672
3593
40939
4977
3191
3085
2248
4576
336
3109
245
4849
3287
2703
515
3850
314
391
1681
734
3070
4743
3807
1050
3567
4855
4556
3393
1507
1206
3263
20637
481
2435
3129
4168
603
2879
368
571
2701
144
4418
4745
3519
2378
2907
2421
3326
3901
2086
2598
288
403
1358
1469
3641
79
28463
2115
3160
26713
1908
3027
3543
1145
2570
878
19394
4570
3649
2969
2270
3577
29506
3007
2738
168
12160
16335
296
2673
2879
10323
1293
1601
74
2516
4559
2594
1406
1185
3924
3188
4115
3964
11204
959
18630
18619
2432
4040
310
19395
2070
4832
4290
4697
1118
586
13
1688
1181
3537
1628
1134
3657
3992
117
4126
759
380
1421
4224
551
3072
39647
1183
626
3661
2485
1891
1860
3928
4488
189
2042
4547
398
218
169
3659
1061
127
773
3879
3485
937
608
21909
948
3202
237
2108
1716
2392
4012
684
44814
3383
2012
2551
4788
3957
3476
2507
2783
44060
3748
4905
500
1
4392
1152
2693
3600
4015
3319
212
4881
574
2091
740
3978
4932
4514
575
227
3644
4829
2525
26828
3840
2462
225
2522
1727
4149
2621
6127
1264
1861
4857
39511
39648
2157
3689
4365
1832
3803
3968
1775
2950
4963
3363
1042
16
9015
303
41447
3715
4645
2175
2751
2797
832
4651
135
4468
1480
4479
4748
253
2156
528
3445
2310
3102
37
18815
175
2445
2694
4234
799
783
23004
3767
4139
3391
2634
32024
1895
3957
3322
2265
2708
39475
212
4850
38800
3283
77
4709
3794
3219
2091
487
435
529
4645
756
1394
3468
24706
101
2215
4781
1336
2345
465
898
920
3413
4039
311
1550
4899
3495
3307
1511
7045
2499
4637
35537
2877
33826
3193
246
2144
1789
4807
213
2997
2356
45344
2810
3643
4042
4831
515
1747
937
955
4963
19385
4981
4761
4063
2456
1838
1960
30487
4766
3614
3981
3663
835
3656
3061
542
2093
1849
2009
4016
1397
4593
3360
1275
1435
1438
1410
1273
1276
4078
4088
945
4138
1074
2343
2271
3033
4603
1535
628
594
1597
630
2743
4060
1555
3204
2912
2050
1075
4587
3820
2643
874
3193
1456
4734
2862
465
3052
2068
2522
4245
4392
2533
4795
2988
4522
945
2437
3550
1270
2142
1257
1837
1245
1041
4586
269
3057
56
3280
1853
495
1919
3270
4037
474
3405
3587
3131
35790
4098
4012
3721
3096
310
967
2674
1967
427
4666
24
2088
2707
2748
1188
19647
4407
39
4755
4284
3711
3577
1368
4355
4022
4299
4933
3737
2850
452
857
3471
4214
1641
1399
654
3222
3594
3767
190
4963
606
944
4491
338
3803
724
3793
2031
3770
2864
39
3312
4390
1836
2720
4337
693
4159
4831
2579
3850
2760
4490
496
3444
4064
4547
3631
36661
2271
853
4592
3655
1124
46089
1899
4724
288
510
3104
1131
2971
4706
2369
3608
288
1895
523
15738
15953
3260
3489
3288
3325
2098
1711
1036
2591
1837
3430
1507
48284
2486
3782
3926
4757
3098
3022
168
5107
3963
4259
178
3651
505
979
531
139
660
5607
4459
2400
3197
8017
262
4449
3244
39318
2557
37846
2978
3451
4187
35
697
3057
1793
1768
1355
1347
1937
2061
3271
42
1091
2730
3586
2114
4337
17938
2171
1509
1830
340
1
39862
1211
43782
189
102
799
2586
171
2680
530
1452
319
2094
2635
2173
3947
1635
4377
4819
1570
3028
4891
3332
3456
13
1119
1589
19784
4740
4091
406
4454
372
4528
4772
581
3486
1941
2666
907
29914
53
223
1123
2102
997
29044
3879
2828
2749
4686
1303
463
4887
2975
2876
85
2013
1247
4963
637
1179
649
21633
3254
1502
3934
2052
2891
4925
4914
4095
4216
2473
2942
4588
4618
37364
4686
4537
1367
22638
1633
1372
1943
432
3123
3635
350
2429
2000
17557
3127
694
2965
853
4901
2823
2658
2625
1029
2320
1800
1134
1679
1480
3882
206
3072
3805
2380
36565
3224
2051
4779
210
2080
1990
3836
2218
121
3270
769
3658
2720
3626
2988
4672
722
3731
2814
162
2944
4095
3447
2475
2166
2575
4409
4522
4519
4755
1867
3827
4913
4007
3811
394
43468
4484
3870
2133
4032
38869
4255
4888
258
333
2373
3210
3979
3874
2822
1633
2579
2595
2109
4050
3443
3618
3768
3879
2339
563
1105
1832
36713
2243
2523
43502
4315
1221
805
4788
29794
2438
724
2791
3103
1571
638
4099
2749
1065
4893
926
1482
3141
2446
14297
39509
3689
4309
48
1453
2862
2763
3104
3380
3768
1009
1958
3731
46087
846
2662
4950
16092
2360
2853
32188
15743
2549
1899
47298
4779
2999
3450
4695
1395
4408
2941
2919
2040
287
2478
2053
4494
2726
12757
1731
1490
4104
18881
22476
4143
2069
4008
695
1580
5462
3813
3206
750
4374
3854
3182
2676
3321
2129
2833
25703
1959
396
4581
2731
4513
4203
3910
2911
4825
5143
2055
4362
2384
3743
3736
4781
2489
1973
1479
202
561
2819
912
3488
3252
4953
829
1722
2169
49
4104
1920
4612
972
504
3237
3031
1313
2864
43791
4695
200
2221
4745
1954
192
2987
1982
3612
3370
14764
1985
2534
3152
1463
24930
43419
3777
743
1941
1494
45558
801
204
27359
4390
2157
3394
15
2655
4005
3030
2962
4898
1637
2199
3120
1998
2501
3690
92
2424
4859
4619
3279
4119
4778
2685
303
1757
2835
11247
692
3736
2320
1165
2220
452
1638
30
6686
294
270
715
6330
4890
1855
1477
2104
2476
4097
41033
2689
678
4356
1254
815
1877
4106
122
1714
1270
4100
1376
946
337
47225
2166
2484
4299
1895
2258
2070
434
1061
4878
4816
4982
425
4875
3913
529
3977
761
4013
1078
1896
2997
2392
2934
1339
2895
1104
2024
4012
3170
4213
600
3224
4126
968
29
2444
3067
1168
1812
4609
4226
1727
4606
1975
4030
1947
3706
3557
2109
1745
3078
3423
3071
4752
2061
525
2420
26347
3202
2973
1769
4404
2055
3211
35705
79
32047
1450
1820
4231
825
4285
35469
1375
1702
873
45708
499
3866
100
2978
2220
2563
1583
4710
1357
27643
4445
2739
3443
4954
248
34473
1332
2875
3411
122
3478
8133
1948
64
3332
3712
35522
1823
3692
3407
2162
35530
3175
1489
3583
4431
3296
2451
40576
2795
4202
1530
1571
4161
4287
2248
1175
20890
4592
4413
2902
4108
47728
2313
1632
4378
45787
3853
2862
2864
3340
14467
48786
3056
14924
2776
3193
2786
7689
1283
418
998
1224
3679
3324
39580
4494
2620
3165
4024
2619
1617
3217
4592
95
3077
20811
3968
4
3572
3675
18010
232
2420
2782
2588
2369
3120
636
4416
3072
2269
208
2991
30464
3625
2805
1690
34140
3040
2437
2069
1636
3063
4907
1329
4139
4059
3031
3650
637
4159
814
3662
2113
4171
3393
2562
3426
973
1510
145
1676
4836
4265
712
2789
4049
1065
1353
4661
4407
4574
1702
3089
4843
976
2453
222
4402
106
1232
4135
51
3336
4608
610
3551
1796
1697
1607
119
4349
2500
4636
1678
2162
329
1550
4466
3343
2226
1026
1097
18362
2902
3280
3918
629
282
41146
3060
3063
1236
94
4147
3890
2374
2108
2504
108
4307
2754
1255
3895
3903
2915
4726
80
4045
1235
2609
3661
3101
1314
1432
3151
3075
2867
4260
2388
3332
2787
1526
4596
2997
28149
1916
2025
1344
3906
17146
1239
3542
3945
29684
31832
3463
1356
4879
671
609
4116
17272
1373
1411
3777
10516
3040
2670
269
4319
3124
1937
1009
2967
847
4065
826
2937
1611
3524
1499
3904
3886
1252
207
83
987
1846
3078
1363
49934
4156
3812
1473
962
1283
4427
2411
23129
4921
2645
41306
4848
1530
387
4272
267
3998
1096
911
4271
1457
592
344
600
1288
2961
643
3772
3285
4310
1438
466
17209
1843
3457
2226
1665
712
2549
220
4775
1671
2887
34637
4659
1976
4660
897
4868
29195
310
2345
49826
2347
1940
2483
2523
3796
168
27461
1882
2632
2279
3528
3109
42165
4295
3162
4763
24014
3827
3003
4359
42
2572
2702
3523
3420
5000
3991
3992
1802
3735
2964
2404
27032
3170
2838
4750
4960
2164
3240
389
4391
3963
3067
11338
3225
2094
2250
2086
3426
4505
400
3817
13877
751
775
291
1276
2601
2989
2266
2270
1862
4634
17335
3377
3440
580
3228
3454
204
1769
4743
3302
4619
4207
1273
182
2795
827
332
945
2678
965
23
2643
4685
4925
3434
4638
4382
10675
3078
523
2286
11461
2580
1720
4985
44627
1338
1791
3689
2206
2383
3731
20514
4654
511
3724
1387
2405
2769
4102
1325
2984
3718
1475
917
2504
35864
56
4408
2410
4512
30878
3101
304
4493
2714
4937
1540
2587
2434
774
1795
2308
1839
44555
4228
4493
4064
5068
1976
19185
2252
2427
500
15116
2062
2494
3053
3965
2492
1756
2113
997
4717
1873
2875
42543
2285
2631
4820
2737
4223
1745
2155
3263
643
1940
4965
3234
1668
3440
444
3356
1936
2507
3154
3595
5463
1724
3772
4037
236
2158
20786
749
1764
23606
2557
1918
410
267
2223
1812
3526
4216
15078
1461
3756
2543
571
3109
4317
40
359
3859
4167
4415
185
1864
4017
3838
4687
3621
300
1304
1482
729
904
966
979
4579
3538
3596
1123
2707
1817
4819
48764
757
840
1185
4199
1177
3945
2694
669
3798
4976
39316
46496
2481
491
4595
1643
42544
168
940
1661
4210
3378
2744
2231
3306
4934
598
1183
3920
1994
4514
916
3413
4045
2507
39752
4237
3086
12486
4472
2791
1426
3407
4850
3402
40055
2159
3562
51
4252
793
654
4113
9422
1335
3432
129
1478
4339
2508
1896
1795
1352
15366
2186
3575
2132
4228
2198
3372
3167
1071
2863
2195
1463
3699
2739
49069
2079
35930
3919
1676
10453
4347
4915
281
4706
1311
33213
623
3488
1719
33303
3608
3184
18383
36113
1220
667
938
1532
2764
2570
211
866
4313
49650
2672
206
597
1405
1138
2708
2041
3902
934
2888
3368
185
3860
3613
3486
669
1907
2700
319
2643
1552
1163
47220
4687
308
1971
2872
18312
2652
2368
3395
9934
4314
2426
1890
4399
4867
16775
4866
4899
3263
3430
3754
48650
2120
3734
1874
1784
2713
703
1956
1929
154
2906
46683
3498
807
3921
4689
2513
29930
2041
82
2440
2739
3471
1783
1477
2911
1248
2792
3817
4664
4645
1231
2528
4966
767
2237
3021
4324
31488
2416
301
2230
2058
2884
890
627
3995
1025
1301
1346
72
2614
4501
2914
4725
43480
903
15615
2355
1645
995
4894
2530
3565
2970
4090
3944
37390
4890
2945
3757
2542
2400
88
2541
972
2804
4971
4668
2380
35790
2044
319
475
929
29520
4484
4294
1989
2259
4619
877
2353
1061
2025
4903
221
21025
795
2783
2181
2930
2742
1275
4793
2822
897
4344
43998
3198
1430
6824
3610
969
465
4539
4634
3257
63
4634
647
1500
258
1150
21917
4994
2896
3664
2766
4030
14732
3831
3766
1056
2446
3015
2538
3640
3230
4463
1453
4512
865
3162
1170
4763
4359
3842
3703
1355
1406
4893
3162
1386
3801
395
3947
1681
21941
17821
453
35840
2671
487
2221
4841
217
2217
2590
543
3571
2187
2206
715
3434
3682
2559
1754
4233
3449
3916
641
24418
1632
3214
1032
759
2086
4477
1022
30349
4878
4535
1176
37034
11135
2809
145
3340
4001
4461
4068
2481
3735
1776
3715
3103
914
1896
129
4738
4083
3013
4374
23822
2277
4945
695
264
3685
2765
3141
332
1848
48974
3099
2714
636
4508
41358
23644
4515
1784
2581
2818
23889
4262
951
3211
1162
4077
566
3676
3958
29420
3836
4678
71
1318
2717
4339
4040
48
2111
750
2360
10747
2722
2861
4270
1499
30926
88
3895
697
2342
3564
1469
4104
1479
20031
2952
145
2370
2619
2005
2491
2642
285
3804
4634
773
871
3674
1789
805
22894
168
220
2442
4142
3617
363
1998
2107
1285
1834
4028
1725
3118
111
4494
2751
3487
19566
4550
27737
2966
1787
642
4020
1391
616
3652
1818
1329
4570
4645
1068
3416
4850
2439
913
1172
642
871
4428
3073
19816
1570
4845
3054
1775
519
20031
3517
349
1142
1030
3936
2846
2602
2958
1442
3007
2121
3369
1853
1477
3556
17177
2855
3070
1177
3496
2474
2718
1012
697
2538
1764
3350
3273
2989
1603
673
1127
819
4233
4795
4197
533
4509
3691
1280
2639
2697
35628
2681
4697
2220
832
3937
3562
2957
3697
14000
1390
4886
254
4653
4340
1580
1937
1580
1516
2496
1302
2466
4041
4047
1937
32311
3957
668
4290
3016
49031
3481
3495
2137
2005
311
1879
10841
2638
1188
24841
4129
3397
9054
278
2647
47704
2699
2634
4243
1472
4799
48813
3453
2284
18992
43139
527
17350
2162
1312
4876
1969
4500
3070
3551
2148
3960
14882
4317
37298
28180
1247
3199
1289
40643
3387
5399
2515
2796
2089
4640
4641
403
1145
48897
2155
4163
3997
47852
4046
2120
3633
197
11431
102
147
3899
3557
3
3291
32708
3002
980
7483
1554
34537
2775
1556
2645
27156
3025
3357
3800
1359
652
818
3863
1795
772
2432
4206
8033
789
2789
1090
37422
1467
3210
1205
3785
1243
27149
1307
39434
589
471
2513
2713
825
3250
4923
2303
1292
1399
1796
4087
600
997
1813
3118
4837
3128
572
3972
2340
4096
1813
1030
1900
1113
3066
1764
4152
3160
599
238
51
65
3959
2231
328
4688
1395
2263
1639
2540
11629
4131
3985
2798
4537
4642
366
285
3134
443
20638
4992
132
1602
3208
2837
2495
46057
7678
1505
1462
2880
1025
4895
1354
284
3463
4372
844
3895
2728
3456
3414
2974
702
2154
2484
3638
962
809
1253
2928
4996
3507
3350
4222
2282
657
15873
3917
2745
4492
2656
3936
1458
4065
4509
303
4819
948
2686
634
4102
2117
4024
1793
654
2417
4536
1144
2033
4103
1966
3632
2293
3986
938
3790
2463
3885
3947
3643
4152
3484
1158
2627
3694
4430
4019
3012
2540
3273
409
2984
3851
342
3425
1175
2781
2942
31386
1805
2490
210
3727
1386
4783
2296
2875
4459
657
626
764
3892
840
3467
1522
296
691
47972
4716
4432
2280
2122
11995
4367
4371
6663
1760
1018
1929
19230
26480
3983
4300
2341
1422
2544
347
3619
150
556
3508
1528
40873
2008
4671
16772
34643
2527
2030
2266
2522
4971
11096
1477
36783
199
3682
3035
906
4754
838
1786
12199
557
474
1348
2867
39694
1410
1243
1202
2833
4951
213
4049
989
1471
1186
2943
243
5864
3218
3455
1996
4498
372
349
2254
4102
2650
1880
1665
4567
2139
2282
1705
957
4535
4806
4087
95
4857
3974
1394
3370
4655
25371
3433
1601
2776
1850
4368
758
2059
1360
1284
3432
2872
2943
2082
2498
3474
2366
2257
3385
1353
3007
4322
2923
2214
4534
31865
1099
2331
1534
3575
2029
884
4146
3574
518
28436
7667
4371
3058
3366
2059
2235
24250
1894
3245
3872
3022
1980
4343
673
1612
48383
4600
45428
3748
1305
3472
2550
244
2483
1050
1566
1073
3637
3020
1961
3844
66
3651
4852
4582
2395
2786
3234
2315
1598
3095
3749
3114
2544
1992
4925
3489
1817
4717
1326
3413
3057
2432
4008
3986
2675
1875
2416
956
3533
111
4193
42087
1622
1880
1314
3028
2487
1094
4107
3719
2921
34947
4966
1598
44
293
4679
3716
1372
1619
267
4337
1556
1791
3727
696
4462
1200
669
1178
4372
3420
2312
2584
4590
15101
1181
2591
2364
2268
219
121
1947
4589
4070
570
1122
3415
4802
4958
2596
36207
4738
3806
8585
633
3603
47097
4186
1648
1153
382
1827
3320
2588
3439
10025
3380
4430
1968
32762
3793
4767
2875
3726
1799
910
2232
3249
801
4171
239
3687
4223
2842
4240
1797
3023
1083
1636
785
4853
1302
3416
365
1599
4666
2458
201
1407
2199
4692
3622
3399
744
4160
4877
4824
2942
58
136
4762
3071
3702
1337
3615
20
27364
2929
42714
2814
3159
3687
28165
3493
3035
3306
860
103
2039
770
3266
4642
10364
4623
4501
2874
4684
33487
4734
1739
2784
2168
5423
3202
1819
2943
3942
4425
874
3336
4743
1389
776
2922
43597
222
1202
1587
778
4107
3883
855
4836
4407
4354
16752
1530
2471
3898
866
5966
3823
3704
4020
3844
3849
2255
3270
9470
2172
4507
5652
521
2431
2808
1731
1299
27863
2856
3108
4453
24317
2462
2370
2827
557
3326
4810
1687
2495
2795
404
1409
4081
2472
2379
2282
4370
4866
68
456
2149
3253
2667
3103
1455
766
2454
4775
763
884
1280
2845
1843
38870
1885
2692
2417
4293
3816
196
2962
3064
2439
3702
350
4187
675
4505
49739
540
2148
734
3888
4526
2283
149
2723
4572
27312
1750
4103
1046
9873
1168
310
3319
4680
4398
776
1501
673
9
1994
3432
3238
4117
36
1853
624
3680
608
1674
959
224
2455
3341
299
3581
2555
3380
4581
4636
167
4723
2912
3249
2107
2915
30206
487
1964
4880
4477
4948
2017
764
755
997
47334
759
3327
790
341
861
1879
4394
1810
473
3206
1521
4970
4741
45995
4030
1395
661
860
1070
510
1642
1385
2736
1883
2724
12113
2726
1515
35793
4061
3573
2992
4492
643
1801
1798
1229
2792
336
4493
819
1920
3452
348
2209
1473
4007
891
45747
1341
4925
42321
4475
1520
4107
22
2725
2106
718
2130
3987
3422
477
4583
3750
30880
4912
1944
1104
2054
3581
1397
4969
286
3954
545
3060
1641
4373
399
1968
780
1376
1349
3211
1965
464
1549
3097
4917
3024
4047
45148
3188
4005
4318
35329
30
3494
2473
1140
3838
2423
4178
1161
2707
2333
1380
4547
1228
2287
2963
4673
4823
3586
190
4447
2911
1619
4990
159
113
1876
260
507
4059
738
1459
2813
2931
1978
3298
1999
1384
2081
1667
4122
2417
4266
2822
1129
1042
4
4980
3323
27600
1524
1671
49703
77
548
34840
22543
4646
3709
2648
3202
3589
584
3266
937
1415
1943
1755
1815
11
1979
2874
1240
2270
4984
3286
3487
4656
167
4868
654
622
29564
689
3981
2556
15365
18519
4334
3495
9368
44114
4509
36830
1387
225
1390
998
4
1943
2754
2515
1362
41555
2271
2063
298
3155
4943
3746
4821
28875
2671
2754
3930
37599
2125
1332
44
2751
1832
4718
26266
4615
4482
1462
2109
4963
39499
2504
3708
3085
211
3061
2253
4349
4750
1007
336
4208
1635
4478
1381
103
277
2238
3259
3115
182
3466
3573
1952
21
4470
1913
1819
2091
18762
4984
1210
2283
2964
1303
1905
348
20
3412
2918
3253
2345
4563
2348
2897
2904
280
1353
3611
11757
3580
1360
759
1443
1960
121
2003
4470
4526
891
614
3772
2693
4646
2592
1040
3409
4021
1601
1049
37732
1563
2934
3411
3984
4035
637
2673
3234
4239
653
2387
269
3336
860
547
4258
2552
2891
1209
833
566
3958
231
4125
2473
3108
3429
4404
3679
4613
4029
2654
2181
1073
3549
1650
508
281
1979
2198
2587
4117
3283
1259
2724
4784
4991
1376
966
3942
1465
2569
4100
28176
2715
812
1289
3155
2616
4647
3175
538
3600
327
3073
3696
1321
410
4870
4835
3278
1106
3798
1980
1996
4548
28086
4134
2971
4466
2243
2066
2009
4420
14791
4060
1453
4762
473
924
4167
30830
4766
4105
29857
3168
2630
4130
3017
2929
4633
3049
3017
1404
3286
1143
38608
3697
3884
2317
2076
2514
2692
2774
1904
2830
855
247
484
1555
1482
4758
3388
192
1098
3455
1714
2943
4420
634
561
550
1997
3724
152
479
1132
720
2449
1526
2010
311
4702
883
26970
908
2450
2958
49061
3380
3824
4873
450
714
3369
3058
3659
4290
1001
2310
4598
3470
4539
2666
2977
4277
4349
1636
2073
4066
459
2238
4707
4681
1048
4675
2358
2126
2651
3203
2149
13854
4751
3748
3156
2436
1922
13103
1796
315
2251
65
2784
2838
2388
3177
4951
17633
2236
38611
1235
4030
2310
2843
2050
216
2688
4019
2103
2361
2364
43402
4112
3642
1650
1596
25401
3272
3202
40678
3732
4839
2662
4733
2953
4147
3832
3689
3434
341
2856
413
1015
980
27566
843
24141
4152
2521
2641
3125
44364
1979
3547
4725
2121
1469
4808
3842
31856
3080
831
2271
4844
3838
166
1376
2787
1021
4863
330
3356
3088
49909
691
754
2329
58
3304
2640
2444
3679
1586
890
4144
3394
1386
4274
1397
834
1598
2835
3493
1904
37006
1066
3229
1660
4284
584
4077
2585
1519
599
706
3898
1199
4697
2042
2409
156
4756
45672
3990
4135
3491
31395
3720
1786
1763
3345
1909
731
3761
4875
4482
4401
1421
3426
1048
620
2805
2693
10
8485
2846
2950
3710
3109
1614
2390
47742
3129
2551
2393
1799
34709
4125
2986
1796
3220
3330
941
1370
1722
467
3882
119
31516
3622
24719
1544
2380
2652
313
385
3979
1597
1163
4773
1420
1745
1016
2032
2868
1394
4474
319
4880
2299
3013
1205
1890
1797
4544
1661
2777
2796
35661
926
2448
172
18181
3797
3698
4375
2483
3483
1968
4298
2769
3845
3668
2476
4603
2108
4239
30986
3789
1365
4217
9
747
1600
4617
4146
1668
753
6791
2228
156
3488
4200
358
4657
3416
1185
3058
24734
17
4415
319
196
4286
7879
3059
3623
2773
158
2833
934
504
129
532
2087
3883
4979
3732
4811
4166
890
4779
2716
985
4460
3627
188
3375
1459
4576
1296
494
4590
4296
675
3207
4832
621
594
2819
47514
4643
1711
2093
1705
4194
606
23460
1417
44
2022
1048
895
3781
2143
1913
804
743
3847
37195
4326
1625
3692
234
969
2203
4574
39790
4358
4394
33024
35639
3207
2760
1410
2397
3205
3830
259
2
2888
1314
2655
2782
1975
3604
4112
2770
4523
36414
1526
46859
3404
3459
34273
4533
4736
1217
1281
1139
4410
4728
1941
2299
4421
12813
686
339
409
3559
1679
3854
3349
1379
4691
4103
28211
1776
2963
47811
26646
1774
2960
4383
1825
140
835
543
1817
3610
3063
1235
3595
4885
922
4347
1048
2405
890
1923
3611
2393
3518
549
4934
4574
3427
3239
4510
541
2777
5233
976
33011
5066
4844
4292
720
15
193
694
36722
1632
995
4159
3005
2471
36308
4961
212
1016
3935
1304
4102
4972
309
1118
1991
38387
2530
258
1647
437
46093
3641
2508
1932
82
2318
2344
3438
3154
1799
768
1724
4969
2854
4621
1006
438
3136
2994
719
4395
3195
2584
18730
4603
2105
2606
2221
24772
4083
2508
392
757
1189
456
16775
4441
4981
513
4944
690
613
2330
827
18077
396
1724
589
2242
1952
3458
32730
3939
4701
3488
4722
453
2302
3065
14999
2263
3742
756
2922
43105
2833
3600
3270
4585
2153
1983
2053
13992
1678
4387
3624
3429
3908
827
3958
4031
3552
1329
4119
3774
3835
2334
1271
38
1806
4568
531
28408
1144
4246
1649
3034
3459
1782
3577
879
4105
3482
2231
4353
3114
3917
1244
4890
1145
4263
376
2884
43894
1655
329
6617
2759
31858
4132
6191
45104
950
572
2978
2300
3808
22345
4682
3002
2000
1346
2898
1970
2607
4041
717
4169
235
4654
192
3255
4856
722
1183
608
3123
4991
1678
1101
1136
47927
1705
2722
4106
3626
1
2048
1334
266
1555
4106
3707
3655
3471
315
4671
6889
813
97
461
5863
1521
3744
4141
2204
3223
4831
1460
444
4585
4689
2426
1976
4927
3032
3438
4000
3231
4887
29179
353
2567
1617
1372
364
1235
1499
1056
4595
1858
17440
48352
16508
29802
1978
1054
2111
4449
28177
4373
4671
4890
4507
4759
4018
2462
12552
2473
4762
11371
316
1799
4677
2165
2037
3158
3505
1798
2051
1561
4478
5702
3940
2634
3452
315
993
3396
2899
2608
3754
4904
734
3050
951
1413
4508
41388
2639
1970
359
1738
4561
2427
2389
1106
3575
2347
818
2479
2442
1065
398
3764
49462
314
940
686
1783
1304
2164
990
3212
2359
489
25
86
4425
3321
1332
4456
32139
447
11414
2766
4673
2513
2220
2137
3267
3389
3158
1754
4190
13781
3671
2160
4616
4587
526
2635
2334
2386
43816
1837
3676
4213
2532
34216
4904
2331
1417
27420
3092
3626
40630
310
4394
4779
3270
2548
4304
27916
4950
3775
3331
610
2871
1762
4122
3003
1032
1745
1933
664
2383
183
3706
3168
3912
1899
4352
4279
672
726
2061
4584
2218
2808
2381
307
4376
1686
2365
48501
426
10622
1059
1475
2029
3432
3100
2513
165
3437
4100
2579
3847
3625
3406
46314
646
3457
4524
147
4768
25
4692
62
2715
891
2283
2724
3861
1044
1371
4956
2249
4325
3793
2133
1789
1010
47213
3458
20
45212
3145
4410
2399
2793
1966
1119
2158
2824
1614
4285
1690
2166
665
3166
3364
4935
44728
4552
3488
2102
20561
1035
3968
3884
4171
902
1374
4322
1538
4171
1084
1081
2669
522
2663
3185
3191
637
3738
39808
560
487
1687
1760
1646
4852
34143
2736
305
4119
4456
1411
1180
3241
2032
2632
3873
4809
683
11512
2647
9616
4298
3815
24201
4434
1929
3105
1010
4588
2768
3990
2532
2427
2554
2574
576
3944
3095
3806
2745
1588
2116
275
3695
1638
2360
2110
1736
3310
139
1181
4742
4900
544
1337
678
1759
1435
2455
96
26119
10712
2230
4355
442
1977
2805
1635
1997
3026
617
4376
771
3238
3381
3626
4269
2290
563
4143
594
8199
1490
1110
4197
4504
22
3579
3560
1929
1905
2430
4576
35
3517
135
801
3459
1174
1781
2547
4356
452
2606
872
1681
3343
3018
4527
426
165
1588
2032
1400
3904
193
45293
3967
770
48152
3164
2669
479
4293
4821
3698
4744
833
1366
23606
4845
2723
1429
673
3440
4326
2675
2053
1871
2333
4484
2261
149
3815
24868
3969
2144
325
2973
4746
17805
2748
3060
2259
2942
2454
4105
2159
4174
1866
4491
4344
810
4232
3989
2924
1925
2647
47907
3411
2572
46254
3123
3157
4506
2934
2964
686
81
1585
3041
1165
4215
585
2967
46316
4096
1447
1608
49298
3720
45031
2157
3002
2251
47845
14781
2223
3150
1848
1081
4485
750
2525
1597
4137
4267
175
4827
567
2692
2341
34127
2096
2746
4946
2916
1924
3605
432
2172
1145
3995
4676
1563
18852
4387
1393
3951
1183
3088
2109
3484
3065
13116
16053
1889
4698
21082
4071
2843
3840
2026
3994
1195
1906
1948
2800
2625
3541
3533
121
3357
21464
4575
3712
3839
78
10001
4728
2562
1174
3397
3568
2241
16725
3348
4824
27740
2604
2525
2664
3854
36229
3567
3538
4438
2394
4111
3141
2541
20621
1603
2587
2105
2196
2906
3321
1902
2937
2278
1028
4160
1621
3301
71
1932
4926
4711
445
1145
45
4686
1785
3493
518
1578
6834
16584
4420
3241
388
486
47
73
1393
1755
3215
1926
4034
4182
4736
1694
2832
3890
298
1356
3080
3383
18807
22363
2633
4335
3980
4414
605
2989
4523
2926
4413
4929
2101
1083
2750
1906
2154
1309
1184
1843
2259
2659
2382
3813
365
3047
189
794
3572
1668
156
2218
3383
908
2619
2934
3095
2044
2135
999
119
4388
1405
725
285
1995
2506
2406
4434
510
47173
3628
4187
3929
4229
1487
800
213
717
4292
1455
3277
4403
2800
3706
4195
2642
460
1118
533
2765
33656
17160
407
2288
2793
2713
4639
1569
3677
549
1386
2854
4732
4412
4381
1022
45756
3925
2309
3
4726
4672
1180
131
1913
1842
1666
463
1176
672
762
1907
3296
40946
4073
4478
34
7588
3837
3972
460
1862
550
310
4716
3
407
1089
3894
4925
13858
3516
2421
4099
1692
4555
260
1038
2778
2927
2875
454
79
4308
750
4650
2033
90
988
1534
4506
491
4169
1630
34656
2149
993
961
3343
1145
603
4283
1457
1778
1270
1899
3489
3013
1422
4975
3921
4003
1958
2559
2543
4021
3071
4384
707
4990
892
2572
206
2693
40707
42248
2613
1042
1009
1389
802
1143
2971
41641
495
4598
4003
4213
2584
2882
4437
32536
153
2610
4567
2561
2777
4009
48764
3853
2853
3755
29756
4067
2367
3966
405
1154
2032
2799
3434
1948
701
4610
2864
30485
3771
20
57
3796
3374
80
4472
3806
4433
3927
1762
5745
354
7107
3784
1175
2564
1191
4758
1673
2623
4632
2467
3949
1536
3150
3610
3777
1309
3098
3369
41119
1446
3110
4949
2539
2024
3868
1382
2502
728
3963
964
4353
4131
2698
2482
451
2340
2606
44
3745
1849
2546
2235
1308
2692
3061
1330
4862
1480
4436
1091
3063
1358
4040
2440
3495
1438
2759
4433
2791
268
64
13965
2679
2678
2918
4828
2404
3210
4905
4670
4201
4105
26812
423
3110
3273
4758
28850
2043
2738
4790
847
1330
26848
3791
4882
1213
1231
1420
252
773
4294
1241
1459
49890
2097
1395
3149
3126
14364
2403
2920
3926
36612
2234
3238
25835
4548
1814
4120
4697
2676
2912
2267
2202
4160
3129
4119
1145
974
635
3320
3632
48404
3521
2754
4062
2236
76
4161
2396
2369
4402
2919
1594
804
4408
1113
4347
4178
1775
3035
4608
1504
4754
2873
2337
2639
1675
472
3674
37368
3734
672
4866
2585
34372
2410
1255
1155
1518
4747
972
1123
4068
2613
3328
349
1255
3796
3178
2147
4424
22104
1519
9468
101
3605
47924
3463
957
998
4447
4770
3996
2236
1267
835
761
834
4223
32092
2031
595
16753
38501
951
1215
1991
2762
2712
3942
3247
4343
37714
2377
2762
2307
15502
4249
1891
4678
49306
2265
2868
36751
4638
2189
4863
4366
4160
169
3890
4335
4852
301
1742
1396
1501
39842
1975
2045
4128
4623
22365
2682
3850
1382
45987
1624
2439
3251
14713
549
1291
2101
2799
4005
35865
4062
3594
1734
3701
4321
3193
3919
2508
2667
4436
3091
3457
4282
428
4840
30472
5000
1673
125
4944
44983
989
2830
2986
59
4110
6676
111
4569
2651
2727
4613
1582
2188
3229
3948
4924
2683
1949
3490
4373
4423
669
605
98
4149
4384
896
4196
4295
1011
1008
561
2832
1366
1029
1694
3801
454
2242
16046
858
1586
4770
222
29138
4391
3639
892
2169
1457
5023
4696
4247
330
3464
854
130
611
3816
1072
997
1944
3065
30
1341
877
2257
1212
2617
3092
1955
4210
37
22700
1851
65
103
4614
3337
1788
4768
2617
1661
3436
3640
4187
2420
2609
44780
3269
37393
1523
1102
30043
1501
1673
4586
1812
3945
2565
4765
23553
1866
3700
1862
344
2022
10975
3373
3245
4699
4652
3323
938
4196
1237
4210
1084
2504
42797
3965
4499
2928
4838
4404
2313
302
2052
811
3553
2678
4459
3011
2228
1401
3018
1438
4027
1420
2219
610
984
3865
558
4237
7496
2225
4988
1727
1012
1727
660
3980
18185
1938
691
3525
4119
4668
3000
33
419
2127
29958
2441
146
4482
387
1592
966
4135
3773
567
4333
8715
4461
1818
613
1882
4523
1881
2164
488
4807
1695
2102
2665
1491
4605
3294
2195
4307
1467
1271
9095
3929
4337
42114
4916
1193
1981
3832
3757
2946
1754
3918
1055
2754
4994
3048
1356
4
1402
3343
1874
2749
1431
4390
2909
3905
2963
3804
2879
1406
1717
4149
777
14914
1256
1623
2160
4501
2724
4184
4939
4327
3395
1678
7111
2340
3794
2135
7040
1668
115
3581
181
975
515
46136
3787
1497
4605
4951
604
4712
1457
59
42141
35365
441
2686
1919
847
2065
4793
943
3387
3868
2164
3784
319
265
2207
1462
1738
2662
2157
2295
27655
2615
40
2310
271
3272
4075
4632
2932
3166
49977
4634
3752
4910
2041
4320
4738
4286
35513
1484
3983
27667
1782
3357
959
3726
94
2848
1031
19629
2106
501
675
4744
1584
41241
186
2429
3898
1419
860
1938
3092
4316
32391
4537
4365
704
4671
2124
839
639
2791
35112
3030
4405
1006
2944
4590
216
17097
2108
2939
1553
4976
2487
4275
2085
3904
163
4190
2556
29756
3883
24554
16171
1249
338
46804
1798
1460
1527
1061
4904
3189
12293
865
1963
2155
2759
3930
3488
2481
480
2280
1646
2238
3089
453
45150
357
2449
654
4656
2033
2355
3525
4341
3259
2895
1637
3399
4879
2688
1236
2865
800
1360
3358
17855
33684
4607
1061
3469
2219
26637
2708
1262
38730
4025
14013
4438
2642
588
11342
4762
3778
4838
693
47969
3083
354
8427
4860
2035
48092
2334
4417
2014
3795
687
641
2138
1441
3274
488
3369
1598
710
2265
3168
3659
2383
1812
485
2168
487
4623
113
1094
4611
1787
3295
5292
1322
1518
3766
2812
2768
3821
4245
1832
772
1532
1361
3732
3333
3257
116
1119
1451
2514
2062
4127
1056
2440
927
4930
767
1389
3480
46076
520
4757
4386
24187
4110
4398
2326
748
1006
22032
4648
1733
556
1241
3381
1988
4403
3193
49317
71
2114
3334
587
1334
1741
4543
1912
1927
2339
46080
4870
3532
3769
29269
1843
1438
1647
4629
200
2276
1114
1601
4489
2836
21970
4025
2623
3806
747
4088
482
4515
39123
4113
3915
893
2090
4729
4097
4677
3381
942
4909
1503
395
3989
4132
1860
1667
1063
1554
4025
3400
3035
154
4519
248
702
3799
594
3517
1769
1604
4036
2888
1191
5573
1064
4512
2072
2803
3576
2925
3411
1926
648
4355
4987
1143
4240
47033
1616
3207
3443
1562
2339
2786
3672
37384
1690
2864
14
2404
127
4998
3510
3909
4840
3017
4626
1812
3922
3977
2473
57
4597
1165
4593
3197
3549
4501
1909
2995
47963
3304
3510
19914
788
2688
2317
4223
35945
2571
3841
12918
667
3906
1090
1422
4645
637
4333
4534
119
2211
34049
4179
4790
4685
2842
1615
3465
8779
3201
870
3339
2070
2015
2831
429
1482
3233
2691
3128
26015
320
792
3543
1893
9339
2769
2593
3539
4768
2788
868
4758
517
3978
3081
4446
1295
2440
3405
4985
3511
1862
3817
28872
2910
1661
1430
2745
1680
1825
1639
3669
1788
4189
509
40150
588
815
402
2046
37281
2098
4451
3848
2423
2280
2845
1592
3888
3742
813
213
960
43877
2348
272
4666
47451
2056
738
4120
4109
1943
550
4857
46066
3261
3290
729
4377
1647
2334
1824
3013
2434
36498
2111
413
1177
25296
1723
1418
678
66
3163
3085
515
696
1408
586
29556
3876
2333
3470
4245
2447
2754
4946
2165
4561
3916
3900
2542
4715
562
3438
19236
1546
1072
383
1864
238
4711
34040
2652
188
304
358
2286
3586
1371
3449
2203
3347
4183
619
3535
2734
4067
506
47364
3221
3513
3512
3819
219
4151
4294
4568
18433
4463
3770
2909
3635
4711
7819
1299
1434
2137
882
2631
3981
4910
4347
3704
2898
43675
1242
314
1186
2837
2192
1254
3203
2658
1952
1808
503
2139
4828
1933
2717
1643
38520
1768
3919
353
1782
1400
589
3272
4363
1424
660
1980
4896
3017
369
2798
1240
3435
1351
2492
864
4946
2762
2535
3565
837
4876
1762
3518
3595
2724
1832
3311
2695
4185
477
4715
1824
1023
1515
3511
37
14201
1680
11315
31512
4978
3054
34915
2542
4161
1196
464
3338
1563
1732
3725
2794
1908
2179
821
3673
1876
4298
3298
30213
10034
4530
2328
4704
4556
14
3679
4244
48980
98
2980
2826
1147
2796
1781
2125
4265
27995
1445
249
28740
1826
3707
3108
17034
2010
2010
4653
46865
2868
4758
152
7262
27063
6654
38530
3089
4693
1775
17744
3006
3690
930
1989
2629
3750
4350
1226
2587
1731
3392
1998
2638
3474
4967
145
8056
1914
3941
3167
639
1540
91
1547
453
1171
43640
3119
259
4758
4223
3248
4967
3276
2501
3363
4065
2400
4216
2041
2591
2685
1341
2913
2560
1604
4937
1038
2848
4659
4574
16513
42175
4735
1087
1461
22732
1814
636
4416
1450
4153
2547
398
2238
4751
4704
480
33590
1247
1368
370
966
19775
4185
4309
3752
398
3339
989
4053
282
2760
2128
126
3137
3182
2490
2893
445
1208
3149
4612
3620
122
10048
1293
1864
3814
3315
42883
3632
2448
672
4563
19846
4811
2401
175
3267
4261
1138
644
1122
3606
2161
744
1910
2033
2116
3976
3623
2750
3803
3276
1109
4443
1997
1012
4134
3419
3458
7886
2761
3790
3355
2902
591
22729
187
4789
3121
1330
3798
4372
89
2305
13580
3246
32816
121
139
626
2792
1478
2327
3335
889
2525
9797
145
3867
4498
37597
2783
452
24792
3480
4847
109
4407
7
4413
2924
416
2010
949
41469
2978
2095
198
2115
3602
852
3998
14
3283
481
584
3463
830
3675
4454
4864
4693
3924
1607
3177
1676
1948
3747
745
111
4728
2627
1674
2668
4058
3956
3657
4267
1786
2598
8515
3898
938
699
33245
1336
2620
3411
3788
4932
3466
3743
3092
195
1179
460
4397
3356
4417
148
1525
4346
571
1139
1157
2671
192
1843
732
3106
4322
3172
3023
754
2217
2025
7625
451
1942
2118
4759
3193
3233
3675
3072
4610
2911
3012
3281
14886
2174
3056
3238
3913
1421
3521
4984
32819
4252
313
4722
810
1530
29989
2165
313
4093
510
4019
1406
2805
3306
17728
3678
1549
47701
474
11385
3841
4327
45435
734
35176
1599
918
2834
37901
3427
2950
2558
3744
364
352
3753
2239
4797
1562
4318
2502
1142
916
678
1740
3161
8878
180
2919
4010
1681
2040
1533
870
27217
150
2247
1010
4074
827
679
41620
3399
1293
1785
1568
2285
18941
916
1267
1129
2525
3647
1217
171
1071
3077
1312
3418
868
1860
11547
4072
2330
4449
2827
2623
4267
922
1021
21318
4539
1115
3511
2005
1144
1174
3030
1866
3147
1280
56
20813
3295
2950
1279
4841
2097
3219
3855
4283
4785
3511
8719
334
1261
4680
46428
4283
3517
2652
521
4505
1114
4923
21019
2119
2050
2883
4312
2434
3242
46665
2889
3365
394
2616
379
49935
33111
2931
24729
4091
3818
3470
27688
2686
523
6804
2206
1996
3155
1538
4715
9732
4333
1773
2548
898
1692
375
691
3803
2324
102
2963
4841
1076
3674
285
3505
10260
758
15855
39116
4124
3045
38850
971
4866
2914
28465
489
9194
434
3813
13995
2439
21596
2241
735
3193
3252
3059
2538
2359
3395
4484
1569
3634
1514
1859
1539
702
1884
2543
1147
2581
2461
3618
2475
3677
209
47420
22093
2766
3880
20244
2016
208
4897
4664
35086
4073
2293
4959
4929
1702
4645
2070
2547
3795
859
765
31419
7036
216
5476
3755
4082
1401
1712
4452
4637
1893
4581
1949
2144
831
617
51
4015
42822
2828
2787
10721
1649
1481
1781
3055
914
3577
3741
1477
1506
2649
4912
579
3397
4483
4668
4399
1878
4314
1341
4592
1189
2381
4242
1917
3866
4978
1038
2487
914
4124
4156
4823
33927
3612
659
3095
2098
3105
3341
1046
3836
991
4276
4789
1869
3141
4728
21
4570
4423
4361
648
1929
469
4938
6494
1697
985
1405
3738
465
1081
3368
2136
444
4046
4111
2127
2276
1251
4281
1112
39
2457
1306
3333
1651
1189
44031
4233
510
1173
2531
1133
9566
612
4860
3464
4888
322
4095
2584
3163
320
3634
4689
1013
1611
4327
427
3805
3642
526
445
1546
23296
1620
4293
3958
1316
9088
4736
1200
647
4975
399
4201
225
2803
455
4359
1224
1935
286
4762
4475
3609
158
2541
4635
4634
713
7788
4429
2473
3180
1279
4898
157
3085
1533
568
4210
2795
4701
416
862
3436
3043
3647
3873
2290
4976
1807
1650
43095
3560
3834
1062
4309
23007
4961
3026
25173
3549
3477
2031
3215
2606
2806
1852
1473
4763
983
1060
4302
17
2669
734
3169
1966
4210
3464
1534
1586
1571
4445
2326
3971
1413
3466
3119
3930
1159
19745
164
1487
200
229
1387
4713
3474
2823
27281
2187
2286
1175
203
331
23314
7642
4605
564
245
1488
1114
4280
3897
3401
42353
2065
4238
3037
3928
1751
1228
4250
4614
1461
3129
2936
3563
1682
4282
1799
3549
1140
1971
8
895
1379
1691
4776
691
3438
3395
3603
3634
4152
181
652
43572
21233
951
4380
673
4273
384
3207
1075
628
20
4294
3554
3235
44449
2423
1866
3697
3963
3020
3846
2651
3668
2652
1591
4133
2677
4184
2586
2610
1367
3740
4281
4483
211
293
27678
2565
2736
1919
13539
1437
248
4502
3201
47042
20426
3178
484
1084
857
1257
51
4862
537
1158
2681
1375
71
4416
41128
2911
33
3444
300
813
3138
3651
4294
4571
660
3738
832
2631
2147
3521
3174
2439
4369
3995
150
563
4792
17161
4762
4351
2434
30161
4040
2939
1164
2173
2163
31030
4960
37463
3955
1808
1499
2970
2454
3378
910
1749
1748
1631
3676
24585
2239
3737
3550
4242
2743
1512
13158
4288
4269
3767
4252
4011
4703
39199
35111
1756
661
2508
2468
18535
4761
3948
4950
4220
2196
668
876
250
30296
329
14621
1715
2631
49089
2858
518
2451
3050
2039
560
1599
989
82
3559
4794
2356
1521
20500
429
48
2275
4891
1364
2641
2040
4525
2813
540
6117
2525
872
1662
2230
4461
1143
3223
3825
2594
6357
1323
2286
480
21484
3420
2182
2821
1506
4084
2837
3807
2515
148
596
2437
2426
3426
2446
598
4857
2560
4326
4611
4052
4363
546
3574
4374
3436
3461
4744
4919
283
8082
23
10428
2743
4766
43444
2256
9134
985
376
4847
2287
526
2060
7869
1189
385
3531
698
2323
2239
2439
120
4907
1001
2856
3408
194
43391
3238
4166
3222
3484
1613
182
355
2564
282
3873
2043
4363
2023
3733
4049
346
940
2803
15420
2976
2606
2950
2677
2328
3248
509
2575
650
3471
3173
850
3893
2645
3701
4368
1067
4345
2982
807
4770
2074
4236
3746
1913
1602
6888
1233
179
4742
2201
461
3808
4090
2911
4757
1164
2042
1229
4936
696
208
3720
3205
501
3785
34
3166
1137
1139
3214
876
2768
38301
1902
2612
402
1271
40986
1140
920
1490
2900
2594
16665
785
4420
3689
4745
164
210
784
2823
37822
3013
2761
34752
1564
1343
721
3745
1274
4809
3369
223
1165
3228
2253
2225
4196
48346
3913
4327
2636
866
135
4147
668
3320
36860
860
4596
2716
434
1631
3896
42496
4513
1781
617
3890
4085
4226
2661
3237
14247
829
1777
509
3985
1256
2064
2819
1616
19670
4606
1511
2555
1952
2561
414
3748
3732
38557
34462
1665
2632
3308
4157
4100
4888
44987
1518
2342
4749
4009
2804
4346
39221
178
1267
3915
2668
2159
5564
2620
2687
1069
218
42791
8105
3180
3791
2736
3714
594
673
1388
4113
1604
957
489
1992
1154
805
4944
3469
339
4365
84
4897
19594
2236
4120
775
928
216
4000
707
3738
4709
4224
1101
3561
4317
4818
4028
10505
298
554
3780
3016
1405
2179
439
540
2417
3805
1066
4192
235
4737
4369
4715
1891
1548
783
4094
786
1475
4239
253
2743
928
45661
2507
27852
3276
3071
709
4756
2467
158
1518
33377
37388
1157
1953
1233
4510
892
709
2186
1487
1752
2413
18855
3201
1118
4741
1554
4465
3385
1556
1168
3396
851
4473
2468
1705
2656
3275
1926
1449
697
3141
3057
1558
43101
1214
493
456
2520
4073
3709
4841
4816
1986
282
4874
4774
2506
7807
29456
3306
1283
43070
3114
6140
728
59
3725
878
2108
2250
4575
3938
1165
2781
256
3759
12124
236
1209
1579
4306
2711
4307
3403
3466
4280
1119
3991
38392
4129
635
4293
49338
4909
4887
3743
403
3004
745
3198
3800
4648
2168
2657
1228
4277
4856
2655
3292
4229
3791
2269
1336
419
45358
1398
794
1057
2971
636
1204
1604
4403
2365
158
773
3367
456
2230
1342
1015
2517
4936
1026
2519
243
2482
264
748
1214
3324
2273
2952
19626
3151
2100
445
4923
1708
900
2377
2960
775
23991
2903
1348
1880
1216
547
2357
3531
3782
3475
2110
2679
1780
4014
4809
4422
4478
3491
1346
1909
28379
23756
3681
4816
3622
3091
1349
3931
1006
4111
1967
637
2117
1854
2808
2017
799
3299
143
2223
2824
4273
47974
44891
3507
39151
9163
1019
1139
322
957
439
28
4434
1245
3053
1115
2410
4095
343
36366
3982
3330
1086
3753
940
227
143
4683
3134
2339
711
703
2464
4454
4974
4900
2373
6714
3066
3563
3287
2775
466
4357
1668
1225
134
4456
3287
2619
3011
865
2411
3580
3197
3221
3602
2257
1396
1337
3504
4728
4901
1846
2675
15198
2105
1268
4138
477
3950
3100
1099
3767
117
26385
1313
3489
3283
1253
15963
25275
1624
151
4836
3294
629
4937
3212
778
2584
4084
3678
1825
162
28664
1672
2882
859
4035
27269
3287
4718
2015
13536
48877
4745
2626
4506
1114
4300
1212
1768
3201
2292
4892
1691
440
2489
2561
1105
342
3769
3206
49875
1968
4622
2730
2104
1716
2541
4164
30136
33770
727
36495
1630
1445
806
2786
22704
44936
135
993
4939
2273
22833
3011
696
2903
1086
485
3873
2062
4126
1620
1121
4388
612
4519
31451
1086
4646
4223
4862
9085
573
2002
4989
2106
3650
1314
3214
2067
1457
1399
296
949
1714
2520
39672
4862
2990
3335
4028
3667
4325
4845
2424
1103
3156
3851
3862
4640
4203
2088
2552
19818
1759
1017
1772
1199
2586
2617
43028
3128
46637
1120
4740
4395
805
1426
3528
46347
2012
4067
1517
1808
42210
1138
346
3455
2794
3042
3987
3624
397
1085
4746
2111
4892
16295
38899
2942
2761
989
4599
1817
1367
4669
3084
2196
3799
2506
714
4168
1499
19335
3074
3705
2030
784
434
4386
2887
2387
31271
987
1319
3742
4201
767
1776
4785
12398
1694
4054
2824
1042
4831
647
4750
21521
25437
3118
392
1671
1929
3349
4667
892
543
4050
3532
4129
1880
1753
680
2873
2111
1795
4666
636
1184
3006
1047
2209
207
4515
3287
1439
3491
2850
2009
323
172
4847
821
2791
732
2609
3905
2447
2917
3899
3544
3634
2471
1527
1197
3232
3982
4543
3473
4391
1452
1323
1584
1993
2450
2383
597
2536
2623
4428
4825
31760
876
2375
67
2183
1477
225
4183
4805
4861
490
10819
2899
4588
2004
318
445
1176
3513
4610
1690
3010
3105
2838
2871
4766
1551
1905
3077
4046
780
1786
2758
2599
1679
184
458
529
1694
4043
3760
4958
29187
3326
3192
3131
4734
1607
3414
3579
2414
3628
1586
1897
839
598
29846
3391
2879
4373
495
1467
937
3940
1394
3747
2198
3299
1459
1295
1578
1299
4156
1049
17880
3376
4314
2893
4405
1886
1692
3745
4088
1318
855
4388
3626
1457
3000
960
216
4412
3284
4767
1080
3952
3300
2730
1983
4808
2383
2097
934
28314
35748
1564
845
2006
2190
4869
3355
659
1932
4030
41900
1800
3507
2739
1708
4455
3183
37696
3151
12913
1495
11576
4472
831
2592
4765
1094
1168
1519
1193
959
2484
2149
37
13733
2285
1937
2337
631
3071
3696
657
3580
3206
4205
204
1794
3938
2990
4530
164
4806
1148
21827
760
4732
448
43790
4636
928
29638
3776
1882
206
1397
1107
3243
3328
2671
1215
6
2579
17937
4690
2799
3749
3483
608
3741
4147
2924
791
3932
1031
1228
4017
1378
2827
1962
4121
1039
890
323
4530
178
2196
3563
27096
4129
1323
45525
10644
662
95
42376
638
4957
3572
4628
3028
3636
3844
3872
180
180
303
2358
1068
345
4301
4314
2218
2586
5358
1439
3654
2866
30055
2362
2733
4287
4393
4456
3013
2494
1480
3943
1225
4568
3524
2373
3098
4301
660
2638
3014
4293
1998
1250
716
1836
4818
4290
709
20754
3750
39015
2100
2764
1977
891
3453
135
1788
1898
3506
2650
3133
2372
4971
1512
3491
1949
4780
9
4988
2524
4812
3382
3855
248
279
3878
1036
206
2393
1004
2635
823
770
942
361
739
1032
37185
2524
5948
4713
363
3050
710
1410
2081
1321
1517
1461
42504
29344
10031
1437
47317
216
4911
4136
2359
776
4648
1295
2308
2688
4489
2918
2246
721
4898
471
645
4317
4558
2557
1969
1258
1114
556
19412
3548
389
4216
47888
2305
1831
1841
2160
3784
377
8137
2905
2255
137
3173
1222
3394
4085
940
1838
2154
711
2523
1219
3082
1959
807
2649
1106
4362
4319
2285
1705
1070
174
2623
1992
336
4572
3386
1104
3617
4851
191
266
1419
4678
1264
861
1888
14136
4607
4549
4793
237
3916
481
3166
4953
4815
679
1715
3568
2640
4931
3075
2418
4681
2082
604
1230
2189
2209
1569
21838
3289
1399
3938
6389
788
2712
3808
638
3907
1627
4411
1378
3966
2853
532
2658
917
2457
1434
734
425
2678
2144
659
4386
1289
935
876
3824
1485
3166
310
4345
26783
1831
2365
3646
29602
3752
49835
3167
1251
4165
4562
2478
609
2460
1138
43989
4653
106
19601
2897
3376
2162
2774
1305
2461
3095
1060
4650
10613
4584
671
3813
4930
1408
2807
43798
3354
13031
3801
152
158
6036
982
2927
4126
3390
1324
5000
425
4048
2081
565
150
2495
4698
46148
2499
2155
4932
3658
2027
1054
869
3604
3029
345
3330
3499
4591
42500
4503
25335
26932
4149
609
42909
4476
415
1331
217
1157
4592
2092
3486
3026
4491
2669
1275
1646
2385
3447
1122
2872
546
4750
568
1582
1377
1211
51
5653
644
2477
458
2716
92
114
1292
216
3057
4340
1461
2180
1239
2571
3054
4500
1460
1855
3547
6462
3192
3959
2220
4464
3496
4121
3833
2316
3903
832
23862
3202
1838
1305
3105
3575
700
4793
11703
432
3637
1394
32302
219
3471
4837
863
3342
3085
887
9196
3598
3940
2324
28214
3537
3516
29761
3800
2756
334
1356
2009
2269
3110
1566
2417
4530
3893
3104
953
2661
1542
48872
4447
2700
274
2767
2568
1396
2565
3816
1490
960
1992
438
1263
3987
1512
2018
4259
3561
1644
313
1991
2655
10235
2020
2379
4229
3582
1903
2758
3501
1549
963
420
3011
929
4186
3586
4612
3295
4364
19651
4763
808
30012
4064
186
1587
3736
2065
872
897
4751
3046
766
4955
1062
44504
1975
1759
4861
34327
482
3929
4704
4124
11004
3947
1923
24891
4203
4881
1123
1272
1955
1393
857
2624
31526
234
1138
4372
1929
1663
2040
4836
3558
182
3971
238
147
3053
2246
1410
2181
1767
3110
2041
4055
1612
3070
2232
2903
1868
3173
4332
1964
1516
967
2288
16278
1434
3994
781
201
2052
4786
2544
1475
4413
3051
859
3593
35877
275
3888
4540
1497
1216
1595
2789
783
4736
1452
4809
4393
1726
22004
408
735
4892
3567
4475
3022
4296
4848
3454
2527
4415
4304
977
3151
1372
1852
36
3630
470
1979
574
1751
2153
3598
2196
3818
4498
4637
3549
1255
1576
581
1500
3323
224
2487
107
17817
39614
20895
4237
3559
2658
31613
4809
1598
3801
149
2384
4355
3352
3112
4409
333
4007
4760
4432
3080
1890
4027
42897
3509
3682
8621
382
1247
4992
580
1621
4454
2067
1290
894
4101
168
4256
4682
30806
3951
2103
2552
4447
4367
366
1995
4443
3489
387
2122
2449
28500
4028
2049
4127
1511
3769
539
3562
1838
1171
2911
1673
3
639
1648
1809
3788
4853
4293
1124
767
3943
9
3335
686
4261
1670
48025
3313
4966
2646
2962
2335
3478
244
37089
966
764
2528
846
39781
75
4969
4579
1186
2706
3330
4053
3663
4706
2839
4055
3938
540
1541
1866
30686
1153
2223
4515
4308
1414
4792
3280
2313
1205
3155
1963
4025
42643
4550
692
912
32676
4032
1686
43296
418
4064
4088
491
1222
4729
35418
3012
2796
2362
4433
4343
2439
1820
2322
1612
4407
2709
2741
3252
3602
1991
416
23786
10649
3512
1275
4357
2013
41153
3774
2351
3968
3101
3240
3587
3333
618
3607
2824
1903
4041
2582
1606
769
2110
4038
170
4701
1557
2145
1748
3012
1396
778
3830
1559
4598
3084
4893
13893
2643
33681
4144
732
4315
606
586
1849
4440
4972
1072
3086
4187
13770
1796
3302
1429
4399
976
43054
4908
2345
27629
879
28617
780
4379
4213
4651
2665
438
13268
3256
597
34386
3353
387
3211
1668
2099
21315
4672
864
1206
35031
3419
1709
459
1225
4644
3314
3281
1553
253
2220
75
1094
12798
2792
4455
2756
1245
4765
3235
1628
1809
14157
70
4478
3838
2862
1827
1105
2369
4195
4065
513
48401
420
1962
4377
959
4108
3104
1549
2156
2252
1846
2258
2336
1865
468
1686
32543
640
4263
561
2313
12188
4091
3085
1494
1425
427
3198
2174
6430
1810
3863
2745
48143
25849
2337
909
3271
1409
3457
2998
4869
3250
4261
1685
3712
2931
1954
3664
3501
2069
2079
3921
440
1505
3214
940
1818
3623
2563
4914
2343
11708
4213
970
1191
40762
1004
4245
2949
1341
1295
2177
3845
4038
3232
980
1651
4778
2785
537
3319
519
4624
1596
2815
4392
555
1524
136
2403
3933
2135
42717
2542
2441
3590
4222
4104
243
17607
22392
1330
3052
4102
2134
2561
3631
4773
4374
228
4299
1114
2697
3052
596
1792
3618
375
1770
2014
1544
4938
320
947
1797
3848
2532
513
3041
2170
4257
49237
2905
26116
4686
4427
4075
4626
3040
1397
3907
2326
1730
761
4257
1872
1743
15136
1901
2426
3656
4907
3933
46
1405
3138
11558
3491
3718
1179
3074
40497
3212
169
3040
43570
4468
2447
1958
2086
1297
4129
1055
425
592
1480
3837
469
1594
645
28791
4774
4594
47814
459
4716
729
37700
2358
74
203
4462
2379
41495
3034
1675
2847
981
1418
1073
7269
751
4668
1950
4713
1461
4101
3063
9604
3344
2011
154
30930
1406
4829
1282
3420
2851
2702
743
2557
4618
7625
2436
625
654
426
3212
4558
18
2598
843
2929
3434
2006
4466
4638
2473
2736
4948
1965
270
1630
4405
4268
3910
31154
1614
1608
4527
4954
4936
3856
3068
4009
1819
1774
3693
1495
4955
2645
610
2950
3042
3062
479
984
16656
4813
2771
3615
4409
4454
357
1281
647
199
2247
4354
18720
956
4926
2287
3093
1905
48732
39481
3376
209
2039
3928
4933
2842
3564
4255
3470
1768
172
80
1026
2983
3504
4046
317
4961
3641
4655
3001
165
516
578
1102
10931
2438
1823
4004
4090
12729
2318
4351
3325
4107
1503
2238
1125
2735
4194
2520
3666
2654
2365
1867
884
1482
458
148
2707
3382
2495
1455
867
4936
3547
1822
1223
5255
1296
31514
2369
2707
4243
4815
3445
1231
43060
2003
1160
3353
2655
4572
1913
4936
3537
1068
19001
4306
3151
1047
2900
532
27139
1390
2986
1500
258
168
4869
2672
2348
3860
2238
70
3355
895
4558
26843
214
11180
3269
311
348
27025
44109
1655
3874
4378
2132
4720
2697
2128
1054
310
459
3638
4187
3782
4289
2096
1787
12192
2557
2893
4504
4893
2671
3997
2473
4334
997
31428
701
3320
1837
361
2912
2416
514
4105
3161
1078
192
1879
4928
2382
3397
4806
2306
2974
1188
13783
3605
3703
4490
1461
679
4948
160
3371
1276
4005
261
2602
1830
4948
3932
4449
1876
4515
91
31391
473
4418
4824
2043
4183
2513
1590
2942
3157
2481
3747
42351
1145
1828
1567
52
3386
1936
3081
2104
692
2319
573
4104
4734
42613
2804
3262
2452
1235
2262
1294
4511
930
4886
23
127
4524
4054
4064
828
2129
16814
2789
1974
4586
1750
3679
487
1667
4386
4230
2174
98
1013
1412
780
1501
710
137
4961
1455
4184
1063
4674
3944
405
2111
4544
1764
3641
490
1226
1067
45683
3375
1040
1623
179
1684
582
190
3355
2347
3570
2732
2022
1924
29624
3384
2512
2447
4826
801
2749
1495
1997
3834
4715
1631
4991
2509
1604
487
1292
2120
3151
4751
4670
1515
3288
4385
4493
226
3204
551
1775
946
1904
2161
2467
1551
3896
1757
1448
3291
1823
1454
574
4538
2706
391
49900
4908
1374
3700
4622
3991
1404
4304
2798
2627
583
2109
597
2490
1691
684
32511
1119
2199
3773
875
3147
1794
46620
31771
21693
4564
4101
271
1639
2693
713
3583
3421
2971
2070
4600
20229
4583
4029
3945
26627
4564
837
474
2950
632
1826
3267
543
1885
1864
4018
702
939
2892
3532
2577
1893
452
3511
3190
980
2192
158
2611
38748
3928
2957
4913
2563
732
3536
4228
4465
4221
2556
799
4426
4966
4222
4279
3958
1588
3527
1708
29067
3657
28236
993
995
2153
4104
1445
3137
759
37718
861
1782
2055
3861
1110
3281
3462
1733
3171
37616
12008
4037
2500
4925
37263
2779
8848
1854
2668
30509
1373
226
317
1547
130
4634
5939
2996
406
4035
4397
622
4653
4659
2152
3521
2538
102
401
4244
41331
3244
1950
454
2109
1816
5512
179
1414
1456
1840
2417
777
362
28068
1721
2717
1729
909
3559
1273
4918
2058
4859
2915
3998
2782
99
4423
3976
20754
531
4494
1375
2751
3562
763
4954
3413
2417
3073
3693
42893
3904
3695
2902
2665
13043
2910
10266
5748
3000
4966
183
22161
39424
721
4961
2432
1728
744
2571
2094
261
2516
3709
2731
43
3484
1880
5452
1180
3246
777
4390
30613
4048
1713
1477
11585
4091
1395
2689
3221
4351
4618
39377
47076
536
13638
3884
5397
20937
4453
4939
1597
3096
4631
1021
1405
3204
18465
2900
3620
2279
507
4773
2370
1032
4360
4794
3752
553
6516
1987
3081
3992
307
798
2275
20996
2766
13798
11226
47121
2391
3862
2184
2479
3945
647
2034
2095
41495
2899
4464
3533
4719
8595
4554
4008
4943
23136
894
25372
2567
1891
704
4012
29226
4695
689
41794
2538
223
1956
4845
1198
1401
1990
4824
23
4884
471
35680
405
4903
1832
4274
1349
3172
1524
3263
1426
3539
1580
3470
31714
722
4758
2588
4997
452
1302
4850
400
1576
1779
2594
3966
3162
3472
151
46740
2719
2225
1321
4210
3919
580
3964
966
3927
4910
4301
4249
1379
34307
456
1356
1849
18605
2549
397
3295
4664
2670
3511
403
4835
3270
3297
36011
3887
3477
3101
1713
2053
2836
6
2175
1239
1700
1215
4379
2070
709
1442
4365
3746
232
3902
1592
2496
1105
4607
2781
4122
4549
4161
138
4511
1012
9712
1762
1251
2111
3664
4662
2958
1479
2786
4434
20144
658
1664
3176
2407
429
3330
3226
447
47906
19974
4472
4426
16041
3862
3690
1301
19661
4071
4419
87
3385
3516
2019
3066
3142
317
664
376
2099
1084
1221
3689
1120
2627
3795
54
512
2921
618
1719
20770
555
2019
3117
6841
4611
2884
2049
3493
1983
4512
2337
541
3570
4838
2591
63
2495
3372
2249
3210
2296
989
3341
4780
846
1418
3566
812
4046
2728
4947
4732
47682
4452
3667
769
3137
4945
3717
4491
3009
787
1124
17407
4055
1115
2196
4897
1119
1382
47761
254
523
1412
4091
4969
3258
2408
75
2052
1210
3643
4118
1012
3603
1031
4407
171
3558
1236
4393
931
3165
3288
13788
2530
2349
42715
24456
4711
3775
3065
1198
218
163
2062
3849
4907
39638
3323
3606
324
1205
4879
4378
3092
4446
2138
23801
603
113
946
10593
1863
2302
2524
1524
4754
11659
357
3740
4748
36799
43813
3457
2635
1854
3091
456
1931
42820
4046
19366
4225
1923
2724
7911
4416
3292
4625
376
2542
2814
858
719
792
3785
3604
3733
4897
1041
4608
2281
684
35
1056
3921
637
3258
4776
1710
3058
3687
2699
2929
4734
6291
767
1107
797
2439
170
4147
1759
3840
1677
1865
3898
1510
3759
3745
24826
3006
33880
3670
2266
1910
2043
2140
4763
211
1892
2897
126
472
2040
2241
476
22044
2825
4110
2207
2266
763
1385
4744
276
220
3509
4594
4232
288
2850
1494
3481
36138
381
1195
3137
661
4619
1988
56
4813
2616
3732
2330
41640
1456
3808
2955
144
1727
4373
4798
28154
909
3994
2230
1611
1299
9330
4152
2222
3760
2835
1184
1144
520
3496
2649
1385
1610
1879
2167
933
311
2992
4714
4287
1568
3282
2618
4262
422
3132
3148
47934
15457
291
206
4534
1355
2711
511
2742
478
2724
636
4644
27887
782
3326
4845
1114
29016
2156
4032
3473
41250
4132
1392
3147
3381
3500
2438
1009
75
447
2877
4616
3475
4131
2082
3288
1817
1614
929
29188
4422
23281
2985
16594
4223
1364
3099
15989
3787
228
1507
3955
4132
3614
1453
2555
3092
1548
2770
2646
3793
13871
3627
3212
2156
4643
4066
2991
748
2730
4208
45436
204
2479
3653
391
1118
4848
2654
1381
4279
4325
2904
4080
4509
466
3501
366
3459
4791
3810
2136
204
4313
434
2046
1830
4884
23279
2202
3047
2962
2307
238
2646
4435
1353
1736
2286
4486
1402
482
4845
4463
4717
3070
1801
3274
2288
622
736
3372
2304
17
2718
2276
3082
3233
2651
4986
48756
3083
107
2743
23810
4205
42863
2599
3846
2648
4580
1950
2619
4840
1005
2118
1400
3775
1117
2348
7434
669
103
4907
2035
47644
3391
4622
4062
2770
2543
4554
916
3114
4955
1110
20223
3600
464
21436
920
3351
48469
657
235
4324
1876
165
4372
4685
1954
1575
3073
8079
500
911
2698
3826
4588
2380
3429
4163
4671
4011
23665
223
935
2727
1692
2321
2219
18717
4265
1146
253
470
39003
409
4304
4146
4360
1209
3733
1174
4582
585
2029
603
1768
4957
2169
1448
29417
4622
2439
2911
4267
2388
18342
4347
919
3991
901
2921
40248
375
1277
2631
2787
584
3517
2951
1067
2591
2901
4719
1445
3170
1908
7955
337
295
864
28145
889
46071
53
785
1684
1507
4933
748
2946
17451
4880
665
3669
2469
227
386
54
37596
3822
2457
3232
2911
987
5013
2968
2141
28668
1898
1407
4657
4259
4677
3878
3816
20374
3795
1300
151
4069
2978
36183
3211
3322
1115
1294
3883
3963
145
4035
234
4843
1937
4588
2832
3377
2086
1869
2176
4323
1539
858
541
2761
3176
1079
4560
2077
2773
4829
4015
14227
15776
259
43314
911
1573
3935
12218
708
2187
3241
4959
4815
2373
665
2772
4491
3773
1870
2323
3209
4395
32451
45560
679
957
394
4843
544
1142
1358
2772
781
27694
465
3359
4795
3856
251
11105
853
819
2947
14988
2666
3205
4162
2256
2294
4886
3846
3280
4871
3239
2914
1708
4898
1036
1711
2899
2309
3972
21980
1086
22303
2909
1788
3330
1901
3898
473
1231
48807
526
87
4375
4598
3536
3296
2309
485
4642
3546
3582
1081
261
7756
2365
46770
3434
2749
2146
2558
3928
2950
4541
7257
4664
3836
972
126
14027
548
2541
4098
813
4994
1938
2373
7581
1667
2103
1418
178
1889
43344
1872
3778
3682
1992
4795
4358
1938
1120
4535
927
1160
897
4765
3496
3676
647
839
11452
1906
529
1479
574
4504
3065
1183
860
2328
4945
26126
2238
1751
2723
3759
3114
794
2355
699
3883
2506
37223
1792
1107
303
269
113
2085
1368
1891
234
2000
1081
3650
1738
3019
4372
1160
1088
3964
2941
2718
2722
4000
2411
53
2699
3613
1280
2912
49693
1571
5558
4334
211
3819
4854
3854
3776
1278
4970
4217
882
1576
3342
3801
1113
2316
230
2859
2111
4712
4228
396
1820
1901
3997
3880
2727
2778
822
3233
4628
4992
3448
1918
42
3369
722
739
2196
4142
2998
934
4819
4866
1387
4643
1651
34455
190
2184
1377
4747
44927
2017
4827
4214
3487
720
471
4500
4981
2985
755
44774
3407
2907
46347
517
3891
1300
2496
167
2462
1951
4029
7691
4524
4023
3693
1079
233
2161
1550
945
3403
506
1579
881
3714
2183
924
1372
1989
4014
3982
2682
1877
4787
4822
3047
4650
4089
1132
4405
2302
3833
1979
19683
4669
1826
2652
4067
4436
348
3573
1173
76
2257
4401
2827
523
3097
10466
669
3901
433
4731
1084
1253
3190
3442
2246
1328
2493
42740
1131
1552
1910
1767
2738
10454
2114
931
24
13851
1452
3566
295
1639
921
1392
3408
4652
2142
1089
4598
940
350
40014
47541
3690
3074
3548
1587
1045
3646
2228
3782
2471
1456
1957
1838
1185
10659
4872
3957
460
2935
47375
883
3844
2765
3068
746
373
4479
291
3425
2424
4983
1958
39220
4867
4129
4623
95
1960
4251
3664
3518
4540
4227
4746
2471
254
3614
2069
37446
3452
2239
3667
4482
4575
1720
4941
1548
1090
4451
42957
3730
157
544
904
3107
43478
3218
3354
3628
2134
1678
2676
905
57
4990
1061
2166
2296
972
943
200
2657
22230
1883
2510
1845
4328
4733
4420
3033
4352
42
3695
281
2562
3083
1697
1031
4332
548
2193
28633
3198
4313
2979
1249
2106
1028
2982
24070
2554
637
4809
22760
3858
3101
2396
2558
1506
42705
1846
1261
4989
3658
2912
27096
2740
3849
3259
3940
4316
1818
3238
1173
4977
4736
4744
2369
2404
189
539
4759
2254
3605
3013
1209
1412
4599
4399
2734
2375
11717
2280
930
524
574
94
2942
2562
2519
22446
2743
3829
3726
3222
3988
1866
34
4331
1114
448
4490
48220
2986
348
3070
3346
2955
2510
381
4455
3468
3641
679
3802
310
1843
4855
1329
1837
4161
442
3440
4243
3487
16133
3646
1172
3385
1624
1164
2985
39177
4497
373
401
1275
4334
28476
1844
3129
434
3590
3319
824
15721
166
3512
1501
4979
2354
235
920
3775
811
4140
3570
3996
4591
208
3123
3279
2210
2123
1054
3460
4434
1088
1878
4695
36400
1097
2340
113
1702
2161
13148
4930
18059
2642
3253
3106
8260
4579
4947
4673
4603
555
2322
10721
203
1685
2334
3132
754
2377
784
4475
1932
4078
4443
290
3641
1911
476
243
743
10508
5
1022
1423
44637
4547
27865
2741
2393
4636
1923
11590
3825
30230
4713
4782
2155
1288
2331
2106
2589
285
3173
681
1309
371
729
9703
1011
412
3282
3617
1539
2063
1807
985
43578
1032
2289
3348
2952
440
37406
3919
4973
3056
4055
800
3196
23652
1708
19703
2937
1168
752
1293
36612
2007
2113
4251
3290
40934
2665
36740
4849
1607
961
3111
1042
1569
2996
1490
187
1036
8849
1560
2088
555
4345
366
725
1177
4775
14791
31522
4924
1887
1769
3113
4235
29229
596
701
1719
4389
3201
2794
679
1268
3083
4512
4897
3783
738
3429
4438
4289
4077
270
2638
3700
903
2625
35328
1348
748
15850
527
2197
47178
4731
11513
3054
25212
1582
2889
1820
1334
3745
2247
1801
1735
4387
4157
904
77
3508
3063
536
2687
3946
3742
33253
3199
1462
3852
49956
4813
1924
1317
2189
1492
2998
451
1370
2127
2654
3578
3378
4703
478
26334
2524
3142
3295
494
2634
2956
4734
4213
1427
40986
4140
3781
4008
382
1940
3012
4648
4428
3364
2129
5014
2942
3330
593
1391
3807
1579
2764
3836
8759
1278
46767
804
4756
29283
4600
2738
257
4529
2764
525
3074
1775
744
3190
2806
1617
4590
4137
29981
36419
3928
1549
1878
43915
4263
31994
3712
281
43803
71
23984
4657
3436
4671
4331
233
1647
1102
46682
2116
2062
4066
374
637
2954
15873
2373
102
3168
4011
1560
2973
3804
2907
4718
419
18385
3415
4603
2950
1447
1532
1593
1288
1734
442
3540
4069
1391
2103
4920
920
3886
3600
3291
1317
1882
37
1334
1614
623
2578
4857
4936
1367
2200
1943
3806
1520
542
4433
1618
908
2340
2650
4979
7912
2013
1664
1057
2004
845
2844
974
2583
4517
1289
1898
449
4347
954
582
349
2075
2199
2910
2768
2767
1891
46849
796
2047
1643
1883
4712
124
3551
303
2913
526
3511
337
4495
4012
1943
811
1577
1183
2604
1949
1384
1121
638
4414
2824
1600
515
4814
4484
3337
3931
1147
1524
3762
706
15475
3070
4296
3593
4349
159
7142
21630
1291
3686
3792
1314
2343
10773
3176
827
8502
3457
1295
4737
21791
28540
4624
1706
1118
905
20
3881
3458
4594
48257
3091
4856
387
4830
4931
299
2436
3416
1403
1790
7291
46645
43705
103
4558
2428
4591
819
4744
3085
4038
2892
13759
581
4539
2305
28628
311
4745
746
4971
998
2961
1593
4957
3202
2031
1040
21884
4058
1293
12070
3143
1770
2730
2995
987
1751
23587
148
3056
44193
1429
2080
4968
25007
3439
1769
2023
44
427
1247
4388
3462
1537
4510
794
4425
4462
16802
435
27470
3003
3395
1661
3973
1525
37617
1873
173
4826
648
2481
2031
4113
3218
4485
109
426
2326
2148
4343
312
4293
1302
1772
4450
2808
415
3365
601
3122
2365
3499
4923
4720
4514
2470
1986
29199
2324
4172
4510
2643
2784
2114
165
3540
1854
10216
506
4042
3642
4612
1792
425
950
2510
1285
3147
182
418
2780
4700
1340
8604
1294
2135
3544
3312
2513
21688
1036
4619
2357
10304
184
30384
2716
131
7687
2370
4533
1297
3520
2789
183
4754
2724
2416
24716
62
3563
3969
1228
564
983
1555
38717
917
4297
1115
2715
1423
1649
2483
38542
2614
4145
2032
3861
3521
3103
48208
4864
1557
648
24735
2849
3231
1192
4805
23282
108
4508
124
943
4231
3269
2964
795
2808
4275
1324
3223
170
1956
4643
1987
933
3078
2443
1308
2774
81
3534
1854
881
4018
2498
1538
200
3968
4935
1114
4883
4601
19125
3751
4418
3238
1734
9657
3496
2084
3070
1853
832
554
17896
4566
4205
30227
322
19695
1188
8794
701
2000
1001
4056
1584
3691
964
1479
1317
1849
472
209
39513
2848
4727
4018
1929
2783
1420
292
2222
978
1643
4690
301
1381
3767
4922
226
3799
2936
4536
1406
925
3409
907
2838
4677
3695
3245
2840
175
1413
3105
665
732
351
30953
4724
4723
3517
2508
724
267
90
115
981
38505
1600
4514
7782
1816
3670
4641
2171
4497
4685
1762
3065
2720
2333
3315
3876
4304
4609
1246
2744
916
8115
2228
504
4404
3629
1149
2057
989
2681
721
4249
4665
4821
4354
15513
474
1186
443
2933
3773
3673
2971
3599
1280
1810
854
3410
35489
3220
3669
392
4328
4561
4312
2031
259
3270
4977
1427
2812
487
3421
3847
41112
2298
4422
1849
4712
4079
4386
7736
970
3057
4263
4856
2776
1080
4908
2072
4945
1999
1386
887
284
3735
3524
2738
1356
4403
2078
2226
22722
95
34876
6778
1657
2430
10975
4082
4976
904
4153
3872
256
2642
4768
3766
3813
32640
851
3739
46
3570
117
4547
2113
3843
3413
816
1329
1807
2745
29414
4047
3466
2586
4231
31539
3339
52
1453
498
1054
10731
2553
4043
1058
521
2668
1332
575
1519
11531
3349
2348
32575
1275
3544
137
1918
4908
4809
4219
1913
4638
299
4450
3015
1774
4852
2772
4897
244
2119
2582
3495
3716
2435
820
302
681
22921
3126
2508
930
3136
8712
3412
3491
481
38533
2252
3164
529
1172
3020
2855
1947
1270
3938
1120
1509
156
1956
23720
2308
4591
601
27968
4991
4182
2841
4081
35
844
622
1669
15115
13576
4031
4651
15989
4693
1633
1893
2815
9895
3806
17724
866
4270
4948
3688
3546
858
3030
312
1132
3548
604
4482
2649
2443
1730
1629
1329
1297
242
3800
2998
19929
26158
2498
4081
1313
2500
3800
903
27272
3082
1192
3856
4660
549
2953
4863
2723
39955
460
1267
1077
2223
3272
4966
2817
42351
55
2218
3367
2977
643
25764
2656
4390
4865
1524
1024
538
1167
1190
3745
3445
1054
45760
4327
3409
1079
456
23437
2584
1500
4236
667
4681
815
48360
2138
2131
2974
2449
3903
2624
4741
22640
3696
2618
2127
2538
1111
1908
22169
2518
2137
3390
3050
2169
114
45642
2624
2815
4550
2361
1700
1089
2724
2042
22711
2631
3228
2332
4315
34577
4658
48695
1316
4098
2326
457
248
4601
23669
250
1926
3092
1541
4329
3620
417
48654
4926
226
1891
4863
3195
2174
1258
24303
2861
4320
18606
1601
2525
353
161
252
3524
4269
3213
4353
4403
3490
103
2298
383
4074
13980
2362
828
3881
1804
32441
1528
3934
2375
1555
21686
1735
47759
233
4086
4015
4340
27786
1000
4183
1158
36350
4922
14238
3619
1562
93
2375
1258
112
43620
4519
180
1357
3918
2157
728
1345
657
4314
3975
426
1178
4119
4815
572
4328
14150
4306
558
28009
4094
4940
2410
1026
1328
1533
3430
1633
37469
3515
43180
3469
3693
2263
4915
48525
3289
548
4097
4109
843
863
2066
922
1309
4104
1964
4618
2598
2023
3628
4699
2207
3705
761
1092
1265
1493
3917
1043
40275
3362
3190
2481
3173
4508
1991
2188
4165
4825
483
2802
26497
4863
3687
1756
2932
5573
4546
1071
3219
3746
921
42472
1357
2206
849
4861
2590
3555
2985
840
4353
1125
3976
3336
601
1066
1618
1886
1218
4322
4178
4679
1520
3117
2756
4460
803
627
31014
3548
3808
3870
46207
3602
209
2629
1900
507
3719
3243
920
4353
3000
4709
4896
2091
3251
1802
674
44860
2252
3614
2099
3739
10342
1621
320
2755
1918
2142
3650
48710
3876
367
3750
3209
4479
4586
4953
4042
4734
4213
4976
3363
1387
1566
1796
3115
1371
562
508
4862
3745
253
24830
3599
3009
3007
2221
4455
149
1774
4633
4457
4840
341
2478
1895
1902
4315
4001
1733
501
2010
2146
2155
4280
3431
1558
3856
1679
4741
3068
1518
1328
3676
1819
3933
4011
4362
553
4324
709
3660
959
2403
2900
1671
32768
2217
3753
4728
1683
1080
4785
3431
24124
3526
2399
509
3993
4252
4744
3689
3700
3290
110
48
2426
4909
2322
39776
1925
2821
204
1317
3226
4107
267
2186
2353
1722
1235
4463
4037
3454
1944
4443
1714
4256
1792
28681
4718
4829
4725
2249
804
3656
813
11238
510
1355
23283
2558
4381
1373
37493
949
8730
3237
3793
2228
3645
286
395
2715
4016
1523
2544
2968
4027
688
551
3314
4560
4219
4722
4932
3070
4698
3963
1673
1608
1405
4385
3200
373
17418
446
3742
2082
2744
2936
576
2249
77
2651
3383
3116
534
3626
4277
2230
1945
1231
4770
2730
3884
2785
20632
3564
3883
1630
2179
801
57
546
494
4116
3527
1500
1421
1051
4833
347
993
3366
34295
4573
2238
27246
8532
1758
3982
3411
3151
21473
4585
1520
3656
987
3595
4617
30371
1514
15476
514
3689
2183
2942
1852
4906
4999
2042
3882
260
2883
1047
1518
4591
1690
5598
29095
4233
4472
4954
2252
39378
44051
4525
5679
41933
3528
2192
2025
2577
41872
2197
119
2979
3957
3939
4411
3080
2370
1183
4962
711
347
43627
1572
1699
2710
4029
3025
3796
3015
3884
2709
3827
3351
1487
1898
4433
4159
2838
790
3053
2695
3508
3068
5941
2077
2329
341
3256
32635
3880
1889
4811
2287
4605
4372
1541
2983
4904
401
32018
648
4387
43866
3465
3553
3582
3189
628
93
1993
3044
4779
27775
2633
2593
4317
22030
30398
2010
2625
1935
1858
2504
188
1564
573
4747
94
1034
328
2365
4284
3022
26662
1697
1632
3230
1648
985
48564
2131
2859
3151
722
2693
2282
1357
2098
4606
12068
1444
1508
975
24912
3326
1869
3233
1314
23663
2810
43272
36413
1040
4818
3474
1280
4165
4391
1870
4753
4994
1578
1789
306
3167
4152
44783
1522
688
4521
777
2037
1284
2069
2538
1217
3635
4998
2734
5440
1524
4906
790
4360
2353
952
3008
3637
40412
1737
362
4428
3055
33062
3054
1447
2617
3160
299
1590
4431
1929
1823
1660
1265
4226
2551
1035
23694
4261
4398
3800
4865
521
4854
4969
3617
420
2918
4714
3476
228
2213
13432
2896
910
1115
34905
46355
15246
44529
1263
4513
1610
745
3555
4054
3122
4496
3768
1761
858
4691
2217
35683
3203
4414
43
618
1150
4162
2927
3137
4256
31183
1149
1717
1492
2506
2136
2953
4766
1895
4629
4487
4234
4405
4677
1832
3766
3518
3464
2910
877
3153
3963
47580
2518
4733
1644
3823
2040
4203
2716
4316
4620
1240
3184
2959
3106
2054
3544
4840
1996
3417
11552
2920
2239
1143
1452
1204
32654
2732
508
1823
495
4641
1361
3561
512
3798
1976
19612
3630
3737
34576
2019
4628
31995
23800
4258
1408
3703
475
4199
4225
4548
3561
1139
3624
731
1738
904
3892
160
1120
1719
3810
2757
4904
1366
1647
1768
4637
4375
1473
1664
3806
1319
2157
1902
4164
1466
4683
1695
1684
1856
7054
1341
2696
1022
4622
18287
1701
1668
2135
8056
44062
3008
342
4801
2717
2804
2059
551
174
1497
2275
1477
2975
2473
2340
301
260
721
3793
2150
4785
3496
3957
87
4819
3930
510
43380
482
2405
3524
3785
2204
2516
536
2334
928
4319
868
2897
988
3005
1620
4150
4108
4735
788
1545
2724
2506
702
3624
2739
690
44873
3381
924
380
4092
42044
3706
3679
1833
2156
1087
2241
1951
9242
4082
2931
1995
488
516
3887
3778
89
2778
296
1028
2982
48441
4346
2038
4097
3980
33778
459
2994
4262
1016
3013
48064
2443
872
2492
1183
4247
984
4200
31819
783
4690
11631
3876
3146
3638
205
1339
10
233
3237
2961
16946
129
1876
4197
45098
1671
1690
4629
1286
4807
278
3688
3715
3594
2027
580
11996
2518
4752
44228
1043
3201
160
3311
2582
4702
1752
320
271
3687
2210
2762
2577
3661
25327
2217
1663
2544
3502
44204
3562
3843
4353
4569
3094
623
3575
1704
2277
4549
1537
1156
1262
279
4994
2617
3688
1500
1376
3453
4717
4631
3671
986
4883
30892
4715
1164
2152
3768
4386
4886
1688
150
3880
1326
46284
3291
443
1588
711
1840
3198
2782
3540
1098
2300
27612
2625
4668
4594
20758
4747
4095
4565
1080
1147
565
2716
4535
27400
3061
327
4084
3733
670
904
3413
3577
17425
212
755
48615
63
235
3526
4908
448
3132
38321
3286
2362
4611
3697
4793
109
491
3210
2163
476
2848
2608
2187
1392
4260
1687
3017
959
4543
8059
4267
4374
1663
605
3470
611
3946
2220
131
2696
2251
2398
1921
2236
3014
4332
4783
3761
1326
1933
1053
1757
3445
116
7173
29585
3089
48301
4286
4495
1542
1922
3421
4154
4028
3025
4761
4448
37
1386
3500
729
313
4583
267
3988
3713
3103
3976
909
2169
1565
1173
50
4848
1474
1203
4209
3156
2064
959
3014
2785
549
955
1771
30518
3306
3524
1291
1608
2654
4360
3632
3057
4469
474
4438
2231
2950
1017
2838
470
4333
3197
1073
161
2259
2163
1646
1779
35812
4651
1788
1013
48278
1032
148
4881
4833
3634
4382
3295
3710
386
4464
3061
1949
4230
2549
1173
3978
235
22830
16728
3976
2809
16199
4603
4686
19554
3524
33605
4945
1910
25978
1991
8205
3130
3154
897
3470
139
2508
2812
15247
1735
4319
935
4291
2394
4785
27121
3064
3205
2686
229
757
2512
4049
2936
1412
48
1646
2417
1424
1972
4733
2098
40005
2635
461
3573
801
2153
2951
12351
2899
2992
4977
1241
2709
286
4992
8597
2778
1733
1329
2569
3992
42246
1369
2795
1724
651
1189
3392
4371
2549
6570
2478
10285
4490
3005
727
1621
2928
2779
2918
4472
181
3108
441
625
2533
2690
4317
4068
33443
1834
3334
2251
4820
1270
2645
3097
140
422
1826
1044
3623
909
2532
4360
1736
3184
1680
20211
3090
143
4819
4576
17678
1759
2947
4104
213
31413
7002
4616
1255
450
4033
4301
4273
1368
3389
824
4220
2528
2037
2460
1824
3392
535
4790
2246
4857
25337
1359
4345
3928
485
636
1775
3774
4955
839
2533
2345
4130
405
882
4545
682
3745
43894
25417
3877
3398
11801
1528
1793
3197
550
949
2139
2339
3184
4349
3296
1179
4402
323
4725
37671
2238
2691
757
5707
4734
1669
423
3318
2564
905
2336
3419
1164
4104
48675
4779
4965
29981
1152
1400
4
1167
4383
2226
4324
2105
675
4155
43775
1421
4637
1294
1381
14513
3424
33896
4580
33986
45964
1160
3780
960
4578
593
26351
6263
30021
2653
2549
1210
3013
22775
1456
1533
570
4809
1321
37
1587
3423
827
3194
428
1869
48892
855
1644
1797
332
30692
3267
427
882
1471
110
863
3987
1278
312
2868
3478
436
1530
4547
2199
2355
90
13
185
1765
652
3576
1681
558
15893
3241
26514
1100
2442
4787
2342
4128
386
337
3464
4460
1429
4852
4936
895
1783
49685
3752
4957
1035
3853
3173
2722
656
2735
1080
200
9
1237
2759
1451
2745
1820
1916
1152
3035
1680
4692
3681
2553
3112
25664
2620
4845
3744
1296
1909
311
2773
2369
1517
4176
5715
1791
12550
3970
1757
3246
2554
3220
4202
3841
808
346
3332
9584
48218
3
69
4748
2957
2568
2205
2326
581
1781
2662
2880
1200
4569
3358
312
592
14084
221
4622
1128
32
33
3104
846
1031
12111
3335
1639
4588
3016
49126
2086
4390
4557
4103
4606
2320
1677
1440
2453
625
3805
4608
10119
1002
1620
1350
4757
599
1868
3219
1972
3565
72
2986
1007
270
129
549
4790
2874
3952
4353
2483
4191
2412
1013
4776
49452
574
144
3562
4061
3574
3692
2350
4335
3081
2910
2352
806
3181
3002
2136
3205
3326
305
4490
1758
3414
2157
32480
3788
1374
914
194
1002
4709
1859
2756
2433
2475
1952
4019
3770
4665
1205
4509
3525
3167
4645
1389
542
4774
21307
1705
2669
365
1434
3923
84
43291
25352
500
1419
3097
3242
47252
3205
841
283
2796
4675
3807
718
188
2112
3738
1495
4912
1045
1717
1921
3648
19
2712
3754
666
1083
3147
285
1776
4089
759
4104
4458
4853
245
561
3280
4657
1772
2643
1475
4105
1517
3709
3933
3061
4581
1493
3011
1266
860
3546
3545
1776
627
4474
3042
5826
70
1965
1610
7276
3845
514
4325
530
433
1408
885
4066
3158
3992
4568
2323
1754
3024
28654
3845
2629
49261
1181
9811
15813
1974
1457
4540
3463
2550
643
4562
1644
2282
3950
625
666
963
4786
3072
10538
1083
58
664
2582
3598
2247
4073
19
2314
2024
3328
1024
1500
2143
1799
1406
4449
180
3876
4291
4943
4675
2004
3700
1808
2441
563
4526
961
2547
1839
3391
45153
4488
301
2098
871
4816
205
2135
487
960
4769
4256
1625
1232
3459
1945
1092
2761
4499
4861
1884
1352
9
1072
4257
5138
4687
3399
2708
1495
2606
256
2873
1889
2910
22953
2015
3472
32
4687
3645
4984
991
528
616
1775
879
2829
2197
819
3879
3301
2789
932
2661
4144
39052
2846
1357
2262
44776
241
36330
1295
693
359
728
8385
17941
2582
1396
3665
2087
1297
2880
1041
3046
4119
4396
2339
1072
3847
3293
2333
1550
1625
4697
751
3361
2709
4095
4934
3804
172
32763
39926
1351
748
27788
1915
28387
1501
616
4024
295
1023
4323
2581
3132
2267
900
3959
4255
32023
1640
3205
4759
986
91
3182
20611
345
3276
2753
3029
3743
3415
4729
3182
4179
1869
732
576
2223
4028
3541
2825
3792
1383
351
3483
4946
1824
3023
3353
3186
4851
477
1984
1763
44821
2409
1288
1976
2680
1503
26071
1711
975
22349
9671
2498
874
2713
42479
709
2216
50
2360
94
752
1727
3422
807
2100
200
3639
23111
1653
999
22893
1266
3013
731
48171
4636
43558
3307
3321
4783
4824
3337
2861
591
4472
4914
669
34458
3316
31759
2260
1569
21134
4857
366
1479
1784
44706
48460
3477
136
27106
38233
1359
4694
4674
4048
535
169
1971
1015
2162
1886
2243
4757
3359
1212
1279
42803
4990
4553
4527
2421
209
286
3132
4154
2275
309
41
1292
27587
1419
4798
1549
4588
2183
4139
17918
1943
4728
4426
1082
2888
927
1907
3932
4117
3240
3671
49
4622
599
4690
2172
2707
4311
1682
1983
4644
750
4565
3055
907
3373
42954
3802
1990
2631
1362
1909
22585
1101
4771
3832
2545
1629
4606
2596
3410
3611
2002
2671
2479
3484
663
544
516
3752
809
1203
4133
1226
1890
4244
1799
2391
796
4961
4348
4565
224
3103
3186
32059
4052
1932
3757
1480
2181
2431
3397
2553
38562
1559
3291
2322
2708
4817
4438
2313
4594
2211
4428
4822
671
4695
1076
4496
4896
1186
2931
2407
850
416
2005
2695
3496
2658
1397
3275
928
543
747
2939
3356
2496
2013
687
3457
963
3916
3967
33406
44679
5290
4594
12667
2419
3255
20379
445
16083
387
859
4
1173
714
2922
1354
3363
3147
4354
3625
2977
1946
517
1743
3393
917
25144
2010
146
3363
388
619
4819
2403
2555
4873
919
1823
863
3645
21727
4510
40
3067
1748
464
4429
4750
1000
4911
1571
4232
2587
40189
2036
1844
3604
544
1724
44540
4647
16412
519
507
4566
1868
3891
4275
1241
1767
4184
2293
4054
4263
25036
38880
31815
811
20852
677
2721
1392
3045
3061
4472
2854
86
2773
1193
1193
2107
1673
4216
4748
736
4159
3646
1867
1429
1874
2546
1075
49216
2888
5254
4313
37
4721
842
2736
1201
2754
3819
3068
2627
2395
38
399
2196
780
2005
2015
1155
1216
4312
3658
2952
11187
1806
3394
1517
2836
1181
1231
1534
3559
390
285
1881
2342
24031
4993
18
4726
28731
4137
47867
2609
4628
19643
240
1510
4229
2241
3874
499
3450
2659
3888
1666
3086
31369
2892
2156
4113
1460
12789
2927
392
2719
2331
318
628
4754
1278
3234
441
1916
718
48790
3913
214
3818
3874
1876
2859
2127
3532
2059
4062
4219
2175
3330
5592
892
2211
32332
2300
698
1961
1563
4808
2069
2742
4185
2702
111
478
41990
4078
4919
2111
2927
1363
1857
3421
1313
1716
601
4497
36437
712
1770
44085
39625
3438
1526
4239
3358
3895
76
20915
1753
4531
44951
4530
4541
2121
1400
3869
3320
700
4219
4159
798
3209
582
1183
4624
25143
1743
939
356
2841
1839
3802
3332
2550
2295
481
4672
4318
3607
673
2227
76
1487
2135
11690
2269
3453
188
2406
1993
629
2094
135
1433
3288
2954
959
3716
968
629
4256
3600
4381
2988
1430
4161
2512
3545
4771
3140
4750
14358
1078
4582
1509
659
2976
923
1865
1715
3343
1763
78
3390
3716
3613
34200
1627
4624
2115
1956
381
4502
1774
764
4308
4513
2024
3145
3652
4935
161
4198
3264
1649
57
599
31404
3263
1692
1215
126
1626
1842
2189
3865
2670
1027
437
4797
1999
233
3277
2102
4318
1206
2686
4338
491
193
253
4020
1800
1017
1212
1280
4545
1409
418
4870
1471
2638
518
1415
4464
1633
1080
4188
3225
795
2255
4187
2397
2748
4997
2502
2034
527
852
1888
786
5244
4025
542
2405
2191
4818
3337
3414
2506
1122
2814
2493
39080
2338
4572
660
854
3986
2672
1872
41392
1530
29326
586
3470
3769
126
4408
44856
3807
1388
53
1442
4912
4900
2836
12060
2155
3301
19638
3232
1089
2747
4262
2895
35870
245
4142
4844
4463
1169
3738
2648
277
2968
3240
3464
4524
3100
26042
4014
466
1882
1934
3874
3592
4772
761
2174
3442
575
2116
3829
2988
3682
4537
3213
965
1368
62
1678
4886
1511
4403
4683
56
37419
21833
1132
3423
2846
1632
17282
3770
12980
4873
1820
3475
406
920
34503
3957
12637
112
624
2079
3520
1977
29625
45392
3768
3141
14443
1463
2133
4608
563
19641
23367
2756
1583
3137
3946
2052
2507
3533
4066
922
288
919
1724
34716
2081
3129
27750
4173
4332
4892
1720
2128
2991
2744
265
2009
3980
1379
4750
1110
4592
647
2893
21465
1386
472
1381
4917
2469
3767
385
3367
4672
3921
4357
2593
4862
1434
2468
1307
4718
4108
3470
1017
1356
1993
469
3185
4747
3956
4191
3033
41465
650
4799
3836
1641
3343
5580
3646
3237
3633
43844
1666
3120
32988
2496
4776
919
4309
3046
90
813
3323
4952
1426
466
2499
3829
3618
2034
95
935
2891
3395
1865
3292
1414
4720
1807
2154
4737
2637
504
2721
3936
35866
116
3016
271
2367
28836
3721
3220
3035
2421
641
1285
4479
2989
24918
4191
2635
1675
1417
302
2843
4689
1529
1581
1921
3530
2705
2770
4321
3329
2656
908
3507
660
354
2292
485
2068
4829
383
3467
2506
4364
1820
2472
1982
1393
972
2692
361
3317
2203
3391
2898
15933
2269
1579
2872
4474
321
4669
2571
2505
3353
4444
3645
1279
1912
2723
4152
3612
1128
2872
4118
2167
893
496
858
27198
4901
333
778
4667
734
2997
2572
333
724
3859
3600
4908
198
2824
4429
4457
4198
4107
397
137
3850
4599
1763
2571
2130
2605
3737
2197
3143
4171
855
780
3730
525
1751
2703
2695
4007
4197
718
3499
3735
2086
3662
24773
4827
4473
1286
1286
1748
4828
9721
4342
262
1319
3667
2609
665
3262
2241
1204
2429
735
1655
46581
860
2560
2065
4488
263
3949
1155
2196
4676
4647
4265
4572
2832
4766
4249
39115
393
4676
963
3751
2518
4933
2941
3277
4930
2172
43201
71
4344
4997
1471
2598
169
43992
4807
898
4117
1786
1258
1653
3634
4575
2331
519
653
23929
2683
2688
1814
1677
4120
1734
370
4469
692
2833
10250
1244
2426
2785
30364
347
2723
2517
20293
571
555
4772
2664
4889
2818
3566
3327
1023
1111
1770
2484
3726
43107
1210
47542
1541
4886
1044
4040
572
3106
1661
4466
4513
2611
1626
1081
2884
23200
1959
4620
888
31
1726
41574
2481
4230
1244
1208
2089
1501
4102
4566
2908
4773
2385
3550
989
823
543
1831
4553
3896
2680
4483
228
3267
3146
1244
2523
2356
483
2450
2809
2260
3416
4767
1720
874
2987
819
2087
2541
1285
1523
1129
3753
2568
901
981
1447
7361
1202
3864
2408
2877
1836
4903
22088
4381
4435
3079
3671
2239
2909
3965
3837
4292
4465
33023
1746
128
4695
3341
3691
3671
1568
3028
4122
1698
4091
26667
14925
502
3188
20
4505
1614
2150
24437
2042
3383
866
3176
23329
4989
3017
738
2758
1744
1629
1070
805
1347
962
4590
2520
1524
45058
4921
644
1295
1701
4126
1178
4112
41437
723
3269
48274
4062
180
2725
4710
972
4968
598
3062
1015
4883
1720
1794
678
820
40181
1229
2093
19739
43150
840
1293
44158
1606
4293
4219
2163
1255
4601
2924
4854
3787
3498
10202
99
567
1324
4102
235
3477
1814
1430
1835
885
2597
3411
3706
2353
2887
15692
1475
362
3011
4334
1502
2085
3629
411
2953
4865
2896
21
197
3837
2632
666
1966
4636
3942
1578
3917
21804
3136
47148
3164
499
1249
4557
175
2156
4903
3431
24386
3308
1212
86
4419
42500
537
70
645
17918
1969
2569
738
1478
4287
81
1899
2837
1102
3040
167
3631
4815
110
1884
3579
3298
2855
3215
753
31947
2009
39556
1260
3746
452
1539
19487
3428
11751
3103
17055
1655
16185
3722
895
1365
4268
1742
1771
4480
1179
256
31783
3363
2225
3815
409
3027
149
3449
1762
3790
1748
1145
1817
1216
11
267
1088
4608
1554
627
25372
206
1714
2193
2211
1862
1852
4788
2161
20966
2323
261
17378
4289
3741
513
3747
200
2997
3154
865
2863
1051
3080
880
2372
3992
2868
4020
134
14038
965
4898
4004
2224
3682
948
450
2790
2943
148
45207
1514
4722
30243
805
26242
2940
1891
2787
2533
127
2652
41
1186
3236
25573
4603
1466
45907
403
649
2483
4907
36040
4586
2642
3510
265
2683
1700
41304
2425
3509
835
3038
1913
913
2480
2012
4282
2750
512
71
522
2091
13993
2601
1872
20
1019
3953
519
910
1381
4586
2841
1285
3477
938
2576
1316
2561
1316
3301
4030
88
3572
3908
3435
40867
223
1898
4864
2637
33838
370
24251
3668
2997
1220
2141
1354
1442
244
1461
2191
2594
381
1621
275
1106
4115
24204
1018
556
1196
1347
810
3736
4228
2267
3009
3447
517
1751
2512
2776
762
2648
464
3555
732
14747
4939
2157
4840
2396
962
3165
1171
3512
1082
38502
2522
2455
2040
22097
3369
3844
1084
4727
2195
600
35888
3982
1831
1175
641
1170
4047
2684
1802
1245
246
1504
26726
439
3206
2351
147
3274
4740
3774
3493
2927
43
2719
4511
4049
1009
1224
4207
2353
2833
2455
15
4384
34
3180
1428
1904
1834
2924
3636
3395
4018
2144
4120
4853
1137
3549
1855
279
740
4853
4730
1746
4583
1413
671
3090
1995
2038
5438
1410
3305
642
3522
4248
881
4883
4613
254
957
485
2367
155
10
1604
2754
3108
813
2016
1918
4458
4437
2386
1919
4699
817
3688
49247
735
1155
39025
3849
1367
4598
984
1998
4556
2847
3248
1384
4208
2678
2474
1327
4482
1903
4258
1172
1407
691
1374
3842
4475
4011
612
3063
2717
31921
3093
2431
3614
5000
103
329
2610
5390
238
10332
4097
3610
3378
3216
47435
2957
6691
4703
1186
3485
2077
1538
166
4152
30120
2572
2432
33492
3025
1441
2062
863
715
924
37784
3126
2660
603
4765
1343
1925
4277
4406
21376
1806
967
1461
2315
4208
969
3899
2518
3399
4648
3544
4317
1093
4383
1296
1867
4398
1490
4969
4749
4137
56
2390
1102
3076
4600
4124
3360
33970
19802
1476
27507
29580
323
4484
578
1843
4320
81
2990
1643
4777
1491
3799
98
3834
437
3931
3676
20923
1931
2953
2934
2830
3449
1641
1413
1148
16266
1137
4067
1688
279
4595
2223
20467
43176
854
1952
1702
2180
3074
24317
105
2846
4616
24157
1802
204
15601
230
2898
225
2108
33984
2606
3168
2834
1489
3158
1215
1065
4949
4104
1115
2920
1285
27217
3785
35660
3794
343
12986
803
30000
3622
1119
23706
4509
2251
2170
2125
3882
4997
93
1152
956
19472
1168
212
783
528
2680
645
548
3586
4422
1753
2601
14629
4972
3435
3102
90
1426
536
414
3343
3589
638
3757
3842
2746
1572
374
2783
730
10648
1876
4086
1248
4766
573
4010
30397
1746
1371
2980
3625
37763
1466
3431
43
2005
2533
852
4039
1454
2023
2429
4494
510
1225
3671
939
3603
3634
3640
300
1210
6803
3227
716
2004
28437
4684
2006
3248
3507
14150
396
4511
113
3589
4210
2306
4052
3002
4221
3459
1415
663
19772
1465
2672
4436
3645
1876
4176
2249
3091
915
4057
1542
3384
3803
1932
2431
42236
2458
4082
4634
1799
1799
602
377
4879
3479
3407
1954
1540
3178
42928
4732
2968
3482
2781
4107
560
1908
316
2328
2230
2236
1391
2810
1223
1968
3408
3122
166
180
3996
893
692
37006
2207
3053
1284
2290
987
8270
603
4884
2732
2833
2119
31073
4352
2693
4182
877
1030
2014
2277
2380
825
621
28204
606
4950
3493
964
2078
634
923
2635
296
405
2804
1377
587
3611
3669
3663
4221
4774
390
293
4456
31589
3383
48293
2057
246
4863
37437
340
988
2514
1214
34130
234
579
437
1055
1933
13278
1258
2810
2979
16
27965
1137
3729
2481
2681
2867
4679
3495
1117
18071
3395
3227
2864
4665
772
2544
751
4146
14453
4451
1067
2021
2177
2100
1790
3116
4710
4860
870
3368
156
2601
492
4740
636
1141
1705
3633
4560
403
1299
1368
3902
2534
4075
1456
2992
956
2336
3488
1735
281
2919
1477
1011
352
4693
3926
2684
47973
4607
820
970
1964
31221
2714
3043
1441
4739
220
3499
504
4834
2837
342
5939
4323
37806
2443
2839
632
991
3586
19789
2420
4855
4752
3847
2466
1826
298
34983
4243
2560
2183
17896
2342
1041
2135
2767
1919
3746
1931
4671
4788
704
1324
2540
603
3461
4214
2682
4040
3137
2850
736
34597
500
3713
4192
4434
1378
1865
161
4553
4193
1924
2554
2449
43610
2883
12058
1822
2319
2920
775
3210
1718
4226
2545
2858
3019
3150
3308
396
2123
1582
1182
1326
1115
3889
2089
2184
1929
674
4935
1184
1829
4627
436
2729
514
393
4754
4768
19562
1735
965
3587
2668
4847
2850
2955
4925
1920
976
3598
3268
2957
2158
473
254
4842
42206
63
4913
1792
2561
2825
115
1279
583
4549
39064
5000
2344
24679
1544
956
4385
4114
4483
2625
4237
2371
4917
3668
25404
11593
1287
3539
832
4691
1236
2175
4002
508
2402
2392
4743
842
2089
3117
22648
4987
4065
3284
883
4147
78
1413
3667
32985
2671
3007
4928
26255
314
37611
1955
1673
37017
3686
2939
3961
528
241
13598
61
333
3089
3464
45012
4974
490
1846
2629
3992
2457
2369
883
2110
785
10861
4225
1953
4483
4749
2100
134
2253
3272
16467
2605
4391
1819
416
36190
2857
1
3686
2285
3660
4455
2552
3123
223
2690
916
4014
2940
3540
1490
3901
2391
100
2297
3783
1856
509
284
1634
19170
4278
33639
2572
4253
3134
182
4384
557
1785
3519
37342
1286
3629
2687
32980
2133
4148
1324
2935
4194
3155
45
3798
3802
2002
2935
49858
3664
3280
4275
14211
332
3501
2402
1742
1408
2217
221
3502
2918
2244
3731
2112
1885
1527
3476
4525
2355
2122
3020
3265
2832
1677
68
2853
3733
4248
4876
1463
2350
12108
3626
3443
611
1222
4521
1583
470
3246
3823
2616
399
3810
4541
3192
45003
31472
793
1543
4760
3729
4830
2908
4857
62
4241
4156
1798
1380
3358
4544
1206
1924
15073
2950
2463
4691
4925
1010
243
3286
4134
3718
2027
4918
4726
2529
4613
2981
1523
3197
1261
2028
210
2649
14555
4953
3502
14484
20023
3343
2145
1980
892
3531
2787
1877
3764
114
3713
4773
2651
4718
617
849
488
3719
1952
17354
3721
940
3898
2345
1717
4857
1936
2937
4014
1128
2541
2866
29799
1505
8417
4662
3611
2013
2338
4575
3849
814
4634
4056
261
3764
1153
875
4677
3273
4598
2376
2993
3872
47634
2044
2705
339
3720
2570
2389
2717
1073
1501
1106
21172
1061
4348
869
3557
3377
1520
3414
464
1388
3357
1976
14634
4578
2452
3179
4705
3416
1521
26039
3515
3905
4435
283
2587
1700
895
30442
226
1803
2303
4840
4790
2951
4288
4555
1357
4240
676
4488
39656
370
1544
17195
4819
655
331
4240
3760
351
4981
3326
649
4894
3161
25904
4198
3835
290
1411
2718
1929
24570
1808
2319
1529
2901
2798
831
4835
108
722
3147
2571
3051
28
1173
2137
4300
3910
1536
2393
3067
4600
3299
376
2969
4407
1757
12813
2432
3180
3918
4961
4997
21926
3372
3808
4594
1831
2762
2434
1875
1643
3931
3584
3081
23305
3031
23062
1993
1448
2905
2895
2857
4835
1385
3701
869
2984
4532
3180
6691
524
548
2847
1394
2431
3636
2400
1675
306
1721
2714
413
4226
4806
6451
750
4628
2131
3842
4285
1113
4660
2690
4536
3913
1420
1888
237
2681
4748
1677
1432
2933
3901
2324
2733
1861
2123
1416
525
1319
2224
978
3063
850
1087
297
1147
1180
507
2221
3585
307
707
21374
3325
4543
4711
4972
4604
3895
756
33419
3641
1740
1028
4543
4429
114
4940
2110
1056
821
237
2629
4490
738
2292
3689
3185
4480
2100
35397
14441
1887
4013
4647
4006
3809
4829
35483
2970
4491
998
3931
3486
3595
1051
4561
3808
36830
6089
3405
3135
23635
4299
45280
4938
21788
676
3639
848
2306
4854
4798
41968
37158
1506
4439
2035
3373
2090
3311
3056
4375
22192
25773
1680
4205
3388
528
3799
3218
3312
4882
1390
796
4131
1465
15880
2780
3055
2559
8440
3628
3694
4951
1425
4807
16941
38024
3626
3193
4806
1648
10
53
2240
4507
552
3977
3292
4134
1578
36196
48202
2320
3779
2368
17620
3503
32
3237
3315
4124
904
1208
4619
4767
2672
15132
3190
10
4867
4210
338
1947
4977
1084
21554
2511
3724
4626
4452
3977
7590
49816
701
2630
4913
614
838
871
1254
4631
2622
43056
921
278
3040
19948
2604
1048
201
360
1370
784
1712
2563
3648
2632
2934
2307
45866
3420
4532
125
442
4958
2835
3389
949
982
2871
3846
2750
41698
2369
1402
3711
247
1043
3641
2236
3707
721
4432
4984
4080
2588
3576
425
663
806
3079
49072
547
32428
27848
4717
2725
1968
50
953
2
3316
3719
3409
3507
460
1657
3857
1532
21565
1604
1977
4300
2314
128
3236
1921
26789
3089
14085
1182
1895
2982
949
1743
576
3460
2386
36095
68
40244
4070
3649
1551
4300
4698
1942
19306
3456
1521
23247
3625
2361
1552
636
46892
3977
4641
2779
908
4456
34236
174
1490
82
537
45336
1240
33680
3609
3156
4656
563
1498
897
24906
47154
984
3583
16886
828
3710
1337
4295
504
2826
4926
2011
3875
750
37424
1017
145
3742
2227
546
1616
1798
918
4126
835
4362
851
4091
2964
4557
22188
909
960
3203
4072
4246
909
2453
1806
2341
5284
4169
27954
4752
1227
1547
2234
331
2095
835
31886
2519
3101
88
1560
1035
4890
3692
4191
2825
4360
2352
1904
3379
885
305
2407
2562
3371
256
1600
3649
4270
2875
3803
4075
1021
1781
843
3984
1378
538
1540
1632
3059
1531
2699
994
2795
2478
3091
1171
1810
1937
595
4937
1029
2765
55
158
2076
2012
4618
1152
4262
289
4994
2234
1663
3615
2064
2800
673
95
4380
1509
3552
2343
117
3095
3283
4682
2456
4151
4235
1327
4682
4489
3932
422
4665
1881
793
2968
16198
3728
334
6
486
2260
2618
2813
555
1924
3941
3414
3358
2256
978
3784
3547
268
4796
2492
4906
4462
14436
2886
44834
288
3283
1473
4481
3691
2659
4076
4170
340
4134
1363
3690
588
4718
3151
29490
412
29378
29261
4110
9
1028
3933
1461
2590
1101
1660
1408
484
729
19022
2520
1089
3893
45253
4145
929
791
26089
1646
3705
146
2306
1017
3406
3286
4480
358
937
10431
1934
1875
34371
154
674
3152
39140
2171
965
2703
1062
1185
1910
3420
1172
3075
357
794
3983
3829
1340
1066
3501
2552
741
784
1283
334
1829
5663
1421
2220
3478
28636
4416
3057
3507
1036
4397
1271
1021
14916
517
1651
2362
3455
3208
2310
2210
3395
3528
4839
3361
1956
3503
3965
4650
2293
2003
2982
5247
4949
1128
2736
4958
3075
4073
4078
1986
2457
3352
34185
3268
1161
2535
1110
1166
434
1997
3023
2615
3001
5980
4397
1512
3907
2251
1923
4180
795
4022
2147
17691
2408
574
4795
4358
4783
4628
42625
4494
46579
21259
10
1433
628
15782
1798
1949
2663
1006
16706
4678
17142
1930
49021
44569
3964
1980
2579
2849
4146
302
4939
42506
3887
3594
1123
3313
3045
531
1381
1183
517
3503
2588
2536
3749
3814
4011
3120
1489
5709
254
2850
690
3516
1042
466
1755
386
2445
2834
3692
128
4728
75
2007
3885
639
4931
2446
671
203
4075
4904
3484
1468
36995
304
1282
4870
1437
45068
325
2022
15908
12989
1887
102
1756
3908
4773
765
24713
379
3977
3030
46668
4660
1088
466
588
3671
3023
4825
177
1675
338
2277
1805
2301
1282
221
4456
2717
4399
4398
1818
4703
1981
791
37930
35300
2664
2384
4574
4227
3562
481
4256
3216
2188
4672
847
519
10531
836
173
40
2649
2453
1225
3917
42486
3652
26356
39502
2733
4089
4678
4164
617
2537
4019
2411
6477
3476
515
12642
1920
3832
2910
1271
4785
3541
2563
4521
415
3084
2607
2245
4788
630
2277
1827
164
574
3777
4621
3089
224
1489
360
3343
97
21396
3202
805
4055
1452
3332
3058
512
4456
3465
3252
42211
4752
3614
1043
4974
3045
939
1063
2077
2662
29841
2535
3938
21721
1735
3059
4789
3577
4344
118
3728
934
3975
34347
1016
3083
4313
1514
4353
191
4815
1307
897
4804
19555
4861
2471
2131
3945
1265
648
1749
31135
4982
1926
1515
2425
2606
759
474
3214
397
4503
1584
1194
4060
41900
34970
634
1795
3846
4257
169
1403
4384
3683
3264
1753
3425
4889
4443
1878
1489
2230
637
4709
4446
3806
2001
3974
3174
1759
2108
1819
3508
2089
4616
12337
1760
3805
4546
3056
3659
1352
3556
2574
2776
4673
116
4900
4541
4126
2347
1226
32179
4427
939
2972
3390
10887
3052
6136
2703
3433
3325
171
7096
4757
2955
963
1677
3521
1699
39119
1911
22
4623
4144
3483
1238
3637
46397
44462
2609
1007
419
1727
3083
163
1910
3055
4260
3223
2805
254
4309
2737
2313
4460
4993
5516
1538
817
6136
4338
1019
2562
941
4120
2783
2604
1945
2057
4461
2750
24908
3368
4217
4543
2362
3474
1528
4645
1997
2345
3845
854
1994
4793
46372
3805
4360
4322
4976
665
2398
4633
30507
4881
3316
1317
56
30353
2584
4505
3001
1829
3534
2540
25730
2544
1598
2330
3604
2588
4793
18370
3787
3352
2545
2809
2529
3716
4293
2487
3323
2028
4063
3232
32626
24621
773
4926
3043
1412
971
3023
4361
2852
2591
13
2913
2926
37193
2779
4713
941
634
1976
4666
6972
4736
729
19953
3211
4819
3891
2579
4976
4331
3003
728
777
1533
4242
1595
4610
1750
696
3399
49676
2969
3125
2633
3207
2072
1953
3274
2215
3815
4987
2536
3651
494
896
3877
267
4272
1824
2536
36485
24586
2382
2
1054
3680
3302
359
17635
1408
108
2056
75
128
3547
154
3855
21728
3188
3094
80
5581
3383
487
4603
38883
3698
2736
1283
4117
1587
2231
3633
2989
4454
4856
24859
1744
34815
3810
3862
3266
1860
2416
526
2661
867
3422
3978
3187
3563
2230
3584
4932
4174
2000
874
2556
3214
12420
3999
2337
1453
3509
397
2282
3114
2298
4087
1647
827
4998
3262
909
1822
3478
4874
29014
300
826
1345
1905
3644
2576
3263
535
4177
2173
1844
1124
162
1001
2254
2477
1552
2922
18727
3107
4650
4823
1196
3045
1362
1854
2006
4509
3908
3291
1183
4939
211
976
2308
14779
1095
105
1713
2844
633
1086
1473
3968
2194
3429
192
979
4253
683
4727
2552
999
576
2455
2106
2246
2902
1898
912
2767
4097
3455
237
651
4269
959
4179
936
4865
3141
152
2460
1521
4046
2321
569
250
1133
1433
30148
2374
3920
8920
2015
4082
363
41590
1498
3701
3056
1488
791
19954
4620
3905
4543
3343
3896
3109
4228
1044
1071
872
3711
4117
157
969
4863
3631
4952
819
4854
3677
8625
3788
2230
4638
3066
2734
2411
712
1007
4617
2611
43338
1916
2996
1704
1438
1808
1061
4378
1163
16255
578
4083
4164
4281
4149
2283
627
4018
4024
2051
2689
4898
2565
996
447
1694
2793
1123
2241
43850
1778
1947
26033
4332
4319
2840
2746
1180
4120
2749
4707
1951
4366
3266
2426
1512
4060
2197
2422
3907
785
620
505
3033
1380
37184
2814
4426
265
2054
42
1528
1445
2647
933
2995
2808
1290
2343
1410
1932
4506
1499
426
3165
3219
4089
2738
2228
5173
4398
4914
1961
997
360
1012
963
4959
2051
2855
2995
3227
4044
2445
1612
1203
141
2560
1208
638
355
1589
535
43642
4225
1004
1178
3372
4725
2546
1275
660
671
995
1711
1369
4203
323
2040
457
1970
4871
1394
4005
2826
797
3739
2507
93
4823
3062
396
35767
410
1778
1726
2770
3936
4487
18
4004
4168
3020
46477
3337
3615
1925
1442
3998
2193
1957
38083
933
3837
3585
409
1930
1057
2669
2314
1272
1873
12
1482
2522
426
628
37719
2068
1747
2990
4633
1011
4544
1699
1342
1224
26744
3949
1196
415
3619
3478
1681
844
1742
2948
2277
27885
4770
13
1961
2160
3301
714
1150
663
2810
49431
462
1170
3274
4028
1459
2979
4062
14505
2509
1500
1518
2123
4923
4008
4712
3222
3834
9056
3712
4468
4965
42007
1914
4732
2533
7600
2867
4699
990
30800
23191
1899
497
2432
3579
4384
4179
3719
4397
1908
3089
179
636
11
2054
772
10334
3284
78
3834
3566
2126
3769
1160
2787
3527
2867
2923
2653
1680
4420
369
4070
543
4691
2203
208
49268
1736
225
342
3677
267
16352
898
1549
3511
1587
3659
444
4435
1944
3653
3877
2018
1628
9014
31174
4536
1923
2135
31755
1095
2398
4332
3132
25
3766
3867
197
1834
3699
2495
899
27009
55
3692
728
1722
1926
83
3687
1917
2614
1187
3179
33428
3932
1524
1526
1129
4414
831
2244
2007
20106
2998
1340
3874
565
2829
3292
1575
3982
3371
1648
781
2469
38634
491
4876
2742
3489
2834
1546
4118
4820
4686
3650
230
362
1377
44674
1210
4146
2095
3914
2465
603
1648
708
3783
3490
1228
763
4299
5
1640
3158
1140
3085
771
625
4957
1482
1057
1414
4774
4055
2079
2658
31922
30102
806
3339
3662
1081
6494
621
2164
3206
4835
329
964
4181
2400
3575
13311
1424
3959
4762
3446
367
2281
3325
2587
3121
1801
2237
4597
2851
4807
694
1666
1746
1931
2356
4678
3982
4281
344
2118
415
3091
1248
278
4356
174
2689
1866
1506
17666
4900
1645
4024
462
2471
4585
1957
4871
1217
2688
2587
3351
3797
559
2678
5785
1004
1135
1270
2644
904
55
42305
1626
3315
4143
3818
4996
2266
4597
2610
3187
20521
3224
1972
4189
2236
2985
611
984
3879
2213
47
1554
2349
3923
22821
2455
3981
2452
2173
3193
2144
690
4607
36539
3289
2980
2366
2543
4386
3670
2462
1314
287
3449
11730
3959
491
811
2611
2928
1979
2097
4872
4634
1613
14993
8809
2018
41
4188
756
1675
10162
4947
4749
1473
4719
4581
669
2932
3103
2911
4879
134
4069
3226
679
3
26746
13664
2
237
3961
2893
2493
4439
610
423
1558
1173
2920
1819
1773
2301
3650
3899
78
719
3542
4190
2367
2288
2710
1610
1233
2287
1567
1031
3097
2627
412
993
33
4692
4612
4392
17732
21
1290
49
3829
1008
2484
4773
1897
4824
235
1236
1703
20932
4521
4856
3439
3682
3362
4573
2541
4162
3140
4162
3880
3766
3255
125
2806
287
1290
4419
1152
38883
43523
3438
2512
505
1314
1532
3688
388
2481
4908
4110
2054
3264
4476
4303
1128
4264
103
915
4551
3185
1406
1055
2381
1795
3857
14621
3531
4914
1066
3497
4005
1942
1065
953
2893
1554
479
1351
2818
4715
344
1085
4909
4094
78
2208
899
4587
3509
3355
44693
1053
1747
3996
4011
3261
3395
862
44790
809
4066
3500
2902
174
877
1678
595
2356
4658
2276
24951
912
1393
4914
3562
3136
361
467
1775
3212
407
1450
2857
19945
2700
3111
36539
1262
1320
923
12775
99
351
4647
4430
4812
3011
4652
5159
4905
97
16079
3277
87
530
14261
2286
65
2869
2823
288
68
4679
3891
350
2500
1663
1252
34666
3282
4987
2163
30388
3270
39033
4186
1061
1005
3131
28810
4558
21
2889
2943
4570
1559
3492
3503
1104
669
4298
2914
4460
27955
1524
1507
4263
1373
31382
37093
3139
4371
1839
640
507
2821
2587
3241
4017
1839
463
8132
3559
2887
1469
3439
36370
3447
4839
3248
32613
3717
2507
1170
3415
2225
4914
2087
425
27170
1097
2864
3032
3063
634
3434
2265
2981
1977
4271
2925
1286
4162
2876
4159
3782
4757
542
3769
2881
3002
2091
2790
4829
2033
3993
4798
813
39026
1818
4526
964
3815
372
992
2635
2813
1167
27099
1161
2423
3037
6711
2994
2818
3174
10281
25856
4566
1272
2247
903
1272
1535
106
4915
3778
1009
1156
3066
3978
31
1546
41313
532
552
43407
4535
5735
34
2381
1519
2689
1537
1707
1745
3558
2185
3165
1591
872
4674
4457
4173
2068
234
46531
4335
4148
4629
93
3344
4391
4875
3972
4652
963
4516
3316
2254
1201
2695
267
3917
3303
3369
2931
624
1913
45620
2647
4984
4026
1162
624
2857
1450
3511
2254
1051
3574
2299
1535
3843
2209
4814
4416
1767
1778
982
4082
37993
4913
1729
1541
107
3290
1262
3923
2676
1621
3646
1615
2113
3269
1094
165
3159
1767
383
4976
3622
99
968
3221
3666
837
2991
2979
2984
1680
4818
22177
7131
1227
3721
1280
394
631
1159
1466
590
3535
2928
4205
808
36253
1985
1931
743
2946
18207
114
3993
2266
363
43719
1351
32640
2191
956
4534
1829
706
4894
5366
1138
3145
3679
3787
25698
1322
311
3624
2382
3809
695
476
3258
3421
1487
4167
3950
3363
3160
1365
3757
4319
3172
676
366
40
4617
1423
2447
568
327
2290
1063
982
1568
3652
1003
543
424
42074
3617
7806
829
4608
2602
4900
2702
4117
2219
1816
36
2456
3393
2750
25324
3944
4731
4916
40491
3700
364
2594
3653
4469
854
13575
28365
8930
3966
3882
328
3891
2865
4844
4197
22772
1124
571
2127
4101
2583
3581
3654
4477
2994
4896
3835
188
115
42774
4072
1521
1940
4189
302
25076
2214
3534
4321
4083
1387
2010
89
1605
2265
23436
4763
1009
479
2619
183
2259
795
3894
4053
3715
4190
2381
4426
2899
1043
1496
1609
3835
4893
33315
4717
1106
2741
4574
2784
4758
1814
29
909
3476
1009
29774
540
1929
10950
3430
112
1572
4468
4573
3544
35424
4640
2275
1714
3270
1531
3599
3871
1147
1343
4972
1369
4286
352
4069
4180
2705
3080
767
156
3903
902
10995
3910
4533
4395
1197
1274
1964
296
1954
3751
4627
2703
3547
2491
20558
2010
36029
3735
1918
473
1209
2962
4965
1117
1373
82
4888
4040
3216
1616
2684
320
4619
3726
1954
1374
2658
4263
3250
4746
1713
1233
3983
1221
16143
161
288
1278
961
2342
1835
4866
431
2515
4894
32155
1647
1562
1183
3700
3504
2119
2385
37543
3330
854
1659
3876
689
439
2913
1966
2149
4846
2864
3484
1993
3008
2110
2810
4041
3016
48
182
4712
2394
42326
2969
39661
3135
3810
3823
934
2059
4508
1890
55
1305
721
2772
2587
3753
449
44167
3876
651
4260
620
3684
1664
4991
2743
2206
3122
2562
714
2644
4373
3748
2630
3173
4040
1782
772
1539
1060
394
2274
3338
4987
2692
963
3369
14004
21192
3818
2292
33249
2433
587
2918
4870
40959
1468
3827
618
14533
2671
3474
1175
3445
3736
4252
2590
3743
554
1177
4730
2531
5584
4525
4852
3812
998
2551
1995
4314
1438
1890
1552
2928
1916
4482
2501
1588
4187
756
2243
4344
4787
4972
4432
3286
2111
932
2239
2817
1392
83
3653
848
1961
2106
142
803
517
2858
2815
1511
41981
670
3796
4380
4603
722
978
1033
2495
4401
355
3096
2312
2348
933
22390
1027
4840
2151
4667
2505
1489
1204
4371
54
4449
4731
4665
838
4117
4812
44822
4723
4862
2929
4458
2808
4822
1696
1968
1294
3440
2889
1645
1828
2762
1681
3139
1438
876
3160
1045
923
2302
1980
3804
24153
209
23473
1852
4134
1117
4344
3093
1770
1242
277
43
4442
3450
704
33
3425
4544
1925
1476
132
237
12320
1381
4812
4329
3860
2997
46036
4370
2930
3347
16653
2186
44793
2754
2318
3635
20235
3895
3867
2890
4798
1750
4064
2755
2033
2244
10160
668
2977
42515
1325
4637
1598
4879
3085
547
3991
2891
11662
4151
2218
3872
4281
256
1151
259
4611
2458
1273
2831
4111
263
4419
2064
2489
4758
20202
1284
5728
3894
2282
1217
4
10457
3477
1853
584
24
584
1769
3498
3540
28
1972
1101
1624
4694
1586
3399
4253
1974
869
2768
948
4912
3010
840
4704
2916
4068
979
4965
2229
86
3068
656
3130
2832
625
4113
2682
3009
102
3020
257
834
3811
3330
3307
59
293
4352
668
1220
3592
307
1865
3025
3847
1674
29
899
2557
4680
1406
508
24928
1451
37509
4965
2796
1614
3420
4639
92
3669
879
16677
3764
2825
408
4336
472
4625
4987
716
1390
3067
2393
4127
2462
4951
647
3160
44
20255
3235
3590
3670
3737
903
2571
3619
2937
1837
669
15381
4749
2713
3252
978
2791
1025
2835
3973
1911
623
2139
3113
22862
4546
1831
468
1512
2254
1456
1147
36799
3217
3512
1649
4721
775
3667
1947
4998
1342
8261
4534
2911
2254
1849
1802
1525
4335
3819
4761
393
32109
1600
3011
4746
1776
4097
1673
4440
170
28208
1791
4923
2107
1743
4206
3113
1324
1090
863
3154
4044
1439
3558
2449
2829
2826
2032
2371
37673
263
2576
2524
1058
4063
2107
929
718
455
1080
2017
33480
3179
1969
231
30655
2722
3189
822
2602
2597
2688
4213
4930
3708
4574
4528
3926
678
408
17413
2246
4852
3695
614
3248
631
960
1277
2629
332
2081
3439
4803
45687
151
2107
47959
841
1252
1040
1490
2231
1032
41837
556
2804
3661
2679
4066
973
2041
1065
3387
43302
1821
1401
20760
1331
2854
4340
30766
2273
1791
4276
2399
2191
11195
3900
536
4026
2683
1447
3526
3717
786
1662
40836
4435
3616
4931
4791
93
2171
4719
731
29109
6707
4861
6898
4335
1088
2664
5000
3637
2326
3597
4863
2036
48366
4692
37186
3676
2498
3074
3788
3193
15092
433
1405
1499
4296
1448
4842
4637
3850
340
4756
33577
925
2636
96
682
4547
1635
2806
2005
4590
2820
17516
2122
25219
838
16600
1813
2856
3497
3468
2436
4291
1371
1840
4746
15654
4768
45225
527
185
17597
4746
1314
2868
2766
3999
2208
616
1140
4860
1200
4653
3304
3847
927
289
1187
4488
3955
4777
3785
4960
2362
537
3411
4782
3230
2379
19853
1715
424
2726
4963
112
2950
4056
340
4031
730
4893
2362
3034
374
1923
4378
2994
4959
1239
2790
3904
3431
514
3685
341
1131
35845
1346
3161
170
3630
317
4527
1609
4402
4151
3276
4755
3778
4710
2573
504
4175
2721
3695
4170
2657
4049
2877
1811
3785
2496
3485
356
137
554
3124
3696
4345
4192
28545
9455
1511
1847
1558
47850
2098
2195
3443
2760
4967
17720
1592
4557
4842
2405
785
3278
38478
505
1052
1674
2479
180
1208
4725
20600
4102
2003
4811
16293
27901
26721
715
1286
3200
79
559
332
2741
1991
238
3651
4237
3808
1171
2087
229
3242
4426
2714
2152
1536
502
3079
547
2070
4930
4433
622
4811
2727
18991
2858
3251
1733
3622
4456
705
2408
3588
2291
4765
1753
1391
731
3920
4143
48352
4503
4895
649
1090
1994
1161
2618
1903
1219
2348
1754
4748
4314
1657
32049
24414
4053
37
2093
30509
18924
1393
1002
1145
800
362
1403
2903
1722
3521
2104
13084
1138
2390
42908
48316
121
911
1970
2359
26827
1159
1608
1234
542
3221
1243
3758
3133
2517
2432
4118
1345
3252
2860
3967
963
4757
580
202
2761
4677
1282
4126
2819
142
3385
3551
533
3661
4372
1909
3451
1860
1614
2553
23049
3355
870
20
3868
4685
3121
1126
4141
4537
2254
1145
2871
4359
632
476
3099
1337
4923
4594
1849
4409
1593
1647
507
126
42068
4990
1295
1683
4355
1885
4857
1232
4877
1
3497
86
3734
36856
4285
1878
194
2353
1313
1486
4009
3534
3404
3890
3920
1841
2574
3840
1332
1867
196
4957
564
3054
4161
1744
11885
2852
3190
2552
4243
789
1063
3766
4664
2259
35016
4978
340
3790
4082
4104
4375
1718
3203
3204
36539
2385
36336
3388
2415
31923
17788
3570
1920
2542
964
632
2038
2959
3142
2757
186
1084
1205
1256
48809
4190
3756
6217
3214
3549
780
284
1680
2646
3927
4999
872
4669
2639
2505
33694
4828
2576
4026
741
1028
4399
3347
2019
3378
1030
658
2051
1844
618
4771
4032
371
1075
4763
1855
3292
41118
12998
2830
3056
296
4772
4803
4037
863
3625
236
1778
1247
3320
4527
2754
2777
1481
358
4945
228
1860
195
1573
3984
1854
4944
3040
3559
1915
2646
4360
1381
2778
4281
971
245
3591
2259
51
4377
1137
2428
4863
4424
263
378
1431
4352
4568
3460
1341
2467
34914
527
2745
309
1158
1382
580
4615
2679
4294
2407
2736
3581
1483
1090
5373
1755
4143
3476
4214
1398
3683
102
3728
1487
3534
837
2371
2775
319
11
240
2025
3422
3041
1850
2050
3018
2893
2582
2590
4167
32291
3650
547
221
3220
2850
2355
386
4964
3774
1451
3818
2814
4184
4332
43491
4899
2943
4205
4525
1489
541
19006
2804
3605
1956
1756
1779
4927
4859
7414
3465
4525
2032
37342
298
2984
298
3692
4671
3185
888
16012
33466
2689
1765
1750
4332
490
13924
12541
4920
25315
911
2291
3659
3323
3775
1718
4302
1040
4591
270
3626
41573
2232
2527
451
1741
2134
1793
4380
3697
2425
3696
4638
4124
3634
1144
3882
3102
660
659
3915
2050
2812
2374
4172
4004
4065
3015
3919
4762
753
1667
1689
76
3505
4119
4476
154
963
4150
2532
782
945
1826
49778
4336
4402
2208
1382
2041
4547
3163
2332
1563
2115
2648
191
2638
316
2612
3030
2748
4315
29839
492
3121
2591
4024
4730
1571
1212
4818
1349
3026
3351
1630
2052
614
4569
1
880
1984
648
240
4288
4716
35677
3116
3213
64
3319
2419
44269
521
774
267
2717
4947
573
14695
3382
3668
2243
4864
4861
2702
2510
4723
4885
306
4810
4749
11148
2599
3901
2054
2145
4351
29
952
324
251
2969
3396
1042
2111
4222
201
42
4767
3705
36265
3938
2526
4357
356
3374
3328
435
485
4468
333
3916
1543
3986
3086
2870
4973
2209
2674
396
4738
4455
3815
3741
2710
1795
532
3883
974
4082
2372
2269
356
4083
682
4302
3993
2637
2127
2175
6745
2959
4169
1510
4335
4669
711
2966
402
2917
3707
4169
3269
2851
4438
4691
1444
3452
67
2326
1280
2388
2606
4417
7443
3583
4675
22213
4442
1871
402
3848
1479
4344
2702
1926
1000
2636
1412
19038
2625
1089
2586
206
2375
1085
1055
28793
4752
4382
454
4870
2725
4242
1176
3578
3978
60
226
523
1045
3173
2554
4083
1954
4435
2012
16806
2880
4470
1885
223
2513
121
2065
4508
3048
2826
4837
4448
36374
4637
1651
2211
2418
4933
3900
4965
4753
1024
1697
11375
748
3493
4888
372
4015
26705
4995
3414
1521
3351
4715
3685
833
2704
1573
1229
2147
3758
2761
4927
4284
4510
42659
48142
1548
725
62
315
1267
48374
536
3572
47353
4845
3348
1552
1818
4350
2497
1566
968
2578
764
915
2366
4790
2530
177
3082
2504
729
3741
2653
4196
4887
275
1024
3392
4826
1174
3276
6387
13556
3436
3707
1028
3297
167
4914
4749
4035
1257
741
42275
4532
3111
39973
26901
1447
346
4658
3360
3661
1513
2206
5009
3052
4933
3114
2059
1115
2458
4518
324
4108
153
365
2658
506
1663
4994
3174
828
3326
2976
48601
2425
433
3180
903
3225
1399
733
414
1094
3973
2765
1857
680
4649
2717
3029
2338
1170
3674
6124
12977
2961
737
944
3730
4307
4761
2758
2671
1779
152
2792
4433
2630
3601
1212
864
4797
4749
3377
907
2479
7907
4883
2466
1123
1314
1513
4092
1690
735
284
4216
1634
1129
36869
4676
39463
1831
1581
4542
4487
2866
3222
46114
4783
22890
4378
4157
20285
277
2875
3606
3438
1744
3019
4620
21456
3563
3003
917
1226
2543
2885
222
4518
1730
2911
100
3708
1825
700
3424
1322
4410
2464
4268
3581
17284
360
2711
3586
3999
838
40926
461
3766
2242
3529
3495
2735
31162
3558
2123
2154
1104
12598
205
154
1156
41630
369
28581
4890
3027
114
3211
3984
4011
1000
4119
1042
1821
196
3494
1478
1052
592
3130
1631
3648
2317
250
2307
4107
4909
346
19606
4791
3652
29282
4994
2819
1118
381
23168
1535
114
856
3121
1981
3269
3366
1828
1635
713
4670
3937
2508
22424
3167
4928
4218
239
2592
18081
269
1514
956
5000
2143
3284
3308
2655
2156
628
2705
4797
2978
1658
1762
46840
27771
1508
1632
4043
30519
328
829
3714
979
1952
2923
2067
35855
914
428
44766
399
4393
31665
6188
1019
343
2556
424
3774
3496
4015
3752
4132
1398
1176
861
260
1611
2627
1084
2713
4237
4153
528
1959
4859
4288
952
223
47965
3989
140
825
1707
4899
1075
1951
3527
941
4655
354
434
29547
2322
4709
2002
2706
2657
29446
2064
4154
1327
405
20035
9671
4582
2165
2760
3181
1032
3125
4216
1469
8276
1677
2330
21805
4609
49711
441
2806
1638
2923
42
3154
2960
12
4555
4720
1003
3423
3573
2902
3211
2937
16342
703
375
4474
1570
3831
694
2579
4083
997
4802
2904
1974
4984
1114
1304
1190
904
36424
1891
2403
3611
1142
4047
2577
3087
1341
1940
36359
28253
46334
1645
748
2829
4570
4107
1159
3199
12375
1721
18197
2988
2180
3528
17160
3717
289
2912
3737
1678
2083
2712
624
4275
10265
2631
1111
4793
2498
1520
4514
4446
3107
2047
4078
442
4139
2485
4959
4751
674
268
950
732
883
4202
2887
4914
4063
4637
3430
1763
4792
2818
203
4604
410
1165
439
3760
4726
1450
1333
501
1466
3261
3504
1548
2782
2218
640
50
37741
3490
2666
4097
4880
79
1294
2769
4829
3243
26098
1135
3130
2955
3181
369
55
711
1836
3013
5626
4205
1851
4770
4150
4157
1378
1293
3040
2216
2425
289
3703
651
1323
6486
2614
2001
43954
4620
700
521
10012
38095
3744
2221
2152
4220
399
2325
3197
402
1644
4420
819
1677
931
24163
4976
3904
528
2756
2252
4841
49595
1847
1155
1259
3560
3131
21239
3933
527
3818
1842
36926
1314
2112
2986
3429
2209
22588
41869
26150
4037
959
2687
1328
3432
3720
4906
428
3411
327
2806
1116
3780
35989
4759
1586
3703
3145
1780
3820
4720
2890
3209
1321
3493
1559
9954
3655
4579
3604
836
2414
3826
672
4920
2377
1806
4659
851
3778
3545
14209
3088
3278
3431
2581
2784
1850
2467
2634
2348
334
455
4375
2822
3437
495
3277
1547
746
383
1619
4383
1113
1045
1758
2124
727
4412
1961
4201
78
328
2219
1936
2331
1302
4286
417
2218
2027
3317
3098
1601
3115
3835
1323
1512
14756
993
3582
60
3600
1240
1351
2893
2727
801
1496
2222
1017
3817
2778
2452
4875
4054
34
231
41355
3322
4798
1514
92
3559
3018
2943
2846
224
1744
3414
2452
4451
2792
975
32432
2625
763
1643
1163
6057
3537
150
2554
2013
10099
1164
3885
1904
1797
447
3102
4584
2414
48115
557
1671
4421
1280
1829
2465
2460
4239
906
1491
4626
3726
42940
17604
33644
338
1693
1745
3073
2483
2831
876
3293
2772
573
48
4058
419
2419
803
1679
14782
944
32424
2646
2815
4839
2589
474
9474
4049
2763
4941
445
4405
2580
589
2851
4221
1999
309
3555
804
1999
2240
3283
262
2739
5430
39956
2331
4867
980
1171
3323
2206
3337
1534
4521
1998
368
74
1273
555
42214
4153
2433
1668
16647
24539
2888
2929
2626
1051
2830
4534
887
3785
3322
3800
37858
5628
2012
2534
6642
608
4584
423
4186
1628
46937
2135
3104
43823
3708
131
3347
740
4054
43
1680
2650
1228
295
3778
537
3994
484
12876
2787
1073
1331
2678
608
707
1875
3873
3689
2147
11718
4296
27640
3709
1593
1405
4165
21789
3795
346
3806
1156
4323
12522
3941
4647
3339
1717
1275
4407
4166
4552
3694
4587
2914
1374
4615
4608
1851
11045
3275
4327
2768
3696
2139
1145
3962
760
34662
4007
2422
4701
36911
26759
432
742
3586
4301
1206
262
3954
3592
4555
2794
1933
533
3359
36066
213
3511
1452
1455
3411
4465
2192
4072
2910
4643
1076
2101
3889
3392
3099
2637
922
2050
969
988
3282
3409
3830
321
2791
3927
3969
3290
4873
2185
1652
887
33824
36007
70
3794
3096
1359
2236
4523
4507
2290
3375
1856
3789
3370
4329
2025
1782
3556
2530
2574
1145
3845
2030
2948
1114
4214
1291
1741
813
194
58
3652
83
2722
46574
556
3027
1584
91
1838
3597
1738
2554
4624
786
28835
1888
4702
245
872
51
4566
22762
3223
2419
4298
2382
3129
3896
1200
510
4500
293
3842
3927
582
3873
1032
4097
3579
3667
4812
1783
4770
4732
2731
4352
1046
3577
1814
1391
119
4573
4980
4446
40577
140
3247
2258
1921
4972
4454
2009
159
3942
4971
4555
2724
2607
1755
3006
1881
4481
3110
286
3279
80
1197
25
37930
374
4598
2787
4888
184
666
43522
3284
3791
1146
3067
4285
47
3758
60
11895
1100
451
4770
1885
229
4605
832
3468
1551
4995
2647
179
4147
3694
4596
3043
506
3764
1476
3232
3849
417
2153
780
757
730
2994
4841
207
2538
3258
3986
4282
2287
1065
1836
4675
65
4248
1346
826
3052
711
3888
2890
211
739
2649
2886
3207
1865
1185
3533
3749
31821
4839
3576
128
2736
3225
4911
1657
3455
38285
27888
4615
1582
2604
1554
4403
4046
23330
4591
2911
4502
2807
4398
611
2579
4872
2018
2984
1677
1674
28100
2876
11002
3715
4595
2799
1223
124
2159
38906
3709
2703
2786
4380
462
13491
3257
72
1135
2593
4835
4979
2063
3240
21025
3209
1763
2230
2642
1838
39428
1778
3605
3385
2891
451
1469
4715
3593
13429
591
2989
31065
2922
256
46099
4615
3686
2448
7612
27895
1995
617
381
3082
1693
1543
1615
2637
24744
4537
4942
118
1712
1269
399
2978
4021
352
1100
2482
538
4429
4905
2388
47775
662
2158
238
4887
3511
48331
1444
9855
1034
30
4046
4515
689
7805
4927
2982
3561
4618
4826
33771
584
2864
1927
4176
4669
1818
1539
2897
2285
4477
4370
2167
24910
39082
2736
2421
499
2362
2036
1018
12709
1066
3378
921
3141
1299
3172
1115
46852
2936
938
2317
319
10889
4355
793
3665
710
5836
41
2548
4827
2776
325
4227
4147
1469
13564
1556
2736
4434
4047
2559
2469
3846
3803
769
36818
1018
2008
13951
4295
4911
29131
487
1312
1352
2578
218
1342
1382
4755
2694
1396
4229
2747
186
272
3425
197
2835
3103
4805
79
4977
3649
608
3679
2435
131
3520
2896
3403
1029
3187
3654
827
4895
2139
2123
3947
1110
1485
2598
665
1708
4166
1460
1343
3590
3529
3990
3415
4311
1397
13335
1110
2927
628
3836
3666
4620
3339
19897
3631
3039
2092
27013
3887
29
2177
3526
2516
403
642
2422
4108
1630
2896
3796
2250
823
2120
3241
4702
4956
13112
3903
39283
43416
4739
1050
2761
4947
1760
2369
4919
2239
511
1186
31116
2763
4211
1369
4178
33786
741
215
4576
3435
1185
595
3291
3539
2178
1666
33467
3457
3066
2107
422
3520
2178
3772
702
2594
3960
26797
3629
583
970
46774
3632
4783
4477
4289
1210
4166
2058
2933
4893
560
1389
2827
22378
15016
22
3279
1030
8230
1582
3659
3428
4251
3007
2202
198
1301
3204
13131
2203
2092
418
2286
2031
2723
181
2855
1926
2472
161
4506
38
2759
43030
2511
33430
18307
224
882
619
3026
293
334
818
73
3374
1001
3185
4653
1077
503
1899
3961
4958
3901
2293
4819
1263
944
13333
1734
4176
481
899
4354
1894
3101
1058
4788
2772
3901
3467
1107
3993
4533
3821
431
955
4262
1052
4851
1277
132
3081
920
2871
94
4227
104
3505
450
1339
3492
1737
1668
4597
2885
4712
790
1883
834
2847
3824
2366
3655
2360
4945
1627
4734
2568
3256
27982
2060
3914
361
3259
3671
835
2445
71
1705
930
3171
1447
2136
2193
4359
4304
400
3792
897
2814
2545
4668
3562
4416
1398
143
4921
4637
842
384
3328
4962
387
2346
1936
2180
1931
4818
3105
4045
2516
43734
3508
174
1739
4609
3924
4047
4989
4832
47480
9328
153
3286
1273
4200
37379
1596
436
1256
1413
2303
32183
3422
1187
1078
3624
2267
3690
3265
3838
3553
1626
687
2516
3029
3603
1946
1501
4893
4807
1673
1516
3299
3093
2286
2399
4790
5145
988
2449
4505
2708
3721
29296
896
4002
1620
4971
4437
4993
4340
23223
3883
6505
35
3214
3604
2765
77
2790
3749
4765
29896
4405
1485
4732
13
406
4010
2462
4492
643
29117
8181
35569
2267
2661
1412
1690
3230
4425
1549
674
4329
2995
937
2935
3621
364
4202
33
44407
6
1002
55
3430
2208
2570
3714
680
4927
2002
2177
3900
3157
4878
1680
4446
4170
1379
4476
2545
21235
4246
3577
482
3283
1175
4897
3053
1111
31437
260
4145
2043
3620
30839
1716
4788
1241
28
4712
4886
165
21391
1980
445
2740
4097
3899
2363
3397
2277
4020
46079
41556
4740
662
994
367
1550
959
1132
4077
338
19018
985
2718
968
1528
2308
2674
1501
2339
4173
447
2868
1401
24216
3755
718
4479
355
2892
4929
3644
4542
4481
1249
864
3043
4020
40843
4664
532
850
3779
2529
1867
4445
765
997
3482
3675
1730
2854
4553
3589
2197
3332
4525
2947
3227
2079
1868
943
10497
718
2250
3600
4609
404
903
2356
2290
2958
41655
1870
947
18077
2049
517
4246
1140
4916
3412
2310
3472
1258
3493
667
4631
2612
2871
1006
24745
485
2742
1151
849
1212
2464
3679
4531
37493
2195
3067
1666
876
2089
40520
2276
3151
3444
701
4972
7190
1156
2526
3031
3528
3165
18737
3958
156
1043
28146
990
4149
2812
4426
2431
3834
4622
5328
329
1210
2694
376
562
26270
4287
1326
3882
2246
4451
4061
3680
30556
4365
3288
2382
44036
3766
4968
4306
3632
1989
4574
3589
1617
4356
12452
1093
4287
2167
3759
4264
337
3339
4841
3378
4683
4278
235
2918
2122
403
2445
1821
1014
3086
535
11072
3277
26094
2715
687
4060
208
1985
4795
3580
32079
1982
36014
2268
2011
1532
1999
1050
4917
1507
4775
726
1571
267
662
356
2030
3091
247
1249
3091
4723
3739
397
911
792
3345
1477
3602
2517
3506
3013
3602
33516
493
2180
4194
2038
43680
3976
4298
3260
1936
1495
1275
1376
3032
316
3881
4024
3177
301
1336
2256
2403
2769
4771
1455
2869
4856
3033
4869
1390
112
28550
1916
604
59
4499
4799
4472
53
4159
4693
4634
4411
3441
30561
3022
4063
4467
379
4100
2743
2989
3387
2533
2172
37951
2238
1721
3015
1025
1273
1664
476
10885
4330
714
1543
3996
15
2402
2817
2193
2513
2988
4766
4148
3520
390
440
1356
560
4086
3918
4974
3213
4580
4687
1561
3207
3239
11208
4693
34273
394
558
1365
2028
3901
4356
535
3635
445
4981
2899
735
1159
399
568
679
3303
1108
1602
22920
4164
3592
1107
4729
20234
1918
32
180
2736
4159
4629
2236
4693
391
3711
1215
8504
4673
833
1572
32438
1639
14438
3878
2907
2864
24390
4120
4126
766
4704
852
1833
740
2032
4627
2027
4564
4951
3269
1268
25429
2257
601
1675
1275
2335
4540
289
674
2196
4117
1603
1947
3411
2632
1574
4092
1839
4280
2865
4959
2867
2406
20620
1159
374
1988
4461
2497
2957
4498
1225
4543
304
1904
2882
3208
642
3673
3116
4411
2994
1548
9450
4868
3424
1927
1719
3857
35633
1132
156
4377
1857
11971
3488
1649
85
1148
4955
4643
266
41341
3035
4743
3539
787
4033
4974
2929
12839
2883
2351
2902
1505
662
4443
2913
3489
4482
117
1054
322
909
806
2267
299
237
2898
1286
2216
1878
2768
3720
219
1324
49
223
3593
4764
1640
3955
1549
1631
3559
2850
1495
370
3400
24064
960
9306
520
3973
4301
4967
209
756
13961
1012
3354
1406
412
3529
1635
4631
428
4823
195
1870
1547
1087
3828
4212
4895
1798
3716
4886
2088
1327
2022
588
2303
3229
45950
4933
3758
2863
2538
410
3309
45756
20638
2358
2809
3696
4437
4082
533
4541
1045
4925
3840
4751
651
4877
3465
3516
3970
2226
1016
4898
3163
3069
1726
4832
4561
2641
39707
878
441
3872
3860
1626
130
1585
1057
3521
3805
268
1734
1777
2539
3725
604
1535
15652
3936
44192
1019
3034
836
4934
518
1613
2865
458
3474
2639
3740
3128
4959
2168
2069
120
1573
1014
830
1741
31821
2804
4849
3126
2312
4946
160
2462
2954
2784
244
479
4993
659
2551
3708
3354
1321
4425
2577
4148
1974
568
1380
1738
3903
35211
4231
269
93
1203
47793
4052
3290
824
4281
1192
3206
398
4362
23218
1229
3309
4541
25748
897
1898
2208
2092
1951
48675
2522
30871
4954
4532
3059
3827
105
4635
3999
3254
4200
846
2438
1022
4897
2567
1198
3362
1736
158
1110
1552
435
1279
4532
4182
2007
4078
41176
1066
46728
3455
3553
1434
1170
4989
3683
3966
440
2174
573
2455
86
23538
878
2769
650
952
2384
4025
1403
368
3615
3669
4648
1684
4495
356
38724
18288
4701
3839
2079
218
4518
1893
4442
4058
4256
4169
319
1412
2841
625
1889
3444
2837
13771
2301
4422
36783
594
1684
808
1694
677
3617
1492
478
3796
3999
4087
2973
4318
1390
3912
1182
4363
49
800
4171
2795
726
3069
4797
6576
660
2687
1600
4428
846
4975
715
2643
3039
692
4550
3189
33
3595
1648
2869
913
2143
3742
245
3777
3086
4297
40563
1623
818
3193
3080
1961
40233
2932
1469
3291
3940
3860
4052
1824
1805
257
4292
324
2767
2043
9502
21775
273
134
3426
3971
1175
2976
157
3520
1948
2787
4301
49248
2720
2769
15031
3000
4234
4387
3479
1630
2843
274
4835
1885
935
3194
2704
3940
3077
41507
1594
4180
3741
2552
4159
39
4577
21581
2474
3765
1838
2887
2350
123
2977
1872
4271
604
48647
9
904
3523
3497
3258
2425
1589
688
3777
2229
32850
1788
18901
38188
2181
2604
4615
1324
3643
2283
3759
4660
1795
3333
4567
2213
1844
3966
4610
38704
3369
2696
4151
3408
2172
32737
4472
1309
3758
1582
156
3941
1211
3158
3269
3122
2505
2775
2856
3235
3889
2504
2784
2728
3967
2197
81
4632
24498
2221
1781
3854
828
604
2369
4370
492
4421
1361
4609
2936
3679
1392
565
23116
1703
41
17
1709
1913
22980
4241
4487
3521
2186
11
2401
1497
794
6417
495
2397
195
1811
2988
35972
1579
3741
1467
3141
1904
2174
1598
34932
1678
4745
3553
2446
1959
998
1912
1747
11045
757
2781
14177
4864
22745
455
1207
8849
1727
1932
4304
2259
1854
1683
3068
1510
880
4437
1211
50
4297
920
15038
1680
341
3562
2562
83
3357
997
3941
1031
3317
2305
3556
2539
4410
263
1431
398
13303
3482
15756
582
44451
2323
2288
45
1646
1649
2623
992
3806
4919
3645
1820
4555
20192
3642
734
3747
3230
4428
2591
752
1501
3803
1171
4735
4861
47502
28012
3386
3478
4158
4241
1515
1818
1273
2113
444
35923
35023
2338
4204
1568
3350
1552
4693
3157
4277
23945
26565
1139
3844
1419
1075
4187
3549
1035
2611
2689
1649
846
40191
4140
4667
4725
2708
99
865
2377
3587
4480
42970
9895
2075
909
4058
2691
3307
1210
4598
29158
263
643
1630
3601
1152
992
3529
635
17663
1337
1361
2602
2333
2539
17191
4110
3809
3617
2285
1078
13605
4349
4144
4145
559
3502
4288
450
26092
1944
32954
4889
2602
253
3865
666
3216
2441
2572
2667
4680
2400
2160
4099
1539
2267
2297
47812
322
4388
3763
2214
193
3556
366
2612
578
25928
1182
3740
2093
2843
17585
2261
4978
770
2106
2950
1344
3603
2817
868
2579
3991
4204
2263
1691
2754
1422
4878
1716
4668
672
838
1207
3941
16196
1031
4253
3483
3896
2676
3893
2900
2308
3583
4901
310
3497
982
4902
1684
761
1423
2119
4743
3991
3627
303
3192
5072
282
722
4504
24961
3927
2286
1006
1510
24751
3385
3617
4543
283
696
399
22
206
1518
2391
10889
3885
2408
4703
2416
710
2953
498
4773
4251
1376
809
4190
2732
1112
36255
4087
999
1477
3166
7536
2598
4792
2665
4983
377
1681
4299
3415
3738
1076
1169
2920
4454
3799
47154
163
1330
4584
58
3488
2172
2423
4287
4166
1407
4885
124
2211
4537
524
4984
1284
1249
1321
3953
3144
28535
2367
19541
5888
3156
4548
129
1828
1570
1322
1931
3626
484
1735
704
3807
2884
969
21491
1594
1527
1972
4415
4847
750
4579
1801
1903
3304
4937
44
3285
44878
22985
2186
2882
880
3681
3078
3252
536
337
2947
1967
2885
3756
168
1199
2229
1710
2835
4558
3368
530
2881
183
4683
855
3372
2817
3503
302
1391
2787
1014
4106
879
4675
3998
2043
4852
2176
650
179
1301
3744
1312
1573
37183
2231
1609
2502
1391
4509
257
4195
266
1561
881
4391
2380
4597
1499
1332
1658
142
2234
1156
4411
3668
3893
4235
1769
2830
1477
2214
26545
47584
4041
527
813
2214
17
3040
4
4940
2076
3283
4264
3639
2483
3246
3471
432
3349
426
1664
682
3952
1148
3357
4529
1709
2677
2745
4693
37024
2620
1750
84
2938
2479
171
4458
4401
4380
1596
4736
2072
1605
3807
437
2433
708
2762
2260
1824
1142
3851
3862
2829
2226
733
21649
9146
1569
4719
3731
3874
2451
1288
30838
851
3938
3190
1578
1925
130
44
1247
2580
746
2582
1299
1580
4632
650
3970
16122
3586
4443
2552
1841
1383
4201
536
3450
3957
108
2398
3730
265
938
2474
3325
30364
4608
3103
2324
922
1763
2234
19067
2256
29578
1392
11
59
2152
1778
1417
4652
3615
2610
3979
2990
4446
37828
4830
2423
1044
3698
3014
779
1901
1344
4040
460
3548
1929
4716
3790
2113
3818
2835
3215
1888
2732
3861
3137
495
4531
3071
4383
4576
4733
1726
47127
421
3849
2256
9632
758
3206
1260
2786
1321
3073
1688
2130
3490
1919
3042
2446
31450
3649
1354
2654
2335
10603
2609
2239
909
4935
40775
4437
4405
453
2740
4467
1743
4085
39492
4995
3619
3232
1229
4012
4258
27588
3698
3223
3464
3228
3134
4286
3241
2135
2709
4094
4313
4701
3447
382
3007
665
11267
1775
23
3693
7988
587
1857
10908
3091
2689
4288
566
2031
2169
4827
796
4188
4623
2905
2826
4278
1979
4038
4250
579
747
18954
3093
2225
2949
4474
2657
2280
25251
1374
4212
2248
2434
13943
4655
1317
1176
3905
46784
42
3953
3255
778
2474
141
2264
25806
48
2343
1199
2636
3213
2730
4737
3134
4319
821
4373
4427
2313
3594
2569
41944
4986
4015
94
22
1055
12009
1936
1610
4126
329
4867
1373
4415
2700
1000
1842
1597
25973
2802
1128
1372
2310
2943
1560
3478
45980
1466
2077
1520
715
3906
4730
4192
358
2262
4767
1450
3117
27333
2858
4629
1358
3595
44624
9591
1291
4401
1363
3044
1429
2901
686
35498
2596
3389
1635
1408
1134
2162
1680
2621
2902
898
11194
3629
3805
525
3147
3086
3308
3912
4300
2871
1684
4637
1412
3440
1327
3412
3783
441
4178
16104
2970
2498
3709
4500
4098
378
3188
2631
39254
21209
3106
30243
4555
2263
3066
3367
1283
1954
2167
35145
2205
3028
2496
1636
3425
1476
718
821
857
1141
813
583
110
1666
254
4348
2879
1739
39523
1401
1432
3427
2149
385
462
13513
1083
3993
27848
4682
724
7606
48360
2592
385
3303
269
1056
2229
610
3517
2609
2771
541
2510
955
4199
3113
1004
1405
3622
1796
1831
4261
4089
2587
4003
2592
45625
3394
10617
3514
1632
3109
2556
879
12614
217
1617
4100
3012
3028
4951
16697
4112
4270
4049
616
4238
1365
1893
1283
223
3344
248
1025
4046
2592
2171
728
21365
2618
8533
27751
3774
4214
3076
4735
18327
4537
4477
1769
2030
4312
4057
59
842
4041
3934
921
812
3722
413
4169
35276
535
882
3596
1197
20675
4297
34064
18953
875
3956
4049
2654
1789
2876
3801
2
31197
2979
631
4906
2182
3890
9263
49266
2755
4603
4028
4386
1014
32
3698
1001
4517
361
551
1367
4140
2152
474
704
3187
299
32045
36570
1746
1450
2057
527
697
4053
234
1557
709
377
2656
416
3785
4450
1112
37149
1366
7415
3354
34787
4836
690
2027
144
3719
13020
4952
2461
41
963
1412
561
3635
3312
1952
3393
2655
4993
3343
1707
3461
2616
52
4568
4789
4697
3788
3900
4249
1247
3515
682
3973
270
24222
1261
784
1585
4727
3093
681
47482
4015
2696
1188
2437
4918
588
4386
4807
4793
4682
9105
151
2209
2932
2196
3295
1829
75
2396
4894
47956
4382
3137
4946
49083
557
2478
600
4563
1151
517
3327
130
356
4209
15182
559
3774
4857
1136
1717
5518
3527
325
2666
4418
786
3294
1521
4243
4387
3695
3903
4148
948
2255
2920
3567
3421
4372
2530
4289
3912
1604
1633
3046
1656
36095
4635
3207
4829
3181
47225
8529
4067
4490
926
813
3266
235
4136
735
4949
3822
2049
163
926
3703
3412
3663
772
3898
2066
2392
4721
4207
4158
3215
4546
1086
409
3085
476
2983
39989
4911
819
4661
64
1804
2886
2805
805
31614
4352
4341
4498
1716
2664
1356
4089
1696
2644
4957
4035
24236
737
1470
85
19071
2831
1117
2139
3473
45312
3803
3199
2887
49600
946
2576
4947
2442
548
4483
4317
6203
3704
2929
1842
2479
3088
884
2750
3175
4185
4077
580
4369
2243
44109
28709
4743
487
4513
18776
3619
1564
291
4158
4137
568
9448
2120
31886
4962
45343
114
360
4595
4319
994
2409
905
105
3538
4959
3943
2506
2249
2693
715
2685
4880
2895
14031
4366
580
1378
264
1842
3395
1184
2704
458
3177
1770
1946
4086
33658
2638
3217
1701
22700
24015
2489
2928
411
3507
21397
23428
1089
4405
4524
2611
2134
666
4336
4394
4721
41059
3089
49901
507
27411
823
12537
1740
1590
496
4760
4111
2369
3308
4816
1880
2398
3563
239
4605
3679
2192
1299
4733
28198
2317
4927
4617
1407
1854
4831
86
3418
75
448
4585
2056
2834
3436
1178
2121
4304
4628
3895
1367
4
813
44403
1116
1106
2108
169
1287
2505
3498
3494
592
3198
2585
3933
2520
1018
2596
1215
2679
1736
3486
4466
137
1454
806
1897
2448
22379
3630
1628
4631
3822
1261
123
16
1291
4428
755
2703
4480
2185
3487
2517
4646
2945
4324
2058
256
4933
3062
2004
144
4429
2781
1314
3594
2492
1238
3008
1851
2253
3641
4338
42966
3490
4211
525
14176
7
456
8352
3205
1988
6
3248
1163
4812
4795
214
4936
159
760
1665
601
11941
4636
2815
3100
4459
2532
3510
3595
757
1527
2220
4970
1044
9795
4460
767
1860
3307
4016
707
604
1663
646
2100
1870
4541
2189
3942
1185
45597
3396
21
1328
4532
2155
41863
1970
8578
757
1645
2703
4647
132
3460
39087
2333
2470
3643
3331
2635
1055
2612
904
43996
4293
705
3436
4904
3948
1997
1252
3583
1267
1669
5389
2639
141
1964
18173
523
233
4429
3941
3895
399
641
31092
3380
3071
713
1416
3652
8233
4919
4694
1308
275
3047
1907
3668
2347
12
2510
1149
2887
1488
4927
4281
4083
115
2042
4857
24224
10070
365
2142
1210
4348
1037
2626
3237
3870
20181
1012
4636
4840
4111
772
4390
32108
1982
1035
3254
30757
1504
2386
1856
7931
1966
4669
627
4809
3973
214
3521
16641
1926
4640
1255
157
903
2746
67
3309
98
2369
2888
400
863
2764
26974
1326
1582
3789
4641
867
4834
479
4577
25
2122
1037
1124
4981
3147
3441
899
3903
1110
3923
3238
3153
4841
1377
755
3331
612
1663
23339
2115
955
4304
4970
18433
3286
4905
3664
16662
4603
3552
4632
37201
3413
652
1965
4735
3788
3834
3933
3599
41608
2213
1122
3230
1330
18808
1939
3415
3763
1294
1534
3273
4393
4445
12329
2725
4985
2668
1615
4379
615
944
3003
46291
2190
1435
3244
2111
4759
34569
110
4613
60
2803
977
198
2135
2349
1001
451
1355
1244
3980
14141
2506
696
1000
132
4985
69
3870
4274
4746
1778
2033
4618
1764
4582
3361
867
1267
2941
4261
3700
2205
3081
4264
3962
1764
1617
632
6538
45257
2881
4641
2935
1232
2876
982
4885
38906
2318
1521
959
2803
776
3200
4031
1611
2228
179
4704
4796
2697
298
13894
214
4298
1270
3368
2977
4169
3404
1416
2905
3230
3883
599
1973
37100
22721
3967
232
4562
4427
2486
18434
1350
972
4910
576
1456
4555
1196
3498
4581
4865
4211
4926
461
3270
4242
2105
2510
2067
3534
585
1306
2496
149
3772
641
897
4868
31938
8780
2690
142
3987
4756
4660
1890
46907
137
1310
4464
3152
312
4358
3010
675
2920
1326
758
3214
884
1310
16698
2992
1254
2323
3569
4583
35
1735
2743
279
1146
3292
795
4454
4491
4225
4128
1005
2053
2526
369
358
4125
2260
2087
161
641
2307
3061
1942
7000
3740
242
4078
25105
2007
4449
3682
2077
33759
938
2840
1346
3658
880
26949
246
383
2533
2440
1491
3469
4182
3691
25587
3819
2040
4953
4062
2015
974
35
4363
2388
2512
425
1878
1764
292
3865
1049
