9772
39006
6250
17947
21
8482
2894
5709
7621
2846
9502
9519
5545
86
9710
26344
3389
2255
5330
2405
7185
4878
7795
8870
6702
3413
6993
5484
3283
43595
4999
43042
9399
2383
2621
6553
9766
4911
9102
4134
5836
28547
1193
13562
17537
8748
399
589
2823
2512
47936
1790
4410
12947
84
8647
2161
11954
37
8065
8024
2388
7113
2924
3440
8870
6457
1303
9328
8673
1958
4283
40615
7231
7563
1172
18071
2708
3128
3008
9860
5705
3238
9358
2999
8152
2883
9979
7557
28302
1557
44946
3596
5841
6319
9551
1844
9262
8114
6209
7466
3594
49075
7722
1989
7997
2683
7358
223
4512
38216
9560
9225
1032
5350
9727
5464
390
942
7632
9577
9667
2469
7707
6726
815
3669
43169
1183
2105
3326
45828
8663
9560
5501
4271
312
6473
1796
35313
5695
179
1560
5350
32614
3446
7919
42663
9711
5148
7386
4161
309
1885
29001
3872
853
7397
6872
9808
6424
1081
6364
1101
6000
2380
1351
7249
1213
6903
4584
43087
1774
7739
2063
20803
15403
346
17836
1677
6615
2345
3918
45630
1426
3941
36623
23340
7071
2748
227
4716
6174
8902
21609
19166
1194
4251
9787
3681
6080
2461
4373
7590
5089
6581
8462
2413
32422
3788
3245
1549
4529
5827
15735
29904
529
2043
6557
1095
689
805
9242
7817
45775
39966
20403
2071
4296
1267
9683
8391
3728
6087
30739
3691
3008
8312
7771
19057
872
5993
44867
7750
43681
26652
34400
8254
3214
1185
20535
9398
7338
2530
46202
25494
2691
2989
9168
2964
4681
8010
1126
7016
2963
47942
4612
2156
30
4613
2546
3111
5540
3233
1719
1061
8031
5884
7355
5084
4607
32741
6249
7580
9861
30663
2339
7190
2335
7702
7230
887
5126
49175
4722
235
7009
6254
9421
8119
7257
8225
1233
1167
4619
7737
6641
4895
8512
28865
4563
2878
16529
1523
2408
3906
8924
3329
6736
6549
24378
1203
6296
39078
30954
28659
6448
5154
7704
8914
9273
3487
9318
4194
4217
6250
6597
2632
5610
26713
2142
74
7980
6650
9418
6337
45069
2697
8992
722
7504
5375
34674
5010
9621
5809
48189
686
6575
4688
23848
2155
9340
8118
8607
8645
8607
9768
1097
856
13931
4860
29661
7890
6729
4374
5039
7595
14006
1745
3593
2901
8791
4422
3739
7193
9184
6162
8783
2075
5887
6450
3083
2705
29681
8009
7073
5677
4825
6650
33946
2294
4028
6658
29193
9131
7453
7818
5175
9052
5864
5882
311
2552
9089
3862
9222
8006
7791
2705
42954
7417
6280
4635
8644
7345
6786
1499
49126
2632
15645
6719
6106
422
9720
1148
1630
27214
3295
71
4537
9046
5617
2094
20590
8433
8153
469
1322
1284
4155
3820
8619
1138
5800
7499
27837
13813
8622
44833
8082
4049
7942
5453
20624
1140
42567
6803
7642
1932
49487
25648
3576
6063
21250
8348
8775
1767
7571
2936
7447
8815
334
1625
5320
9152
2976
4117
8534
2279
11839
21577
1290
10456
4561
7336
3959
17134
33698
741
8734
48804
369
7965
18870
8744
8468
4023
2781
1348
8010
3103
8740
3657
8816
4627
2023
7496
1737
23276
2855
3116
1775
909
33573
23235
981
9571
3811
8031
8223
12021
2167
6236
2887
49937
4502
5672
1045
9654
687
3822
5368
4777
9769
25856
5466
5366
9683
48249
4946
6814
1635
2323
25955
6985
24746
68
727
9666
31511
3051
7353
41251
2848
5126
23275
9686
7884
1687
8842
3490
1391
624
41642
6411
4722
9021
18560
3259
42127
2316
6028
3530
7485
559
1159
6877
2521
5358
6684
415
23368
9186
3565
14457
5594
5930
3585
17245
2259
6516
8424
16790
7424
701
1422
2763
1959
22767
6058
9097
64
2271
9625
2772
16393
5597
7818
2966
3592
15725
8026
43109
35884
6770
7298
8976
656
2611
8111
8542
7867
17177
18605
4075
1858
1052
7063
5277
23768
5446
19560
16506
36455
2058
266
4610
29080
6439
1948
17443
9308
32604
6752
3787
193
5022
1736
2749
2888
5792
3142
8533
7128
19695
8442
259
7388
495
9449
616
3130
7309
41562
5785
484
5905
36098
9553
9177
9780
498
34070
40348
43123
2883
407
434
380
4535
4563
4004
7735
5123
3058
35042
5945
9950
324
30445
2265
1636
3892
996
22465
8193
7975
8230
456
8907
44213
45716
1922
44676
42538
3236
6710
26220
7524
9852
2932
7921
3433
8108
2894
722
21451
1436
998
7875
8894
6754
558
39866
8699
9423
32188
9108
8132
823
7353
4863
21029
13771
6521
831
21985
6562
3699
9473
2292
3318
44522
937
4504
9926
2920
8467
30797
1299
9141
46558
7172
1590
599
140
1759
11530
5700
2230
6450
2903
4296
10733
1687
7988
8926
2685
42988
1781
8162
4764
661
848
19355
3501
4803
3152
8115
48873
9943
39267
1133
9892
1609
2002
48438
1974
3647
3904
4399
4584
6863
8822
7727
955
28939
770
8382
3975
9406
8210
2116
1974
8908
1518
5364
3705
4440
3610
4461
13335
40656
5680
209
15406
1558
1568
8667
5103
2713
29882
8658
5868
9244
609
3370
41527
15535
7284
14135
5078
6936
3269
14709
7795
27063
4533
5349
7152
47715
9524
13182
9542
1205
1018
24928
5163
8471
34846
22899
9882
8109
5037
1080
7766
7552
7212
6527
8719
6523
6832
1335
44694
23496
6152
3803
3817
5674
2810
3817
89
2912
35286
4421
17688
9453
5108
6002
2884
1137
8685
492
9161
9201
14097
2401
3570
19453
42912
38764
3681
4647
7587
5332
5971
40708
683
1339
6258
47572
28965
7866
8563
7989
9283
8324
6497
9299
451
42287
8939
2297
3867
943
219
2124
62
17473
7090
3702
7213
16094
1144
9345
4492
5394
31
1129
554
18755
45754
8562
5564
7292
39394
5101
1199
21296
791
3342
7830
8293
1121
6495
37662
8850
7326
44605
4246
12455
2822
6319
28680
743
2570
6177
24685
7440
9434
551
1806
18716
8327
7594
611
9061
44036
7238
9931
2025
41738
1611
6242
34979
16713
6733
7762
4939
4809
34084
23882
1033
36627
3602
266
4712
25575
9816
32180
45576
2213
6428
49
47284
3031
9206
839
6177
2079
9634
8476
14501
1928
49203
7337
4204
41831
5493
8810
24422
20357
33554
8427
6465
9796
20824
3073
6905
2993
44146
4692
14813
3900
3436
46495
308
1134
37132
5273
43995
2825
3306
8280
9887
7107
5818
4938
5455
35997
24648
1553
273
8953
7954
1228
2774
3336
9576
1391
9074
5439
2470
9002
37505
7837
2792
47100
6945
3397
37519
30645
9898
161
44563
16852
11639
2269
8597
8804
3667
45579
9754
1558
4516
2
34141
45493
4409
3176
40097
8864
2555
753
41729
998
27261
7061
3623
7016
16363
34664
4348
6618
6159
3271
946
5676
8488
8060
6541
39058
4874
36214
3919
31120
9943
2387
25437
5848
30118
36992
3281
17084
3722
2627
18237
4401
5666
2532
2027
5642
943
247
1356
6921
5670
2784
4322
3580
45304
32242
2002
44997
1000
8885
1571
31880
49131
42645
9628
5759
9554
14834
6146
40589
8464
6886
18549
5907
7262
37039
8767
13415
4461
1611
5692
193
44678
9748
526
1737
15802
1651
12966
5870
3339
17823
7158
4752
44553
1202
7262
7773
5656
5656
5802
6191
7533
6986
2024
2025
22974
6787
7690
38516
7920
4985
13559
2925
9167
43456
19803
8963
8375
1778
9425
568
27659
22972
593
8002
621
8852
4840
9403
8681
3797
3627
6074
2080
9782
8624
4372
4168
776
25902
5057
7457
8137
2838
5735
6565
1231
1277
1710
7242
24676
7367
1310
11173
33508
3338
2781
7337
46583
6119
9302
248
34809
3780
8530
9762
34300
5689
8290
3891
14221
4346
7149
1232
48388
4387
3207
8511
24034
11399
26059
3438
26025
11783
688
38250
36143
35503
4517
33650
1034
6851
5837
47539
8464
1281
4664
3367
3656
1318
500
40330
8772
6826
2218
3726
2747
5640
19145
183
33323
940
40691
6084
4157
993
25845
4752
67
4522
7482
5589
20223
9521
8060
1598
8848
5719
8057
197
2649
22716
1484
8170
6568
7665
45731
9713
6147
4629
4614
9684
7412
7373
178
945
31354
3073
3171
1056
7281
17051
479
443
8584
1993
8156
4900
34820
607
2947
9634
6516
661
7201
974
34300
2701
27504
9660
7470
8871
2507
3339
1161
6275
25843
3430
8392
33175
4846
1969
48237
3283
5876
3116
4164
405
8556
4078
16671
230
3623
36
4739
39916
5027
20795
1287
2022
6793
7543
12214
10588
26357
4693
4684
5855
9931
5986
8051
2208
4362
3760
1064
19645
1539
5477
7660
6818
972
1771
282
3351
8294
9354
8280
371
3008
18986
4045
7244
36752
4597
9754
3456
865
8075
6629
5354
43167
9106
7091
6839
3060
2811
7606
18493
967
7186
4731
8863
49212
2397
7419
1788
5690
375
6922
3283
17224
29767
7932
9284
38084
9949
6858
21833
8135
3415
5152
24609
8326
21256
6542
23497
33954
7683
272
3376
5829
1773
12716
1866
2798
2341
239
5314
4686
7737
7143
7499
5149
9183
49880
2153
5691
9162
4895
38006
10370
18385
2546
46753
35343
3181
3696
7104
444
3644
35321
5608
1510
852
30645
5312
4017
19221
8182
6971
2053
7920
3440
43334
5945
2271
9322
7472
4110
5807
1407
5609
2792
839
9187
5536
2330
2298
5365
8780
6193
4179
22025
20315
42343
5922
3000
9224
6247
7905
7043
2769
6442
7909
38020
5536
2010
7331
2968
309
5123
5119
2438
6902
4321
7441
518
9827
8914
3506
2622
41494
4365
41516
8260
1834
7668
9911
8511
34230
8397
5371
2654
44183
5749
3647
7881
27926
34046
7130
3051
8231
283
8544
8165
363
476
20219
9399
6812
8152
2826
1327
3202
434
16
4956
5973
9833
8481
105
8010
5198
1616
6286
16178
7396
2135
5854
8695
39877
3855
2675
32954
7569
44787
7424
9110
26550
1257
1286
9355
8677
874
6286
7775
28996
6995
3764
5028
41371
5729
9466
4463
753
2253
3439
6749
17671
4661
7491
4260
5095
4008
4798
3472
21887
7349
1991
3096
5467
5514
9352
39125
23490
2262
7940
5353
566
5168
1329
7078
6036
143
2152
7284
1529
6765
5769
837
3541
8076
287
47890
1466
5071
5473
7499
9738
6711
10346
7199
2488
49019
6350
9651
30928
7653
3797
7021
6156
3645
1653
7337
9216
7846
432
1055
3929
3227
7768
13341
6266
8049
2359
36374
18061
3645
6370
9008
8065
46315
282
232
7338
1560
5318
7271
6321
585
4673
7776
8733
9537
22808
43615
7394
771
4948
37778
8254
5479
1355
37507
46886
257
22259
3449
1279
6426
1969
6267
798
2368
8379
7898
6089
45052
5848
6679
6347
22364
28795
1770
4415
5222
7542
1436
91
4003
27998
2379
27898
5969
9180
7733
18670
4555
9218
15918
10509
3247
9665
3987
19499
13320
41012
6386
6512
2221
37108
1026
6486
802
5037
2970
7406
2341
3395
6434
5478
6573
48415
9305
6475
7790
1788
3445
48179
2782
2509
27185
23456
8387
3890
1943
10956
5531
9007
6814
1979
9432
2801
140
637
55
5211
8493
4491
1383
9272
8357
35026
7481
5977
37766
2746
4601
4163
7123
1105
9262
5235
7927
8540
7950
7439
18759
6772
2771
2015
40225
4865
30732
4690
37978
3155
4919
3605
6946
37307
8581
5744
7064
19948
2863
9415
36900
4924
8810
1954
23138
2093
3735
3409
9225
2559
2787
9387
6413
7367
4977
4137
19833
5538
2972
9910
4788
1933
5917
3235
2968
7546
4786
4457
44664
5760
4227
8947
3458
2256
3050
4361
3351
7859
22588
29943
3933
1583
9300
4113
7236
8607
3075
6565
1144
3796
6964
5885
25414
3761
42045
3776
4060
3130
1506
29846
9203
14905
2735
31054
13358
3198
4656
5726
8375
1075
9832
8841
4138
47185
2892
7109
4897
41433
9867
42601
8448
3054
9097
9451
5195
2672
7060
3648
2026
2990
8772
5063
7299
21820
15884
200
5957
4093
8813
5272
7489
7140
8727
37574
8482
132
9605
35490
5016
5544
1969
3253
1144
2741
31031
44875
2561
7314
5418
4314
30659
8599
2401
42685
9217
6102
42643
8719
5725
8839
44461
4891
421
5554
9086
3063
2460
8361
22139
1545
2416
3258
1669
5457
42793
6266
10771
4143
623
7132
12422
2307
46961
10200
24162
39881
869
821
3063
39507
6333
9525
8508
2166
30005
341
8224
45309
1221
8009
8306
36646
3039
33789
8146
8472
6752
1106
2799
47501
48946
7722
4396
21
3983
951
5556
7520
2554
4645
2903
179
398
814
9072
6701
19016
9676
9222
5471
2179
27248
14246
4829
8815
33452
4398
2722
16119
868
5446
4472
6106
9532
3159
4048
5532
3878
4783
6989
6941
3452
9453
491
25305
4963
5757
5554
1093
6010
9308
2946
6789
7775
2839
8805
34
4181
8049
4943
3541
23593
6975
1628
2002
53
6691
6066
7657
9119
5754
8637
1303
1130
9391
38022
40666
21920
2773
5655
30004
7113
1319
4195
7734
6730
42
1568
7080
473
3191
2376
7168
9851
2625
9562
6094
8772
6928
3063
2339
5803
9008
3363
24042
8224
21967
10609
3561
526
9500
39852
2798
2415
3134
8955
7297
4464
3396
18007
3593
1092
6571
3698
1880
6260
4117
21754
928
8188
817
8553
26588
8429
3791
21329
7465
8365
33474
6015
1269
7964
2885
616
1421
3132
7518
44319
37018
1105
377
3787
29037
4385
49921
2758
8107
1678
9332
2408
9249
28085
9500
3262
5246
41301
42767
4390
15389
3762
9830
8441
9994
8570
6210
1389
5428
26441
4389
2545
6065
2681
3271
4374
27905
5519
675
8725
4561
3659
2463
25275
35923
518
9417
7862
3383
7972
9001
3117
7421
30016
28846
2503
3761
2369
425
610
1128
6996
2917
9174
39074
37838
24661
2758
1251
8632
3641
3564
40518
3390
83
5368
7459
8808
5756
6174
7365
6421
5286
4423
5784
1417
9134
6701
7496
1086
119
19597
16519
6873
6515
5103
7331
1577
9914
4387
8028
1745
6492
6680
4393
3191
1373
874
2809
35965
2187
5096
6922
16242
3411
8413
6080
7360
4346
7555
2950
21232
1056
5254
5805
45036
4605
8942
9054
1581
2840
7475
5397
1566
7097
1184
11605
8999
19968
5292
33440
5475
7153
4961
8382
12423
9938
41081
6256
7013
21435
3285
2679
33069
33938
6227
6460
418
399
1791
4238
43093
1081
8800
2057
4900
402
2432
8591
545
681
7235
7997
3989
2651
1671
6275
8911
5097
8071
18938
3490
29176
2214
3844
34439
11552
9232
8739
1141
8462
8218
39187
48871
6138
6990
7918
3393
8506
7664
3077
823
8833
13145
4454
3005
21775
9962
3183
4648
9403
49869
219
2144
4572
6674
6828
48280
3122
8197
5885
38207
7092
47924
5536
3442
7120
12424
2885
4068
3130
1833
8180
8236
2581
5032
2957
7469
7413
9027
7987
6
5115
19787
3668
6421
2440
24399
7532
8774
1719
54
7118
3397
9280
5233
9210
2654
2944
1229
8883
5619
1210
36899
4761
652
2501
2192
553
4828
4154
18805
4233
2995
5422
4393
3050
1670
990
2156
7541
4593
749
7714
2796
9882
16222
9862
9537
5075
6352
42644
9301
4049
3006
9054
1767
7139
18244
32225
2898
6931
1866
3242
6921
13113
710
9471
7909
8944
32659
3688
821
7985
5796
2043
5407
731
2979
4841
18202
6209
28285
7028
9646
5
1380
317
964
7329
21301
18054
235
1677
6316
343
7761
3202
2259
2463
2320
7860
6402
404
8789
5509
114
5755
1889
11549
5193
2259
9935
41605
8648
7239
839
8892
7183
758
2053
48329
5964
4951
19057
2765
4124
4921
8999
17826
2069
8101
7274
4806
7431
3557
8103
8025
8428
32175
907
42881
1723
3828
9522
343
4730
5508
45889
31719
1995
2363
9540
36598
458
5105
3945
40879
1531
9718
7251
28170
8892
4142
7865
6665
8101
7180
5659
8920
5439
6014
7192
467
34
877
35441
1485
7520
9419
9312
5561
22920
1397
4708
7673
4533
7825
9459
7163
5824
4860
6228
32381
8276
4230
6629
7238
1960
928
2848
9011
4597
34432
992
5514
23971
37982
14365
6459
5638
9706
5819
4463
41621
9653
22045
7200
444
3159
294
8948
5591
2304
2077
5926
7059
4165
5392
21800
7491
6337
2595
2951
8336
2824
3209
2388
5473
9057
31076
37140
583
8034
8802
1626
8138
9958
48284
6166
1610
3665
23
7271
3459
4446
4470
8556
5087
3268
4051
8271
7444
7766
4529
3759
6318
4448
2776
6425
546
47760
2523
19666
382
8490
4307
18497
6446
5068
773
4033
5049
6625
21613
2150
45950
45074
6122
5373
9206
5706
6695
2711
8731
8910
2548
2481
39916
4612
3670
2924
9255
33
1307
9681
40941
7071
4479
12006
224
5565
8461
29390
1486
13838
3902
5736
602
3917
8886
37250
2620
903
868
7535
6372
9287
4394
586
34370
3095
3022
42611
43466
23980
9007
42796
38498
2687
3045
7197
9213
1966
9288
5792
3111
6728
36799
1659
4844
4150
3976
1955
37132
10788
16126
4559
8984
2293
28830
2474
1476
1035
4181
5074
7330
3079
120
9730
6800
1880
5345
6131
4320
5142
9929
3052
1199
4990
3430
5043
1011
3883
4530
4600
9963
6126
1758
9350
8414
37361
5624
4529
9172
26075
3177
38875
2976
3715
8143
851
2542
24973
1871
3120
1299
4211
2786
1568
8836
3922
4008
12267
8385
3674
21983
5930
6862
1044
4145
619
4058
3472
7754
9701
9517
4436
5522
1269
8024
777
6566
4244
4755
7849
2950
6493
1597
993
3592
3295
2894
8673
3123
20359
13288
12449
7648
9790
27870
561
39189
7913
9917
18471
23611
8792
568
13024
2630
3787
37113
6196
3439
326
6614
4107
9172
5822
7550
19029
1975
8677
2872
41426
259
4405
49889
37758
4912
4600
35883
509
2449
8834
348
7162
1541
4637
5026
1541
5845
7392
31846
30188
14047
19470
1431
34174
3077
32524
5667
7738
26341
7601
9102
2359
7651
7440
9443
7236
6682
4738
31799
952
883
599
3354
7517
37931
12972
28422
950
7911
8838
3190
7646
9478
5795
1045
5443
25299
4976
6816
9175
46968
10972
1020
28291
2008
48638
7043
5368
8063
5236
32606
6737
48888
3786
6827
3620
2915
3818
5084
9981
4465
47661
2153
7635
2492
45681
2133
9363
2893
2335
8291
2816
8977
1707
44882
9195
5403
39952
7564
1664
8658
5588
5506
7096
42906
5059
6619
9903
7529
5690
8638
7164
30349
29464
5321
2613
14513
4186
3681
46832
3406
16719
7907
6063
10796
38156
335
1797
7719
2735
397
11561
5569
4203
1549
1588
4145
5970
834
807
3901
2725
4596
9169
3831
7681
2907
4987
38184
1497
1783
7246
7193
2991
9963
3715
1315
2065
9512
7190
7650
5454
1608
29571
7408
2094
7824
1858
8371
6344
34390
3408
4573
1386
2688
8770
8316
5950
6513
2775
4513
1604
1269
4912
7119
8683
7674
4004
1363
17008
8271
28877
3033
42813
9494
2048
2007
6868
3560
6294
1126
9827
29837
1952
6346
15789
2817
6222
1148
1761
8223
4086
6959
4837
39845
9524
7029
1294
21287
8576
2646
9440
3849
7495
6153
3483
2926
24502
9079
9223
4393
9294
9578
1904
2835
8749
2723
2763
32360
6953
4701
11426
6218
6931
8298
3967
4705
9673
11248
8575
1152
7217
6640
2601
5342
8093
49389
5327
7409
9339
6796
4175
482
6451
9279
34870
40359
4581
5583
5354
47159
5589
41050
2007
7225
23984
7916
2856
47453
892
148
5523
7366
1121
9094
8397
4222
3203
7308
2979
42943
5840
9613
5672
7029
1297
3806
7909
9900
4285
9207
45945
3166
1353
5333
19552
1527
8144
5843
2845
5966
5816
543
7229
46390
40861
32516
31291
3346
21552
18751
2470
3837
36117
5310
33410
1661
7450
49043
36159
5649
21455
9160
1455
2434
112
37160
10077
3342
5342
30298
5884
6644
28549
4522
7029
3803
26332
8018
4559
6319
6055
6164
4391
6360
72
5781
4101
8000
3727
7280
9313
3143
9599
5283
10384
2411
37839
5602
3809
8344
3752
4519
1225
2680
1256
6376
4108
7440
1647
34215
4600
7377
1694
5693
9244
20018
32373
14956
1043
16946
292
2483
2369
1398
927
4173
6000
2820
6660
842
38097
27
9593
6552
389
3087
32793
38708
728
6189
25270
3250
3342
4755
26918
6095
9377
3130
5969
6723
30217
3847
2797
4782
7625
4799
1975
6015
21416
22874
37047
1551
8877
5564
4229
5242
7716
31536
2681
30213
3112
7437
8383
4856
3962
49201
6462
9780
5027
7372
5806
4964
5823
7903
9107
2459
4926
5106
9210
47471
6180
160
34347
9217
8145
3766
6889
7652
4891
5427
4310
3861
33283
4292
34023
7241
44164
30072
44136
2534
1023
1121
4038
8922
36171
38959
594
14961
5337
1604
5621
5740
7486
6032
218
3617
8735
23774
6237
2904
7510
9325
5411
5536
46656
10058
8909
7527
9504
40582
8398
2554
6462
5016
2042
49216
36133
4732
4364
212
4041
9998
3532
39459
3055
6781
3187
1639
1717
41919
2055
9434
3120
7742
1708
1823
6795
7102
42721
485
6401
413
19836
8867
919
40395
134
9814
726
2648
6786
2079
6533
510
8420
1088
7929
4063
24510
4334
9936
553
4552
5285
6228
2288
4909
1462
6801
2443
4223
4623
4524
1741
5014
9764
2572
6279
6540
9379
23443
5429
2866
8968
5310
8595
31287
9635
32667
8663
619
585
9396
32209
1176
8876
5341
1277
6647
33561
5846
1824
5684
25005
6191
4623
40497
20214
8752
5016
9667
1752
9169
17591
2732
4914
4520
5744
6370
339
44094
6361
5288
44318
113
42397
1332
34132
8383
30461
26027
8683
665
1815
5855
9309
3489
22902
9658
266
7904
4196
46679
9758
36519
7511
121
4120
29842
6920
43683
8853
9864
24597
2366
4765
37037
7476
48204
6867
3403
5767
4869
1366
7013
1691
36208
9509
6439
4164
44039
751
3435
38237
2911
9519
6707
2568
7238
8757
25632
865
6461
1663
30471
6212
5612
4526
2545
2923
6375
9784
9253
20968
7252
666
706
1940
1453
8601
2607
149
1244
7438
6989
806
4244
2822
7105
9165
9728
4475
9659
8347
9037
1180
4637
5284
6870
8389
4957
4636
6590
8071
7413
23608
3952
226
1347
8452
4706
24840
6529
6434
5492
9497
6036
37239
2019
3853
4745
3349
5608
9275
7660
8987
2271
127
40871
49644
6305
27093
5486
990
2893
27096
9490
2667
1271
16416
2414
6023
24147
48342
4298
1099
32960
8151
20687
13746
1998
19765
27443
31343
3585
964
4063
735
7245
3239
8891
5501
41829
9979
4421
33050
7432
24928
9393
35798
1630
549
4742
8293
2508
3560
2562
47940
47584
2814
6239
1998
6897
157
9803
3531
45585
4519
6617
1117
5665
7979
5590
48339
9207
5945
9706
4039
6595
21957
11615
9949
11375
8513
5983
4256
6623
1672
6243
3086
6554
5468
1449
6811
9992
4908
2884
6234
3134
7734
31787
8151
7893
9955
6644
8207
20825
275
1297
7730
8574
7222
5753
9301
4945
1363
7948
8480
565
38237
8178
9804
1373
4691
4685
2218
4156
4366
2307
2400
8692
37730
4109
10779
12476
5524
881
8748
14731
5144
1258
1595
8080
143
6189
17609
7438
35971
5117
29943
46987
4913
7042
28553
8432
9267
1977
1810
2062
9785
32394
9476
7354
6381
28126
7812
2953
1259
9169
9051
1659
2621
7528
12972
3108
2512
6008
43386
38269
7329
1353
6177
43913
7824
8908
5151
48241
10909
119
4912
47611
2002
6021
7192
6753
8464
9292
24022
1335
1238
4303
8185
7367
2065
432
1862
15724
24572
6637
8678
17490
3488
4963
2715
5716
4150
3132
3793
2731
6791
6118
7482
7312
5531
13033
98
1279
8478
651
4057
7471
11450
5182
5019
6840
748
48221
8965
8392
1493
1103
3774
4207
19863
8282
12407
6135
3902
4052
2374
8924
382
8528
2237
6698
18055
9531
6182
3118
3074
5618
4890
8532
4969
33143
5111
6180
40598
7363
3001
8839
19754
3463
6033
1089
3731
3511
9582
230
24955
8229
563
5197
6641
8935
8899
6809
9463
1998
658
17214
537
4903
6939
9101
7828
8141
511
1699
7020
4841
42502
5400
26657
9502
4788
3112
5240
39448
4187
8081
38795
5599
1149
1517
22664
5947
9718
3838
7595
1485
6066
45797
9450
43358
35726
9971
1624
4345
9932
835
46634
6938
9344
10165
1715
2411
2384
1770
180
4326
26444
9668
138
2590
4892
2365
22484
9852
3731
43066
8110
4838
5236
3808
9699
9086
1097
1680
620
209
3165
3312
7677
29726
7533
6172
2741
4607
1818
3
2260
2491
5228
2845
23103
7424
2067
33301
2388
23150
6921
9140
22095
39689
7025
4704
7460
3958
22137
9835
5457
260
8535
49540
28691
8065
6127
8914
43767
41137
7648
9421
8590
5195
1402
8986
9723
14374
28040
4944
19793
2724
4198
8441
215
3340
5278
32
7365
5638
5138
8224
2785
4904
6911
8651
32494
5475
15703
25658
8873
7530
7211
4673
8192
8710
9836
7506
6749
7364
2422
4638
8294
7109
35894
3660
377
45334
948
1747
751
4670
26103
8066
2715
3607
32686
6857
29313
428
895
29235
7554
5436
2864
3638
42209
1137
27994
3222
8905
338
7568
4072
9015
341
3740
7882
2193
9124
9880
8611
3227
1407
9859
2219
2149
9074
8302
11099
8341
9757
9528
3004
8316
25829
9410
5329
4025
7300
4473
6457
348
4131
2097
4023
2915
36987
7328
45243
8643
6632
1871
8845
2310
97
2970
17603
3435
2853
5127
34440
1631
6955
2883
8682
6126
8462
7224
27768
8896
2346
5903
17997
1035
265
7562
8313
4980
6100
28271
1260
6581
131
3588
8103
2689
9312
4422
5891
4856
29291
8645
480
124
4018
273
8011
9644
42576
40
29264
8195
4047
4294
8326
748
26220
34659
5996
5121
46187
6177
183
7620
3861
1798
4627
5023
2495
4356
13174
330
16379
23020
7640
3548
4749
185
9686
24268
2866
9177
11880
3532
5079
2521
37465
2907
1671
4242
2428
8825
9246
42747
2129
2321
4705
9550
8146
8570
9907
18138
45405
3583
3901
3384
4256
4532
3605
6778
3884
8598
8466
3526
4300
42424
7055
4226
8498
9228
9544
3086
3750
9363
6698
5680
11978
8024
9423
9469
3016
8161
9205
833
45915
2152
4117
24235
3015
3054
6416
9337
29605
3660
499
3389
1278
23455
15590
4064
12817
3853
4714
610
3356
5400
8634
42413
2940
15117
4059
819
28213
2729
2158
7350
8201
6359
7181
3630
5024
1143
10996
24148
9701
12669
1225
7857
7537
818
8416
5105
2021
17981
1362
40666
6082
9857
8945
6788
9175
8106
8051
5337
1278
32564
5973
9953
33733
7077
7647
3720
7246
5059
8673
122
4864
4692
3065
9500
9330
9090
6705
4579
39898
25092
3533
25023
9929
3184
8370
1877
9456
4063
1993
5024
5865
5068
864
1216
4869
9954
8966
34230
6754
5554
15569
48058
1976
3712
8044
38097
1069
2958
4850
5115
7199
4431
2596
47298
7549
3594
6914
1156
6596
5243
9430
280
5432
30842
3251
37531
285
1722
178
9694
4930
361
1475
6500
14668
8060
4463
34320
18899
22865
3455
6245
2598
4352
49364
11110
34755
4825
6775
672
6235
9315
472
9193
3561
7958
4279
6341
3738
6930
1867
3391
2101
1500
2068
4097
9449
1581
6136
3928
6476
8352
6676
1846
11042
101
9328
16
39607
16437
1319
170
4888
4400
5528
667
2648
1940
25500
6348
9923
919
3084
8884
5910
15001
6026
3007
1190
17184
4550
5424
8204
8943
912
2194
1014
8703
9396
15798
6313
4319
7854
3878
7715
5804
839
28631
38714
28921
42577
4667
6763
8697
48375
4968
28995
1217
4637
5649
3194
8527
1964
43494
3782
6609
4771
2733
7110
7899
5789
2316
48495
9359
9905
13054
12207
5650
963
2526
4429
5700
840
1265
4494
303
38749
6562
22934
7390
2038
9038
3711
6334
1061
1093
5666
9925
8848
3210
41340
499
9857
3078
8425
6602
5535
3881
6001
8096
2720
583
6718
36069
4557
34432
2378
8308
4401
9655
8432
21677
3380
8091
26518
15470
43082
5129
1461
41756
9546
886
9869
7182
7524
3689
5151
1982
33888
1049
5558
7233
6653
6278
18303
3019
2033
30293
4859
8277
6932
8076
8199
5479
19638
52
36454
1686
434
24907
9091
1194
35030
3727
8659
5116
9372
8051
1382
4740
6374
8921
45467
5335
3758
2318
2883
2092
5088
4491
24852
2699
3268
36911
9972
1708
7449
5332
661
8414
4109
6794
41346
8765
27240
8038
6402
23084
5219
6981
5871
6420
48010
14
6840
4049
9474
35915
169
3671
3588
23373
48980
9409
1701
4466
8217
4450
38145
1555
2952
6403
9905
5316
6241
7297
6859
7859
28555
7517
6024
11068
8156
8083
9167
9992
4442
4827
3846
47949
26861
9207
9354
33402
6994
505
4416
8140
4708
4712
7387
5753
2909
215
5754
48871
2012
6852
8228
1516
2726
34955
3815
4047
30472
9752
5340
35066
8701
4005
27358
36960
1576
4289
3556
4550
2093
9604
1946
6065
5911
30162
8073
8041
9874
4347
3749
3069
8403
7543
5555
5935
7594
5754
5630
17182
5089
6541
18287
3129
26623
7488
6054
4222
48170
2680
2359
33139
9984
5126
991
988
1360
25301
48868
4315
18631
1136
8190
8711
7602
8191
9177
7354
5740
8580
8908
6982
2139
36646
20624
7620
386
415
9899
6571
7404
11609
1209
32531
2654
5890
1476
3275
9922
2518
8653
4813
4293
4711
7650
5282
2443
5846
37780
8128
1183
26646
7988
3263
8148
6613
2342
827
9949
2623
5866
14630
8598
1654
9942
4019
666
24770
31
8064
38052
5242
7149
7106
9823
34261
356
5539
23897
2619
5323
23456
5584
4421
5322
3944
1207
6692
2253
11170
2235
143
5740
361
9100
7389
8066
21104
9393
14410
7995
8549
9860
2783
2465
9111
2344
7715
47408
8597
7699
528
8254
4645
5607
1665
7485
5058
2534
4709
8632
948
25973
4400
7872
6635
7891
38465
2724
2382
1680
6557
515
7636
5073
5018
8580
9909
4531
6004
4998
3898
2977
4505
11057
2345
1853
5672
45361
6157
36839
5284
4821
3897
651
5447
12190
5497
8121
40862
3718
4404
3097
42134
7982
37375
7765
9294
3603
5649
5135
4305
36519
2131
5048
906
3428
3144
6900
2955
278
31941
19403
5185
40268
294
6076
9056
6853
944
5114
662
2658
6897
3527
9526
5446
5242
61
1139
24628
3461
8994
16880
8867
9578
6517
2572
9557
1669
4307
55
2213
7966
8021
8410
7872
3962
6705
628
6843
27235
912
8737
8500
43119
7691
3047
7898
2461
496
3660
3312
1015
41296
1991
7897
38
2031
914
3063
1823
585
6212
5010
45429
1063
8445
5858
32319
7179
4933
1406
2736
139
3020
8088
15089
5005
12324
7940
3512
8247
19852
22028
1810
3844
103
4321
665
4844
676
48371
7560
35678
6355
5028
9748
8027
1883
21179
5205
3445
33165
89
33242
5968
9044
9893
5782
6202
2046
2482
3495
5725
24991
5045
18410
1577
2611
7493
7827
7701
7805
16740
16848
5670
7367
2966
843
7701
8321
8110
2661
9083
8005
4093
298
3541
198
4988
7464
1766
8831
8371
1707
30033
8811
9551
512
2736
39727
8973
9657
39965
6458
2360
1621
9086
46415
17826
35348
4333
2520
22387
19570
45128
14345
5556
45664
9117
2423
48360
2337
234
1503
10242
975
2911
5359
1706
30059
23749
6732
24863
61
34300
20072
37818
1510
44319
4096
4610
4244
8771
7579
3354
2183
214
4870
879
6044
1319
30063
1292
1984
9067
9099
40237
2258
2599
7385
6326
5997
3423
9215
444
34687
29705
2995
6221
7397
1131
7444
8720
13619
7637
7848
1419
7478
3658
525
38008
338
5258
25500
452
42430
2514
42365
1903
3833
4340
3294
6599
14514
4013
4660
938
422
8160
4412
4375
2220
8925
1960
614
8085
46516
6753
8682
1462
10511
199
23752
9786
21142
6223
46893
34450
8445
6812
30334
5864
9500
9751
5879
90
49684
5000
8453
5544
1309
7243
2714
39702
5739
2091
25633
8563
6899
8410
2451
34648
8128
28591
9219
3504
7576
7560
40467
7909
5620
4945
9593
5013
2305
2426
897
8721
8528
1350
9329
7617
930
7906
7686
1058
6389
3746
4464
13110
8630
5188
990
2363
4970
23049
15156
5780
4266
2796
35
784
5636
48512
42758
23016
1958
22439
4619
9821
3310
35413
13130
1043
8437
6836
9103
7084
31059
6794
3185
5571
8400
7080
9425
4461
9403
8244
1610
33803
4264
2489
1956
9653
44899
4448
5493
8801
9233
198
685
1221
2264
1639
3823
9650
975
1
8882
5208
2719
6731
3717
9840
1621
1442
4599
8646
8950
9691
4053
9091
3425
11255
3483
27725
8645
5423
1626
1418
7245
7791
9130
43995
6707
49782
3028
5634
5304
6699
7214
6752
49370
6714
49692
5420
45484
11953
5231
7667
7039
2216
4678
6529
8279
2353
1265
1897
9576
473
5364
8349
3445
24023
40463
3893
2495
554
58
7382
7866
2011
8711
30465
21152
42827
7935
37555
5688
17581
9582
7392
5715
4185
5263
33374
18831
6993
11656
7289
2273
1470
6806
8304
8898
7335
1392
5202
7803
9292
1936
8921
4884
36190
9984
6752
5422
21865
34564
33446
1551
46409
6820
4760
41366
8757
34008
56
9427
6708
1587
9532
7566
17
9011
6274
4619
1893
48841
2667
1077
40499
2079
2351
9755
5829
9203
1976
39956
2748
9134
5510
7361
8298
4227
4099
2685
6646
6112
36540
5548
11859
862
15193
9867
6063
12339
6998
29205
5623
5034
4393
7261
3094
4775
1266
2031
5700
34151
7478
35497
8669
6727
4956
1060
2315
9677
5015
2564
3412
7592
6385
6545
5290
30445
5759
26339
2466
11865
11455
21723
4959
5544
31262
8308
1994
3619
9400
5044
2907
25920
8554
7450
5341
39831
1308
8628
604
25070
34874
2202
1562
7514
42820
13167
3652
18186
3101
4843
17923
2808
8846
6727
7059
5554
4027
7883
5041
45
4802
18962
2459
5285
8351
44021
6128
3198
6069
9078
796
8256
8752
2153
6610
6750
5233
22777
22606
8438
2700
1757
6125
21859
36004
4241
19672
5483
634
37162
5086
5286
6953
3370
45681
6809
6492
9828
1124
6328
5969
2775
12557
4279
24998
2559
6640
7472
6110
2663
7463
1524
4299
3724
3383
37262
8209
6839
32171
9481
2083
7466
42743
6165
8890
7902
6175
11385
7044
6034
6026
4767
3515
9041
170
5779
44102
3359
41332
7904
5439
9434
2285
1059
8451
4873
6499
382
718
5606
1992
9567
24409
3062
40371
1178
2694
5749
4066
121
6564
3411
6992
4329
2430
4567
12049
9562
1000
19299
5867
1640
3410
684
1490
9310
42887
1425
7049
30691
2507
7515
9365
2563
7912
9635
1318
8852
41462
6644
23963
19595
7573
2277
40765
2727
1122
146
35421
1673
3263
7263
7882
668
7954
791
7811
9747
30276
2654
5922
4765
16364
21721
579
47581
7451
38688
22751
5964
4719
4588
33521
8146
26473
9514
6770
5268
4609
889
5258
3052
24502
2469
8174
8725
9826
171
7670
3363
3233
8691
662
4426
3478
395
9233
6781
5314
809
18098
9276
2629
4008
36702
243
2454
7806
9359
5262
38069
9408
6502
8527
4073
1138
9917
20162
47167
6510
4221
46950
5780
4322
544
34430
2982
4484
6672
49521
8923
3209
28312
7778
5792
160
6228
8707
5456
3933
5721
2050
1527
28766
5925
790
11431
4938
6164
1107
40546
658
9167
2445
24501
8077
4729
2820
1179
6456
13676
33573
30559
5667
49261
6748
8438
9366
6732
31106
3544
6963
3820
3933
540
48971
5321
7067
5270
37022
7448
5346
9761
5023
9082
3466
12942
44538
5595
7946
19113
4231
43437
40567
5582
3568
24179
4552
274
1296
10034
6151
3054
37535
2860
1359
220
5552
31209
3501
9697
8910
4584
3810
2494
3406
17322
5408
7488
28480
7931
25455
7398
39149
2581
8680
5769
1362
2051
6843
1811
23765
5978
12471
29713
7862
1557
2861
3345
7979
4225
7230
32174
4442
5545
3873
9897
1746
317
5283
7866
7178
1864
11007
819
9019
4311
499
337
8214
1579
27
5083
43009
11262
7801
4229
8255
8355
6712
44060
13159
9803
2609
7831
6140
8628
57
8356
4282
37744
4869
9539
11256
4498
41433
2727
3826
7672
43839
5615
32204
7477
4061
9107
3071
1518
1662
588
2278
3248
1564
9875
870
1340
6305
41455
3570
7275
972
3356
971
7090
41085
6209
215
39038
8933
6248
1401
267
49982
5098
18213
4036
4381
2430
1408
1134
5985
11950
3963
5348
8907
5383
3489
10877
4276
17169
6383
8479
8575
5577
8994
44512
4
2862
3556
7150
24733
3707
1251
1385
2655
6632
3845
8666
9426
4368
7375
2288
34978
388
2563
6652
4326
5481
5990
7378
2427
3245
8014
1118
10492
40258
6999
4155
4453
5587
15335
7537
57
4825
2218
5915
8416
37077
3901
24193
15015
2583
5667
7564
1163
9694
9203
5487
7879
998
1658
8726
3149
6975
2466
683
4386
3765
9608
6635
3458
9635
9823
14017
9355
7330
7710
3013
9429
24190
38927
2799
8086
12378
17468
6530
432
476
5408
7074
2569
7934
1536
4930
2338
5245
7712
44418
3355
7281
2650
87
3850
172
7964
5606
3761
46419
34413
27615
2526
1830
533
2430
32860
19166
8271
3968
24407
13238
5776
5296
4838
9268
7785
25143
1699
3560
3309
6053
3639
32107
7080
36553
7070
41123
42450
8536
2906
655
7146
3685
39554
5058
20372
3036
8267
7592
6114
7082
7464
4679
3091
2848
545
7127
48112
72
9784
28
5516
5048
13129
13063
45
7228
3699
1044
6992
1751
9269
8388
2248
6726
37504
2500
40138
30298
745
3029
9114
8092
4481
5244
42255
5020
8902
2491
704
3765
8461
2550
8093
2770
8476
9377
370
5291
2891
20099
1889
7774
27800
3043
8077
27294
9199
42353
7575
7728
679
7418
7401
30652
1308
185
2266
3336
35451
4267
9075
1780
36574
5726
1205
7299
30275
511
7140
5583
695
12077
7355
7906
9262
45566
31437
7883
6217
13619
17430
9909
5075
7349
1210
10993
7715
9747
184
6507
22406
9253
5373
7005
9489
7713
33928
30889
2725
22103
2181
5395
3043
60
19245
2279
3721
14027
7806
6694
5403
5561
938
8773
6601
34562
5193
3409
5154
344
5463
308
7630
8607
4409
9776
4645
5376
9816
5048
8886
9432
9244
5749
5863
10055
310
31098
30951
1707
2463
8578
9570
3686
2886
39754
41623
5731
4336
7313
46552
1933
31223
343
7117
16936
3488
3909
15796
811
6720
3338
3468
8673
374
270
3857
30598
8863
16559
4267
22764
2
5218
34442
8195
6774
2215
7505
22321
5278
2219
17946
8460
7613
4396
28793
48233
8981
2188
238
8177
2357
46377
9949
46287
3477
47394
6430
45191
9668
9965
327
7486
2144
2620
51
1618
44497
33195
23851
1725
8964
6062
489
7783
38398
2003
17949
5423
6630
9469
4583
8870
7612
1111
6401
4506
3183
15264
7310
6349
3672
19447
2276
3138
14349
3151
9643
7529
2491
4170
4025
6172
1466
1545
26119
1787
12482
8408
2278
9388
7753
7857
268
44739
16842
1418
21455
3679
1545
1582
3846
12868
46600
3858
251
45446
3251
6753
4741
24847
4842
5112
1998
8553
5716
1641
1599
41572
4686
3463
540
3445
42197
20244
2907
5391
7643
29859
2272
9468
10568
26389
9096
18392
1562
479
3985
9643
1566
2897
9829
448
1846
1074
10522
3612
533
6171
17796
2283
32665
3450
5751
9357
47360
44249
8871
8163
4765
635
3193
3641
8780
2501
3158
7434
27222
43851
37601
8042
5366
27521
6124
39354
9410
7934
1949
13365
815
9028
8539
3452
10075
7495
660
1231
16553
1992
7306
8146
1482
3656
2704
24545
2
1285
46770
264
8934
2267
2153
6243
9183
7505
2871
9616
3868
2680
5868
3192
7063
3148
5608
23921
6652
14136
22538
10631
7785
1461
4220
4993
2413
15294
36349
6124
8290
29007
8927
17207
2527
9875
452
6805
7439
8688
5810
28031
6086
2488
3979
9916
48278
8924
3932
767
8392
23747
1152
4996
8232
4588
46629
569
6109
5188
8549
5161
47549
2870
971
1236
4889
2123
1802
7386
38168
3586
3584
49114
485
9079
1240
6917
5973
8470
16
450
9152
1543
3148
2893
36260
5514
7382
8783
7451
3093
6010
1192
4748
7394
347
4675
4128
1451
1318
7109
16123
21687
6824
6170
6012
5723
8189
4351
25227
8406
8530
839
35349
3236
5881
36287
9893
8336
1373
1200
3485
6911
3015
2897
4128
13937
976
431
3292
9599
14607
4424
3400
7613
1068
2096
22048
40574
48943
3833
2464
7098
3009
48735
324
8815
24331
28759
9012
4150
4641
3002
13749
1873
4011
33869
5491
9481
1907
8676
1584
1821
9313
1143
5055
6734
8712
3433
35499
6320
19323
2754
9201
10934
5206
8405
2997
6085
9295
9471
1917
504
44299
5842
3206
252
8013
2180
4462
4723
412
9394
8404
8627
9234
18545
2423
3192
7485
847
735
3234
9272
1553
8168
9073
8819
4136
11469
8493
8487
7773
9561
4948
3026
9952
19175
14222
6469
3904
7534
8260
45235
5420
1627
5400
8590
1203
6882
4598
9299
4844
7230
8562
1926
1997
5717
18513
16366
8231
1051
15213
28964
1232
3452
1311
3250
141
9869
20056
6986
45594
1043
40517
29090
8402
7552
43886
41291
5554
31453
2324
5240
5925
807
3760
37518
6745
7936
23589
13971
9567
6159
1887
1779
2615
1961
5187
2621
8589
8848
9358
9081
19802
4307
3021
9618
7853
2935
6410
32
8604
8532
2358
2300
3824
5947
4989
8808
2568
6464
8950
2730
6626
1240
6751
1692
192
1594
7627
996
8030
9929
3978
8615
6698
23191
2014
3744
3403
736
3486
8801
8162
2346
31856
6137
2562
9964
4646
6883
2815
8218
268
6412
9692
5415
7284
6652
45611
9324
827
4614
8929
1320
454
5841
8509
43800
9296
1912
4734
3792
9850
2861
7376
7538
5186
6371
49102
5472
8631
496
877
3253
5859
9185
5996
24627
504
1608
31740
14381
21850
708
7236
1877
3021
6986
14590
2934
9177
1782
7284
1043
8500
1047
1647
6813
23989
8638
27635
8278
3316
24
8247
43914
105
4169
9330
7989
6777
1173
4892
5219
13873
39079
28551
7469
32962
7381
9466
6477
1646
710
7762
5771
45594
3420
4907
43092
6811
6993
7147
2524
2204
19034
7533
3838
37503
5785
8845
4666
6685
3172
8395
9485
8954
1010
20943
25671
6882
8805
4298
1505
5512
7438
9353
7816
9756
7791
5354
5663
2679
21518
1113
5359
2144
9267
7277
6070
4910
4459
3242
2524
38166
373
1781
4455
26062
32420
8407
6536
5938
37095
8999
4117
2528
6141
662
8227
8439
11493
9747
10806
16373
2329
5535
2229
4929
2393
21819
6295
4759
1781
6268
4627
17707
5800
44361
6569
9017
3405
4863
31734
4990
521
3183
6130
908
2655
38600
4305
7454
9122
5155
922
21341
1019
39449
6070
3077
6021
1363
193
5186
3198
6730
9857
4971
41819
5022
3840
2124
9481
6206
892
80
7799
2823
6295
19910
33650
6501
29281
2277
2582
8511
849
8031
7362
6317
45887
4964
8905
10569
30888
4688
7481
9353
9005
5790
11008
43924
1785
721
9274
5487
2430
7657
4541
4602
7684
1036
9989
1095
5344
7473
192
8560
873
3703
3994
38010
14103
9798
3220
19887
2281
7607
8560
9376
32819
630
4468
3701
1284
217
9396
26087
2142
1043
9091
28834
7769
3974
11058
7596
8062
5952
4564
5883
2430
23884
6077
4748
8010
3003
3628
25250
8099
3613
5317
6765
8243
9474
2973
3458
8022
685
9138
5262
32293
11493
3183
314
7682
3267
9840
7794
8160
8619
5844
10629
4630
4358
1111
48155
27026
17146
7504
11746
9053
6245
21616
9476
5092
335
5437
615
29000
9978
9672
8829
8462
2100
17160
37261
18179
4936
6513
6570
2629
7815
8509
5060
4210
883
1468
4627
32061
482
1751
9541
7595
8492
1687
4141
1422
9878
1870
4047
1552
5337
6647
5065
2778
7438
6882
9331
3061
3162
37448
2072
1989
9082
2137
3566
1600
6054
4741
7150
7723
1999
3
2777
9040
6263
257
7541
8029
35662
8647
40932
21563
9820
2854
5190
17275
6541
4857
3617
11225
3046
8557
4504
469
3020
9693
21740
16695
5994
59
2477
8491
8269
26111
4992
823
5142
2754
7272
9247
7213
10124
9676
6445
4595
47480
3713
6256
4131
6234
49172
1219
4157
8682
6483
8179
9543
441
23134
1008
1743
4555
5014
9493
810
7745
5118
43492
4789
5146
16270
3626
7496
13702
45883
27675
9290
7064
5700
5363
3903
5652
26646
8302
44301
6840
17232
5100
9021
5381
2865
23329
320
42252
4075
3429
7018
3356
1630
1086
2483
8420
1948
6978
40798
6914
1238
2830
5128
494
4832
16290
39394
26987
8376
2532
2338
9077
7324
11006
8474
18922
8251
13501
8454
8649
6737
2495
1710
9303
24995
1673
9277
8776
3585
7989
2873
2815
8847
2564
1184
5944
568
40294
9468
4276
4143
27232
9706
2244
6826
2440
3308
9999
4655
7722
17076
435
916
6193
49293
9000
838
2465
716
3149
3976
6270
41292
8195
2334
6641
9317
5485
38046
421
24805
9549
6921
6897
4574
4064
14794
37756
6646
40580
7771
359
8004
9511
27140
5101
7568
5375
995
2538
16122
2697
8777
9626
6373
2148
3121
23651
8760
6884
2214
2235
20289
6173
8342
48502
4591
9955
816
7235
1747
25113
45860
16807
9423
784
43907
48299
5579
1835
9395
3002
35375
7132
6725
9399
2942
5133
9253
653
53
4646
5677
2549
7756
7913
976
5488
3882
3775
33766
6497
642
856
9136
1356
7653
23067
2531
4007
9706
4168
6215
8805
5102
4799
17297
45024
1810
8521
4510
6881
9404
6747
2005
3916
7434
6728
18115
45133
7178
9727
5099
1995
1736
6872
4021
2264
8862
2367
6089
6829
2629
1132
8402
2799
1966
1478
8068
6911
24718
48325
19148
42269
49665
19904
2099
3723
2273
5372
8288
9182
2761
3827
2190
42727
9671
7524
18077
9648
5082
7441
7768
3580
15558
4927
1057
899
8828
5153
15708
769
8193
1996
9531
9384
1342
28601
6057
6188
688
7953
1755
1456
2014
7404
4032
8666
29107
6894
8196
7775
34419
4418
4517
6710
4472
8980
30354
6437
8335
4421
31634
394
2629
5376
38505
44949
814
782
34337
2070
8637
16746
8835
6535
9451
41406
12572
6985
1245
427
1383
4828
43091
9745
6602
6317
13858
8178
6416
195
1375
9324
7544
59
4643
3898
5743
4690
5538
7554
13296
1346
2682
9583
5222
21686
5970
145
4467
1027
14818
9464
9131
8880
2011
29225
3401
6532
6058
587
7514
49281
25018
14940
4038
5047
604
6579
5566
6102
4788
4912
7621
2928
2742
2806
6075
9741
1934
6153
7993
7188
9375
1232
22834
28960
45351
4914
4292
898
16983
31356
663
773
40620
1019
6404
7662
7833
2824
37155
5342
9087
3680
4501
9718
9170
6485
4782
9430
6729
9295
218
3823
40313
6305
7860
4448
8093
6847
33177
8537
9982
3843
17993
6102
7466
28368
6398
2452
8669
9570
47760
28775
36976
8035
6011
917
5061
48952
9145
1377
2678
8702
2045
4055
8441
2906
25008
43492
4031
3517
6903
6737
7836
7644
3040
39384
5759
8226
6953
9494
6641
9700
1589
5452
8459
8081
9047
4579
9408
5414
5928
8432
9072
430
5769
7439
8655
8768
15178
8395
8894
7149
4842
9578
8695
8662
6585
9072
355
7180
4635
13423
667
48361
3490
1739
16582
5351
29685
2176
2574
8410
2912
4846
1646
39737
1740
5247
33388
6249
3158
49949
413
6860
28827
9569
2056
9550
49346
6387
1800
6345
24437
39056
304
6573
4064
9603
273
39530
5652
48016
5793
8822
3626
274
3354
36690
16530
5244
8448
49264
9906
8266
2546
39510
46534
42022
2618
9983
20179
1533
6354
1383
6938
8494
5197
382
825
5288
3501
47547
13215
7298
1838
6376
1331
4510
9281
9584
7036
3325
2506
7804
8695
754
5272
40143
5468
335
39551
6601
6391
731
2434
9858
1155
14050
5636
1088
1833
3750
5100
9923
1335
17504
14765
36636
6984
1920
4288
7489
1866
4401
2683
3954
1623
18315
852
3499
5568
7361
3077
38577
37938
1973
5959
8109
47965
1394
159
6914
8339
4726
5420
42040
239
39126
9654
7627
25728
43762
37052
9914
20181
1329
223
6290
7263
928
848
2785
9042
232
4201
1637
7958
13949
4574
39106
2332
4822
8011
3790
6413
4871
8068
8710
7472
26024
87
1437
8388
3555
7379
4950
5457
3374
1910
1957
1721
9485
5829
3282
5840
33950
8820
2077
8685
43144
6711
26181
23767
1738
1158
3670
1895
36654
9492
5305
8491
47547
8
2932
41428
6282
8076
7834
21926
10376
8529
897
4809
6057
8568
7714
6179
1750
24406
8869
11633
5902
26113
26592
1690
9917
6720
3412
652
8971
16488
5043
22549
8340
6378
766
1835
4165
2579
44602
8359
3723
7963
49933
44730
29626
9818
4993
29410
6947
16255
6412
5862
4547
8858
15562
3717
4639
38222
5388
27959
8641
1217
35460
8
8833
38875
598
2054
8403
9652
3721
8449
46926
28576
43466
11136
3972
1345
5233
2624
4977
3698
8118
15440
6120
19689
1426
20326
13625
44340
8974
780
9443
32466
5814
34892
4650
7547
2251
4861
1844
16895
2477
4515
4135
7348
1418
6525
9032
4726
30851
8524
8547
3089
35738
4483
38411
3789
220
5890
3550
45334
2238
22988
4672
3522
673
25123
3722
45477
6516
8532
350
11319
40087
5027
6104
1278
1940
4697
3894
2897
8317
4803
9333
9500
8331
6902
2805
10239
9086
692
6049
1233
9680
21184
1420
1390
4550
41934
1672
9092
6153
5865
37
6141
36730
5062
2343
16420
5876
17796
8784
6309
5769
8294
4987
40396
34739
2787
4035
7762
18241
9075
1417
36667
17688
15484
2612
46867
38934
9546
1344
8994
7335
5487
3384
736
7356
17475
6205
69
7537
7713
39490
7758
2233
6141
5967
7683
6814
9480
5122
2814
3350
12058
18514
5530
348
1091
492
634
38731
7809
5185
11053
48095
7968
1556
8185
227
32920
6456
2010
2297
8162
6246
2804
1738
215
1216
22151
15451
42370
1907
34418
11972
4724
2737
6601
6791
8179
2903
5912
26209
15996
6832
10180
45387
8998
5699
1682
5375
9620
7323
8185
5050
9467
7823
4172
14788
1815
6686
6970
26745
9816
660
16184
3556
2928
49143
6597
28937
4322
6600
6176
6803
28710
5626
7906
6696
3204
39470
7289
280
1293
3765
5717
8987
8311
21840
7947
41738
40
846
40099
2746
3588
9212
32911
35366
4099
948
48977
1122
4340
48976
8756
41722
6378
3778
25729
2291
1881
7919
8538
5801
6917
6647
1894
32427
7498
4654
1883
18149
8846
6930
6466
48677
20182
3280
7117
2831
8934
7695
9618
6187
2273
2172
5741
8062
1730
42704
13632
9403
2692
7760
10305
2069
8712
6530
3162
6224
6760
5930
5649
2028
6069
8845
5331
3915
3996
37207
235
9171
3068
6933
7996
9666
6698
5846
41653
7599
22966
7387
880
9577
5002
42501
41777
3249
2223
5863
2018
2429
8247
10088
10436
6544
3435
41639
21100
7173
4145
2429
2202
6115
5728
6091
5931
1400
226
7564
6247
5031
8374
12490
1817
7679
9555
35500
639
29287
3362
2883
4862
1066
2262
24290
13893
9951
1018
22092
2262
6838
2007
4580
3775
8337
6234
9310
8109
3264
4462
391
8921
20950
2333
9737
48310
2089
1620
34951
9604
7626
5748
1637
1815
22180
8882
8459
2315
5045
1244
5485
9116
2832
86
8051
652
15754
8067
995
9197
26300
7211
8228
2382
7521
29
2904
9044
7921
8695
11432
3051
2123
5707
6004
3509
3222
6810
3347
2722
5269
6161
3413
7681
1955
4555
9656
641
8029
4042
17483
4740
33810
4757
644
48213
47009
2464
3551
7985
6467
25665
9871
24267
483
5178
6379
12240
7874
3184
5022
33440
4296
4392
327
9040
3858
4308
5149
16565
718
18267
3477
1991
6504
42800
9329
5332
7114
44400
3920
45014
8788
11310
25491
15674
33910
716
1440
16434
1298
201
1954
6690
824
1849
47962
2270
5167
4741
5900
3898
5684
22605
2191
14702
2746
18715
1375
430
1952
472
49259
8928
40689
2610
5943
18764
194
40227
4993
41792
2426
680
15976
36624
2040
6089
44364
36149
5910
9326
4362
9127
1173
1326
6197
6565
3386
9264
4265
3918
9726
4794
2744
1326
6289
8978
6253
21987
4003
8823
6521
5422
3882
3812
14030
2649
14233
4175
83
7186
8975
9322
9950
5303
7814
2469
3776
2482
148
1071
4910
42645
3508
7652
6163
1902
2767
921
8811
408
28847
2477
9320
1387
38179
3255
39127
561
6226
9635
8338
27036
11806
7484
25829
8065
25713
36788
7020
523
8653
9153
7923
563
1933
37848
26005
152
8239
9131
8658
3253
10038
8636
4169
1080
5534
20335
3486
5143
3207
386
16105
29282
49393
2056
695
3074
22219
34447
45025
1701
882
8605
7024
8099
4228
47012
3613
38397
5191
1227
4734
5002
3890
21389
4574
18095
1946
4423
15931
9221
4309
7426
3583
26983
8951
4106
8164
183
9919
2351
6503
8492
7342
1532
570
8509
1281
786
3973
3381
479
5169
8670
3620
7861
3837
7416
6004
5701
2391
42788
5202
7286
663
39204
73
9202
4775
39021
38413
21058
1263
43857
1876
2825
7061
5611
27482
39255
3002
243
3892
24252
33357
9804
18631
9628
1152
2232
7892
32890
461
28185
15065
44644
4459
4558
7572
9613
49741
2777
900
6006
9770
1599
5054
7335
47615
4917
6151
8270
7682
4226
9630
6737
3728
3776
7265
9767
2546
8029
19927
7495
2135
7020
37528
33412
45307
2388
9042
2649
8649
7518
15970
2446
6548
1443
12289
8873
6749
3098
5206
7658
16926
9846
8095
3546
8527
6554
4875
4148
8802
850
5059
1050
26967
9270
9690
3225
35577
6930
3278
44842
8321
10221
39900
8683
5143
103
7175
543
2248
9246
280
4798
14
15007
2078
21361
4160
31286
2412
8248
5403
7560
9805
28127
1677
8260
4434
8069
4105
38424
1953
606
4197
9578
31430
21338
737
18
2353
5453
47389
48089
35335
7109
6304
6767
6924
7808
6439
44257
4890
5753
32937
9387
8254
5885
13877
5723
5099
46746
11189
480
41754
4410
317
6847
9092
5217
194
6518
3947
1911
48575
5004
607
741
629
4624
9779
1148
5159
8396
556
4834
23006
7520
8630
22456
8637
7937
4390
8808
34354
18187
25332
5029
8799
5394
3406
1364
14144
181
8865
1368
9823
3940
3276
8872
1738
6341
6895
6467
207
4767
5106
7453
1389
10567
9961
4694
9401
7525
5817
5759
60
332
9075
15600
9253
3091
9647
8347
3974
8630
7923
3992
7489
4465
9976
9434
7697
8198
15635
28232
1964
23549
12529
6040
7904
13825
3848
27712
8023
2230
2658
9435
9398
8385
4469
9031
729
4894
6986
3752
2082
15180
6080
3451
2312
7798
35879
1966
22298
4838
31468
9033
7341
703
6097
7663
40666
240
2602
3692
4708
3744
8529
7614
82
959
44259
2980
9320
9758
6073
2742
294
18894
26570
49735
5192
3216
5651
8084
9166
5624
19791
28723
5558
45595
3623
6440
8867
8053
7655
9628
1254
257
1427
3327
403
5472
4853
9869
3018
36209
6607
6723
5458
9209
394
6991
7545
6246
1970
33067
8285
325
2166
6517
1298
6897
29078
2314
8093
37471
1561
9719
1420
7787
8190
4168
3422
8880
10183
1796
2857
2849
18641
3293
5971
45128
37137
8620
6390
5617
28009
35497
669
929
37282
1539
8204
9996
4166
6732
9432
8412
44531
3441
2991
49129
575
6338
1629
2399
5227
7312
8143
4772
6383
3900
2046
398
7658
4330
25155
3920
1121
7644
7657
5494
9723
16965
794
2094
5343
23120
9149
2490
1017
9673
9608
1353
46326
46060
5518
1929
1673
5791
8294
6600
7886
574
29025
8826
4610
106
6931
35746
34999
36550
7077
2685
4157
420
2339
4450
1080
27709
48605
3472
6632
3094
203
8247
7596
7443
8543
1763
48883
1813
1605
442
30775
8328
272
2222
2642
4089
10779
2518
4421
1344
4088
1204
9987
9840
5581
5606
20517
4811
867
8229
8568
2879
1215
6882
8930
19206
9528
9410
7017
2805
444
960
5337
9986
5221
3755
35319
2126
35937
23641
7688
41831
3899
34441
6
8274
9138
1750
2638
6793
1975
6127
6755
39188
15874
6177
2574
5647
9675
7736
9656
7957
5581
2666
5498
243
3752
7199
2308
5497
30221
33403
40326
1151
1325
9066
1737
3244
43593
6301
804
8479
8347
1375
8144
7249
2205
8717
5173
7058
9386
2165
5430
3068
45919
9226
34352
8316
4347
9749
6297
1540
5688
6570
49398
3761
207
513
6771
4380
3391
9724
9982
8163
2051
4683
33398
2757
5446
8138
6855
5510
6741
21769
4160
5601
5858
15809
752
7353
8997
1762
10306
13733
9269
2910
736
40409
5108
1264
6915
4593
497
5889
8212
9704
867
891
762
3378
9716
32260
8202
6634
9282
6689
36477
2498
18291
9356
7172
30623
9913
24030
2072
5389
7244
4951
49258
3024
6838
9345
4939
2019
5116
8345
4629
10587
4596
44122
6836
181
1898
44638
453
3753
5621
3928
29815
16328
5482
6433
2694
8335
32717
3671
8271
44154
6090
8718
8687
7895
623
9084
46911
6693
4404
4337
7283
7352
2925
2384
44493
4779
9884
2034
12779
48621
3682
8174
41707
1755
19564
607
4154
4436
32640
5755
28575
3383
3520
5813
550
18310
23639
5684
9254
2383
32472
20953
8891
9605
6511
4335
1627
30571
6211
9349
613
1904
3578
11153
30761
5397
6252
10293
2376
822
8626
1834
5685
17053
3790
31097
10269
38286
4404
39092
5425
8309
45600
6923
5309
22592
32330
8669
4148
10998
309
9804
40732
9587
40587
8076
1513
7046
3762
372
4312
39457
8715
9390
8979
5923
26788
32194
8000
9732
40840
916
2968
7326
596
8661
9646
1971
47743
47737
8782
39259
25610
4042
6667
8129
6211
587
27020
2673
8072
47904
1182
7227
9711
29991
24803
8175
680
8763
353
35997
9330
31572
8119
26040
7684
1418
2692
13835
34749
8022
2193
29662
39034
6861
683
5348
17353
3557
21152
300
4523
5040
904
1991
7977
16319
2694
1160
5266
4950
6169
5044
2404
6309
6142
1146
39550
1469
1878
4886
3300
5415
987
3051
1779
1661
1159
9547
28135
1935
14621
5445
6172
1687
7835
7476
4511
1524
2733
41751
8372
7918
5081
5616
3046
4678
39006
3383
7300
5873
4979
5240
7878
1012
1213
5145
3710
1903
16901
6112
23511
18642
6412
4797
7176
7416
5925
1658
2349
9659
3875
1497
2888
8094
3327
43820
1535
2025
8255
1334
34716
8419
5833
9377
1088
3370
40309
5546
6617
4921
8815
9629
3904
1956
5076
2015
8578
8005
7679
1677
36670
1938
9800
2881
6017
739
813
1588
49920
7397
1639
2913
16434
40568
51
2732
5902
8367
8063
9267
3881
2136
1458
491
2557
5048
7969
6857
48241
34041
8577
8580
1424
2718
38078
5885
9158
4488
31338
5474
6199
35371
9062
10390
383
3238
9938
1393
1120
35411
6602
1174
9242
44251
9674
5439
1018
699
7410
8039
4888
6230
48934
1897
1853
2270
5504
246
25596
28362
8268
8938
15120
3771
5310
9529
6310
9900
42932
7650
10028
9321
23002
41856
2482
9129
7815
1537
402
8121
9373
726
5777
5714
7833
9397
37685
27729
7274
4268
6850
7629
970
4666
7937
49760
1610
2300
355
8287
5329
897
5100
868
2675
3017
4053
2227
25666
1590
5805
28854
2393
1861
23990
6864
6169
9987
2398
4040
1063
6813
17548
38404
8911
9846
5654
7511
6986
4297
3065
6043
4235
2853
5761
631
9250
1895
8345
8018
9193
9691
7618
8270
6354
7216
4299
2940
4375
8369
536
3018
48526
9590
25335
6101
8083
36408
231
8671
7761
39275
691
7151
8679
552
4301
5182
44190
6012
365
7963
5823
2387
16617
7557
4879
3505
3573
4327
503
1532
2770
2708
718
4271
1701
4422
1266
7005
9909
9285
9962
5712
7242
8056
3021
6789
4165
6873
44476
5481
8628
36742
8603
2445
6913
3530
9385
4906
5834
5915
8232
9078
1029
5914
20393
5767
3653
7926
4081
2928
1738
9860
2785
3560
3401
9300
3968
2958
2365
49319
3697
8211
9393
6552
45467
11073
21277
1043
1561
2507
1007
8882
5110
6764
8326
40199
1729
4876
6194
8842
6784
3102
7727
9235
7435
43642
6191
41033
19214
1413
2429
2159
9275
9450
28216
33679
5703
8548
899
7691
38690
7089
9865
2795
30620
5507
517
18550
1907
47609
16065
9791
770
1119
8627
656
8915
7435
2667
836
5980
2624
5287
1417
8146
4619
3172
4356
5575
7540
81
8774
6917
4988
6659
3009
3987
9381
8730
5366
7540
8656
8535
10
5187
9270
25438
8965
9990
4723
835
3441
6740
2422
9825
5447
35144
3921
2320
154
3
14408
9365
6034
7248
4238
6439
8078
5213
2481
1696
5754
26892
2404
9098
5277
2604
805
3416
4323
19546
2099
3314
22521
6343
128
3195
3054
918
3080
549
1949
6689
12231
5073
9734
23258
2850
1944
1284
32719
2655
1733
8867
7294
1388
7593
7388
3080
5918
4975
41376
320
5080
31818
4090
1970
12630
6200
5213
44625
3246
6068
38803
5751
2013
15963
12004
6407
168
888
10879
10770
2225
7219
4361
7202
8314
1214
6290
445
6108
40697
3723
5850
5030
24756
3205
7568
45333
2152
29534
9845
620
33099
566
25585
38382
1732
2561
5361
9553
7955
8678
6390
28686
3625
2277
3883
38634
3193
5496
2091
6034
9384
8624
3752
3036
6030
9731
5809
1146
181
9595
7572
4504
48431
2738
977
1536
2945
8479
9135
46525
5336
9379
5339
6042
1230
852
7864
7132
6468
13408
6475
5599
1217
12950
4767
37737
6821
244
1766
7434
2256
27308
5763
5559
22686
676
24735
3543
5423
5429
37905
12318
3205
18826
43422
44381
6856
1769
4387
8099
5885
5065
5723
7770
789
5929
5390
4622
7923
29684
5513
87
20381
8056
13238
3175
8924
40343
7242
542
84
421
7260
3531
1048
6680
7670
4203
9272
5136
3124
418
5279
6392
1449
1281
502
40962
2714
7231
10603
3877
4869
24305
37247
2540
3168
3644
9601
709
9967
5729
13111
9292
24901
773
7622
5792
2989
4144
8633
4825
1044
8624
4050
2557
4185
15886
9677
1227
10554
7298
2320
3349
8391
9039
4291
3789
3927
49706
5027
2129
1207
4615
27426
1600
9145
20892
1889
2445
1105
14088
4426
9587
1038
9664
5845
9622
3116
32987
3073
1154
9447
1822
471
9204
7764
757
691
41005
38084
2185
6703
4865
203
42325
8486
4486
741
3825
1504
8829
3168
9919
9138
4248
9795
1674
8001
11940
16621
3694
6418
8986
49721
3052
4447
3375
1871
3450
6139
4636
9965
3480
6638
3563
350
42052
34488
19520
5076
3842
7669
8651
17432
3105
15495
6607
3911
2286
1752
4593
13086
32802
5699
3641
3144
20855
9031
3036
6661
7177
2144
1408
2171
423
7748
2617
7530
5204
2023
28508
3943
48851
8219
4157
2657
27199
8153
8114
4221
9953
6296
5354
4654
20567
305
3147
26278
29932
687
6966
4753
8802
3433
6611
6399
14466
8870
2756
8232
35103
5380
21985
2774
9054
2420
20957
6141
1055
5789
35186
7224
2695
32486
37521
1176
1951
25101
9889
4033
2568
3735
2217
48149
27690
5994
8606
5117
7645
3613
3204
5238
31250
3580
830
8512
7504
3223
668
6055
9272
8055
27588
8852
2787
2610
41539
2905
5841
8392
1435
4483
39564
3831
1640
9704
7948
1518
8559
41601
5786
2442
24146
9274
3193
6926
9147
1883
19098
2511
8914
2700
6887
3163
42394
4766
5830
655
38624
30842
6194
3233
4352
526
5627
7250
38392
15493
43145
2064
7515
687
4812
1307
5426
5874
9862
4919
4563
31762
7480
3560
1436
12975
5189
3361
119
38420
1143
1266
4186
9619
3984
1299
2294
6107
7935
7212
2587
5428
4065
112
7635
5291
45748
5172
14998
8168
46502
3249
3617
34595
7726
8306
42765
6353
4126
1564
9353
38771
417
14584
8565
6426
7167
18441
1423
3447
6010
5197
4855
9266
970
3004
4490
9261
7344
40589
19070
579
12054
19153
20891
2011
4171
8493
5715
2877
5074
43249
8731
50
1538
6360
3554
5199
2899
9589
26859
7999
27689
26739
8070
5384
8196
8388
43479
4262
7552
1609
18620
452
20285
7975
6681
9662
12367
8314
3506
6184
29669
550
9447
2219
1735
31462
2026
654
7613
3811
37116
7418
7568
31523
8556
48452
9644
9221
7813
8075
9330
8273
9799
45498
228
5542
317
8136
7286
1742
23253
1423
2864
404
3567
3636
31799
7641
7330
5572
3832
2689
19556
17479
8554
3218
7781
3865
5694
25752
5602
4784
4546
4285
6210
721
6088
40268
1738
22803
983
4016
4150
4046
1385
8447
8732
40498
5927
5954
4464
1054
3890
45308
3942
45221
214
3940
2729
632
2730
36058
370
4655
5459
22151
2017
22685
2776
4920
9339
47248
43760
4709
1201
6419
1471
32996
8495
774
9286
6795
2615
33186
1358
6513
3775
45736
6193
6943
47586
2786
11510
5915
535
5089
2254
17
4810
17153
4088
5205
3062
4335
781
4952
3537
7862
9373
7072
7927
9078
3469
8755
698
4225
3510
1185
27609
19546
9861
7040
7071
1842
1200
1215
6477
5302
15430
29978
6461
3066
7027
9216
1716
1405
2716
8395
17428
18281
2072
6953
9018
9865
7058
8351
4486
2737
31538
6356
8811
41330
4018
8334
24846
2878
6860
9110
4459
20979
41153
11612
36746
637
8686
1539
25150
48194
733
1371
9788
7771
3639
3417
5400
11411
7590
4065
9128
5785
1403
177
38793
21753
9461
9380
5162
6586
38514
20213
454
3733
8500
7952
1943
26650
7473
1109
4969
4696
1223
1461
7732
987
1468
8249
7606
4663
5788
24149
191
4607
7423
7207
2049
2280
66
5340
1792
8146
3578
587
9943
48220
6538
6586
8989
2472
3267
9484
9420
8206
2676
4268
9759
8320
1541
45732
2277
7558
7641
5951
3786
6182
8143
1202
9990
9365
2329
6865
9980
8025
34549
16472
28923
624
2462
499
7934
7281
418
17282
43918
3483
18419
4327
8574
3431
5855
9516
4540
8478
2122
3664
25955
7328
2731
1187
27996
51
1836
4101
8173
495
9277
2031
9132
7655
2358
13371
15245
1494
16426
8340
47455
6849
3941
193
34006
13984
9649
5415
4384
6863
9566
8093
8055
6871
306
5108
6933
44558
7408
1194
5554
1348
8360
9357
9595
9295
28519
1655
3101
3927
7201
6478
943
5634
4786
4176
9817
84
29892
49240
8283
9348
919
1770
32145
3349
5334
46312
8017
10534
9977
8104
1069
594
1300
4361
2370
44921
37199
5526
6541
9699
25683
30893
1959
32386
9955
7130
6360
8851
17222
19764
9913
2056
1294
1103
7863
683
31445
16951
9911
3805
3069
6642
36305
7448
5486
5746
23645
6239
3905
7510
4733
9475
9195
3113
4030
7556
9747
2880
7061
7735
9641
8713
3630
9712
6405
5719
6642
5042
7677
2435
7118
5496
2877
1289
1284
27931
2270
2991
3754
38843
4735
27269
8896
4882
20765
7944
28771
2537
430
8129
9679
4996
1290
3818
2237
29328
9761
28685
1934
5592
8282
4623
1778
6286
1912
7419
8944
2422
516
6944
695
8548
4358
49900
3580
9803
4891
44166
8815
9922
341
7703
34469
8354
6532
6834
8374
27498
494
8999
31016
2062
2677
9396
9384
3704
4450
1279
7757
8793
11754
2441
30502
5118
9666
26716
40933
3506
972
8414
4678
5290
3137
7579
3775
5056
4533
4920
8908
9478
8599
2969
7372
7921
9408
8865
7492
5052
1297
2222
4590
1288
3366
4971
6576
5577
3178
8360
5809
8026
4364
9188
3933
9765
32173
898
5829
3986
30266
10656
2025
42360
983
6513
8396
208
3477
7200
26155
3902
7037
47898
1824
2864
5703
4906
3609
1289
5680
5580
7469
5720
3301
2102
4628
38939
36160
5492
5161
4969
5752
541
3382
8164
9535
5229
8301
7496
5978
23505
2948
9380
5815
7361
6319
6150
4771
7122
7488
3852
1722
2413
19108
7954
6774
21144
32628
8314
4709
1461
1066
40038
3940
3188
503
7592
6606
7248
4602
5645
7849
8553
9596
40053
8200
8076
8413
1462
5152
15147
1434
5364
9509
5788
6769
7346
3646
5824
812
11645
11265
7793
6769
1879
5387
4109
2690
3454
6408
15713
8607
5180
7209
6497
5831
562
1936
1408
5041
8227
33374
35436
47061
5382
8913
1613
3857
2076
28810
44782
24032
11637
2813
17513
4410
10873
8856
1462
19151
1362
7417
27653
151
6502
6833
19857
2606
30181
3829
2922
5693
3365
426
2401
7363
1134
5960
2277
7909
1627
4617
3533
1151
30088
9136
28900
2223
9156
584
8101
2296
34900
5294
7321
1463
5966
8527
2689
371
44400
211
1195
41
9823
4913
2691
6115
2907
30723
7231
45123
4000
5007
8328
9197
23342
8989
3744
955
6957
4466
110
27717
1482
1197
67
2865
9707
6051
5258
6894
4616
38850
721
711
45330
2522
535
8723
352
8608
3748
32175
5364
9769
2423
28236
9565
3449
745
1368
1738
36662
18770
4763
7067
215
46985
3175
1079
3010
1522
3553
3826
7761
5546
3993
2325
8220
5343
5750
6037
5704
24801
3986
510
4183
15093
6402
5501
8198
27344
718
7868
6015
45262
12004
32165
4217
5088
9387
5209
3704
7453
10795
48
9545
4795
4741
6260
5351
11999
9242
8376
7514
3336
2428
40177
4022
2665
3247
9049
9891
6567
9304
7892
6212
2922
34842
6160
9225
3163
9417
3882
4898
2707
8329
28352
4743
7921
5867
1355
5837
4930
9953
861
666
8137
1591
7296
5116
5472
20
1358
5845
7809
6650
1899
36811
8708
5025
3909
5573
7360
5028
6087
4976
47183
14241
1708
5955
8557
2499
8333
910
8079
6528
579
9947
2680
31093
1259
12079
5142
5142
8018
7589
791
4382
406
6468
5389
5719
7050
5097
8557
6889
8375
6521
1098
1015
2934
115
2684
2834
2193
7293
6542
2234
2467
318
859
2960
9624
5559
6990
4545
6437
27411
8286
3660
5509
8096
3658
6733
26205
2464
44541
39224
3373
9957
30421
8050
6045
52
30187
5935
9248
7626
33325
2374
13239
12496
3225
2381
1927
8597
5891
5728
3769
6539
8726
5421
20515
6633
1653
4552
836
7755
10218
1224
2335
8118
9667
8937
1332
42382
8429
7064
2968
9042
15492
1948
8989
4888
7636
7048
8128
37099
2580
9393
6293
44095
23435
269
6513
1985
3896
4636
1426
2224
2006
7570
8773
19419
168
7102
8395
3536
9819
1334
3536
17544
8637
5985
7411
2921
1947
2586
921
1286
9887
2981
1598
656
7375
887
8698
9921
9668
36196
7610
5131
8805
5211
7982
9176
239
6433
4242
7319
537
8720
433
45779
1899
7734
2734
3953
27558
4846
6097
9291
6891
8462
1460
4170
435
38438
2731
7697
6737
161
9212
203
5614
9377
7906
6679
32765
24537
8117
155
23458
5211
3871
579
2126
9918
13358
9903
3298
172
8996
1435
6014
31109
20246
7379
7757
7378
48825
4139
6346
2919
814
2736
8883
46846
8596
2640
34187
49920
7342
8642
16386
814
3972
18715
3629
9199
1528
17686
4719
9079
10900
1383
4830
45772
588
2397
1326
7012
3728
962
3985
6337
44662
329
7681
37725
802
21286
3990
9624
3854
82
49714
7516
2743
1456
4318
5022
7363
1646
6802
482
27401
22565
5501
75
6166
9981
30666
5075
10755
45614
2001
7079
41713
7540
3487
23
136
7577
37942
8683
6760
729
3737
7481
3456
809
3593
5028
2109
3123
25452
2570
4817
1562
20599
6319
1590
1453
3313
403
7293
296
6094
6741
2172
6053
4667
6279
3832
2109
728
9608
7800
25163
4781
1619
3678
891
7829
5802
32793
2580
9107
8323
20931
6580
7990
2364
3453
9668
42228
44744
6784
8708
14680
3750
1498
1167
26129
3923
14614
5655
33221
9285
33917
2899
9936
1837
408
13579
9768
2567
6758
4717
2339
4388
5066
34641
1049
4218
462
9659
2386
4815
9719
4993
2992
3348
38200
1241
6925
758
17675
5090
31858
469
1492
3154
27149
3415
49
5805
6749
2307
32246
1620
8053
3182
5864
5188
539
1345
1122
4095
9700
6247
8255
8444
8852
10384
40000
4236
7802
12303
45327
6468
6556
8334
2038
8094
1389
5551
4394
6193
8132
5289
40833
7968
6195
3390
6817
4136
3776
305
6719
4088
40
3317
15787
7657
5605
35072
9719
32147
18150
10000
7460
6723
2006
40396
7659
3829
1198
6451
6927
2868
8887
2959
3767
1711
4551
46244
389
9887
21255
36961
484
3702
3445
9555
4075
4522
9634
7799
1311
11024
668
20449
35982
5440
35274
35627
131
387
29885
208
12742
1084
2087
7490
7037
4663
46251
14174
1439
102
9085
5380
6877
9157
8727
1128
9732
4038
8519
2403
2787
14847
7083
3238
7406
1795
4093
5832
2540
5303
34602
5790
3848
1970
1324
2678
6027
7096
2726
9552
8282
3864
5950
206
9709
772
8893
2774
9130
6402
1840
6844
4042
13031
3751
3757
5502
45191
6969
5633
370
42991
6166
3416
1766
12487
1307
2053
630
6087
8835
5286
4013
42726
6331
1999
7930
3922
3657
1795
8091
7207
49075
48982
46775
8641
40112
475
12549
2847
7750
6834
4398
9308
3851
24288
4537
2957
6816
8879
49319
27043
7034
22265
2818
4639
11727
6572
15475
8208
3765
4254
9018
8536
5210
4447
3770
1412
8322
3326
2672
49543
7794
7962
3341
7048
7906
48377
4045
14586
7512
2698
15245
8432
1546
3987
13319
8704
5019
12007
4354
5650
3557
8176
7675
7897
32993
2519
6621
5709
4469
7362
8986
864
2188
19788
7330
31097
9631
25568
7012
6856
4860
8758
6671
34
7517
8819
47941
8622
8666
2359
1222
4140
7104
5911
7433
2836
3244
1255
2880
9040
3269
22460
33994
3574
20821
219
6097
6349
24186
4822
67
9615
26095
8081
4351
8774
4406
7705
490
9697
7860
9453
4088
8428
25293
7164
3832
2072
1753
27250
8488
3820
7965
11545
6489
2843
4292
27538
9847
675
5993
2718
9469
3501
5140
1316
7467
4270
681
8725
9776
6737
43705
4367
6530
4903
34251
9538
2730
1292
37750
4614
5090
834
1034
30852
45083
6859
3571
1805
4476
3390
4660
24140
6820
8706
29113
4593
2536
4859
6220
3001
49
5949
165
3184
5598
6907
43214
1232
24998
8600
622
8656
40209
9980
47610
6236
6888
28093
5793
35564
5241
4871
1837
5757
8532
41769
4625
2503
1
1237
9125
5662
8991
1102
9848
5825
11193
17696
5339
3802
8625
4370
6335
6042
3145
2191
2952
8703
6049
9044
1512
45353
8677
1227
7912
7160
4614
9988
6312
1036
8353
4105
3202
9135
3953
9881
1630
1984
34261
6941
2230
1884
2700
9838
7301
901
5872
70
5949
4979
20330
11031
4067
3909
757
905
2136
3552
9982
2162
2658
8528
563
2157
4613
37058
4560
35398
2169
2823
4196
2297
3226
6281
4467
6219
26545
2955
6012
6632
9618
13989
3568
4827
20
6537
8614
46226
37570
15143
48391
2235
5458
6860
40782
2908
7481
34275
25967
6336
9792
1326
3517
8855
8508
9458
3742
11934
42605
3606
861
1582
4768
7601
3296
47470
7368
8403
3527
4411
7655
4807
57
5494
5949
9327
5878
6223
809
1683
420
42497
7071
7770
44767
3767
11474
6925
9080
8256
6709
4386
7259
34913
6570
6593
15872
4680
1989
5580
4178
4978
3466
49854
4228
5897
3592
6766
6573
13294
2863
4785
70
2940
4222
22168
26978
9856
1436
41894
3319
6604
5499
2389
7474
6772
5405
3484
6660
1153
7
6671
544
13220
1965
7802
6005
1015
6442
42977
8529
7889
3520
34421
45714
3117
45622
9309
42803
283
8354
347
6290
1857
7532
3204
3524
2428
5067
3811
3371
6260
3485
8351
16358
4092
4404
3363
6853
5318
29147
9227
46503
9783
38612
7232
19171
24729
33782
6169
81
37144
39380
23088
21856
8889
3178
4927
3288
2255
690
7403
6436
37575
7071
39517
5452
5299
10953
5535
1715
7846
6397
9939
10712
5469
17818
3462
6929
4395
36128
3189
2651
7484
7489
5045
4712
4286
6998
5252
9441
1924
2894
5266
46340
1263
7379
1370
3873
4561
4406
3249
1575
9067
27003
7563
4279
29919
9125
3166
1779
8702
7268
3811
1359
19285
4598
31307
7462
8110
2337
3816
711
13649
4983
12704
7755
8804
7219
882
4271
8451
1629
3222
9579
5007
1538
12632
18988
36145
5088
17214
2349
1040
6658
4779
9836
814
3214
4209
2670
1681
763
17979
8748
1855
44949
13366
8592
524
5820
934
6218
33132
867
3299
3810
1878
6648
1152
4828
23627
5187
3072
23746
9175
9390
44511
4809
5883
6431
46314
9307
6508
5621
7291
23821
2742
8279
9939
7158
2008
3903
26013
31117
7170
1286
2720
143
5156
10975
23583
5849
22839
1018
7252
545
7340
1705
3141
2338
9527
3398
5391
44066
5350
6904
5006
4100
7892
5208
35980
40346
5712
42185
9442
19618
19928
36143
39287
5587
7704
4405
8841
6431
22242
7589
1698
891
5298
676
34790
7722
22587
5601
5749
1850
1938
5166
4417
21760
3431
4645
27
8583
3489
287
6026
1183
756
209
8088
108
37
5377
49872
4458
13997
7815
7496
2800
1826
2911
4184
20950
33618
1648
5922
170
35832
6231
6427
7190
8984
6560
9552
8625
2107
9913
6366
8949
9991
9160
4160
7854
9428
49041
30491
3778
9357
24965
23461
4521
8246
604
192
28139
3651
689
18048
7172
1865
404
6989
4169
28167
5418
6831
3752
8958
924
5960
6658
3148
47518
3829
8905
11890
2493
8599
4626
6921
6290
6110
594
7291
5864
72
8440
2439
103
5476
2699
351
25575
8960
9447
6484
22037
3347
5047
806
459
785
2686
8227
15845
22426
6452
48625
46593
578
25352
4203
2799
7820
4034
9637
5603
7499
41512
9682
28778
12094
1165
35895
3262
27737
18926
9430
508
9064
5639
9222
20545
335
16587
6252
5613
6717
348
3756
5571
3413
4523
58
8893
1948
7180
5196
1364
27650
30154
24381
1965
2298
8814
7231
8513
32071
6800
36923
4950
27990
9970
14971
3282
3017
2104
5108
259
4762
41368
19191
871
6324
4273
6043
996
45111
2906
4665
4798
6859
9867
14787
2605
8741
17795
26128
2027
753
958
6071
29375
5320
704
3806
43820
6837
6779
8949
4527
3094
14854
5506
27649
7510
30132
37818
63
4293
9891
4927
277
8571
915
34554
8775
9401
4828
1413
9496
37486
4019
548
26499
3283
7028
11181
5423
2628
4822
7111
3566
9503
18659
1937
1847
6030
24068
9213
1204
9492
46455
5750
5614
17811
5799
1864
78
9257
3390
1684
7446
9260
3894
7326
9197
3209
1102
355
8341
4799
2953
6046
6430
4091
6923
11800
9936
20555
1461
6928
5344
5293
23038
6763
2246
8228
2806
7092
238
13645
2194
3734
19467
9173
3236
6134
3022
1419
1105
3008
2116
35714
890
9134
7685
6840
922
7742
7495
5446
7484
1247
18664
10958
456
128
9592
5502
5997
32117
9265
12043
8840
74
2962
32902
1887
2860
724
4323
3109
21457
6877
8054
4562
43016
9157
553
6479
7291
4854
4076
48263
2336
1372
2302
4414
2811
8922
3634
2660
8314
7501
9375
1600
9779
16646
9094
27798
1811
9810
1144
4699
18661
4565
23841
2077
17756
21165
7363
4475
6967
28039
5967
2840
6686
457
7027
8735
8370
6483
570
8781
37336
24328
8389
5801
33367
4437
8376
3389
4871
5001
14673
13016
39720
8932
11038
22008
174
7164
4714
9373
8591
39500
5480
14550
137
31451
9300
7472
2928
9440
5669
1886
9800
4014
5135
8095
6134
47023
3185
7579
4309
6259
5707
13324
3903
2324
43699
1698
9357
6571
9434
3838
29307
3173
2686
5784
21606
7210
9459
8463
25744
1881
3227
5445
8520
1455
29693
5491
4738
185
30375
5570
7924
7875
1721
3334
31801
8882
8846
34333
44650
978
6203
8088
7039
9620
7972
2646
1185
1741
8188
2001
7193
4797
7596
7533
3175
8261
6508
15622
1752
5320
23616
1714
7368
2091
8622
8388
2575
22552
9864
8971
7048
9230
5229
8581
7928
8330
8702
8268
8300
44520
9716
1933
15718
6602
3608
700
12349
8414
3522
299
23181
1180
7360
2204
11356
7144
2728
8539
27031
9083
2836
2785
7356
2948
8530
3198
29659
4309
9157
9104
9384
1937
8834
4518
8681
7740
33361
4426
26
1813
8134
8133
6899
7219
3616
276
6649
2244
511
4815
2524
8151
8400
6375
1429
2069
7577
28851
596
5344
45519
3024
1735
5994
37990
7976
6898
4207
6763
1198
3907
21553
19059
7372
1190
7474
6549
3334
38620
17634
725
29434
4060
7039
5699
219
8168
5323
9913
1400
260
46622
37167
8038
7277
6729
7677
7791
9733
1824
49123
31442
44175
20768
2215
2562
3831
746
2333
5946
9942
8165
6881
8322
4820
3820
4206
3521
5619
9170
3038
2235
5598
9155
7253
6760
9110
8328
6948
4737
2809
7059
4617
3748
498
33250
6893
1166
13200
8621
33010
4092
3597
524
20862
6801
6966
12157
29955
458
5338
3218
8604
9275
7046
1992
48108
5306
6026
6675
1515
112
14750
169
14338
6317
5710
5390
35862
745
9422
1961
1881
4963
513
4992
8269
3282
9732
8429
9347
4034
4499
93
2360
7278
6937
31374
4808
25768
5667
7650
5964
8786
2379
4378
4792
816
6010
41487
8755
8052
1081
3197
9088
7495
7639
8888
9901
7619
9430
13331
2634
7923
1122
242
5922
164
5198
40286
9626
9944
37323
8800
2856
8855
7124
938
7932
4288
7983
1061
8856
3878
27967
1225
7944
1736
35093
4585
1962
261
7409
3445
3136
4775
859
6442
5378
46325
127
27745
1365
17659
5841
2650
7329
4666
6399
2870
9473
36836
145
1674
38945
9148
28835
3216
30705
3750
5840
23462
80
4134
294
44477
5507
9817
9680
585
23969
3998
8028
6245
528
2573
9379
5651
16742
2009
42715
6302
3996
2987
45846
3563
8473
9369
15155
48612
41969
6471
4952
165
8810
8663
1529
2517
3042
1145
4145
9619
25981
9634
7361
7085
7746
1719
5909
4883
1612
2439
28123
8776
3034
7669
5951
5968
7766
4970
9836
1685
3047
24938
9380
8308
6665
9901
49613
1008
8574
7255
4011
5611
1545
16547
6486
4548
5830
5650
5079
2681
9003
33184
39397
3964
2991
4916
45692
6378
5153
7667
5304
20310
461
1505
6384
7799
1081
9495
20312
1411
31111
8355
9211
6302
5262
69
35335
37309
41909
45408
8004
2627
3222
7531
4690
43749
1764
22089
8302
5927
5478
3986
44111
506
5221
6832
42040
1843
2613
4932
1346
2745
8574
9740
6292
4809
7661
18512
196
5851
6974
17120
5364
3396
5135
4762
7903
4562
3880
8149
7332
26553
9399
5503
1726
2189
120
4835
27126
31543
899
3718
6603
6465
7396
4722
27386
3107
5996
3816
9072
46158
5436
43627
4171
612
38237
3074
29157
5803
17431
5094
1404
704
9464
6390
32845
41575
8925
1587
21006
8343
1372
9185
5792
48274
17041
6164
3420
13401
1911
5052
8694
1490
9806
1803
6911
39211
6892
446
12178
7649
4162
7974
44495
6023
5517
9041
1080
4748
7390
2864
49916
5621
597
6236
49797
12082
5062
8760
12983
29252
4997
49310
3747
61
3279
31329
4246
6248
2617
3574
8694
5964
2261
15823
36282
3052
1602
2044
5891
3217
2524
38925
3038
1621
2148
9458
7638
9935
9200
2009
12560
7053
514
2110
34374
9004
5984
7857
5020
6096
13347
5073
5412
8212
5700
48421
2587
4647
7693
8845
6090
12748
871
7891
7870
4791
8042
23019
388
5039
2778
13921
2985
12753
8767
8605
2907
5481
1088
1388
2687
4353
6946
1930
1708
5117
15237
4396
9739
3563
7510
7336
29685
35309
215
6576
8512
46368
6216
9534
6093
5435
9181
42378
8640
27035
3445
4424
4016
5803
1090
8708
6512
8949
6888
1333
7470
20241
13425
20078
24701
40730
769
6259
4353
3365
7718
17946
3495
11585
5147
35202
9256
3345
4824
7721
1153
6898
16272
3848
5589
1087
268
6753
4668
9327
20680
4825
7658
7258
8994
2689
5045
3210
2983
4530
8373
6257
4681
19573
2162
8667
27028
33555
41180
9671
1942
4373
4275
6212
2265
1842
37923
8860
3848
6246
2144
5410
23155
3267
18296
35153
3201
2502
8203
8586
35213
23571
9284
38957
9569
1754
6272
9135
362
3227
1434
7857
5738
4722
6995
16067
2983
4442
2715
7996
17735
2689
4587
3759
7800
6527
4130
7495
45340
8266
1079
453
40523
9612
7434
3134
934
11499
5259
3058
2323
34683
4568
4751
9065
4745
6523
7702
2391
3083
7801
918
3901
452
9624
6488
3351
2626
46983
2908
9455
4348
5388
32395
7871
1148
4547
16343
4577
7027
8103
6274
25221
20958
1814
6162
40406
9118
8311
2396
9596
33635
6416
45878
3700
8807
5661
1979
2392
9210
37894
4500
6399
5886
854
1650
2192
188
314
1588
5895
43734
5324
17082
8733
7086
4810
1174
9877
8495
4320
9482
616
7029
3721
7563
426
6584
4827
3149
3025
9686
8353
5736
5694
704
5612
7435
387
6090
6875
37487
1497
42916
2007
2749
42437
8610
35619
4425
6643
324
2820
2249
5437
9367
8261
3842
9383
7421
27045
6844
9848
9159
32572
25042
5339
3079
6283
4168
47821
6907
3305
440
3000
16665
1553
19537
7682
6386
555
7807
9909
30183
20587
4785
3032
3
9121
3906
45180
3004
1203
6509
21159
5867
6545
3002
9087
1932
3899
8841
9670
4380
5665
9807
9592
76
2548
4859
9398
5978
16395
44664
9810
1478
9083
2758
6469
18470
13371
4133
6539
6872
8956
7696
27008
632
11764
12829
8758
2194
6201
6136
9968
2799
9504
834
19605
2907
9850
7025
5882
8817
272
8193
41424
8908
8604
3721
7525
3834
7689
3306
31739
46843
6090
5670
41198
6153
6711
9162
5388
49379
19574
28568
9074
6026
46413
1430
84
26930
47461
44672
38521
1180
9198
5872
2312
6704
7538
2935
1723
7989
3778
2865
3725
5757
5104
8244
9254
24383
9430
1405
6922
7498
8500
3914
6637
8306
12088
2360
6721
5596
14232
9645
8160
25829
9001
12235
8243
1478
6653
9416
29021
3897
7971
3166
20714
788
1681
27234
48844
1419
9503
6318
1204
4648
240
2526
5931
33877
2384
14180
20293
5529
3611
9992
39404
9665
1249
6732
41023
2505
2481
5149
36149
9892
7123
41209
769
46601
7572
349
6369
6737
2287
7430
3168
1484
2214
8051
3926
1439
5192
1179
2064
3967
8607
9735
9217
5528
9537
9108
194
11854
1290
3458
25951
5455
39974
99
3045
724
2552
31910
3903
4619
5643
35616
4444
6494
756
6110
2520
2035
2885
3310
5141
37687
9259
4172
28
46559
7116
16822
8451
8192
3484
6656
26434
2897
1940
5874
836
6670
3049
9078
17720
17391
5875
4611
5994
36971
4132
1761
7433
1382
406
7504
9343
2849
10755
1746
5994
201
7813
23725
38055
14995
2866
5637
37402
9117
6181
6730
2658
1489
1893
9236
1092
523
158
5238
4914
1951
8816
12754
5412
3254
8230
16776
5583
32409
4506
9472
102
7377
5236
6388
9749
5527
9471
4603
6852
2313
8638
4294
6302
37435
2779
45950
35290
8077
3302
6650
1922
378
7202
9972
7443
47892
5881
5242
40553
784
3205
3719
21846
8947
6370
6657
8775
5719
9311
6760
8861
7637
8200
8955
8347
8334
5722
44981
3268
9103
9695
2287
862
42417
6528
8157
3446
23492
8238
1904
4882
20358
21180
3932
16635
4675
6106
28172
4886
2653
4293
4420
2273
5629
34437
5565
32525
3118
47863
4737
14564
1287
6610
8460
159
6181
6946
5031
7004
15381
8287
6954
5511
22090
9748
6360
3283
3302
5285
975
2855
3937
4112
46095
19313
3736
13404
6522
16908
33607
37469
18644
85
4142
3548
28838
2447
8583
32476
4043
4263
9792
4709
2661
3299
34808
19957
6312
32774
6957
9938
284
8009
8821
3143
42169
34126
44762
9619
6133
9172
1250
4079
5255
32466
1745
8543
5386
2463
4666
3409
43014
2094
8153
5268
3329
1373
2543
3819
49742
5566
776
1118
602
9698
1562
7860
28581
1126
33202
1579
1363
46212
7277
6661
5173
45239
9827
20876
54
1802
2432
7682
1348
4153
9837
8776
31609
6914
8252
3253
7978
3942
7068
17078
10687
2225
1535
9497
1862
3285
7614
3376
45198
7066
26291
7627
4576
33498
18975
5247
1103
5297
9939
6505
2361
6606
4391
32653
47404
9352
3536
30584
10378
8990
41814
2375
2669
5133
4428
6246
4426
7585
10035
26904
5714
17594
907
3139
8098
9015
6063
1806
9277
8855
14157
486
9448
8582
5827
4309
28775
4837
3463
6502
1230
259
6651
2842
34337
7597
4157
4865
1819
5369
3773
14581
8276
2685
44610
42007
1145
599
2442
6738
7968
3979
544
33454
491
6250
6614
2046
4424
26388
7362
47338
3867
1113
1351
30448
112
8017
45637
8472
44935
9514
48596
47485
108
7468
30100
1470
383
6191
24474
34954
1561
868
8155
9503
3006
9044
4269
34738
7785
2227
530
9835
14053
872
2886
9179
1967
48288
314
4415
1251
6072
33952
7405
7978
8254
4688
5470
41511
3899
9499
6419
7455
9160
26883
8308
18930
3286
7068
6831
7454
45322
1103
1252
14429
3139
10262
5523
2271
6970
21114
2287
2166
6620
3937
8191
2763
49417
9943
3446
49615
8336
7087
49680
2381
13420
3277
3032
3640
8769
6721
3484
8601
4347
7845
264
5501
8220
4276
1905
3575
5715
8676
1341
8661
510
35374
1158
33897
1077
8581
97
2237
33010
9713
3036
4017
8894
33439
2096
15004
1993
762
29664
38358
2600
46249
5505
5333
7732
28172
3012
2605
20030
11943
2553
5950
14450
5729
4365
2789
145
8849
26318
1151
9925
8282
13683
6234
7348
6357
6575
2347
4437
1114
4161
6064
5632
5118
2755
2162
7940
9757
5027
41662
991
352
4138
28390
6173
8029
1001
22393
3178
127
4115
27012
45198
37413
4100
8659
17564
1897
2861
5433
6240
8456
8142
20089
9025
64
6601
40584
4613
4102
855
3156
6162
4295
3037
8962
1802
1533
43992
725
14350
1661
9970
24071
1689
16352
2384
47775
9914
5956
4667
3430
14015
3171
9188
313
32692
1106
17906
5532
25077
4495
1724
8133
1095
9917
17888
33879
3710
31442
1272
1816
3400
36453
3225
605
5757
6971
2883
6344
9894
9311
2131
18560
8781
7349
3588
29211
7600
12353
1167
6745
9705
799
2034
1939
35670
650
2883
6829
14193
2163
42563
1419
9808
6189
6524
4556
4910
887
1881
4831
325
26595
805
3497
813
6520
8853
5128
4173
48136
4780
3015
44334
4142
7456
2769
4645
3929
5370
31440
3101
3574
500
2128
8834
3135
3975
5940
4686
6959
38526
6511
1319
26411
5247
6025
1093
39239
7878
35213
919
4073
12363
6643
2999
28910
9853
33847
16699
21007
31317
6336
1252
8695
5698
9114
8997
4022
29794
39448
7090
4611
2122
260
1503
32000
44993
8594
730
4290
8695
5001
1696
9203
4615
36008
32255
8328
38995
1615
188
5506
5684
2610
4705
11202
3750
24364
1812
31217
8234
4526
7510
5057
8391
9359
4912
3545
8094
4181
43736
6050
8573
3596
9603
1870
36795
4163
1192
3026
8670
48383
4977
8620
36810
28168
2248
8752
19072
1684
3450
6662
548
4270
6212
838
4408
3278
2811
7432
8071
45755
6885
9237
33614
129
45400
3933
4404
41270
8643
6835
9851
7380
5175
6162
7167
9076
5799
4799
24200
4506
24978
9275
46877
9122
6089
16784
7707
3955
7144
27002
3604
2665
44660
2706
616
7824
3497
16206
6497
5389
2467
39039
5622
5459
7586
1314
9444
20262
7274
2869
1507
408
21966
8410
13799
2693
6217
9120
17182
38548
3293
7815
49564
13477
4603
8770
2992
4817
31812
1475
9639
47373
9035
803
25756
3540
38288
2480
575
4304
181
4395
4179
27265
16771
5158
2863
3634
6597
6623
4326
9321
7335
9037
4088
4025
5751
5121
2622
42071
9001
3206
30431
558
8993
5143
8343
7089
3309
5332
5412
9541
1586
44188
1607
9491
4330
583
31452
393
612
6789
7827
11642
17635
8095
4864
2973
4551
5546
44177
2638
7245
6789
437
2692
29349
2944
7540
832
4302
17819
36950
4512
5743
932
1133
7693
8275
47765
2118
8870
3451
6990
8934
9178
14670
3750
8500
34595
8191
46802
2567
3262
5536
5611
9524
4926
4317
6775
703
5862
7626
1999
4680
31017
6561
572
1831
8747
19365
9387
7249
36563
3931
7803
3186
5185
1759
2663
1358
2125
6324
5134
2352
49871
6489
7745
7032
6975
9660
43559
4178
8120
4894
9068
2958
3063
4276
3042
2705
6789
1368
43535
4690
7435
7985
2355
8288
6156
11197
631
4716
3410
16266
31533
21979
2611
8852
385
900
7686
7345
5161
5458
4453
4122
1388
6691
93
138
7351
6570
5615
4119
5413
9204
977
9228
2394
2924
6321
1936
4887
6537
1278
2959
289
7548
8473
7777
6210
789
326
9445
5745
4579
3342
3045
5752
1840
6139
4970
6784
896
1879
220
41041
4846
4349
6350
133
1957
8379
15942
5857
1778
3651
6656
4335
9070
14808
5438
8296
805
5207
4874
10882
48764
2409
8116
5965
45681
7382
7812
10000
9563
3032
1052
33421
49645
4413
7255
3641
2975
8923
42491
34844
7100
8369
6345
8697
9267
8538
5788
36804
9440
3993
8092
7855
6459
4626
2732
887
5538
8641
5990
1169
76
12140
5873
48931
4422
1937
845
2767
9907
8242
5056
16062
13085
13960
275
3453
8016
6054
7995
9447
9044
551
7656
22374
5472
7775
2380
8242
35349
8480
23614
610
6753
3785
6841
16692
16536
41590
7451
3315
17567
43699
5084
2279
5478
4435
5790
8524
8052
38774
2729
3855
8842
3134
9925
46618
9005
9330
6792
44332
7513
10864
24007
1292
26814
2696
9894
5604
7135
7927
36061
1461
7729
44879
786
7743
34488
1058
2245
30410
4583
3352
4230
22529
4322
6481
5811
46207
775
2684
1504
2664
20671
6664
8373
7441
46989
3496
2911
4359
7380
20402
1747
6110
2874
3993
2434
1076
7369
6973
31799
1397
6657
2948
2000
2748
14596
4829
8941
11137
4610
3883
7094
4604
8560
7014
6312
3889
3619
5580
7171
5445
899
8114
8177
2663
5430
9919
40768
36889
9425
3317
5490
2618
9658
5797
36768
12277
8142
2761
6604
1593
16850
1252
1119
7500
5020
2698
19612
31524
1162
3724
16672
7184
1502
9151
9098
6139
36480
8149
6305
1121
3399
4762
6606
525
3660
4747
4476
2329
40940
10518
6715
8632
9833
38164
19276
7009
4087
7017
8271
7869
1509
9433
194
6660
23543
4307
8884
4190
5684
39240
30281
6861
5666
9244
7694
8029
2391
2994
3328
2338
18241
1247
9703
3817
4235
26408
12824
4958
23926
5156
6210
5079
8889
8182
4639
6153
9237
1095
33470
2798
6140
3339
6980
34059
7364
9118
4287
4870
2019
2322
8268
1721
9586
12958
9658
722
27377
7156
9373
6511
7959
6858
46678
9516
45859
7963
5638
11761
5467
33299
9286
9791
9981
9490
26959
6779
8693
7158
17633
1978
9329
43235
5503
8587
1835
18628
8093
12268
8164
5350
3058
3735
2275
4385
909
425
23507
7301
13141
1143
18364
2587
3548
2333
7858
7533
46271
6779
6277
9731
5919
4284
7999
38467
9941
8317
37288
21809
3206
1473
8310
5803
7487
5795
9492
7823
21796
7910
9611
6431
16821
41734
9447
9640
6044
8236
9361
4857
5169
919
3010
8951
5002
2407
41942
36812
3935
6167
2301
3340
1240
1815
18284
337
17619
5892
8230
5889
8490
4502
9167
7174
29942
2865
1704
27447
9855
2442
7213
2388
506
2105
4279
4671
660
19039
9156
37949
1405
6613
31925
9151
2113
12530
48930
7488
5339
6342
1786
955
1189
4709
3004
1770
3057
1180
5452
2055
2511
8921
49356
1246
1482
8107
7193
8691
3935
531
3806
643
16208
8169
1438
7318
6795
3168
5569
7892
3199
48934
4802
38875
9973
3491
303
8023
3811
21305
4718
3892
8664
40950
9011
2493
132
5760
156
8431
6994
3932
9818
5050
18
7148
3016
1674
105
1767
8943
6108
2205
7075
2438
5499
3836
2637
28727
6847
8448
2316
4438
6961
8899
15738
8085
18370
3070
4227
14521
7359
2935
5716
47023
44967
3533
7516
7168
7972
7167
7587
1898
2571
12340
7353
8460
7745
6876
8972
8587
466
4822
4074
44539
5006
16066
32826
1838
3654
28714
39830
33728
47454
996
5664
2236
1283
7143
1484
8451
4398
6408
5971
4835
6248
3014
8449
8041
3924
4868
4254
9412
36440
913
597
11000
7909
5797
3373
9820
9080
2308
8447
6994
6500
25446
9365
7378
37643
9483
5395
20109
5407
1805
3437
1194
29940
6222
16841
2210
4470
47
1929
23553
8930
1903
727
39448
7506
5502
4917
7050
48494
2356
6687
8783
722
8337
155
1974
3180
19816
8338
9493
312
7667
9176
3490
7422
70
5003
1464
7462
46659
13
7986
7884
7230
6113
5400
9056
13424
6304
4021
4089
24692
5706
2466
3970
4484
5778
46060
2735
5542
993
40636
25802
34528
7156
3952
7386
3648
8248
2456
14783
5899
9546
27308
1574
2788
5609
9628
8115
9721
1516
4003
5350
2938
33007
5744
3339
6254
5549
2665
931
7472
6522
8542
22179
4931
25118
5744
9063
9870
521
4884
5337
7346
7027
7952
9702
8916
1158
9685
43228
2006
5141
799
2705
43303
8313
38037
6686
1060
4529
6537
8368
36700
3565
9654
202
1298
36770
9164
32925
4369
3285
1786
6882
3187
12474
47078
3872
2068
6365
9388
13351
6701
1781
7577
2368
1286
1522
1432
5484
6492
9183
3992
29292
4621
3725
43179
3885
5331
6394
6941
6125
7140
1321
14838
9082
43045
2711
4473
9621
23015
3876
2756
7752
5928
8567
7990
8755
41608
4880
5507
1025
7007
46180
3973
869
19319
1746
1903
9641
47903
2745
9932
7233
4907
4691
41
6587
9667
2519
9877
3697
1654
5509
21092
31677
1115
21329
8790
9983
8468
9706
3898
9472
17451
9360
7197
6325
4564
36946
6163
8967
9282
2790
43298
3067
45921
2527
33299
3255
1279
44093
7696
2978
2218
3708
7068
49234
5340
7884
14018
479
7048
8917
8477
6702
4587
1654
9974
6082
2372
8078
45443
5801
6187
18837
1388
65
2407
5319
44848
7111
2341
44438
7240
3721
2737
7702
1536
11712
21732
4987
407
19574
8514
4705
5063
3212
7317
2536
8123
3355
20783
2906
732
5432
4010
3109
1753
831
7792
921
2034
945
380
28471
39720
5312
8248
5172
33325
2238
7152
35231
9102
4291
23122
3656
7355
6837
2867
2081
6285
8170
6131
2124
110
1390
7186
2744
495
8764
7346
4300
24639
1680
966
1484
16195
3457
4599
4537
19170
1789
1976
4500
7923
35466
19997
5673
7956
3226
785
32555
2186
7405
3226
9204
4410
5855
402
32255
125
3278
2352
41353
14728
12733
8104
8467
4334
22755
43998
2976
5323
7904
9468
8408
39003
4116
9903
5156
7009
4358
4167
5802
2531
45352
46182
60
6272
2063
2846
15646
635
178
4786
2014
17941
2422
45947
1844
4617
7709
12170
7014
4448
3425
300
1277
1866
4143
42444
9116
5828
6335
16359
4807
7061
23835
112
2999
18164
6192
4940
6490
4944
6217
4982
7096
1917
28469
8927
25581
28430
9226
46236
2659
1357
9445
6438
8405
29175
2596
38691
6369
5247
15560
4383
5891
1657
3703
382
8277
7580
7712
9629
20386
5386
24250
22364
2515
8131
8086
767
6589
3421
5149
644
4567
15146
225
6282
4868
2031
6624
7526
2139
2337
6390
1473
23
27912
1694
698
9087
2284
8012
7009
9883
2816
5033
9461
43203
3593
16658
9429
8939
4216
3598
38348
5359
9440
6253
2342
46023
6003
7749
2110
7013
6176
9858
7320
20856
1432
8725
2463
9947
789
29567
26682
4329
29931
8401
1448
30197
427
2563
48291
8946
9693
9131
3045
2811
37183
23049
6644
28612
6651
45919
33152
2430
490
7308
7377
2268
38466
3212
7324
6801
782
774
3599
1470
2720
458
2981
8217
5677
6619
3150
24069
6397
5729
5264
1413
8560
7398
8120
2469
16889
465
2187
4507
5753
3904
1681
908
1734
2174
7658
2202
5308
24985
2658
32183
7088
4381
9750
1252
3382
8227
18605
2338
5521
2913
35761
9545
3404
8112
31963
26794
3996
1266
38930
9665
2281
1214
27617
100
6987
711
6669
4132
10892
24948
3318
4770
11784
5548
6368
9243
7467
6802
6795
2496
20289
34058
41319
25164
8502
6918
6087
4575
3122
5097
31276
9934
28826
2429
2963
2496
8770
7986
2190
7730
9323
48818
4627
2977
1619
2721
2478
6445
1844
1149
9112
5947
918
147
4374
1803
1221
8452
1606
9871
6453
1995
4394
7082
9374
10256
34417
8992
1177
5051
7096
6283
8521
4005
40777
9859
8168
1723
8526
1238
1804
6853
15781
5705
1578
6613
4681
20120
9252
6465
2270
8039
5898
7074
16489
18765
7674
5016
48113
11174
9350
7248
2424
8945
7184
9822
6123
32556
1271
6094
744
1217
43885
6745
6656
10915
31361
1733
3089
2928
1674
6488
2865
5784
2515
11460
32546
27308
9631
2378
5034
8170
9721
1254
771
826
8521
6090
4680
2755
32782
347
2310
45790
7557
5526
5197
1983
6150
41462
18425
5299
44219
3493
781
6889
5913
1941
12538
30770
636
13191
552
3166
7771
13997
6959
3634
5110
21620
418
8028
41649
5723
9662
2121
3781
541
6356
2288
1020
8015
33324
7412
3448
7791
5776
9683
7190
16935
699
6229
44561
27109
7383
38052
5962
15101
9126
6580
40690
4302
9887
2200
8768
7751
2497
8076
5599
5731
1126
23700
8940
5379
7874
6685
4168
3597
796
7805
2070
6829
7463
38253
5941
1892
9577
40821
1397
20346
49468
9078
7182
5121
2078
2900
5415
10453
15524
6320
24427
42698
5300
3045
8923
1263
7594
21394
30026
914
166
4541
3333
7568
43589
14710
3432
9987
457
9130
6404
9613
6817
1241
5534
6824
8681
36222
1773
4273
3318
1073
4227
4348
23318
4255
1311
2209
6667
7899
8342
18201
8574
4870
42849
2483
2136
8990
15812
23894
6009
8346
41350
1053
2959
2189
2702
3762
5994
2694
34233
17214
6657
5463
8662
3169
6249
4682
19183
1838
1603
4515
125
734
3749
9479
9782
6707
3319
36042
72
6344
6666
48905
8104
1092
3609
9518
24790
6461
35583
2435
6364
48461
7146
37514
8691
3945
7063
237
4443
1660
981
22551
7034
1035
2040
1695
5532
1057
7932
6746
5242
1656
3744
14151
6717
764
812
8948
9342
1666
8248
1654
8496
6099
2690
34558
5763
6064
42215
388
7781
4626
8373
207
9165
24238
6631
4897
248
936
9027
4318
9343
7486
8995
7025
9207
7411
19816
8752
49763
1829
6485
47778
29750
29723
4619
16
4557
2419
3191
7166
5941
718
3023
2995
3398
9861
18304
3205
2089
1386
1313
2804
30794
3521
7408
26578
6304
8886
2445
2671
9218
5713
5390
7980
3899
2320
7739
611
217
6405
20762
2254
4206
7775
16306
31207
2753
3797
1781
14154
7831
9756
37109
629
10175
37913
7217
17595
9622
3122
7247
4815
8929
3264
1647
397
5022
458
4943
37848
5595
5780
5815
2200
47347
5845
9873
228
9991
6434
342
139
1713
18748
3665
6870
2589
953
800
3009
9388
7948
2119
475
7246
5875
8670
3411
20886
49620
46868
9333
9732
1933
4803
1020
8366
1450
22513
7664
45045
7356
4994
9349
6697
1946
19943
3074
5784
3138
8210
5478
9691
47936
1101
7301
7283
5581
10751
739
3734
33050
6323
30645
6723
4032
5165
3642
8568
4153
9270
5306
35005
19117
30505
10371
8709
6282
5607
8736
1803
8892
33394
5435
1706
9702
29579
9620
11100
11563
2992
43020
28
3085
14600
6552
8302
7722
1831
31429
1847
1698
42822
36903
27672
7730
3455
8081
9766
4548
17699
2526
636
5680
6045
9109
44625
8073
8420
9706
3300
4649
246
844
6200
6921
1961
30278
2961
9074
6534
7593
5643
3002
9235
35648
7362
1767
4542
8654
3705
4348
43547
7623
5027
2038
7412
4725
1299
2601
1718
7712
4647
9288
2643
873
1212
8990
7932
3965
4935
4815
4030
23993
11289
1836
4529
6785
7746
7162
3450
24910
28198
5942
41312
656
9631
6686
5450
7106
9210
8220
5101
3145
1551
48616
7975
4173
6416
6488
3308
5759
6704
30885
4301
1029
4695
8419
42584
43542
1539
1693
7320
3966
1986
4789
47215
13347
42667
8997
16839
3398
5308
12038
24027
3849
9574
627
2051
44831
9360
117
1143
5725
1283
3481
13403
7434
6848
36348
7097
308
22831
49120
1192
9852
14090
6974
22097
44965
45196
9821
8355
5643
4990
5385
6834
4560
3302
9034
9432
3132
3812
2430
9784
3002
153
42900
4362
26084
16576
8970
40274
9638
6850
13121
9643
713
6112
48593
6813
8799
44934
2575
6953
1935
7258
6082
34348
5256
7226
5853
6594
4794
28664
3999
415
19604
4796
17518
5184
1167
9585
8545
368
8545
7457
17952
8421
2711
38865
1225
3419
1247
98
9014
20587
184
1385
898
27284
8275
2377
25048
25783
4149
2215
30831
8047
197
5112
29786
1165
9702
48445
2322
900
25620
2104
5665
600
3594
9258
3520
7822
5363
29643
6773
5753
6712
17629
1326
8582
4086
38443
7949
8956
6111
5320
4332
6573
7816
36708
47
6756
38285
7324
48662
9847
9962
5131
9692
6108
7684
4936
10934
40146
20578
49169
1768
44521
8618
925
3384
9937
6957
4052
3533
39161
3207
11591
24974
2895
43086
6695
8462
5920
1247
6916
24481
4544
6369
4111
8400
3136
1554
690
2354
3834
5918
4891
9231
7226
9944
4634
9008
33350
4655
12202
37307
4228
2171
5841
2112
6903
16582
1806
7457
39286
35190
4265
9989
5150
2207
7332
5749
7358
3042
548
2040
3421
3388
3209
2212
2039
2927
9332
41366
1692
37237
21
37330
6890
8187
11155
7989
10366
8751
1746
8847
5779
2084
5762
336
34699
1211
37931
26501
3309
3278
22756
5548
9295
36220
5358
2787
4778
2963
552
32990
1207
4819
926
9969
7320
17772
29455
9302
42258
9088
180
19257
9460
4927
392
6846
8793
11185
1162
356
10113
9676
8438
15169
6945
8127
8620
4990
6480
5972
19310
7402
3916
7531
5726
9939
7419
8552
5344
8112
3870
8801
1525
20389
11493
4059
3879
18740
8267
10399
49924
27658
38529
59
9727
636
585
1879
8605
963
7415
3609
13686
16646
43792
579
4848
6311
3229
5769
5247
362
1958
2521
19279
3102
1660
23623
3795
9058
1275
18442
3426
6898
4334
2923
4482
7806
11479
5597
16453
2440
5601
1196
7664
983
16779
9355
5398
9347
3631
7111
1867
4975
5831
1257
21861
5595
4784
2696
1339
8310
3157
2532
2248
6274
3025
9871
18631
36498
12167
9629
40471
48002
7699
9036
3489
4835
4366
5794
17855
1105
9251
8070
5284
5582
41593
42488
1891
13963
2816
6364
6638
785
5532
4664
21076
7715
36969
1472
9396
46332
38699
3365
3574
5084
6398
8974
4306
9142
3050
21141
5991
7045
1381
8505
26004
7086
43862
5100
2527
39575
23370
26616
17700
6849
30542
2485
2547
511
5313
10514
7016
1166
6879
7889
3578
9617
4860
9574
3743
7429
1807
3524
10717
6164
2256
5234
3416
8612
6299
9514
18744
19351
24792
7174
1251
12336
5761
6145
6533
5624
2130
2125
4565
9016
1929
4042
4019
3718
16967
9679
7487
8668
2772
625
5818
6715
6003
6278
4917
29465
2659
6786
3720
1105
8588
63
6297
18268
6859
1420
35528
5045
1750
9578
42070
1075
5377
46975
4878
5386
1808
9310
9300
27931
8790
2247
4615
6592
960
24891
27395
34690
9999
17757
8244
4475
1077
1057
9573
8777
7395
5550
5811
5873
34895
2021
3877
3656
4785
20758
14432
1013
35061
6359
5690
47278
4741
21274
3947
35735
7143
3111
5509
12207
8250
7487
20063
6498
1255
7202
4332
1161
1772
7055
1106
135
45335
38006
66
38250
1540
2727
24279
1020
3363
11332
6118
4784
4932
6670
7047
437
608
5358
9458
35175
2766
37451
1437
29153
5878
545
6280
21927
1440
2197
9198
45904
5180
638
1443
255
4475
7970
6435
6877
7134
16421
1701
9633
36033
9241
23773
121
3156
3020
8732
3673
38473
9922
1570
43439
9933
8518
44927
11115
4155
2397
2329
27616
8674
222
13656
45
646
283
6536
15053
283
5820
12155
7575
8662
5349
8754
876
41702
7742
41012
45059
501
9265
5252
34088
2065
31676
1045
5881
49313
8780
577
21357
40744
4908
5074
6060
5049
4913
8225
5932
8754
8374
4500
6554
3941
4971
3688
6462
10840
3152
6168
6795
2708
1715
7441
13021
8884
8640
3104
8979
1245
3755
192
3598
29891
9251
2142
5865
9711
10293
9991
4753
25490
5858
7969
1041
9667
7852
29532
9584
5636
25928
3614
6569
24830
12912
5664
1732
2886
6083
4268
7617
1644
8190
5136
8369
2347
6056
4354
8116
48153
23369
3214
23086
29201
47475
3065
21894
3629
46369
7189
705
20973
78
19773
8501
9918
94
47849
9083
39779
2290
6040
5952
1163
1477
15656
6118
508
23386
3629
8216
896
2030
5376
49699
174
36529
4703
9086
5036
2355
6411
327
3281
7337
8985
13889
47544
23086
3479
1437
9519
2319
3895
5056
3345
254
5770
33858
4136
46596
8244
9580
5284
36260
1771
8213
3528
8975
8409
983
8639
18397
8137
2258
9446
2450
43419
3600
4170
7894
8527
1009
4552
1654
3403
6953
3500
6600
26502
19049
8336
5623
7016
2060
1514
6898
2437
1639
6140
36803
2090
2396
31188
2603
33622
5690
48886
13847
34068
2587
2997
7147
4552
3075
6937
4602
9414
2820
22027
5248
7522
1822
4901
2930
4884
13971
6802
6079
25050
40744
9670
6492
4135
2741
2498
7107
2068
3803
6688
2912
1940
5664
12679
3454
388
8343
6982
1870
2844
9774
8436
23058
21090
25677
8387
4306
8468
9211
38505
33613
11700
37491
4438
8222
12072
36034
9853
4396
822
5496
6519
4449
8247
5181
8778
2567
3420
43405
6616
1680
6487
5770
1928
2277
7085
5944
3924
5342
9027
3306
996
7332
1476
408
7723
35539
4057
37803
3769
8703
47794
513
4990
4496
8794
2350
13798
10976
8666
2981
8687
5323
7425
8473
11821
4441
6266
9857
7695
6459
34555
31851
622
4481
2183
5959
16190
1574
789
46887
5742
1020
9272
4425
7356
9664
355
7028
787
6621
6843
5973
7281
4159
4112
40558
49655
9455
18192
1985
9327
2603
4751
31415
6005
3249
6264
32517
9046
31652
390
5947
5928
9375
1080
2783
6093
3451
8308
10493
1526
1750
45000
56
4178
3639
5473
6493
9982
4560
7912
7183
45937
22512
22852
1407
2473
4019
3167
1355
345
38789
37537
1436
2647
8295
45132
4052
32590
6700
9359
8504
42001
37191
688
5895
1616
6177
519
13145
7040
294
259
40453
9078
4636
10238
20657
48840
34401
3771
40041
20526
6536
8163
3938
7109
3237
22832
1764
9829
1185
362
45088
6569
7891
26705
1539
5605
6954
1705
309
1556
353
3148
177
6170
742
4767
1641
4507
3157
13484
8667
6174
49939
5031
105
2258
9552
3584
1227
17662
4763
6962
3512
17821
6945
8289
6915
8799
43779
170
6418
5354
4835
5571
5107
36887
32964
4072
4786
3991
49802
4278
39887
6940
6178
14936
232
9367
2485
7272
4933
1759
39657
4057
31567
7804
9203
1315
9983
5551
5956
3709
42
8038
44259
5683
9319
7258
343
26377
7619
2818
34038
9693
6539
1425
4686
2324
49
9510
4587
3661
2384
570
7184
7134
7142
47351
808
3772
4208
7967
30667
9576
39293
9094
6831
305
6955
5742
9846
544
5738
4002
3817
5789
4398
6803
7054
91
450
3111
1900
33060
41784
5363
1472
3240
1066
25608
19009
4790
32594
22634
1108
4502
17724
17946
34581
7240
1828
4287
16372
4300
1047
18758
46293
6663
3718
9255
9550
4694
42750
1499
19482
44091
1810
3854
24013
3664
2954
5496
5845
49569
6782
39062
12520
7670
5924
19329
20554
1714
22862
3437
9903
4636
9375
8929
37696
3592
41344
6268
2955
9722
8181
3937
7979
7380
8263
36810
14240
49498
5964
7927
19094
5743
6634
7546
9872
1428
5411
9420
9735
310
12811
12184
7676
13983
9517
7303
8197
7896
3944
2445
15269
8570
9720
9155
3879
4596
8
6742
1993
1123
5856
2593
1704
6401
9055
32974
1240
551
41821
2773
8994
9323
977
4958
5392
9439
5339
5775
6250
2849
1615
49257
6219
8581
9198
14557
6974
7092
11208
1218
6019
41029
8168
6833
9527
8634
6972
4038
6340
18716
49445
4368
41213
19258
2571
7509
8416
5493
44090
3619
9481
2168
707
3819
3321
22363
7850
4140
9946
33716
5449
4151
8226
6118
5103
36477
103
1782
7220
705
752
5652
5884
7112
3127
505
9243
7054
30929
3248
1989
6680
5745
8367
2746
4483
1427
8334
7634
8017
3106
2402
4723
5877
764
9256
7606
47910
10300
299
7694
7285
7372
6820
5788
2602
6629
4988
5982
1358
23434
9590
4914
5728
7294
3711
2543
6990
5045
4149
542
1804
40050
1781
8956
3483
2207
9567
9268
2586
4703
2894
2861
1094
2399
6338
5213
8574
8752
4448
3570
4663
8625
355
4096
5932
5302
2192
1421
30391
2115
779
1704
7421
6454
25937
1479
2226
1056
7148
13087
19873
30432
1711
2693
38
1282
17034
9693
45175
7648
2894
4549
7411
1828
1933
1170
462
12692
320
15737
1649
1018
5374
44304
7883
4272
7798
30738
37379
4646
448
8997
609
722
6579
6065
8428
4938
1672
9579
7295
27151
1063
5695
6514
4402
8005
613
2247
9403
12266
2108
25
17895
3531
9622
571
8112
37770
21706
3033
8428
8679
6720
1072
8405
6966
1425
39612
2403
1710
170
9317
9770
4129
8840
9074
9032
3975
5906
34798
7260
43667
21625
8192
3862
6313
3036
9894
1895
3097
34747
4303
22634
1187
7657
3583
4519
7248
8617
8886
2523
8681
3122
46680
4466
3526
4754
5205
6716
44684
2905
6553
1562
2167
1656
45948
21841
8189
3801
8882
2398
1280
2308
5425
3953
1556
3309
34821
8749
4928
42788
3856
18772
2495
6226
37432
17205
7549
8255
9738
5018
9616
8370
5101
3345
1774
2687
6862
2360
3390
48941
6367
45232
6149
293
7417
4619
8742
8228
4363
7251
28143
8983
6549
22690
1116
4013
5304
4625
2925
523
5192
7029
8118
4515
4889
29554
3363
4354
5091
1071
36606
5656
47619
6084
8755
40856
4192
7100
4226
12283
6387
9718
4890
4705
12915
8415
7470
2472
9669
28414
4247
589
35590
3079
6639
1713
6087
6799
2632
5097
26326
4173
5681
8590
9864
9168
2444
9253
6053
749
3285
8181
4180
18028
6978
4323
5575
12555
4593
8922
1004
28058
40169
1082
6299
4271
1055
10826
5388
9405
1332
961
1356
9261
9921
5546
9304
24168
8053
4116
8227
3368
6364
33538
42018
2859
2659
286
119
7781
8787
7774
38492
8067
6891
365
1798
3976
48908
12770
1651
4803
3725
36436
14699
14088
2465
7848
15341
16557
9619
3550
6929
5000
791
6148
26753
6473
35768
3954
8802
38055
951
4814
22282
4606
3779
9695
23127
32209
4538
1076
16
7587
26433
24570
4364
49119
2675
20706
5609
8491
7260
4203
48003
430
7313
9622
4777
29648
37725
14589
2058
35578
1660
8620
2464
49629
11551
5488
685
5294
2520
5950
36089
6076
9929
4554
8746
8601
16702
37923
9925
7882
3496
1560
1036
6705
45415
6765
6183
7242
6983
3278
9351
7443
2401
9584
8064
8914
16390
539
4357
2642
8539
2742
9092
7
1747
5039
3753
3752
6864
5327
7931
1547
4628
527
3053
4187
7751
6524
6813
1015
597
5259
42552
3720
7423
1872
1279
606
7043
9623
7281
5755
1615
1377
11260
3090
8298
14024
7841
9571
544
951
35659
21092
5209
965
6251
4123
30586
2885
4602
6286
33494
5497
6476
49159
3910
6973
2193
2394
45
7056
6948
2608
4348
9255
44566
1233
1163
4380
2588
5781
4879
8321
27568
7056
6407
4196
18440
9166
9729
7055
4929
4191
4136
4933
7891
5084
4983
8198
8051
2491
39481
23
4493
47
13047
25570
8130
4134
5528
6276
770
1211
1701
4130
37669
14375
576
7439
4971
14117
2733
4446
6888
5032
8920
9889
8146
11200
9862
5106
13768
4403
1932
8726
1279
3944
6636
7230
28588
1720
9585
5114
2526
11910
10877
7512
989
4389
41235
31322
6293
2691
31652
3100
21974
6009
37638
1957
3710
4609
1506
206
8693
8474
5609
9566
7362
7692
4017
41996
6947
29695
9361
545
3308
7110
4005
27684
10462
1353
5161
1804
4234
4929
861
6085
6005
1159
7745
625
1061
9551
4793
3387
5535
15908
5862
6921
1175
11861
1903
8689
2444
427
6344
3310
27278
3480
3239
8783
6389
5824
8681
8382
2384
8616
29578
15728
24930
2569
21321
9991
6882
8255
808
20004
134
27557
18818
38074
315
8611
7436
20561
1445
6860
26130
10621
21609
5791
7574
31513
1573
9840
5045
7033
36492
1122
4896
2420
153
26081
2788
9606
631
7569
1181
8916
9814
1954
7120
3097
4024
9065
4591
1146
6859
4248
8345
19628
49451
6435
960
4130
8373
4521
7175
29470
3688
7638
1659
1001
16412
20159
18006
7639
3544
7593
49491
8003
7790
6278
1286
923
5550
2017
5606
28439
6307
4869
6842
7467
6167
296
9187
9857
1736
460
5507
43612
6478
7508
5907
4120
39003
5646
4702
3116
677
1840
3690
4728
4309
4304
2454
7147
3042
42196
7415
2565
4830
35388
3464
39850
31428
1452
32903
7101
184
8270
25540
46091
32709
9707
2795
11637
9850
47328
48750
5337
354
42678
13417
4813
2048
1041
4807
29441
36170
11988
8776
4255
24429
838
3434
26036
25503
640
317
5337
3435
2418
2199
9607
9352
8640
4158
9013
2170
9424
4216
5705
5414
4565
4507
560
1070
4936
7244
8924
9578
9231
9236
1225
4267
4691
9579
1269
1800
8739
5984
1649
6832
3030
47390
8377
49833
194
1963
3121
2954
270
2231
5455
3766
7232
4741
7462
7199
6833
37189
9493
6924
2521
8137
4898
148
6045
1663
5343
9081
9918
5980
694
8160
6274
9020
2787
14602
5170
31297
7425
49197
3181
8005
44855
18260
1133
5855
41093
5506
34013
1208
8698
6680
9631
5159
3818
3436
8177
7137
1441
44415
1469
47166
983
8340
483
7179
17071
4724
41229
7092
9547
2306
6002
2013
1796
1500
5775
40981
372
1745
30116
2781
33587
7713
46711
7380
4367
9126
176
1581
383
778
8315
8649
3039
4821
904
49558
12333
1344
5565
6248
48884
8632
586
6150
6776
1575
5536
11530
5390
29928
44226
5317
2959
5665
7378
9746
42656
2276
2345
1597
34655
2610
40543
716
7448
33275
18577
6633
1534
4025
163
3804
3784
9587
46851
2698
23633
27896
334
8892
6297
8770
2223
39209
2592
1263
1797
6608
35054
1228
9775
957
8807
35515
1430
7878
2593
7110
30987
7503
5429
9806
8338
9430
2569
3187
8723
6603
7486
186
2817
4054
31149
5968
49970
6952
8282
9351
7590
1769
7959
1164
6748
1035
10335
26020
5803
6235
8638
27775
6268
5536
19322
7533
3179
7
46024
4140
8303
8821
566
5841
9252
6957
4288
16437
1608
8564
42765
16494
2220
4530
7355
49305
24570
3228
3496
15395
623
8045
7889
34469
28253
21033
2853
1230
3912
3042
1542
5288
3369
501
5763
439
4360
7390
5132
2292
793
8587
4138
11025
8502
47789
8682
6696
4288
5138
1762
7163
27206
2684
44360
255
13394
7673
21122
692
35091
2726
6299
3097
7716
13939
9225
1047
2632
6364
5690
2271
4438
19935
20198
9939
9767
7805
8566
3831
5771
7220
43020
8218
319
5456
1936
23517
8135
8140
5028
16955
19931
9042
7371
3282
7980
3264
396
6032
3314
1629
28837
4912
2874
27407
3111
8321
5551
4799
341
2715
3868
9956
35333
9178
17744
5223
5078
9098
9993
9022
9141
1741
2288
2220
6081
4857
5023
3078
8290
4998
7814
5039
2639
2352
1592
1198
24361
6813
3308
9078
8514
8627
1984
9507
531
4578
3346
11988
5657
5551
4771
1079
5296
108
27733
8289
9044
9935
8712
801
7497
9020
4143
2822
43527
2414
10343
41169
49240
39529
8067
30943
1328
10493
2965
6350
7789
5758
7524
2043
4673
8985
2377
8513
8568
40075
42162
45440
525
10475
4637
9567
4727
7164
3113
41983
36321
3831
9075
3715
16098
4341
765
216
3899
5708
3797
28231
26245
8879
3791
7384
10485
3544
3035
252
47457
39417
32147
4428
5027
38331
8393
4579
356
4043
6949
15318
202
5666
9310
4018
4001
6730
2880
3709
9941
12943
5330
5953
9455
1588
9241
11820
3381
1333
34639
645
2551
41472
7239
42517
6328
8027
5878
2611
3496
566
44352
29000
6218
7694
3922
262
204
4944
8760
31
47795
6896
3166
8102
35588
5376
19977
7801
23824
5249
5852
1800
8227
393
5337
12250
5882
7671
1905
32352
5491
9414
6629
21753
2736
7718
8414
2055
4701
8558
4677
18330
4608
38750
8820
399
5671
8542
5959
1882
101
6186
1877
8589
1671
5509
8769
8166
8057
4576
7601
753
9211
1367
3087
615
9520
5165
4786
1971
2969
6878
1609
8965
5833
43486
2309
8997
23499
14540
5273
26273
4668
8685
4661
4171
2226
3229
67
16722
5900
49604
2049
4081
9481
24138
3015
6287
24472
8739
36342
2145
1012
784
7492
9714
4504
9421
5940
6871
8044
5629
1808
5840
7596
22095
417
14285
4173
5677
7690
1067
2520
9411
4882
48044
5475
33
7849
9675
1381
24867
3409
40618
557
6390
2462
9993
32703
4904
20936
4193
5010
2123
298
4390
36377
10
7409
3747
409
6503
9739
1840
2964
47274
100
2789
597
5814
6914
3942
5336
4739
9299
18531
9686
1861
4894
7106
3796
9272
7224
3865
31103
7013
9825
8294
6557
448
112
9207
3016
8081
932
5010
47178
4242
689
3114
9592
9891
1344
2570
604
806
1239
3229
9240
907
1105
3890
42755
1655
7910
26828
2705
4237
4567
1011
18229
8923
8178
41676
9451
9292
146
5411
4172
8396
5728
20906
9545
182
4529
2816
3693
12830
25696
1451
13929
9576
4814
952
8520
39081
8620
3947
9918
5222
1216
7942
2207
23583
5207
9484
5007
4193
19219
102
5152
43597
2833
1824
8033
988
3477
1985
9377
4679
2125
15140
5201
1846
30405
18848
92
4824
5438
3254
2682
44056
9792
8014
5493
5579
9885
2806
842
49549
4820
6685
7733
10254
6333
3996
4808
207
7085
644
5812
1526
6730
3791
5097
3898
9176
9256
684
24053
45955
39874
8545
2862
25586
9518
2970
8249
8836
1681
11303
7759
28213
1460
4117
4102
9673
5140
1159
2775
20404
5393
6384
5074
2192
9262
6330
4843
3989
2930
96
8314
2701
5966
5390
8576
2872
8773
48379
8702
8287
7310
9757
6113
7206
701
7922
4919
4861
9026
6749
14882
2537
7908
6543
2124
8552
7085
9402
46844
48235
383
3500
3018
433
71
6350
8636
5486
9146
5545
4967
7810
8142
1220
170
7698
3793
40085
3276
5092
3949
6104
4965
8238
327
3350
444
3315
3132
365
8896
32014
5493
5031
4675
14082
13100
2368
28289
49899
25673
6727
1963
4175
40027
3902
34156
556
7259
684
1562
6333
6701
3359
2320
47033
3814
117
1064
45161
20281
5582
3951
8938
5532
43396
2407
34006
6878
730
3463
6122
559
7431
5686
8925
6282
12125
5617
3187
5627
5584
6720
2945
7937
1267
99
19118
4111
5866
547
9555
5146
13955
1515
1390
8870
4746
3260
7794
40495
7632
5479
30778
47066
6863
350
8275
6660
6620
37763
7210
4419
3168
6412
3863
23671
8849
1840
2935
5233
508
27359
6269
5585
9043
5848
9773
5210
5905
2571
2704
11818
8307
1222
3409
1746
3609
561
7646
2587
5116
2998
5376
4631
236
33218
31339
4978
8386
5134
344
3977
9508
1927
2337
904
785
750
9127
8812
2400
32766
349
48923
4518
7161
5465
2131
34063
4394
216
8235
1994
3168
2244
64
421
7848
6031
3946
7428
257
6748
6282
7582
6800
6639
2797
831
7579
7374
2704
2952
7687
18399
6382
9148
928
4077
751
8718
5619
5649
2851
19607
1624
8127
21412
23655
7463
1587
44550
32957
7023
7967
5987
7849
4877
20775
6760
4309
1621
28349
12970
9032
3605
1666
4643
2169
2589
1146
6917
18316
4454
44517
1527
5668
7613
9825
21671
5199
46878
9596
8528
3948
7386
7914
8240
8085
2063
5995
46
6051
17218
5945
8615
381
3274
3709
3220
9150
10938
68
690
1101
4464
6001
8833
22869
522
49929
3265
3900
5724
8018
39054
1266
6011
2093
12603
46408
16209
5812
41724
8457
7189
6632
7057
5478
9859
2998
9025
25925
23939
7580
6685
2792
1570
1731
3307
34565
3832
4847
9617
3080
4239
7801
4958
2124
8430
3865
8176
5873
8692
2214
7077
7376
5523
815
2537
9237
1575
21369
5845
45536
4711
1739
3099
8553
628
8347
8853
1619
9113
865
2121
37978
5249
121
4160
8401
8853
46515
8079
5322
2055
5652
7150
45253
6697
8142
6590
7624
9593
38180
6739
5848
16619
9533
13417
7560
6546
6168
7700
3412
2455
8053
39771
9527
31375
3646
183
4229
817
11232
29580
7978
5254
41005
4290
7314
548
3574
10616
3485
2806
7783
4960
9432
4979
6319
21369
8314
5376
7285
3636
7652
2515
48018
6942
3260
6892
4783
1149
2884
5114
6571
3198
33905
5008
7914
3773
27450
8014
5023
9630
190
26782
10203
1372
22238
221
8815
9853
2136
5280
9184
2562
3046
8932
8691
5989
3608
3856
2030
26875
9397
7632
4121
5989
5347
9491
5660
7641
2910
34906
23240
4101
14734
8131
30109
374
34549
12243
1981
4300
1470
8864
2726
2312
5358
7030
8604
8485
545
12816
9415
854
289
251
40898
6874
2949
7314
3719
3032
18260
3390
7912
24058
7641
9639
4462
3109
2507
6092
4963
9889
554
2034
3234
4262
3911
18261
5468
3149
3097
9521
2658
8292
1089
6312
6851
12545
9253
796
4891
6611
6329
8150
8274
35973
5073
5357
4278
4726
3048
622
1212
8516
7030
4592
6640
1252
8953
7155
3187
588
8174
26840
9838
1942
1962
5610
8875
3891
20132
17832
9405
97
1909
2148
5303
3235
1052
47032
1110
8878
2615
11960
3664
4053
9706
1661
9891
38202
2147
4692
9761
11300
7914
7423
2213
3036
2230
5498
1095
47376
1426
23173
20278
9128
4913
42739
2756
16693
6932
3164
8990
2247
484
9578
6241
8275
4165
6589
2377
595
147
8865
5409
432
8874
4195
141
3959
2311
3847
4339
3244
7225
4555
3251
6661
5324
8567
4839
1531
9592
8580
2899
3054
23681
36319
42425
17696
8130
7431
1436
17179
2660
47653
5686
21154
9242
5211
3301
6586
8265
7307
5269
2577
5834
3489
18795
9857
3065
3089
3893
4356
3367
3876
925
4866
49273
768
1663
6678
4897
2265
2645
47271
9019
5675
9813
6976
9427
2362
489
8065
37307
43080
32014
4708
8058
6097
4265
6737
8908
18744
7176
1731
1606
28065
38858
828
36
5110
8366
883
6952
35673
12149
4043
3221
9971
9409
6837
9607
1457
9736
2053
30492
5211
14966
7080
3491
4176
2210
5567
6870
6233
33279
3060
6449
7188
2844
9146
5398
3051
6280
186
4171
7727
8131
1295
117
885
2572
2239
5565
784
233
7221
28238
33371
9371
5340
3541
5773
6192
9886
18297
6144
1699
7780
7378
46944
8761
6871
14877
23452
3686
4584
8664
5449
4340
5622
4794
1337
4719
30244
37013
9445
7745
7632
9224
8328
43664
3562
7227
8633
1041
6578
1535
15938
5265
5599
4547
4431
6535
25061
5798
4071
1721
2171
3418
30035
1147
3298
503
5520
23203
1826
5913
3366
7432
5355
7243
334
836
4222
3825
3045
15682
8795
4295
3384
7027
3654
465
4492
4321
5559
15
8245
8613
576
11069
2427
7531
6511
2835
1899
14256
9630
12805
7157
6976
8152
97
28248
9185
2469
38176
4638
7480
2711
4400
3418
7439
218
9699
904
9787
39644
5749
1084
1966
3182
4572
23995
2812
4061
5185
1076
2010
938
9736
32353
558
4117
9240
2797
774
1928
4312
3983
3860
7234
6884
7128
8799
522
31558
466
366
1839
2631
38640
2159
7687
8844
3065
9647
1411
742
7580
2833
24657
2258
9137
6095
8482
2899
7405
1788
6063
4139
3063
5463
4306
5136
43975
4578
1128
8381
9507
54
1954
4374
3079
45183
19659
3915
7675
3063
1087
23822
8354
2952
8985
3666
6511
1659
7027
6640
1668
9493
41336
4516
9703
6131
4104
8497
4462
8191
8294
1323
39123
2611
693
78
4980
3427
8682
6519
8278
34551
12876
3711
4011
8210
7740
32065
48285
33015
2135
43213
1734
14
5112
8256
11025
1974
6007
6806
3310
5622
5037
8687
6728
2952
1387
8914
6108
5014
2639
3337
4239
5905
18815
904
7573
4147
38104
1358
6216
5248
1033
4223
2486
9222
35487
7019
2330
5684
3211
8004
8522
1446
46488
2788
5091
9988
32833
3444
41601
9644
1374
1059
4643
11872
3783
34386
25096
9302
7190
7467
7315
39465
32407
13130
1284
37593
1985
1510
5466
202
6654
4949
120
1785
4586
1563
5066
8002
8549
4056
4897
7012
16438
532
31719
580
755
2573
6219
24600
5573
2571
6991
6616
8982
6822
319
5790
3160
675
374
5785
31606
7996
6682
40946
6146
7047
309
6862
9319
8788
4206
47345
8300
25450
7334
9641
1611
18833
1192
7688
2261
1351
5434
5890
1438
49672
6496
1892
6929
3584
5118
6929
4720
216
6764
4298
30642
4823
8954
8809
5621
9431
16194
1108
483
8001
13205
30491
34415
4124
2360
4165
6549
5771
19585
3610
598
7799
3144
491
47935
8507
2874
9903
30827
2326
9711
3083
36866
34225
4987
2573
4060
9006
10511
589
8561
12634
1488
56
29374
7547
20833
5193
7728
43053
1155
8019
3
180
505
2839
6739
881
6269
4903
8919
4519
2238
4935
4559
3678
5503
8690
8602
6745
25068
30882
8249
2021
8023
23361
5676
6953
4961
32043
7645
34817
6004
4997
1136
2948
3097
1988
3370
7717
4599
167
8646
1096
1041
40550
2649
20302
7285
23805
4172
8623
9256
2275
4806
7374
3873
41172
517
8093
29879
25916
34188
9260
2754
7508
28269
22720
7720
8626
3998
9185
2900
1082
4954
5817
8512
8225
8472
3145
9424
6594
7688
28340
6455
1819
4855
2025
7976
33728
2577
6860
3150
28068
35812
8740
8148
4569
2120
3555
7001
4569
5955
9271
4914
8251
6227
8556
1217
34400
7914
6709
8360
9857
6803
44568
8380
24446
9338
9494
2283
6080
8919
218
3189
4831
6856
27787
6743
24742
3184
4508
4056
8612
2123
2094
26976
124
37369
43283
15477
5637
7230
3429
873
1029
3075
3165
47976
10716
3989
8226
8237
8145
10834
37244
23396
2352
214
814
8522
1744
9138
9117
1283
7750
5964
9182
5203
7613
6383
1883
7273
31981
9133
8119
3443
4799
14572
2074
3236
47324
9572
1726
6148
9235
5621
43937
9875
18668
5296
25132
8370
1446
3384
27592
32244
27694
9043
8590
12825
37868
5344
4913
22911
25926
34833
4803
8539
10525
8154
5410
1193
4453
5529
9013
8593
2683
5396
4213
8016
3049
1259
3403
24432
4620
43070
35054
925
28299
5843
3968
2311
419
2899
7955
2132
697
20269
9070
45587
6762
7196
22994
4335
4264
8330
9313
7621
7965
2359
1430
7359
7063
9105
34157
48
19161
6970
9202
3935
38855
19254
19507
8782
13231
6910
7508
250
901
5945
4406
5159
1856
4925
470
8909
43779
382
7885
6789
9544
7431
4002
967
2326
8112
6422
2392
3935
13127
11731
5981
5557
15273
38300
1978
19985
7311
3239
2578
41952
8236
2581
2767
33357
7136
722
4248
9060
7310
9980
1092
5283
2846
2474
7096
2870
3143
2009
7379
2954
48191
9584
6331
1635
8489
3222
39737
2305
5594
27469
8650
4464
7967
38488
2338
6900
557
3960
5947
3926
9310
6503
1866
6323
828
2674
7256
11028
26092
5921
3018
5101
7614
7177
9249
28780
5968
9795
48305
26126
9918
5450
39715
44302
499
25165
8563
35523
9229
4858
2076
3232
8726
4293
6540
8410
3657
48816
5559
45915
6721
2637
7952
543
26604
49104
1877
136
2711
40660
3751
8740
7164
49218
8978
3850
6692
24194
8258
2065
1419
8464
28379
3345
34458
1416
6101
3598
9237
899
44814
7056
429
8499
23162
4425
6042
2282
2587
8174
5506
6484
8103
8481
8841
2695
4923
6856
9817
25679
33154
6392
1366
3355
2627
43915
5731
6631
4898
28589
1413
4388
15715
30046
296
21140
9741
21415
205
7874
1424
5236
1713
9220
8839
8542
48518
6313
6379
3829
35316
31347
1288
17462
45067
9776
2033
6999
9535
1112
8278
5637
5203
3774
6893
1291
42605
1205
5897
7177
2500
7515
2345
4771
48565
1756
29589
1885
8446
27244
700
1547
5505
1064
8474
604
9571
33424
8174
24002
9182
36185
7340
5511
6816
14932
7044
7713
23199
6039
9779
4484
1885
28439
25646
3731
7649
5033
3675
2518
2749
1723
1497
1280
7006
35659
4684
42017
4450
2911
7162
8217
4189
6274
2954
6489
1414
6041
5581
24498
8171
40147
1449
34225
1287
6149
8262
7903
6941
3738
2122
9559
5554
19373
171
36959
1194
24690
6723
4363
4287
1115
3951
4563
13515
4724
9101
4926
8746
9335
9939
2840
3654
2082
16237
6522
7013
2224
5764
44828
31690
1175
9255
7355
33498
3188
9198
5261
25398
8104
4130
28267
1205
9432
3210
388
38181
401
9328
7967
4222
5465
2590
38116
6100
7714
704
2387
36153
4160
9647
9725
8987
2481
5708
3869
8085
7268
3436
7160
8362
6158
4604
2209
9742
1067
5166
39845
1519
9458
7440
48081
9441
5747
626
7568
10198
2967
6053
38657
6158
5574
9402
3335
43304
2730
830
202
2087
7064
2715
2739
2126
7143
37867
180
9980
1629
3582
156
1543
7382
35848
15480
8400
7772
7762
44983
33774
5357
7918
31837
3119
4989
9385
3372
11945
1000
3898
8213
30770
1588
7805
16719
6638
3153
5936
5210
9055
8125
5069
4486
9042
29452
11874
9145
5154
2944
1456
8497
4312
3510
4429
5693
21681
9508
2198
3768
2314
9012
7737
30297
24859
9848
4317
24806
33497
626
1673
1583
9484
9261
47079
27891
9340
1117
4304
3000
2050
8672
7040
905
31249
48024
5104
5555
9720
8553
1153
9301
11613
8685
4358
8137
797
637
18009
41503
3374
7683
31019
6259
6515
1110
8034
9232
6186
4113
3992
394
16328
5725
8416
3356
4847
1499
4818
7932
5414
33383
5123
24509
7977
7098
1641
6679
512
8874
6274
11724
5184
7332
5151
37951
4187
8524
9640
13379
6554
29923
3471
4000
7007
1904
5905
944
246
7552
5178
4353
8490
9658
8362
9555
216
40277
5544
303
7127
3309
319
484
5341
2360
2666
2857
13188
14178
73
39947
7538
5779
657
4860
5011
7702
9263
8052
16092
6475
5209
3622
8054
7802
18954
1534
8817
2862
7978
8101
22096
3865
28541
3441
9540
19713
3852
6511
1942
6663
7797
6644
6416
5360
5252
9735
4983
679
5765
5484
17423
7264
30452
662
7514
19038
5425
7635
2145
45617
448
2181
2320
7615
14910
7430
4396
1250
7859
1468
4079
4579
19223
8881
4774
2298
6310
32889
3036
2390
8348
5146
40507
20242
677
7199
33218
9285
1876
8582
2202
8966
37323
4245
35175
3549
38094
7537
3830
9216
8598
8501
23755
8700
7029
1169
5068
44360
3316
9936
4589
3404
39343
20351
534
40742
2292
6439
2944
3642
1306
8024
4876
1007
7767
2591
590
4203
26514
3301
7793
5940
5305
3447
5444
5622
3753
1352
2546
234
8672
7334
53
3765
32104
41679
8975
7311
25833
5861
4418
1510
7142
9564
8806
7475
6712
37766
5583
2813
7735
9930
200
39
38992
1458
2638
1837
10650
8088
15193
9556
2444
1526
8009
4919
6312
6601
8508
345
6710
3386
21894
8113
2635
5806
1751
2308
3979
1238
3049
2199
7488
14714
797
7710
2557
8601
14889
20725
7188
6599
7725
9147
8011
38887
10848
39722
4986
365
27415
5030
5163
32670
5044
37084
2587
8807
4075
2388
48191
14095
3648
8867
9528
7158
8583
9965
887
2966
5994
4440
1222
5707
9702
3453
627
1876
4571
3821
9908
2027
3756
3577
45351
264
1021
860
8109
6890
33163
18168
8910
5737
41764
8371
6652
4097
3110
5666
5680
95
33911
3948
7975
12210
24780
8480
28556
7278
2888
7867
5080
2883
217
6624
8188
2041
8544
4998
3332
39530
364
759
3655
6012
4037
6751
8769
6196
1122
33472
8256
3054
9020
2116
3120
7049
9694
8494
6514
21814
26110
5403
3024
2619
2444
8349
8947
7484
6064
2139
5866
2462
3748
29343
8277
3503
8273
22278
21200
7347
2119
5371
24360
27014
7752
4688
3460
41583
4109
10397
2676
6986
64
6988
40987
6483
4363
9428
5414
43729
26289
4917
1321
9312
17893
13454
5169
3135
28063
6583
40478
2721
626
893
6130
20430
9318
1131
2402
1182
38444
2392
9120
37062
1687
3130
1880
7084
4730
8182
7602
8451
3121
1081
48025
38221
1377
8083
3113
1235
7376
34306
2628
41237
7329
9042
40261
4768
19713
1661
1231
7749
5000
6651
7887
2377
5068
5080
1222
2064
9139
43498
1115
5381
149
27760
718
9227
6699
39989
3551
7575
8378
2672
1299
3306
6063
907
8215
44366
7778
2660
4409
2486
8855
5511
8865
8493
12722
158
35070
1910
16963
9931
43629
6126
44217
42566
986
2669
9333
31502
3895
7611
7371
927
9547
2694
26649
3756
570
5555
9261
8797
5028
8585
2195
85
9441
5592
4979
8576
1749
31717
5446
1763
2093
2806
1640
3051
3049
8842
1482
34675
3016
10499
7902
5839
7132
31691
3203
9571
5110
26743
2245
2286
7811
8164
6327
5280
410
5860
5076
6122
4446
4931
6435
34332
9566
3792
5179
3547
1488
106
18757
6504
5717
27243
2714
7767
1154
37933
7256
1802
964
3937
889
812
4368
1977
1976
1412
47614
2703
6307
7410
3469
8138
13307
9392
4999
20474
39846
24446
25297
178
6129
8520
23278
1030
4340
518
7069
5374
9419
9849
3675
4448
3352
781
4088
8527
8635
366
44512
7740
13502
5345
6975
45149
3716
441
40658
6030
7919
18210
8949
40385
7111
2140
34405
8004
9575
6077
1484
31272
7815
13272
7292
944
9776
4390
9940
34978
1285
52
17718
1949
4426
29222
1237
7236
3167
13880
9385
3584
2492
5922
6859
8931
4301
4677
4456
2426
6830
992
7111
2032
37771
49181
3664
13815
7944
8368
4757
4578
8823
1889
25857
1317
5207
3407
28842
10423
6981
5283
3298
7590
892
4930
2740
3044
5400
8215
3581
3779
16283
998
6435
3861
72
1969
10528
6510
32801
7664
7605
44139
46288
4471
8919
1563
4450
5215
3418
7540
4624
7357
2414
698
2708
7291
7669
41606
9263
33045
229
21773
4693
49785
1804
8197
566
4549
7104
683
1402
40253
9384
7823
27863
21757
5733
5878
9672
8149
21509
9439
8715
546
12311
7059
9454
23791
6508
553
5893
1150
36460
2604
7187
1956
6627
3322
3112
547
6214
7742
9045
8374
3414
2285
23041
23965
1994
4146
4113
5403
5724
3508
15385
30732
8595
8355
1220
861
3772
3335
7472
35049
15771
3475
4782
8854
4988
9728
754
32958
26718
6618
7174
9309
37763
22456
1118
46483
8361
13554
2197
3769
680
3190
32692
9844
5334
3827
4460
2701
2011
3457
44526
15252
4537
5459
5777
2637
6061
1584
3611
9232
1024
6105
8676
3679
37114
10801
2106
4370
25934
7394
2056
1664
39806
441
6979
2357
7219
8625
18942
12359
6673
24554
3592
24416
3592
2108
15009
9423
11167
8135
2992
9086
3380
28151
15650
4394
5220
1576
8483
36902
33178
864
162
5804
9213
37103
12776
5171
7465
9209
24169
3701
7697
24860
8272
6244
48747
2663
28422
8910
5837
27473
7645
3374
253
3121
9786
6840
6242
1293
2388
9903
550
6811
2360
5528
22834
8394
9303
4489
5910
6079
6111
1144
7427
6509
7083
7854
707
1490
20957
7686
48330
2273
4566
10355
1591
6989
6292
35441
6033
1206
42568
2618
4753
7048
8292
8043
4755
5073
7092
33873
6466
8789
2612
232
8705
5433
28292
30420
5914
7213
26203
9293
2786
4540
2999
7742
243
12044
1225
3115
47258
126
24916
29408
4826
777
9755
7879
20813
572
47624
8275
4383
12084
40256
6704
1975
8288
7628
4130
3010
24132
371
7203
6429
36618
20297
7300
166
3924
1375
1983
8888
1160
8132
3743
7958
6710
5356
2119
4342
3048
9232
9852
1810
6738
1629
3715
1166
2914
8005
9464
5200
46531
1308
46069
6513
7326
26415
2745
8148
8011
9778
26540
39837
9042
4779
6377
21981
4370
3558
1995
7492
5867
6564
6987
34331
8717
6972
9502
9818
132
33053
1120
5999
14
5430
7459
9505
17853
3027
3830
3702
9595
342
9901
170
4749
3082
8258
1373
1730
467
7955
4658
7138
989
15071
1189
9001
8469
4437
29769
594
15048
27353
8347
6494
27776
41277
7935
5642
3094
1081
18269
2710
6248
2753
3996
9526
15312
8848
6174
900
3006
44842
3662
8718
1623
40639
8558
690
11773
17310
6261
9807
7447
1336
30670
2131
10901
1466
32315
395
5813
7076
5621
6743
2729
6477
10485
1985
23795
3385
45372
4022
322
4927
16576
8669
7224
4127
10478
1201
6696
268
690
6709
981
26744
8628
7516
7873
3242
1458
601
5009
4257
21558
3247
6396
3951
20527
30751
8436
9421
907
75
20363
2805
2739
25507
715
4059
7983
6752
7550
412
8170
4202
7856
18651
39822
8972
3008
9947
5808
9195
758
4334
2701
6220
15967
49169
1949
1394
1916
3063
9896
2239
48501
18263
9293
7490
7800
4854
8758
3702
9634
4949
6196
4351
5306
5748
2947
2106
2279
1945
34681
4486
4011
12273
4245
3940
8811
1787
3282
2301
1441
2007
2931
5697
5909
3166
6171
6402
36535
2730
3526
15255
124
25600
3077
9668
10838
9309
3083
8247
9368
9481
19019
37254
32789
6903
16896
7402
25400
22425
32656
8559
42
5962
22620
9143
4973
2495
5744
9374
3936
2424
49375
8244
3821
1826
165
46713
45011
6647
1163
39501
15820
125
8620
6860
1309
3267
3124
2069
7994
3913
614
6266
9137
1429
3797
31142
4831
4020
36097
7475
9813
5976
13197
7941
7801
6136
10666
33582
5436
9832
7947
1841
1707
42313
517
6435
8298
6265
5619
37154
3407
35277
4227
6009
4985
9253
6499
399
26251
1999
4625
527
4425
8237
46088
6066
2310
3599
3407
2776
31765
4106
6247
1788
9240
5774
6431
36874
5080
7415
30818
4207
2328
843
5123
8671
3897
7789
9764
8921
9636
6308
4460
5835
8940
8262
1737
24162
9387
32250
17895
7825
33331
1903
29743
5707
7994
4845
1066
2919
40726
23908
1358
7461
5375
31588
804
6255
5396
754
7132
2875
227
4900
1065
7969
9047
40555
39674
30159
5623
3889
6657
7512
3766
4436
5421
23221
1667
2437
29300
5828
1377
5014
35476
9943
6057
5430
4120
3070
7018
1032
4405
18513
5903
9764
34326
5786
5579
16738
7276
1515
5513
8259
2308
978
498
4147
2433
7056
13987
678
8795
3900
7757
6324
1973
20153
6167
6732
8975
3729
5670
2474
8050
41015
5959
15029
2782
3662
2702
5761
36165
4393
9603
1742
4886
12130
150
2459
37456
7507
19946
31256
7959
8745
6587
4689
34024
9277
4277
26793
1718
9937
7909
9665
23507
19259
4390
46068
4942
5482
2890
8615
4574
35298
888
5569
4765
5891
4807
6313
7554
14460
3838
9822
482
109
6658
3960
1442
8838
43861
42860
2442
24544
6213
27753
7440
7055
2147
1954
5518
7912
238
1153
35620
5612
1497
30263
5077
5476
8278
1278
8423
38950
771
38596
1827
8413
27580
167
35290
3649
213
9834
6285
3105
6526
693
9886
9755
7619
9787
4698
5772
2932
7454
6821
1434
7294
7423
2265
13071
7439
6886
640
1603
715
4569
23214
9660
1360
5150
8781
5861
3328
8708
39093
9015
2707
5103
7949
31539
4642
8909
2985
38983
1336
6758
2572
6641
16656
6496
39708
3366
4933
37491
1234
439
5378
4334
43226
8457
23992
18006
741
10513
5567
3517
4919
2154
35703
9667
11842
4962
41952
5632
311
4873
4963
10991
4674
31040
6486
729
312
20222
47395
3634
1335
2234
194
3838
6275
18274
635
9702
6389
4797
1712
3542
4792
9553
8948
2841
3693
4269
11
9025
686
6304
42071
9444
2715
3496
1210
4685
7043
12443
6055
14573
2598
11374
1957
3415
7963
28876
15243
630
2439
20483
63
40692
842
9786
7224
4577
26027
33
6601
5511
9341
1386
49444
47902
2114
4789
1211
3600
4912
37046
30596
24941
3932
15412
33921
4469
3224
44998
6233
9444
1060
1598
3582
9874
6444
42058
34769
1403
15140
2324
8619
20735
1358
3383
2841
1851
7570
15917
1536
2917
6025
3664
42833
662
4340
9222
2507
32335
454
3786
6258
21377
7976
9497
43696
5988
6461
749
1222
2304
26481
7689
709
1674
7726
3020
9879
5282
22662
4022
5133
375
8411
1111
2990
1816
18410
46011
2190
3838
2193
4374
4072
1730
683
9712
46897
790
6666
1725
7410
1878
1620
22683
4897
1876
23201
29690
7418
7459
6041
2409
25437
5711
490
4528
3951
1859
5848
4998
33031
5903
3498
292
2908
2441
4998
7625
6661
8602
1378
2059
628
365
4322
8500
14821
3740
7332
544
3276
1381
1451
4050
10684
1362
3724
870
8739
33053
3030
2394
7255
3987
1638
4678
33399
7315
23700
2468
9741
9888
7175
43272
1952
2320
3088
5049
15046
8310
25086
20205
42685
2687
7974
4662
725
1027
38517
4780
34857
14429
7947
3506
5812
3628
1357
1435
2015
4560
530
7620
1878
6075
3974
44387
1155
9873
49671
1209
7329
2873
8634
3038
2802
4849
5858
17498
4904
1320
5490
2353
4473
8904
9288
3976
47954
9650
1788
6880
35422
7217
8304
8586
32190
6620
8911
3678
4954
108
8419
5954
3321
8317
1347
5585
6322
49547
1753
46833
7684
8706
7509
1597
1965
3728
16
6740
22231
23969
18250
4090
643
1526
30646
470
3782
83
9941
5615
8074
3507
13263
7120
2902
59
3595
407
7723
5618
6850
23988
3267
49306
29610
5637
2425
6583
39313
7342
2868
1179
4787
8476
2105
32703
46293
5698
4151
7450
3478
48990
6510
3029
9646
8060
42169
48594
4348
49941
1441
3162
3985
36613
393
9613
3573
735
1382
5569
5144
9060
8434
3958
5835
6037
9822
4051
9514
969
43442
1686
9679
1586
3940
4680
29633
2339
3795
9443
21715
6661
6917
8829
2589
30739
3274
3737
9847
4645
6184
7703
6122
39733
2731
3112
639
6827
4068
1899
2343
48285
3352
37655
5743
41224
8752
6696
12608
27433
26640
1501
6543
10691
3383
27953
2392
9366
3826
4588
32968
2266
6587
6125
945
9017
45522
9056
9749
6431
6299
223
9376
1555
9465
883
36692
8102
6577
570
511
8131
6102
6681
7579
4475
10312
3491
8974
5192
6518
954
31644
27
7572
48800
8280
81
5808
23399
4232
679
3951
9191
2295
3668
9522
2069
31331
689
6686
28253
5851
18503
5447
906
6376
4183
8802
4143
563
5121
26779
4771
4682
5795
4518
4978
8496
372
5033
6323
7736
4042
26486
324
8773
6037
11030
3682
21233
9157
9913
5476
3303
7841
2022
5836
7255
6585
1710
9521
7730
8856
8662
35880
4522
9848
7352
1360
8497
9198
7795
1382
8147
8557
17323
5509
5270
5633
5216
8671
5473
8898
4678
5692
6606
36021
9402
1069
9048
2202
26467
1937
4587
4294
32272
9791
13767
7656
6265
975
916
9354
2805
4915
15920
3074
9824
4575
9956
3531
1738
45311
6437
4926
6414
331
9879
48016
9704
1674
163
4934
2107
6321
6546
6418
9122
1571
3953
7224
3363
4382
880
9764
2583
2925
972
453
8136
5496
35761
7362
5648
4837
749
846
257
33721
2645
21920
7404
8075
6096
41710
1723
21390
6601
2970
3595
29867
6994
8519
1329
6725
38509
5898
8634
27495
9786
7122
4385
7202
9895
21253
2138
7007
4817
3903
20836
1525
5586
14558
3329
1122
7818
7782
2674
9820
4659
2908
8341
20322
242
5826
673
214
2400
1388
8361
7734
2355
8694
36270
28716
36525
2617
6516
1268
713
3932
34279
5089
7855
810
32525
3133
9492
6520
5462
344
560
37677
9095
5448
4437
6259
17304
26148
2968
5790
42339
3458
7608
14036
25869
1000
5207
6652
4958
14876
4803
413
49128
33306
2654
19472
29579
29849
29488
8152
9797
7180
9165
5610
6137
5571
8236
6596
7814
7462
26997
46047
6670
8951
1656
5677
8256
2884
8030
3802
5089
3601
13483
5108
4152
27951
5514
1001
9168
7032
35213
6495
1837
4807
1094
4051
3766
5833
8604
3649
6186
25892
3558
3626
9363
39184
3350
2465
1177
22622
8293
7151
6064
94
6777
7209
11
7653
6564
5746
38671
1710
5920
8191
9289
16867
8930
9248
4932
7897
1487
111
2462
7658
18
49586
3676
40176
3303
3758
699
2106
9392
18812
8674
17188
42319
4567
80
206
3224
1169
18684
270
4644
5783
2533
29763
1451
16988
5452
37820
6057
15050
5153
3001
2157
1671
46254
1276
4187
41625
34467
9433
5139
3516
3068
1052
17138
5874
6230
9681
4234
8695
5361
1369
4255
3348
9739
8202
7681
4845
6413
7774
2775
3913
9091
5782
7263
5960
45250
5372
1206
7614
28466
2331
1929
4416
20023
6600
27102
9256
19720
8067
3156
4071
3698
4496
4118
3237
2964
46850
46165
489
6045
7860
393
2031
1751
12028
29151
6043
7893
6211
5959
7576
4799
9662
48206
13
6571
8802
4777
3398
61
989
7825
654
935
4630
8898
5715
4769
9374
9603
1304
223
4465
17384
3569
21530
6384
9065
1252
9801
15831
1785
6957
5184
48059
9628
4058
2255
31302
434
9929
3917
1731
23272
18881
8738
38450
6237
1304
9
483
9906
9228
24812
7981
4917
2736
9020
8369
7346
24116
6240
44769
1220
2251
8679
9897
1769
8584
1361
7942
4568
3295
3652
19571
3452
18933
2674
10957
24032
7760
1953
7393
5932
20570
40276
454
27123
8271
2174
9195
4220
5126
45783
28898
300
27640
7266
3820
6542
8846
33299
9284
28478
13755
6214
3150
48972
1038
10728
9096
6493
3760
7242
5429
5032
9653
33421
2660
7358
9174
19794
38914
33534
3493
35894
8613
5618
4508
2730
8010
9513
9232
1800
4431
7119
8220
9225
29247
3969
3592
8276
2423
78
508
7069
34380
8130
38769
6980
29579
6639
9793
4448
20460
6266
6025
752
4240
9216
1669
4447
4789
45494
7313
48665
971
8537
4307
1839
7599
9213
1711
924
8016
4089
43257
2709
33585
7421
1214
1876
7871
1170
9973
1648
49751
45754
8729
4277
16539
4298
7984
2100
4000
2771
4484
36089
10896
8981
8773
10245
48392
30223
4806
101
31947
3372
25449
25783
5756
5010
4876
29436
5339
297
1344
5574
7189
8823
4437
39975
41988
7857
27846
3838
38891
3111
7900
3461
18325
4135
1218
29280
8054
1925
24022
234
7097
9264
4345
35085
2780
5373
26083
25264
49737
2123
8971
6
4909
7112
6424
5013
5705
7349
35540
3004
15420
46466
3333
8296
4975
2769
7949
800
1624
2550
7327
6903
8344
3110
25737
2432
5626
8769
6875
7465
19157
4801
2225
3350
8946
36666
19046
5572
8043
22957
5760
6994
1192
4114
5493
9999
1057
19959
1290
6738
5908
39256
71
8082
1213
9516
7641
4456
4745
8632
47430
1311
421
8627
762
37126
5957
3594
6708
5888
12342
613
43880
2103
9560
8468
1959
231
5304
18971
9790
1624
37090
8292
4889
710
7449
47547
5966
1173
43313
8210
3848
35820
7552
6639
47889
3999
2057
7116
2449
8461
3740
5941
42811
4251
47284
8392
6441
6085
4931
7291
1655
2433
2959
2331
1830
5811
16558
2622
46346
8001
4060
2996
1635
6773
5584
6610
1704
9012
10259
665
7129
586
5829
5787
1324
8175
1068
3147
3687
41807
23655
1061
7557
12
7902
7929
44
5411
4317
16486
47128
9441
46911
6580
40
6390
199
4457
3300
3589
9274
14085
6435
6864
7881
9856
6628
9263
23806
5369
5212
9802
7860
1550
493
37500
1366
3221
1905
384
7337
468
43783
9428
8726
5779
943
2081
41766
1718
948
1146
1639
1477
9884
970
9105
4366
8652
4507
2040
9557
44427
7740
2437
6023
214
8588
6992
4027
20718
9514
32305
7756
18596
8722
7706
42792
543
38217
3102
3864
2201
7372
8794
33197
970
44038
6789
6135
7838
7928
1826
2020
8197
888
1076
6721
5974
7870
5501
30350
4236
8653
1178
39928
868
30093
599
5556
6764
7404
4425
9335
1271
4074
5042
587
7963
4247
24272
7217
8362
7875
7405
7126
1511
6819
9155
9758
5210
2767
7071
6999
7519
1310
245
7912
14488
4882
279
4625
11440
301
11288
1074
2987
5984
46516
3734
114
6336
309
4684
7018
10688
9464
6301
7149
47161
23869
1040
5911
8315
3802
6853
407
9252
628
8578
3414
33496
7649
9162
4258
49312
2340
18501
9738
17
36002
8352
5346
5507
1841
4001
3012
7774
2560
2666
3477
7424
21822
2436
1851
35263
20487
5703
6946
7715
5321
3197
6500
986
45822
5014
8983
7572
1082
6364
35476
7938
9715
3787
2349
6099
5005
3253
3080
8730
24929
18842
6844
4914
56
8313
72
1437
9816
4266
3892
4030
9639
4012
1539
5999
5871
2970
6310
5407
1658
28412
7213
5898
9718
1555
8822
1311
3166
14009
48027
1796
4427
37604
48687
15313
161
36211
6948
6948
2023
4392
8911
1243
1122
5508
1659
20696
8390
7721
48755
4641
8119
2568
8139
7595
8914
44831
7097
3231
7672
9618
5784
8683
13225
6667
7020
7937
6678
2333
37950
9081
5554
9406
8174
5402
4217
48934
8202
2607
1630
40951
828
3493
47525
2171
8138
3189
6531
8945
3481
3362
1361
8454
589
7329
6177
3440
7010
3253
7245
1168
45842
37898
7704
3010
2270
4925
8673
19458
8907
4363
7945
7357
9850
9163
4314
23647
7727
7041
4052
8692
32313
45933
48184
3789
5301
792
1117
6565
9758
5025
1224
7705
7644
19615
40139
1189
9114
3189
35737
46333
9610
39547
9853
27865
4131
7231
1362
4598
6100
49806
9343
596
9273
2079
1675
25523
9847
6118
9882
14104
1143
35427
6382
7221
5981
6628
1435
6464
14797
4478
7851
914
2686
1342
2248
1266
8627
19577
2837
8357
8741
1656
7673
620
3142
26995
149
5315
12753
5073
8353
5649
164
1366
2703
35022
6295
4542
4399
4302
6688
4163
40553
4723
9005
9642
7323
5194
2374
8517
5076
452
6288
8795
3776
950
9506
3034
82
9272
9487
454
1824
27271
11551
4980
4025
6123
8246
5862
9894
6713
819
7966
40237
22643
23498
5181
851
8794
5985
7074
6543
42892
8164
24219
8633
2059
11029
2184
20231
4282
8860
3913
7539
9392
4002
4904
819
9944
8769
46271
4928
352
9817
45958
6441
49554
8183
21211
28636
41980
16997
8111
4889
34124
2703
29132
31632
2894
2435
6398
6878
2874
41581
2047
280
7494
5564
9550
2326
8020
39000
6033
2329
1628
1864
2392
26729
3460
17893
8608
8593
2693
41187
2542
11654
9832
1567
4586
17369
6191
1262
8133
505
4322
7942
7934
2464
9794
2630
9501
8221
3969
615
4365
9974
1765
8570
3982
744
43397
8011
8133
3783
1629
706
4636
4319
553
227
7512
26996
7753
5881
25311
6343
1653
895
15037
460
4744
10490
8672
48542
7757
8842
40431
42389
8595
819
6872
3504
3221
1274
4310
54
6725
2414
1144
3638
3372
39509
1677
6644
3748
45681
3645
8579
5310
7188
7728
10622
2203
8070
23338
6405
32992
2132
9833
1393
1055
365
9903
7734
5613
38679
47215
3595
33880
4782
20110
8358
3793
16395
33195
5679
1433
4080
7
45160
1861
1729
33764
22188
19271
1393
8591
5158
6494
7953
9186
5117
7805
8998
13673
48596
5425
4980
10874
6988
3086
1433
7903
9419
24268
11268
9479
8288
2972
24506
3033
31451
7174
8159
264
2344
9301
18033
34252
29718
2017
38433
5825
6748
1047
7157
27164
2600
6760
7926
9726
852
865
8951
5960
3853
96
8853
3449
39647
818
1459
5961
9583
1160
4848
24301
14239
32762
2777
4653
46041
6695
5703
1360
7892
15645
1079
8069
37541
1481
35929
7500
8599
2161
2727
7509
3349
4185
10544
7021
493
8681
7729
5931
8546
5685
7702
7402
8153
1145
1776
23967
6793
5978
38017
1932
5631
7742
932
32049
42967
7641
47342
2500
9611
9645
40932
10792
4753
45053
7573
9452
6233
48416
3866
2748
3910
9228
7500
31572
1675
6646
7174
3054
82
7830
5327
5617
704
286
5847
8389
39123
3068
9028
5721
4616
37169
8155
9652
160
9374
2392
5982
4803
45924
7957
8688
4576
2412
9860
6031
2261
4941
700
6233
6661
3253
27137
47274
4494
7433
33108
4936
7474
9348
5812
6553
9489
31872
9832
2437
43093
8330
3136
31135
1038
8465
19992
40421
16051
807
39874
1390
8262
16680
22735
1828
1072
8541
7800
1714
6964
6854
49189
6399
1260
1375
3891
7083
9026
9849
26110
7018
6756
5954
846
6771
1782
33880
5140
2972
7427
241
2469
3857
28970
7830
4245
7684
6539
7502
9012
7068
9022
8071
1101
7139
5851
24084
3727
4711
2272
5141
4703
3820
9329
546
4603
7184
4167
932
4566
8734
5268
1511
10862
6877
5308
7399
935
34117
7335
7337
4126
6536
6224
20891
2693
4055
4216
1131
13342
2581
8788
1736
43825
8931
2954
8922
31707
1040
1248
7177
6015
1106
2094
199
40250
2090
2533
6987
6564
6480
6786
29344
1676
3001
10938
4260
8330
12960
3040
45212
335
4149
2675
4282
42349
3854
6694
985
3119
1796
1432
3494
35250
950
947
3302
11397
4894
6293
11626
7429
6817
1228
2916
7519
9833
8674
42570
7654
9647
1414
2496
8889
2793
570
8821
1897
27729
7597
3958
7002
2584
5789
3518
7247
2544
40049
2711
4569
8439
6175
28982
9528
1363
4098
4795
2097
3506
2869
6432
9924
3946
37804
5191
9861
7242
5981
5958
9003
8033
34842
9567
584
3529
3557
4970
10220
6454
8940
1429
9950
6102
4658
7050
665
32189
8606
40814
8945
9935
3975
3532
8796
46498
7657
3001
5963
8888
6381
28196
874
3975
9798
8278
5979
506
3903
44896
49318
3318
2495
3887
1906
8465
36009
9183
48593
2242
7758
3333
45414
38
39828
2528
7310
173
4657
27030
3085
1974
3390
8371
8577
7693
4058
6609
2936
48243
39670
6851
4173
8643
6334
7933
7577
42090
14637
1484
6757
1807
7390
1554
8893
3027
3648
36525
5525
6767
44490
2692
8332
7982
39952
2840
13561
214
4399
8214
9295
44932
6499
8757
8799
1838
6280
5246
3871
6249
6240
4410
11761
8260
11980
5516
8972
6783
477
4774
8641
4883
291
1806
8780
3209
4011
5029
1601
1352
5052
9707
28141
3524
36518
19053
9773
9077
5336
2766
379
8526
5937
665
8473
1761
20699
1862
8604
2203
8307
8565
3891
43844
6550
6301
14986
8683
6358
2814
3633
2592
6214
5915
3977
6525
937
5051
3227
9478
40044
46811
9794
6905
19355
8983
1567
26356
2163
3530
3182
2196
6955
9383
48559
1211
2234
5620
9806
1777
7928
8507
43931
29286
4845
153
4642
87
5481
2037
9546
3016
16272
46315
8853
1410
1531
8040
5517
6111
8530
3890
6008
9948
2695
186
8114
8858
5903
3331
12978
6739
3780
848
12610
40305
1527
6936
10495
3038
6582
6090
7037
2841
39919
45425
684
9526
8127
8632
8916
265
7422
48943
4743
9486
33105
18262
28898
474
39260
5464
4864
7930
3050
9194
289
8303
21343
4837
616
5970
45978
3059
4800
6681
8432
8529
7818
2047
1706
3661
2693
12986
9938
286
4331
8682
1587
6894
9036
8775
3574
38048
7139
9970
1639
8228
184
14974
47444
4567
25131
2859
565
6759
8487
3408
5502
748
31845
9822
6772
11739
22028
2611
2663
612
26742
7592
8382
3864
8499
299
5095
2032
7395
5924
22410
1825
9048
26145
9562
6920
8926
7177
7764
9594
32561
6975
9471
3183
1668
5351
6428
3244
21680
6597
14403
7601
5219
8321
7196
7376
40282
9703
3725
49391
496
39546
2050
7272
38234
7245
5853
7327
4598
8894
3392
37265
4970
8114
2627
38237
17662
5356
6574
2225
7704
9854
34848
8622
35190
1704
4771
13233
26960
4164
4983
48374
5756
7184
45639
28588
4616
2954
9171
2397
4686
759
9935
4357
2861
4950
7225
19644
294
13922
4427
7445
1829
1091
17226
5239
35067
6706
1570
2049
2630
6739
6133
7377
4483
254
5206
38562
5584
39671
459
43482
4129
3888
9515
6023
4921
4629
7890
4431
5739
8420
31970
30272
8903
5123
7060
1442
1963
7686
2105
3166
830
48701
5102
4829
6587
5903
3409
47632
4710
32202
5214
551
8564
5458
44781
13
7298
1319
47248
27538
2749
4783
3058
5650
4420
8752
44453
6728
5822
6587
1231
29123
9828
8313
1774
6121
6837
5219
3914
5549
2268
1208
5333
19495
7135
8996
11100
9487
7181
6887
5901
9031
4240
20939
5177
862
8337
8294
6567
2452
29399
11121
6602
6315
8024
3459
2811
5798
4151
6070
4604
3688
1865
13548
12997
13096
7923
2523
21506
1352
8847
21790
37136
5529
3571
49116
1709
6181
8153
41587
5886
5338
5053
37408
2527
4995
9069
6736
26492
30325
19557
21810
21142
17651
7748
45685
9375
25984
947
4531
44890
8605
2649
1643
1312
1048
9548
642
4964
1538
422
4880
4676
8288
2163
7495
5693
8811
5514
3221
4591
9180
6635
5931
36855
9263
7531
3931
8601
2902
34801
7983
447
468
13092
5156
2583
8352
21131
8072
20119
3770
2249
4397
6068
3504
326
8944
16294
3015
4643
8639
3769
4248
6651
5889
3247
2655
8314
244
16774
3310
7408
2779
5856
8888
1225
5444
29104
4172
568
4231
8771
5442
353
1662
29768
391
2072
2005
234
4280
6055
8377
446
6183
3515
8801
3945
3243
6502
11892
3756
2079
730
12971
7170
4525
2845
2628
7399
724
49139
29094
7652
7199
3974
37930
6808
6458
6103
1429
8124
3391
8299
1724
17951
38041
8595
422
39711
2662
4897
5181
29783
15389
4772
7149
4369
2835
2532
7862
7295
41192
7505
27671
37823
7083
7498
657
4907
4724
9664
26630
8986
41
8394
38935
20247
3777
45421
7588
6332
46600
3743
4211
5980
5416
5953
6008
45498
4154
8446
9809
2917
9631
15886
2669
4715
4041
9642
9202
14677
9390
1626
4559
5545
21103
642
6717
7784
6640
10917
9633
1522
49437
2046
7251
9456
3133
9492
36433
1400
3314
3956
31569
7055
6402
7649
30892
8090
1674
3827
22932
250
563
8127
3702
189
2673
2202
7287
23433
48738
5594
6866
7226
19051
5283
6501
8038
5298
32478
9957
48019
3506
2246
15717
1403
43877
5833
5797
4537
8959
8327
8086
170
1792
9772
44015
7338
27002
6172
38341
472
6870
2593
7915
17964
3584
6206
799
7093
6251
957
5097
35099
603
7400
9590
2596
1582
45682
8846
2493
7014
14623
7778
8439
36556
7111
6506
1557
6422
45494
6815
4886
398
2070
3225
1421
1626
47129
589
41546
7280
4994
6004
1973
6832
26103
39353
20026
6645
4124
3672
3348
3081
9760
4518
2897
3930
14672
4805
7872
4342
6285
4833
9370
3056
9795
1322
17170
8184
3232
18103
462
6103
9056
936
6282
8087
4374
6535
29746
16182
6560
2719
2770
7083
473
4754
9971
4118
33398
2519
7575
32549
44148
5285
1668
1450
8115
948
1657
9063
28985
9296
12846
17780
2757
3292
4838
5957
9120
167
515
21672
1959
8991
842
420
9607
3842
12347
3676
30802
526
1624
4641
8919
2645
11691
9915
2255
815
4051
1941
7512
8550
4046
3702
7057
6561
3861
5600
21337
4504
34518
5460
7751
3954
45118
8975
39445
6401
649
4402
49319
19430
2304
3163
6238
5204
3158
3443
3037
1251
25633
6129
265
8513
857
1760
3251
7851
19247
3155
20202
3545
10743
3540
6735
7888
6793
35157
8082
5551
8422
440
1457
3555
4431
49635
5572
6810
7699
28609
26621
43860
4876
5385
3069
7368
26406
3568
40458
3373
3296
4955
31132
231
5139
4968
48754
1504
1257
37401
4632
2841
3763
6652
17401
4494
8238
3890
826
4070
7537
25586
4715
9475
1548
3076
1842
2470
8090
689
2026
6659
2573
5189
6501
1655
43178
6867
8006
1450
2654
35703
4173
2858
1016
34760
8915
1637
6128
6442
32985
1571
10132
662
29273
5704
8630
3469
6253
14104
2365
9746
20
8516
4905
6383
1042
26705
1324
19789
46759
8207
965
8860
9317
44159
1791
4239
3516
5667
12806
8720
6770
8364
3209
6671
5879
8945
7526
5667
719
2146
49784
7395
44278
9719
41361
19828
6817
20295
1271
8867
10679
7890
173
9099
6104
6508
35714
2053
5641
5541
1105
6994
2128
9377
7686
3281
876
5231
8831
4691
5076
3495
6637
2482
6633
44359
1855
6606
7177
1565
593
2293
4799
2264
1176
6396
8850
18805
3736
1157
4606
4934
8111
2459
4372
85
1313
2017
3720
26734
5544
3949
3210
1949
5788
5936
6763
4994
48926
5526
42549
46911
32105
2993
7615
2281
9897
9234
9384
2286
598
1809
32265
32546
29173
3960
2230
8015
2412
1196
5278
1966
4371
2937
6831
6058
6557
6495
9084
5790
29201
3845
2572
2540
46801
1703
8265
8050
3692
212
6841
41152
6705
8069
4035
9427
8192
42831
5415
6943
7292
35114
4423
22674
7457
21991
6430
6400
1887
4125
3645
7672
38728
187
7408
26006
3506
18161
6530
5112
8427
43
616
4161
11627
8129
4033
8125
21404
4924
4676
9086
38334
15003
3276
8563
7872
46387
6264
2046
9551
8839
5072
4253
4147
2125
6704
26690
8894
9914
8537
8467
9311
18829
3444
3970
3625
1099
9164
2404
9937
3541
22808
6854
28890
22999
3514
1600
137
3898
7477
2251
35677
1213
2052
576
3837
9535
5264
6341
8663
4124
9467
3964
1802
5838
4127
25758
1576
4865
38700
3823
31049
5072
2652
4655
7844
8848
8452
4581
5986
4656
8325
3508
4255
9550
2783
2083
5027
5183
4718
626
11665
17364
21340
5782
9099
9399
2131
1118
2592
1525
39920
2556
1700
842
7542
41798
4058
3535
1182
1923
19753
6654
686
1953
5431
46921
9111
46891
8180
32649
3767
9963
4654
43665
4598
2746
4699
43997
2555
2855
2915
7182
5935
32697
4761
13281
9740
7777
6567
1807
5638
7900
5087
4457
2475
14345
17223
4189
3525
5009
2370
1375
6552
2899
3352
10709
1545
67
2881
6322
5212
1086
45752
4458
5247
424
13041
3822
4534
422
4615
4170
5336
6629
4421
349
5389
8274
4628
421
740
4504
6597
3266
21221
757
4754
9335
1022
11822
8883
9422
3470
1202
5165
40981
2557
36011
4697
6631
9197
26204
28456
7627
5100
698
688
1895
1232
39315
4525
1490
2482
9426
33017
24658
9483
1632
17468
1437
1123
29463
7679
16277
3646
33387
8666
5849
2244
6672
4576
2375
6851
1967
4867
1347
3401
34350
37566
7931
15343
968
1752
7138
7502
4045
23537
8681
8638
885
3000
135
2448
9770
7195
6759
8114
16270
4339
27291
4457
2564
5324
2169
5895
7463
557
3264
9770
5024
20438
5506
9265
3449
9911
2696
23329
5069
19767
65
1594
35169
6743
5806
42619
626
8074
6978
38417
545
6828
8298
7469
7267
4222
15137
8356
3208
8135
7361
5917
4708
4029
37742
19138
41637
8765
7834
4291
35981
9511
6084
45585
6076
4316
3128
5139
5085
4042
6534
6058
23895
6137
5388
2671
6445
36430
2445
6816
7225
113
18329
784
37837
6592
3801
6981
3548
108
2908
3917
1678
9731
26312
1316
4556
9268
6905
37827
2542
7646
40931
2509
3557
5060
39979
38583
4345
45235
3688
17896
1466
7740
2458
2889
42055
6810
3210
5949
5176
5709
1088
2367
27887
11540
20314
9959
9341
1004
1347
48760
9171
1803
37186
8279
3716
2312
6950
4284
6047
5112
4966
5282
39184
2420
4380
885
1054
1886
1872
8231
7394
4694
38166
4727
24924
1492
6768
6619
246
3085
3748
3872
5349
4134
9788
6734
3088
93
8915
920
5811
3743
37471
15841
6545
9182
12279
9683
6485
4623
592
9294
3156
1425
3647
2700
5268
8579
4842
6814
22005
618
43956
5158
24805
3554
8128
8134
48
6562
4186
9400
2834
517
6414
7682
246
9263
1082
9553
1690
45369
7041
2085
5234
1021
5401
8277
43428
12125
3571
7998
24371
5553
5502
1716
3182
390
6483
221
12661
554
5020
3651
15710
8865
1224
4383
4884
2079
4378
4370
24475
1584
3300
2008
12445
7227
2410
161
9699
48592
2702
5883
2323
1453
6564
192
48363
49437
3375
1321
302
2601
7271
417
1237
8474
29028
6659
4309
896
9892
7888
1623
2038
6349
4271
3771
8039
9508
5547
6951
21493
1509
39224
9433
1583
805
6472
41147
9584
8421
7500
8786
1006
7337
2121
6046
2700
6953
6342
16555
8313
1446
5259
1409
46477
3051
4625
39650
7603
5317
2942
2663
7641
8661
26614
6676
6679
5998
4457
4455
778
1071
8074
40882
6290
9357
28516
48334
47896
8647
6615
4629
9479
838
3011
8224
8629
8478
9672
3459
7494
4750
1454
4526
1321
6675
7136
5236
7852
5590
1649
6665
5489
7418
9776
8802
37050
2557
9352
183
661
270
29508
5481
16226
6369
2308
5807
388
41292
42775
6740
2776
4080
2290
6221
4675
4352
22776
80
45920
3102
3925
6591
8935
5963
6933
43425
810
1096
6691
1569
4649
3947
1255
6609
297
49044
2372
3590
1345
8724
34126
9110
3858
3443
8169
2668
1370
7857
33441
5015
40022
23780
5365
2376
42570
8779
7973
3561
1600
7822
1138
2797
5961
43230
8191
153
6229
9966
9370
49011
8434
1517
2119
4710
362
2917
9737
22774
7123
2636
1528
9089
6806
1720
19762
35873
9925
1279
4560
2533
6220
2728
5605
9523
38299
7164
1340
7582
4987
4647
24011
4992
5528
977
5773
826
5246
5303
2032
762
5730
4554
8453
34228
1770
28310
8729
3195
3102
5900
4852
9891
5761
285
1362
13724
5131
87
9151
17730
9457
2310
2299
8919
3137
28578
3224
4624
41130
3824
25155
6917
2908
6094
29181
2064
13570
39457
38650
17002
2372
5328
589
36986
6099
6289
35892
2636
4927
4718
2160
114
42682
7510
1966
32611
3864
6961
39778
1270
1646
6929
8176
2126
4116
6636
9639
5999
5484
27255
43272
501
9455
125
5962
5182
1129
3675
32479
344
3076
5311
3472
9364
3427
3173
4605
5753
6613
9263
48803
32467
3553
717
7109
5693
1344
322
4069
36431
2995
15046
9977
8464
3027
5085
10372
8466
9285
2677
32952
27074
4777
13859
19346
576
36800
4186
356
2438
5905
3546
12967
24577
5374
508
3067
8313
3987
6678
2753
4593
6123
3380
7613
37327
31382
1206
36484
870
37699
42201
8880
4930
554
6482
5581
6462
2754
4299
8220
3472
1793
5947
6547
4910
47515
28508
2713
5088
5557
3862
4219
7622
608
5841
4708
48291
3733
10638
8976
1105
6191
2420
29652
6823
8272
16743
8234
5052
2371
40683
7924
1171
6774
8420
33069
7626
4584
8700
1683
1645
4490
4785
5571
230
25699
11509
8383
6434
7803
15474
24832
9675
14290
37888
8060
7328
6770
33353
6468
5819
5373
1799
6066
35553
26748
1668
2693
8167
3773
6011
6011
5119
10817
1932
6173
8537
8605
8225
28457
48386
6395
28788
1209
24624
24782
3162
3892
1170
457
9304
6849
37967
8656
31569
13818
5442
1232
2491
6856
28805
5365
21883
1594
7312
5535
10221
5834
2071
853
3101
6932
6472
49261
3840
4421
14464
9091
3978
1761
9627
16491
4451
8110
38514
9633
3857
9132
2998
2635
2847
268
2999
5445
20123
2735
5189
2574
8552
9831
5317
8214
34739
2130
7779
618
8133
5280
3041
7449
3419
8822
1033
2675
335
1368
7090
3634
3568
2314
2366
8806
7328
1707
7865
638
6258
1322
6036
8382
5587
993
9462
5306
7888
7359
5486
3957
7077
7168
9329
6993
3973
2393
4395
39161
568
9821
1213
4860
8337
935
17511
2919
2743
4351
2799
8392
9182
32461
38554
2876
4956
4476
18019
5039
45215
7913
43467
1402
3954
1906
208
755
3623
45701
3201
6522
9166
6655
6273
5051
6583
7794
3663
6914
8224
4795
2352
5845
6762
3916
5913
6923
9912
2030
20129
1318
11411
6225
4135
37615
2611
6901
33206
48227
669
4606
6562
3799
3636
42275
26816
4139
3899
1714
8130
1576
6787
2725
9291
447
1171
4049
41921
8751
47088
17592
2547
8773
7229
1929
7914
4536
5408
33965
1770
9063
9867
7886
3458
7885
4983
11974
19109
700
4714
18679
30532
352
5228
61
4389
7819
8323
1769
9942
41052
543
10865
560
3634
3921
27900
9385
15215
32084
48479
9732
2309
8543
238
37553
1576
972
6873
21324
6086
6775
920
32235
7017
8534
34190
2285
8904
8619
9271
44545
4793
3299
4238
8903
6692
8954
8517
7724
12150
6627
7345
34834
429
1431
4838
898
3785
8151
8161
1566
7383
3660
7195
4017
9787
1269
37919
8518
1309
4499
8961
39893
4865
2265
5866
6216
46267
5502
3784
4712
6100
2151
2308
9052
2412
6650
25713
3653
6034
9506
16712
6470
2791
4530
5145
14162
42349
6216
16535
4911
9883
36647
13140
11934
8288
1620
9139
155
5475
798
446
19633
8694
4050
6828
46736
1533
43315
39704
15707
7501
6940
6113
5548
3899
3413
2627
1913
3945
8285
33459
6874
9119
8957
41038
1753
2882
5651
7851
25811
2955
9517
584
14094
202
4610
6630
3668
925
3845
3579
2077
1849
6799
901
7147
8194
2023
5442
8664
29380
4085
4135
535
12162
3894
10968
13743
162
18841
4526
594
11342
223
32570
7776
3308
7685
8147
11401
7615
175
3304
9705
8262
3994
2380
6872
4363
5605
30023
7016
27206
8267
9181
32688
33598
7706
3889
34959
5771
282
4222
4564
9294
3017
901
3548
6525
5496
7793
32514
3698
9244
2487
8630
6756
2031
6634
258
9738
6915
6900
2249
13220
7349
5102
8550
505
20683
7978
8498
45005
6621
49290
4190
5056
2584
6545
2492
6840
2553
8912
20092
9221
4529
6379
7426
6881
9862
7553
3100
1164
6891
7637
8331
5786
28594
3071
2000
6062
7963
810
5727
1590
1504
2695
8737
4361
2804
7972
3803
933
17465
1233
2321
2203
8523
3973
5306
9045
9068
2432
4565
2436
37580
1119
1389
1790
8002
145
7655
1630
9826
5888
6108
949
1234
2580
6162
8061
4804
9053
8717
5269
2536
6253
289
4127
4147
4527
4953
21219
9049
4515
13441
7165
6570
4815
24588
5303
7274
3538
154
7016
9445
24429
40373
3251
2208
2878
8744
7179
44139
1705
6810
1067
4139
4279
5117
709
2317
43662
48287
44432
5880
12701
2802
24210
4438
6869
8597
3150
5326
10335
4159
9525
9030
8298
2878
9152
30273
4048
8356
6360
5514
15138
4080
5489
3259
7624
27696
3101
9955
1800
7135
16943
7481
2915
28437
9629
33474
2328
2143
3360
827
2180
955
1409
3566
4468
6821
7163
31244
2575
6695
8917
8866
1306
4570
3836
5865
7585
2966
5633
32447
8555
6209
2266
49752
5453
6763
4968
2907
46588
9405
26100
9777
8259
2770
12428
2869
5488
7136
39722
35
10477
24552
1350
3416
625
3590
2646
5850
3575
8051
9899
9246
3830
9633
6101
20091
7506
4685
1122
5340
9853
7710
6379
6065
421
6788
7860
4399
22863
6712
9034
17850
1635
3172
1140
1468
1417
3893
7235
5677
3962
1346
4565
7624
8986
2489
27162
1777
2521
4077
25144
7704
1508
2915
1115
1568
34314
4284
7187
25447
6966
222
2800
6203
9750
3145
22135
766
822
5796
3348
16422
4389
5002
9612
3453
37257
30639
17428
44829
8454
38014
7794
4001
8070
1583
2890
7356
2444
598
139
8359
5185
12544
8279
5864
2578
8034
5637
2212
4928
4361
2359
1727
4594
42968
8869
6882
3830
3157
5972
8830
4685
1997
9530
7452
9954
4291
138
20054
2332
27254
1086
30960
2587
2733
2588
8455
7172
7755
1794
6867
28178
38153
1624
6259
8846
2040
7376
4986
1459
9442
1612
38367
728
9822
3679
44110
16367
2703
4465
4468
15846
7608
40945
3663
6768
8745
32725
9224
2039
6686
3734
1042
2184
4206
3424
2665
23884
472
5264
3787
27394
12245
7937
7056
26905
432
3042
8830
754
48395
5781
889
2444
4022
2802
7371
165
25004
6464
4147
9744
41981
3440
1528
1648
9271
26124
6373
4145
5834
526
36480
2066
5742
3592
48141
8298
9170
556
5512
9134
44140
8075
18122
1068
8801
4970
611
142
4233
4192
7548
14635
5730
7094
5886
4325
42409
2052
1496
9042
5316
16047
176
34281
7824
7558
294
5139
22197
40563
1936
38081
5818
25901
36187
9465
5429
6189
8752
7613
3856
6571
8470
3605
5693
43595
33942
22466
46057
2526
7974
2773
28029
8475
5786
8785
4536
1690
42510
4891
1381
8649
7355
1156
32423
6435
44828
9990
8826
481
26550
7719
6868
4432
2964
9091
507
4802
4660
42447
43
7000
4135
4754
1476
16621
4977
9890
3407
9550
1829
8695
439
4572
666
9873
6134
9839
2557
9298
30642
7907
3979
38160
3010
9789
8029
4707
9218
3838
1891
1716
334
9714
6853
49069
30260
3772
9047
9014
44511
8557
2028
29002
22990
1114
6698
8080
38316
7684
3170
427
9087
1765
2143
6336
6599
31
3131
2776
8585
3226
9560
2934
2878
9177
155
4231
3785
4275
8871
2445
6635
9160
28354
8204
8575
5915
7995
33104
2048
2387
4580
1901
9065
5726
6024
34678
1665
2099
5294
8075
5799
7493
3614
2918
235
22297
3770
8571
3458
9108
3532
6247
1051
4186
8395
3981
9150
1551
4520
3882
8113
3424
1872
4173
2925
5458
1860
8008
7248
1672
9857
30419
191
3770
9101
2581
2094
4417
9459
3096
5562
2864
5041
1870
7350
41653
9629
2615
3643
45881
1989
9412
1599
3899
4604
3685
2704
2099
6772
9637
2392
32445
9808
8648
696
7561
9798
8044
5112
53
4764
8720
34149
908
8936
8748
5760
4360
8377
6052
1940
7543
2972
3901
6701
48309
21174
6534
14224
8694
3773
8033
2994
20724
2415
6894
3830
7696
15244
2373
12497
24
5376
8745
5564
5906
9677
17271
2531
2455
6307
6794
6302
662
7797
3830
37511
2738
44580
2484
3312
1937
5842
2089
5009
9295
9615
3379
9203
8411
1298
17211
6246
1183
2964
35879
9277
2540
12654
3104
5283
3118
6415
44308
7142
9517
3061
4288
6805
22428
25147
30923
1949
4337
8835
1862
38468
43414
37728
3900
6877
15832
5882
5958
893
8846
8243
7302
5130
9122
28608
4483
1371
2896
996
3510
3139
4678
2034
3624
3894
49532
2068
8019
4989
8685
2628
3827
7183
457
7669
34908
3082
18628
5005
2739
7021
1827
28129
7986
29327
3470
34374
2060
276
9223
8978
45125
2414
2616
6253
4207
7074
22182
8351
4612
1555
6433
568
454
12690
8224
688
8442
7747
6061
49149
227
7442
6488
6697
9998
3588
811
2603
8934
4994
6675
9398
6424
29427
6628
1468
7928
9551
8897
7601
7997
6089
7412
2055
380
8775
9579
1866
375
8437
28474
44882
2582
8636
3077
7199
1064
36650
8955
16569
3109
1744
22053
4127
4738
4347
314
5734
24963
2571
6875
6708
8398
18309
4543
11507
4686
4851
4034
2494
998
5350
1045
8040
2210
18120
1315
1148
4266
7846
7944
9080
258
8559
8402
417
42063
758
48013
8378
5679
2717
3165
19023
27743
7370
1953
4647
4968
2409
2580
2498
4285
11590
2250
47363
6169
8199
6743
7118
6723
9589
3405
33546
4486
26711
3566
22816
13567
48864
6298
9334
4088
1451
5467
2078
34822
1171
3679
13347
7315
44869
2113
28995
4331
5736
6296
4494
3236
1721
1595
712
35342
112
412
25569
5233
2331
4595
9642
9630
795
3314
24451
6290
30887
24234
4880
8262
22808
2997
3009
46526
6727
16938
130
37136
7132
3223
8699
19646
2570
31135
9525
40951
9621
32550
1346
31911
1694
3712
4513
2140
6411
3668
9977
6690
5669
8183
413
9464
5785
7916
1431
5130
8476
1484
2821
6858
779
12796
2232
46844
4602
9898
31298
49388
5403
9587
9214
1051
8509
9651
1036
712
12626
11173
4825
16329
30015
5520
9779
302
40394
5825
1796
2042
3606
1365
8566
4461
7016
4055
775
7157
4759
15704
4007
8168
7981
19957
38319
1671
7374
8383
3971
46540
34794
2405
10230
2406
1241
9906
10390
7095
4363
1708
49339
1348
5181
47692
4625
4946
3321
1350
5621
14030
996
5422
39768
528
26870
884
7541
2743
250
6813
3198
19143
7325
1049
2925
2963
7624
3284
16403
45926
7546
781
9695
5592
14837
4460
9099
5247
16064
9123
7368
1785
30327
3755
8416
7401
583
7260
20921
39335
9589
8404
4697
3120
4756
12505
3977
38669
3578
6415
8026
4016
3796
30932
9540
2352
1904
5305
9067
35756
988
41995
3147
3982
5650
32506
9547
43449
10722
65
5087
8136
6177
8768
39112
3350
27923
1871
4946
5254
2639
8408
15230
16269
8444
6150
7802
700
5459
1156
3162
30645
5407
49996
7314
6267
1072
7913
3872
7369
26438
5427
24903
9120
7977
32925
3243
8325
2296
39744
1925
4524
1431
8666
9743
25350
36429
5786
7012
36286
1497
9438
8031
49566
8682
6968
8386
9253
5583
1328
19574
7067
8145
402
857
9535
9362
2268
7478
3478
1540
16291
11264
1483
4153
9175
48174
8230
8914
226
6908
808
2735
4375
4343
5290
5569
5188
4645
1456
5149
8950
5384
4754
828
22915
9876
1570
46500
3077
8717
2586
1927
8724
8363
6336
21348
18314
3946
3124
24619
829
7732
1419
9000
35686
608
1195
9726
4422
9986
17497
113
45545
17361
89
6213
6362
27811
37709
29681
2496
6848
5236
635
8639
39659
32479
39349
1452
851
468
850
39672
3123
9815
15863
1836
3104
45180
8336
6758
9607
2730
11587
7132
3503
2248
18976
4201
7714
37492
5982
8514
7335
17685
16357
5512
7256
6467
9765
6834
8333
7199
1893
7852
9121
31686
6655
6162
6968
6351
12323
31182
2449
13523
17312
4259
7583
33152
18194
9653
2826
6080
8449
8493
3422
2749
5185
7246
2668
6291
3390
9166
4850
8685
6825
8652
1374
5966
4921
40842
2198
4965
40444
1828
3450
7906
7748
7436
9378
8007
5134
3867
5662
9583
7470
43364
7631
2422
24839
4168
686
8590
4777
11618
47890
8442
4400
6974
8413
255
18557
4959
9054
7482
33129
4141
2277
4767
2481
4503
3351
911
8834
35540
2987
4782
5160
6315
5820
3556
3442
1034
1222
4043
17253
46044
8134
8341
14854
5319
1214
24722
7070
7892
48570
6723
2649
9746
1835
1329
9370
30407
8667
4615
8590
1571
9303
5636
6189
9113
2299
2863
317
5396
516
24157
4340
4800
1143
7059
5569
7166
8078
2759
19580
26058
3443
23704
9751
9721
8429
48548
3802
7800
5257
6428
9759
6501
32194
8217
6287
436
9355
6322
3043
14648
4084
5077
751
3268
3898
687
8216
1121
6026
2744
4479
6582
5874
46591
5733
4569
6769
1796
8954
3429
4064
1421
5646
6892
9128
4632
7114
809
7033
3559
5318
6562
19842
2566
779
37807
458
2095
2011
3539
1506
8966
7458
4402
5060
8153
6421
44610
48888
4798
3975
863
4758
183
3773
3899
1709
31141
39520
8659
30897
3327
3896
4652
41801
36648
7640
8276
7107
8268
6900
4694
1105
8101
7886
2859
6435
8760
25828
1242
4156
35731
696
3984
6716
13491
3490
4015
1864
7536
9449
7526
7928
5670
26591
1885
48840
6765
3822
9169
579
4797
43952
6968
7754
6866
893
3360
329
6667
5797
3606
4776
1666
38390
9482
6532
1619
4176
9719
5761
3210
4554
342
20894
7448
1356
3440
6218
1988
7694
32939
9641
5342
10586
3622
2152
1829
8498
24065
9699
3321
10915
4218
5252
3424
7769
7386
42152
7163
8796
40066
4661
3914
886
865
5380
924
8703
4193
10856
5157
5704
5901
19958
19965
49056
2331
517
6641
11203
8515
43245
1822
5709
30793
5221
7266
3392
8374
39669
2805
27
4281
13016
2678
27911
10121
34846
206
8636
6884
6204
6496
6729
1470
19364
9937
7284
3616
3984
5975
4604
5084
7323
43588
5359
1165
9809
9817
9092
3322
2206
977
9118
42326
2846
5697
4514
22246
4887
46090
732
922
8750
5507
9758
2728
9940
3943
38937
5948
4140
6212
595
3690
909
19728
9641
20133
3538
5687
9124
7342
10688
756
30217
550
34528
26664
5127
2903
3238
8537
5124
27429
4179
420
3562
7866
21996
9168
1540
42753
5378
3645
6491
36658
20942
7132
2481
2804
8657
1932
599
2459
6869
4665
31858
6588
17474
9243
19481
4560
4804
4160
20732
7742
2469
33725
6385
9680
1692
4645
8998
19063
6880
9594
6705
7416
926
9251
33057
750
49899
6176
1671
8606
10711
7293
4348
9887
6674
8981
8418
41852
2104
4982
4469
7065
9032
16472
31543
12024
26425
8853
3372
10305
3437
8652
4616
18002
7536
41930
5374
8255
7394
360
262
2890
48019
363
7895
49172
8788
4649
5037
12058
5450
3458
8337
6152
2987
1463
541
7110
3366
611
8435
3529
7088
3522
9273
7828
4159
7954
2212
1551
1087
9599
43044
7595
4150
9060
7935
6333
48443
21428
1939
24855
15029
6427
43934
2009
1571
8233
412
18137
32418
30385
8948
19483
2837
5865
1621
18279
210
2614
3051
514
5016
39172
8622
4865
6631
6641
7814
207
7779
30094
5412
4229
9343
43670
8210
7796
5565
576
6739
2632
7154
1354
4246
9817
9213
2877
3639
4014
1088
44940
18611
12461
32518
8096
441
7424
5215
26342
6257
7557
8691
2158
1532
9360
9155
28664
1747
5778
2174
3419
1771
45730
9460
43590
7828
8114
4569
8253
4808
3853
7181
3238
33999
12301
7989
27519
4574
3482
3888
9078
9781
7699
2661
6825
7740
8624
9001
46720
19243
4969
561
28147
3902
7952
2760
7246
15763
8196
2463
28374
9997
6654
23982
1724
7582
730
5050
1957
4515
20792
1077
8917
40809
2347
6686
3419
6056
5924
7309
7564
6477
8930
8708
6109
3724
22753
26907
1734
6073
4222
3865
3458
6805
4464
8222
6800
6677
8849
5136
1007
5734
4308
30385
37183
4428
9473
2508
3609
313
5625
538
5019
4355
6995
3765
46498
3304
49132
17521
1663
9283
8572
9379
7068
7035
704
4314
7466
7940
3318
5814
1010
3061
6253
185
40648
4280
15284
2340
7067
489
3025
1026
7284
4166
564
25194
21223
8836
3905
518
9502
4713
47037
951
46476
6734
7328
9676
5297
6386
4678
8436
7121
9018
7857
9948
20102
5659
3843
44781
45699
4431
23240
4632
1237
1195
7394
1969
26526
4917
30805
8823
9624
7194
2408
9738
4225
5852
2924
8422
7995
4981
3132
7294
36981
5878
1797
39128
36872
25038
8371
2562
3425
8742
2023
9370
22074
27657
4834
7960
3212
21306
2742
9611
8248
8351
7313
3113
13722
5007
23948
6368
920
912
2994
2127
4120
32491
7474
8110
14541
3116
720
41771
7986
48786
2159
1710
7535
15691
2504
3226
5004
8092
1151
38646
7783
27294
9696
2324
3623
7597
2379
22617
6450
4059
4603
9327
5544
10545
9930
392
241
7651
7560
1501
31469
9132
5849
8711
1695
2682
9676
7671
7638
9947
947
7473
8299
30089
12334
8603
9503
565
43066
4820
9259
3857
2008
5220
2754
8606
4975
27948
7975
3906
253
6655
8889
8164
7818
2070
5689
8961
9722
9063
5757
49718
33357
4102
24837
44384
9132
4552
830
3256
17882
2593
1014
9919
4138
8410
11535
4147
3205
33364
23542
6764
25358
19706
34841
4351
9241
4115
3832
9199
2408
633
45300
9044
6224
35377
14645
3659
45245
6293
3586
13665
2713
199
31743
9511
656
1947
584
7977
4018
7531
9047
510
37806
9150
6003
1222
1533
8095
1397
45031
1636
670
21183
37978
2660
8816
7516
42227
25774
9364
22250
2969
8702
7131
6119
34378
28651
4853
5007
8877
3607
8769
975
14636
40332
7160
3106
5928
655
9420
9947
34217
8556
19684
45053
6053
7669
3034
628
5956
81
1724
3047
2337
7779
5483
12938
5649
24191
4067
6277
76
9387
5505
2850
2958
8856
5469
7556
3293
5037
16255
1110
1196
21454
39539
94
1642
2779
5284
9921
3120
4943
296
8080
4746
40321
38120
15738
9999
627
5149
3868
1484
680
4113
6811
29117
44800
2689
7029
3055
973
45168
9824
6428
2761
8768
4765
9030
6707
2114
6806
3551
6647
204
38975
1615
2196
8368
32958
2071
154
4779
8502
9481
5421
4755
31764
1101
6445
8504
2461
3207
7782
4601
16373
8278
6311
17783
2939
7315
3094
8995
432
9244
46866
6965
9423
4953
1809
5885
4
7730
9360
386
5634
1072
4714
9403
7838
3953
13880
5398
3598
8738
123
3176
1448
6133
7496
4716
9286
4219
1801
3738
8113
899
8271
41189
5979
3080
5165
25677
5633
22777
1173
13848
819
3714
5946
3179
1779
7175
32961
815
3966
26850
5344
1212
21479
4302
43393
1848
4887
8401
20497
9894
2809
7350
3249
47435
1057
5021
535
4992
9002
953
5616
9343
6532
16951
5320
5961
7025
2641
38034
36275
861
9612
4634
6992
44793
8530
5079
1634
2220
5656
2929
7028
7135
39072
49129
46769
3754
25659
5026
4547
9220
3069
6334
9042
42363
6979
8071
9491
10504
3678
1647
1541
694
9538
8617
6860
4415
1496
41600
4974
4406
39574
5691
1231
5122
8883
17466
1082
5021
6632
42329
31561
664
8121
1270
5094
3810
1889
1621
521
788
13974
600
9463
2930
6992
1755
33746
31150
4387
8408
9160
3361
9816
5862
7339
2761
871
3037
7213
9851
6237
6171
1778
44439
608
41
4868
1311
8055
1523
6701
5749
6862
8945
3670
4302
16255
2954
21538
31769
8472
533
25499
566
6676
2321
34389
4105
7824
4163
1091
853
6536
1516
39978
6827
6973
20114
8219
1809
8971
4596
7930
1229
7896
7658
6075
2197
24158
5087
4946
5518
3480
7142
7904
23040
148
1406
1892
2501
32769
2642
6060
37479
48893
9444
28670
7228
6257
9060
1823
9145
1706
1030
8227
7880
8743
6924
7603
3289
11830
2439
22808
11344
4178
9298
48296
15460
29645
8815
684
1244
4439
769
3250
6302
10755
8464
1342
9723
8257
9582
6450
8878
3127
8343
4650
8130
38319
7336
34146
46690
5831
285
4111
13855
37531
9789
5294
39277
2632
3130
3735
2789
20124
19946
7691
37034
5555
3235
6426
2554
23475
9454
3563
9213
8930
2725
5470
5604
5866
26277
8574
6851
3070
586
9137
8770
1519
963
33919
19853
4775
5025
5674
8292
17493
8894
39075
18255
23050
45936
8247
7351
3208
4503
8950
1877
17225
529
1561
5168
919
2354
2205
35321
147
4089
9565
1912
20908
1019
26811
9247
6059
26761
256
6285
304
22449
4620
9807
8867
3380
7873
1777
5930
8271
27721
3546
3106
4218
4215
969
4178
2148
2146
3120
15348
22306
41983
6295
2406
4724
8000
13963
9257
7424
6566
49328
6659
2942
1540
13512
4743
1745
1044
3267
478
28890
17056
6976
280
9166
2271
2520
7331
15496
9892
9281
9323
5739
7955
2239
4361
5645
7717
2292
1776
22289
6568
6047
2693
562
24808
7244
3811
7266
43743
8197
1003
7226
3400
489
1564
16353
962
6617
2464
31122
1144
8891
6084
8211
41330
8791
1103
13697
7887
7027
30289
9041
32896
6920
8538
1364
12792
5908
17124
23902
8710
667
2596
823
8794
4301
344
179
5769
236
16577
44286
8880
1859
43481
9373
5928
7723
4108
8172
7478
220
9586
4377
90
5992
3336
1984
8782
3562
7520
43435
1842
6088
5189
35267
6897
25655
1881
7709
6467
3634
33122
4105
2245
41815
6011
7167
1481
1948
662
2537
795
3100
32687
8280
3909
29938
3485
43455
7150
2001
5209
3122
47337
43711
13079
9819
4570
7711
2174
2122
8399
8396
5875
3262
9330
104
6917
21215
7091
25144
7894
59
2072
5040
2225
16255
224
4693
3412
4460
7933
1084
1924
1274
747
2383
1991
9952
2846
2788
33712
4583
6710
4696
8595
6202
7118
48882
4373
1355
4129
1126
19766
6922
49277
4533
9170
4020
3800
12432
8225
3139
37935
2489
5635
9788
16440
46635
9903
3269
6061
14792
42333
3805
44870
4722
3622
1162
1251
4049
718
3770
5884
589
7835
46282
8666
7484
27281
39828
8076
6685
1564
1267
6450
4667
8123
8580
8883
5257
2445
884
7464
21731
153
2942
7984
8300
6334
4511
4685
13086
5260
9556
8906
3843
6230
6810
351
8872
3829
5656
30596
6733
4111
642
1606
4715
14185
7404
5155
47473
4389
3812
8198
9182
13964
213
5660
7537
5668
35521
3765
5986
12208
3291
5840
5867
1886
7434
7754
6048
7082
5923
9628
5709
601
5677
23101
3294
3692
1234
6563
28611
4796
2709
606
39328
8122
1879
8803
5007
2083
19045
868
32954
19853
44667
2756
29675
6652
2845
8150
2181
45125
1775
6070
9291
7663
49324
4528
40249
9305
6973
1069
5314
2507
7783
7799
24839
1865
7309
1678
37834
6852
7097
5082
8423
3087
6069
4683
7019
8338
28947
3301
44590
7615
5355
9052
2059
4240
9021
3869
3322
2040
9269
69
462
5066
9871
588
9675
20544
11131
25776
2549
25
3815
3842
7675
48832
3214
9890
3442
7349
37535
6679
332
1334
4948
8469
1490
27368
41345
2512
31220
2368
47964
2610
7195
48843
1140
8117
3159
7562
620
5117
4656
5014
9552
21914
4887
6506
22272
9750
2740
7772
3849
2944
13622
9559
7558
5599
9719
8550
9638
4759
8831
2721
2105
4399
8705
45991
4399
10447
24246
8459
9388
1421
4828
5870
6504
19695
34548
396
9715
16529
8337
1265
3378
6860
4495
3073
8185
2864
3044
5974
8462
7353
3653
8305
2377
43271
2479
3898
9882
1099
42128
3328
5449
8378
8982
8655
7621
6956
5392
6753
6409
3298
3954
15198
27793
8363
45443
7015
5643
4145
160
5199
7623
4352
19633
24893
2495
47610
5450
7861
2287
9711
7910
8783
20695
7510
2213
828
964
3920
5858
47868
5434
1127
8385
3089
5786
29655
1147
9578
6265
734
11999
11975
2658
5108
13860
36537
7044
5901
27696
4503
3018
9262
9602
15013
6052
4744
40167
3890
4767
5504
22639
6581
2132
4732
33991
2613
122
39958
36434
4283
6052
8775
7389
7842
4920
323
9928
4295
23260
377
3896
48435
2993
6449
8881
13021
12437
4722
1021
4987
4304
9154
8895
9953
10425
8655
11835
1799
7382
5910
1357
9348
9705
3984
21174
913
4447
3791
1131
8680
3836
32297
9810
9002
2998
1692
19076
9634
4504
2487
178
7470
5506
8444
7773
8411
32749
35161
5490
9201
4389
863
45138
9439
5721
6448
24326
5295
6775
6958
3597
17582
978
4114
653
2721
4270
4582
3759
1206
3611
7786
8868
1280
1524
995
3810
715
3580
3268
3355
6300
11302
35436
8008
6476
2619
462
25677
7825
5900
29145
21860
3337
1544
3219
6879
4911
1120
22446
7496
8101
731
1035
9194
8444
3440
36151
7103
18647
5645
4491
7117
1543
3788
1537
4426
8482
8436
5028
2144
8273
4254
22961
41342
1694
5746
5770
8690
8821
20698
1109
2103
5830
29418
1037
22598
7429
4889
6993
2622
39594
29041
5080
9103
15316
22585
1893
1757
7891
8220
2450
7311
2936
6349
6905
6038
30616
5450
35234
8684
492
4064
8307
9640
9621
38712
4915
1511
2904
22215
4956
8254
8599
9887
9472
7798
9735
4297
827
963
2866
2406
3230
6408
30275
1600
11679
4722
4447
11965
294
9980
3091
9235
3552
8347
5627
37359
3133
9877
1064
32107
4159
5420
4874
5831
9138
38769
967
2022
3205
1407
28601
8485
7235
35219
5639
1024
1806
2478
797
9953
1600
2629
8373
4111
1166
21056
6578
45397
8151
4781
20233
35710
2771
5048
6845
9178
3135
2433
2520
7790
1572
2457
42480
7183
4848
9112
7018
2942
9354
48830
5908
2022
2741
1882
1271
7281
32383
4559
32791
6619
1485
21446
6409
20318
10168
31800
25181
5812
3111
7244
1388
42180
47911
849
1760
9512
2049
1030
10237
5258
16720
5075
8649
3456
7573
21783
7709
219
1885
42567
8992
1725
3713
2900
37429
3496
2958
4391
28027
761
10377
27678
29974
36250
34802
6892
8989
6286
7335
2046
2219
25484
6702
2142
8631
6980
8803
3410
6885
4084
5551
4931
24516
1351
8000
8132
14303
42204
45308
1266
15104
547
5810
727
2205
5910
2604
1972
7491
47843
2744
9448
9895
6687
22272
45775
4448
8735
8665
5300
7418
5660
7967
9618
9645
786
2543
836
8139
43967
7821
6279
1578
36041
30379
5406
4362
1909
3257
3800
590
8590
1125
13280
5567
9902
2691
1417
2834
9959
9560
9349
5070
25288
4402
7381
43820
27687
14179
6209
6731
5651
2519
1469
5745
9868
3098
7906
44387
3838
9869
2948
8900
5
13039
1057
7484
8141
32993
4921
9207
103
30566
3371
8751
8988
4755
6256
8241
14631
992
4854
4003
1018
85
22102
8109
9910
4930
22357
6993
4464
4682
6931
3815
23569
5394
8444
3041
6130
11530
4811
23125
6958
10848
3078
5721
31547
38416
9675
9349
5542
3801
20383
39417
36577
16721
9309
4315
3411
5726
6656
4606
3729
15877
4679
1284
46041
6659
17082
1626
135
7010
7131
7954
1835
2923
390
3490
943
8660
2497
3450
983
7947
4377
4704
7564
9697
11633
1014
5624
1519
26138
3643
9015
9678
3165
549
4827
1557
46344
39754
767
4478
1558
4604
24694
2469
9753
9598
3212
6825
1613
3340
17478
17097
823
1916
5594
7519
31862
5345
12251
3605
5304
1617
2192
6287
33955
6939
38441
34467
14020
8826
8118
6597
3700
5960
1703
2406
9798
1547
45551
9159
7709
37521
4144
3381
6455
5445
9640
7993
8471
49345
27190
25806
23027
23698
2343
17106
1878
5280
5901
8211
2900
4907
6259
8123
7491
2898
9493
7624
670
38629
932
5629
1475
1080
6168
1870
5172
5995
8963
30015
6089
26940
45449
4239
14361
7813
3110
2786
9839
6943
30044
8971
3218
9000
9912
1933
5351
13053
7020
7176
32212
2459
4156
6517
1427
1243
9037
1208
7449
7877
56
599
5495
5677
8153
3939
30135
2608
9945
5930
7870
2939
4700
9535
7454
279
41931
3621
5867
1029
8907
4353
2030
9601
3646
4490
6202
13946
6541
5470
18763
5432
6110
26770
7785
6875
693
2755
15715
9637
9968
2062
30076
3033
374
8712
3027
1924
153
4932
6774
5001
7977
8644
5686
33024
37995
4743
4320
916
4761
9422
15279
9954
13655
2597
8907
7738
4410
4164
5493
3272
47456
3002
2474
8775
2945
5088
7900
3451
1846
9303
7376
6882
6102
2342
9064
1523
6433
4060
1476
9169
32766
9576
2406
2673
9477
4523
6949
9163
4674
7022
1044
17601
30245
3250
2313
46454
9623
7820
7418
42125
6549
1637
2343
1058
1239
372
2579
1241
48569
28686
7381
4759
9303
323
6352
2283
467
5451
46031
45553
1252
736
9640
2113
3790
20399
20343
7413
6751
5402
11661
897
6472
2395
5325
7843
4549
6275
12078
5005
1544
445
9235
8879
3269
7345
35554
5944
45807
40486
4785
3521
7447
8065
2977
973
25676
47480
2495
2652
5105
1550
4451
9916
6341
7658
5932
5370
8871
32175
1433
5607
1099
8145
1346
1455
6815
9358
6692
4366
1496
45843
588
27332
8806
5736
520
9468
1029
6203
8450
9235
6671
5682
28558
9908
8319
3561
1433
384
6331
40461
7905
3615
45867
5703
906
4780
26008
8744
4429
35372
1316
7812
9135
34866
3141
9526
5241
4726
3506
24441
4375
1998
1241
2439
4946
9418
32322
540
2642
17245
41694
3568
8664
972
8694
78
9026
8668
1033
3323
2261
7685
9251
5167
16122
9547
1249
481
3527
44803
2067
6138
10575
2965
7194
28277
1312
9981
6200
776
3685
2052
4413
5624
4920
4742
4288
6389
21819
7217
5297
7148
46630
1554
1214
4871
9460
3400
9056
8237
6767
9510
34074
21322
8089
15495
3633
3652
47814
1199
4605
2879
4788
1835
9762
5105
537
5067
2967
3218
9640
8415
5463
39560
28671
2194
5571
3550
6846
9967
1702
235
3635
4176
739
9586
1923
6298
5631
25396
1284
25176
8617
7025
4911
38698
11528
6578
13388
1167
9721
7720
7985
4348
4596
3838
2090
2336
6648
6755
8657
5370
3580
2751
1492
2271
45251
13958
8324
2421
5846
28003
8824
5376
17252
2500
9846
6664
5631
2152
6207
3853
4005
4931
9651
8069
8926
3963
7042
5266
41074
7921
22113
5666
6619
17960
8781
1212
4656
1860
5599
21580
25080
7746
8417
2646
5551
9575
24603
22088
8546
7586
43134
6792
3509
9595
2133
3737
8842
4113
5844
36430
16074
1265
133
19612
6246
7485
22179
2073
1307
28899
5144
10435
4734
9012
20303
19625
2645
7258
40387
4263
6757
365
7731
8878
2992
3131
24841
2588
879
7992
7086
9230
43437
7054
34068
270
6721
1104
2754
9201
924
9615
9601
676
9040
2964
9736
5594
10654
7320
2264
42685
4376
303
5041
8296
159
6368
961
4842
6447
3715
27091
19311
25360
1668
9448
5053
5904
24585
34371
5457
8259
23505
6508
7335
5367
17300
6739
6273
5963
6008
996
7722
48784
6980
9474
7247
10373
941
7792
1061
45
8617
40827
3827
9103
1160
46634
8300
4254
4474
4171
12990
6106
1753
16562
31832
1681
6782
39169
5387
14487
5045
3706
9420
75
43790
37136
6778
2607
4218
5848
7389
10029
16138
3906
5647
1110
7731
9003
5348
7004
9632
3481
26905
6584
6113
8713
6625
3800
3766
8799
3750
9909
10747
9150
6555
13526
1406
9644
1858
7856
31179
4462
4973
40511
1137
9436
4050
3701
28652
7507
9006
10485
7911
5043
6294
9981
31873
7412
9096
44855
4823
7757
5833
8485
4308
6718
2752
5086
4725
37782
9026
4566
6275
6286
3594
239
1374
249
6656
7120
299
9795
18011
37562
14220
2716
4466
3467
4765
36873
5331
5744
6522
23848
17069
9797
383
4231
6416
43621
5997
7217
20920
4178
3022
952
9673
6321
1692
6196
7563
7153
18597
31311
5923
3826
9322
5474
9883
9070
2329
7037
8847
6667
14815
47419
34389
915
39988
1380
9060
5544
13443
3061
8758
8914
21769
3224
2869
771
25922
9082
8620
6716
26442
5099
34439
6265
1569
40645
5262
220
4894
43608
3294
3366
1791
4897
933
1047
36439
8258
245
2083
7891
2009
7960
33223
89
3335
5439
919
6388
487
41134
2269
7596
3204
7662
6905
4814
126
6085
2889
8788
5035
5203
32590
1314
21023
6552
9652
6805
4256
7902
134
20848
5970
153
6006
4015
2519
3135
2751
5675
9574
8513
24385
2883
5819
18041
8489
1122
6948
7005
8877
2016
2662
7134
6962
2767
4381
30141
27281
8460
8876
921
9262
4203
4481
917
1850
2114
27404
2235
5352
5520
1908
9300
7100
6756
379
2316
3796
8966
2013
4983
23622
4836
963
2299
40873
23565
38892
7455
528
31465
11927
8922
4773
294
1355
7796
8548
37745
36389
37790
7417
1053
4929
5396
10418
26399
28406
1202
6718
41155
15224
4208
4053
4037
14304
47333
3287
6380
26976
6799
3027
34728
5463
2421
44704
5444
42812
3095
5765
19671
1768
2155
25565
2405
8148
9686
3273
9502
13163
7807
28021
2098
8458
21390
4087
38833
6248
7365
43899
3512
5023
2901
9412
26477
6522
5896
241
8579
9007
1797
3974
7828
1725
6063
37387
38669
8965
5806
4565
8657
39848
6492
33693
176
40840
181
7463
944
2289
1521
5783
8186
21950
5358
36872
23582
5215
9825
49662
9489
48035
2815
6276
26220
7368
528
49949
1860
16410
1199
31152
4068
21527
716
3047
10
5952
6835
5144
8913
9024
1328
4175
6351
9986
2196
2690
2957
5036
81
17634
17397
6283
4658
1551
759
24369
5186
4736
3822
6205
6953
2367
38910
5042
3800
3859
6994
2555
8000
6037
545
7137
2849
2974
7324
5012
1552
1746
3331
2022
3550
6894
4013
6632
4455
4713
2602
46121
5432
890
17442
9576
9695
35404
2507
7243
3190
5206
4915
6456
382
39649
5260
7254
7425
13494
1995
7524
9046
36951
4161
7054
3943
438
7047
895
23788
3494
4434
38570
823
5658
7421
325
8611
9475
8190
18521
46620
5975
2801
9222
4698
10129
5514
45718
1649
2663
8598
4081
8003
4647
4320
2594
24791
4410
127
4298
25058
7415
46337
394
11702
5625
1117
5004
6862
9062
4894
3445
7738
8721
6996
7896
21244
25798
7898
5883
339
1100
6530
1160
8140
9328
1188
1876
1608
6082
1149
363
515
38196
31838
2616
31950
8159
8838
9900
7288
3491
36369
5580
7829
7478
44528
8753
1579
1697
9036
4681
9809
2926
4974
1268
8251
3376
2664
1991
5325
1655
2349
1529
2654
828
6063
4086
4209
4691
5468
2207
9849
5431
15057
9328
9513
20753
7859
6432
8693
6188
3850
2592
4053
22372
2088
3517
8901
1479
5132
1834
1501
163
9628
5281
1420
6547
3548
6035
3846
4100
4094
6350
4896
8135
3364
7103
8549
3347
3044
9227
23677
4146
8463
4604
3938
8491
6184
8265
1427
1741
7673
35212
2091
40093
9253
6202
8413
3061
852
8492
3771
6722
8020
36421
7973
15189
8557
436
8619
2881
6593
27560
2118
9824
33550
9416
47418
5826
1729
32236
2560
5030
4351
3163
3114
40873
1912
21391
273
8284
8112
6712
4964
338
755
6726
2706
9990
9277
6496
22993
9470
1997
4441
7304
31552
29305
4135
2489
6890
722
2310
7601
1670
2437
45124
2744
42383
19421
4619
9485
8467
9286
4294
9691
42959
9583
6594
5747
5634
5539
2222
4546
6010
28626
9211
3553
5146
167
4658
36439
6057
2937
2801
569
8172
6641
3032
20376
8188
1905
34305
1223
9466
9096
5019
35018
1241
4957
29057
937
4630
5360
22600
7793
927
30917
958
2520
3289
10140
179
43897
9291
6660
1098
1772
7867
13392
842
2863
6228
34829
2023
4203
42308
8904
7654
7273
5098
5722
43177
14822
5314
17493
3124
5149
1654
7867
4418
173
8691
34565
29618
6123
5643
8957
6654
8129
47886
7419
19202
1378
3190
8586
2604
4866
38508
27021
6057
9934
33645
4362
636
47045
7884
6402
4806
2729
335
1490
3231
7014
9895
3238
4087
2672
1043
12568
5329
2469
3033
8906
9790
40556
7983
6295
6223
7323
2796
3859
429
1653
9381
5512
1234
7647
7145
1906
2607
37803
18059
888
165
110
3707
28887
8525
987
5103
7433
49700
762
3283
15214
3946
8846
14942
579
8507
8367
7744
5129
9027
1123
37569
32693
3128
8871
4366
3411
34332
5693
71
7438
5752
2530
2708
5033
33316
1206
1890
17411
8644
21824
6057
5115
89
16742
8561
8836
16591
21585
2618
5282
6391
48645
6139
11160
18902
8750
6023
7207
3365
9250
8185
2794
9156
43747
11834
2740
38475
48233
7869
5018
7588
4549
3465
5385
10952
5049
28555
4315
2495
8133
4894
7715
8828
4583
1094
5086
40244
4241
4786
571
46478
1909
1924
1108
63
3604
604
840
38858
5165
9805
5514
7691
3197
27487
981
6370
10850
532
7091
4076
5204
9893
3808
23516
8438
3969
49865
29923
9609
3086
4735
49937
3278
6786
3069
7464
1810
8185
4876
9084
6012
649
1761
2273
6754
9263
688
9384
11427
5589
3304
5389
2832
7243
1217
842
6241
19300
37802
28211
6253
8690
4807
43240
4826
632
9201
1694
5073
15081
3935
6020
2065
12156
251
2823
8685
8222
7236
8026
2620
706
7534
195
6229
3419
488
5104
9509
2899
3793
6613
29095
3074
9461
4593
2596
4265
6793
6231
22731
10396
7255
931
7538
4499
6864
8190
5932
5549
9473
11822
6163
1598
3136
38535
1054
9747
8513
1300
45883
8786
47785
3001
5353
1690
7722
6402
1722
8045
9103
6304
26429
5152
6489
2996
5220
4950
3811
9404
7044
7663
45207
8262
44705
3170
1240
44722
15843
5810
7531
6754
2738
8961
1673
46336
3731
7204
7886
27191
8818
2807
1280
165
7574
893
9626
1257
870
11850
16624
5613
1189
5582
5159
1789
3085
2074
7669
1883
2555
7982
401
464
995
9303
47255
4552
4659
616
8201
2717
5019
2624
6306
30075
5503
9427
849
384
4966
17868
645
26957
1154
1599
4539
134
441
5336
6226
979
4781
9503
45151
5486
2534
9046
9613
8718
9389
5737
2686
6323
842
9053
15001
4621
6463
1222
2417
2562
44059
3446
2079
1004
7792
28809
4067
5495
1544
7824
6630
5181
4291
8621
31849
1963
821
42680
3572
402
8606
13895
3244
9159
41668
8279
5949
6105
5882
6764
1477
5585
21664
2077
2954
2984
17514
8693
5553
874
7831
3774
271
2558
10134
1743
2441
3484
1102
15231
2854
4408
7576
917
1346
6153
6186
13801
4919
1216
9205
3967
5841
3669
22734
2079
8724
6179
26725
8739
6710
3805
47170
9597
4170
34921
40646
7104
11505
18679
6395
8098
5627
5901
1389
6621
7561
2154
4832
2646
45303
20356
3253
7371
38619
25005
47640
2910
6763
1738
1294
22747
1726
1115
8396
8382
153
6149
5267
2004
1616
778
7028
4913
16764
566
9832
46786
6459
10929
21115
9793
25594
9431
2571
7509
14401
2317
7632
6819
9039
3415
8760
1390
9917
3242
4499
4806
2224
6915
39762
40911
1823
539
7453
1477
35611
2532
40410
9861
1772
47313
1063
511
3546
2870
663
8171
4070
3087
5595
42131
944
9865
4785
1163
8348
6264
9543
9274
8523
3191
47034
5237
2197
2645
1554
6185
12042
834
3182
26700
6099
93
9441
5967
6570
837
795
7378
6785
8822
7287
3749
3911
3074
4717
4107
21187
6172
40652
5594
1312
10838
48119
25523
22900
821
47607
38394
8402
4729
5691
3141
9499
2661
11257
7427
9700
5266
4180
3808
2316
2195
11276
8696
7366
1494
2779
5289
7200
7670
9672
1224
1764
5220
2539
48972
4620
7500
7072
41237
8469
1325
2708
805
4755
535
6325
6753
3220
6190
2783
6289
703
3460
8077
51
6742
28690
1456
33105
519
9374
8650
3071
1144
1203
4220
6378
5515
40948
45597
34399
177
9446
16499
9006
2157
3359
4540
2989
1119
3491
41812
6207
8373
8980
3574
2852
2076
4764
34678
8026
28257
8288
4801
9080
8093
34092
769
9279
6532
14393
2632
8834
39759
3963
18433
4032
3849
6910
1464
5340
3723
9703
28117
911
577
2725
4136
30654
905
3304
9631
3865
5191
6144
8064
49767
4895
9521
8444
14089
1494
4675
947
8386
4562
1634
7556
8921
929
5126
1813
4021
6704
3148
30107
41369
29790
2031
7959
4320
6380
21858
2723
2094
9860
9564
8840
9700
8387
1650
7925
4617
5929
9669
8054
27809
5957
3784
1292
7855
6279
5872
6831
1565
23230
10867
4885
3535
44325
2387
4943
1057
49588
6419
5288
4378
3007
4358
2421
9661
5456
43878
5649
7885
44911
41764
33052
35746
12389
33137
1410
44174
4494
335
43861
2700
20814
5758
816
5907
8368
1629
8923
8685
4154
155
5542
7288
2718
5451
16539
7743
37408
9026
4841
4347
7791
9561
14733
6306
9579
9099
5750
9326
9766
43120
31734
33663
348
9670
408
2271
6953
8452
139
11217
1162
33
624
7951
36233
19531
44646
5966
7700
1813
1037
48981
46798
7678
4858
6241
538
70
22039
49942
336
352
7537
9300
1392
7075
6973
31723
3477
3361
825
50
8416
4283
14895
5509
30915
135
6242
41698
1080
2621
5935
42147
28628
9397
9773
47660
708
7695
8558
15983
1234
10970
5068
2791
2801
9051
8526
5435
835
1840
22895
3901
7862
6512
6019
8239
6813
2030
3842
5070
9878
9290
1863
17547
26874
7400
1956
5839
1190
47514
4681
6284
8493
7360
2114
8663
3951
5482
9721
8794
10467
37980
35202
3067
8386
18893
8750
3725
5686
5360
2072
4410
38584
7787
2821
5054
6287
2430
13232
7982
44383
3582
2576
7884
3355
1665
29564
43224
5012
6231
1644
7355
22837
451
9045
3604
5558
9351
5830
5292
8160
7778
5778
2133
9266
4531
7212
5658
1636
5538
4078
1924
22894
7878
627
4101
5984
6619
3707
6490
33827
4609
6515
2885
2103
23939
9848
1761
3553
7152
1554
41561
2717
250
8353
9832
5690
12072
5106
4811
9684
1588
6277
7888
6507
1733
3962
7333
6057
32842
1320
6312
26294
57
6011
9369
18276
9180
5011
2488
2714
1335
5955
31027
8034
5183
7643
7819
8698
9217
4120
1170
6103
478
48432
830
3507
5618
1953
7072
18213
1634
5968
9283
7272
29784
5048
3246
7822
3558
1438
6269
1545
31124
9457
4423
5726
1193
3272
6119
6525
9127
7868
2886
6169
8240
554
8311
29355
9671
9127
458
30256
10475
9793
302
1353
3133
7312
1666
44350
9055
9085
5871
4094
18983
45799
3212
1466
29770
29069
4056
7683
6777
4728
8231
4758
3122
41963
2263
7957
6196
1318
6831
1391
32936
9785
10667
4802
5105
8349
243
4660
36383
5511
3527
2576
3054
6517
8957
6938
9329
10638
8660
4539
8709
41410
514
6291
3114
3453
495
7436
32858
8410
7513
13905
9437
1826
34913
2175
3755
587
4259
6360
2870
11474
5371
6953
10966
542
2643
4848
9278
25099
1987
3519
4163
7335
4611
8420
2434
6599
8567
8624
46075
2880
6182
25631
5473
2036
3348
290
2626
23230
26667
4346
32672
9714
2134
1345
1885
9681
49297
1252
5976
7013
9568
7335
29208
5856
7514
2214
35110
4921
961
1440
23913
8640
9371
2240
10560
43118
6277
8876
2240
2297
41240
5689
9409
2250
2054
8043
9527
169
5580
1557
5636
6876
9366
63
9691
1256
4057
1369
815
3404
32486
6756
8759
6702
9304
9160
460
45851
6683
4927
28715
21857
2588
5923
743
48
46927
9256
3310
3212
3768
9925
5881
316
3989
1422
9845
4814
8802
3064
6296
5296
1647
6717
14912
32945
2331
4518
3713
1775
25050
8854
680
2493
9763
6781
24130
32879
15433
8294
43412
7936
2602
3463
992
26647
3972
30351
9704
7931
9461
3724
8569
239
7129
2800
1662
5104
4470
2477
9563
5665
300
31503
5005
9
7902
44678
4027
8679
2430
3597
1341
3688
5473
7763
8288
8716
36391
5669
7568
4676
1322
26852
4952
29972
27756
4502
1235
6539
5217
11715
5825
6482
7158
3145
40676
2328
4216
4573
6007
3460
2863
3463
19139
46121
708
1790
505
41487
28627
1750
4814
117
1732
239
26
8011
16541
38173
9995
19961
7917
2849
1906
4458
16203
7969
26597
326
3162
26538
5109
2216
6886
3873
8727
7971
4755
22187
8762
6482
239
2112
4694
486
6318
8580
1191
385
7995
19997
8391
4345
6222
1431
409
5683
3456
2104
5347
8363
330
5490
9847
3320
8538
8104
4590
5998
9254
9761
7449
9487
11940
39229
4705
2136
42597
6022
8873
8264
1019
3721
88
46134
5899
4408
731
42493
7393
1500
952
44962
2859
6602
41942
8734
2778
8266
29697
26930
9943
28525
2349
177
706
2354
3104
2840
45342
394
6452
46238
8273
47571
13717
5147
5903
1080
9400
4933
4225
13247
8952
3971
3493
7326
3872
7070
15522
46174
3389
1653
5154
3414
64
41374
8340
2510
438
5354
5979
6903
7431
2545
5081
15317
179
7799
2826
807
253
493
8455
4206
5839
11294
6700
5645
38044
2986
5933
4764
2301
311
4071
9027
730
5464
5954
5749
873
2724
9176
35484
2708
5599
4468
2504
17085
9176
4584
8067
9149
8647
2222
9733
4377
17030
9334
8600
27407
9339
2943
14226
9972
2560
7181
1726
33816
37173
5252
19401
3474
44874
46829
1699
1240
1023
6469
6985
7075
4821
7347
19431
6681
2126
7194
6930
976
29796
5913
3711
1220
3871
5283
2065
4028
4792
26121
5717
6118
7113
3391
3313
7722
5838
4913
4101
8199
2880
9255
6797
5061
38824
7962
7154
2193
48955
4053
40523
4911
1017
1343
36397
3362
5466
6864
9611
36128
2060
7808
35801
2304
37071
817
2388
5893
7571
2211
5251
6868
9857
9422
20301
11347
36057
6430
9681
2847
18873
73
9785
9728
41018
42368
6020
13952
6346
5285
9480
7124
1776
22538
8737
552
4248
9115
785
8968
2895
458
8741
42748
31146
5567
39431
8994
1043
6950
3344
4481
7137
776
9975
38600
10146
37851
3301
26659
27897
4712
16691
452
9880
6694
3546
318
1289
1688
8410
3066
8407
5013
2956
8934
5598
3509
2605
38683
9056
9807
4212
3287
6475
28167
3856
2564
5102
2564
6827
8021
1571
49135
9718
1005
4042
7272
18558
17472
8096
198
8590
5828
7713
249
3915
1640
1878
1041
1514
6244
39455
42739
7432
4965
5151
4192
9908
1094
3829
4702
2383
2151
47572
9312
4872
9992
6590
6448
33141
225
321
4003
1735
11490
1173
5894
23250
25949
3098
2091
7175
8288
3745
669
911
5780
3122
8844
6729
33195
35888
7624
4485
9326
45139
34824
2437
7381
6917
38639
8215
8566
9033
7100
3872
832
4968
7731
6773
37862
2658
8552
9913
8495
8359
3916
3613
1527
9050
905
5017
21219
140
28855
3764
3103
32205
9486
9878
6879
3703
24333
5818
8219
31410
37310
45621
2614
4649
1105
293
5989
9320
7616
5114
794
1758
6779
9845
2775
409
32696
1831
7940
6121
18461
9557
39640
1325
2918
3894
7019
49509
24222
5818
28248
8652
43680
6233
7460
8899
334
48549
22375
2003
18409
9172
18640
7049
6803
2719
35457
7132
6790
5329
79
21254
7065
5685
48096
2188
29013
21371
5822
8640
9059
12102
7838
9522
26831
1565
36661
7779
41741
12717
30272
1389
8875
7167
17495
6169
7700
8113
5216
1780
3817
2211
1545
7902
8377
4142
5804
9089
7146
9863
8980
1868
4541
7139
12260
2390
7004
9163
9674
6022
2456
1697
5217
2073
35472
9471
6399
7344
6538
24107
7687
2836
8291
39766
41406
9528
8929
4854
11988
9261
1393
8234
174
3420
325
4762
3407
593
2581
8256
5056
6644
5587
2147
5623
40713
7745
5315
29709
7880
120
4452
9674
9809
6733
463
3905
169
1094
3685
9940
9005
6892
8944
2003
9390
3918
5057
33673
2222
7455
3454
300
5020
8245
3451
6475
9303
1281
1595
9854
895
5857
5574
8751
8116
5655
5681
2527
4710
31400
6698
8119
7544
10000
20034
7945
1479
15383
4752
7507
9997
6517
6747
3252
2321
1047
9932
18108
8402
1979
48128
4865
7842
5080
16978
7374
3685
129
6045
7735
7126
43791
38928
9341
5791
29874
7964
1166
6111
2194
8255
3668
1333
4078
47802
1876
6284
9074
8145
1738
7408
45145
2643
1330
951
1947
569
9094
3396
1667
34403
1217
3022
9715
498
16172
466
9880
3944
7492
1759
9426
7522
4334
6189
3060
8405
29375
3268
474
8240
3042
1811
12404
5429
2446
3771
7766
16920
839
31510
34308
4331
9093
8006
5219
3561
4985
5332
9841
1257
1189
35701
3886
5744
7376
6720
25294
379
8208
3115
40812
6412
5587
4681
4940
236
6954
4966
9870
18856
2918
2135
37765
3466
23023
16163
7839
21075
7755
24574
7453
3950
80
1258
601
949
4550
23082
5001
2641
30251
23587
7317
39610
5617
2798
31357
3113
3434
6159
2073
8450
34421
1502
7617
35266
5482
49104
9685
309
7158
24838
22198
41403
7326
27998
8228
525
610
1954
4170
4550
3350
5752
4550
38446
3566
5768
38990
24649
4885
971
8660
27032
3014
924
8280
33732
6719
2322
7098
7019
8227
26967
4566
28196
9413
9266
5582
7394
2775
9668
146
2723
7446
8613
11224
34460
7533
48266
5452
2791
9089
5480
1415
20805
6178
9917
6057
8915
5966
2318
711
8486
12724
14167
5389
728
47717
2999
8587
313
3849
7825
35808
3057
2417
38122
3052
9516
5728
7352
3384
4107
18708
8862
1582
6909
17533
7124
1777
3920
929
3005
7773
3578
21484
6287
1729
16334
5904
6674
6935
40428
4574
43043
5715
2530
2465
12685
5600
2580
42505
3055
5252
7450
4359
34352
67
39878
7617
2486
2148
18739
31158
6777
1733
1219
4502
2265
1248
32821
29163
7143
3265
6629
6862
5008
7664
630
7795
6732
2809
49558
6849
5367
536
8765
9711
4751
39537
47813
8258
590
6396
3676
363
4908
7316
741
8273
5062
4544
6870
9413
6932
882
5737
5258
1095
31412
2487
2929
2350
3254
7193
5671
3082
1322
9165
7823
1258
2176
30509
1743
7840
3841
1004
3646
9370
9029
3443
36860
2947
8340
1335
7625
4551
9326
2736
6198
7111
1182
6099
3399
33820
9403
5290
754
673
9548
4169
3733
2184
4447
8703
39507
8257
2917
6920
7738
5378
13791
2307
6087
4800
8932
9171
5983
8835
6821
9374
12784
767
45000
31252
7036
4141
1511
2470
9445
8955
7293
4611
2644
9584
3665
2926
2415
9390
880
4513
1290
1515
31330
8445
296
324
2441
6355
5725
27411
5248
5394
8860
6845
5154
2442
39082
3516
5963
7089
7105
9439
9575
3263
408
39876
7231
3041
37999
39827
509
7222
2232
9332
5441
2244
5265
6224
8622
387
3532
6138
36167
31567
9577
7710
38045
10022
26637
7005
2835
7370
7772
5702
2671
5323
331
1182
7425
1279
2375
1429
1176
28651
1998
48288
4522
6260
4361
35099
34877
4731
8296
1346
28803
9395
30588
7984
21388
47029
656
7977
6693
8715
7012
5784
9696
1592
44989
2121
5867
7164
2103
2636
48306
32228
442
39561
1552
9877
3163
2446
8964
9374
1011
11999
1711
8999
3243
3286
6615
3153
5050
4305
1424
3468
21599
4392
8965
2724
8272
8132
6116
441
42375
1126
7959
45383
6245
7049
9289
8209
8984
4337
2595
4856
880
1031
535
4043
20072
3354
1777
16334
419
1126
8086
7703
4274
48970
8677
19561
35710
9262
4438
3924
2399
9243
2435
38620
4128
2949
5906
6839
8767
16323
24712
2517
7114
2787
2952
7298
3044
8605
8440
4577
2311
4228
4211
3566
160
11632
531
7668
6455
2754
3505
3103
5047
12682
3235
24144
729
1278
46272
8572
3248
7023
881
8973
2301
38838
5712
4639
23
21358
829
3155
6367
30794
4208
1524
8410
8793
2112
6257
13522
8590
6972
5472
7498
2018
26082
4332
9249
1351
8012
37647
5846
14064
14975
7954
8825
8191
764
7583
8874
1133
8221
3767
3221
2854
2502
6308
287
6072
9672
3474
8579
820
45025
49548
41746
413
11323
20728
6348
2020
306
890
96
819
5371
1574
1108
954
29702
2157
9152
4848
825
18422
1413
1788
6746
7806
6475
6277
1005
3084
4972
9512
4624
3994
3105
339
8059
2818
1272
1444
7992
4947
47218
20535
3593
6637
5001
7192
7471
998
7774
7661
8641
1692
8906
3481
1838
44035
8296
6784
1281
5385
7279
9675
6043
4159
1348
4719
2819
1945
454
34077
9297
1263
3187
111
9915
4740
3177
6558
4662
12143
5488
4459
7750
8733
3646
7772
8279
1879
16675
2270
4022
49761
5358
39774
5279
2913
3980
7287
45009
7141
3926
5222
9524
47888
4722
4738
1812
38439
36902
4284
8713
5302
8695
4105
3065
9587
1790
1783
27929
7844
32458
8151
4197
1452
25472
6835
8995
4098
5402
47275
21399
1964
5075
9734
1180
685
4128
7969
9882
6756
7696
7022
5134
282
34650
6901
2742
2665
7010
8823
6033
13632
12315
933
28857
25871
696
2208
517
26772
8719
1348
8395
1730
2610
5859
6794
7527
5890
2691
9597
5741
20836
6048
9887
40695
9274
17269
8003
2570
2208
1571
6865
6650
282
11721
8368
46304
5468
2964
2042
52
345
3290
1929
9182
12085
4307
2295
42721
6533
6373
8151
7934
6121
3512
6915
3535
850
1819
523
3813
7156
10270
5049
20891
30450
4460
6875
37598
4220
6772
13058
38648
6032
37036
5191
4597
649
2508
2800
29602
4010
6150
6502
41357
22351
3769
2864
1759
43706
4304
5239
1843
34
6764
22647
816
2966
1352
18124
7224
8116
1265
8199
7249
9197
4947
7027
3142
8304
6737
8326
3331
6388
9170
8805
6983
4570
4055
24811
9169
5285
29
28319
9406
16230
5306
5664
4124
12959
2331
5974
36087
41236
5323
1806
9761
39086
6820
5524
12106
10701
9686
9029
1325
5091
2198
8199
5889
3943
33476
15119
29902
6395
3518
5213
5597
5919
1987
27590
6908
16608
8
243
8335
35956
7930
37164
3379
41141
16463
1594
41596
41361
5043
1919
4728
360
4719
48805
46680
5744
6455
3030
368
7805
35642
1122
3561
4390
7651
3517
11552
1501
7356
46464
8102
4141
6076
6914
3889
3622
2801
1334
39859
39906
30331
8066
7019
2639
3612
8541
6349
7917
9305
799
2667
7373
24187
993
2151
5448
3734
1375
3442
46005
931
41736
2207
19883
6047
46936
45932
60
32234
7106
8704
2713
5068
8111
9824
4087
3944
5790
4111
212
2406
9957
3898
4998
9395
383
7425
1299
7386
8199
7961
6085
37287
8823
5732
4733
9297
4125
5289
8557
6116
1910
4943
4528
7117
30358
44549
8499
3116
7645
400
2005
8024
5434
9652
7971
44018
468
7833
17316
6042
756
46216
23119
5378
2053
2291
5152
7751
333
4985
5683
9662
5119
2501
5836
27979
6331
23381
1006
5310
9563
1729
1296
7264
38310
6183
8726
4502
2382
9465
2645
7085
9569
6970
24481
6627
26585
326
2957
503
4829
9114
766
7398
1141
48832
1913
5148
3090
9079
39521
3147
12752
4227
4471
4804
40516
4773
5400
7727
1055
10508
542
10189
3863
2005
811
726
8522
2323
3307
6252
616
878
2979
10035
8600
7913
3501
9317
518
4954
3614
5146
2617
8654
4131
2995
43870
4046
2682
3238
3147
7813
2427
589
40624
24800
3892
6251
4648
3098
27423
34822
13332
8398
9453
6334
6054
9107
8208
3503
8935
2070
5051
7141
6419
9787
3814
7985
2116
1414
41358
848
7537
7832
9403
1304
44053
6463
4020
2654
5352
1836
1662
1521
1774
50
4887
9963
3435
9985
458
4889
5269
9907
4663
7039
3793
15206
5741
6620
38094
8845
37021
3142
3501
40621
3263
9734
8387
8554
8141
17352
1790
2227
3193
21370
9348
8099
4648
6437
7283
5135
7954
7395
16817
9541
199
284
8104
6079
4271
7875
5159
8215
42516
2030
9679
30640
5402
5004
3556
41868
36406
4234
16704
3320
595
1638
7967
358
9751
6029
8367
7272
902
11586
6007
3715
5326
7577
6589
4967
2036
4987
47408
1562
8565
9378
2750
1486
5253
6596
2728
7203
45538
8060
8711
7102
7068
2487
2835
5313
9177
3077
201
24150
305
8979
47834
7388
2441
2014
9789
36221
1346
2535
9629
1316
25499
5994
763
5849
4661
777
7850
4090
41323
4752
6453
349
2056
3925
9021
9332
2968
1510
4169
3536
7608
2157
42014
25434
7098
5772
5860
8101
4811
1747
660
4821
31939
7773
3255
6378
1209
28248
47600
42889
29
7399
6318
107
9547
13501
44053
3513
5777
3216
5987
13017
2191
2605
6761
7396
9715
9339
5326
22444
8268
4838
1781
5279
8488
1042
8423
4997
4081
764
5588
1434
5723
3768
4431
2761
2671
9393
3014
7643
8759
1658
9712
7432
6993
6198
12742
1924
9649
4516
5048
11271
313
5793
32879
9966
2083
2275
6127
4072
5821
2976
3189
24738
7293
9577
9516
16337
3089
3918
43692
7403
1764
2663
998
4978
9953
4235
49656
7044
6379
46752
1235
3564
2138
7821
1382
5956
1390
2439
6266
4915
4170
4765
4859
9731
8340
6107
4934
2675
2867
9192
7244
7078
19509
8768
48873
7123
3535
6749
4242
9127
7316
5648
4511
40762
9548
2169
26312
7511
543
2949
7202
803
6855
9973
3236
5542
29202
47458
4562
6486
9882
235
1970
8924
2751
5875
3130
9928
9507
25108
4592
6310
48403
3166
4796
33814
2265
8408
3510
6502
8439
2972
7162
4285
9101
6137
3850
6374
30284
9382
18607
2724
45574
3420
2121
247
3018
40743
8025
6243
3144
2597
8229
7244
5741
18281
24748
3980
6014
48836
2247
541
1116
6223
512
11150
10344
8670
7648
4493
6904
3390
27939
3182
9702
4904
4077
5840
9426
6856
6744
3005
11991
7918
3556
8443
4293
12776
747
3844
3546
635
6005
8173
8577
3410
3333
8549
8688
4311
7719
22959
6072
2323
846
3302
2005
7103
523
682
4343
6710
3571
5574
1668
6698
1691
8340
4198
9534
1028
7176
2987
7721
7512
6637
1462
4034
147
6829
2886
9901
4538
44100
5105
5394
75
9918
39299
6243
5346
8786
3520
3336
4015
4846
31712
4693
5203
8236
7402
14935
1902
3913
1859
4822
48727
1124
7702
9077
8794
2639
2953
43777
49395
5672
175
27373
2119
341
3903
7304
5450
1948
7821
5566
9711
9053
3878
8289
912
4673
6435
2687
747
6871
5846
383
6845
698
6435
1690
7634
4630
8485
5321
4958
7936
1740
34263
343
6049
7258
4207
7761
37057
4691
6435
42945
593
7959
2840
3
9678
71
4725
3379
6257
12622
9453
2015
34946
6194
1089
3497
393
44756
4688
4748
2408
28066
4179
9247
9182
5174
46173
6457
26422
7969
1222
6847
47423
9459
7702
2661
24403
33558
7577
6418
6128
1050
8139
5630
551
2245
8616
3659
22494
4368
2108
4764
41628
5094
5183
746
2172
9971
49148
4318
9177
5698
24498
7135
1827
33263
23456
7542
4741
9406
14182
4515
19072
4709
3140
39561
3203
8359
3318
32650
36746
6707
42653
525
5145
8392
231
32652
5984
4194
3522
36122
4374
7622
836
42292
8297
9709
2443
1569
1799
4128
1026
7456
31818
161
4292
8343
4822
9965
583
4852
4144
9218
5337
6814
2869
3685
49772
8041
6771
44931
9316
6385
6851
7899
5820
9405
1517
8692
6059
84
6513
25729
6435
2962
6913
35430
23861
1149
7146
3337
4288
6279
5807
47406
1246
5527
8237
805
6623
1412
9751
9783
16056
37453
6691
8293
15350
6926
4311
9913
9674
3460
2932
8000
5523
7694
6382
3045
9297
9054
3515
1833
5261
17664
45538
2404
6776
33704
5380
4121
8610
5755
2324
6601
5428
38326
9128
1443
5116
4105
7612
25977
894
88
10976
18803
13348
23326
1929
21669
31627
8243
1317
30224
1632
3590
6807
45
162
5756
4735
3398
439
31126
7546
1019
8794
311
6582
6522
5276
5700
47607
5600
2917
1567
6576
1104
260
6408
3875
6441
2651
11374
14826
5470
17928
2488
43294
3055
9002
29974
5447
1192
4125
5423
858
1831
2629
5134
2083
37642
13
1161
12075
9715
42901
2288
3109
9930
1489
16121
82
7150
8114
7061
7809
1939
2125
4881
4396
42536
7678
3637
6790
8048
3238
21401
2057
2537
1666
9925
586
3090
6284
6431
13913
4570
35410
3157
9903
2027
2379
10004
7662
2787
44061
5451
2914
3119
7905
1707
544
5817
8933
1848
7480
6309
17791
39347
44149
1831
36313
4386
31570
35931
2229
9614
6446
40184
9741
183
8426
9088
6050
10950
9353
1715
2355
42674
1075
7207
9971
5441
9362
461
6195
16824
35624
11562
42617
388
8521
175
40563
2801
48635
6073
615
4477
28188
8799
5308
2645
7939
26228
2391
6908
28652
3598
4654
43901
5309
454
44879
7227
5562
2347
8420
3253
8341
32469
1662
29475
4852
3498
34669
4543
8618
5926
97
8720
4
8500
4695
41017
8819
9687
1605
8712
3306
2335
9940
5582
6939
1316
8149
6689
31662
6631
3955
7055
9215
23301
7391
1030
346
27555
1531
455
6081
5797
7592
1768
8577
2641
8513
4122
7250
3115
34988
9754
7528
5827
9634
38027
19655
1600
9828
9414
48162
37704
5260
31624
6468
7770
4449
17119
9598
8815
7533
2897
4356
1931
9037
33623
1762
1493
47205
158
4048
9756
794
4138
27968
1461
4298
35126
5195
27480
7808
5642
31077
47075
24493
101
25218
31470
31734
130
5823
4480
6661
9664
7824
6518
4131
13712
4248
1948
8234
3652
8014
19503
7051
1039
9716
5042
417
5646
3097
5392
402
2614
3692
4609
7459
7662
498
13645
8741
4042
47092
13649
28120
270
1472
7336
7406
3345
9862
47797
5803
4019
4073
31242
3001
1031
41876
399
1287
7276
7364
2889
4832
1546
8788
8270
796
9998
1437
5651
23
3897
7161
7352
6620
4818
1438
43202
9674
8413
5258
29486
13248
2430
7038
30315
40667
16260
6727
9550
6888
3859
9059
1456
6096
2121
8679
12560
30912
7419
8223
8447
46325
9025
562
9058
1257
5592
7593
2630
5398
8667
644
2593
4303
4024
4737
672
511
9238
5954
46039
23078
35033
5298
6153
3127
5183
6700
22444
5636
8146
1190
3551
3622
21887
3112
5441
3742
7808
4857
2751
937
24215
3495
3720
420
15025
296
4607
25567
12051
4838
4675
1719
39020
2585
5847
9315
20181
4950
2661
2773
7435
3270
7619
9404
1569
1462
20492
3129
5224
4093
10535
6077
5980
2884
9131
8407
7159
9859
26952
7447
18697
6592
8394
4522
3917
4580
1788
44378
4296
4986
92
1260
1850
4068
3530
39952
1384
47588
7400
4642
112
4031
5811
3006
3944
64
7839
2843
5849
9283
1211
32049
9317
8770
6844
6867
8264
411
8599
644
5269
28211
7148
5790
2249
6919
40
2736
9012
2779
1840
7972
4554
4076
1405
1860
46850
9633
507
42229
7180
8058
8999
29926
527
9808
4782
28631
33402
3068
3861
21728
9224
8606
6670
8828
5836
9063
26823
4614
9838
6179
1521
2536
5191
9501
5841
8940
1628
5204
5467
856
3678
7072
1950
5460
21045
9614
4456
37496
6440
3000
917
3679
1526
6072
417
3336
9668
7265
8684
2660
2114
8903
18072
36228
8828
7680
4401
9130
19158
1211
379
12342
520
45979
4281
26499
8212
28245
713
2246
15120
1512
4421
1670
160
34662
407
2880
2020
266
4435
983
28249
248
9570
7780
878
4090
7123
7759
2266
7188
4337
5211
6888
627
8675
9534
2685
7745
2341
9357
47466
33870
2214
3987
8238
2205
2641
8518
2115
679
6320
3251
9515
35493
22270
3150
4535
7749
7187
7142
3908
9727
6888
1375
5667
1986
3585
5431
2438
35824
2688
6104
1860
3280
8950
3494
2585
884
3451
2203
1949
4550
5793
9331
20145
5280
854
32686
5885
29195
44856
7211
48756
9864
461
4845
5580
7773
41160
10812
2511
6872
10924
7102
2951
37211
41082
1315
3441
47171
41901
8488
8815
20279
2213
5224
14105
13735
5671
4914
4248
26029
7302
34722
5788
5722
3129
9234
875
234
7246
30008
2278
4322
1262
46028
38277
9695
8596
3758
9046
8744
3927
5915
17347
2908
67
9385
1979
33160
1270
788
22362
6551
16906
30790
9178
2942
45147
5583
6011
6055
7445
8521
3143
6362
7393
2730
6843
3698
595
996
5917
6192
3891
6166
3133
3315
765
22598
7615
6553
8173
3189
22278
5637
2686
6198
4152
39015
4031
2102
3575
6350
1635
40323
2020
985
9861
4573
10813
7703
23796
789
2480
6958
2558
4304
8209
31983
4604
16205
319
2936
7661
40520
82
178
48046
4492
9439
31330
9243
49827
6237
6172
4862
9335
2690
4481
6777
7064
8750
19107
4076
27042
7345
5497
40992
4423
42478
2249
40279
7539
7521
1903
571
2789
801
7739
723
8274
5744
2168
24114
9344
422
983
1892
13502
5925
42484
8538
4407
8424
8982
7379
3212
3911
1230
2820
27071
6403
8934
20360
20773
2321
40082
12
4385
38531
3091
2614
9534
9302
7110
46746
3266
12435
7054
28703
7396
7531
9045
346
101
7161
161
5635
30799
3661
3348
24804
9913
2257
7718
29880
17477
2719
42029
45644
3167
13963
2239
9549
2449
8910
4868
1963
8485
45255
41561
46456
42038
7059
9908
5881
2258
6982
9946
8806
9487
8738
1115
12339
7290
6335
4704
16271
603
5988
26597
2409
7259
4386
12904
1325
5699
5646
4203
1138
8740
6557
1179
13090
2891
7728
472
4657
5635
29187
2777
7638
24072
2128
9571
8820
415
29683
23120
43904
35715
3989
3868
1992
5713
5849
49060
1672
5413
6148
7662
8951
5563
40118
2312
33363
8627
37180
7671
17748
128
6029
3940
1807
4135
7823
8884
9762
8603
8557
10586
3922
5634
9265
3605
6458
1959
4364
25460
21812
2805
9233
35431
6867
20596
8625
14935
26039
1959
11066
8009
1649
8728
1885
7311
3909
655
5416
23639
501
24483
5570
9128
33193
7396
5135
5014
8914
3549
17570
6310
8612
7550
30589
7942
1381
4572
7738
6817
8668
2616
2716
8634
19096
2671
92
9927
49445
2491
3943
8037
2631
5066
995
1801
5391
8503
47689
1665
8519
4762
8114
865
9138
21675
6522
14161
7686
9454
13487
9501
5022
2841
209
1077
42311
6262
5606
2802
33961
7379
38469
5605
44335
14
4539
9939
31452
1346
905
5764
3869
5032
34214
10327
27466
9243
6549
7524
9968
520
48129
2629
9170
4956
9370
3781
4165
5247
7883
6225
5723
6545
1444
4784
8135
6684
7281
14290
4050
1984
3412
1567
1941
3957
983
8278
7909
34951
3920
3510
9608
4625
7693
4993
6710
8582
4883
8328
45237
8836
8195
7238
39697
535
23778
9195
13664
9920
6848
4957
8419
6719
333
2269
4943
4500
1319
23516
1992
22823
9208
3610
3873
2331
21781
848
5965
34970
5962
4294
678
2987
1367
7095
32042
3861
8950
44968
24074
3421
3220
2082
6747
9486
6949
9530
2786
3785
48915
44749
550
954
9131
4474
1008
2358
7951
5286
9400
3137
1307
9367
8906
7991
2116
5692
9282
4259
5134
6541
46560
9521
3059
9870
3965
5597
5889
3562
9584
5623
7683
954
5836
6567
9149
1190
3767
20289
1932
8933
9170
9150
8631
46370
8308
41891
9380
321
175
2578
34084
34183
201
23137
5284
26125
2160
47640
2045
6233
6612
3465
6658
8878
8328
463
3612
48087
9715
32726
1238
5262
1416
24879
27340
1950
3426
4292
3600
11295
202
7807
9483
9881
48948
544
8979
5999
1365
4887
27650
2413
6569
205
5165
8023
2451
1403
2883
5846
2153
9653
24189
4903
1925
8973
4128
2175
2403
2211
1617
4996
4116
7090
45991
1549
1455
4254
9802
4606
24923
1141
8796
5383
350
6971
2338
126
26488
2309
3320
1633
49899
4614
2979
6600
9712
8601
2796
19433
2290
3892
33431
7068
2034
2648
4707
9632
967
17860
43183
8037
8338
3419
35575
17607
30859
12177
8741
31321
7957
40898
6541
6171
4907
2349
5203
6135
9906
4862
3331
9472
4164
48195
6095
47361
20057
32445
9993
8990
41275
349
9596
1935
8155
29900
26813
4787
49874
8239
7070
2828
2244
7742
6599
1542
6367
6943
3086
4812
4947
7898
8278
3755
13832
658
2893
1053
40399
9752
9226
4667
21086
6567
8065
6310
5461
9324
8630
1826
5985
22901
7048
8547
7124
7641
2469
7398
1214
1849
7670
16486
48520
363
2258
6799
1341
1359
6360
7003
3840
6352
1381
5608
1171
1855
28785
4221
9337
328
9556
17128
2658
5292
918
83
1578
8810
9824
2754
3447
9797
45232
328
21099
3901
3585
1888
46444
9136
2678
3944
5992
5649
5412
9422
1544
6140
6293
7083
9795
8959
7006
18643
3736
9590
24686
3718
1455
47463
9252
678
818
14860
12074
3375
2566
515
4870
6371
28993
266
459
22397
4628
2028
44152
3840
4961
1494
47963
14565
473
8279
391
7813
8578
7755
5594
7966
3850
624
38968
4083
588
8857
9238
490
2916
1985
2508
1412
24567
1480
7191
9459
16132
7103
977
49698
9549
4926
4765
6067
9735
6482
426
21703
23655
4553
43135
19445
23778
29559
3355
24171
8700
41374
44125
9787
2158
5341
9437
7142
6992
8751
358
2023
30144
16586
8671
1199
5224
6801
8002
33728
42841
4070
1193
6429
4112
46672
3999
1845
6495
28981
3145
7546
8352
6106
2233
6097
9824
18873
1902
7157
1207
3104
3525
2188
31763
1097
1526
1624
6540
200
6186
9296
2542
8335
5603
1234
8086
1432
26955
9679
9795
2522
9167
32878
6772
5227
30381
9323
7587
5149
4023
5693
8339
1127
6685
30714
5217
2671
8168
8548
715
417
7183
7934
15251
9251
4919
8950
47653
6886
9008
842
1981
526
8958
9125
2849
4000
2973
5420
9530
8592
1388
8895
9896
7191
8503
6927
9825
578
4756
49958
1737
572
6062
8620
2840
3867
4629
4628
6726
9614
3799
2729
987
7175
8768
31250
7735
7070
8496
3685
4671
8731
3200
2968
28504
6020
9613
7999
37226
1649
37563
30933
6222
1674
5975
2958
2136
20003
17108
30635
970
7753
28064
29812
5604
4894
1231
1057
2808
44128
9874
1175
9485
49074
5474
4480
1415
29106
7355
47309
9381
8038
1849
6331
37460
4753
943
9551
3350
1218
2491
8868
34422
1704
3581
49936
799
13292
4242
4397
9349
5167
384
35968
8869
1475
46643
9828
1700
9696
485
25385
12086
4473
15656
3488
7680
4084
6408
39893
44
641
7070
34385
2139
3846
6450
49543
11281
4166
858
2245
4212
2901
3736
8341
7323
26240
4602
8223
9808
4911
3611
7198
1299
7696
7715
276
7415
2866
6134
5945
9080
8375
4932
5286
9107
3067
6051
6926
4575
1895
4557
2164
5145
5862
3705
7512
22077
18160
47374
2835
6617
2435
31402
6301
89
48110
11897
16299
7361
1489
21683
7481
43090
28218
8832
680
36663
48595
6579
4207
8281
355
5131
2433
623
181
3512
3793
4319
923
9298
2465
2294
7326
13747
3333
27731
3637
9253
28999
42842
8284
26867
6924
31393
47213
7656
8312
37456
2994
7266
7321
1897
5316
67
166
2574
2100
26416
5431
1889
769
7193
46122
34368
13087
8129
3442
2573
2663
41209
6081
25954
14007
2757
9756
3403
2923
4695
9548
9869
14380
4327
3033
6662
5779
2422
4061
388
367
690
31939
9726
31043
46355
8353
2261
6300
6262
9761
23707
8864
3615
854
8698
3820
425
4004
9502
7510
5665
45363
607
49290
8428
4272
8194
5360
7039
1223
4238
5076
855
674
5215
8020
3335
3297
5391
31525
9141
7432
32524
4414
27653
25283
1311
9037
8853
3641
3590
7683
9423
47702
2911
5713
17577
713
4567
1882
8543
1352
35760
5693
5262
3290
4995
32857
7906
4982
5930
1897
4812
13853
5660
7399
828
9071
15956
6745
4906
6451
37233
346
8593
2524
2614
9859
6860
8587
7850
716
2067
5217
8815
3952
9965
1990
3376
8726
8373
5931
35261
20337
7302
3770
14081
8833
5801
9878
3391
33612
7943
45370
5605
4750
392
9605
39556
4672
4003
5298
1665
6850
1422
5919
6531
829
35091
1704
4153
6995
5132
1762
43836
5956
559
5066
14673
5713
44601
645
9073
6001
31460
4282
9624
2234
7921
4165
6662
9933
2258
7994
5883
10593
29327
5839
3459
8199
1839
3757
132
15219
7509
91
5797
5694
44491
3521
30446
3615
7677
2054
5066
811
7647
5969
5878
9701
8268
894
1866
7352
3351
5906
3833
7373
2826
39
5969
4359
35967
12975
211
1313
11660
26341
43782
20902
48161
1663
5252
9549
8871
5859
3180
1563
4139
2240
8437
35639
4307
1698
4767
40432
2823
8162
4229
6234
1338
2627
428
9188
7701
5951
6606
843
42459
198
3426
2064
38431
1314
1743
343
1666
8607
2125
9073
4795
2467
10585
6680
28892
79
6972
48279
5036
41347
2650
6542
5814
4660
39
1081
6587
15727
8087
7760
4473
4148
21997
10777
4489
32171
38942
6847
3010
3110
3582
2885
5978
28341
4338
23294
5983
7100
22223
21386
4996
8561
1876
8564
36507
2355
4332
8548
1095
8632
1189
3223
15911
2450
7010
8164
3744
8517
2631
776
8565
6541
1399
440
22217
4171
17096
7383
9422
9982
4165
47589
3011
5087
2228
13372
21408
4123
9874
7199
4773
18617
1812
4471
9508
4211
6654
639
8668
7152
8211
13141
33570
8252
4263
2595
9785
3883
9727
8214
1083
1108
9297
8810
6995
148
16928
1554
9972
7571
4341
488
44829
3401
6846
853
9042
2052
7114
1448
7115
8312
49052
1990
24190
9483
4984
49911
382
5752
6644
9801
2088
4986
48356
7242
4400
6204
19418
8488
7399
1740
899
18977
2912
7868
19973
6118
3989
11931
5621
5276
5845
3465
2487
46
14755
1432
5318
6113
7004
980
3233
6378
7345
538
1532
4236
33344
3110
1803
2540
7754
2204
4645
32324
9172
2693
2481
47075
5224
49293
352
4887
9708
38969
6856
5790
9236
555
803
4816
6841
6261
9347
896
38290
36565
1531
5499
2590
7231
30351
33035
6476
8708
1927
6765
3970
9453
1287
7309
23851
943
3502
3948
2234
3200
844
3926
4216
46411
26451
18622
9416
7838
7406
26234
6449
23537
5121
5538
5687
947
8220
37890
9898
6009
14918
5625
6286
8921
146
7066
4225
37344
2665
2352
6585
3548
6092
6312
40001
9355
7550
29582
621
1096
9702
2836
23117
8412
8174
7957
6082
8716
18849
410
8268
1143
6486
6833
8213
47571
1398
19109
42209
8066
7411
26984
5352
6906
5926
6826
7639
612
6614
6697
6661
9306
568
7434
31685
3397
448
921
9045
9339
8533
5533
7562
6457
989
6315
6517
15088
763
28907
8123
1994
4419
1681
2446
6731
1047
4431
3518
1195
650
2263
45204
909
559
3630
3221
6589
15871
1646
4206
15881
1907
9438
7447
20365
36700
29333
9503
46351
335
6487
9098
895
3137
1480
3213
6587
9004
8077
6295
11267
7328
1276
10659
133
5257
12528
2412
4291
3036
3025
9661
8242
8093
26711
6841
3714
2417
8732
6929
43404
15592
40402
96
6028
2135
728
49696
23435
9052
23515
597
8656
2823
8677
869
655
2917
8377
47520
2868
1252
4045
2862
5709
4602
2795
9133
5699
2876
7872
5631
7784
2259
4251
8329
8069
7296
2109
20326
5459
6048
1881
1780
3728
10014
3199
8639
6496
4298
7607
8342
7149
25194
1413
39515
1018
1276
25145
18078
8306
35922
5252
3939
7708
1914
5644
7172
8154
21471
2117
3457
33711
2477
9249
3363
8805
8168
5500
3743
46818
12023
5767
27099
7296
8770
8893
113
2958
9622
3850
9350
35743
2595
1879
4187
41072
2032
9691
9826
6376
3384
4806
8275
21182
3147
8049
1858
6580
1369
35746
8666
9887
62
21275
2389
4234
2996
5177
7949
4547
1046
33300
6056
2323
5699
22122
914
4544
350
7165
666
954
31279
7396
9769
6721
8262
781
7987
7236
46328
8707
9134
48122
3813
8179
21472
35957
2309
36351
9909
2313
1414
9403
8398
9499
10154
9278
9981
9003
5304
8954
8309
5066
9028
6572
6408
36699
9210
8596
8338
6754
1064
7448
8101
8227
3828
2381
2264
13441
1784
2220
3352
3244
4277
19510
2829
8448
9513
3154
4178
17005
1515
9427
6721
27869
795
4246
5233
5154
15642
3072
3701
40376
4649
11401
7652
2952
9779
450
8197
3931
2510
2874
9389
5447
21783
8533
12509
33366
5041
17522
14411
1810
461
7070
2472
3793
7843
23734
1077
59
9899
3314
46603
9267
6525
2921
6751
8336
3376
8104
33078
5168
2093
7375
9499
3294
6225
2470
5868
5664
11688
6179
5246
2782
9431
5110
1161
3701
8515
33377
5091
979
2695
2277
3944
10078
44732
45426
5943
1166
8127
8399
6270
6734
9282
7016
7337
7681
3973
7629
30302
1020
4834
39729
6993
1348
7129
6725
4909
1359
2857
3501
6534
5214
7976
5657
31529
5381
10911
24279
6173
7140
4533
8935
4036
5287
7308
7803
8144
5790
7738
49003
14790
2343
9328
42692
2491
3348
8856
8498
6052
31410
5476
8223
4963
7483
6929
5641
2601
26522
9434
28976
5197
1277
9679
2569
5469
7232
21334
7576
4240
268
5878
5764
15717
9175
27214
2577
6947
2814
7581
3886
8470
6472
48332
7131
27297
365
3824
2359
328
2708
3805
43185
29696
18088
4754
8273
9634
5844
1789
5826
4053
41261
7274
33391
9816
9564
561
4149
6800
4521
13856
8911
2143
8750
1104
33653
7268
2742
1695
8471
3330
6244
7192
49450
8543
648
4317
9404
11001
2786
2626
2605
1704
5261
6905
7606
27580
7341
7070
4640
7544
307
8846
8145
3576
544
6924
9031
9014
364
3925
20251
2094
16397
40774
860
7812
4435
20022
3169
5702
9128
7643
6563
8245
37321
19215
17
5379
4435
4245
6619
8304
3197
728
26726
9066
5855
2929
9091
3752
5486
8324
9506
6372
515
32657
6536
4561
6195
4542
40124
25763
1765
129
3010
6629
21942
9769
15163
22701
3235
5456
8881
6101
3512
1221
40292
5888
271
6718
14373
7044
5090
8818
5060
7571
9077
8714
118
866
1462
135
3331
30604
14265
9737
6592
25050
2145
5941
7890
5244
2974
4678
19768
5103
41359
9776
6529
6474
8882
4865
6427
678
20204
2580
7955
6519
8981
194
8549
6010
5850
6782
22175
6615
6707
27500
4629
1023
14
6586
3703
4936
34604
21700
671
38638
2799
3116
9899
7614
2151
9500
18483
4413
33258
5030
6242
2661
6390
9840
27409
24073
6943
7201
23203
6011
9035
38941
3734
41188
3307
7324
6956
184
21248
2799
6871
4081
9141
7386
8568
9142
8819
6350
7353
6734
4745
7143
4613
32772
6094
1076
469
39982
32500
4487
39509
9416
1146
2453
10149
9400
1125
7592
9949
7805
7778
8367
14775
3473
7201
124
8316
6535
3907
4052
3533
6355
34553
28611
1096
1981
9276
5873
4190
530
8033
46688
8489
9417
4239
6381
8148
6385
9892
89
4601
1003
3873
5724
7843
11785
5399
5072
39976
1
9920
993
5055
2234
2424
26100
31196
5144
5220
29160
2581
9419
4112
7899
2460
2177
30698
7134
8054
2343
7141
9297
44762
6028
32930
9368
12705
1362
29770
37986
33391
32564
3494
147
3007
2267
8361
9121
29982
8013
8295
8122
719
7676
9616
9422
12134
3858
7334
30385
5687
4046
26430
8933
9864
30565
10320
2118
1615
48357
9718
2012
740
8069
45564
28833
8749
2941
3924
3013
30069
200
1533
49239
47851
833
3033
1416
19490
7572
4136
5440
949
2058
8809
908
42556
4196
604
8989
1477
7119
9825
1123
6899
4815
991
3976
5863
14482
2356
953
28673
5036
8513
4969
2193
11518
728
9073
5071
47596
7573
3587
34910
42637
1931
43438
21893
3841
4289
26446
2948
3740
16521
9728
2325
545
580
43051
5122
46091
11822
30177
21525
6756
4801
506
1616
6450
3256
4117
7537
2204
1098
6323
9287
4819
804
6731
28518
2110
10436
9837
5431
15960
1991
6921
3434
6147
4868
2108
6274
1151
8783
5960
44486
46037
6062
532
4321
563
619
9845
4131
7046
584
8721
40
2718
2201
495
107
22921
7555
6289
5469
49698
2765
7758
9508
5944
1926
3158
5297
5938
8776
1249
4862
21586
5449
6489
8206
1801
1838
5326
13947
2475
2983
7826
255
9849
13789
17490
7589
8467
6014
31846
5723
38858
4341
3239
7307
7142
4883
49668
2466
1421
9288
387
1042
3687
2570
3281
38056
44394
9911
4060
323
8102
36104
8432
9138
2722
5510
6289
3505
33679
7044
44466
5456
9810
8229
7458
2068
7830
3590
5483
8479
7337
920
5769
2161
338
19455
1557
4401
5711
5255
48787
7179
27570
41124
13720
8937
9274
7543
41313
29314
4771
8733
5990
41209
3855
4178
7820
3777
6089
2434
3684
27549
3024
4838
22662
7366
2825
2221
43386
1029
9184
35323
9431
7633
2711
5504
5679
5918
5931
8058
7350
31596
4868
6794
9037
7098
5067
9506
2301
3606
4364
8271
9738
5471
21404
7604
6954
945
2460
3845
2594
8357
31304
2997
4690
2642
9080
2086
2854
4974
5777
29563
3873
19560
1722
950
8132
9116
17153
9708
9939
9587
48122
5629
5484
9239
3486
29079
5797
2216
7515
4807
5684
6663
18735
5221
34340
4865
2633
9190
3990
4391
5424
3364
9513
45788
3290
1996
1872
33954
70
1267
2954
3392
40705
1711
9791
4666
3630
9102
2441
2778
1316
1244
4761
368
6301
40853
6620
19198
3461
42028
6100
5825
11246
2118
41038
2391
1863
48844
6214
2157
6552
34180
47530
21271
2340
7117
48949
2497
1930
9039
6028
40307
9885
26407
5504
4191
10564
9004
4796
6433
8600
2810
7262
39129
22405
6934
7507
4652
6845
9820
9417
5498
27016
1731
8087
2360
4368
496
5962
26078
28928
8386
2374
2630
3610
5565
9847
1270
7212
2017
4141
28893
4369
44687
8512
6919
6323
24388
524
7983
2792
41422
3077
3591
4126
32721
14724
6664
7439
7598
48289
4169
22660
9748
4799
8678
9765
2039
9579
3374
6656
9488
1708
1059
2396
5246
9298
7369
4624
1170
3447
1889
9948
2155
49391
46994
6771
6835
1545
39443
1685
5310
13515
14595
1769
1236
6508
8171
32718
5537
3696
6415
5474
5118
33613
7335
7662
8828
1966
9881
36753
1829
8877
6938
5862
8813
7564
677
602
9069
666
3257
1018
2803
920
7057
4120
9979
4412
8248
4925
17319
3532
1903
16178
7291
8423
8746
1355
9716
2975
16802
1406
6450
2924
6024
38905
1436
27860
3213
3805
166
1022
9987
4
5907
7939
3126
8134
1678
5507
290
5916
6460
33884
893
28994
19076
8306
9167
9018
31018
3135
1181
2142
5700
30543
6301
13248
1522
7443
30411
8063
3688
4417
5110
652
3872
43813
7257
28083
49934
8838
1636
6921
8765
3340
3949
4396
7885
5741
14115
905
2070
3743
2195
863
36924
41089
25381
36277
8488
314
43970
6004
7341
27054
2577
2781
7482
1660
9815
9454
14394
49739
7994
5769
2797
2066
48636
8313
21847
3557
729
5745
5870
7987
638
9511
3400
497
9162
27406
1026
42933
7001
4203
9111
8181
5957
35010
5005
5751
18012
1645
3924
1985
17
6925
41032
6577
16898
7069
258
13210
4036
2600
29452
3367
40468
3906
48184
7287
1766
14885
5090
6312
7456
6461
1099
7473
48046
417
38292
2091
4177
1724
9849
3205
2513
14718
8321
5600
4768
324
1103
31499
2338
738
1542
2154
34449
3346
3273
6866
3925
1638
8523
768
9154
20897
6866
6073
3516
8768
8944
6430
1908
7148
7016
9467
37508
5048
1256
6274
2296
8787
5402
36217
1960
4445
5499
4455
7891
18610
9972
1666
5460
3743
7159
4656
972
2927
424
19620
7000
8197
16956
2740
6779
456
9229
5783
5024
8922
1861
9810
2787
8274
6600
39983
4384
1699
5046
8036
4960
630
6884
9034
7977
9557
3209
2278
7993
16202
22728
2276
1134
7760
5482
28548
31288
5384
41460
13450
5747
6199
10912
5185
33431
6679
5536
7802
4278
1081
3803
20637
8851
4406
55
10659
9409
2387
31257
4210
4348
5981
4419
4738
9751
719
5706
2746
31127
2662
3587
5443
1188
5735
5222
4314
8905
3634
1462
17964
919
373
9964
48
36300
5229
7329
6596
1868
10231
6416
8640
6376
7465
7178
4389
9954
6395
21914
3197
31737
614
5933
4958
4142
4442
8404
5235
2251
2680
7538
2389
478
37361
19761
7305
1559
48630
18826
1403
3685
784
5044
25025
8590
1083
5581
8773
4127
664
1511
30791
6924
2001
2335
3461
7776
555
7177
9713
1133
2383
2313
40266
3051
8749
2701
4061
685
31435
3844
3044
1091
7985
2138
4826
1216
5147
968
2531
9062
5485
9783
1115
1427
33665
41411
2823
9971
3373
21425
6505
47259
4326
3234
4526
40784
4778
46002
1430
7964
4340
5733
7396
5399
7629
3898
36542
2597
5471
44772
38902
3691
41338
46033
49787
8932
45149
6876
16082
3816
1758
351
4866
29498
9199
6320
3595
7106
2780
36636
7558
3632
5012
5298
15462
12703
4382
5723
3454
17185
1340
632
4942
27152
7571
19107
2416
4835
2584
4052
7237
6110
1682
6216
8766
9762
9124
1232
3798
5353
8641
47587
29717
1750
3987
6322
2468
33198
9124
3474
11874
7780
7582
46339
8935
30494
4113
5375
9954
4160
1214
6067
6561
3949
7441
5825
9625
7448
26657
28021
2542
17645
6700
199
47382
5143
5564
9133
6113
4270
5554
7081
5372
9405
3438
8924
1616
34782
26840
10411
97
8441
9531
5417
8202
38832
10329
4685
6710
1387
7786
39161
3108
9145
7050
6538
36614
23475
2128
9952
6050
7999
7686
4212
1138
1474
334
21435
4401
5507
823
4933
7304
4873
5479
9391
4471
5201
7798
11916
1932
9639
8663
9336
7243
4753
43368
1192
3182
6835
8334
9496
174
3762
4698
3707
9341
2432
46
1742
14068
1111
5637
9134
3981
6792
43949
4595
1763
8549
3605
11600
185
9493
4084
9705
3734
9243
1772
1041
2576
8737
42267
45173
9424
1801
9622
8681
3162
5081
963
1513
6569
5147
5984
4724
47426
41080
1003
2686
6840
2725
6983
5082
6390
12783
32057
211
8539
5746
871
45688
3065
3942
29892
520
1294
7046
7596
1699
2609
9136
2594
7885
39251
8873
9972
4375
1790
1532
5410
703
3866
2115
1487
5777
4114
1197
554
8927
9482
8590
7982
17040
4652
2488
7924
8790
2311
5772
9388
9486
12600
1449
8364
8304
6658
4675
49414
3305
927
4869
458
6077
3055
6476
4064
46016
1974
7888
5204
5415
367
32822
3865
1699
5587
656
9439
1357
2620
6957
7717
757
3546
6059
1993
1043
5035
1189
849
3036
5543
3311
100
5067
4438
3826
4855
4199
5544
46535
3209
3780
26578
9480
9722
9585
31305
1607
1623
2078
31776
7725
5419
4278
28881
13690
3337
20923
7188
49660
1863
2630
1278
29957
324
8261
9437
3918
3931
9031
3410
22153
2770
33929
24498
3481
3710
9093
7627
1822
7290
2299
5051
7144
2878
3115
23225
1435
806
7604
1428
3709
480
17021
5776
25144
42633
5204
227
12283
7866
5212
405
8717
45681
2410
5308
14664
2592
46397
37617
9874
9023
28363
2133
6162
6069
7196
2510
4798
6785
9465
3957
40
7668
8579
7391
38177
46343
4672
2743
8592
25854
1657
41331
4434
10590
6490
42999
45452
2667
5400
3192
7763
7319
8814
6057
8272
9525
4015
42080
3016
8056
27138
78
7547
3396
6539
6413
8249
6274
3631
1596
6302
5070
2198
744
3147
2306
7904
4396
7690
19497
2353
447
31797
9595
20870
4736
10284
7380
7741
7858
5147
1144
4167
9072
3269
1575
1578
9649
7630
41075
2215
6279
9508
5636
1481
1839
6616
1799
191
1275
9208
21478
49661
1234
3229
1663
7234
15454
4726
2365
186
42147
6852
5665
6079
5987
1035
1414
9038
4291
4513
3965
266
3348
4234
46337
4031
6398
13951
1602
9840
2337
3791
7717
1432
653
36855
1555
8898
2661
3201
6627
6423
8234
7872
8868
3651
566
15540
9520
28652
8111
9106
40922
23652
7306
4333
6020
17560
7115
2774
7638
2761
8667
4925
3532
5100
7976
3243
2255
9225
3490
42284
6510
26950
6022
26732
826
9551
10668
9862
1878
40029
8314
9263
49339
6222
5959
4771
8311
808
5110
4764
41749
5595
7862
19857
9802
1031
9783
543
40346
201
8485
5190
1768
9261
4074
9321
4448
1865
1036
2221
4795
47381
47365
1439
7236
2483
7452
8402
8169
3815
3516
34671
6419
3068
45119
9205
7101
49168
3975
976
6095
4561
8883
25561
8877
33169
4043
17585
8492
2799
7252
5990
2106
38514
9495
2696
7103
6992
5688
8092
9401
1385
6134
7332
3903
2892
5517
8236
1323
888
2703
12
3999
6827
3895
3546
4537
43084
2691
598
2038
2423
9972
4873
29068
21900
26905
9684
8004
31253
4423
9780
1758
47736
6793
3797
24916
8578
634
4426
1481
5225
7265
4235
36759
10392
2624
4334
4366
4177
578
7497
8077
8711
9752
7668
6292
8848
31759
3892
6708
3968
4792
150
9955
7219
9425
30495
5026
9314
41837
14028
9742
4783
535
7469
7247
26045
48338
5610
1844
561
39839
9362
7773
5749
3565
8282
13244
7205
8750
8
4494
6371
9330
2274
6076
7975
1687
24232
12292
4207
1506
1729
6236
7570
109
6073
14885
2013
8395
8320
333
20781
5007
8035
8834
1473
8130
4571
6246
8337
7831
5869
48783
4968
24959
3016
8760
25693
3476
4978
2764
1711
3889
4883
45260
6442
33491
3401
7241
7798
1809
9694
2836
5869
420
9207
9246
14878
15758
1528
8496
5515
32715
2841
4383
9978
4253
7819
7002
6939
6310
4871
5307
3344
3134
5884
8891
1854
1039
268
5378
1872
4836
3447
2784
176
9444
3049
1491
2362
6511
3525
45172
4742
5282
9568
9868
3940
3428
2283
4189
5062
3135
6406
9288
7278
4851
37567
167
7102
6128
7848
8119
41254
18399
1362
9515
2137
14867
4903
7963
791
7605
9698
37876
5139
7347
15676
3115
46091
9077
5570
1688
1296
3582
1508
1532
994
9554
7310
2586
127
4477
6975
9618
1043
8631
2180
1868
7240
5075
9886
2020
4801
8663
8860
8887
9056
2019
449
4078
4781
2157
1746
7233
80
16132
7580
1814
8102
14674
16712
7030
2359
43980
11205
4128
48562
9248
2922
982
878
9877
8391
25098
7818
9669
1218
2767
7934
5970
2076
6053
9463
7425
7927
9655
6359
1780
38450
2847
25868
12899
1632
39103
19842
46162
20352
7983
8052
9023
43175
8779
14833
6724
9095
21674
570
2143
4811
44
17453
4545
794
16048
2450
6009
987
8658
5847
9838
3765
16103
7431
1723
5095
2918
1891
5609
12830
4890
3301
4936
5649
5017
1990
7255
6237
5006
21520
22791
8454
3271
5284
9949
4905
6417
4787
8280
3742
21349
2672
8002
6604
24624
9946
30109
45354
20776
3916
2951
5702
3170
815
38583
5074
734
28651
708
9648
4724
4689
1301
435
39996
3094
3042
43316
15744
8526
33572
177
39354
21466
9181
5406
4073
3920
8097
2905
8845
5795
2652
9965
46515
1476
2054
21890
8203
3700
12835
4348
21567
6926
9611
7404
2047
5226
9723
4699
9631
43178
25252
37795
8954
42415
1553
2316
3081
7686
4015
30316
1471
9228
3784
1173
3784
2769
3419
9813
39058
472
481
22398
9232
6025
4460
7220
7153
3695
6483
2217
8811
6739
7367
4668
4195
476
6457
33047
3484
6054
11800
24522
3829
188
8858
8499
7908
1928
7837
35700
5911
7457
2902
2664
7954
41244
1322
785
1701
2885
275
25957
1749
8436
2787
7167
3528
21589
2793
3065
6864
31775
5101
6107
34501
6820
7070
1767
3118
6875
6367
9633
7171
4130
6397
24530
7851
5740
8440
9552
9981
4512
7306
3808
3502
5712
2254
6127
3181
49263
9695
5984
7389
9275
8505
7622
2212
2587
9674
4185
47045
42104
2881
29465
4414
9092
48459
704
9484
4410
6359
2548
5054
22728
5344
1876
4893
650
2720
1109
4578
5940
3377
3249
105
6162
7197
1221
34483
12713
3331
28747
8935
24487
6305
296
1384
4714
34111
7996
38380
8520
21355
2464
40392
6477
1383
15714
3396
6563
21018
7132
7823
9506
2504
2192
718
5213
31732
4400
2586
1070
2892
5064
6846
3537
6138
8109
26222
9582
15609
29942
2991
800
4112
8261
8624
7078
34168
24874
10139
6978
894
8760
17725
4734
33365
1510
8235
5131
3690
2387
38792
9300
9204
3953
3631
5958
898
6720
4776
16254
4501
6442
31530
44416
7525
7777
4315
2642
5186
4737
5763
28905
9439
724
8139
3432
42454
6359
5711
6632
1980
5297
4004
1609
4841
3576
34591
45478
6082
9416
7115
1602
14683
1832
20798
507
844
8609
8132
8039
7309
8142
146
6002
5811
4523
35043
32196
48379
39564
37482
6176
4667
19883
2889
9669
8916
1876
7020
6875
6933
345
9505
6189
3971
3400
5490
8579
8441
8372
3079
8286
9421
5727
9316
43294
28666
8728
11467
4074
9350
8209
6296
2946
8967
8263
5836
9459
9886
6189
7152
534
44793
9414
7757
5500
987
3474
1698
5199
25391
202
2006
2998
6189
33768
28462
5357
6585
11222
8005
4467
3550
789
95
3602
7715
9927
4329
4483
434
7117
40242
8684
34856
8866
24145
724
34813
1170
6011
5138
9208
3089
31755
3501
3354
45759
9341
2710
5569
3864
2788
9917
8285
7829
1380
1756
5860
3293
5045
9290
7607
4333
858
2775
9146
8308
8392
5877
7915
163
7052
8421
4077
6956
6387
35854
9000
3590
5777
4537
7181
410
294
936
6371
4677
7800
2890
3587
3953
8614
5615
2418
1570
7388
20275
6488
2875
367
49568
8802
5443
8574
3348
44355
6101
8242
151
2519
45129
38294
9325
8943
9907
2096
13381
7357
9512
9611
4185
6811
6673
4797
2858
8580
9137
35715
5500
47455
3310
3499
5281
9927
37464
2234
3754
2095
3872
2349
20086
6544
8667
5701
1850
4224
4597
4101
9128
6760
1233
49693
675
9171
1221
48103
38870
4178
5267
5280
695
1603
9272
7917
3327
4587
9130
18070
2224
2490
5505
43369
20592
6915
8143
3524
7128
6108
33969
39808
12842
519
46663
2488
7657
4988
13482
44400
35460
1081
47108
10551
513
9199
30484
2419
6547
4636
8474
9239
4708
7297
46353
9440
4
4391
41022
3923
3458
34900
36307
44875
3714
2056
1052
15842
4436
26330
6023
4632
4258
17748
9821
2988
9653
31582
450
1492
2010
8993
49482
5292
3473
8374
7096
4202
3380
3028
13238
7565
2129
1874
32287
9713
6864
231
3943
29537
8480
7450
195
95
20159
4444
9815
8443
5322
47390
804
2860
8000
3278
3196
5924
7123
2955
31761
5040
167
3545
14724
1627
8344
5707
2980
213
9202
5383
5499
8254
16246
3017
23930
7885
30450
8567
504
4176
5831
7948
1565
770
30637
309
12875
5090
3728
10554
5476
1988
7776
48713
7880
34740
8913
8850
6173
749
6920
5112
8510
25395
3280
12220
1620
8714
8736
46656
6666
504
1571
49730
32069
1192
80
7935
2455
1048
7122
3092
1017
5631
1871
49128
2312
5093
8066
6554
7373
9280
5578
41684
13903
8614
2027
4042
5738
6746
2785
43877
8999
5702
15944
9292
9132
3708
18909
6416
1672
8473
6434
5700
1620
5696
2907
21428
6324
9859
155
3033
866
2390
28481
1795
8076
584
2486
8070
48108
2490
9809
1965
380
702
1531
1920
21099
5526
2821
17362
2109
36197
8175
3749
1214
4860
7159
9462
6823
4214
41125
32605
4185
4088
366
1162
603
6432
32831
5296
8914
3138
1017
9209
8736
7188
1327
1643
33130
3143
517
30260
3677
911
599
9787
20873
1141
2398
3651
48162
6109
6441
3807
8754
3814
4088
33742
40727
29077
8111
4334
161
2106
7068
22918
8846
680
1318
141
3438
156
6397
21614
7142
8189
9893
9815
484
17281
3860
35027
4891
3753
3844
6436
4216
2965
5866
41820
40133
47228
5332
29321
9770
6386
45687
10373
6478
9414
3682
3698
22448
9679
4711
34291
1270
6249
316
2553
3952
6691
29386
9179
4667
9074
40626
6358
4596
30290
655
41
9064
43999
8245
4015
1589
8782
3150
4870
8656
9355
11147
3599
18508
1611
1820
10045
3639
38507
823
8243
5311
4608
5201
9323
2445
4131
3220
13775
2645
11265
815
6118
210
4713
109
4121
44803
8931
6116
4136
4151
9989
3777
33696
3733
6537
2644
41173
7939
9897
9436
18157
9486
26436
3385
3070
4856
8864
2509
5777
4042
9379
34830
4332
6569
40618
7338
7983
9044
6414
38475
5458
32717
3576
9470
25055
4414
648
1449
27947
9666
224
4281
46573
4295
29412
2321
24812
6821
4260
241
956
2526
23696
767
3469
20524
1733
8511
13464
6492
8371
10888
2588
8956
49796
42667
335
46845
4159
6104
1984
7970
6080
49816
7909
231
37
36894
4359
8465
8065
2695
9885
34032
15528
417
237
35496
39073
5844
278
39642
277
18829
7244
1624
10618
37669
5317
3638
888
3661
4698
4424
5970
21270
6207
6480
24210
8005
3133
15135
5799
49317
6053
2127
5101
8374
8393
9656
3886
3483
9504
9633
8241
9521
8856
41334
6222
8846
1728
5167
7602
3686
4295
3497
6524
7318
7516
3553
27295
5610
9073
2233
4741
9779
6317
5187
1229
9096
9486
9251
6743
3163
9507
5875
11390
5283
10309
166
11878
3127
8672
5772
8935
1203
6993
1795
9231
6965
2793
4365
5506
8586
7064
29154
7026
18203
40296
1022
8091
20216
4961
38301
4352
8219
2137
9798
8003
6946
33183
6349
2899
28811
44906
9738
355
2622
47593
2962
179
780
85
9730
4360
3585
2959
9708
6107
35575
2343
1915
14067
7888
5418
3423
7021
9020
45686
4060
299
9967
2829
6349
683
7750
9010
3400
635
7154
3468
14345
9844
49278
48410
9778
5928
1737
42593
29198
1526
998
1983
9850
5835
9226
35828
2135
4377
3340
8883
43416
37936
9690
1053
6565
2620
5031
1130
3694
3792
3860
13622
7223
5505
7454
44413
3694
5492
4391
48961
8524
9692
9213
21705
2080
7752
7738
6003
15935
8872
3008
3856
8161
1519
6268
9560
8319
2833
9186
8308
20008
1369
43713
3744
11944
8124
5823
9585
19932
412
935
9174
5932
1048
2508
1919
5774
3096
5084
4496
1853
37802
28687
2568
6781
4200
4328
2902
41476
25478
6977
6260
34869
6298
8690
5645
2294
9025
2428
4356
7799
921
296
7046
2968
942
8743
5237
6416
4559
1702
9732
23128
1037
20268
21932
759
9464
36375
19273
1342
5190
22101
8197
16729
888
33716
8450
8406
3381
6134
4203
2111
1284
8625
3433
7575
3459
5790
2753
7136
8363
337
991
1861
2834
8482
24536
6245
5959
5314
1053
6474
5859
1694
10945
822
6323
4313
8898
37231
8534
8881
9910
2391
9146
4769
1073
43989
2337
9187
8840
40099
8911
7969
2110
1176
11166
2240
30132
2650
7164
3879
4836
3814
5414
9510
6328
5210
1570
43007
669
3959
1426
17061
5629
2170
3716
5981
39466
3975
8796
2024
32720
19543
2033
1395
2386
1807
6081
20424
2941
92
13642
3078
1722
4570
8678
9203
6456
6121
29359
4101
7994
9997
4058
29427
7991
9677
4694
15391
250
3218
5851
2389
26691
3272
9890
632
7743
15976
3131
3925
31565
34523
28936
5972
5505
15532
44814
4062
2746
7921
34097
22804
3939
15465
3768
22712
35820
348
8181
4798
2673
31025
6613
580
9976
37813
33139
5119
4052
458
49251
4325
29745
8534
532
1198
8390
6926
2721
9079
9826
1136
20416
6580
4634
3951
6792
3575
3485
9609
5275
218
1134
16476
7056
7335
320
5321
3431
823
6119
5583
23476
34196
1443
8201
8298
10257
8404
3053
6241
1552
3449
8159
5369
753
31395
2933
3334
25787
3749
1055
274
1000
7017
33058
5769
2319
8589
3943
3362
1009
23505
5632
8289
8104
1416
23215
22571
7301
39540
5317
30652
573
18227
4097
6489
7304
3780
1897
9482
6029
7741
4016
24490
7822
14159
49414
4217
26661
698
5689
8302
34129
9392
761
7223
1970
35083
5868
2566
2966
8100
3813
6381
14888
5917
3730
33577
30413
17784
7205
14345
4575
3086
1860
4809
2596
10962
26459
4032
885
4515
3845
2857
6266
42665
5211
12956
7282
5667
2194
46147
2773
7698
42972
8582
38
27442
8200
48039
9418
6746
3923
8343
2557
19812
6324
5786
32726
4350
3453
8657
5352
6867
8042
6220
2229
4139
73
501
26443
32982
4011
4883
266
6266
4138
4000
18635
2713
286
8134
1226
1097
2098
6066
7158
7896
5908
4777
569
2742
47972
3312
17332
5003
1799
28340
7016
28545
8270
6122
22452
361
30908
6965
1522
7549
30085
3423
663
3839
8293
9557
3645
7550
23545
114
1292
7517
6111
517
39886
4807
22644
39580
5848
3428
1007
3774
26534
4992
2537
6430
9795
3827
4271
680
8299
29941
8578
19050
4416
7292
5709
3058
7773
5229
6049
25256
1344
8260
102
3261
9144
7761
22973
1323
1912
901
1691
5957
6639
2529
6233
14057
6976
472
1956
6908
1685
528
30251
1510
40970
4531
9786
3282
9789
8226
6995
1020
4347
4405
4878
2778
5341
2039
9274
754
44039
37195
2952
8787
734
2083
29445
6094
531
2963
2505
8544
1260
1381
7847
1128
2657
15512
29843
5956
2808
2890
991
38409
25874
41888
9000
9776
7085
2992
4058
6581
6599
1150
2498
6165
5052
9845
9560
9641
823
7190
3961
3301
3013
38991
5661
19550
46067
16765
5384
9002
3886
4190
199
6126
9104
29294
5213
28544
8235
37076
2031
4866
3137
1140
153
5988
1005
7076
2209
19641
5190
4906
1021
9925
2033
4944
2250
1583
1209
9839
1294
7468
7032
35734
6391
23945
28402
27430
12100
9529
3341
8786
4607
49538
619
3348
1918
4466
417
12317
4386
1631
8088
3130
278
5852
4863
1798
32292
21620
8108
25246
6507
25692
3208
6558
1434
8560
37124
6361
3931
7845
19180
41398
36438
1632
48784
3836
8517
6184
8810
8789
5721
45115
4083
5908
8310
11364
16315
2550
2001
8752
8263
3208
8109
3029
7720
9467
6413
7993
43
30324
6713
20321
5102
2159
30393
6925
8700
344
4271
17407
1760
36472
4484
2566
2253
7237
46268
8811
9861
9596
7690
1917
9392
8653
4297
23192
9229
5769
7880
819
41527
19758
6623
4863
8615
17556
2200
15121
47742
2372
81
1129
2920
7934
3804
6881
4338
9781
35826
6319
1376
5070
4154
5966
635
22454
4587
8985
308
8543
30306
2875
4352
24253
11641
40314
9640
4982
5622
6522
2211
6578
3897
867
5383
9645
5078
6985
9602
519
1845
8833
453
7898
25340
4273
5835
1835
43274
4497
5204
56
4401
1101
4646
18738
908
23853
9554
9104
4634
3084
8309
5586
4980
8324
3033
37
29155
9008
3076
7668
8510
7832
7444
609
7194
14456
3752
3336
2159
3416
10590
8573
7008
8620
143
3827
3935
4591
4392
6206
6050
9795
1652
8756
8088
965
7586
5747
8310
6081
5636
24722
30984
3569
3939
1270
3888
29584
27463
2229
5267
4603
2058
330
4845
21422
9615
3883
5291
7296
1344
24187
3039
674
1404
4867
1497
5625
5860
9460
859
6736
839
45126
625
4076
25305
4179
6712
3003
1019
3012
6169
7732
1241
3188
4735
7334
1129
5947
4636
4619
5805
41522
49440
4924
7249
22301
5896
4710
14391
6315
8287
39501
340
25307
2413
8187
2777
1157
2709
966
20720
48084
6749
4001
2054
7893
9847
9232
3416
28881
7502
5893
1890
188
3476
3759
4996
47420
2399
8284
6893
21387
6464
7215
1234
619
9143
9574
7383
1511
2566
5475
1515
6335
5085
7622
6187
3173
4994
43738
1892
362
1262
7472
5877
32065
8290
18966
2775
52
4914
92
8662
6907
7090
5125
8457
2197
8336
1028
48117
6206
4055
7036
7343
7653
30778
252
10479
6644
4455
7910
1103
883
36178
3127
5632
6007
7620
589
2643
9543
6009
4955
23292
2997
3565
1340
37460
8792
4970
776
3459
5710
35338
8328
8224
1100
2470
17586
3733
967
32167
13561
4282
5397
5561
611
2636
2883
1141
7198
10286
26815
7440
5904
1493
15555
5227
46774
5707
17785
16752
15266
4836
5518
752
28537
7249
28824
1259
5194
1498
9923
6902
6054
4610
48661
8680
542
1750
7538
9090
7886
3505
7913
1579
7502
974
1344
24741
45469
4855
30697
6791
479
3887
4176
4658
1021
9672
2945
3156
4079
6938
328
5069
6927
3526
43802
1118
36814
3
3001
5817
2305
1985
216
7591
9862
3351
1069
3459
7224
5255
39044
6857
27927
4657
6421
7395
15597
1975
5266
2799
5305
3362
4285
7623
5075
367
1928
39877
8118
6244
21002
4592
2004
7529
7288
3474
3093
2984
8630
7130
43709
7227
9642
2088
7847
6928
8233
9765
2055
3598
3305
3893
7515
1433
6232
2563
6405
40819
9871
4336
6375
1093
4266
17778
10258
39523
6363
7955
2563
2671
7462
4960
1778
3070
7495
16431
4466
10875
37193
28246
5325
9285
8528
31400
7383
8754
4279
5396
26811
20284
9885
2407
49153
7503
4962
2073
29359
287
2425
18351
4658
7370
802
5151
9660
6489
9813
2933
8199
8414
18817
6422
7069
5748
5572
9064
39801
3386
4854
5959
34045
8670
6975
19506
663
2999
1183
17493
11284
3578
21980
2810
19771
1120
8824
31431
35640
22415
22141
11510
5064
9256
9650
2958
1587
251
6220
3530
8555
383
3520
4453
2019
126
4047
4594
7649
9982
8205
6435
4222
8061
9547
9655
2941
12727
1747
672
7403
6865
6290
8855
2595
8831
7605
7752
24614
3647
2893
7623
664
21768
1943
9091
6712
25863
24954
4249
854
1363
1153
5122
5600
6379
8883
4739
30266
7375
8405
8827
27984
4044
4332
4770
1981
17789
2285
843
6950
7087
4528
4910
726
1024
4289
7657
7724
2148
3458
2612
9343
4901
454
3446
4430
34868
1540
40524
7669
6296
15389
5650
3458
4840
39971
9101
1346
1118
1373
1065
4286
28536
7332
21114
43371
35520
7963
7862
6962
10937
7202
6414
5897
3953
5443
2798
46240
31503
3935
31223
35139
41642
1355
1208
5313
9715
9870
2997
5482
5209
2136
9583
14470
3929
375
4924
2638
6610
1192
4846
5969
11024
8522
1982
9787
8020
6151
48261
2608
3596
47652
5292
42928
1001
25387
499
4666
7149
4140
9579
1655
128
3454
3209
2233
35641
8318
2581
8703
6872
3690
1194
5768
4365
7700
4371
9867
31723
5756
23327
13477
5428
28342
8439
6709
5805
2787
3211
5679
1276
2954
4492
368
5386
1393
568
39604
3005
1904
1324
389
9813
632
7127
3592
48254
2976
34964
3720
3604
1528
1901
5093
17549
8410
19453
3052
2789
22255
1423
26390
3547
6286
4379
485
3985
7991
9966
33459
5429
48654
39336
42242
2991
9687
5038
9717
23551
2860
9028
9117
4278
5550
1362
18594
4878
6066
5894
3118
4892
30396
4855
4973
4295
7706
6894
389
2794
3320
9874
16976
7670
7082
9403
16135
9614
8646
44157
1115
1263
5262
4413
1744
7862
6082
5126
9773
467
35540
949
8661
12151
759
46868
7301
22847
6725
6850
4279
7824
4880
33039
5182
329
283
8757
6767
9833
6560
26374
827
37718
7836
7039
5087
4065
5713
820
5657
7801
26896
5914
38202
1681
22033
1254
797
9308
3509
8249
5397
3868
4105
43137
5183
2576
4972
6379
6132
30
4018
44973
5773
4743
7712
2185
4651
4971
3234
6542
1334
489
17287
22585
5567
27424
48250
256
474
1469
1482
7555
7647
5458
1335
9824
8516
8340
1720
6763
4959
6562
1626
2386
1558
731
105
6709
35
6272
2560
9689
7112
3725
2790
48382
42083
2443
9178
5519
18161
3893
4081
649
3240
29526
3082
7124
180
2772
6300
8241
8798
12033
2121
1278
6894
5892
1231
3695
2224
7855
512
3647
1589
1144
8654
2003
7844
6485
5232
460
7593
6515
6551
6878
3526
6035
1474
1675
5670
7641
9876
7442
28009
9737
6440
4106
4195
4938
4634
9332
4206
4014
9302
3676
7910
235
7102
34418
11013
3959
7653
2341
8538
6719
5234
4932
8469
8309
4175
15603
9804
3470
8047
34363
7313
5993
8894
7653
2333
9781
1326
2042
3771
5571
2338
3391
47848
1566
1686
7619
2614
9662
3681
2199
2573
4175
4399
548
1533
7421
26309
8291
1898
16243
951
30795
4630
2365
1563
7723
7727
3248
6019
1972
931
9382
6247
7653
30
1651
6979
21930
2463
2967
6928
9835
5337
6150
2992
9057
6689
5128
30579
8313
7042
1553
6067
8667
7508
5939
4417
6538
32760
4138
4403
8648
7846
46572
6911
7143
872
7554
1656
6537
43711
3403
4131
8055
9758
9735
4420
7729
31601
726
22795
1473
33160
9001
10290
3054
9155
6957
7457
684
17941
956
4577
9200
15600
20216
3358
44391
5182
9924
6027
1218
20900
4940
6681
6578
1395
9394
8582
2148
47648
7372
1489
6690
4331
4016
7600
4315
1060
20504
1082
9742
11321
9931
16531
3804
3946
39194
1383
8734
8696
371
5867
298
2762
8229
6019
6685
38203
6823
9186
9988
9374
5875
37965
24761
351
8597
6981
22613
8362
8067
1670
22327
8962
19780
2401
4190
760
3955
2252
7135
7062
836
2437
1127
33364
4489
8048
15509
36257
6340
7574
6497
6677
3689
2959
4206
2428
40991
8428
2896
3706
9943
7777
4754
4543
9202
934
2658
9878
3055
3611
5394
30608
8675
30145
6933
47671
3417
5538
10949
8907
4693
2828
7817
1058
5964
1095
5754
28859
2599
4430
2963
3290
7926
2908
7947
32487
2405
3056
3004
7216
2078
38582
8687
33495
6576
1387
672
2293
1312
8523
3093
3502
7028
8982
459
24633
1697
48474
8969
8021
47404
1149
7332
6144
2117
20760
5214
2977
8124
7506
39029
8179
2318
176
3543
5801
7795
33393
8833
5137
6249
7014
1548
22268
5358
5793
16227
1795
3130
3608
939
7956
1887
35974
519
2435
6685
7391
46721
79
2893
21226
3519
5731
7212
22935
18557
7145
18259
9369
1850
1079
2797
3042
9803
1678
8406
40961
9770
33104
8061
9528
9398
6221
9904
7055
21751
49577
743
3253
2011
27600
788
32321
9071
649
44781
4667
7398
7141
72
1675
9189
8248
8972
6134
32343
2921
9186
295
6590
8230
2979
8586
4333
5938
2212
9847
46539
34697
38016
166
6416
9945
12208
9815
9984
47425
1427
6110
7228
8449
9876
14375
8751
218
35300
4671
23145
8082
9824
3143
8718
7586
6790
2088
3073
6989
5208
2563
720
2290
5668
1253
9250
4870
9788
6351
8967
15666
685
8989
6986
8858
2305
9690
7205
22961
1026
2823
21482
1594
6549
49315
845
3761
17721
2960
7897
12668
2203
7001
898
14338
6771
264
7358
38353
43962
9040
5809
5483
43950
4541
4794
3183
1843
8518
4578
5432
3989
436
3644
8108
4657
6829
402
8831
3571
3075
41035
46344
5737
2621
7653
8614
5336
4046
5617
6677
27168
2457
8345
8906
37160
28763
49811
8229
6542
45410
8561
5855
19748
49087
24754
1466
8869
3761
37704
8715
15033
7037
1344
5076
6500
3391
1083
6744
7215
4117
7795
7962
8566
4009
17671
3193
27281
8656
5711
9744
49901
398
3280
37828
1799
6281
4902
7594
6846
8288
555
170
3669
30071
1530
8669
19016
6118
2482
3711
4922
8605
8333
11134
5121
25668
831
2770
442
548
45015
5028
4259
1462
4784
4495
763
34981
5474
3603
4901
4854
6936
8707
8301
3304
6615
9500
9997
1086
8979
12869
4653
6227
6990
8991
6493
9986
7894
6330
9986
4469
7087
9025
8495
9347
684
22801
1770
15634
8821
6271
9669
4432
5180
8483
5188
3348
4924
6923
2837
54
1901
1539
26071
1991
304
251
1418
35384
7188
4824
4936
12306
528
2749
32008
7822
15804
9555
17745
5764
5065
1756
39354
5711
12586
2212
9851
1382
3665
3002
46473
8914
6660
7090
1068
6898
8034
80
729
44024
9594
4727
6165
3519
6864
3400
36668
9110
4289
6599
689
5640
1971
1010
2176
245
318
5264
49818
4530
14332
437
8592
4380
5329
26887
269
1459
1475
2737
5295
3054
3651
5832
8836
1787
8179
6567
5331
31622
796
26950
8695
1749
5282
3356
6741
8244
26253
28339
9364
6754
2385
7663
6196
7947
9759
9552
4082
1969
9199
4685
1955
8849
9477
2600
983
350
7499
4211
5663
7219
8045
24681
5060
9331
8945
6918
8399
9027
2581
8747
8293
1131
7742
9950
7818
44479
7506
7146
13403
49555
4245
3633
3177
6578
4219
7176
9111
1549
7886
5524
3022
44099
4186
6500
7728
21013
9652
8203
4126
3987
1922
4701
21650
10854
9401
8027
349
26
40200
46858
9570
4777
6270
529
6674
2769
1104
6591
2309
7729
6304
11141
23801
2037
49960
5799
9190
2416
3709
8484
4197
4720
30089
9282
1662
5643
25371
1514
5526
12182
2556
234
9212
1404
8192
2591
24815
15015
6307
5189
1555
40641
8663
8505
74
5435
41961
1655
2573
37880
11168
5664
1440
47303
7317
225
4296
6108
3959
2609
32989
4163
5969
9150
14019
17377
763
4255
1756
8115
4440
26357
11372
9047
661
1186
6988
20945
6623
4665
1087
8979
5539
9605
3143
13271
24200
376
6214
8705
103
17574
2857
371
4780
5343
6825
2200
6661
5215
2178
1451
4441
8016
3214
11272
13349
540
2535
7209
1412
5049
7016
6872
3462
9787
4882
6949
9741
30762
46837
9682
5963
26113
34630
39219
1908
7860
19931
32589
1971
4986
24362
35
5885
1180
15255
9088
5850
6841
18822
20330
2228
14007
28
25032
364
1961
7175
1218
14930
49098
6983
648
5666
6473
4952
8916
5442
9375
8555
432
45424
5305
1781
6252
8430
49138
46050
3069
9928
6365
4351
7038
45914
6138
8572
46613
700
4420
3250
1724
2321
1541
1571
1428
990
47015
8150
26236
3709
4766
7452
2017
9255
5046
34124
3192
4381
8690
18864
11804
578
5348
42051
49118
2517
9596
6994
42150
7916
5376
9636
23583
5993
1511
3822
9780
4735
47332
17114
35100
9603
2745
5094
3191
9212
6343
17526
48364
8193
23232
3391
438
9564
4255
1553
29708
988
6370
6455
2798
8834
34237
9237
9738
9300
8504
28937
8557
2408
7222
39734
3018
19712
25426
4377
7075
9736
4773
1532
8327
6375
7973
5485
40654
4850
8011
5748
4167
1741
9026
901
36196
3994
9166
3438
4843
6149
3345
24376
9602
6324
25013
6985
39734
4639
10128
8943
7322
37533
46100
2969
1229
8830
8611
5264
515
3690
9038
3858
4828
6825
8354
33087
14144
9042
3194
133
4187
9421
5828
2405
19713
9576
160
12404
3985
5317
26108
9819
38841
39057
7806
41382
8777
4611
8650
37573
7081
5448
29
3535
3071
5285
9100
7421
43699
29328
9775
46024
39172
5654
19205
1120
39907
1020
1655
9866
9153
3545
7923
39423
4931
5034
5813
2949
8932
8418
3346
2430
1886
356
5266
6023
1619
12223
6782
6804
8561
31546
6301
2761
6886
5754
773
7093
22489
630
7326
114
6980
2981
7358
169
1364
10044
18583
42273
7116
40862
4842
4613
15823
32063
8860
309
8521
5367
8803
28471
999
48167
2753
7361
5741
7411
6783
3130
1310
7203
3553
9217
5790
1701
4962
27739
28489
4703
12460
5066
2261
453
9403
6542
10016
5982
7505
5735
1288
8737
6137
8156
1159
1868
3322
7084
38889
2626
4508
40363
49032
2938
34289
5316
7881
7832
7795
6752
34430
1062
9898
6589
8366
6637
3548
38596
3073
8051
4731
8654
23590
6173
33198
7525
7659
7330
29325
1218
1367
9557
1679
8082
2522
160
3142
9121
8666
26
2136
981
8797
4505
13891
8203
36418
882
39
862
7574
38554
8496
1687
2595
1065
6077
753
1182
9221
4780
2328
4354
29119
1836
6674
5183
9550
2247
5374
6670
2579
34441
14957
37360
4239
434
1399
5559
9988
3335
9656
4473
6287
9600
9393
2761
9878
2563
9532
9825
5983
4703
1491
10125
2691
14408
8659
7926
4926
7469
47214
16385
7102
7468
46210
2165
8429
36003
27885
4655
58
9642
17445
4137
43238
6552
8513
412
5274
6432
35543
4271
3493
9108
7933
3851
533
3446
8669
931
2286
38069
2119
1644
1040
39084
25255
8701
8777
8559
6713
1668
5265
26308
34
6137
8547
7329
9747
6040
2888
18589
25649
1975
1973
6924
9317
8314
4034
7752
9885
5962
8983
3473
5864
970
7192
25633
3897
7848
4241
5095
8360
9052
6019
6719
6509
40406
46023
8985
7044
6199
4383
1758
7774
7892
26283
5362
6766
16052
8380
8701
22345
23670
152
3161
9803
17504
36490
45979
2680
6002
5301
891
9729
3671
3694
4588
9212
8113
779
4951
2077
9545
7187
5347
4605
29681
4454
2309
3313
1709
7135
6427
6033
4353
1040
24648
4680
3264
419
7453
3399
3322
6275
7594
39263
6370
1335
35683
1543
11556
4
5172
1514
5489
4547
3241
17300
5559
4506
2093
8036
5293
166
8942
44331
6360
2151
9885
2927
3587
20411
18973
859
8192
5676
9037
2634
9459
3955
3627
8318
6514
1161
9270
1092
18022
8405
9736
684
4113
2646
5418
9644
5839
8922
4033
36335
3875
31039
2234
2932
4602
3640
1821
30657
625
29710
3892
7335
4697
1773
1128
8637
2513
2088
1086
4493
4976
5166
4142
8687
27013
7373
7875
5943
6298
9986
3255
7110
7947
5619
34834
4646
1223
7509
9145
7396
4823
4863
5956
1122
1982
3702
541
47314
3960
9822
15717
3149
3939
9796
7977
1878
1496
8195
2615
2203
7463
1085
3724
652
4439
4960
5762
37518
9553
5838
2686
9203
2881
17274
7469
3616
4762
7407
2198
32198
1743
8399
4571
8923
3324
2546
4615
6927
4777
9701
3578
2254
5549
11954
3503
5054
30148
960
41274
493
4231
2472
5223
37155
43790
3182
9409
6509
8707
1892
31784
43550
4440
666
9252
10404
640
9395
3835
38590
16433
5447
841
28279
6506
1630
8355
8926
46528
1581
5708
2542
3594
7507
20180
36729
6220
252
16238
18515
7121
6322
45759
21796
3338
42411
9077
2766
7901
3259
19829
4713
5342
2457
9396
2064
18740
9221
8101
5726
44459
1961
8405
8760
3314
3679
782
2918
5510
8991
15090
4257
5105
8817
581
6904
7685
40396
28755
7567
686
8875
5483
4732
24
5892
3598
404
7621
4845
2472
9049
11889
3201
8103
4808
7135
8753
5974
23445
8250
8132
8954
2889
7347
1944
2622
7175
9263
40682
379
29019
3271
4360
2012
2091
7641
8159
3845
5202
5019
8325
7664
8766
2885
3277
57
47360
3760
17468
40602
1783
2025
2447
11704
541
1269
2764
5905
9857
7775
9851
2255
8399
7636
2058
33968
3469
4978
3250
39891
9712
8856
4367
9308
12514
3798
1631
8122
2695
8672
1168
23523
6627
41481
34312
7858
2193
277
8466
1335
20480
6301
669
1610
5229
3612
5371
6420
7656
43063
44650
7574
343
9374
9378
7698
755
978
8307
27201
8953
8291
40503
43198
4504
5828
8255
4476
9417
6358
2187
26746
29727
16395
1708
36054
9991
8549
3873
5479
5040
29882
6252
5777
7618
10801
347
1204
1988
2292
2640
9655
2896
8184
3476
1998
3690
2083
9302
4201
1120
7039
4273
7586
7398
2996
7
346
7722
2322
7426
7502
39318
2215
14613
8167
2418
2596
9363
3572
1537
9672
8468
12852
2485
42721
2059
1509
6177
3016
6380
23166
5633
10887
6250
5077
10600
7698
9796
2456
4351
19885
22548
9591
39327
14250
6062
6417
19522
2584
4737
9315
8202
9893
102
274
9840
2640
2061
5107
224
7340
889
4301
774
3621
9670
1536
42889
4942
9404
5102
3675
700
2839
1461
15266
16677
2655
1668
8508
24977
6766
757
1977
4966
4065
14847
11733
8387
1275
4444
24543
5606
19178
688
46542
18154
6147
6473
25935
35330
2963
281
38033
3110
22540
3286
1338
717
9418
36852
8529
25600
5023
2963
5876
4204
7074
729
2425
7842
3565
2584
6862
6431
1711
3292
5651
3966
1640
3973
46387
7723
19518
36797
11809
5923
6533
3031
712
19985
8821
3036
8958
8326
25882
1950
2110
6964
5281
1094
16319
8226
4603
3407
9393
13797
7518
8425
3059
39044
25188
5504
47405
364
38291
8379
48006
6304
7500
4424
24040
9284
9169
9536
7702
6989
289
6535
47880
3626
7787
7092
3290
5977
3346
17610
7409
4475
7186
4310
183
4299
931
2741
1263
7726
4379
5825
1526
7502
8111
926
3370
5652
3030
3259
30793
9450
9988
8284
19209
6491
289
451
3337
48989
8195
7395
35225
45893
29744
2340
1934
565
135
5666
5582
3063
16095
2941
7129
7425
4298
370
28655
7196
8635
404
3392
2382
3578
38008
7838
2613
8949
23126
289
300
4426
1237
5106
3379
29585
911
1023
16042
9757
4369
973
37659
6099
4423
43498
37592
17518
1206
4162
2729
2975
7642
2468
3869
7986
4783
2915
21
4678
1250
3806
6088
8180
6028
20438
5372
5919
7366
15035
5293
2640
510
5472
40028
6483
3823
7998
861
43941
48975
13320
9071
6096
8472
9074
10561
5
6560
5825
2144
7014
18373
4127
5949
2072
10932
9226
5655
9857
11899
1914
11403
29877
20676
16691
9633
176
32067
9149
81
6784
2052
3631
13742
1354
2784
35579
12136
34128
8217
15531
1894
2298
6359
794
49176
9466
5441
4202
2940
3859
5225
4863
35168
2088
9841
9970
5677
36060
6278
2804
2154
3820
8271
20745
39980
8069
1775
13289
25556
44849
1610
1218
4810
5463
1656
5820
9976
32715
927
1111
2128
2923
4456
16731
42022
983
6630
1819
32942
2469
3397
1741
8966
5295
44831
9285
5642
11427
12193
4817
1579
1468
7116
8484
33387
8894
3582
8753
2471
1892
6917
9818
5434
922
3736
12918
4061
30624
105
9747
7371
9574
39155
102
6018
7161
4547
36696
45433
9901
786
4240
9193
9950
7810
8415
6153
3257
8249
25642
49615
4436
6576
3061
8501
3703
246
3041
2613
9496
1620
1860
577
1529
11120
6331
3010
4246
1768
9961
7300
2665
6424
7833
7223
1901
6213
2561
9703
1560
768
31723
41879
6354
8618
13189
12713
6482
5415
43265
4126
1825
998
6201
9381
1417
7054
7894
2220
8771
9520
9028
7621
9692
44421
5059
4071
1516
6503
3429
2343
340
7337
41199
288
364
6593
9898
3980
6880
8825
17779
2991
5567
8496
5787
47140
6322
45045
38314
48201
26230
1791
9258
1874
5749
2504
7913
6905
7457
899
23572
6975
6556
3364
2134
4834
2614
5444
6528
4773
505
6693
47926
9381
2318
1662
6610
4338
5771
5224
6315
4884
25381
3420
2820
1559
7101
38049
3079
24730
22255
9909
3243
490
4591
6283
45339
9735
9554
49928
25643
7793
6254
311
8980
39057
6086
718
6927
711
32814
6708
3659
2921
7856
1068
6737
8535
6685
41
14666
3685
4455
12625
34126
34253
13101
9676
3966
1795
7402
2658
1553
2819
6303
4092
9890
7851
23277
8190
7006
2479
6386
6875
6481
2075
3001
457
4483
2699
7631
5298
9348
23394
5500
8405
15493
4364
14358
57
46042
8107
44476
3010
2845
6665
1758
17282
9766
5373
9723
28631
1949
6066
4593
2089
1070
19359
32375
2942
3458
8042
2949
6803
4258
42637
264
935
3113
1866
8051
9064
7032
1529
8361
3727
9383
22809
7872
321
758
7743
1756
41213
7198
46002
13688
5546
1197
38996
2213
2805
6953
5183
4767
4709
5285
7700
5910
1503
35591
8676
813
8556
30434
8068
9435
21229
36465
45067
7678
5429
2701
6505
648
6869
4164
19287
7358
3803
5171
8521
20
8892
9090
4153
8355
539
1934
4027
9387
1954
9848
8094
28926
5714
8736
585
47417
43025
8072
6353
1317
6292
8728
6943
30954
4640
2896
7961
9542
8638
17870
4537
2161
7653
6444
11906
24677
5663
4686
729
6007
1978
1124
7235
1759
4276
1451
13599
5988
1790
12745
487
9417
2503
24425
22973
522
645
8496
5178
9922
1011
953
6647
25031
1765
3839
2758
27429
8463
4619
7150
5188
1997
7223
6836
3530
5690
7102
104
5342
1688
47939
1200
2453
2991
1475
4192
33170
11151
2498
18855
8041
34060
9008
2243
7627
9619
3678
2679
19000
3132
3936
18817
7640
5312
3681
5535
2358
13311
12526
1433
6793
4212
7283
4430
8104
5645
9683
13989
18042
40191
3713
8513
210
1506
5506
9471
8225
15307
5362
6
8106
5603
2664
41022
2626
8708
4693
7216
14439
1550
3683
5191
2431
9711
561
38920
2214
1244
1734
47393
9535
501
2367
4100
6922
4916
29475
4175
5985
4652
4039
3860
32073
39207
42320
2067
6755
2954
9055
42200
32321
6838
25539
2740
4643
8696
2377
10831
6317
8486
6945
1178
34432
8054
6606
3896
4620
9253
9005
9983
1976
9468
5811
6653
6676
23888
47933
2966
9045
9485
9023
4698
591
18978
7090
84
6270
905
167
18704
9189
35163
18132
25500
2492
4478
37258
8676
2402
4494
9577
4043
4835
9316
6724
3044
6246
31252
3929
7174
4257
2756
4536
3188
1826
3487
7510
1888
1332
3585
36421
3843
16538
2113
5531
9830
2148
6289
9079
22234
5980
2603
3113
386
3853
6497
7430
7521
6984
917
5721
5021
7163
2060
95
581
8355
2852
20091
2711
6726
5634
13452
8218
8116
9636
6738
8747
8553
8039
1531
5465
9431
8307
7546
3124
4095
37
7929
2879
3890
26175
2561
503
13363
846
9104
8062
6957
5667
30123
8316
1552
2794
8106
24281
9303
816
5503
11026
18125
7887
1375
15366
8073
9976
28210
1412
9510
2005
5337
4095
9839
44279
8791
7696
8446
4572
160
6975
41957
24185
1326
21374
43202
3045
679
6850
26168
2654
4772
6197
673
15913
9014
37507
3859
2818
8416
789
36120
7719
11110
4245
37162
4019
3164
6583
2073
17676
11736
7478
21410
5679
3800
8219
6556
1239
1229
9098
49052
5592
1928
7709
9229
42433
2210
6773
37797
7925
5999
46857
1231
2116
4663
14653
1116
15000
7967
35024
5682
58
9934
312
2545
7502
29343
5129
7210
48915
4687
9762
29261
6568
4831
450
6557
5335
8910
3586
1490
9518
6238
7692
513
5373
2896
607
7358
1078
6355
2466
7184
1491
6818
4659
6449
38960
2619
9868
23471
3991
48119
3745
1207
45836
2320
5122
9016
7439
5893
22581
9426
5823
8098
8400
4542
32284
1932
3529
15255
2300
5952
9472
1734
6961
26850
28255
4332
529
7613
5683
235
4208
7697
145
8582
7866
9155
7044
4991
1045
21563
3702
9400
30040
809
21421
81
4044
2190
171
7520
14461
331
7078
4807
6156
7670
6058
8406
1912
3961
47563
3279
24928
933
1919
1265
2439
3544
40794
7913
31601
6891
144
4231
9922
3079
7450
1073
3437
3656
2748
42092
3689
7608
19970
5006
426
4356
2786
1522
7957
6030
4440
8831
1285
31570
8905
47100
7991
4561
42030
4586
23916
1838
2379
3814
37413
5255
4964
5868
3022
6627
7174
527
4722
47426
8692
9621
2069
6067
1951
8902
35418
3570
594
2860
3601
5566
7651
1306
3361
4335
16512
7152
3985
20466
32422
9399
26267
38640
1931
308
5969
28667
6328
8840
27622
1514
28748
2568
2796
7983
30493
7753
6682
23250
6389
30705
30557
7796
21101
3565
552
1630
1389
41564
7359
4482
877
3221
872
6722
1494
18076
21469
3474
9322
9414
2482
2359
7741
13936
8914
1142
4103
2624
42255
27097
247
5061
7552
28370
3574
3280
9536
4223
9089
5238
1751
3032
1299
2442
4231
4745
386
8522
9894
5644
33836
1618
5805
6685
4674
474
39086
1176
34556
47
4133
4075
20955
8392
9491
28957
653
4902
4519
30787
7261
4512
1075
7698
9477
8231
833
8436
6979
6266
6560
4112
45492
3882
1915
113
8694
4246
4481
1408
7339
9304
5773
7929
6890
24932
549
5396
7558
36810
35897
661
1758
6654
8346
5601
1736
3853
4827
7657
4473
8514
6071
2544
7192
5272
8508
6204
1821
3110
3735
7659
19611
6773
2092
285
10818
8498
3527
9896
47116
8619
7654
7316
7512
8984
5999
9766
6897
4895
19863
3662
636
29561
1595
7298
2031
1862
9071
7764
7486
2945
6668
1010
4317
453
4860
37295
1191
5223
9136
8295
7953
29993
5340
1138
7926
8287
2163
11567
8048
7947
8451
48375
6944
3674
44487
2334
1674
4591
574
29183
44214
7402
5792
7311
3974
6542
4496
32194
345
4037
23923
1191
4404
6228
6513
2880
4982
34786
3092
3802
31964
10994
25810
3337
4007
9076
4313
24861
9491
4209
7042
34
4348
1725
5034
29763
6938
6239
34631
9404
9792
17219
3003
973
4183
3894
6198
13823
655
3239
20
6574
920
8989
8014
4963
7079
1183
6473
7903
7901
4110
2495
2778
40497
3699
44524
19245
3186
7925
8903
4833
8740
29051
99
32671
26803
7748
3244
8052
444
5525
40084
51
6428
3094
7343
5115
5291
9041
9318
1861
581
4365
2336
9401
9772
1670
5946
8338
609
8203
6940
29717
33588
3986
1362
61
8931
7645
8908
1948
1963
5027
5551
4023
1640
5173
48528
5833
2094
9333
4109
772
7755
4618
9089
7270
6649
3254
40415
635
3812
8575
9044
2758
19042
4568
6070
9172
9717
28737
8113
8284
43966
9939
26175
6958
6969
15230
505
1992
3681
3536
6795
4129
5751
7866
38740
8793
4089
7217
2094
28422
6438
30621
22720
8720
47947
7120
35945
35029
5890
5200
33917
3464
4286
7641
8221
898
27902
44983
21388
49841
8488
4736
3832
6884
8143
5229
39126
5231
6715
2340
681
28715
3799
20923
5288
388
8588
12053
47583
5194
3245
6405
3396
6173
6640
8555
7673
31798
1754
26169
5666
3482
4165
2822
1622
1286
5185
6863
7125
880
4591
4936
9575
4458
6856
4766
31833
9244
2788
15332
2755
42832
6884
13277
1994
6382
9135
4895
8844
14213
6367
158
44712
3963
4996
2112
7324
4983
1845
46488
9681
6019
5613
3100
8080
5587
29648
3380
14595
2495
20517
2402
5890
535
6075
6086
2736
3940
7201
9552
6706
43809
1706
2719
2138
8347
9856
2112
8160
1913
5542
4168
9590
8092
4140
4509
3959
2391
263
6994
3822
5766
8794
27113
47207
26334
2609
2874
359
5950
5245
2303
3538
4249
127
9019
5160
885
3218
7331
6520
6660
16522
48768
1837
124
2604
5765
4968
43883
4934
933
4564
2551
9989
5366
9540
8076
6865
47528
9889
2625
1001
707
6916
4967
665
4858
3220
4722
4628
3666
4398
4995
8081
9625
4777
3678
8789
2861
5789
4755
12679
312
4878
29
8140
7512
9039
6004
23795
5917
36232
4230
5598
8012
5470
15669
2772
2268
8355
1909
4727
23135
1980
48962
2023
8530
12272
4003
1548
8264
5993
5233
25652
1366
27001
7475
5146
6553
7014
5049
1929
3328
9987
5594
3430
3634
1096
8775
24940
6895
138
15866
5946
2660
6658
8799
5461
5106
28048
4104
39851
3617
2795
3281
192
1805
7314
1169
4219
1093
9049
8639
6642
8455
8978
6920
41460
6609
5598
4587
24
2971
8952
1621
7096
34786
9696
4463
9136
21635
3505
7288
9837
9197
501
4712
1574
4292
11851
4744
32573
7694
5887
5035
2235
7227
8006
30069
1944
8433
4054
4320
8527
7389
4367
4549
8751
673
17594
2961
6047
8124
717
4284
18010
3835
9254
8431
28
5314
17572
4664
6168
5526
521
6395
25082
21708
5116
1497
5547
3812
6100
4010
33875
1831
19774
6624
562
5164
49769
4784
889
9703
7141
9324
25052
3372
3400
2850
9622
24837
35356
31000
6961
35622
2528
41811
4586
4853
1916
2113
22
3689
6735
8177
17918
41388
7743
9786
2236
3109
3798
1280
6313
23929
5301
5448
4931
23841
6524
23653
6262
9472
99
46975
24531
11418
4384
771
8227
1501
3914
1597
4458
1675
8978
6731
9292
1803
4669
4731
2128
1613
3779
9704
6156
9055
9022
2852
30843
37659
4926
21194
6072
5053
3319
2360
38681
1373
7654
25212
8557
6824
3083
2911
6566
7281
3900
9821
4247
7140
679
1889
9971
9767
30564
4545
33150
6332
8858
2313
4628
7644
2869
1150
9613
9473
3136
35206
37255
9863
5366
8518
637
7355
9056
6719
8174
3242
3424
4751
7220
3170
4648
33066
2282
8498
1270
2233
2955
20426
15969
6300
23044
7075
7860
135
1296
46262
1244
2457
5369
509
28856
5954
23635
564
3
4221
427
4521
2106
2322
22094
8926
4473
15686
8473
8246
37131
10958
9905
6423
346
6489
2233
9409
456
1282
4893
6166
5610
7228
654
3340
2887
20252
401
18556
9381
6866
16700
9421
3502
5698
2504
6109
42667
2194
12156
39395
754
13324
5007
37426
171
7589
6077
5726
39438
6789
2255
27066
7047
3221
36624
7493
3115
2945
7326
1717
6632
8122
3085
19364
4473
681
3651
28383
19108
29595
2133
8735
2284
2661
6706
994
7033
6869
6171
44605
34606
2377
2245
5764
3821
38687
7874
3052
461
3917
9859
43161
2157
5606
30352
13839
7979
8961
6415
9465
4525
1807
4136
37855
1402
2761
5184
26036
4465
7404
6726
1664
6166
8462
4763
30385
9183
7975
5057
48206
11182
4837
3551
156
9952
590
7140
7428
3165
7743
9967
5617
6876
4906
9488
26357
8070
37897
28931
22112
2444
30906
2523
9822
33234
8660
7483
9451
8381
5634
4413
7638
436
2246
9325
3090
23622
3290
279
45275
717
4563
877
9509
8783
1522
3207
243
5666
4705
4645
6743
9070
48995
9093
843
7650
4093
3729
1355
785
1735
7752
7212
4347
7568
2575
3390
9755
497
6141
12229
27514
3889
492
8521
2456
21919
9222
266
5675
3002
8125
3424
314
35986
1837
2473
3497
20776
6168
780
6140
4282
6595
3292
7147
6811
1085
654
6961
3975
7897
6010
3579
5297
1587
20515
2262
9756
18907
5882
6019
1345
1817
5664
6246
40157
1687
36658
6117
43241
3592
7855
3
7054
10813
36372
8418
36247
7887
7853
1159
935
26485
1245
8997
4028
7873
43392
7543
5481
8139
214
8619
3459
4742
3602
2130
7878
3382
4850
7983
7424
4092
2086
7478
9915
5106
21310
9623
5710
6734
3719
37830
7552
42306
46863
46556
6961
3806
18195
46765
38
30782
7449
14636
48902
2760
8485
1468
11868
1398
3663
27368
1816
7072
9176
8923
3484
2889
2680
2224
1384
368
2806
968
445
5789
3645
6334
719
9772
8349
3203
29658
5606
834
6092
9201
406
4722
19245
6660
9752
5697
31982
1513
4838
3742
2478
3769
1063
4889
936
6702
6230
4580
14787
964
7212
27601
1201
918
36131
3549
8839
4079
1612
5754
8039
9514
5150
8709
16347
47790
4851
3297
23226
3978
5915
46228
194
7511
1104
5468
5472
4545
4659
2626
3361
5008
37790
4227
44709
3702
5924
720
2259
4185
45342
3367
635
728
30609
5815
1849
2565
884
4478
8032
21583
47876
738
2710
6527
6758
32607
4243
1101
8853
7671
6759
5957
8020
2381
6034
9383
9463
8872
32012
45573
2855
11611
3772
244
4772
8789
4529
2748
3399
8983
21115
9101
6000
3113
9495
26652
6529
1811
5170
26155
431
8191
8908
44458
256
2518
5152
4710
3965
5472
6282
45682
6747
5035
9348
4581
6349
3998
4361
2774
3581
6511
8856
30719
9371
1582
9767
2675
36357
8512
7657
5784
47658
3807
932
5148
4678
7703
34252
13494
16008
15730
3293
5957
918
40837
10442
41689
3150
8606
5005
36808
9375
3453
1079
7393
13289
8987
42298
43188
1169
29223
9642
12057
6446
6528
8962
3332
21911
45176
7872
6672
4383
6833
3252
1532
412
48221
3484
6360
2494
7928
7321
5662
375
3000
7086
9001
978
6572
27036
992
7927
2451
2634
3625
38494
43060
36887
563
9644
59
7279
44202
7546
435
9859
5564
2618
38703
5411
38347
2844
30323
3520
9448
4867
6115
4006
696
3102
7719
8090
32773
47533
5640
16098
1858
8165
39150
2396
43419
8885
2249
28168
1134
9085
8474
4206
8264
44584
14967
3520
17831
32823
851
6635
9046
7172
34521
27184
2216
5236
9600
5788
5234
41242
39468
3674
9623
28320
5989
3655
1787
1804
5879
4116
873
6918
9088
5492
485
47628
6185
10957
8055
4679
27668
2274
27185
829
3946
9076
5112
30601
7035
7015
7446
20691
33106
3242
4214
4311
5029
3341
1025
4867
8717
816
4646
4984
3328
1873
6142
4143
8686
796
6988
1662
6117
3406
6095
40879
2222
4771
4832
3428
38859
36792
9934
8083
2385
4261
8936
8689
6673
6955
341
26537
14367
2551
17699
6850
48512
18738
6231
7351
4287
5193
6873
15988
3286
26317
2764
45291
3446
4559
1162
3663
3619
5930
8695
6609
5758
4322
3391
9114
16162
2469
9108
1926
1035
6617
7685
1521
43496
414
7464
8385
33935
4553
6920
4009
6218
5024
2218
6591
5929
6584
127
6460
6688
3954
17039
7785
8354
4945
368
992
6783
9084
6077
8870
3402
8408
14185
3005
5484
1891
20295
2014
8564
3886
6381
4222
4293
9031
562
1372
25002
32275
3327
6816
3005
6704
28383
8718
45046
9894
6839
3627
9313
3497
966
4146
9018
23862
4724
1010
2171
4197
1184
780
4783
936
8280
9524
9428
26477
12961
8525
4058
2576
8616
7296
9786
8117
3127
47233
20467
28351
3100
2275
5097
4698
20627
8801
5836
5295
7055
7521
5033
587
6122
4960
7357
29899
7429
847
4621
5347
28304
2995
175
9500
2241
4902
3540
4975
8815
127
6380
5897
1893
2684
3825
34628
36645
28557
1894
9074
4432
5171
9407
7012
1555
6884
4553
3198
6288
24024
4552
5878
121
2260
2107
1717
9198
18279
6727
5920
9317
9014
2777
29524
1780
8000
6382
19645
9446
1119
18916
12998
6107
16735
19705
7876
2467
6673
6460
11777
8665
2913
2204
17880
5021
743
7119
862
23248
1727
7853
32336
33780
2440
7574
4275
8321
2494
13217
1979
8797
18603
7969
7070
3379
6893
1128
22469
8093
2418
6511
13609
207
7988
8336
25470
6492
7335
2201
38223
1359
4985
1844
4004
1374
6166
29184
9601
1700
8302
4645
19066
9667
1417
9953
6332
2883
6249
43735
1604
3771
5835
22094
3080
1502
13534
857
8189
7783
2633
23498
4623
733
30410
8685
9147
6521
4094
6971
4817
24576
33204
4824
8290
19787
19284
18544
31884
5701
8882
3003
4703
5955
5159
36120
5768
9887
5260
6356
1940
5552
9703
5541
2693
7911
5137
20889
650
7417
7810
18006
5192
9138
9379
2166
6931
9728
41013
1888
42650
286
5937
10647
17
30198
2221
4763
3988
5808
8360
7282
4243
4203
20644
8735
6660
5975
1596
1368
47062
32502
375
31
10120
5901
9488
4719
33996
5673
4075
12272
9348
18312
3363
3038
8611
5980
5722
4490
1723
7141
1797
6841
19752
1991
5077
5053
16022
8654
29216
886
1872
55
8719
5840
3019
8313
9076
31655
6463
37812
6341
12868
44647
7173
5737
2894
1861
3956
16129
7574
848
5346
6683
592
5041
885
4423
2251
2974
6729
1418
8342
4427
431
8287
834
29
8079
7442
15913
4037
15305
3373
6620
4151
1812
3198
328
8043
940
4150
2143
2037
4195
3030
6587
651
46913
49320
4894
2841
3042
4178
814
7059
7352
38684
31467
1486
7469
6885
3423
4472
8525
270
34299
3861
9815
1941
5254
17315
1332
5660
2027
6090
2968
42538
6778
996
8216
7702
2726
7076
16451
45402
37920
8685
38463
1988
6988
34694
30505
7835
3117
1991
1431
3063
21695
6784
461
1066
5834
8777
5348
1552
42641
714
5435
43533
27878
2845
1728
5159
1825
3892
324
31390
8499
8260
9563
4472
5437
6061
5693
16558
8655
2577
7661
13803
8301
3757
6442
1486
36118
672
3089
23042
47726
31170
3297
2528
41875
23222
2087
6046
4497
7631
26767
6068
2943
7860
9677
4692
5279
26532
8476
8388
7753
3617
9020
4365
1963
4877
8968
8215
6785
453
1325
2578
4447
660
3685
6516
9372
3297
7905
6337
6807
1354
1765
9909
9082
3866
25970
1126
44751
23833
1945
4424
307
1115
6560
6053
43654
951
4168
5148
2677
5735
35628
6549
3201
750
2006
11313
2260
4587
5787
6842
9944
7290
6089
3335
5657
4481
9724
4883
1357
28564
9422
1020
1017
1858
4510
2871
48669
2143
36931
405
33753
3058
9768
7443
205
9614
980
6960
4496
2335
6795
3932
6801
3524
7234
3783
1874
3670
7037
5528
3569
6522
32790
13340
16638
6623
9569
1232
7144
8130
9066
7941
4190
5965
5722
2012
2041
29726
25828
3948
8883
8943
7021
2732
582
2601
8252
133
8083
6487
9468
9212
8807
8341
32121
5923
8217
5598
26092
7319
42775
890
3148
28144
40511
6055
6543
32411
7772
5768
8500
2208
5367
37484
7480
7040
24340
5143
793
9655
2085
3040
2841
8967
8262
5597
6574
4375
805
46057
6844
188
10171
1513
9974
6335
10853
2474
6747
2361
8203
9483
37702
2445
4005
24485
6920
289
22006
4814
26419
9357
7078
2308
6836
2483
6466
6868
158
7098
8120
5736
3636
3214
6183
2289
43710
9741
5021
2574
6257
7810
3327
2303
7452
35880
9528
4853
9330
9172
6293
9449
3543
9896
7514
3968
18575
7356
2043
19703
7624
45402
5823
882
25088
11168
1464
5208
8362
7827
9471
934
43031
9212
7331
6018
3246
7832
4684
4136
2795
9835
8123
8653
3256
9052
1468
3404
6889
2854
7062
6055
12567
31936
7222
5885
3336
1323
3249
8005
213
7199
4436
4577
1477
4450
28984
6906
7031
4679
8214
6920
45
8460
18695
4906
5322
30242
1135
4051
7545
4754
436
4914
3920
7838
1051
6037
14645
561
6335
5329
1268
4932
7607
9763
6934
8473
8477
4688
7651
2311
1654
6812
5613
5212
17606
6293
1974
8568
696
9058
4998
3901
9582
1396
2259
8081
3861
9906
43208
4259
9431
18589
4712
630
7266
2658
4701
7668
8786
835
6675
2192
55
8350
1321
7876
4740
7246
997
9594
443
851
7881
27970
3954
8272
6259
16093
6889
41521
11842
4791
8212
312
9818
3684
9446
9557
922
3752
32653
333
7633
8193
8280
8611
1076
9884
48798
6703
2845
5164
5613
2021
5740
10188
322
7477
9811
5515
5470
5739
6042
359
2874
5791
28608
45903
3340
915
1440
7832
6903
17976
24313
6209
856
9726
7238
3167
30298
1455
5604
5544
5675
1958
6198
4198
4497
19172
35686
3820
1823
3827
6364
6639
3230
27792
4230
8921
3700
22857
4855
56
8522
2665
4892
2001
6176
35256
920
2085
28970
8619
9867
600
6319
9974
6260
37112
13675
9995
6799
4973
6478
147
7862
4407
11109
19233
24189
10441
6920
4728
6262
128
2479
6502
11314
4670
9135
37748
7809
44501
1114
2965
7255
8275
5500
4411
4725
2996
8788
43959
7312
4730
26062
8549
7884
26017
1987
1826
5153
19377
4648
43195
5126
9411
6196
6812
33538
30937
4570
8562
4323
493
48494
2873
41755
34045
1494
8031
2946
26446
7106
6529
23374
43347
2252
18777
4835
8447
4823
948
7164
1653
49105
2266
1558
5378
8740
957
6471
2890
341
2948
400
1458
1374
20160
43859
766
5187
1606
8676
2347
394
42952
7404
1143
7274
11975
9448
2122
8828
698
6153
1007
4211
3739
7033
7450
435
6727
1404
635
1905
3997
4193
7900
9919
5706
7718
2447
5499
6425
5012
47682
3830
2911
16888
5505
3483
3964
2088
4472
6590
5694
8046
31869
1269
6003
4859
42543
3392
4972
6947
6930
1997
2019
692
37925
4844
6312
7382
105
29497
3082
40874
47498
2634
1845
1644
13487
36205
2764
9448
5916
33371
198
9583
5499
5891
4477
7119
3372
30136
243
7530
437
17933
31573
7117
4918
27990
5777
19721
3618
6042
5803
672
2560
2453
25839
798
4835
9461
3602
4352
7268
40499
748
464
9886
9189
39193
7561
7076
26299
15554
21056
9391
3019
6668
3039
786
4215
1955
5410
1606
7032
4706
1155
1315
599
1119
2934
43645
2542
5173
13930
33381
310
3418
8382
4728
6497
6792
8213
3536
29820
9272
49108
4792
2822
3049
972
2240
8615
7142
8077
14176
9869
9729
1612
9307
9275
8140
6739
5197
34240
9691
9959
8459
2528
4734
47170
8345
1996
7477
3101
7183
2684
11643
9986
5046
6983
2579
1861
31167
3127
8530
21490
2947
1285
5593
2983
2383
1034
4840
9400
6107
884
3941
2406
44218
9180
9538
8920
3734
9872
8076
509
573
8274
8122
3960
8515
2008
9652
1722
1983
36024
8424
7900
1561
1772
150
12184
37503
5949
4721
1048
6427
8654
7517
10065
16657
8306
10981
5878
4926
12684
5279
4722
11946
6823
6026
9659
4364
59
7371
38151
7094
4728
8673
14023
5262
5267
6255
1239
5537
1908
4710
5281
32681
4430
10970
44240
4577
40176
1579
8205
1197
39320
9602
33419
8908
2283
5422
988
49503
1927
9980
5137
5870
6365
3973
6474
25715
4546
2926
1448
24442
6847
9379
2074
1741
32140
190
5062
9345
8579
32296
38568
4573
7460
7765
28000
8430
6155
5505
33618
21567
30904
25567
2065
426
1182
5301
2155
7531
6413
5421
569
4855
2868
9972
200
11057
1031
45758
28425
6511
21372
21027
5085
4140
3427
6626
7941
24373
18960
3259
37737
8025
4585
5630
5168
30
8384
709
593
30406
8604
9951
3572
10878
7073
8534
3618
5230
37590
5491
9741
1885
17190
14221
6773
7226
5829
63
3106
3923
2687
7112
8384
45421
40647
8729
3037
8528
94
7286
6975
2703
4693
5649
7637
7883
3961
19395
38962
7473
7004
2163
530
4766
9950
1050
9561
4193
7192
8995
3256
25691
9454
3128
9270
3714
5436
1694
4184
35237
6230
4795
1688
2103
3016
6786
38600
18338
261
30232
3463
1128
2664
1111
6220
1386
7423
1653
6221
5946
9187
8019
19102
9418
2309
23421
8018
9743
1154
6919
2364
16442
4969
9925
4120
643
5019
26304
16
2839
12889
8972
5723
3456
46597
22763
4355
6838
48389
5652
9952
17985
8869
4234
8808
13462
2502
9665
12911
8099
4055
6686
1438
3708
48478
6432
5521
35975
560
37420
5754
1905
15434
6599
17335
255
8853
10481
48571
51
22042
8106
8234
7131
1123
7373
6727
2232
9838
8387
7319
6274
7248
3969
7642
3584
3911
4295
8232
4364
6004
18966
5767
7004
8684
2187
6977
8600
6861
5477
6914
7522
4078
2717
3435
43677
1112
8329
4279
505
1428
1124
27298
3404
7239
9787
5389
8212
5674
1430
3922
5217
5235
399
8006
4252
8358
25680
3032
4584
27448
7018
2512
1230
575
1399
9689
185
5050
8940
1463
6438
8583
5233
49405
154
25315
7080
2815
6653
7161
5685
8270
4058
3684
260
8070
13556
3175
2157
16144
6414
43873
1622
5444
5291
8435
9456
30892
7744
562
2611
3570
3251
48869
5854
548
16053
8043
4421
2550
2039
3848
156
14437
5124
34862
33052
7676
7438
5638
2988
18661
999
7094
167
8646
4194
3257
51
29093
3525
5430
30760
5162
1150
4511
46154
249
49542
8292
35370
5117
4910
9264
1218
8983
3264
48840
6306
7472
3095
6584
5883
6236
6818
5929
27813
5669
31069
2234
6308
5402
31958
8071
1753
48841
907
21090
19309
390
21195
6752
3891
7813
8494
27722
6035
12407
4454
811
2792
17908
3417
8943
4698
7201
3411
2254
8363
7259
41863
7354
5358
5368
3750
2824
5802
1847
3778
7293
10612
10075
939
7289
23945
4732
7677
4783
7189
7686
2392
1000
1992
3073
5389
28602
1386
6994
8493
1479
5367
11520
3293
1921
22782
4985
5024
9058
30845
8160
33657
24969
49914
38093
9245
2433
3410
2491
2325
27931
20874
474
6577
4780
2647
5050
11611
2662
79
23250
2254
9132
6775
296
23570
9771
6155
4163
1593
3302
9131
6204
4062
43372
9432
8559
3335
8546
41632
8676
31003
2507
20736
48295
4950
35735
1096
560
5047
9760
7273
7211
17169
4030
6412
15382
387
2917
3627
925
86
31444
6168
1258
2053
3180
2438
2712
1920
7164
5483
131
31156
9207
11467
3359
938
8134
8361
3039
48994
5513
9758
6392
4548
3843
12844
7047
4192
1035
32660
22891
163
7742
29029
7974
4532
13921
15703
6276
6972
6162
2309
39243
8283
9009
2366
3167
8158
6457
1185
1023
855
2100
8963
5557
1441
6869
2984
1145
40481
7441
9593
4198
3712
5379
741
2052
6436
7386
4377
7873
1011
39918
3937
7309
1330
9078
3717
7397
4237
3135
272
578
19917
5170
36801
3435
13
8157
6459
8526
9749
2014
5162
5601
4835
3122
40080
42632
6988
46
4017
4812
30169
2012
9841
1505
66
39268
1639
13429
3138
8814
6977
1013
6018
6594
10754
12785
5848
3646
5541
4428
9539
8519
645
5159
7498
5134
32483
1672
8440
6563
6000
7579
17278
4699
7915
41111
1237
8169
7853
9807
8084
5623
4164
8921
9064
504
8820
588
9337
7471
36129
6248
2072
2518
516
29348
2964
3865
6345
3318
21806
3279
25000
2644
5894
6123
1344
26196
2518
1163
37013
9757
9588
8658
24219
5738
5504
1203
29361
4310
40203
5217
4048
4348
2457
1981
33420
2305
16176
3068
6698
23403
909
8130
4420
5831
316
1098
8597
3428
2673
14812
789
834
257
4846
2236
7406
7975
7953
32366
8151
8163
1031
6867
6388
35636
3607
940
6334
1056
8522
33564
2257
916
3924
30753
9636
3197
6857
2422
3300
1987
3641
9246
7279
1616
49006
2936
8950
49265
3460
36581
18820
5809
7855
8394
4380
5890
4319
3103
549
392
2344
2284
29836
6177
5856
6521
9270
48229
8204
812
6809
11655
106
9947
15595
1208
26822
40222
9583
6474
13256
1141
1098
8004
7027
6550
486
16409
345
3915
3823
43814
2752
8202
4481
5624
8981
10607
5739
7485
9397
7859
4531
20016
42224
185
4188
49988
2361
5287
6397
4074
2170
4625
9451
345
44260
4348
2594
48994
6896
9887
6292
47988
42898
20980
12172
38243
5902
7403
29375
1263
1858
452
3275
7720
2843
4515
5261
7081
2917
48623
8608
889
1224
6328
5035
7407
277
4112
7150
4896
5181
8682
4876
2660
3763
6898
6418
7018
6048
8744
45899
33124
4317
2087
28379
266
33713
8953
2158
6751
1249
30918
2440
13217
9448
9715
1965
7744
5410
3163
216
29835
9463
938
19096
47082
2297
5032
1369
8781
15948
33134
34896
8376
68
3862
3165
7968
42355
36811
8537
9013
28128
4594
37936
9020
43675
7096
3345
372
28843
12876
2350
5743
4596
883
3952
8216
3566
2449
21154
14695
848
5416
5286
6247
1830
1156
2372
14461
2055
274
3047
6079
8810
3731
1026
2136
461
12809
19538
4382
2878
1512
49881
5158
6566
563
5041
4876
5832
13413
36081
3828
6701
2312
6336
49517
1840
1497
40288
9350
2654
1113
10652
9800
9220
2952
35574
9035
5387
12871
9967
7982
3879
4057
6330
5871
5443
7548
4924
42112
8049
7634
8657
12574
1922
8851
8167
3295
8052
43433
3762
4219
7807
7718
9872
8513
27954
7823
43485
5676
1173
48526
5134
15293
6868
9170
5349
9524
4191
2726
2625
1324
4801
1995
7599
17773
461
29934
45798
8642
3968
2274
40842
38450
6281
6860
9729
5345
3170
10886
44140
8249
44639
728
44
36298
750
169
2479
6722
46
5290
31540
1453
5052
7516
3200
1537
5484
286
9202
3119
9137
31422
8908
342
37064
9064
35150
2811
3943
709
5515
8378
6952
24917
1241
6663
3678
7743
5923
8008
9385
5266
19032
8332
2648
7684
5110
4912
30539
3426
22431
2155
2862
1797
42605
4557
5222
7350
298
8258
33814
5309
5773
1085
31892
8905
9322
2647
988
3616
5167
5714
3621
729
27213
5274
10947
17527
9717
8942
33853
4427
3760
16714
4643
9767
41310
811
29916
26100
15430
36780
181
5137
5543
1375
6526
28506
1417
2301
1802
46008
9681
2981
24585
25775
8039
46762
13586
2146
6488
1131
4429
6243
6603
3225
8658
8732
2927
4482
6129
8396
426
5587
8587
3452
3572
32174
33064
7142
1732
8650
2480
591
8539
3641
3003
3305
30861
7171
33977
457
400
9782
3015
1158
8991
1726
7852
6642
1478
8363
6241
6371
6471
1757
6385
8829
20790
7092
47983
15617
2596
1410
1995
10
6301
5635
6996
9909
18620
46757
6831
7624
9890
3295
3131
5110
39336
2174
21017
7175
3695
8187
8747
6740
7419
9357
1750
6743
7188
6016
30120
9071
9435
5061
1807
5022
9527
612
6251
4647
401
7444
6711
9338
6962
7856
9811
3432
8636
70
6288
809
5333
9634
2463
1513
8201
7957
4964
1159
4223
18842
4202
6522
2198
7662
28534
73
46456
9981
4189
2019
34007
6902
5557
4714
492
20998
2682
8331
45189
4613
4131
8620
21422
1548
2248
9081
8173
46191
4778
18157
39529
2739
8232
602
45456
5245
5075
345
13520
8350
6919
3064
6985
1743
6206
3206
1316
6885
2850
6003
738
2804
24287
8014
2019
36446
140
9512
5338
27746
7238
7879
8419
4781
3545
75
719
2548
2417
1953
2812
9355
33626
43181
18614
2843
9760
6570
8292
9264
31784
12422
8236
22125
9355
6513
3590
4404
202
8675
9700
7473
4051
5214
4835
3452
45937
1789
5792
7902
99
717
27153
6404
1450
31518
3313
1677
890
2275
1560
468
2225
7065
7118
14999
1192
7792
26325
12947
5548
124
2958
7791
5359
4922
3347
1361
7738
29651
7288
10589
9624
8939
4193
41413
4671
1433
7640
2635
31843
4239
8908
12644
4900
7882
40312
3129
1848
30226
4313
4097
46405
44788
1696
9381
1506
4894
559
2669
2550
8716
21
8564
24825
9050
9794
34003
8194
2176
3398
1230
5915
4477
5535
5732
8901
1155
4444
74
7794
28253
6064
2822
5841
2217
3924
23570
3851
25700
7595
5129
820
3752
689
7138
7796
9547
3307
4248
4438
5464
6850
4433
5294
5893
1339
7470
4894
3240
49894
614
697
22121
1032
444
6161
8689
4665
5871
5789
16646
146
35520
2614
11959
8849
2385
15527
15296
6000
8552
22931
5913
3999
5801
8790
8510
11669
3562
29729
25270
3438
37539
3104
29471
2448
38433
45032
3820
4611
2886
2064
3924
7672
32164
17971
9075
8592
8056
29262
9769
4779
3990
4096
3214
3235
38734
37520
8889
870
16461
2219
4884
36188
18138
2856
2297
4393
41937
8517
908
7978
9719
9432
7006
28335
2325
3455
5945
9338
7950
825
8009
9218
53
8285
9850
707
6283
13772
9748
8255
3329
8
8353
38666
16354
3314
40210
4452
9397
16743
8358
8353
25767
9534
32434
9756
4636
27249
4306
2367
1317
5576
8209
3251
33732
3530
6801
3451
4475
12793
6721
8200
6121
4685
24751
3688
9501
2559
6816
1561
6337
9557
6744
3783
23254
403
8687
1484
1891
7274
6720
4279
9024
776
4450
46894
2911
6665
3033
18541
295
22733
42700
9943
5223
8664
3442
6825
6470
34355
3110
1479
9054
4596
2422
36701
1609
8010
5621
1283
4734
684
1753
8845
8188
2861
8260
45222
3345
8954
8617
33438
7633
3069
10116
8034
9366
1466
3520
3606
9047
1839
43004
13916
1298
8189
8325
9485
5845
9621
10488
3749
632
495
35111
24695
4912
36502
3539
2599
4376
5533
12518
6160
9492
9147
7813
2317
5577
6873
3671
8779
9383
34310
3378
9917
16618
3729
274
4439
8016
9438
39050
42441
2473
7733
6680
3213
7085
401
87
7911
9626
5857
7289
4764
22008
3017
7904
7804
1620
6915
1682
1081
9882
1857
2019
7483
4158
19517
6449
6498
2884
886
3061
3698
4023
3666
898
9550
7729
41632
4387
36511
45255
6978
4377
9664
39772
7238
6501
32502
37580
9910
1234
9528
1243
7834
22449
15319
16523
9310
6046
8054
1620
7409
4540
2996
2304
42
4834
1290
5725
19212
13159
15280
6677
36440
48188
7067
9358
6356
2059
18593
36162
817
6102
9141
9799
5495
2242
2473
39975
5510
5678
6475
4198
9321
4032
9367
14566
1238
5480
5487
4601
1575
9213
9302
25674
2457
5008
8484
8959
8045
7426
521
1276
9482
47200
8065
1159
1224
1836
3286
957
49553
866
7398
1717
34324
5296
17888
9550
3943
10863
6110
13248
46207
13765
1148
409
1851
3171
8686
1063
39414
9966
215
7043
5254
42670
6322
3299
2562
20508
48909
8190
1281
2684
2371
3738
872
8924
2900
7144
429
29239
2037
4628
8960
8441
5662
4775
2105
8752
34389
5025
36557
6986
5947
7109
3793
43360
326
3987
7943
3215
2907
1506
2515
6447
7696
5448
7342
7545
375
3992
19521
6247
33249
392
833
5081
991
7833
7564
8656
1581
5546
4155
9539
7595
3761
488
6464
107
6859
7342
3982
8619
8524
4486
6900
7062
3709
38120
1372
402
1592
4331
8044
9841
9589
1411
8609
1459
98
2060
15230
4857
1648
5488
9484
9913
31509
31824
4418
7582
5513
2826
3851
6101
15019
3508
1797
125
1705
8589
1176
6706
8195
1017
6730
7460
102
2959
73
3943
9163
47308
311
168
2148
18791
6909
12091
8533
1702
969
21001
3587
3714
2434
28903
6494
8260
8046
40931
14110
614
6248
31349
9456
5185
31199
9120
4122
49603
17225
26058
1920
22232
8513
33515
1346
6752
46771
27524
43437
1527
4954
1746
7293
46466
1652
13904
5693
4975
8820
3283
34646
6781
3389
9008
2793
88
12779
194
6132
228
9680
4596
7993
3747
8545
2143
7588
5161
4707
26780
41550
890
9712
15974
9615
5577
2403
48065
3075
40022
386
7239
2441
6215
5508
8077
40455
8267
245
264
8524
18410
1204
6387
925
7122
33090
5139
3671
2748
5630
1767
9588
8656
8324
4866
963
7066
3496
3099
1435
8050
4111
6276
3817
962
6246
5378
9297
42160
4166
7103
3656
12579
3782
43846
42578
5372
6485
23526
5152
9066
29831
35813
32364
9397
1410
45452
8810
3808
8206
2480
5096
7907
9080
36093
9597
43015
2076
4234
2895
9886
27249
1109
43401
3607
16481
1382
1353
5196
6010
4593
19874
3397
6344
1762
38
3127
19786
4543
4769
9941
9925
4428
36292
14
12262
9658
7230
6012
4403
8432
390
5314
6856
8938
2540
2327
1023
3942
9558
5025
9146
604
40308
4244
28320
8477
3551
1404
8046
5205
20372
42559
7631
13820
43375
8044
9197
3506
546
1626
2208
4103
46070
35880
24102
63
6812
2076
5134
2673
2061
3053
3103
7786
4708
9082
9158
11145
38899
9154
3735
2100
8615
1213
3773
6589
7786
9526
24231
8237
7655
4441
5784
1984
3684
7644
47544
2643
36264
49410
40179
5445
11566
37956
6551
7127
869
7989
27820
8231
1867
5146
8484
9802
4594
7447
3049
6853
5972
6787
1704
6659
9935
2405
6060
985
9139
6632
5561
29047
8487
8264
5360
5657
9377
2352
26135
3902
3194
5449
621
6194
4835
2198
45570
7117
8598
1160
8046
5399
43527
6811
6928
6540
8267
1081
5964
24845
6320
5494
444
2802
8556
7740
8721
35076
4771
19585
4272
886
1531
3004
9729
1175
41711
2490
4456
14605
24471
5297
8126
3032
7541
6324
9981
36253
4972
8164
3104
4871
868
7859
8573
574
3493
2596
39668
6034
3323
8756
14876
7096
1700
29830
5442
46449
2628
4194
41533
3106
1006
8633
6564
7866
7354
7105
1215
11808
6652
6392
40912
26049
1943
8043
6462
2048
2808
5549
6953
255
6215
13785
2827
4602
8544
9249
1195
6569
7990
20228
9595
2241
5900
1699
2332
4410
6244
1619
4542
3822
3402
6820
5324
1686
5565
4761
1645
9553
39334
15744
1297
7959
5961
9096
7510
8855
7455
3518
6554
5255
8648
5480
5249
2715
6230
8328
6397
6363
7271
3523
745
7069
3321
6674
3518
6489
9935
8678
4845
2076
1194
6413
29657
6375
7704
20444
8789
6883
6480
2983
8619
9711
5966
8372
4656
6917
1731
7222
9925
9493
29261
5579
9775
681
773
6633
4201
44343
2690
4076
44206
6517
19737
6267
1896
21122
28359
14326
1157
892
4822
5084
5033
3431
41337
36456
7319
5961
8348
6695
2866
8373
391
1556
1155
40247
9584
8110
47053
8686
3711
6604
4334
407
5294
23613
8521
4937
3966
4135
4242
5932
3814
1671
2604
5490
2545
1381
4071
9101
2425
7802
16966
6396
856
13369
42097
1691
5058
9053
1781
3196
4800
1296
7345
9422
8839
32100
19447
3709
43716
8019
4168
1375
2859
7721
34580
2904
49276
2216
3288
46945
44866
9124
5896
5784
592
34670
15297
3784
181
4530
5422
48269
38798
5998
1633
3507
1720
9573
31071
896
5998
6939
4340
733
6633
5273
8913
6795
44087
20117
363
7747
37870
2664
865
5344
5150
14267
81
2298
5156
4481
3376
18025
9014
8719
4295
11849
5214
17822
16851
16475
5993
8315
47573
6611
5702
2189
5665
285
8469
19464
25521
5318
7330
7277
4363
5657
1002
8385
44589
8867
5737
5387
5823
489
4604
817
40928
4627
9222
9748
231
48473
1451
8265
49252
12252
5815
4965
4623
8789
8378
188
5452
8733
44945
5422
5271
2672
2071
1580
3412
8908
7621
9384
3091
9952
11165
9460
37439
25261
14126
7598
2143
147
1971
2476
4925
7602
741
4103
14244
21227
4461
4355
24772
7413
9077
8656
4422
3169
6834
4639
585
2175
466
3786
818
7594
3285
4891
38344
4781
49068
19093
7638
9682
2790
8838
842
5855
1695
31036
39625
777
8016
1210
7647
7790
7098
2689
7894
817
3896
7773
4147
4552
24430
38366
8379
9468
7684
9531
2591
10625
7528
47923
5869
3266
2629
6093
5270
3470
5511
4561
5509
666
4583
7900
175
10300
7353
4714
3654
18
4847
8042
3142
5979
5065
1401
38168
9546
2153
9980
4778
5417
732
163
4342
14717
8960
7201
6612
7520
8555
7549
9856
17822
36261
1981
46500
6981
9879
102
27238
4156
1101
6458
2150
4547
6710
8378
7002
13888
1856
3230
7719
5060
7904
1041
4494
7840
2730
2308
4039
732
8357
9468
32633
448
2001
6492
2120
39924
43940
3763
4724
3475
1729
9565
7629
7973
35303
7848
22055
9546
7420
18643
6278
2129
4026
3131
233
7627
9738
8199
6589
26099
6165
3749
5643
22509
7271
5152
6101
8055
8260
7732
7904
9294
9910
18360
6377
7223
1009
2223
1208
8594
7963
9505
11960
33915
37442
8037
4048
8817
9689
7215
4717
5839
24383
6838
3392
9758
14916
815
8500
8393
4626
1494
4128
9606
8139
17694
4389
9165
24730
8406
3971
1298
3821
40129
561
5859
7330
7957
8267
6049
4996
25842
6575
5605
1529
5732
43923
948
308
9392
23078
5336
4489
726
2672
9853
3368
1567
19583
2719
921
6617
1621
8128
6431
4753
8953
4396
46068
46997
2253
8515
3010
9500
6695
4714
3749
3715
1600
8116
6118
46764
9682
3042
12607
14297
2901
6999
7538
6861
1879
26723
5678
9247
1672
1925
8513
8320
6678
6327
788
7847
1980
5296
8560
9624
9928
43340
3089
1163
8722
1211
1103
5345
7547
4943
2310
1076
8469
46666
6092
7582
7248
2473
7646
8378
3353
3656
2879
27681
1967
2170
4653
5020
2248
41658
8612
1780
5919
35313
7561
7541
5401
7242
3751
1718
23836
1906
8843
5750
3081
615
6546
2435
18624
2239
5526
24510
1647
961
7020
1175
7983
845
42621
3045
1081
8768
563
6385
42509
3369
14856
7172
6112
8553
35562
16322
24800
11224
46299
7953
6780
390
3530
48329
20260
9004
1740
14251
3979
33712
17627
2149
3424
10070
8780
8508
8437
7216
5385
32678
6887
8239
48314
32024
7442
8694
9037
6199
1677
8618
1430
7381
7684
9271
5224
6118
1835
9411
9060
5885
9802
1708
4597
4586
7800
6330
2857
1915
5164
4870
483
4806
6785
86
6637
8878
47578
9299
194
15759
3007
3156
1882
6024
1563
6586
8573
28028
762
5811
3917
8004
31099
18000
7809
8791
9395
13149
25335
9339
8457
1483
3774
2194
20553
18457
6032
3641
7865
6234
13532
2050
3024
7499
6299
15
2244
9388
36127
47105
2445
6855
31445
2996
7411
3012
3050
391
13711
9731
47625
16860
5510
13140
5397
8638
8372
1629
29485
31030
2939
8900
180
2080
44435
2451
1523
2526
35107
4182
5340
2582
37367
46
20096
46204
88
5435
4385
1256
2387
9050
5472
5809
20973
1086
4856
7436
6972
716
9613
4744
9883
24519
2688
4756
1607
4806
948
7872
34890
31956
967
123
9798
5906
8100
1883
46336
2368
9769
8228
8545
4773
20858
8111
7586
28846
9882
8948
9729
7796
9802
6288
7003
11874
4965
8526
22733
2228
9555
15550
9577
8904
1668
7345
1737
4704
4670
3625
5505
9268
37206
1255
3726
47732
4403
5027
2023
9461
1722
3832
176
6321
47978
2411
25096
3340
612
4213
10823
46057
14473
196
39283
338
12141
4738
3100
7607
6338
1472
5712
8172
5320
1249
2177
29900
4158
1726
6541
7075
8094
2768
8159
2837
3447
4563
16687
14747
1213
7183
4360
9016
2019
7371
42557
3593
1154
5968
42738
34005
9567
5383
3203
2157
754
3748
7229
6295
12546
6790
8423
4414
7494
36856
3510
1240
3057
4857
8147
1464
41265
6911
801
6824
5269
6866
37006
8964
2181
6726
5393
3098
8866
919
3114
85
9788
7971
3360
5944
201
3238
2248
2847
7693
1759
856
4020
4506
912
34869
26877
5127
25440
851
546
25975
3736
36679
6431
39064
18768
7511
8104
8020
2996
39945
9270
45406
7692
242
35107
16034
6762
1582
4558
2177
603
7170
8479
4830
5751
3504
9600
470
7727
7928
6219
2333
833
33295
9114
32411
2273
8582
9275
89
3933
6322
3604
30842
7443
2264
3065
4228
5243
3910
9511
8982
8650
1836
72
674
15981
9431
5208
9823
1751
10215
32595
2957
2233
7627
3683
3324
6313
105
755
11421
4844
8702
1210
9224
2995
5215
3337
5976
31441
7206
9861
6617
11710
26314
3258
4401
4295
417
351
20198
7848
682
6450
5678
43708
4692
5770
23761
8312
14147
5038
9403
2885
18280
3869
1431
9943
2801
19803
575
2280
27895
5586
5902
48008
1958
2873
3871
1841
3734
9433
18268
2813
9219
8973
4807
5917
4996
2549
6848
2405
1561
8595
5857
4637
8770
2406
7270
7076
8120
2119
2304
22461
9268
42398
8397
35835
8378
3134
5471
4344
8235
9586
35664
47407
2127
6178
8653
2491
4116
8972
11175
6826
6009
5132
8272
24765
5343
8775
1115
1836
5566
22456
3190
2321
7468
1928
6637
4513
6559
6156
37587
3577
40544
6093
5243
7424
7695
9600
3690
2278
14735
16853
22432
9606
827
8407
2644
3117
1584
14273
6801
9596
1231
14030
1497
43332
8343
7271
6929
2832
4925
46119
3824
6530
5975
8381
8227
4929
47597
7895
6736
566
6282
2505
5373
2353
6113
1910
1022
20377
4445
6892
7385
13929
2557
4394
6104
3066
22729
2063
28719
2619
19061
13604
7583
1180
23842
8298
8410
5259
7371
8737
8476
519
4135
457
8872
8942
1724
1040
6957
6373
5391
7485
7464
9375
9587
41903
31038
4286
37108
18436
5414
7687
9704
9281
767
845
18424
43346
2213
44560
428
7984
2429
6878
9977
8321
7602
5338
4772
2825
6891
7930
1691
2130
1459
1892
8654
48117
16322
891
25886
9482
7193
6524
4990
8181
7519
6272
2331
2116
1552
6685
34000
8351
32063
1806
1242
5753
480
158
11080
8367
4972
5869
44613
8641
229
17801
4287
49942
9742
6866
14219
24856
1726
6100
46775
19790
8252
9535
4032
9458
5088
667
39274
3585
5330
6921
3886
6282
32448
9403
7971
1198
1347
31179
35265
551
1351
9336
5598
4533
8968
4982
2072
2652
34425
6659
47488
33884
25751
3296
3569
6794
7535
1998
3679
2561
3527
1802
9648
9512
38167
180
7625
683
6874
13549
6871
1328
180
5485
20740
4331
6233
6935
7985
34959
1630
4205
4341
8710
1482
9522
2920
29445
891
3704
6721
33255
49710
9204
1639
6937
824
2882
47397
17437
2133
5253
6923
9447
4463
9551
39427
43042
5900
1825
475
1258
44659
20831
633
38289
3008
7476
2759
35783
7554
8842
5248
5334
3209
30005
3668
7897
8308
6675
3368
7100
4873
3049
3531
34900
475
137
9090
47153
7814
5419
9431
7854
3158
6478
5005
17921
6198
3251
8225
2054
6916
6554
9878
6745
2351
2370
748
7919
3006
1357
4891
6558
8098
6317
9229
8662
7449
16608
7872
8114
1547
5188
3463
7053
1798
1242
22
3930
42344
2798
9288
7913
3504
6038
952
7166
2937
235
5970
5252
880
6702
4522
36831
3683
722
9941
6393
30983
8987
3357
19989
2703
3190
1088
3601
5087
16391
4020
1264
5491
12572
7525
31094
31623
8910
8240
1627
4049
27787
8511
3205
8933
427
22790
3355
1823
38437
796
4330
9795
1495
4848
33942
681
6063
847
23
5698
17924
12716
197
9423
4943
7272
4149
4129
4602
5324
4518
8740
3641
2758
1591
3291
5414
23741
3495
7954
6396
1508
957
4086
41247
5152
2690
9788
12900
7528
3722
6455
6949
5320
6805
7702
47452
4417
7675
523
5639
47916
6725
6599
44912
7278
10312
6728
45357
5505
26615
9204
2782
65
6029
23476
2765
403
9585
9313
1423
2076
2443
823
4668
1592
23956
5204
6159
7224
3221
45259
9957
5917
8669
5129
35295
8204
46990
27037
35187
6946
1393
2585
5849
6628
8407
3622
4459
9222
7296
11105
3723
1194
32401
24097
119
9345
30755
19054
45536
6827
1920
12585
29806
3613
9650
4939
3854
2720
1019
7406
4041
7661
22539
35287
18257
2203
371
1336
1032
8800
18599
3485
2421
3340
1918
842
30863
46963
2604
15495
39021
1551
9695
4650
7610
3721
20302
7944
22975
2276
26
43838
4656
7484
8341
1575
2726
1566
7311
5536
7222
1954
26587
9535
7240
5989
39811
46614
33970
8640
6299
7861
14180
8023
8406
3563
7775
826
4585
1240
5555
7474
1055
2480
37250
8519
8020
39333
7919
3874
42556
27769
40284
20485
3766
6746
7056
9145
9802
3794
39815
21762
41258
4038
7315
5750
1972
8966
493
9194
8812
7173
8625
40192
19405
8328
7685
4730
8671
2914
9010
5230
34702
9797
5572
45496
6657
5195
5884
6645
1691
1751
7792
982
19311
19350
5600
4079
3498
6215
3093
7974
3038
46991
2966
8648
6114
8630
709
33373
2877
24081
3508
5707
4484
4330
1913
8604
5623
46767
9502
2148
6323
7946
10646
7192
1710
6496
7537
3878
4509
9771
1495
4388
805
9326
12110
872
788
5878
6707
784
7274
45200
1313
3099
23352
3429
5732
2953
2416
7996
9848
4831
9003
25100
5507
32746
3546
7539
9051
4583
49548
5727
22853
3247
38276
784
7190
2202
1891
371
4109
1962
8221
25829
3556
4439
43
1001
4538
8801
1723
4230
1873
2295
49151
1879
240
41
302
7663
6480
2147
14848
7668
2857
3238
3304
7592
5406
3803
14022
31408
4482
23283
5
6974
4423
47616
8307
1858
9783
5239
8642
8270
2269
27379
8179
3694
1525
7266
7417
8850
5733
2276
8246
27422
9431
33887
8232
7979
41719
2866
1820
8836
2686
3823
7333
36269
7246
8735
9966
408
9106
1619
38166
6506
3090
885
2297
7073
2031
3497
33211
49249
101
48090
4817
1277
6723
2511
2911
3797
5079
45606
4945
5881
2427
4218
215
2766
7694
6687
8185
6942
4724
3649
4171
7080
9794
8231
2882
2832
39443
5263
4807
36892
7901
9768
6106
5148
9529
6219
4338
5123
24176
7064
1043
1530
6243
3542
1402
9233
4967
7982
43292
2623
23249
5204
6521
2869
597
7852
6785
5788
49764
44726
21908
4215
988
2274
7589
2882
4714
9090
47239
49017
39324
29
3619
6644
1317
4405
7953
2701
2379
3891
9186
36627
4335
11133
16459
6422
6021
3564
8961
3980
6414
9453
5183
8090
8058
1989
50
8921
4661
9513
15211
4617
22996
3200
861
7028
9004
2996
3929
40532
6584
5695
795
908
9168
5860
457
5883
5432
7577
5616
3059
3078
4336
9299
32337
38842
1493
9904
7164
426
6233
6449
3034
6559
7797
9723
32881
15744
15394
6115
25324
12651
299
1367
6875
1774
23934
8250
8539
19427
703
721
8288
25079
5994
47225
966
14766
33988
2149
4719
3813
5415
7858
5465
4868
909
1007
12985
7088
2026
7525
6417
7553
5111
3767
1974
5862
14951
9488
2528
7939
18903
722
5693
9534
2346
7767
8894
3582
4894
9590
4778
1655
5857
223
241
9538
4975
7861
523
7413
9328
1874
3751
36009
2810
510
1575
9807
8455
42693
3169
5821
23831
243
8341
613
1712
49687
7862
9953
2249
1103
19965
30173
3058
28817
9751
4085
3438
5578
6030
6184
59
8699
6090
2712
4153
184
7938
7259
5125
23631
4543
6362
31074
645
7341
3819
8466
1561
7262
3759
1398
4530
7505
7802
6625
8399
12959
7934
6203
2587
9954
2817
5692
9315
45479
3646
6143
7727
2504
2052
44586
8600
8117
7978
7292
7421
21952
1528
6571
5553
4545
4464
36892
9837
1095
17701
37857
2319
4860
8786
2010
1193
1334
2606
8470
7891
1064
3428
49250
5979
6432
6932
4944
3601
16500
7784
5000
591
9109
6263
46102
12317
41530
8364
18918
2051
3840
5620
1564
39
9049
9654
44373
3638
44574
6636
7367
28166
3260
5292
308
7780
7013
4763
3478
42479
6715
9082
8070
10820
30
12885
5332
6981
5548
3266
2472
464
9808
8943
9441
6779
1345
7219
5649
9208
3341
38959
1575
2012
984
35776
5255
3632
4415
4018
4218
40811
4219
35041
5770
1297
17618
4384
16571
9143
1507
4885
3193
47236
4599
1104
22676
8350
9021
4625
42403
4502
8432
6006
21175
9
8419
8787
34657
3877
2661
8838
9108
36821
6881
4656
7754
39313
2818
5718
5370
4945
6978
9229
4378
3764
8821
8036
6052
8479
9427
2286
4631
25977
2845
8516
7284
463
3102
39552
6714
3438
25072
37534
4941
3545
5884
9555
7221
35798
8781
4527
1727
30846
9768
9148
70
31951
9061
3764
38113
4422
7847
1073
8452
2795
5775
1286
4017
45334
8930
7667
3931
2366
8734
2157
8462
6706
5889
2016
3672
3684
1192
9825
6508
9644
35035
42554
5258
9309
7175
4834
133
9007
4046
5499
7390
5406
1415
7348
2399
47983
983
2044
40050
1978
615
7971
5371
36368
7854
8789
30234
3001
8787
2634
9753
8368
4084
6816
638
18316
7605
2517
40734
945
40904
9215
9300
5839
9987
9853
15177
23924
7477
4577
1030
28495
5579
1995
42462
3915
46895
6872
30449
8006
6609
4854
3033
1644
7421
5331
2343
9393
32463
7860
7582
5022
8588
40166
6497
300
5662
885
8644
12000
2986
46594
43650
4347
5435
1415
8050
24565
2856
6269
7028
5442
6330
8611
8735
24788
22108
29634
4414
2203
515
4407
25568
9745
2274
2111
12750
3874
2743
482
4808
1244
29065
6166
3165
48353
7218
3680
1790
9654
809
44312
3728
7659
110
6712
3649
44963
1246
39005
42239
1014
20151
3957
8059
6699
8121
2844
7744
8723
6764
35946
8637
5820
7585
39961
1187
3222
9018
4245
1497
4628
8827
5904
4254
15293
16435
42317
2801
4066
8974
3856
5079
3872
8485
703
3172
31286
21760
5960
1302
1054
29708
5006
54
3616
8537
7045
347
11175
2013
35794
1268
7961
6677
32454
8941
312
27256
456
7311
8893
1560
9828
9542
5513
1414
49626
46182
9297
3340
5149
2583
3731
7479
21412
7715
39371
7828
4000
9356
3275
18644
8103
11725
2791
1044
6974
2722
19130
6445
1609
1207
5097
3228
3122
32139
2013
308
22894
5398
46126
7812
4659
36070
3819
29183
2403
3799
3555
1248
8098
9116
6851
39198
4303
8339
2579
21022
33137
39496
9066
9298
47705
26352
30235
2926
2786
9397
7359
4780
734
9849
2634
2776
4283
4825
29607
36218
6201
1922
4690
561
9062
13027
4166
33531
5870
2533
7678
1917
2720
1388
7966
7849
8753
3943
2318
6306
5957
4849
7107
9984
3585
9529
7648
3314
6922
1185
13
49568
3755
21297
2843
8599
7225
21755
2536
8600
5556
8364
9070
5747
291
757
67
3058
5576
4957
8355
389
16712
9875
9550
5661
5623
732
3172
4563
6468
2416
27
40479
6180
10998
5515
3712
2910
45281
27810
1858
8071
6099
3228
33606
2884
2211
36909
1559
3828
30151
4406
4040
751
4161
9939
6374
8050
5492
1057
9075
5852
4519
2136
586
5236
7550
41842
4940
7086
5552
8673
42498
6765
33409
20049
2890
10810
116
8120
7419
47894
9492
20293
4482
5967
3616
2151
23851
4935
7551
5298
49099
5026
2442
9492
650
5342
7372
44824
3167
633
8679
5937
26472
8832
679
4297
9021
36308
2366
2286
4828
2248
7075
4873
6537
5704
6255
8790
4841
4140
3483
8950
1031
2300
5994
6576
5912
4665
6979
7591
12775
870
2835
6304
901
809
4016
1766
4481
40074
4568
2259
9211
7684
46569
33568
22239
3124
9790
2972
6905
2969
4196
3338
1039
5082
30315
41980
5576
1488
3542
7734
8774
3002
8669
4023
11235
9789
17163
17954
5145
8662
9268
7818
7948
8922
6642
2934
2922
913
46333
4722
16745
4131
6515
9189
44127
19188
2351
7095
20704
5009
5084
6418
363
6056
6400
320
3523
5432
9042
3799
1870
7979
2370
7041
37147
928
9652
5121
4940
27501
4844
7008
8295
4254
72
5779
26027
49856
5161
16436
4169
4945
5185
298
6273
2450
9810
7228
2223
2735
5937
43807
5536
31193
16722
49048
1944
8640
1102
45996
16442
15696
33763
10929
6678
7921
4440
672
9638
6179
1489
6325
9757
6102
7501
9260
6661
2877
2301
2539
42342
7602
6274
1632
4336
831
4748
975
9225
1148
11159
4842
3735
9046
535
2275
47613
14823
7516
1481
2407
7379
1492
8374
38784
6408
45488
5982
33176
25168
9109
33165
6208
5833
1478
2669
7160
8490
2359
7941
9992
3232
1000
6361
7579
3027
9777
7034
8398
6845
38758
1268
5968
6524
5686
3215
9262
40561
4991
9859
7441
7919
23634
6944
8551
3053
8844
44468
3409
3169
375
9761
3536
4875
3499
5725
2
9083
5625
14945
2661
33296
14686
3775
3172
28545
8202
1656
3196
6480
4085
7761
9708
3649
2159
9379
3514
936
49858
5585
7532
5291
6828
7062
4139
5175
4590
1202
1874
2903
8602
43522
6281
2645
32776
7879
9921
1333
2083
9662
274
6168
23499
8944
45016
9334
6917
3542
7226
4248
5958
20318
8235
7894
7491
2841
5516
42889
4700
3105
6530
737
32556
7595
1382
22468
9018
20598
2250
7120
2698
47850
8288
392
5732
7171
7707
4122
3383
1375
3926
1064
2746
5881
6891
45444
44054
2849
6673
3522
950
1350
4017
3043
13824
5763
14347
3635
4131
6727
2539
7952
30512
8451
33484
16971
981
5951
11
6156
3533
5626
9080
4744
48823
2428
4453
3355
28455
8980
8608
9079
32441
7386
1124
543
6715
5642
8627
8844
41360
21826
8080
4950
7626
8130
4386
4191
3715
630
4710
3170
8554
27077
10205
1390
11997
6781
2086
5026
57
3976
3930
5168
8719
9836
15620
7661
4943
9252
8150
409
25881
3122
41665
8366
1526
17564
7129
6421
7541
2225
8305
4632
4784
31285
579
7263
8585
2565
7994
11726
3686
800
4175
72
29
2428
5474
7371
7986
9657
32317
856
2528
1643
1663
4124
22913
7588
1389
12537
5656
11367
9433
5392
767
1388
24068
8942
6011
7231
35
7010
9499
5122
9613
42119
1844
2303
4730
5167
2486
19862
27767
278
7639
3409
4356
54
6606
7489
978
5092
6104
40095
275
2781
5109
6275
48581
4932
45646
21076
174
6061
4925
6152
14898
93
18289
1003
7966
28535
9387
4663
6231
5697
4038
1411
45517
3136
6682
1286
6074
216
7465
9633
9357
6558
5
4177
5379
3626
9896
9188
8055
2720
7779
41193
14084
2868
49959
47142
8781
601
4821
11958
1311
8739
3664
7692
14030
8548
6784
22846
24468
6361
1941
6443
22764
2358
3074
472
35383
20926
33770
9181
2971
6932
6219
1612
32826
45272
9386
3135
1143
7283
29737
14027
224
2378
4813
3391
9169
39641
8840
2698
4918
6978
1791
3444
3371
4477
3836
7575
5965
9214
9420
2650
6987
2237
7557
38352
9976
29922
7303
29224
6477
824
21647
5978
8683
6245
7853
4764
7821
3460
8861
566
112
2946
9780
18590
2277
6642
9201
31729
693
42
7566
5676
3459
34964
5027
506
9225
7372
7338
2069
2225
623
2557
894
4930
8203
4052
31096
1166
7003
4382
2909
3646
4102
4038
1842
8340
3056
8715
4906
8769
23529
9963
5011
2384
4792
1146
9207
7226
46618
5205
4168
955
509
47602
299
1481
7695
5491
4162
5148
19145
8959
3662
9026
4779
5858
44016
18856
8168
28356
936
7949
49814
7241
6736
6081
3437
38432
7159
9454
7241
49436
6107
38426
8210
9552
1369
8437
30994
941
44552
1130
1217
44631
7124
3983
2401
7011
5858
5460
858
1299
2809
6986
19058
5277
1641
19438
260
668
3846
1280
4458
1505
1648
19589
8571
3013
8494
8303
3941
6749
11961
34761
5721
28738
8851
9323
7194
6217
2627
3554
3887
7393
6244
131
58
9908
6137
4042
36764
640
5710
7270
1429
362
8712
42859
1206
6471
43927
9816
9699
5611
23508
4723
19158
954
1739
24148
1525
5455
1210
4695
1482
4602
5921
6464
26261
4921
40878
213
12299
8144
9327
5514
22872
31916
5608
28856
9633
8662
38380
9500
1562
1812
4109
7971
23366
2702
2198
916
40003
7235
22382
7403
6061
314
3691
35359
5081
18243
1776
7724
9852
6201
8205
6837
3108
8319
5182
9384
1386
6853
4965
4405
26405
1053
42952
8009
7290
4926
31740
7276
3485
414
22709
1782
9405
25431
5500
8596
12006
1118
5640
39435
18399
3551
2935
6525
8274
9913
6776
31421
927
860
12996
7608
6705
6229
6673
7541
3926
6612
5629
1242
19245
8620
58
49796
3560
6709
6731
7932
9146
172
6881
5466
3063
5067
4674
9781
1586
3200
5631
27399
9148
8925
34156
6069
7679
17536
30377
469
3928
3879
21363
1336
7346
9284
8538
6433
9116
2887
5624
7592
32211
436
3038
2615
18686
31083
1614
4382
4893
6288
18867
676
1718
2838
1401
3887
3109
4336
2836
32667
2742
13215
6835
16655
541
7967
740
8267
5561
22044
277
4177
7451
7692
31404
8342
6223
5726
3847
3727
8792
5348
24066
7497
7672
14891
6216
6152
418
190
6824
4850
9549
15410
2397
7426
1833
2129
33097
8673
9210
8343
1645
28936
8920
7989
2286
32467
23946
1880
6833
3000
3429
1296
47919
1911
3326
5454
5303
36476
7721
8098
2901
9818
4922
861
4696
9536
42393
11587
7238
3251
3202
9980
45250
8886
8651
4106
779
32172
7163
9304
3102
3063
9324
25334
2070
41304
3532
756
4604
2524
7831
18644
37174
9422
8274
4862
5331
8153
9586
7664
2312
2262
4401
5061
9140
8134
5052
3630
7906
4344
4027
8775
4201
5455
4719
49404
519
9531
3204
1658
5612
1217
4122
9894
5903
2348
4981
9616
4364
26096
4149
805
1738
8993
462
4589
26521
3690
28743
37769
8000
19014
8284
9977
7323
5131
4374
1448
1111
33685
25770
2689
6818
5641
3344
45947
9895
5700
7533
3242
4018
3071
6490
5293
7692
5222
31896
18112
3108
9240
8766
291
5902
38767
8156
4786
5370
8682
8850
9962
3638
3317
3592
1332
9042
888
989
2054
6150
5457
32820
7145
47501
3360
10992
1803
5824
45714
39753
3260
3817
8491
5350
4844
9874
41466
5959
4465
39898
3437
11905
538
9054
9396
1069
9023
9048
7210
2655
6970
176
15913
37105
9943
15179
37486
9436
754
7028
23914
754
6701
358
1658
8885
2520
6432
5786
8493
548
8010
12176
2195
9705
8871
26569
4899
7387
25439
1697
2940
2695
33391
15865
3508
3509
5492
7210
8842
5290
8454
6014
8358
2395
7071
4708
4566
8291
4901
2901
5674
75
7594
6870
7177
1026
1076
5957
4713
9286
1964
2505
4640
12166
8023
729
1374
35654
4403
3334
5035
8351
2210
6544
26489
5409
6028
2029
44278
2624
41497
7131
9598
8492
9486
46922
7028
495
622
7854
1321
2464
17404
1268
2342
14907
7827
1331
5251
29948
4260
6581
33829
9448
7275
1013
3954
4118
2706
38928
36721
1016
2468
3642
4000
2055
5785
7671
1723
1844
5540
28841
2607
3459
46584
2437
9890
5443
9644
4665
2048
14104
4343
548
2289
4275
3043
2967
6046
6088
6248
2671
6151
768
6164
2912
4712
13047
34517
3563
3579
1697
1727
3322
7378
6127
2769
9142
9926
7531
875
1081
1662
572
3970
8154
10398
40212
3040
1300
41491
3644
9818
49191
17331
7318
49546
9826
7818
48727
2927
6329
8497
3895
134
2970
45470
7234
4875
47210
3833
6821
16162
6476
7385
1817
3055
3174
5896
48955
4856
5906
4050
40978
1511
4924
2058
28049
1570
6393
4573
4993
4239
11070
6021
3109
5651
9448
7545
44635
748
1837
27461
8438
8825
8713
2072
9231
9702
7058
1790
24912
8803
1689
8843
2726
2245
28596
5860
1841
8690
9619
8906
5751
38966
1015
376
36497
4904
193
2213
5611
43275
3379
8397
15364
8858
3422
9487
5204
6758
8655
5508
7655
8893
3980
7711
2992
4510
41292
175
9935
5376
3812
3300
4864
3707
7643
40542
5208
19280
9919
3060
8944
4539
1040
1415
756
7548
917
7273
32464
6259
5203
222
7531
1085
38398
4686
7925
22796
2626
3602
40913
4646
9153
6963
691
2262
7671
6917
7597
6396
11821
8432
1920
8414
5242
9139
9020
2110
10323
9444
3872
29275
8119
47023
3820
2217
7705
44872
21009
10691
5187
12849
2064
33
11564
1423
4977
2603
7141
8260
2282
1312
9856
43065
5897
9136
4695
6095
3748
6868
7851
48463
6872
995
33366
4316
1200
6018
9266
6622
8024
2414
4102
2722
27917
49658
4504
48660
9255
2198
4424
7087
9781
2719
9539
6690
35300
8510
1704
6878
18412
40842
1931
6347
7749
3811
8676
7143
26168
49989
4748
5359
35759
7836
1456
8808
5381
17857
864
946
28612
19114
1102
4740
899
30785
5825
5278
7289
704
9931
3815
41364
38779
3890
7165
349
32898
2422
2254
4863
9271
330
2705
7598
8793
6199
8690
13902
7855
48179
19523
2520
4410
36378
1830
2282
1369
2717
8728
7495
28942
2086
5414
20528
2510
6276
5284
9839
46943
4349
3325
2149
2865
20767
8770
7133
376
44098
973
41284
502
32266
2458
10388
4980
2037
19698
7717
4092
2083
429
9627
3066
1750
8914
13705
9623
2571
8557
1599
8809
6167
6698
3558
1839
5559
3723
8972
25150
6101
7933
4620
2850
3100
4899
19505
4167
3793
27617
6096
9169
33362
6987
7733
247
36913
4169
6876
10149
5342
3092
12410
4474
4257
3530
3247
1421
1797
5295
9045
7413
8388
1237
306
3019
6959
9345
9718
9524
7496
1869
2948
8470
1944
6706
3642
2588
11706
7239
2126
8866
531
212
5829
10899
1676
9343
5094
357
989
9854
26134
6074
12956
3294
1930
4240
5014
341
3009
34025
1177
7628
10865
7040
8197
7995
14647
4287
7796
309
34942
4676
6757
14212
7311
2909
30835
10641
8922
44709
713
7696
6580
9611
1837
20715
288
8997
5429
3599
7985
7589
353
26280
8087
41018
1146
4774
7029
15714
3655
8892
6790
37727
5943
25985
9900
7375
1660
1955
138
9884
6306
7637
7594
4536
49762
6434
4983
1581
5002
36594
4166
1834
1240
1637
7126
3547
7410
8625
5416
9618
9244
33338
5728
46814
9671
2646
9142
6941
4173
2061
6890
40072
28619
4713
23081
3695
4507
36065
6553
3419
5074
1727
4638
3247
7505
3077
13192
5342
2668
2972
10389
2283
9314
3773
1746
8103
2945
3682
28982
8544
7122
2881
4653
364
6899
47399
6793
4528
1341
7240
2066
9216
11690
12206
34479
8934
3719
9437
5362
45278
5287
985
2812
5155
3589
8331
34908
9612
3215
6356
3923
4332
19
1948
8447
4399
9126
3963
32236
4243
1674
2117
3477
6408
6369
8816
1818
7093
3499
8276
7570
5489
8449
2648
8493
1119
9978
1046
2409
1515
5386
9482
7145
27302
6649
4804
5392
636
6131
7327
8833
7755
47229
8130
8383
5304
35492
766
9943
2193
5347
3065
1255
5484
4249
1790
937
6788
7230
1723
37022
36135
1339
6038
15662
28056
3409
18374
26304
6808
8494
5707
49846
26248
5066
9709
9143
611
5223
1621
5676
12158
6964
6797
47527
4263
2985
4653
6106
761
2976
30136
7663
41592
177
20575
3735
8237
16424
3315
7656
5087
3238
1024
9457
12133
5812
2412
7133
2204
4416
701
9885
7340
9835
6497
69
21046
4981
7612
3698
8274
5631
4728
8515
2145
6518
9170
8425
35379
3820
3187
3067
49733
9480
44893
2882
22006
5387
3110
7061
40852
3371
5495
7354
4708
7263
17574
3893
5546
2474
19779
4072
37556
606
3051
42912
257
2662
23375
1692
1397
9584
251
245
9408
3150
5782
9043
2726
831
2246
3590
2827
9393
3691
9373
1902
9669
20320
1206
5875
128
1721
31973
8835
341
7583
8607
3735
4848
4329
80
5774
5170
4986
1971
43259
43985
7216
8770
6399
5163
29914
1805
5223
5712
10074
6217
6794
4765
18551
7393
1538
41896
7473
6681
2252
23704
467
5071
9459
4955
20084
8004
27851
103
33706
153
3324
2963
1216
9865
1430
33422
3345
494
206
2007
1871
4317
4782
42984
7410
7063
39556
1552
2831
19183
7746
7486
5814
5599
890
7347
372
7188
2773
8353
6443
7618
24287
5435
49604
3581
9942
6443
7737
4923
6105
10560
7480
5492
8626
4488
7477
3234
42952
3262
7592
432
5076
1697
6152
2574
2549
2175
3876
6073
4460
5197
13677
1911
4035
27054
2619
9484
556
9405
4467
47873
5425
624
706
3219
1099
8727
4763
3506
1040
7690
5428
9929
5087
4480
8927
11040
4326
5343
355
21325
6826
47545
7196
25642
20521
2538
7444
7962
2839
387
42130
9916
7594
803
1736
940
9309
1149
577
3893
1296
40745
6172
9226
14114
5986
1129
6254
2705
3771
8322
7773
7339
2756
6278
3081
4519
2772
1278
13627
647
9190
9232
32122
17161
5105
3712
2610
2644
8916
5609
12792
221
3133
8349
5676
9951
13780
5829
9139
5431
9112
28231
5898
1960
1021
9777
43149
6022
8072
47530
5199
5340
3616
23413
6770
3491
7320
2306
1852
7904
423
4137
3364
49275
8989
219
26284
6866
5909
30453
7158
8000
8359
8390
925
7154
9148
7352
4794
828
23512
38732
8138
3507
1363
1192
3950
7736
142
71
217
420
9291
4173
21976
2612
25424
1565
37510
8608
9737
132
20999
34751
5831
9576
40263
2561
3234
47832
3884
3019
6838
18730
8521
1110
36883
331
34712
5040
19133
1773
9206
45350
6019
8850
4530
2583
8393
8249
3105
981
6790
2602
5219
6013
6527
1673
4098
9723
31216
3780
3938
4493
8970
2788
35910
569
807
506
3621
4332
1367
1993
3165
5923
1016
2214
492
9393
9057
4806
2698
2369
1634
17092
762
2698
5838
3977
3604
618
395
6650
3059
1154
2675
5231
800
588
4467
4736
2657
4743
927
25339
6130
26244
2599
7519
15631
2064
3958
9321
5421
33153
5057
7699
45181
16583
2035
7637
6445
6881
9157
8749
7694
2764
8316
13496
9513
36671
9479
23640
11709
1826
8432
7589
46243
47140
8498
3630
10747
8637
19283
6155
4863
24831
41839
3844
1789
817
7967
5826
243
49058
8977
4262
1929
5225
4685
5160
6042
6966
28497
45057
5684
6036
11349
4153
5891
22311
22660
4846
3084
4104
17138
8031
7481
6483
7853
8521
5654
8179
8349
33275
37046
3593
8527
9019
6106
43328
6030
9516
1425
7069
2341
9885
47935
2485
18510
7186
2165
7988
2358
8309
9167
12931
7520
7758
9500
26285
34576
1382
5634
300
6126
641
6146
6558
9886
15940
6841
7628
1968
41848
7325
9272
2204
2083
33454
2187
2346
4128
6088
701
8692
7721
1913
1838
8180
1332
12424
2356
7952
7123
1987
3671
3709
5330
35209
9371
5809
4903
45861
1451
6794
2984
2243
4327
8121
9838
46703
8146
1928
5238
2624
9132
9213
8683
2482
2258
5408
5454
7594
37764
5002
5219
692
8976
8819
9753
8566
4277
1484
5319
21350
1784
31344
16519
424
9829
3468
4361
37582
8271
7975
1970
1893
6512
4203
5975
1038
5023
140
3938
8378
31167
1008
4222
8848
4444
4947
5600
19339
3384
1373
1106
4835
40468
1591
3127
6304
21311
2128
17422
7996
297
2003
20699
3701
1667
4257
32128
8330
20478
6186
1330
7673
4723
3107
4362
1065
1162
3426
5820
8697
4674
9436
15870
3256
34344
1301
24784
1012
11988
3200
17499
162
5851
9574
9072
7725
9138
8599
44935
1227
4651
15697
31083
2950
27168
9822
35022
993
5805
9971
33517
7482
20011
1185
8083
32647
9881
6929
8976
44208
1553
6368
4462
2204
4501
3109
7441
6717
2413
4730
2970
22898
9022
6779
9154
4299
8111
678
3094
9181
8803
504
12071
45106
28463
32699
26081
417
6869
44267
1656
9132
3651
8136
761
5301
3469
7743
880
6049
6876
5306
5931
308
39797
3672
247
925
6835
5966
4655
6574
5382
7569
10495
3097
4657
7615
8387
7574
7014
7303
4103
40670
314
2217
5052
7214
2864
2157
12597
5806
9479
3726
33566
1770
7354
7587
4516
7035
9231
9867
1974
487
8415
7883
3230
20086
1955
4297
9834
4646
7349
3186
7747
42814
9652
8415
9657
8621
21214
899
28056
7908
6107
3946
6338
2044
9830
5352
35595
7046
6328
1219
7460
1334
5279
8419
2820
4787
2729
1483
3834
7407
7373
404
851
10849
7856
6003
2287
1001
3180
145
7215
8427
7285
7625
1748
4623
6530
5388
18848
1287
6310
2034
9477
4814
2531
3881
8439
46728
422
2848
9106
9484
6193
3466
1701
414
7103
7659
22306
1906
147
3532
1602
19964
4725
3032
18679
9095
1389
10632
8679
17805
4831
5179
443
8905
9048
1955
2487
6502
45993
35482
1033
3822
988
3947
1847
8096
93
26779
1764
1525
9224
5572
4717
47033
39885
1121
3531
45684
2563
21925
8170
1204
9447
92
4724
1868
3032
5351
5010
43110
3367
6637
6912
9957
6500
43656
962
502
1380
6624
5244
18029
26773
6923
8169
5939
1123
4319
9263
27028
16272
2931
9665
15755
9609
43655
11429
1195
8593
3890
9751
6625
962
8702
8584
3592
9038
7310
7093
27124
10401
708
910
1363
1443
7799
8030
9208
2483
7582
5599
6410
3760
3880
2352
14062
21170
15479
42658
7485
1591
22150
8804
2302
8024
480
7536
9650
6516
1020
16984
3122
7771
6665
18629
5133
2756
6116
789
46183
9250
7272
43372
34268
8438
354
42818
4080
2261
4328
44991
5582
7447
5
49516
9537
9536
2144
351
3327
30604
44206
5696
2850
7186
5383
9516
37085
2829
3630
8222
7052
686
3130
639
427
12321
1621
7632
8575
8403
2657
8350
4012
4961
3740
42010
4774
29381
8838
1380
1838
6280
372
7094
4479
8849
6631
6339
9809
3733
6080
318
4767
5628
576
2421
8894
33145
21389
261
926
9147
1710
23110
2880
37574
3482
8365
7350
1740
12108
42597
7431
31513
9170
782
2103
8443
6878
9017
3023
3923
4897
4320
20423
18174
14126
6618
12085
38460
3051
2225
46
18899
9077
807
38189
32311
5451
5033
33034
5543
5883
1205
5793
3745
9013
3433
33404
3337
4407
7005
2065
7165
4024
6506
37465
8639
6805
39602
2240
6874
2398
4428
706
3428
21120
2667
8960
46310
7870
5859
9673
4184
1987
6071
45558
47222
1584
8074
3826
6170
604
8008
10075
47062
8121
9289
949
1438
2970
6924
2833
5761
4392
7558
3616
43969
2672
6599
3850
17545
3888
41343
38514
2985
740
8201
8662
2207
5106
2197
3893
517
8647
1109
5026
48676
7248
17170
820
2951
36509
4426
3931
18756
6190
773
5351
3952
691
4155
2685
11614
4199
4192
4552
29539
18782
3908
8759
5833
48694
3397
25494
2843
9294
5068
2222
1595
8118
5870
21972
4514
9564
7735
5706
36805
9661
28605
26835
8112
9351
4325
2653
9594
39
587
6393
7867
2120
1130
38042
5131
3045
35510
4246
31675
9429
1148
25918
7053
9621
46654
25987
8336
5446
555
360
9938
7464
5047
5580
5867
3456
554
6148
42106
25579
3411
7273
1669
159
3434
12877
6461
2916
2165
5579
7152
9528
3135
3288
49953
585
5149
43946
43554
5526
943
7678
45752
6040
4025
6299
17
8012
9047
2998
4278
8786
5812
7872
8496
28927
5454
20640
3290
8296
3034
305
3881
5043
9455
4246
19194
6258
5421
4350
71
344
15072
5962
7766
5465
33004
8336
2882
44453
3463
3984
8340
4719
4323
3241
43706
6962
22587
8226
2299
6645
8787
4392
8717
6230
1485
8095
4660
9133
388
765
6819
5378
8711
8746
44416
616
4739
8985
1497
311
19409
2614
22361
3393
46511
29554
5323
29030
3481
7771
6731
3315
5883
34062
4553
6576
4480
42489
4865
3814
9019
5442
43497
9597
9055
7163
234
5980
9928
789
43155
8687
6243
5926
8990
7292
7388
5216
39772
5356
9474
2471
3416
7748
9722
7043
38333
32700
7674
4492
1413
3006
27565
8199
7613
7528
2571
8780
562
8062
729
166
2418
9341
5507
578
4694
8677
13240
9841
4900
1254
6157
35640
1983
26133
2299
7541
6785
6291
7059
5364
6798
12336
2949
26553
3246
26114
6684
3544
9114
43894
965
6759
1367
3704
9471
2177
9446
3089
9210
5078
6782
5247
7986
4765
4061
30079
29913
6322
5458
1845
5002
3251
8362
8851
3266
6659
2798
46576
28872
9941
4213
36053
3385
8686
7125
7005
12028
4034
4336
6540
8066
8118
11678
8862
1772
3765
1022
25710
31984
4782
12489
6887
8025
4773
1321
160
9234
3206
5397
9820
27025
3625
4698
4835
35315
5262
6614
3202
2998
9410
2848
1063
40033
4842
6651
41369
31442
5585
4778
3719
2201
526
2818
11583
6266
5683
8674
5752
8533
8407
7783
8382
7083
4741
814
3947
25808
27324
2644
2815
1185
386
3497
2230
8445
30281
1716
6427
3284
37187
33629
2309
8556
8565
30495
4404
732
6838
6108
5443
8937
2984
6377
883
12490
9908
8073
3331
4560
5769
44509
2970
5944
8674
6832
8393
8241
48500
5536
1850
7890
3056
1330
8934
9595
48264
10406
8681
5191
3073
8226
4071
5009
5616
544
1394
5026
4189
5838
1367
25205
165
49560
3841
9295
6741
3741
9259
6724
2035
22376
6050
494
7878
9378
4810
4602
214
1712
6507
3906
20420
14866
1468
755
32209
5638
2874
4194
8999
2702
43
8747
8353
9054
5991
7295
6370
2967
8572
4394
1815
22727
38269
2884
17306
9981
34843
119
29636
3600
7617
9559
2884
7859
1024
3228
45240
653
5900
13150
68
8403
2343
3344
6617
34892
26821
4582
1846
2978
4143
8866
4419
764
4597
5263
6223
1294
24155
222
1231
22368
1690
47619
4438
9829
6186
1540
850
20882
6089
25167
1839
25422
21448
8932
26018
16576
8349
7981
9066
42884
1365
604
2077
9887
3777
9142
9977
3877
25977
7729
6301
5851
1606
734
3675
2242
3697
8120
7792
435
17079
608
12594
4484
7560
4761
2124
4027
43593
5210
4891
2994
6490
3798
1872
2413
33804
7179
7815
4120
6609
7253
5014
7406
7614
25452
6686
42627
6982
16748
3592
2696
4339
9986
3428
4750
9878
6168
5330
4872
7316
21837
15467
394
581
1522
27727
7080
8341
4281
1213
9443
25599
2555
12364
31613
4563
7112
8676
8796
7300
7468
3667
148
1052
8317
2971
31473
4475
283
5113
3376
1684
12009
7314
7541
9497
2126
170
9441
37713
7764
4028
9379
2186
2135
7078
7219
6590
301
18137
9648
5318
830
977
1936
48947
8327
5478
2621
6410
4408
8585
4642
23702
49475
2229
6735
6394
46266
7588
7578
36147
31918
3194
31773
2940
18158
49047
46104
3384
4878
1375
5956
29731
1463
26285
12047
46359
917
22564
3792
3359
4681
187
77
1044
30368
8572
29963
2036
1246
741
15758
7830
1688
9802
9816
3641
4866
6309
8455
8375
2876
565
7902
6658
4066
6705
86
3717
17907
7870
18592
3868
7313
6008
3159
2415
19381
44016
1813
4875
7540
5754
8602
3134
51
965
42913
6746
9016
7181
1232
8482
4658
1221
2833
2874
17432
8045
30865
8442
39034
2853
626
6535
691
15638
4971
1313
7891
44034
2883
9372
4010
1072
3594
2595
46
1745
7077
25384
6589
938
9643
30690
6258
23540
3940
8127
9928
3918
7469
6971
1029
5132
5345
111
8137
1934
1169
2569
27130
2981
3466
7846
6262
3407
9609
9219
4363
3493
7335
39292
1124
6275
2795
6999
9439
1889
509
3112
43236
34027
4896
3518
1325
7640
2717
1506
4143
4904
3043
25126
8807
4059
4331
6755
4165
1877
4136
3986
21053
7844
3418
27779
4293
4602
9701
40119
907
16909
7542
9986
1714
9817
22316
42959
29916
8531
8635
2530
4240
12952
1477
16039
40433
8589
9042
4219
8082
34663
18865
46930
13022
3713
3525
7664
36197
13571
48728
28747
18297
2245
4068
5580
4109
346
8479
1236
6702
1071
4596
5651
8177
3336
7921
1465
1669
46119
3063
27858
5657
6963
1086
5702
8929
8621
6868
7067
2922
29130
6678
5534
3825
8696
39933
906
11209
30510
12168
14024
38483
6755
15524
8983
1469
4424
1577
40476
39575
3259
8140
333
3116
793
4499
7816
393
8242
199
5367
5920
6129
7453
13719
5281
6259
127
2426
4277
3949
19302
604
5427
6295
5236
6883
1996
9195
9179
1777
2751
7538
4473
9019
41497
271
1361
3182
576
1415
215
839
4099
7763
40493
1785
1802
7619
7617
199
6510
6061
4668
31474
24237
6425
28870
3123
8092
21298
4303
9148
5820
32579
1290
6907
31559
7939
5675
8935
53
49260
1661
1477
22957
1434
2025
1180
4687
3977
4810
2651
5186
2808
9757
4398
1461
1318
9780
7564
31494
39758
5850
21765
1385
2804
4464
7268
1098
7410
5748
11665
15317
25
6189
47613
275
3927
48357
3532
2344
5504
7056
7634
1982
15149
31
4199
2118
9519
4593
12842
26856
2303
4628
8960
8354
10750
23727
2973
49874
19354
32209
5189
27229
8902
40
8450
21428
23523
5882
8325
3913
9793
518
9472
4354
3940
1115
13234
3279
410
4306
2838
3854
23102
2517
8882
9997
21883
6538
2485
4224
5643
449
7388
1950
1212
34183
1480
1650
3248
6124
3068
9208
9245
1903
7313
2442
1569
3306
1503
2716
618
1299
7667
454
1877
9522
5391
27788
6626
1888
764
353
9106
8171
7059
9080
3876
7242
35294
6633
35242
8247
3861
12792
1199
8827
3834
1764
7597
30428
886
53
4492
5793
2731
4254
7681
1353
5154
31302
8422
1218
49419
4738
5401
7180
4435
46125
1002
43821
33275
2427
1058
3867
869
49083
1300
1664
2933
2124
21
37012
7108
46686
7438
1777
6342
47368
1696
8644
18765
27903
2280
3017
31003
31825
6178
9129
8778
31480
48004
4288
4121
506
2213
5413
3825
4572
4473
33171
7584
1909
1503
7635
346
6797
2829
4767
30174
7018
4918
1711
7099
8228
9495
3841
8695
3818
18124
8063
4222
2008
24500
5404
2796
1607
7164
6800
7204
6541
3984
8985
47576
6581
1681
9357
3413
6922
4806
4386
5251
3085
3524
9621
5263
2256
8546
7891
11712
12848
12183
7218
8849
6878
3630
4269
7536
9817
7760
9976
3229
28435
125
4126
5518
3649
6738
43214
6274
6243
7792
2288
5244
7865
6506
7204
15619
47767
312
6753
9685
9598
44237
4815
6704
4312
7695
3530
1273
10822
2370
6214
8065
28038
2828
9487
68
1660
2705
49413
19658
2157
7899
1360
4394
8560
4204
1549
18808
87
7782
43953
8794
2641
8436
42624
25575
971
2833
3618
9985
9574
7935
1359
522
11596
9949
45596
5651
4557
9274
7100
9599
3815
9997
6079
6486
924
5212
7998
4756
6757
2827
14559
14095
41786
9370
5518
8828
7632
11119
24300
36
6600
29493
985
43338
8058
4736
43518
4917
5207
9038
16691
5568
2049
4230
7483
435
9300
2854
46368
2698
1303
12727
46
6634
3470
4564
9790
34782
35121
5507
29
9287
2322
4399
27789
7355
14970
8342
2456
10285
5409
9190
313
5102
35794
19308
29196
7541
9171
7922
7825
7587
91
5961
14774
6049
6847
6039
4686
3423
3423
6747
3875
7591
18129
6716
995
2055
3022
2119
3244
757
3973
5757
3354
18751
9705
7544
13961
11815
9987
5579
8440
6825
8409
2137
2543
5574
1653
36742
15663
3759
33138
8209
4991
5626
8394
2238
7426
1563
8722
1628
27897
3402
6998
1918
3601
8038
2152
8056
45035
3355
34428
3286
1793
7573
7131
3156
6625
10137
153
9616
9188
6811
2088
2700
9939
3155
2641
5688
538
4051
18316
3591
42959
6098
31658
4991
14948
6158
4423
7625
34795
6142
3877
4972
29202
3405
5217
8644
7770
1837
2669
8100
9156
807
6623
1498
6471
2751
1113
3837
120
5895
2095
7584
7998
25595
9533
32788
383
7074
154
5337
48307
12522
2459
1472
527
40657
20914
4138
2270
8132
1527
7998
36764
44597
8656
7845
9101
48922
8827
8701
9272
3553
35469
1090
3902
34194
2330
12069
8041
9637
3832
5572
8098
7184
9240
1783
3472
49957
12226
33282
4908
23996
5637
3406
9980
2468
11231
7094
4427
9564
17528
1613
1057
3065
5416
15278
4192
22929
9320
960
5461
1050
43197
39815
25955
30131
1549
4524
3125
26256
9910
5920
8793
2479
31465
6596
28682
5909
2468
4961
12823
20514
6957
9114
9604
8201
8717
36313
19562
1584
17386
7266
3052
8396
12089
617
3198
8368
3828
2904
998
844
8184
45066
39660
33951
1629
1366
8530
8644
5861
8976
45838
13616
4665
3356
6350
424
4062
4228
7862
48734
6951
6399
9309
3795
1689
8217
6040
777
4012
27022
9537
16635
6963
6649
391
2120
27588
13351
23086
3591
8667
1680
6123
2626
6634
5343
7338
42483
23007
8223
1667
3861
6712
388
4644
872
4892
14566
5826
35709
72
14748
9421
13968
9190
1851
30229
4193
4690
15511
379
2644
5676
1440
8289
624
308
1453
2415
3674
3778
1942
167
996
4078
5807
8537
20169
1122
5399
2319
3687
32785
2907
9193
926
9754
4724
1206
5293
790
951
5143
4821
2502
42305
8156
9588
29692
2114
965
5926
1711
7655
4575
8481
8124
784
6154
366
33507
6425
1261
7193
27873
2643
1400
7049
2536
4172
34991
2515
951
5937
9525
2315
3166
7347
7330
40703
1257
9440
9143
22874
10300
8266
3904
9377
45250
9423
6641
8133
8286
838
3100
17913
1444
2554
8673
2688
13279
543
9697
7698
7808
1472
4111
9840
9231
4120
10226
2388
4046
2855
21008
1825
2767
6706
3361
471
40266
4399
7313
2136
2459
14697
9599
3980
8350
7005
9180
2883
8342
13203
44643
9816
2466
1671
2711
1463
30365
4756
41317
3340
4885
9130
35524
584
4817
4502
252
3276
7654
37631
716
5994
16799
4272
4571
20834
15326
42188
7915
8464
8325
23126
24935
7829
3110
7922
5737
6482
9842
7505
9937
906
6778
8704
2275
1824
1820
9837
8802
7983
1553
5844
7917
5077
2634
9937
4627
7355
37178
7689
4175
8764
6359
2006
48877
9619
8237
6490
8948
7777
1925
5581
1538
1322
4361
1782
8399
1799
3787
6752
9038
21998
5920
8552
3069
6792
4142
851
817
29627
8614
17967
3309
6516
355
49342
7805
2789
18017
8550
9551
7030
258
12883
9992
9972
24129
25530
6201
5576
21112
7385
31515
8930
5723
3610
38640
41767
7523
34
263
3201
3663
3917
8924
7589
1247
32681
31156
6549
1758
3104
14131
4161
4074
5291
6255
7040
5503
4385
2246
39509
6510
4510
1915
6062
4065
7155
8601
3319
23241
32531
7119
2880
49896
2375
5926
43213
901
6048
6773
7759
39389
797
39414
36325
1080
4503
7052
3837
9334
4540
4048
3891
18569
253
7785
40288
6914
4992
7358
3644
9547
2326
4820
143
613
8680
6857
7013
2488
4969
763
8545
9212
24814
27634
3527
40214
229
4392
4313
5018
6253
1074
39600
3342
7473
38
9156
4854
8652
1839
1114
6175
1012
9529
44106
555
2733
582
7891
8201
4207
45390
7143
12032
12062
43303
423
1151
7474
1997
1594
45392
4263
636
11251
6898
331
2365
2654
2879
5463
3992
6225
9864
4601
3987
9110
5105
43994
654
8225
6660
9334
12180
8974
38094
4865
36641
6128
5
7690
897
8556
2338
3577
291
7397
37795
5392
7404
36706
2344
1223
8461
2322
5100
40599
4770
874
35
5109
3558
1629
42516
33840
25193
866
2401
919
921
9113
5236
31445
44684
3449
9587
8702
5191
43957
8210
7411
7380
1540
27057
2288
40988
770
2789
8156
6891
9579
9485
281
5670
9180
1455
10111
2308
8260
6143
3752
2246
49653
6209
8418
32660
1900
38152
8972
2228
4397
281
543
2884
3992
6455
8675
5595
28783
9246
9997
1830
9312
3937
758
2229
33233
8592
707
1876
37844
46501
6564
6609
8755
19118
1471
5599
531
4346
2405
40656
944
6295
7573
1236
3570
7351
7540
4159
7203
1588
5382
9496
4633
7112
22263
6458
1921
3538
7221
32330
1259
2510
46684
4368
6501
22546
6242
3020
40904
2707
4977
33964
1618
8032
4645
8372
2975
9356
4271
990
9459
5901
5867
9188
14437
3089
5685
10866
42335
31454
5918
14
3352
2976
49357
3430
9193
2552
8800
7275
2585
26986
9917
7450
2244
5518
6967
6598
26601
8286
4948
7536
41323
276
2982
5315
4946
21122
32270
22143
9154
6306
1041
1497
3532
2278
4518
1936
43950
5173
46796
26757
15827
7037
44152
8422
8208
22993
8939
30957
5417
4296
5182
3188
6192
6880
49135
8114
2842
487
44296
2744
579
15467
14181
41317
8373
1698
5781
12916
1720
5984
3177
7621
4526
6738
34269
9178
25192
3195
22576
3405
4396
1520
641
47418
8846
10787
1290
42397
572
97
9695
15296
5909
9360
8606
3474
743
5130
8298
4707
1848
2048
5543
58
5595
1184
860
42419
20458
3892
775
3340
10868
3997
2972
8954
7436
6043
8612
1344
2453
4159
48662
666
40603
8356
45996
24386
6199
4283
1226
6315
9338
1845
19051
6797
6922
6172
19497
2167
7584
8499
20048
3340
9089
3611
32038
1927
3546
3214
2138
2951
104
1837
4644
6150
16338
8063
1104
8381
7475
25328
5751
8142
8321
4771
22805
2228
1480
5871
14524
4235
7490
2200
21566
14731
12993
5694
7306
6878
8934
29008
8430
46782
3590
2119
37675
7021
4494
1204
13366
32310
4283
195
4555
306
2100
6149
6723
4795
6827
8116
6994
6315
7039
7055
41544
5745
502
6760
804
3528
2664
9003
6914
6809
8320
4391
6855
2025
8205
7149
8923
42648
4510
8468
21933
9811
4216
9745
3979
9255
5047
5273
9938
5035
40772
691
8696
47679
6527
6411
10352
1259
382
1252
250
444
4479
3396
40071
7412
46541
33662
1015
691
7120
416
6942
6152
2013
9821
238
4515
17488
4669
1905
6200
8031
4772
46116
13801
3771
4194
3875
8652
3911
12103
9534
1551
7020
3601
8914
6744
5497
10592
28778
38857
8791
10571
7935
6050
11622
42196
49868
4031
15099
8646
9910
4595
6274
2329
4506
5151
40125
4848
5049
4118
6857
5111
37374
4002
8139
2757
1177
333
747
4802
8216
38741
7378
4050
3553
6858
5720
6670
1271
1042
16330
7272
22467
26245
2280
22716
2731
9027
49743
5614
7358
9494
33129
7857
6062
18182
9828
7588
41815
9742
1570
46548
49608
4132
5449
883
30541
7687
4009
3766
41792
9941
7088
4195
8916
2830
4727
608
18820
20771
31044
2785
8353
6710
8230
4301
48874
1394
8520
9985
8830
926
5037
5249
7426
2004
6044
9524
4472
7043
3125
20450
9618
5737
171
5916
8000
6682
22386
44947
42531
2399
7840
3481
3021
4192
12617
5302
4693
6920
2949
8166
12637
5205
3583
916
59
7790
8456
13634
3602
1293
8583
9545
26313
41902
478
48165
7691
9245
24261
642
33878
2748
2125
38606
7436
2756
833
9527
2899
3164
588
7682
6548
9020
1007
2409
828
2057
9374
6675
6145
7902
15447
44615
7755
6643
3765
8043
2189
5902
1082
6570
12573
17956
8522
9534
5144
4242
5773
8263
5957
449
1752
395
1185
30553
4308
8693
1334
8045
11751
4777
47983
8615
2018
6894
27851
4321
3792
9672
41518
1116
6172
20613
31525
9280
7858
9451
7610
5171
3016
1422
366
2289
44242
32063
1860
2717
2083
31721
8138
46358
2632
8857
9590
487
696
8687
2778
1
82
4523
19141
622
2336
3032
7510
4708
2729
2008
41624
6229
2529
3793
7722
6443
7923
9081
15497
2128
3971
3544
9150
6736
3663
10515
4281
5653
38818
4132
36287
24719
2784
8133
6533
31978
4605
45672
4995
9438
9185
19636
4005
4704
2697
1928
8978
6023
4050
5287
3932
4816
3586
8353
2055
7951
30170
3276
6270
3705
1491
348
4238
8147
2171
7129
5150
9934
4748
4521
8209
5124
1191
4083
5110
29040
29007
803
2183
9776
5533
428
4651
3223
5288
696
1347
1432
4918
49787
952
7558
4848
9984
9221
3961
10293
7246
9618
8334
7483
665
6407
1277
8796
9357
8868
4030
9869
722
7678
43740
9532
2839
7868
6461
3657
4651
3264
2862
41582
9505
6782
3335
787
5868
4495
521
3886
8305
4164
28050
5313
4378
8636
2823
9482
2707
19903
700
230
3796
3854
13621
4284
4685
9511
4661
38037
5671
28401
7171
9106
46
7504
2503
39480
24562
6821
3790
6280
3698
4770
5629
5186
5400
3058
7480
5928
6885
21420
8587
18274
2897
6453
12266
37737
6903
7354
38343
5863
8614
2413
29280
818
4101
386
4775
9727
16365
7773
9288
4679
30398
4274
5302
3636
473
5899
18626
8134
9621
3106
964
4062
22766
3757
8323
1398
3548
1918
9883
2709
6558
1174
1366
8038
9357
3697
341
9527
2336
599
4113
27380
5454
4805
6362
18254
41685
7591
7295
4361
5394
8824
27066
2757
788
1339
7008
7860
42226
7006
6537
2779
4872
1768
2518
2431
8444
8773
4487
3526
46388
911
2365
2508
8675
7341
29511
43346
8522
36866
4377
2357
4467
5174
7003
4167
19765
4799
40108
6751
8469
5544
30230
1763
5039
7359
1522
3134
3791
2684
7442
35447
8112
6197
6271
5623
6896
9094
6117
9182
16318
6084
22617
4022
3547
9741
8281
5504
5496
275
48100
3772
19141
1305
9429
4565
21317
9605
4934
9248
30265
6468
44446
5885
2081
26072
1917
44681
6038
9276
545
640
6741
3418
5175
97
3840
3811
9289
2014
3423
8641
553
3350
47693
7737
8441
5726
42
3144
7276
8267
8289
5876
4516
98
6797
6597
4325
3910
8118
6246
1736
2760
1184
847
140
4646
4400
4520
9558
5002
264
5990
3198
5017
867
356
1951
21519
9449
7052
24223
8264
4865
2920
7185
38791
392
4032
25659
4113
2512
9845
47774
7103
23972
1516
38455
3505
7816
26146
40555
219
5155
48540
21625
46219
2534
6878
5980
5345
7071
2855
3973
2169
2035
6033
3960
7406
9967
1526
40715
2027
1211
3879
5131
4033
23346
5859
8276
3349
4184
9906
8130
4803
26859
5825
8225
3941
349
2039
8660
1359
8308
6326
12934
19500
3343
3152
6128
29594
7633
9843
9883
3745
9364
7346
13827
60
4013
4800
45787
3008
42150
4879
41858
3829
7310
8052
4072
2108
3851
6330
7184
5974
6253
1703
3693
262
1727
8595
2423
4577
8487
1138
7537
5409
2454
3802
3866
8251
4016
93
8462
8773
3296
1251
9561
2728
3888
5216
42917
1548
2391
10895
4334
5443
12263
24266
976
26984
2731
317
28907
293
2608
15729
1894
3197
1771
1772
10486
49270
14660
4510
8544
1440
84
7718
37815
14187
13614
1188
4947
9410
3488
286
5688
339
1626
29245
1688
5697
43328
32613
8601
8123
28972
3696
7441
4897
5848
42239
1397
6030
585
4254
21175
3806
9936
4322
2762
1560
28337
9442
1175
4044
2036
5054
2445
1062
6991
32674
2706
1897
2005
878
4656
3085
3223
9054
8921
33
9914
36989
21
6814
2404
6161
5897
41298
9877
6695
5187
209
2222
2784
5056
6835
3995
3842
6467
6494
6703
9855
4507
7551
1753
1497
34607
17268
7893
29975
3252
1240
4367
6068
32
6046
4648
7284
4820
693
9155
47760
46903
5597
69
35248
4288
3905
9805
4190
5855
7130
9606
6363
3977
3320
17235
3574
35748
1324
22200
6183
3565
367
28722
9054
41707
1706
2446
48012
574
7073
3045
3819
5519
4308
8330
520
6371
7935
11320
4221
46142
9420
5354
1870
7203
9223
31064
34864
41840
2660
3447
4722
8861
895
30343
47775
1981
4939
978
6960
9562
3048
5574
25348
6790
9866
48549
4083
5848
23820
64
6075
219
9917
613
22765
7042
9684
5352
46233
6079
7467
8023
45297
32909
8271
2298
1743
29146
3469
4937
3425
5408
18089
5585
3864
8732
6424
6784
1633
3494
3952
7600
8228
7985
7682
1502
4040
6491
4380
2918
27260
4216
3117
8579
199
37600
9376
7702
1960
17127
4710
9160
2912
12297
5225
3322
20998
6096
4962
4931
158
3105
4165
1746
4467
4301
4897
2396
6293
934
7733
19797
46254
6554
5230
3998
3121
7866
7967
9881
6442
8699
1838
8584
1986
29807
10179
1078
3969
29449
8891
18557
6042
4937
10000
30036
1975
35147
6985
2252
5527
6076
6726
1767
8739
4927
21961
1577
37038
43901
2827
4741
814
9599
21065
698
9007
7236
2984
47292
2460
21688
9482
4349
954
586
1572
7091
5073
9465
3992
366
165
1822
3742
1442
8979
8638
3477
7738
2329
44610
7474
16702
5894
2773
46293
7592
2354
5661
8489
9540
635
5718
6962
9888
2520
5517
7814
2727
7032
3700
6245
7188
40678
7588
1591
5271
8076
46741
3546
5478
870
1587
28464
4127
9050
9200
7107
6686
1115
3455
5078
8094
44812
6022
4807
9129
7625
8552
28943
2393
7109
6663
3695
1602
6235
6443
30964
8769
45159
3004
2092
35595
44031
7573
4049
3682
31398
7960
3934
46837
8562
3117
19292
3250
9609
2125
41492
9309
131
2418
21940
6213
6503
22800
9470
6293
6583
6425
9635
7143
48474
1840
289
3204
6527
5053
41365
4893
34739
2873
28050
19275
9380
13951
4027
652
784
415
5850
3817
7171
4430
7359
3782
879
7713
13406
2564
5208
48961
2238
2061
1672
4205
46246
4071
9160
6026
207
22785
15741
8629
46729
4865
3383
11866
5931
861
9558
3144
3965
4071
9071
19359
4496
8685
1036
5608
8679
2262
45200
2798
5565
10169
48922
4695
9866
13
3303
2302
9208
4672
44386
9013
44326
6810
1959
6071
8647
8133
28426
17426
36860
3319
8864
40899
25738
8745
5721
6202
9297
3901
8292
3872
4832
4721
6186
5879
9685
2214
9561
5487
7944
822
1250
5400
1109
22866
8734
28084
6414
8552
8558
49752
8252
3471
2081
8271
6115
6552
4063
489
2538
7902
2823
4109
8276
5269
6897
5144
6862
3124
26854
2820
11152
8582
1352
16219
13515
9551
1408
9779
3037
5574
4435
5918
16555
3385
4192
48356
4310
3472
4684
20346
6781
9659
113
1654
7266
4679
33101
4553
7916
7378
813
43632
3352
9844
30572
8387
27344
9058
4986
10041
1826
964
1318
9035
7630
3161
10927
9457
2719
1851
41349
5809
1245
5967
19466
872
4806
10297
5253
6661
9589
30285
518
2615
1516
5250
15730
553
49290
42600
5271
3735
9007
1222
18160
4709
5026
104
6286
37
6656
27444
2609
6975
6523
42870
7527
1168
4108
3096
42455
1489
2129
41419
4012
26572
4010
9378
1048
7467
1706
2312
8994
3497
6281
5644
9440
38379
4737
9034
205
12755
5252
23095
5714
6788
7088
3494
5559
43576
291
39991
8491
15500
7116
4773
6725
9801
689
6602
2376
229
32449
9224
7441
4791
3802
2319
484
5138
5471
7885
6296
2224
48667
904
2089
8798
9790
42309
6302
3485
3690
6093
6065
5718
10913
269
8021
523
16005
9455
28561
9210
7119
4929
7161
446
4693
20340
2867
45873
761
1055
7338
6893
5788
2687
3066
46624
6930
33838
7765
43281
5435
37895
29239
1905
3744
9455
9233
2680
4500
7631
3838
6125
1024
5633
7397
19935
7754
6594
3178
1881
1302
6757
4871
18027
939
45481
4254
4173
4057
9643
42968
2325
4816
8367
29412
32
442
5785
5482
5637
3471
7594
25030
45902
47863
7332
8794
2695
8587
183
1605
42332
1307
2809
9916
8336
4330
8654
8681
4980
15
8027
46123
3143
491
5631
3517
550
46819
15466
8595
1032
3181
7153
19680
4484
2957
1972
9278
9109
3372
6605
4776
3746
3919
7355
14249
6759
5996
40981
9069
4219
142
48560
4802
5207
762
5052
8336
2737
3420
7654
45551
22927
6086
35431
9769
17483
8705
2134
9645
5130
1644
7382
970
2892
8221
7629
22340
3219
3285
5051
3085
8834
18420
20484
9777
2032
9490
7237
2477
3857
9758
2409
4928
986
24622
1277
10341
5894
8332
1291
5628
5339
4652
268
243
2792
5541
1220
907
4070
7484
2390
4268
7134
7880
3507
3963
9230
13409
152
8231
7287
1480
9766
877
37684
9416
603
4822
3027
40799
2679
5491
6444
5789
7957
9171
9933
27180
8453
4910
1853
6336
7617
3570
48024
33239
9262
819
458
5701
9006
8376
2114
1118
33125
4507
7437
7471
194
7871
24585
2108
44770
7504
8017
9459
8190
4019
9415
1983
8954
9651
1841
37724
47970
9894
6076
45904
23088
6637
4864
2042
46234
4044
24662
577
33
4380
5921
1067
8013
972
8354
7877
863
2980
1714
6183
5555
8031
41978
1636
8384
2405
24590
4240
5434
9285
5602
21163
5946
3509
2836
5660
16060
2747
2452
4698
6166
5233
7928
2196
47635
32381
2812
4099
7618
6785
4568
48688
29249
8036
12406
36007
1423
709
2497
5803
333
3957
760
2497
8499
5685
7
1417
1461
3780
9279
6584
4967
6968
599
17517
6630
23275
15372
2781
6026
4676
6748
2770
5109
2220
1826
3066
19906
4694
8310
8707
1869
8198
949
6764
5323
31438
34475
16758
1024
9175
9976
1519
6758
2949
3622
4406
4168
39551
48256
32183
22230
1888
24244
5478
608
32036
7857
32108
1840
6654
2407
455
9261
6873
5493
3819
4004
7554
5603
5523
8971
192
42962
4708
2156
34849
1669
3029
8923
8040
8236
18742
5018
1251
8300
5849
983
47815
23288
6478
6103
2605
9439
4304
33373
6014
9250
5717
40705
4538
20903
1609
1942
4623
1198
5677
1113
8212
30640
4336
5133
9446
8740
7137
2604
9487
6958
2186
5502
9337
2117
6130
5730
4199
2266
133
9438
197
8118
13327
9991
5954
333
6723
3614
6483
18362
9332
6170
70
2171
8473
25418
21665
8426
3937
5465
5140
7073
4201
1354
3213
4836
4949
1089
2220
8252
7428
16365
7465
399
6656
7987
6313
4154
1935
15471
8138
7087
759
28
29827
33402
37835
4236
8005
1240
13018
1984
4465
3742
3469
6481
24426
30843
4281
36981
728
30900
14689
1671
1675
5876
46506
13781
2137
1837
32205
46006
30338
9906
7592
8423
2893
6114
9331
19676
7410
6462
46789
8484
5065
6370
8872
7263
7378
2267
190
4559
3419
6729
8750
4967
29710
6255
978
2196
8719
8364
14159
1696
5921
7444
28988
9081
6998
37953
47295
6489
37694
2568
20645
9226
6472
5530
9298
9322
519
48735
11000
909
15
2830
28071
6926
9131
5720
6346
5076
3835
6437
1568
2523
6586
9639
40800
23686
8654
6636
1887
1704
2082
2461
1809
7522
9767
8679
671
2081
2412
31999
8393
3206
44120
1050
8777
5470
7035
39288
3801
15319
7323
48354
11400
166
9535
20789
1360
6715
954
3588
9469
5258
7151
5313
45993
9381
45108
1837
9548
8990
893
8297
8676
26409
44932
9161
8955
28454
3281
8773
1477
8594
7677
1167
7839
12194
3763
12248
7639
9036
493
5143
6130
29337
9204
4925
910
9939
4117
5084
1731
2406
48920
42906
3439
4745
3152
963
8178
10673
8177
7021
46337
31242
9631
9192
1248
23811
5264
8771
2799
4675
928
8572
6178
1363
8982
20687
6607
8106
21633
10635
1961
6084
3998
35
27921
44632
6672
22665
855
1206
8716
2354
9858
2325
2933
7302
1686
3812
4369
2682
1237
2116
3691
9514
1318
6452
3528
4069
9053
451
5263
5238
9870
563
5222
8614
48531
13923
1070
4415
2634
25949
3014
23102
7304
5301
3519
37382
45091
36878
3082
4641
12889
6838
7470
29463
7587
49584
7783
41675
23691
1309
39
9535
43251
7116
2309
34125
1104
16870
1715
1763
34272
6376
12540
4094
34902
4462
49155
128
4397
16531
32117
9249
9215
6520
3415
702
8700
20545
6362
8736
2721
8951
5577
7194
4035
4887
6240
5434
9705
3207
255
1526
4494
1221
14099
1796
1746
7553
24
8442
26685
18180
4807
49356
1847
728
5748
2762
874
5950
9274
3166
3571
2948
4259
5282
7290
25140
9618
9859
23722
9125
4571
3171
29567
4585
42285
8799
4185
4574
2378
6263
5654
8506
2298
1815
3156
5478
1020
3523
4927
5508
2622
7147
72
6924
9560
31723
8344
5302
7877
3187
7209
9715
1854
3493
669
5899
6045
3739
14886
8792
4396
48132
1952
7924
5687
6384
4891
9155
6891
25827
8209
3655
7771
7501
4541
4776
5874
3963
5945
7516
8338
7014
4478
2827
3856
9965
20904
1597
5351
37174
6527
4943
3212
363
6301
528
6507
3772
8750
10976
309
6399
3644
1403
3034
582
509
9718
1482
8648
15428
3955
3011
13320
9705
7062
30726
31774
5207
2680
300
9422
4234
44713
680
6608
5284
4957
2379
38595
7343
2889
1618
9783
9697
6609
9198
198
6929
3516
385
6052
4952
5409
4160
5365
8610
2721
8569
7662
5707
2324
7897
3513
2602
1527
4242
6101
4389
8732
3822
3412
27839
3691
7123
1792
4231
9081
7573
2339
8669
439
5631
4480
1731
2284
8535
24499
42045
3507
9524
37711
9307
5080
1196
7324
5920
3442
2014
8360
7818
41711
2374
46886
5348
30632
7842
4629
6055
3653
152
604
41536
7372
17203
38425
8916
3505
4817
18658
48122
2107
8162
2857
3296
1723
2818
5623
1974
36635
7424
22422
6309
7718
2464
13059
12180
7754
870
826
4377
7587
7461
3401
1309
48182
7101
3710
9075
473
9866
2328
5923
666
1313
2163
8496
1353
3120
7103
3454
9204
5552
26293
20463
28988
5561
26724
6692
3155
9785
8287
7591
7385
8736
8309
24930
8122
3569
6908
4244
7221
5311
40569
3243
4759
2225
1881
504
6006
3729
8844
22871
8146
8757
5023
8517
2608
8129
7414
8588
5048
1204
4595
7510
1662
4051
7734
5431
2584
6469
33620
9370
1724
4480
13441
49186
3882
2148
3717
44541
38997
43416
228
29785
453
9688
48369
19434
8964
84
8322
7856
1320
4391
4593
46062
5966
3742
2798
18235
1446
39382
1123
4445
7836
752
10577
8695
9617
21282
21993
9617
42735
9106
3802
6982
47
43385
2793
6770
9790
3499
907
5658
1824
11657
8653
7492
4781
6982
8208
7324
2129
2655
295
9783
6250
6778
53
46783
2964
1745
28990
4113
1940
5919
1011
7782
3853
4099
2072
35048
555
45739
3058
14325
1370
4106
9042
2377
9306
16319
7383
1011
8239
239
2658
5832
408
6768
4193
8413
5782
18662
33938
7732
8336
2212
4535
35804
12450
1294
3450
7686
23508
44592
6669
5666
1928
689
42292
48560
5039
5725
4439
3630
3267
2469
9439
7603
1760
12584
26442
4719
7169
47195
2334
5649
2282
20534
1060
1826
5067
3874
6269
7465
300
271
5713
7030
595
24563
8401
4013
8906
277
1808
1568
46929
7911
1888
4912
2609
2551
34652
31914
1952
23170
2203
4660
1224
3924
2263
19040
3183
6086
6017
3462
45380
46066
8787
8318
3497
1555
6059
4208
5951
42166
3984
3803
2709
3821
7119
10174
8653
19183
1491
1154
4215
2096
988
8889
9960
9123
4638
6516
44756
7807
7190
577
9577
44756
9705
3662
7077
5318
7909
4665
6406
22296
1005
1836
38658
3813
9002
2124
9007
3815
7667
9829
1441
37188
3460
4210
3429
8560
5699
3957
4965
1145
9677
6152
998
44858
41108
9278
424
63
47911
5839
3236
6086
8790
6971
3608
3014
5896
34758
5953
6053
4836
28261
8112
7034
1468
3182
9993
8022
5971
1269
8578
449
4246
15108
399
9342
28387
2756
8261
5056
2421
4204
3049
247
9084
15603
8040
49522
3043
5841
4005
5316
43892
3844
4472
1690
7407
9324
3677
2803
2048
6424
15394
8267
15678
44134
15027
241
2670
4155
1011
8797
9090
43509
4809
1658
9557
249
9866
4096
1317
3641
3557
5747
7044
42111
8482
3253
3095
4840
2698
12
43554
4332
6128
4178
903
7562
1146
32138
9103
6476
643
8410
9648
985
5647
698
6067
18838
4660
1374
12978
6775
36993
5293
9740
4077
3702
742
6499
8407
6430
40033
15601
6513
5123
7455
7615
9450
7304
7614
9367
307
6284
1599
24842
48651
7955
19433
6239
9784
5037
6041
255
4759
679
6011
17524
6020
2985
8576
875
3647
2630
8222
35014
7286
8913
4829
24268
4515
5650
8959
16088
9968
401
2239
24103
5434
12359
10644
499
4560
20287
8793
4718
1820
3980
8190
8924
2845
3743
10226
9984
9026
8481
6384
30543
5594
2932
8589
8579
7198
4341
1167
16703
8907
7711
6382
36618
9368
2886
44389
9927
7934
2494
8870
8809
26385
12090
12481
17360
13468
4702
306
42780
7127
3704
11811
7439
8607
2684
7600
22633
4843
6358
16807
9529
7453
1651
3666
761
25481
29316
36998
2245
624
9738
6798
16550
2566
8414
18900
2285
1409
38005
4715
9796
22238
9236
5892
5076
1038
9460
8149
9500
6165
6179
14605
7578
3987
5319
6238
986
4617
8659
6858
43986
13412
9555
34396
7803
39213
8081
6493
353
4964
1503
6812
8453
1413
29706
3290
5618
8236
2982
1778
6263
3882
913
1437
4207
8382
3964
6465
29850
20555
593
1969
4180
2853
1421
3268
15853
6175
2491
15
50
5001
8012
29824
1814
1038
4507
9311
6423
822
1379
6199
34594
3970
7507
6411
1024
925
11222
7566
8091
5269
932
30230
6475
41288
9487
36495
2037
6432
3683
106
2254
1936
16951
6135
45480
3840
7656
8495
19945
7934
724
26535
2614
6242
9011
5494
9452
4671
8765
882
5809
6424
9696
49568
1485
4373
25071
1984
8821
8336
49897
8390
1332
5671
9594
6858
13428
1393
3151
176
2046
976
36502
1734
9960
4427
3684
23821
8662
5325
5498
9655
10513
4190
4957
9686
9173
5971
1387
2018
5400
3663
8001
634
8585
4909
9373
9500
9872
3207
8932
4146
6822
28202
41063
6727
6884
2158
1876
6501
7661
7361
8044
7612
1231
25389
2182
9185
2332
7982
2094
4115
3359
8210
868
7696
1762
5833
8212
4109
6426
1096
6262
275
6837
20052
25042
9343
6055
5979
4647
6546
7021
5660
9939
39717
1474
6334
28085
4190
6095
1587
1853
6722
6633
2813
21981
3560
5662
8841
3952
2764
2306
7164
8554
1968
2409
6144
6282
1433
6117
5532
6826
3978
34194
3037
7175
7614
3705
8594
4127
3847
5852
22305
9578
8459
8764
33438
6017
1235
8617
6189
9495
2301
1311
2216
40206
8116
4844
4897
550
4215
4313
8820
1701
7497
8360
45076
42211
3382
38949
6492
9794
251
2797
48277
28233
7158
27363
748
6612
6581
375
2254
19083
3690
7853
6724
6169
9266
1928
8813
36018
6339
671
2544
783
9411
7357
4409
5389
5506
23320
8864
8699
4275
38864
2412
2247
4325
9405
5831
4253
1729
8559
20322
33216
3163
2308
7978
39703
8735
47461
8279
8177
36834
37787
41435
8755
3807
6199
2976
7699
21684
9062
2710
6381
7152
2316
2877
21000
8618
18660
8899
8771
9399
5635
5441
46229
2825
4533
6730
4388
40894
6085
3599
9914
2297
5960
19301
4895
9808
44701
7396
42824
962
1251
6295
39428
244
5403
1321
9492
5585
1499
9186
9992
4362
15292
3287
5967
6185
7568
6612
1634
3672
989
6774
300
17595
5686
7940
34611
8200
424
7542
8177
1327
6641
4705
7405
239
7000
8486
20519
3423
6832
34201
8497
8119
9555
9749
6031
6822
3902
6902
6028
33114
7245
942
4704
4771
111
6394
6000
9536
3534
8789
6726
6169
7110
5440
9504
6474
631
8324
2209
8343
6717
9966
5456
4108
2339
19379
8056
8200
584
3571
158
48753
9110
504
2780
1558
9672
5428
9438
29582
5139
2923
1658
41465
9786
967
4165
7635
9097
9230
17839
15037
3434
2669
5969
3875
2978
5468
6280
2439
3621
39516
8659
5495
8890
4566
1561
2199
8438
3314
2061
5721
4914
2279
47408
2953
34852
6423
7443
7460
9443
9553
5839
374
43241
8791
1469
4636
3639
5506
7969
7366
371
4990
8984
5860
639
3490
1491
8220
5326
7317
36611
2623
1752
16087
2855
10813
7258
7457
33969
27618
1474
4404
5154
1058
1554
9320
6628
538
20811
9514
8295
869
22715
8244
39354
5326
2136
1334
3358
3860
2837
6669
764
4076
49093
8046
8285
3093
6583
3734
471
11920
7572
7347
4901
34728
49344
3145
2779
39955
5473
6503
30241
30893
329
7997
551
5016
267
8521
7686
7681
5382
8938
4021
4710
17088
1253
6566
29619
29668
49580
8115
32572
7546
3855
125
3188
8977
843
6188
9770
7756
28110
5509
1955
5559
5483
1999
2150
30766
7873
26413
5822
6161
4862
1673
30981
2684
9782
4607
4038
6463
20379
947
753
9754
2703
9059
250
40706
8836
2527
5042
34356
3481
3612
2468
8103
843
7201
8008
48
2489
2513
7433
7685
25846
189
13135
6768
2787
20284
5501
3566
5535
5941
5415
5594
5150
6896
7317
6242
25742
7931
38830
9810
225
9970
8334
5468
5272
6806
47498
16804
8499
6528
9806
4676
2011
6817
9527
42500
6694
3793
6210
5055
6025
7685
5702
41624
535
6078
702
36329
1371
5537
11615
38160
12817
1146
9310
3235
7929
9574
9426
329
6035
25630
1177
5466
9864
6102
9009
32574
2946
4110
9269
1205
6479
43987
3283
5790
8852
3244
3044
7532
2682
36907
7486
24712
40632
37566
967
31803
38258
1536
1646
6580
5425
7741
4860
36332
3135
16192
6970
353
5921
2075
2445
9430
29471
2363
1404
9708
1704
3761
473
4077
4494
9294
3942
7227
1785
569
4016
2179
8812
5613
9554
8083
1072
5998
21650
4821
25363
7482
8359
9030
1107
8982
5122
9227
4335
5030
37705
3851
20662
35656
36677
35442
2866
1689
9295
8555
1560
17250
5170
2718
37846
9016
36657
5125
7852
6354
9281
7218
7866
9917
3184
2843
2815
7313
5889
8070
23794
9868
1288
2986
2724
6298
3126
5549
3324
8640
6752
3006
4510
7119
1506
10245
1318
648
4076
6296
6145
44
2935
6452
7290
1954
4371
26176
5772
391
8807
7395
1460
4648
14011
5368
3903
38810
6253
49685
9853
1830
3703
5226
1216
6151
5010
11
42239
11803
3
10025
463
47949
3461
1014
24398
7100
24007
22510
7405
4931
149
7729
7951
5886
9224
3340
7945
1732
9009
2470
4582
6502
9994
1260
1278
6542
2135
6353
7482
288
33468
1098
338
5644
9863
8530
7201
7063
22563
9751
6422
8836
1124
26693
5039
3218
2880
5095
9523
4609
44781
4981
9836
15818
8786
9697
5282
3617
78
102
8976
8489
3669
30381
3336
7542
8800
7454
15164
8675
30711
22550
28153
6181
4495
7847
4112
7331
290
9056
1881
7740
39181
9448
942
1908
36930
6481
4419
802
6470
19124
2087
2157
3495
1720
5654
5782
25575
4303
1343
29469
3062
10332
6995
23955
6273
9535
788
3012
3302
5883
6551
3776
1801
8709
14733
5806
4889
6639
3992
7928
5583
5680
2840
7703
3277
2675
7038
2250
3421
1670
4838
32299
42867
2819
8094
5953
1597
9485
786
1352
380
1887
9094
5362
3470
9504
44775
12957
1070
8921
46668
16066
4636
8663
44439
21919
6241
19511
738
6463
5886
8550
10519
523
1421
3421
26621
657
597
36557
3141
794
7464
4838
6600
2926
1838
1439
8181
1798
5754
5920
7094
5974
7986
7961
17750
4545
9542
4325
1998
4713
44744
420
4659
9226
4201
7222
9407
6071
5781
4079
4596
6668
6462
5354
3099
8348
5423
36861
6441
34972
3114
9765
39727
14744
8049
8401
4670
66
32847
9689
9728
2890
8718
45218
38457
23988
6876
5626
7568
9618
3651
8570
8371
38461
5761
8890
4189
7570
615
3238
2112
6538
8828
8453
2623
5573
8760
6120
8283
42513
36242
26687
9249
94
5263
39443
7937
4361
1222
3657
49015
4043
852
9111
6812
6299
1118
21900
6467
3073
11874
27383
4826
567
4040
9057
9033
49346
1824
6009
6249
4134
4913
4807
45703
2654
34544
264
14421
2727
4290
5651
5179
9469
7197
23497
2066
47294
3675
24941
7785
2264
2058
107
1158
2266
7071
8781
17183
5811
16268
7957
4164
9107
7484
9537
17972
1437
4986
662
126
1852
537
24897
28204
7039
5858
4965
7076
9983
8980
7194
7662
3370
9832
7603
9779
4642
4465
8443
2299
29833
1992
8092
7727
28865
39259
2955
23224
9070
4226
5046
2838
9526
8893
9276
6918
6331
7605
27294
34519
6588
4653
7810
1354
7614
1601
6516
5720
4965
6398
37988
13312
7754
7133
7174
246
2885
9516
33092
45956
38684
7223
13528
9106
7839
17332
297
9911
998
1577
8649
2772
9271
3975
3406
5084
9056
829
4601
1938
11050
6800
1492
31577
7165
3711
17294
8456
593
27917
9077
48566
2907
5004
9485
222
7270
2815
5410
10332
5698
6995
4948
9068
42787
7825
711
6461
35595
25225
8306
9441
3866
31107
534
605
27011
9041
43421
8406
7760
6511
2040
5161
5604
9805
7103
9830
3952
9381
3965
13303
4292
6164
3169
1212
1065
29977
6961
27546
4880
41306
7688
3232
2633
307
9494
6349
7778
8794
8943
21715
1170
5182
1267
6043
2690
27589
7237
3967
6050
7797
960
2885
6002
2807
38001
29167
6778
7642
6177
8836
20946
6733
9455
1591
4117
12365
6790
6867
2071
4754
3640
7325
48283
4288
45935
5403
6391
17
43302
1087
6660
14937
6719
15685
647
9288
21488
42676
2333
12311
3083
1117
48121
2203
9355
7754
4986
104
685
7734
36796
39046
21521
1784
943
30711
9244
2826
2868
2714
2214
13440
6783
430
1312
4231
3133
2798
4303
7826
1803
6190
8534
9949
5339
9618
3129
4275
3220
3167
600
7390
23363
5116
38801
8974
39548
3758
4372
5285
5542
3774
9870
16149
16503
1434
2572
1095
5318
4868
3109
1654
589
8698
18258
5124
7411
3323
16694
715
3013
4560
827
5807
5652
5908
690
1310
4581
6442
5803
8474
9799
20105
1915
40015
14558
17893
8180
6394
6525
7418
39456
4363
11627
330
3702
6217
7746
5382
679
37330
46370
9428
7632
9509
44326
4103
24922
9383
9804
1839
25589
49901
904
3763
5903
2338
327
5517
8757
1666
38428
41428
28524
8502
7547
21170
1343
33696
2735
1974
5570
2116
25015
1683
44190
1576
27
11185
35456
4599
857
7384
22265
3181
640
27984
5878
22467
668
8066
19724
7859
4747
798
3653
9988
9309
4779
7001
1782
1943
6875
1592
37752
9034
12769
26266
5145
1913
24335
4685
29194
42642
4823
5171
6602
497
9628
8173
4531
46705
2637
414
1655
22487
382
1274
1313
7330
2589
651
7797
9865
8759
9662
6656
9125
2830
2991
12531
4463
260
2802
9821
4797
8498
34732
40467
1601
2202
6153
330
1050
4531
9474
3005
7546
33958
41518
41391
6094
8865
4032
5287
1708
9727
7857
131
8250
3802
6395
3116
7705
5965
4974
6029
8505
15534
765
6556
8015
3319
4701
2299
7824
5931
6048
13980
8385
937
23800
1008
9542
9689
10813
2788
30612
6565
9865
9329
4592
3646
38796
8924
3045
6677
4831
521
2081
2047
9024
266
4034
6426
9706
43050
3107
4135
5321
6833
6940
38147
3041
2108
47560
19483
2767
8151
8694
5871
7396
10288
8527
18584
9592
5807
5128
21613
5787
4265
8750
4710
4353
6843
9719
2981
23831
1311
4402
1831
3948
9296
3873
7014
5442
6922
2537
3309
4494
18575
30162
2977
6216
6424
2688
9885
43584
3944
1506
9399
2403
927
2623
204
7877
1087
5087
2084
39459
4933
6981
15236
7760
8935
26239
9889
9366
194
9201
4471
1162
694
8437
9887
5486
1695
35070
7497
380
9096
498
4574
6472
2469
8710
1998
2497
6353
15319
5729
5261
39215
2604
4811
2466
23650
7514
46037
23318
17277
4250
608
5651
3725
471
34899
9755
11131
16535
5514
8534
39405
9239
1123
6232
3674
8396
6156
3740
113
7729
4432
21710
5526
587
6776
4337
1262
7304
655
2951
3243
8150
5300
1894
28595
31061
6526
20582
43754
7265
8411
3474
4530
8488
6457
3078
9014
5690
7950
9721
14306
4313
1511
7182
34123
6819
8392
5949
9812
4317
2858
27346
3691
374
20706
2289
7917
9794
6676
37267
2283
7052
3179
42763
5279
1129
8364
9536
3467
20596
6480
31970
39361
9374
4894
4790
36138
7279
13487
8156
2188
12742
2278
6527
2930
4382
4667
473
3363
2665
3877
487
5984
9373
7680
1156
1455
2850
3602
7622
16393
1791
1874
964
9502
8504
5971
43398
2180
29416
7208
9080
6520
7888
48561
9952
3054
33351
7019
8375
4382
32177
719
4539
191
6104
4954
4770
7794
6573
3597
7415
6593
3537
6483
8882
40369
6034
29156
9112
2512
3204
5175
3467
14105
4900
7448
8324
6496
4817
49029
5252
8877
9500
5560
7377
673
1367
7218
3514
28114
8894
352
3141
923
9703
5319
16013
9815
5571
7499
4821
5347
1621
5818
1489
516
3769
4207
9488
1752
3389
3030
5704
7341
6954
9115
856
4587
1746
9343
6142
8360
4263
5947
776
9596
133
3730
7776
8091
6220
18091
9132
18105
9297
430
4640
1225
7907
6136
6443
9278
1316
4821
787
2630
6974
10753
23478
30099
8689
8570
12822
6162
9355
2760
39733
3946
3894
2095
35264
2464
1304
7009
7056
2797
4443
5394
48649
34607
16844
9104
4406
2505
2383
8838
19022
21170
8099
8556
33346
6674
2708
116
5742
6490
9535
9763
14361
1493
6863
9047
7327
38804
9410
9762
1871
7383
5269
1617
1151
8062
38241
8871
7195
7809
6183
49357
11696
1538
7543
4586
35924
3411
9160
1631
20792
4653
8005
7386
40108
3242
1742
2370
5588
4996
4158
8085
16761
9181
3097
1881
9260
425
5179
5624
8008
16939
8894
39105
30234
9091
4454
9741
8973
6249
8390
9030
4103
12437
7172
6288
776
7391
8248
12610
4069
4305
6542
8957
43084
875
2050
32224
33776
8592
5638
9805
1768
29704
8821
6068
4662
48812
42086
7155
973
8105
3051
9147
2144
6119
26687
43625
7693
4984
3935
5776
2171
1110
9812
786
47235
2035
7645
2465
8020
2389
47247
5996
5900
8251
2064
2862
6214
4388
8284
5387
5422
1076
4961
7583
6675
8202
5709
1712
46659
13196
175
11090
4314
936
3195
46606
944
25152
43320
5485
29327
22505
5126
1230
27142
4794
7604
4561
9754
1250
10197
330
48252
888
2259
4350
591
8518
9997
9127
33338
9208
33652
8323
9667
44281
5623
8132
35139
2287
8307
3159
1121
2869
9272
7537
8710
2490
712
28922
34784
9278
48916
37
8274
6556
8373
1902
46701
6486
9249
8936
3646
4491
2863
8379
2656
5374
8226
38762
17690
26844
4476
6180
6389
6574
9406
9335
1008
1300
9538
7520
3410
2450
938
46901
8274
2624
19037
7645
7814
4246
26513
2143
1992
2890
7232
2456
5164
5989
3215
15116
4637
22316
949
28003
966
1037
47996
11962
6161
12981
4156
6027
7116
5628
2413
5029
34076
4378
7783
5820
43528
3664
7351
9204
1017
44828
36934
3951
9633
7794
6930
4377
6344
9449
8300
4134
42764
1410
6718
30497
8539
8218
33818
14971
2079
1178
1204
3582
7411
28819
8760
6135
37328
5011
8626
18853
12660
2557
9573
7538
3100
4036
13569
1213
5249
1510
9707
30443
5015
8806
7418
22527
2570
9211
21751
4487
1808
46415
4818
7763
1310
5603
9402
2648
5550
21401
4874
16654
1703
4908
3854
18206
8268
246
6034
4786
18
1046
9815
37074
570
14846
12288
727
8478
5693
3728
6287
8745
19282
3137
566
2818
8653
3060
8486
4975
17548
5626
6051
9182
29231
4667
49627
8754
5039
13601
9813
1493
42567
4426
7008
44560
1824
434
8881
2844
8600
5740
1567
5155
2682
5526
5292
36006
5228
43726
2444
337
3849
8938
6302
6684
1459
9171
411
42319
36377
39567
11520
8844
6777
347
8318
1901
973
10177
1839
1150
1099
3140
13290
12538
5090
42374
4256
8487
7275
9559
2874
3889
9213
21848
5487
1116
23724
18770
2547
36903
9676
1249
2173
7707
8385
2688
5688
4844
3124
8926
45792
10130
605
9338
1768
329
7197
740
9748
504
40001
9984
28087
7926
5786
4579
283
2243
1467
9919
7273
20033
3841
9890
6569
5618
6876
8724
4019
3058
1783
7346
1868
7138
9586
4043
9289
8172
9853
5482
31570
2084
7818
9400
35102
6854
5630
9974
7990
3330
6945
15024
9491
1359
522
43348
13055
5392
6414
4460
28130
690
4596
9661
28676
4059
6303
6169
5477
6330
45644
6134
2508
6554
9868
5779
383
9244
49824
8666
2631
30901
3791
7401
7977
2563
3369
4511
32973
2066
2934
2594
515
2197
9889
8152
7451
17453
23093
2208
7053
4709
6287
5206
9856
3963
37145
25223
8748
157
3861
24057
2280
5481
3474
1389
7259
45958
45979
289
4095
9919
3307
5344
1076
46495
4455
713
65
5851
7508
19268
4172
5660
3004
5435
740
4795
38076
45390
22090
2884
7483
9825
1729
36167
403
6749
3738
5550
3527
7067
31615
28798
3850
18965
734
2384
3163
4426
4456
7256
3800
5131
7753
8140
9079
5492
9165
23737
6382
461
42616
17427
2197
7432
1734
4759
5653
4777
968
6266
49673
7848
47711
3179
2892
2598
3169
2197
6017
1163
5567
3156
38483
45593
9295
5692
8160
9026
2077
2868
8631
9002
743
2149
9090
36572
8236
3197
33197
6052
177
207
3903
11983
1939
5010
17678
1354
14874
9562
19541
8608
695
6911
2183
3791
30674
652
8300
30868
4723
3729
5955
123
4803
3797
9865
9185
6277
8217
6454
42930
4503
1285
4390
4905
7416
8871
9026
8481
480
5866
8046
4964
5511
8760
6792
5840
5744
7345
3861
9080
9506
7909
45518
3143
37987
8692
4142
28511
48886
36359
4631
8381
4414
761
2193
49705
4873
9472
22568
9096
33412
191
6561
2916
2178
8987
260
4336
22131
5758
5083
3131
4475
34885
6279
4861
2994
12880
31588
8487
1738
2928
13522
3486
5430
8198
30621
34793
7615
3283
3544
40396
9636
7352
2571
7913
6786
8643
4527
4238
5450
2161
7669
4496
5204
8118
7581
1828
6717
37976
1869
1619
5333
30880
46970
9520
4117
26312
8010
6039
2237
6763
388
8160
6573
35111
8865
3562
17456
439
9591
2440
8050
41502
33970
4199
8476
8963
2495
5848
8216
32305
5845
7916
949
23996
9827
3858
29473
4136
1181
9932
6936
8664
5302
7188
10391
891
9087
24829
9910
506
5575
8633
2763
1272
49734
48770
43398
36062
9622
9515
40981
9749
9090
5744
4921
741
9142
841
20244
2288
1350
7293
5352
9547
1566
4561
36219
6914
8543
16688
8820
1884
4424
3974
38644
14711
2523
6782
6509
9349
5547
8671
5267
3520
2963
334
1351
8433
4300
3335
794
5792
3905
3490
38252
2481
4008
41886
2899
2339
22505
9189
1230
5614
8465
3056
9909
5480
9094
12165
281
3891
5857
2988
8008
7903
2185
7872
4595
46260
7449
9644
5964
22639
8410
7960
4438
9845
7147
4640
374
6315
7317
3699
8889
9578
483
2909
555
6223
9388
1223
9888
1937
9152
4966
2613
4979
3673
8839
19324
2953
2890
40642
4197
1340
1715
8331
7421
8005
7585
3957
5369
4645
4297
8232
5886
8302
1535
7928
7943
16444
4367
5272
5654
630
5118
44126
5230
9497
6413
6777
7756
2500
9120
36252
5818
31187
3871
1073
8198
4331
8104
9539
1691
19561
44739
9996
1981
6894
48309
357
22234
9370
42004
6950
4977
13000
9180
1687
7572
22434
1798
9995
1960
18657
4955
1550
7182
43582
4987
9839
5998
6728
2627
8233
4793
3725
6663
3824
1060
7561
7708
31249
6162
3118
2268
2144
9384
2976
14824
924
9656
14438
2258
47235
7887
1321
4679
4075
8463
5783
8711
6319
13001
3933
503
589
5416
2061
11723
12096
13090
33082
1543
16345
21516
37408
974
2445
3752
5183
43752
2217
3919
12463
5002
2371
5208
9656
2677
4363
6921
540
12
24885
3521
2284
36976
45784
5752
6954
6927
3475
5160
6553
205
9733
2443
2894
4704
43175
9514
8398
7188
2471
8443
5186
9455
2588
8906
3618
5631
8080
9246
8650
4548
5437
2914
43052
8913
2257
36156
6785
9033
7171
5748
6057
27098
9299
8803
6749
1146
5010
1679
2568
8223
3608
1969
4358
7618
2733
1796
1475
8658
5154
32082
7903
3592
1787
8773
5610
2667
9742
4439
1962
14035
1032
14026
8971
8429
1453
35545
21647
4668
4133
268
402
1380
98
9799
13455
6684
31869
6048
1245
4496
1456
1112
6885
643
2963
3792
9804
727
9499
5984
24292
3939
2588
46440
3845
13207
46110
300
8540
1007
2108
2997
8373
5668
5074
7678
3869
25237
444
412
7942
8928
43
28925
1256
510
6947
6214
9533
238
27504
38065
9841
35913
7690
34097
26199
5922
5323
5890
2108
6505
6539
8783
3503
1936
27357
6906
4455
4984
8109
33496
9727
3221
6888
6257
6574
5372
3309
25
6507
28453
41598
1432
1981
5773
5224
1297
7941
7300
30130
4248
3415
4896
1006
9915
1805
1996
41456
194
5790
9010
5879
9013
620
2953
3936
30848
1865
8788
5231
9741
7862
685
29823
6058
31062
8369
2973
25561
5451
27524
7031
753
3764
4520
19117
9784
8547
1013
892
545
1062
25713
1977
5541
32172
1574
9137
8640
2023
3150
20064
560
8959
9648
5571
33610
29410
1269
34919
4884
14252
15101
5659
4387
985
29525
6668
3718
5549
46292
9983
4714
20135
8388
5153
2687
8737
6233
34034
10907
5444
5096
1806
4481
4703
1014
26559
2501
3575
7383
6732
5113
3731
7233
1738
4586
7321
39940
6739
3878
4030
4839
49999
7461
3853
34586
2678
4174
5801
1456
7863
2028
3196
5152
8242
2645
15413
6837
4343
5369
2055
2266
7772
29862
41188
652
6630
628
8914
1994
8745
794
3139
1052
2640
8418
9873
2446
26412
3166
8766
4091
13129
3830
9541
7824
25599
19414
8219
8308
43355
4388
3881
35620
14098
3562
6914
3543
8144
35799
8176
27053
3488
32115
44
7923
2633
3576
7424
15942
8935
4919
6723
8314
5258
1226
9477
334
8257
3355
9713
10692
20933
8597
9731
117
9713
8564
6445
33257
1770
6890
855
7433
2493
18079
96
1323
2677
1275
8512
3074
6360
3138
9593
46901
1317
5175
8228
5471
689
1431
8078
12525
791
32780
2181
9706
117
9020
1953
4379
131
15976
33591
7777
2281
5753
5053
188
30775
6251
33092
9992
22389
35208
39297
6587
4343
5998
8167
7640
7472
36933
3629
8488
19443
4214
6110
2328
5749
357
48944
6567
1727
23885
7469
20936
244
2430
39502
8667
6141
9420
7765
4556
9983
9886
6777
663
4350
7726
43642
9858
4713
4050
7371
1146
2492
1578
23928
3832
7426
3517
4122
8015
5970
21898
27361
425
49292
7876
39290
51
24189
8914
6438
9596
1189
981
4337
11775
5569
5540
14737
39701
38198
7556
31238
1108
1950
8472
2807
4108
13633
2516
5833
48970
5926
352
6714
38881
4035
4295
2500
23520
8864
1138
8426
4607
26475
991
886
4469
202
4082
2332
3255
6623
648
3550
5273
1416
17771
1125
7964
37933
8563
410
9358
39862
2812
16545
2233
39587
5811
6793
4062
7425
8954
49246
5637
2963
32068
15516
843
4804
4676
8459
8922
13380
7012
3119
7496
5899
9879
8320
7281
9048
6453
26
5470
527
8807
2100
3895
782
2823
2136
5267
1309
7090
7937
9888
8329
45859
4203
23861
9494
8490
9787
184
2405
7072
3575
13821
8790
3218
10795
6649
1613
5039
7591
5276
6384
9090
47165
9916
9883
8367
38614
6356
17379
4078
13722
9527
8378
3520
8007
9892
3489
4831
5729
5750
9860
6384
26934
9178
8609
1665
4133
41462
7833
3729
3030
6159
37368
2838
5672
1982
49875
49057
2289
6494
2749
5028
5023
9899
6022
26181
26023
7047
39408
12702
4187
5847
4316
4798
3571
531
457
9967
25325
7103
9633
2662
2372
9441
6780
5628
4518
41949
36703
42481
4630
26488
9471
157
40210
997
17
4526
7501
1898
8565
4081
396
8913
4430
25659
9690
4108
3949
46448
5749
8000
5615
3895
7619
929
4572
5402
6535
6093
37967
6917
4612
39923
628
6199
7973
7457
9828
2467
2900
5558
933
1278
3088
1383
4892
3030
1777
3976
3550
7489
5814
6947
4753
9372
4786
2721
26888
8382
30470
38854
1016
8248
3330
71
951
43522
20486
3633
1846
3297
105
3871
837
1123
24281
7656
2240
6605
7045
1786
41235
4373
2409
35882
6756
6643
7884
8993
6278
5811
30064
494
1552
717
8050
2883
2776
8470
215
4794
4362
2770
21119
6872
9908
29839
13394
9938
5531
1256
8403
3931
11724
32735
46312
3588
7240
8160
7881
5561
454
39968
2180
8650
8420
26044
7874
46497
184
3035
7914
5214
9561
1536
5731
7133
5218
3796
2037
31315
3329
44500
6147
6858
5922
1133
8950
9532
8347
6902
29811
2458
44642
7100
8554
2435
3952
8430
47108
8982
4241
4051
3942
2614
9128
48231
7921
7164
45339
9019
6536
3388
8314
1095
37580
5365
396
2421
42405
4789
4448
3892
49064
9434
1970
5614
8700
4181
9995
9044
34561
1034
5158
8867
5246
4900
38636
1232
9515
4081
37732
9376
4400
4383
6943
8633
894
43979
6647
7520
5430
9347
7178
9783
7682
8641
7488
15432
19371
4702
5062
7480
46786
6568
47998
827
36056
5614
5890
1090
6621
3619
8500
2417
2866
3192
3948
2083
5135
9097
3519
7946
6965
4666
3632
2403
5410
4031
9621
9861
3525
354
9922
5627
1413
6241
778
5187
6304
8537
4694
311
7735
44779
94
5612
9285
7092
4979
8135
41799
25563
21
7889
6012
4209
6647
2945
4283
8589
47413
1011
33901
6317
25
8727
8199
5651
6339
46212
2812
4937
7540
6401
2730
1042
8631
8572
8105
9647
873
795
4950
562
3598
9137
368
6879
10795
6317
9638
9305
2468
4265
2109
8262
3927
40610
2399
3907
1634
9560
8592
19275
5788
8693
6109
4983
6970
4153
42488
7485
8153
44327
15354
3603
8559
8726
17785
27357
5570
5507
45810
27696
3968
36944
952
3241
2111
14505
6440
3651
14250
8586
7646
8967
4132
35223
24520
7134
45535
1675
14715
3090
7957
8244
209
7579
5746
6359
9014
5871
9139
29437
356
17392
2814
716
6816
4944
37029
35015
4843
513
1228
430
24192
5539
9040
18663
9981
480
4807
5104
9125
3125
8555
1039
4898
42314
5219
7670
39663
4560
5211
34059
23600
4771
9628
4979
6394
2348
6075
4354
2040
3895
41060
9088
3091
6295
5814
3193
8124
297
2299
49113
681
8935
5866
6944
1798
13832
3386
33303
9352
37276
5690
2102
3658
6289
8813
12721
7275
36598
9294
5432
11259
20619
7182
30565
21991
2124
35183
5969
8533
2031
6582
2682
5432
6864
1380
5849
3088
2120
2060
1787
9871
21930
2831
24491
4103
8856
4873
5324
48888
5973
45645
9735
29899
5687
9755
208
2617
4145
34863
7326
6077
658
7060
666
26040
4259
22595
1980
24559
10784
20576
6830
2664
6265
15931
7743
544
2427
8333
475
7604
17916
17791
212
7810
1027
6249
2902
13383
7511
8893
1277
5815
4441
9155
4205
4919
10249
5952
6945
2389
1070
7919
1269
1778
3217
32289
48704
3916
5709
6975
28707
39526
35149
1798
975
1971
5802
5159
7102
7318
18873
6539
4947
8389
5664
34787
2758
9904
444
6281
17009
4144
12271
7043
19554
10432
9852
6280
1682
13449
7549
3023
2761
19731
4486
9776
5442
25339
9865
8585
7341
2752
450
4017
3055
458
6466
6463
18418
8383
1489
9944
7102
17479
37534
26268
7037
28657
39134
4642
4451
32196
6374
3894
6805
1560
2126
2316
6092
288
9641
37614
4908
9101
9606
1788
5391
40796
4881
3838
19779
5040
7110
9907
18492
5810
27566
1833
6171
8606
5737
5542
6176
491
2682
7273
8205
4968
531
6959
9637
2609
8380
6872
8555
9799
15451
2586
3236
1504
5031
6082
449
2974
2543
4754
2038
9795
6482
5015
5756
43784
42657
9095
1741
6832
2870
35983
38792
618
32033
8087
44653
9659
6628
5340
7354
1541
8453
9507
8386
5198
8596
24314
4670
690
9422
7082
8402
5332
28676
5484
8352
1790
8351
5555
1376
4464
7278
4397
8727
903
46950
39377
47747
5995
3185
29795
4212
2717
5986
4211
1885
7572
6763
11124
5942
7232
9999
9230
6
9571
20731
5145
7993
5692
9654
16477
3028
3523
6923
9706
3748
3406
9743
5980
5599
1423
6029
21708
7661
763
49215
6980
34428
4436
6377
8923
48636
3491
36705
28781
9602
3679
4538
4039
9359
8480
2784
9249
27092
1472
8106
4255
9063
8990
9729
8930
6056
3215
7451
1326
6808
1784
7722
9884
47722
14070
2837
6227
48639
8520
17947
6993
7496
5009
4523
2031
3596
4757
3737
1637
48707
6443
9653
8181
17406
5249
2514
892
5781
39169
34977
9914
6847
8587
3838
9312
27027
8938
2819
3653
1506
8666
4680
41348
9538
1437
1130
9249
4668
9991
9208
5678
7977
7348
3756
5831
24575
2095
2878
9938
7120
6384
2939
5328
6947
1858
22926
4250
2382
33934
1123
22332
7366
1995
1188
41346
11733
8367
210
8638
2864
5647
31861
2110
8418
659
7015
44
8649
5825
46119
6124
12622
3447
2744
7373
7283
6293
7350
9771
25050
1104
6617
6625
5291
9122
9285
43445
27438
230
5645
4794
10224
3225
4593
1139
30063
34280
4335
7128
6844
4391
3758
5575
24673
18670
36252
11972
4105
9458
7926
8729
11884
5795
23546
7737
2451
2090
9899
1328
3484
17638
8223
1292
6439
3815
16751
4301
4214
7797
7400
25811
4750
7338
46746
110
4389
3872
3120
49610
2818
1478
8071
8179
3743
7875
6410
22403
4166
6524
7188
27362
1461
5572
43078
340
1148
2190
1956
5052
8669
1293
1076
5073
49544
6458
6508
3254
7669
1639
657
206
9026
3182
838
5844
3231
1442
43495
9294
12620
28818
228
3503
2041
2666
33798
4613
1275
3531
907
9738
1648
14099
6302
927
9512
5431
9610
1389
4599
4276
8911
9554
3896
3061
8981
15445
2717
752
4789
9126
38273
2002
30040
9179
6164
8053
2098
9714
36325
7741
14950
8521
3648
6090
1410
2673
8411
7736
1846
32470
7361
3002
5202
197
2998
5697
7430
8009
1230
4851
46706
9093
1980
7991
8252
3033
1602
7173
3966
321
17998
43293
5756
6826
37917
3277
3407
3654
30494
949
35189
328
38403
9757
7374
3860
8175
9301
6282
4611
547
28132
8887
48193
1254
29356
1400
20327
3922
8909
4780
49460
8136
3000
2023
4976
8478
1235
2511
8968
915
15579
47819
7231
6569
6574
4429
18875
671
1140
28448
45195
1582
7676
8225
3352
8871
9083
8083
49212
3234
38298
8420
3463
162
3220
9079
4530
8186
264
4598
543
16191
1879
43020
31321
3474
5149
3421
17582
8959
6697
5525
7138
9090
2632
562
794
771
4953
4199
2125
1374
5547
4636
1289
3773
6886
5357
1994
4251
5880
5690
39866
7226
5084
3011
33498
480
8508
8141
6617
5059
9629
6868
18854
289
5183
3211
41057
37853
5385
3912
7317
1910
19428
2150
5394
8884
6539
13867
518
38407
3834
4695
1356
3878
2164
5416
7572
2266
7317
9922
2906
1230
7370
3325
23358
34405
3992
42240
9274
1696
1434
4093
2955
3877
1219
7364
1560
4773
19312
13
6559
3253
9598
399
30423
4890
8322
6900
859
81
7034
8227
9172
9993
39156
8331
46493
2215
5210
9916
7317
9047
7456
7491
7819
39726
6216
9602
46073
43420
20264
8928
672
8141
8971
5090
8685
13628
4919
3567
3320
34576
9738
3132
9969
48335
205
6830
6154
7694
4243
8579
4553
5439
435
7769
12198
10430
4305
3436
4200
4921
9883
9453
4734
4512
7310
8356
321
18616
1431
5261
4577
6139
1706
5390
3513
6603
1510
4545
6803
135
9928
7774
5260
8752
16471
3694
4845
48105
8774
4705
4593
9672
1107
26623
3350
3856
1271
28150
7574
7232
6739
9846
1843
2771
9056
3904
5272
9830
5188
4810
6459
17796
4962
2206
6995
6632
9871
21540
7741
5509
7350
8867
2778
25773
4866
8280
45352
1176
9166
8835
4295
6745
2795
3084
21719
6736
33612
3663
13395
5057
3312
3075
9788
4784
8026
1329
6071
7173
42067
34116
9640
727
6679
8327
46342
4221
4858
17020
46107
1355
3844
4684
24791
9812
9989
9798
26535
5268
4613
34530
9
2644
6841
9491
7609
30313
9341
44154
6462
23459
9550
1661
9247
629
5966
4322
45452
17794
5936
32763
93
16184
3700
1271
2884
8777
6480
20495
1964
8611
3361
6358
9830
6046
23105
7531
5277
9839
2715
5185
654
1131
34401
7414
12930
40414
48101
9716
7988
4782
7631
33766
48866
669
7206
7884
9308
5010
19400
3898
786
42956
7774
26699
2515
12346
8422
1241
5495
3766
1055
8761
4578
754
1971
2328
7806
1245
26822
26923
13943
7273
1821
3829
4780
2099
30850
23809
7146
3504
9965
8364
37765
6035
34550
16942
6629
6494
1703
6914
3021
7673
111
8798
2470
4165
6070
8885
1866
826
7085
6651
5937
9685
2595
28157
4441
3885
6515
6314
2574
2067
2885
37090
6600
20467
7409
6192
45591
7616
23720
1927
8947
5250
4148
5465
4248
1686
7401
5196
26260
25306
4424
2435
8338
9235
1152
23822
5987
2964
8197
9226
4036
4569
5738
6657
4198
278
9739
49188
2861
1056
3626
4731
3226
9332
7501
36102
15161
1665
3194
9782
31490
243
3382
7640
1471
3693
25119
43734
8055
7515
49102
6213
8908
28589
9978
3477
388
7238
37258
2919
4017
10069
231
4709
21733
2229
5923
13379
1460
1073
7105
40292
2176
7065
5938
7764
7996
1832
787
8378
3325
606
4674
9062
9744
5913
8185
37630
20226
5272
8267
5243
36889
6868
5653
1527
7128
34999
2458
8933
2129
9444
4949
37781
3484
44464
996
8299
5203
3383
5461
11920
30327
3126
4850
7679
7408
1180
2264
5398
833
3006
7988
24791
4065
49426
7079
1359
3238
32348
2481
8361
1880
7293
5808
6436
6775
30139
8279
3494
8445
9998
42963
3344
6085
5298
2644
46324
23570
21990
8356
18382
7939
6861
9334
15467
6246
3139
37452
47021
21182
32745
8963
5462
15455
1257
5576
5527
5880
46500
5640
23784
40417
3660
5053
7575
6773
2289
4128
401
2494
39349
555
1369
8975
10431
8174
437
8329
25245
1665
8716
7242
32785
3685
4634
3973
9937
9863
8619
779
24006
1395
5219
2832
5723
7270
119
4670
4562
8880
9035
4588
2880
4490
2663
39857
4961
27
4779
8693
7634
35745
2356
7085
415
39768
9536
3370
4899
48256
7007
5303
3996
331
8275
7303
41213
883
30964
10202
34232
6270
9076
7700
9858
25517
2417
6686
7529
10575
6949
9585
5030
3437
9044
9764
33348
322
9259
36764
17357
8278
4183
46213
4754
4349
9231
4613
45386
6619
9837
2873
8063
9259
3524
2070
1283
5368
689
7250
3825
3034
1373
47288
26300
2142
6848
43382
9180
6397
1737
7795
674
950
8858
1013
43726
3154
7169
27840
8560
9044
64
2885
1720
49158
5554
8315
8700
4440
2531
3103
4757
4906
1943
9687
6265
7638
5952
780
3012
2576
400
7281
25913
885
1792
6912
29730
8592
5412
6654
6974
8471
488
620
8844
429
30907
1858
8057
5721
6708
4156
8035
11070
8732
9499
38848
4920
993
2002
7997
2432
1396
2620
14875
41270
17241
5852
4511
8412
1191
2819
4371
6308
5929
5885
297
48093
5338
42903
2316
8914
1637
3331
3719
8693
4153
5245
19132
6741
10452
640
8619
3651
1327
2410
9580
7695
9885
18331
8766
5581
9338
4683
3137
1045
612
48913
7596
7451
6217
19363
4529
7712
14289
26606
2015
8213
1068
19577
37932
838
741
274
1659
35527
442
40132
40549
3017
9948
2259
5092
2748
1161
2454
6313
6345
17761
19526
1278
5876
865
1591
9088
607
4108
1894
1164
2904
29738
2671
320
7881
8901
23832
9277
326
8059
6934
9073
4063
8897
884
9155
9214
2101
9480
7072
5563
5500
8061
4724
1270
3135
5948
45098
3908
2501
49254
2470
1653
8386
1366
10370
6631
42420
3141
3459
4919
9210
5549
8059
6471
9569
14061
8699
421
8172
6216
5105
6892
41433
8370
4536
3680
4301
35592
5220
1949
3159
653
4348
9024
984
452
45775
1965
697
5625
9689
3814
2570
9861
1178
882
4976
5297
29687
399
9053
9968
127
565
2737
1458
39196
5748
26419
2956
1231
6528
16651
5727
5814
16429
43269
2645
9786
7661
2797
6981
23365
1613
144
7861
48055
8299
8996
39382
26
7902
21420
45465
6045
9531
7908
8062
7237
842
3123
756
3690
1768
3458
3755
2410
4818
19958
9537
9403
3819
4505
8828
16564
25
5330
3226
9021
3732
6579
32864
683
42559
46667
30217
25569
383
24158
9624
3739
2392
5389
4239
9845
6626
9368
23835
2300
4546
4025
36280
6171
5621
3728
39087
45246
2450
2589
6661
13230
8719
29817
258
6906
2477
13231
36256
5711
2286
5635
3030
1180
5946
7693
9633
4286
9682
1172
5898
2282
7268
7507
3774
16393
32747
42790
3029
5783
2524
5195
9157
5144
3270
20868
4559
3844
7496
6120
7769
8805
23885
5087
8770
2006
5110
9226
10551
8049
793
7573
8988
40052
33216
3618
4323
4208
794
1530
46173
18802
7424
3449
6365
5802
42952
5522
640
3799
8404
2339
4288
7307
29916
5278
6627
1486
422
2190
766
34483
5133
7873
9442
1085
9179
18051
3940
4983
10405
3351
7982
15264
4903
30121
30273
9244
6676
6396
433
1964
3480
4467
46465
3617
8549
8939
4979
6465
36364
7739
7844
5967
2376
8788
6555
9715
24145
7120
7223
49025
5882
17804
1446
657
7072
5501
32554
6366
43056
29049
8782
12626
1782
1119
35592
6409
9943
4383
7898
4514
3444
8044
29275
7578
538
3009
348
4281
6391
4667
9415
6856
4625
874
8800
1881
688
9670
44477
8906
1307
6298
3539
3649
1289
2988
9112
2262
1181
6529
2751
7167
18176
2535
33156
3877
40123
870
9342
20198
6849
8331
3287
56
1839
7343
6452
7106
6891
3879
722
409
8824
9939
4925
2911
3246
9186
4710
5588
5755
8297
6205
8
3956
2949
6353
363
9729
4982
5150
1430
19867
3125
18151
9779
44153
7180
4500
2730
899
47870
9747
6061
2262
4151
65
6968
33410
7186
3291
1015
31365
3986
8161
4500
1204
4248
17663
7284
7022
42638
6219
1495
7476
9880
3029
4246
17909
141
2895
3764
6267
5147
2596
5682
412
1898
2547
3948
3425
1259
45406
1847
4772
48677
3819
324
8869
6981
6233
2589
5124
6156
24
5034
7170
2199
42492
10247
4223
1758
9802
6546
3124
7306
2394
5924
32127
5406
9100
3498
2490
6533
5002
2823
1848
21071
4025
608
2786
2216
9432
44336
35690
7676
35327
20369
8626
9241
411
661
5343
2782
28484
3787
7946
1232
4971
2428
887
2720
2424
1080
5182
1955
3260
4088
9715
7451
5424
1765
7375
30843
1038
7168
4785
9940
1977
165
4232
6229
7813
4386
3198
46980
2067
2405
7739
6618
812
7666
7659
8656
5782
2893
6655
7453
1528
7422
2669
10364
4442
729
2910
2170
8620
921
9251
7288
19508
1444
49917
33035
489
9825
4910
3343
41142
3846
12608
1731
42889
21836
4500
48419
2611
7649
8902
8568
7606
5874
8131
6575
594
9790
6309
38713
7798
7040
6065
5302
9242
30204
6396
31530
9040
4208
5753
2750
960
33560
414
24395
9867
9945
6520
6869
7229
968
10765
5858
40401
5840
8057
9129
3935
8348
3621
4377
2183
41454
8639
6459
2755
7869
1783
1308
2870
2711
5822
3183
22859
6326
3213
5031
4178
5541
7051
4405
1058
12920
4840
4772
8625
8584
698
30744
1736
4221
8876
8185
7504
379
8489
21966
5037
2330
27502
40532
22950
7805
8497
3866
30822
1919
6216
3452
2223
9905
3980
4308
13326
8604
37852
8987
5444
5302
1587
2334
8697
34368
3529
3252
8270
3487
2645
6387
1100
8978
9946
38468
3678
11045
1844
590
1163
6739
2128
9154
17853
7794
40601
7714
1981
7239
1166
7053
2067
5188
6278
7500
9042
38542
2832
175
3485
8493
8137
6091
3028
4968
42232
52
21049
9968
1244
596
2961
4021
49844
26761
9779
7781
47
8365
5499
6851
2492
7388
9850
7767
1627
7779
4999
45364
5689
7955
7131
8563
8427
8390
4321
29272
29220
39991
2830
7255
31815
3525
7441
6948
25875
5099
3941
6848
9354
3323
6505
6059
8967
1137
3987
9566
3571
2175
3678
6670
9706
6261
26542
574
951
3305
41519
4653
2131
196
5246
1041
9362
9979
46480
6595
31319
4277
7747
1526
9184
42849
4638
8008
9169
355
1266
11616
8632
3385
9965
18310
8
894
1029
6489
4165
373
3382
2750
23207
5616
22005
48046
5276
2505
2547
2276
46885
8364
2451
7637
9931
4001
46998
112
9548
5406
24427
3331
2494
8169
7040
1005
6599
8689
32022
6958
154
16871
4119
8570
1767
3032
9503
9154
371
3174
3758
8502
8485
41661
7099
8779
9457
3519
8055
2679
7339
5283
9045
47856
2720
6389
3645
19969
933
8079
5888
5543
4167
3562
20370
1820
4585
2961
920
3618
5905
2065
43579
16071
36888
917
1836
2106
9218
1019
26971
4396
7574
9526
21426
1095
6146
18290
30239
9343
7119
3180
4581
8330
4415
5784
6282
8160
30333
8906
2555
28499
725
6272
3009
9609
38814
3685
8417
1694
23504
26846
11593
4986
4901
4160
4718
4328
9855
9935
5487
8086
42333
36430
45682
3430
6679
697
468
5347
5530
6807
1524
7076
346
4768
3192
17295
4193
1671
369
985
49660
4191
31736
5253
2092
2828
39152
6946
27893
9211
4977
28706
3216
9971
7587
8855
9024
15662
6700
41265
22645
37236
19348
2615
1131
788
4770
6645
3936
9640
167
8419
1237
9460
6358
49261
7737
34380
6891
8512
42610
2784
3301
1893
106
3044
1741
5715
6889
27410
2280
8014
9347
5478
1684
9103
33588
1107
8487
9242
508
4035
42
8755
2454
7659
41227
9252
3584
7571
21003
7826
7980
3040
1328
736
6804
720
8212
2783
2495
7295
2651
8898
5959
8810
1625
1079
4317
1906
9757
12082
47589
524
1919
6835
1611
5375
4205
16104
5570
29140
1258
9208
3146
6139
7742
8402
8088
6061
1161
40429
24362
3918
3890
6938
5049
28
38619
15231
7963
8437
1383
43173
5002
3535
2594
29522
2718
44504
6386
2416
2108
9508
46074
6941
5082
40452
4279
8016
1384
7961
5885
387
4649
8964
74
33819
2719
2646
6871
8383
2785
6455
1111
3161
6681
8061
729
1101
33365
5728
7895
7177
49005
3599
1836
770
49847
22335
32590
32642
5813
9636
710
1473
4097
4898
42378
10577
5973
373
3836
4740
7670
21476
581
1760
7664
1931
7972
45328
3797
2994
7665
2901
7405
33034
44012
4955
29079
6903
4132
4037
1051
21697
6849
8333
7523
8935
3275
6653
28352
5749
2718
2101
25591
3398
10310
16075
5855
5137
2703
2943
8243
42
6170
2182
2688
7571
5746
40165
4241
5522
5689
6449
5626
4389
1452
8198
1236
37020
7456
3049
5161
5337
476
4320
6985
6592
32696
3316
1292
4504
4336
3176
7576
4426
36188
2049
43590
1107
7045
9782
36313
6820
9291
7001
8838
35639
7681
1885
4816
7599
7197
2437
824
7180
2494
8607
6939
30710
47775
7058
37270
5787
858
830
4044
12442
9436
8611
7156
3192
38436
6890
33116
7511
3033
7758
4074
1401
4938
2274
3464
3035
1423
9206
32220
4062
40393
3336
726
7366
8306
3787
6670
7662
13670
42732
9418
3068
4182
26891
5522
49257
4577
8826
41979
5106
1154
9549
43470
7214
19527
9781
7731
4927
2409
29421
3937
696
25469
6405
37467
180
1389
24983
2164
24332
3873
7406
9489
47385
18545
1017
3074
7922
5638
4713
3305
6120
7233
1028
995
7086
2023
10212
22621
4775
8659
7687
26344
2075
7374
3987
3269
8414
8094
3828
6290
7659
1300
16896
19800
922
188
2260
2316
9972
8943
6931
41833
7805
45373
9292
33694
7805
6697
23495
34300
3254
19707
45427
8707
430
7405
9499
2543
4096
48260
7978
17452
4139
1935
7027
8446
7434
8299
37151
4502
27868
40949
40334
29215
435
8467
9734
9317
2973
38163
28992
1955
1493
9121
26942
7763
5873
4826
9253
6250
3320
3364
4484
6525
8713
4358
24425
6818
5630
7087
4449
27241
8868
7154
6691
33588
6460
17410
49709
3928
9902
6914
6422
805
34290
870
5697
19537
5301
4671
3599
38052
499
3485
21590
9039
28168
9648
3887
5073
1449
8739
6976
152
47914
9875
3800
6157
36887
29091
9002
8848
756
8358
9244
8198
3661
6139
565
8873
7556
788
27848
3552
98
7159
8282
3710
9570
7040
653
5838
7154
6246
1103
305
3495
1975
34808
4307
5167
12470
1947
7649
9221
31965
646
39549
682
9466
1742
6917
8786
7407
9953
1991
8718
1193
24915
2680
5009
23155
8537
8472
5954
6853
3053
4341
8856
4742
4369
13670
8852
43803
49022
319
5005
6454
609
32176
3533
9193
4571
7488
8205
8430
4114
7981
30836
1337
2503
2151
5843
2354
9307
3838
5314
42742
4637
3354
16529
8981
45854
4486
1882
4
2502
6917
31132
4695
35015
5286
8933
41465
4322
734
8929
8276
7652
9113
9676
3437
5038
6300
2891
1995
6898
15494
33500
9763
5453
5128
4151
4726
23407
459
5774
32780
9239
4803
43459
768
6145
4130
5833
36136
3225
8331
1343
7891
7676
1909
4372
3612
42519
6488
6508
3005
17163
7941
2980
4850
1933
4519
3428
6047
568
1333
6874
828
616
6973
7941
2147
2360
15709
15347
2909
3591
47229
7310
6600
10481
5782
6127
9002
6323
8502
516
8475
7677
7247
31904
5428
14368
2398
9929
2744
8240
49380
36179
8224
2196
7215
2751
4112
3357
1499
3288
46250
6791
9198
38112
4125
5162
3339
18696
9168
5095
5636
8605
4789
3395
19031
4929
1998
8207
995
8468
8913
7531
9236
1201
38460
2566
27262
47810
7592
1819
13958
3218
44560
9504
14193
2844
7882
31479
900
856
8189
2824
22
32710
348
4727
2320
3374
8295
2055
341
29836
35813
6621
9498
7360
6632
2450
6709
42646
8040
6115
34916
1217
7930
5276
3535
44669
652
9406
1041
4077
7933
46461
33867
4770
949
2220
13949
9868
43609
41237
7122
8673
9438
9205
3080
7137
6470
23337
6550
4442
9140
23305
5409
5783
37741
5433
1246
3128
6755
3980
6703
1446
47868
152
1978
7482
5564
213
2402
8963
4861
2368
7414
3473
9759
1121
9846
9785
8259
3811
1121
27591
8900
3384
2518
9937
49667
19599
4365
3991
19537
231
8680
116
34480
9196
2719
1738
21410
5891
24165
8740
6903
4368
9333
1870
914
5902
7354
6612
5926
35770
4790
9258
1882
3705
9827
46348
8799
2331
4936
9588
1511
8955
140
2270
2799
3336
23625
7103
21
6309
1763
6651
1618
35450
2516
1835
7313
49877
26538
8881
42592
3615
5716
9713
8664
9050
9084
12165
5410
5700
28131
7585
17147
46416
2153
4599
4330
17074
22589
3865
31344
1069
4168
3366
7922
432
449
5382
9849
1903
23381
3540
5655
21694
19291
3735
7513
9675
12029
36574
1632
45330
29101
4510
6098
9931
935
1754
3382
10582
7528
6098
14676
7396
4188
9926
7221
6968
9043
2672
32940
20080
2665
1753
5401
24789
39338
3824
16362
6046
15814
2462
7662
3103
4987
5744
6570
6448
4160
2062
8646
8918
3849
5075
23102
4990
8210
179
4845
2313
3245
2334
304
1073
4028
30052
8823
5920
3662
45125
16367
1722
1264
9039
3511
3254
259
2523
44050
2392
800
7414
47
836
9081
7085
1076
41168
6863
46157
4843
480
5584
27170
3393
2126
6350
747
1855
2325
7480
9191
4167
831
23981
20770
939
35740
8917
23588
34960
13053
36271
6435
27829
7927
35882
11071
8528
3790
1805
9571
26952
1145
1250
2584
9045
6720
7908
7644
6728
39
8177
38515
7184
31281
5853
4150
8877
11573
32753
5862
9960
8625
9792
42452
35478
11120
581
6421
10094
5207
1900
6252
4939
7836
1154
8168
3831
6115
162
32450
4130
44996
7059
1711
2699
4696
9036
4984
2161
7738
8296
2530
1916
29981
8459
4010
24
13103
9185
3583
9249
168
8621
9042
3253
32524
4545
28289
9432
4656
66
7844
9112
3652
4898
8357
18591
1563
1435
33753
4980
2842
7063
6561
12925
7665
6917
4920
23085
7023
7847
2065
7355
559
7295
14469
42245
5513
2869
8743
3463
8500
7653
9206
459
3755
3580
38644
33272
6515
32446
1054
140
7420
8915
143
563
2072
4431
8518
9460
2633
2952
1233
4399
2424
3330
34
2490
2846
9673
40363
5236
480
9511
48472
840
886
6504
15118
27287
43948
9364
9219
2318
3648
1584
31579
417
9970
3544
4066
4538
4324
884
1617
40562
9975
5156
2545
3666
9769
97
3136
8460
380
9439
3049
1327
1013
9481
810
7835
7649
19824
4433
3013
6241
49799
31088
39140
15564
2257
9612
9768
4193
5467
8329
7513
8133
27834
4363
21488
4476
27899
6629
9723
11563
21390
1476
1183
42769
13695
18409
46
18717
955
1871
24051
5747
8103
7609
6099
9695
5107
9260
3620
6798
3839
2775
9787
5637
5284
8581
9529
8063
1005
18117
2803
34017
1523
12969
7474
5572
6507
8790
8573
4445
25071
521
49847
49745
6655
6317
500
4993
9809
3744
879
7464
7941
6404
40461
4070
5914
4972
6166
4221
1715
1436
35297
3002
30445
9466
2035
2402
6129
3335
5631
7888
93
9390
4394
1871
7877
30136
1350
4761
9031
2306
6307
1366
2723
1539
8162
21988
2455
8524
2574
17509
3500
9047
5022
1846
6200
1186
6301
2891
30618
8369
6042
7374
6181
7705
3146
7462
7282
3316
7765
4565
8126
7470
2270
7329
4777
30678
1577
72
3328
46115
3110
36130
1893
35085
1074
29117
41273
4846
9860
6334
2266
3516
32178
7472
8232
4031
39281
2727
354
7673
3152
8305
1002
45234
18917
3973
13348
1567
1220
4533
627
8066
2851
7562
4343
7230
5357
33071
8519
5756
2105
603
1276
3304
32111
5172
10142
7117
7269
9659
4302
6802
6172
1831
8967
6009
2542
43247
3682
44417
7086
7668
7601
33949
4408
5203
43744
9779
3765
3454
1746
17700
8846
5959
25334
8758
13486
9422
30480
9616
41537
7680
42273
25661
36284
709
8712
9817
6911
7812
6269
6407
5232
8965
9212
1922
763
3696
153
19494
7855
5503
27745
9848
2721
4629
2237
5030
46479
5452
5678
583
2224
8934
9832
3734
8075
7832
8151
6045
3115
35869
1562
5749
17858
39604
1667
41164
2064
8013
9325
7283
15138
27828
8497
172
48583
46764
35195
4929
5873
3363
7511
3544
9545
9608
9662
5261
4662
5334
588
4310
7015
2294
6348
5908
4300
9129
33367
22374
2499
1155
45005
13171
7392
7866
6406
34558
7739
2440
1823
5187
2307
1033
5306
8183
4860
3358
6783
1666
29614
6731
2211
2659
2083
12631
9170
2198
5528
1766
8068
3453
2712
1365
9376
9315
19125
2398
9265
2258
9354
2294
7435
7372
23
9982
36353
5166
8705
8486
1212
46603
3797
38313
5721
35296
6801
3191
1166
7092
18079
7280
3968
302
1128
2991
3667
43579
15826
8323
49110
7521
1020
9226
8067
17618
2849
3732
6899
2015
6231
29371
354
1600
9491
3286
39016
6170
2780
657
5853
3424
8104
5599
19064
2290
3570
1877
8041
9305
531
22579
44247
8405
5036
5498
6244
927
38634
4370
13293
2379
6963
4665
28220
826
2409
3661
3320
16931
3000
4946
46662
6572
14165
7896
1088
7198
36594
20601
8975
7445
4853
3318
4987
9430
22060
1433
9337
3032
2740
9020
9570
4861
1818
1488
4433
3592
32290
1714
2419
3413
4855
4993
6649
6801
8064
9947
1615
8090
18721
4195
5609
3186
9669
1703
3688
647
1544
2687
4653
22371
643
796
411
41679
4631
40542
7042
6000
5569
3220
8034
9172
16201
9896
3990
47714
8129
2643
2395
1614
2346
8881
1514
1565
3600
9468
9167
6717
6228
39610
670
32843
3802
5476
6344
6536
39540
5956
8177
5690
1303
29213
8474
2098
4318
1956
30717
2201
767
9761
6419
2973
5188
4476
1029
9895
4140
8646
5529
5326
7693
4273
5970
9344
8225
5095
2688
2230
5346
1822
5875
6010
9503
9539
4968
38376
9980
2366
3271
763
1953
4614
1085
17307
33578
7422
38265
3631
33071
5285
2367
44362
4096
168
44115
1512
1744
2800
47288
4893
26174
2832
4578
5892
42981
49732
4319
3766
22909
17232
5919
42747
4487
8417
966
520
967
3988
6741
7430
13916
4666
4263
3014
1679
6141
5004
4402
5147
9517
3693
21512
42875
3948
9263
922
7763
46747
6777
6160
7025
8864
2386
1562
7041
3481
6240
6830
4113
6932
47705
49852
5012
749
9569
4591
2722
3039
43991
34515
42525
916
9786
4197
14777
1692
9239
1180
7160
6348
5455
49757
21055
912
9630
17929
20582
7108
30172
4059
5225
4929
8473
3588
6693
44792
2667
4570
23101
3150
1542
44164
4680
7545
5360
5059
25322
1054
7892
6445
3367
749
8304
7861
18714
4435
34412
7545
5684
2037
9545
9905
8971
9165
9511
15215
4242
13479
1373
4480
33098
8804
9402
9783
2335
2695
9547
9330
24281
6902
6088
5842
3152
2793
569
9234
120
6176
8444
3073
5631
4625
9349
15023
22658
4225
7134
5633
464
6295
9613
5377
8689
3037
9137
9592
139
1872
2861
2277
3319
7393
8293
3958
1128
3309
6208
1102
1908
2676
362
27547
4767
32318
9810
3913
6513
18650
7223
7938
6964
4731
2951
3952
5238
8959
9413
44858
6074
9353
5567
5508
4419
3040
30239
4088
43569
3803
3341
6552
1983
857
3778
8297
2920
8073
4914
6098
7500
46774
668
5235
42764
4619
5761
9213
7969
7440
12192
8730
940
8044
41614
1508
9440
5339
32435
1971
9850
37415
7133
1486
1624
9683
2428
5742
47247
367
2075
5049
7706
28346
7018
8159
12292
3269
4039
7135
6664
2345
9182
2098
7738
7157
36601
23372
9468
5620
249
114
21668
8829
38269
4278
150
8174
7913
3546
1332
3824
2467
30221
2196
1240
20194
7411
6946
4965
5265
3972
443
4023
4513
45339
22444
8536
1476
6533
696
1116
3928
1695
8469
8619
5143
6144
6410
4
953
4471
4477
4398
5252
4444
37269
4383
8805
1117
8144
5808
32278
549
25138
1124
6419
1537
9720
4136
6780
8884
7157
18459
1539
39665
6527
6501
2249
4477
5538
6787
5616
3945
3935
5837
18731
35718
9386
32926
42765
2566
7544
39198
5822
21822
7909
45129
1026
4230
9596
4910
21942
1996
4897
29628
11152
277
379
2189
6109
5134
3814
5535
1002
24439
32928
1281
5025
2114
7770
7764
4077
2721
48543
5334
34754
45825
4619
7359
7106
5162
9727
6260
7288
3723
6847
148
4
15967
41748
2487
7576
7556
8231
8000
6535
2055
6677
34451
6559
8262
7834
7753
5336
8428
32891
5420
43426
37487
6681
2297
3089
592
3335
8275
33761
16833
33204
790
5011
23919
8539
9598
40371
737
36270
6466
6140
5031
40478
5731
3087
3216
7094
4477
9417
6812
1437
4398
5473
1044
4322
6710
8517
8807
17027
4862
6682
30630
4266
4952
2968
5503
49211
4074
7423
4084
35602
4926
4507
7212
4113
5139
8677
101
9956
997
9096
43978
5618
7420
14668
7707
7668
2836
4503
6151
9385
7826
23250
77
4135
8561
7039
8236
6634
3569
355
7621
626
22462
4256
1762
7158
7003
2294
3832
6910
1958
46
1569
6788
6713
5352
18963
3150
1
1172
6761
663
8371
9398
1125
4172
9274
7718
4720
3124
9847
7311
3966
4099
1834
8212
39342
26971
22035
81
7523
26332
2877
21208
3726
9231
2226
4803
7193
2431
5519
9262
7765
928
1
13770
9006
5956
5348
8995
5626
1442
2426
9103
3483
4095
1921
8444
2349
28632
9460
7713
9740
26902
1136
5767
3071
5328
343
8559
49559
1521
34211
8099
6210
4333
7644
19269
46039
9826
5157
14771
5676
3640
8473
8987
6655
44663
7173
9450
1927
2611
26565
4135
8463
34882
6345
6206
42277
6966
31118
1531
8933
216
796
8624
5888
9056
47710
4046
9078
1239
7405
1756
8167
1698
35963
34558
5809
3328
42421
1236
9818
8190
17997
4499
501
8801
5766
4511
38716
411
870
9257
1606
8326
9130
53
4563
9301
48542
20023
41552
31
37796
8721
3801
1779
1803
2798
2971
3242
5417
9704
5481
42001
5733
36441
8774
1668
7833
8098
6216
26709
3792
8745
45033
1505
3853
5032
7888
5561
8696
9977
2981
3150
1025
4607
3403
1998
1640
7833
6357
4243
43731
15537
4658
9168
18842
6081
34219
43964
33165
17675
1998
15969
1364
1903
10125
5873
5469
9578
19491
35154
6347
1471
5280
14602
8403
5098
6586
2729
3299
364
1390
587
37717
291
1385
7362
7025
19922
3574
1060
9318
6653
1810
37638
6742
9931
2854
888
3902
42685
7732
9972
1666
1418
16462
7844
9979
5213
7649
4115
12093
2839
9903
6298
4861
6463
3295
1470
5345
2775
771
3124
30224
2388
3356
3206
5372
4276
7832
9144
842
5018
44104
1077
962
5037
4543
554
1935
6250
694
5086
2773
5814
398
41748
9511
9032
6554
3868
7073
5022
6836
8778
1215
1771
6088
4134
4539
32892
4991
7718
201
7748
8540
40878
1625
8333
1789
44403
14170
3755
30473
6027
4517
2525
34086
8922
3870
3719
7445
4540
6453
1928
4211
3873
25481
7611
236
34662
2546
3548
1198
10735
9550
2892
3099
5566
19290
9235
6172
36757
5536
5305
8802
8234
3412
2304
2942
6755
1003
20479
7153
7828
4158
2624
7795
146
30296
3229
9941
4667
10587
876
4977
18122
722
8802
42445
7787
2155
2236
3866
8852
7536
8997
46143
1726
4071
8726
1721
2216
3108
7582
9087
9404
8977
41497
2646
39754
2555
25904
9313
734
20600
23146
6290
4651
8280
7147
47926
992
31241
17512
6271
4849
13182
29380
5048
2845
40473
26860
6704
7810
47807
4588
442
7649
5087
45190
47964
8245
5284
9242
25959
4085
9039
35130
6215
24267
8899
882
2909
3731
9205
2418
7035
106
2030
9569
8653
8835
22673
7086
1048
1782
834
9544
7821
7907
458
3096
1031
2644
1477
15588
7034
1008
13839
1910
4531
31358
7932
16351
2486
8809
1002
2646
3122
3053
5358
6220
4835
9272
8344
33652
6988
5878
4635
6466
2084
38519
257
8558
42793
3635
7660
3802
2271
9993
5174
9192
4544
5211
8659
1956
1834
108
4458
40633
6984
2822
43149
4557
5520
5764
709
5235
6869
5564
45474
4276
6071
4703
39751
4990
5248
5447
12949
5243
256
6913
347
2583
3296
49455
44555
1858
18682
8889
6906
9245
9064
4839
6309
4574
3585
760
2324
7714
971
4313
33804
45037
7056
10019
6492
6489
45053
6958
956
1424
34481
2341
686
4640
34016
9667
4297
1674
23590
5333
1547
9162
37705
8094
1813
5724
4460
1378
6288
27605
27935
5938
4929
2236
27606
3165
618
5874
8860
4322
1119
35403
4235
12455
1480
6094
13765
18404
3479
159
11406
5587
3446
8981
88
4012
3413
1512
5208
42504
25086
1382
9631
40071
4768
8724
21608
755
6176
4206
8651
6130
4530
6057
5055
7282
36988
9378
3969
2131
4097
1720
8736
3709
2850
3732
9313
3962
5461
22893
32611
6558
3260
8161
2066
7712
8952
4132
11375
1992
6129
4330
8401
7690
7113
1764
8820
9120
22497
6712
2866
17106
5906
8995
215
6342
6840
18690
8001
1802
752
6691
36074
9349
6411
9450
9839
1121
14025
9117
830
8594
8038
9958
7108
6166
47621
28871
7177
8400
8840
9404
1581
8965
3740
3759
7552
594
8144
7925
9763
23924
6788
9411
4744
19725
5749
4533
2973
48440
9374
1625
352
5923
5487
1114
2355
62
33016
2300
9295
212
9107
34796
4036
3133
9932
502
30492
45699
333
3457
4050
5988
1714
9562
9562
511
9543
23492
35606
6710
25076
8520
48491
5678
1048
27102
804
6010
7163
9955
1404
31050
1699
742
3384
5417
4501
9506
482
3515
48163
2011
2311
8859
9151
5778
39665
3123
8056
4055
13448
21286
3175
3472
3912
2138
3035
6121
32885
3376
382
4267
9778
24617
9045
8760
33473
263
326
8736
1297
5562
6980
471
5492
4411
14750
33733
5097
7708
2447
6018
7309
37240
26249
4313
1819
5493
8179
4210
7110
7366
8486
44895
13653
256
4833
9075
11305
8196
1477
20847
3707
3027
41393
34464
49184
4223
5188
7373
42699
5381
8014
10308
6042
1889
7765
9535
7152
2282
25925
4144
2971
7240
4582
6593
38406
5428
8767
8048
130
7493
7411
3128
7398
2469
3462
259
1484
106
1765
7968
165
3911
6899
7509
4348
494
8806
1158
8380
28998
4636
6581
763
9465
39130
7009
7820
4257
7991
634
35253
7032
22837
32240
38876
2075
7346
21669
7478
9609
4210
341
9148
7304
1796
1919
3673
2390
1199
8295
3188
7727
2034
12243
8698
9173
2191
38245
7951
16688
1907
7881
3517
4049
7007
1122
2679
1020
6441
2097
6558
8853
6377
9569
6276
41463
3469
7405
9737
3886
13206
35155
8897
4070
8951
14094
5802
27756
9257
4752
8111
3230
3908
7787
8299
6202
5290
4238
6694
32745
340
1563
8205
9814
4493
4339
9925
1129
1077
6754
2089
5582
2932
2123
785
1858
7454
22833
856
13519
6327
9763
5824
6874
8403
2398
23523
1354
9271
4023
8525
8097
2983
20281
2264
5408
27548
9405
2481
30390
1682
23697
9732
15062
8455
7457
466
5565
6714
18640
7227
5265
7454
5535
48426
17330
1928
2534
1387
825
11231
7221
6621
60
8856
9135
4798
2438
44860
1544
9677
28755
29708
5782
9509
7154
19815
1885
7227
17130
4729
8519
8454
8248
426
18825
9856
31772
1001
9530
9167
3976
7262
5265
4102
6669
2277
24656
5770
8252
10884
1409
5841
7023
5880
7506
7262
7804
8596
8054
8477
9567
47413
1642
1782
6669
8879
896
9729
9281
989
16548
7959
4194
1669
491
4377
4461
9674
3267
3840
203
3972
536
2847
5806
1364
1097
5293
6336
920
24948
4089
6381
2434
42117
4061
7747
281
1252
5472
1420
36085
7220
5531
3032
301
7151
9735
3297
6375
514
4314
2741
15548
17160
6486
9317
611
39765
4142
1786
938
5778
6831
7658
4834
37711
8358
4711
2607
7886
1559
954
5437
9767
7570
12610
5944
11876
371
4679
6196
1371
5345
31
5849
43555
9484
23658
35411
1109
6379
12078
9391
7976
9172
7858
3201
9323
22167
6865
842
44768
7655
45209
43843
3390
3876
1763
2931
1780
49723
8867
3789
6348
5394
670
2270
32823
20755
5598
34230
5
8848
6770
8510
6278
2718
3074
3912
8225
8699
9323
55
26487
1920
9763
3878
18536
5304
4985
4481
9666
45
1479
6597
8067
3990
3632
9656
37106
9314
4042
1367
8836
6900
6837
42
3515
1307
23386
4059
2306
8851
24272
1721
5524
9647
28645
2762
3509
7666
7845
7931
5924
9847
4162
7669
9444
841
7241
4464
8533
402
6672
2177
4780
3796
9599
17328
4128
7128
754
475
563
4470
25841
3995
5509
4808
9642
6732
33368
2060
1889
7037
887
20624
7751
32834
3673
23725
4517
3035
2117
3844
3117
9730
34339
2475
1956
6158
5194
9160
9998
6171
1171
368
1826
20551
36392
1898
22843
1936
6239
6984
7982
38095
2753
7576
5650
23529
1232
3776
12253
4636
2130
2994
7712
4018
2448
3075
9653
9868
3591
6262
39396
4750
7772
6007
6880
39943
39760
6540
2087
2487
8961
1772
9407
2629
153
6114
9369
5146
28425
12518
3083
2183
209
5095
32525
9380
34828
2468
7919
6969
3518
4512
9522
4777
24965
44164
5358
5000
41467
113
3682
3066
1713
681
5666
9667
9003
9187
6923
3113
27358
3428
177
4268
18740
5758
5229
8315
17965
6515
9972
138
6193
23542
8682
6534
6080
6195
580
682
6583
3828
7166
716
921
8876
7507
474
16996
4201
1704
20604
19244
43884
8275
8880
9621
8227
6419
3223
993
733
15360
9983
6652
42093
2314
6342
6423
5563
8906
11929
8374
7878
6288
3311
165
5906
4650
4270
7617
6829
19645
9646
2394
9428
4885
896
1984
4585
10871
7483
9056
3469
3917
4782
7520
6385
2593
379
6652
9477
6449
33879
184
5441
7056
322
16360
5214
268
1450
8139
2503
2029
2016
838
6258
2385
5459
6131
5648
2680
3586
6893
9822
2620
41631
3525
4253
8378
2716
30457
9398
8411
2316
7047
49190
440
2008
870
9665
49865
2294
7119
8164
7983
3975
27608
42269
8298
8871
9800
11668
2808
5958
12451
4764
6222
693
8490
3855
2637
3573
9689
42032
681
4410
5049
2812
3260
7699
35631
2508
7495
6405
41202
6921
2887
29182
4514
39235
30049
48157
47398
9125
636
9566
37410
14261
2063
9733
4989
33620
3038
8676
18170
6353
2993
45368
7236
854
8354
2145
761
45368
9843
913
36630
29614
1353
1202
1199
1645
2447
6787
34530
9817
1702
3164
2784
6921
1466
9963
7286
258
5338
1793
7692
9069
4937
23550
9368
3883
6695
12892
1620
7200
2666
1996
37938
6707
6230
5730
5807
36688
3519
1178
4389
8930
7118
3756
32741
30998
9307
9498
3636
8312
339
7403
3194
35161
5963
8871
4966
9314
40469
49682
9620
6503
301
174
1255
1572
21152
1849
6431
42567
6651
89
4588
9819
5678
9296
29644
3888
6550
262
10928
5256
7011
19357
8522
8346
4572
6847
7872
4497
1655
12827
43
5075
8950
6836
28424
971
41010
798
4375
1723
1631
38174
2861
756
2573
41634
16943
8373
6557
1846
12395
1272
9353
4477
5596
5802
5063
9829
15806
3915
1407
17302
7057
923
190
5802
7445
26254
1447
15020
4902
7236
2565
9843
6533
5983
9242
258
17484
19467
979
26094
1874
10874
3780
29911
8958
6410
2301
9049
3957
49935
8323
8756
6957
7953
4377
6693
172
6467
9749
8404
288
35072
9245
47708
22248
44692
3348
6738
2057
5655
2544
44733
27427
1709
8249
49919
47839
5986
9986
7837
7584
5203
5260
2970
7247
22903
1091
8909
851
41545
2251
44805
7681
9347
39856
23655
5529
9046
8882
9993
5978
19434
4943
2607
5705
3123
1096
8839
7587
6692
6405
9472
5251
3533
8298
1912
9641
8360
2383
2958
4692
7506
5057
9245
8952
26842
2503
24727
2005
25238
24122
7013
1312
9846
8100
2574
9638
5905
1599
5637
8099
3737
1057
9792
1015
3288
19885
8566
7324
7218
2876
1872
49377
5435
5275
5910
48703
36880
770
995
8368
5123
396
6861
124
655
3262
35275
39310
15229
4093
2104
2285
6603
9392
9984
7010
7103
5337
30880
21331
3908
7973
1379
5613
5628
16594
1659
13331
2936
23006
27564
1519
40593
2882
3984
45592
32161
4783
31140
45199
8739
9698
9051
463
2080
374
34086
2654
2177
38898
9139
4623
3362
5776
5201
987
2606
3032
4832
1692
3344
1046
36042
43060
4017
39225
1524
4190
959
2953
2891
1733
18502
27247
6509
1209
3964
12702
7828
8020
33102
1128
6387
7993
2144
4148
7756
7748
8352
9165
7080
33010
7756
15848
24214
6816
5419
8816
8465
5786
6845
10374
2381
47206
7598
7395
21865
23587
1537
25685
5820
5073
15874
3204
7539
6570
42240
9334
6569
32446
6214
2085
3935
38730
6116
22954
11453
26703
2085
6791
4758
1797
2119
79
827
4762
9614
8541
572
428
69
8445
7784
1727
46126
5825
27515
7782
9369
7273
1877
8838
7898
2612
38613
43359
160
3900
3522
4264
6252
2932
1750
2180
2851
6985
29379
131
7956
3758
6707
8622
194
1369
1272
3456
886
5392
5530
24428
2827
1109
3745
9500
9675
4785
4215
33876
1334
30447
1665
2249
6813
965
1100
5032
7091
9671
8196
4765
2852
11851
19449
9432
8264
44770
21101
3186
8633
6020
2136
7726
4352
7372
5587
34781
29739
9268
8151
3254
45243
4738
31751
3498
36644
20
3000
36975
9033
7060
1243
44655
2373
8272
3759
678
7378
5791
35570
9744
11220
1372
47570
4900
2237
3411
2308
2469
8367
2381
25932
2403
2267
47304
39131
5274
28768
4577
636
5938
18587
6999
8193
3726
246
6491
3870
684
824
7451
3170
6911
75
44388
2641
765
5129
11321
1866
8347
4159
6394
32499
1081
42207
1683
6294
4322
38278
9046
905
9849
12559
9452
4800
6295
6896
32303
2293
46441
10652
2371
5427
70
5647
5367
9124
889
7096
1992
679
7761
9913
1754
1264
3360
5417
6077
23011
7527
4570
1078
2154
9665
49212
28715
9208
14133
7039
4816
6937
935
8255
7916
1313
9633
12845
549
488
2616
3239
2206
31549
8808
20948
23183
21973
863
8455
9968
2750
7692
614
41538
36328
7869
6286
2197
4673
6370
1393
6240
7696
2743
23032
6534
4880
5371
8345
3799
1895
9023
453
8174
9722
5533
9152
9985
41334
7819
8392
1715
1744
25102
9658
6715
4455
4755
1319
7661
4400
19244
3693
22872
4968
23250
5849
2294
4106
5795
3493
2249
3676
44560
7535
48453
8876
197
9223
614
2888
47498
19450
1004
4306
4334
592
4694
9768
7737
3591
9666
15571
4232
4081
31162
6932
9393
6056
8841
15693
4045
8966
3775
1644
8651
9897
35162
745
31109
3191
2329
5037
2027
41565
5145
15480
9364
2044
672
43261
6100
4226
9901
1864
3911
14568
8795
5421
7852
7022
2837
14723
28042
9615
30996
6582
12283
1195
4816
5274
3937
6370
40793
2724
8789
44038
5712
6540
9453
2721
357
8392
2892
2736
9870
1439
4430
40039
2801
3335
3600
15210
6452
4559
8125
8238
1375
5909
16757
2138
40498
9769
8474
7766
5661
42519
1638
33893
6074
3244
2285
2369
18816
7882
113
45582
6332
8165
1463
40740
5588
35000
612
7108
9193
2244
1649
3548
5417
6764
8025
7820
3556
5900
175
6911
1392
4975
38548
2960
4167
5249
9161
9009
7544
1406
865
4197
31048
1855
14386
1692
1634
9531
2259
2255
4751
5556
5802
5657
1873
187
4635
5755
1259
5910
121
2781
8628
6401
12644
43529
18895
9113
3868
7025
777
9044
8687
6991
5557
5473
4930
8308
6895
5398
9352
2586
4953
4105
7585
2368
8452
7608
3344
2443
3598
3889
9700
2079
8398
11873
23407
18668
7413
3370
8470
25504
3366
4369
8124
6909
3422
7514
3634
4826
9989
6550
26861
9805
8446
48160
4505
3071
6227
3201
8392
6149
1416
454
27378
1870
8301
729
2898
23982
3957
44174
7051
7473
847
240
366
4184
13723
6135
1047
5933
4531
1256
1061
1255
6006
7347
5635
2083
9964
7969
2292
33344
6463
5998
36
1612
6896
8891
1121
31372
9098
29586
9531
7629
9269
6154
299
21029
12169
5545
36158
8023
9769
9604
7678
8128
5708
4947
2799
3619
19766
8086
8124
625
44882
64
9251
759
3665
8967
6758
11742
9649
7171
1490
9079
42044
30275
9122
2067
8548
1004
3349
12177
4554
5022
45432
6642
8448
9641
6671
2975
5173
5351
6512
4970
40703
4337
40510
38628
1841
8485
46385
8879
8895
6022
9228
4756
32
4275
5884
9396
20968
4314
1407
9892
3069
4180
1530
18536
2314
5401
9506
6636
8238
47182
9666
4798
4386
7862
11133
5298
7042
2405
5320
5794
3717
1979
35634
3173
46733
5839
35762
4472
15679
1603
42457
5939
4560
1370
4935
7988
3997
5857
2306
16673
9670
4224
5752
6161
7566
1358
23941
27184
13949
8885
6831
14575
9117
28517
8796
1274
5339
7620
6999
6531
7197
3098
18726
49909
898
2172
9812
2277
2115
7676
3555
22059
8482
7372
2685
4277
2881
9870
11389
26158
5155
36318
3586
7570
1709
25200
5906
2599
4051
7492
42356
5577
403
4059
607
4365
531
6260
7385
9351
39553
8280
2177
1373
9367
2812
1043
48455
7304
7006
2909
1898
7440
9675
846
1524
5750
4459
5875
5977
48943
4557
5759
36719
8558
4376
2526
8386
3809
6889
46295
42074
5112
2972
651
5234
4419
4660
23911
9940
2692
2426
7171
39842
1384
32616
3593
5884
47431
6620
6952
3986
5041
2502
4864
4912
8756
4623
2745
757
46266
3132
3808
6347
7110
1983
9718
5797
2938
3154
5642
3179
23380
6582
11455
2400
4608
2318
6401
7895
48746
8720
45410
8941
46118
7208
9332
7664
5680
3519
400
7005
27562
775
971
3246
8020
4230
23361
1922
9000
14391
8510
8058
9536
9467
8190
40823
44597
2397
44943
4413
4932
8380
9147
8969
7271
6704
10841
9283
12227
8946
1973
1070
9508
7574
3475
18107
5621
2881
4467
226
697
5755
9936
3969
42809
22748
821
3273
2651
1589
8345
831
2914
978
1883
3000
5523
2779
11965
20098
5927
2371
10361
4339
23861
1131
31488
23834
32805
1306
30301
44652
8719
5881
9998
6092
6210
6235
6485
21699
9113
5800
369
1119
20336
33054
4085
1900
7690
8159
8218
19949
44718
8292
1326
6615
9779
3270
2394
8
6375
20829
8690
9862
8886
6457
30339
36713
4925
7664
2096
2655
6952
8842
693
3892
2300
4864
9976
41794
776
9241
7912
2696
6191
1371
79
5117
1483
13019
3383
255
27451
32323
48339
1564
3588
4830
8386
44856
7232
20766
6149
687
47031
6045
724
6663
7090
9018
41602
4279
1042
38687
148
7577
4785
2438
26547
2021
5438
8867
793
9636
7097
47531
7848
7985
35814
475
82
3107
7266
7209
7127
2586
3424
43901
1305
3259
7464
3408
2349
4429
1912
3578
7504
6455
7391
538
4195
8416
7733
3957
10791
29258
4378
6155
8723
7189
7826
5305
8040
2593
21470
1663
17468
2718
8538
37456
6388
9664
46142
8626
8570
8413
6259
9539
45883
7154
6953
9170
31957
1984
2764
40455
46911
1675
7309
3732
8268
7941
5873
823
9155
5380
7383
9358
3498
246
9007
9424
5223
16796
5711
2980
7039
9843
4040
5565
686
1814
4967
49331
6931
7830
5253
1101
8377
6385
6369
1520
4688
9303
6096
1444
48644
5029
40517
751
9647
5787
7569
8993
1228
14433
6900
7170
3986
24775
90
9914
8167
33364
4805
29035
4600
20926
41
23057
1355
2576
5200
9894
21038
40758
2324
1193
9455
6923
5424
6090
2318
1364
979
9378
20056
5387
901
37195
1074
7125
9823
10830
40698
6774
3870
4109
3057
6894
668
1961
26610
3761
43189
9009
5745
8682
1584
7023
8662
40416
6751
6095
7198
4792
9021
6484
14495
32808
48809
3804
367
9392
1579
37772
9884
38144
6175
7917
5165
28280
6586
502
4215
8766
920
4844
1325
4181
1592
42
46858
1027
3048
888
9903
8007
4327
8374
551
16013
2266
27078
36697
4227
8810
8877
8080
2996
24562
1332
403
2178
4064
5711
33297
7561
3318
9066
1831
7282
685
8812
7824
1868
2241
5878
47337
4552
4492
6862
298
9952
1922
81
2176
26965
24463
6218
6787
40722
9857
7030
9420
17607
12809
9026
3384
8904
6988
8694
5229
21246
2255
168
16894
7251
4529
2705
3733
8275
29158
2737
4278
7955
43935
5847
2390
1528
6583
46337
47605
795
5224
141
2465
1475
960
9472
9588
8301
35328
5819
3879
2027
710
1327
8906
4909
12340
9883
3530
5151
2234
33623
2825
489
2861
6510
2276
12093
1326
4086
979
4262
6993
5462
5589
920
47716
6929
1131
9423
433
7784
8414
730
8022
3724
7398
7311
6498
1574
4683
2744
38863
3178
4989
49554
3771
3795
6894
7779
10618
3948
7708
7025
1306
7611
22037
7672
27516
9992
6225
5348
6501
4802
12341
8759
8031
9834
1038
4002
6744
27417
4341
1243
4767
1538
6427
21452
47478
9429
6414
3027
3473
2881
5702
3157
7859
48151
8028
49614
5614
9383
45511
3917
6034
9504
6294
7344
2318
20660
7409
44000
9502
2830
8087
8702
4667
42052
4014
16662
7557
4248
5701
4666
3621
28930
2479
7254
9237
2351
9729
3132
7982
7057
6746
3515
4256
40862
3166
2483
9386
3080
8145
9345
39411
45539
918
72
7903
1179
1128
7475
1639
2154
9676
6626
5020
3627
26766
9958
1992
3888
9484
46095
7626
4011
8239
9224
1054
3576
13117
3969
1862
8055
5866
4539
9997
3376
8381
6979
2796
7642
1636
36593
33957
24570
6857
8454
3334
8835
5769
1109
9907
2343
8286
7837
3886
3909
12303
1197
41191
5686
6807
34478
8704
8507
39599
8668
7961
6859
6441
9039
3213
8068
1165
412
6947
4690
1298
2006
6527
9492
3703
3718
6163
44559
1543
47653
8596
7397
7610
5899
5606
201
5485
5313
2636
4709
7122
9344
8232
31387
3967
2343
5920
42348
40384
759
6099
6951
2366
8233
4149
9211
12193
49500
25677
4678
3900
9903
3132
4437
3616
824
9401
9793
4516
3755
7808
2237
4305
7379
7828
4038
5709
18898
16543
6427
43351
9790
17214
5894
28152
1903
9134
8284
38289
2849
9305
29159
42248
5719
6891
9090
8636
385
1416
7795
32110
11308
9549
3604
14418
8387
5427
29192
2576
6147
5847
46000
1569
25015
985
5864
2276
9261
25154
2261
3074
4450
7723
6610
6163
5396
761
9846
4415
6617
11711
1484
22823
6201
1353
9599
2887
6626
49086
38914
6678
5392
8424
238
1510
36483
9290
1097
6485
34905
7914
8704
11266
27827
11373
8824
8878
9597
1850
1839
2151
42974
7294
3727
14160
7660
27118
7128
43344
8454
6655
1329
47964
8110
3585
2427
5007
9266
2935
1675
8
7174
9127
2099
20346
3420
9293
4280
10505
9632
7748
6221
38539
5290
9725
3347
8731
6510
699
7376
6390
40877
2887
4978
9273
9642
2230
4485
1268
23764
5103
4118
3568
40097
46300
4436
26716
9317
5483
1305
5880
2842
95
3887
127
9781
5347
38883
6922
33980
4070
9826
13120
3174
1557
49551
6521
1429
4428
8389
3891
1864
5868
9836
21314
2759
13856
48849
6264
3841
9498
8715
8152
6326
30058
6112
3710
2146
5435
9288
33061
3066
4349
44566
8607
5720
44552
4384
3411
6392
46866
4176
45100
5413
834
42036
5094
47683
820
8515
615
2453
3898
7132
2570
55
6963
15186
4148
6031
7899
1567
9409
8149
3506
2777
3773
9617
4475
707
24355
9431
6238
4031
3539
4354
4656
9187
3120
1066
26088
4814
19214
5634
22817
881
9232
3505
2999
11688
7835
1331
5175
8356
46792
1633
43788
8973
8685
8599
7610
6246
4960
3821
22843
316
48325
9678
3453
102
6464
4910
2249
2120
8529
47431
7064
9002
5848
5822
8408
8986
1851
517
9207
48941
7861
491
5143
7380
5208
8241
2495
7655
6025
7739
24518
692
2392
21406
7986
4117
7308
5435
8193
5689
47408
5845
5318
622
1569
3120
7918
5205
47800
27386
5086
5276
4941
8619
23250
13271
2683
21642
39764
571
6215
5076
7677
10616
678
7239
9091
5332
1125
19902
8744
8660
25770
8513
1047
122
7285
5945
2358
6031
41169
2141
9983
5876
556
6037
6634
9102
4387
4510
8860
8845
125
9221
2296
5446
3682
2183
2162
6886
844
7245
8321
5530
3937
9535
6778
9745
822
6631
24081
176
6518
6235
583
12282
8123
22956
1863
48748
1148
994
1972
8920
8768
6226
45203
5177
1381
42107
4566
296
8523
4116
4095
3917
40318
6043
6579
1501
3541
4575
7507
8970
5654
9310
5698
7102
8016
7320
21868
35142
8185
35046
428
51
1617
7961
8120
4349
9423
3735
5201
1508
9666
7855
2368
7672
4719
1335
41234
7897
8066
5430
2828
4307
23148
1157
2897
15146
4562
2342
7571
4035
4835
1711
4628
5538
2157
27013
6888
5759
2665
5823
4338
6528
6764
93
24865
43821
18369
4171
1491
5416
8502
6944
8145
1188
7367
8346
13372
26326
4717
18126
7381
1700
21834
2211
32730
4933
4621
1877
9209
8958
7371
7137
4456
2552
5899
6445
7428
5920
6357
4261
6168
29682
8613
17563
7945
7025
1793
1992
11551
3473
1431
8469
39414
2655
14171
5973
9558
8740
5272
3798
4485
8678
4826
4452
3697
3894
602
4326
34357
13617
26280
8880
1535
8200
8437
6993
41785
1102
39996
807
5561
9754
3709
47612
5286
3378
3593
2444
9644
2214
1775
1953
1578
2154
287
36350
7106
359
7672
4121
3444
2325
5919
387
22694
2632
46191
4606
1992
5602
1130
1841
43669
7992
5255
2840
8661
28687
5925
5168
7142
1858
28592
15458
9184
4228
6499
34087
8093
6203
7811
23965
2763
549
2442
6071
7563
197
122
9838
19732
8080
429
1213
3619
9493
9020
8653
4917
7163
8344
9106
21225
8826
3670
2770
1986
5545
2245
3248
3626
1674
47281
6633
4528
7693
2598
7624
601
3637
6213
5053
3828
4155
3442
38759
147
5513
6817
2181
9905
6478
7666
4054
6824
7682
13011
34324
4624
5881
4962
8129
4466
4630
8612
23372
3803
6954
1416
1887
8271
8407
868
1079
4365
8980
3445
3911
5005
7646
15103
2375
614
8724
5835
7917
1402
29825
29469
1227
42979
1861
3220
25707
2095
812
9955
1240
4441
1576
42
4703
9476
9990
38285
7920
8952
8555
3339
6915
5745
2634
1529
24956
6277
23567
3012
9355
7671
62
24958
8129
12197
6907
7085
5999
9549
6468
1549
3167
1933
8209
4339
15200
1066
7051
48734
8443
6286
31725
6921
9410
3096
2738
7661
1334
531
2386
5830
30468
3404
8690
21104
9936
1138
2777
5774
3245
2620
1110
4859
3611
5619
2128
7667
8152
9799
6090
48278
18056
9076
1629
6282
6359
4750
4869
4756
2767
5107
1071
5578
3423
484
7089
6535
2870
5974
4354
8967
2546
23316
27353
4064
640
34831
9677
1121
5434
6170
4996
1601
6900
9070
4444
9220
7166
3267
6466
800
7121
915
2750
5723
12915
655
6640
16482
7116
1314
26725
9477
15289
7721
18039
480
2972
5280
9612
4998
6980
4529
2582
7272
28469
9758
3680
3278
2729
5865
6053
38152
231
1100
9139
37784
2004
349
1071
2968
22444
20948
2417
8429
5452
136
2148
23903
37245
6312
5559
4237
675
7870
3207
8779
19962
6729
4079
7596
2714
11023
7403
5629
1926
27020
9277
1612
5717
2551
3034
1838
3043
7233
3838
4516
10393
4697
2670
5173
44437
4319
9136
1017
3867
604
1914
4907
3254
1997
7428
7146
2349
2436
2008
8759
719
3196
1586
47387
3367
4744
7162
9450
8596
2366
7852
42892
4715
8935
3328
4132
2175
7260
6359
7159
41541
7704
1900
9305
5038
8061
2598
3934
1789
26795
615
3091
3599
14863
1698
6616
5993
8413
9630
227
9247
3990
9272
9932
6106
7718
22732
7424
9710
38533
3890
3298
5975
7414
6524
43855
398
8812
2804
4094
8844
6088
30234
4053
9173
6823
1978
7688
5697
45049
9112
4670
13536
1901
19885
19643
19692
577
33385
6207
257
7042
1443
9419
3636
8251
3907
7236
9640
8683
3255
5373
996
3959
26050
49981
49681
1623
6460
3268
6387
40501
7441
9273
4244
7469
1410
645
2153
6738
2918
4729
3320
2037
32641
47486
5423
1303
4775
4375
9705
9411
5721
6751
6033
4107
807
43884
21160
583
5229
4741
7995
13868
3468
5928
15796
34766
7478
9757
41311
9624
7790
2401
9592
7967
3609
945
6567
1835
4109
4358
22691
6567
28744
6493
6167
1955
5242
9005
7613
727
6951
8694
1286
2576
33100
4197
6414
22103
9345
9740
9288
48159
99
3028
43070
9961
7671
5451
5116
6753
3613
1069
6622
5488
9707
5529
9032
1553
5467
4953
3277
10034
41413
10938
8949
7505
1929
6360
45102
6433
1832
7569
6956
2865
37376
5953
4109
8568
7636
8082
9417
8214
1589
18113
8986
6264
7332
6033
6613
6884
21240
9470
4382
3395
47339
6205
2733
567
4277
8381
4540
4514
7168
6943
9733
5068
440
8341
6090
2926
4430
1777
155
31389
10780
862
6237
3218
6026
4252
6094
45579
4148
8181
4637
5952
5588
23638
48047
3969
749
9732
2081
14997
3780
4197
5891
1388
5943
9848
23336
3577
9883
40
14630
1678
4735
6509
7549
8614
1748
7039
5613
9139
1084
6213
32731
8357
9536
8267
4121
7974
7145
44765
1790
7350
7208
1156
4522
8298
6698
39680
238
1991
2947
65
4307
2829
41191
6545
8258
27563
292
6165
1944
7098
1991
8044
609
14430
7691
11659
2960
4330
1050
2456
2157
95
28160
5503
6397
42592
1554
5178
2885
7706
28464
47168
3030
8249
7483
2342
9180
5627
27055
41390
25214
2464
8020
4721
18881
42857
6839
3184
8198
224
2879
9994
40116
6416
5952
8784
2734
1596
5175
5853
6635
6295
3111
2084
583
13656
10010
2984
9063
2447
29079
3249
6791
4694
4115
3849
7802
25275
3203
2941
7168
9412
3889
39150
7145
481
34529
1466
35717
7051
9577
36007
5719
1747
7393
5798
3548
1119
7232
18164
4792
8844
3049
10758
42718
6462
7557
6879
43386
5416
9703
9275
17087
6491
97
15775
4524
5851
26144
5431
5466
8813
38580
6658
1875
28751
3723
761
4565
7553
6863
34612
7464
8290
7041
11020
3771
8703
4860
129
87
6832
4509
3563
9207
335
3010
7849
6778
3952
41452
2371
3309
1194
6700
9737
21895
9406
5055
6131
610
3108
2704
4552
2340
7670
1781
2669
5055
4362
23839
9382
2590
3466
6851
5476
37100
8985
5717
4397
744
3326
9279
31847
1468
4673
4964
957
8818
7021
48096
472
8498
5616
778
9378
6431
2941
6533
43333
1071
710
1946
8408
35864
240
4700
8536
6967
8414
45674
14216
3790
18033
3606
3328
32549
5092
676
4819
33355
138
32542
6511
1019
33795
43725
10688
7346
242
5326
48022
2560
5424
7507
6892
5616
3966
1567
6344
929
23172
28917
1431
21040
1362
8348
2943
7268
6018
8091
6321
7075
5834
15125
1576
974
3725
4476
9975
25949
6313
12959
4761
953
9288
7880
5214
9324
8169
3851
9581
8452
877
6294
138
9279
7711
2951
185
3706
375
9162
3203
8193
8288
7441
4667
7501
2411
9117
11971
9509
2763
9293
2097
4061
7585
22
26118
7012
8048
4663
7752
7894
8476
9674
1780
2492
38547
6058
5313
8334
6314
561
5359
2334
6350
183
2084
983
8591
9290
7325
8941
4167
1836
8789
8163
33737
5239
41114
8130
28
1901
31108
12309
2321
3708
4931
7510
6861
19290
40944
512
9680
8111
3034
5193
4530
9745
5629
6378
500
7031
27088
34839
6726
2303
2890
1545
5307
45747
185
9639
6559
112
8007
739
31450
1395
5296
7272
6129
42391
8226
2768
10490
9710
1293
3279
2221
713
7133
11093
3298
8925
17975
8384
5931
2622
13468
1239
8156
8925
3144
2244
552
13529
2795
8106
941
553
9686
7822
317
6648
6590
2920
5173
18056
5083
4475
16198
5143
27836
7408
1485
19373
7516
48960
4240
3970
1392
18061
34018
2078
367
1862
3873
18778
6403
22610
4728
1371
7173
1084
44001
6861
6931
1577
7409
22835
46985
6673
13236
23957
20748
2648
224
4396
2578
8555
35011
25392
6177
37803
2699
6828
7832
1487
5386
2882
8301
7110
3862
44640
8240
25221
34053
1950
4110
21968
322
4450
34391
6533
829
559
3351
7607
21776
19653
487
3085
3129
1089
9539
9506
7129
1514
1511
3606
336
2572
1699
808
2212
8451
38850
18019
8943
672
247
7102
7831
7789
2097
21129
38555
7615
2480
9821
6355
9150
7457
48155
8062
8968
10181
5891
6176
5993
8972
2008
4693
5224
86
6514
5235
1291
6850
6620
5294
1462
4745
1953
3488
9258
22843
8247
6567
9277
33737
7980
1497
7222
6901
846
45655
5548
5940
7129
5681
3730
6021
1622
4800
4505
9897
30173
2914
3734
21519
43299
9614
8079
38089
2068
3172
4873
5268
2330
5855
8998
5115
4937
5970
4336
1082
8209
8261
7227
5430
8053
21610
4177
22260
1870
3534
1993
46077
7328
27188
8646
7996
518
29284
19693
42550
6747
625
7256
3704
9698
1833
2724
27701
9652
20817
7420
798
17560
3205
6128
921
38479
7838
6762
6915
1138
6792
3255
8092
1008
45233
34284
1914
1795
4342
459
10519
6280
6014
2621
44915
1903
13730
8735
9590
5661
33614
7125
6749
8715
6421
30891
29371
5489
38474
42794
20803
8376
7776
25376
4487
1153
13212
3414
9420
7342
40096
7905
9219
13572
6230
3883
3862
8028
3462
6266
852
9130
44539
7890
9618
517
12599
3215
3833
3358
2078
7701
9689
1153
2614
8722
5344
2304
8254
1329
7347
3383
26728
9123
199
9353
9134
6075
43720
4764
1937
6270
4663
8675
28254
943
730
5215
25541
8453
7402
5841
8970
6098
2230
3073
7875
4413
6726
42091
7062
2649
4813
5730
7577
9409
698
8992
36324
3998
18197
15659
1038
7398
2205
33688
27373
37163
29734
7476
6027
2594
4721
411
3072
2517
2537
3609
7581
3106
555
9088
10281
2673
2902
8127
31371
35769
3353
5099
1224
6175
8552
48382
2510
5363
6379
2396
9741
9202
7898
9486
4883
4663
6558
7682
5404
9871
4
9806
1271
2314
39280
4175
8583
7572
7978
374
9841
65
1448
8820
18661
5523
39598
6321
2252
8296
5330
14344
8840
7029
30386
15157
8338
9637
4321
3856
37855
4750
2519
1947
8494
5527
4841
3299
6812
39354
8126
3539
39216
36424
2025
3048
2281
6598
4813
1514
7450
8198
3064
9793
33655
7250
452
7482
5264
20
1371
4949
6743
7305
6319
39836
3967
48197
1008
3463
7925
1253
2189
4498
8704
6358
8020
8365
13704
8901
3436
3576
1284
8550
8474
8668
1965
41546
5050
4407
566
6849
6745
41939
23366
732
2024
4288
1087
9453
2001
5908
7102
2004
1352
5549
13691
8625
25565
47098
9037
4134
20719
1853
3876
2994
225
7823
2652
4501
6731
7699
5116
5265
1205
3958
9914
46693
2657
26869
8647
2295
8298
1057
9403
30021
6051
4308
49783
532
8437
8752
3248
6732
46729
1654
37824
6798
4795
5776
6718
44879
2016
48182
1203
1601
47248
19546
22005
9168
37742
7796
8388
1588
772
4175
7022
4557
13003
1399
5929
3782
7966
7008
9106
7579
1218
7065
39368
6903
19454
1975
9992
9417
17596
1960
2354
48431
29226
9862
731
31580
3534
9859
2080
15227
7960
58
347
4080
7036
46503
8183
5015
1254
1678
7350
1675
23955
2653
7991
8381
25079
9100
4614
4942
9869
7767
8426
43440
9634
9896
6090
9431
4824
12852
701
6753
38355
7643
6262
7696
4837
8556
23790
7782
5808
28874
6021
8606
7581
6947
492
183
7410
1424
5775
41677
20742
42313
9854
9167
4641
1358
7476
6040
5400
33578
127
7400
7064
26389
7288
1697
8099
7027
3990
5266
478
8637
40797
6143
5901
9308
4238
4772
22796
20686
47278
5155
3658
9764
4304
29931
4752
3045
7372
389
3183
7668
1350
30125
5783
9072
3779
8877
2920
5888
5522
5515
6998
7374
8021
2749
7959
26996
2078
3390
9103
4952
6599
10328
8881
2856
8425
3483
6169
7429
5714
3628
6151
4751
5789
6099
4666
7701
1773
7664
6655
8318
28991
4506
44007
334
6067
4484
23025
6680
8206
9220
4937
46766
3120
9480
5611
6682
7788
6455
4499
101
45494
1058
5598
1174
8642
2261
8745
3454
36761
775
8404
9069
166
25889
7597
1276
4941
3046
8582
5315
5028
708
7392
2208
39288
4022
3560
2919
4353
10258
1452
1074
45723
6990
1540
7268
6250
3012
2543
3374
3264
1864
4401
2113
8313
5906
34373
980
8633
4047
4749
22726
9457
2502
1643
1140
3762
8331
1766
1248
9715
43451
8274
4538
162
7468
4602
2963
37899
191
8047
23879
6048
4219
17563
5059
37363
6757
20416
47426
97
3624
26826
9127
6115
9761
26674
2003
1113
9583
10864
19943
23958
3137
4982
338
2616
1461
18358
427
1674
45858
6124
4110
18236
9233
3649
9523
5843
5845
1303
4028
9270
13167
2937
6023
7102
905
5528
7863
8490
1528
7736
30820
8270
4056
18987
31757
29943
5703
28324
6703
9912
3579
9788
4602
34977
42768
14260
489
5056
15190
8491
5553
2848
6809
16327
4625
27564
7717
45783
326
12465
1711
2364
7094
13132
8151
3009
1079
6529
8477
9557
2447
2189
1519
1789
39587
3635
4649
1233
1827
11875
7195
536
4522
7287
7407
28665
4405
37740
9783
6736
7163
8354
4678
6021
5157
3819
7048
9264
6032
32649
632
45957
11006
4715
8721
442
6471
833
27509
3695
5769
6270
3382
2892
4355
2857
33772
5356
38460
3666
22788
3524
21488
7273
6419
49848
2366
4069
3711
25595
33069
8065
1919
4917
964
6792
5572
4360
2056
6884
5471
7171
1820
44334
3830
3306
4249
9000
2229
8282
1314
2248
5514
20272
4810
220
11985
45370
22379
5645
3011
4578
6318
199
13356
31092
9239
6230
4916
6046
4656
79
9186
9475
5179
8776
4661
9525
4738
2785
2964
6467
13113
45692
124
4618
9794
27012
2068
8003
543
9064
1621
47164
4471
5962
8573
6696
17816
3761
4431
20459
9257
5822
2823
5288
7753
5536
4466
1498
30319
4612
6235
8573
4468
564
2266
5605
5623
8033
7208
5557
7891
8036
4180
6005
26044
523
5810
14513
3792
43681
39674
8355
29811
13076
6034
37787
4192
7961
1508
17677
2351
7377
5012
7517
2830
6877
7827
23830
8140
1965
8549
8742
455
2798
8846
6477
4026
7931
6611
5558
47
39452
7650
7608
1050
6730
31761
7519
5260
9185
27372
9229
8832
11737
29257
9457
8792
2997
18775
4627
8715
1964
619
28095
1649
5382
3952
754
4777
8036
9419
7619
9588
2903
8759
36452
15864
2280
3072
6971
1894
696
1986
6340
21942
6213
49103
22162
3450
17296
5101
5863
1260
9121
14183
23055
10972
3735
8193
2604
5818
6595
5982
9481
9404
5558
9523
1916
20115
2897
35115
5992
10832
8557
1287
1718
8116
86
43034
2264
41327
43240
33619
3679
25556
37822
4135
39014
1897
6092
34359
5793
2945
1569
5055
8273
8987
7280
18688
1498
9070
32272
4588
1512
35826
9436
61
1846
8199
12336
5458
25
7964
9471
3653
6577
4035
29823
4322
3020
2551
2889
4670
851
20971
807
6800
6400
6463
5618
26162
7000
534
8145
4249
6911
2194
7346
3081
11403
5631
16685
5536
1421
4065
8305
6618
46006
2000
7779
34211
119
3246
2023
2630
4633
4338
5145
178
776
3306
5500
2721
6576
9212
2192
6345
7984
40326
6783
5091
9861
5295
15853
6699
37318
7616
5537
2795
1121
324
7910
7209
4509
1144
6622
8594
1708
624
3819
9552
1440
7076
7959
8980
1935
9253
40328
6796
9096
5723
4766
3288
6619
5987
6290
1071
37469
6567
42321
13021
31658
22922
4452
2363
48901
2430
6911
5046
31152
1491
3566
8075
9521
4979
6140
9938
6476
6353
23011
8804
3847
7156
522
7097
19476
1497
33516
5891
6776
25960
39171
7352
394
806
3165
5948
7182
9050
6605
507
844
29058
6705
7769
1954
8573
1340
1873
2192
1617
240
25147
17298
1783
6922
2801
41834
4858
8396
3324
29022
21075
5349
5538
2939
3994
38204
2205
1397
30425
38403
16215
3831
5914
4143
1171
620
42537
8039
43758
4474
8779
39900
3906
555
3250
1732
691
23107
9560
8709
13299
2979
2150
9081
7287
2189
1380
3252
5534
48478
5461
90
174
9112
6804
3841
36998
4665
5466
5038
3705
2553
6800
8103
6888
4594
8044
206
9647
6440
963
32620
385
40365
40257
3251
6843
30
8279
25883
878
1453
3620
35287
6591
5021
840
30123
6940
69
8492
8869
5045
25757
39163
4898
577
8442
4695
83
18300
9275
6418
5338
9271
1595
5221
43621
8417
9589
45713
5691
4146
832
30078
3444
9487
5901
199
140
9395
48931
4190
5195
7148
9668
2444
8828
992
2722
7928
303
3759
30064
8628
9681
5573
9922
1305
29827
770
14487
22824
3849
5100
2881
7904
9024
1415
1668
7093
753
2432
917
5008
6478
8644
32478
34524
48065
5571
2494
4428
8593
418
4976
9432
392
32999
44194
19271
1521
6955
36690
9955
1994
5229
3773
29456
6467
145
29794
38438
5345
2030
6005
2078
2927
2439
2658
12462
5415
47775
4314
9568
8175
1943
4279
878
7927
9743
199
28556
7117
2495
47022
6874
6736
5689
1791
6360
7448
9890
9601
7594
6772
27869
6947
2474
5257
8832
4395
970
8097
8426
2074
43837
42253
8412
17887
4553
524
12853
20371
6955
961
22691
7969
1682
9691
9055
45550
5882
16787
3886
22585
4187
7816
2212
28950
2827
7533
44177
6589
854
6820
5388
7492
12764
23846
6941
5624
8833
2951
4375
7028
9133
8172
39053
629
25397
12940
25214
8823
7606
4761
2898
8563
4107
8363
9863
1865
7394
4447
5768
18984
8964
8266
3868
34403
6572
29326
3314
8382
45030
2211
1383
6045
8050
48053
594
5220
3559
2093
6395
2290
20618
10030
8453
37208
456
16784
4128
6436
5412
7659
5260
2972
1297
83
3461
9287
3506
7470
1995
7804
7751
2363
7316
5539
5835
2104
18771
5636
6213
41441
19370
7522
37838
7324
47015
1972
41445
9953
1685
32677
7333
5831
42838
8840
6519
296
3454
3666
8212
342
9426
5217
9397
2534
233
41843
6286
1114
7862
8496
124
829
7343
6803
9825
2815
5129
2105
43998
1276
4379
29823
8113
2934
889
6960
2822
5961
9177
3215
3295
37432
8911
14975
8863
7035
30764
7828
1999
410
5650
7767
8510
6819
1408
8960
6339
1941
2641
13782
12712
3052
6373
47600
8575
47
3849
4555
9007
3870
815
4294
7524
6071
8298
6737
815
5755
8240
2461
8644
6705
19350
2833
4643
4609
12100
8192
20485
5462
33184
4597
5735
8337
8831
5650
4119
3143
1173
7125
47829
3800
1384
932
6399
5825
9886
7456
6530
7444
2573
3627
9462
5672
23926
46369
2079
34568
679
21248
3040
1285
6151
15200
21105
8637
2665
3745
49524
6760
24254
9844
45114
14882
4708
9919
8794
5244
21530
3438
6225
8813
1700
757
3215
9945
19583
1451
886
6081
944
2669
590
4524
191
19275
4871
3905
21731
3782
3188
7316
22293
32800
23040
1021
5655
6510
6125
6074
2637
38
7825
8788
647
2087
4626
9729
43845
5302
3711
2470
7829
4
2811
198
6283
6471
213
7641
6741
2747
1026
35038
3976
2863
26608
7238
8494
7238
1167
7844
895
20771
8009
247
3935
22907
4164
2865
6547
3720
797
8262
11180
1497
6455
3808
848
39536
176
6877
9473
2170
2731
3958
6544
8286
8964
47587
6414
4322
819
2828
4476
7559
6529
7532
9198
21186
3194
37901
37874
1066
28495
1345
7118
13409
6973
24634
6849
20776
96
1232
2976
16741
30825
2448
5112
6232
1963
986
20269
46039
4258
4718
2
3049
2122
2975
40691
7759
3745
6224
6699
7691
6965
7256
489
8592
3817
5133
2046
1215
8980
6255
2834
5038
9053
2990
2570
8617
23260
854
6073
1162
7694
1780
8377
9706
7034
7626
2646
20890
8414
7851
5074
28527
6218
456
48260
3822
7452
185
8482
7091
2142
8604
5609
8412
4040
3315
6231
7772
7921
1994
9562
12706
6442
6623
564
2768
649
3699
6182
28285
26237
7469
2213
38085
7370
4469
2580
18015
2147
3182
6107
12
3967
3039
9364
7541
2142
34584
7267
6444
29864
4095
2985
2213
9118
3562
43759
9580
8467
4613
8028
8524
5880
2476
34381
30178
6675
9792
7998
3941
9713
7026
49014
6470
7314
9898
5590
31044
5223
49547
4121
2004
578
6002
2912
1020
1592
19756
3656
7091
9770
1693
9258
7926
8456
2815
6266
19
1897
7571
5994
7901
22269
45091
3056
6519
15599
8687
298
6337
9945
1163
3372
5430
15815
5427
3555
8688
8314
4239
877
2687
29332
7717
38285
5583
3712
8343
39916
7583
46181
5807
2243
7090
5645
1724
7031
7610
4065
2873
44589
3661
141
4508
5399
4683
23233
3316
5213
9321
3768
8878
437
5405
3621
1798
49997
2761
1564
6327
2637
28507
8706
254
18222
7145
6263
9328
7526
230
47604
974
25926
5706
3444
2021
3843
36399
7800
44563
1406
2381
13522
1323
9773
3912
13869
9847
4953
8723
6476
5120
9506
8667
1638
2860
2804
41612
38396
617
8887
27267
38033
25155
3164
32710
35914
9823
2688
28348
9047
7926
8042
8620
45330
14937
31107
8422
45015
12648
8625
5041
43626
3847
6190
5155
5284
1024
2722
5545
2371
9527
8255
5346
3867
7191
7378
870
1495
1200
179
6050
1879
387
47546
5402
3809
9831
5732
9950
7396
8227
6223
7270
3747
10802
95
5106
4197
24897
17633
9984
7823
2942
48266
8149
398
7211
2974
8994
4958
6785
5581
48205
6177
8374
6451
7996
39921
37036
3519
2242
31319
9057
29018
8376
4215
2408
1035
2400
5367
5662
8530
9627
9950
2387
2788
15543
1141
8932
2185
16547
7259
6950
3746
7668
1744
6126
5192
674
9299
8222
9487
6006
436
6523
4498
8121
5537
6658
29103
3219
7938
46637
3698
2821
2099
7000
2979
1558
5898
2141
8055
5955
13079
4383
38752
3105
6012
561
8665
23384
9587
9578
7081
25195
6737
5692
5985
4614
1806
296
8725
4714
7101
1845
439
6584
8633
570
9948
8188
5854
7301
9945
9331
15522
29485
45908
26965
3395
8966
4091
7249
2253
19420
4912
7404
3232
5023
5223
2055
6137
1439
3074
9945
9207
4665
8538
9985
1953
6426
2928
13262
13103
4060
5753
1959
92
1942
36217
9714
7848
2164
6834
9934
3770
6040
7839
7083
26621
8729
8797
2039
2956
6277
44456
1313
7083
4197
435
2960
2112
4343
5030
1691
7145
9030
7819
6734
5216
1616
3307
7332
2759
8035
4951
1381
9713
3489
580
3128
2101
4171
7314
4775
6189
7692
3126
3817
9176
6661
8493
3251
3543
30812
38488
2940
3630
3584
35981
3027
41173
6117
4625
965
9155
46010
47527
37590
4738
2583
9442
127
43630
2450
1671
5883
1781
6431
7602
6851
49161
487
8841
2130
7759
31191
38278
978
7003
9330
9303
22512
1178
42214
28691
34985
3212
1188
37987
44874
37035
560
44952
2225
6221
3223
6491
7763
5192
43174
36748
43388
8045
3036
2994
6597
4402
918
16418
1069
8276
9956
7662
9263
9468
7944
45831
7635
6680
683
1721
2272
4904
6101
1944
8386
9013
7097
22151
45159
9991
58
8357
8471
3890
22759
2751
4069
5256
6484
5477
6885
1930
3450
1223
48423
6862
39505
4185
8151
7367
3793
9127
16683
5377
1658
26636
3311
8025
2439
5034
27242
15763
720
2419
9243
5968
6611
1273
5132
32003
5526
8943
895
1009
24305
4022
17764
6145
4145
3624
37116
2734
7578
7663
1626
7330
4279
5501
1740
4270
8990
7160
7031
686
8995
4504
5291
8995
7514
8628
1866
33913
8792
8155
9646
5977
24788
6371
693
8603
6267
6328
6644
9641
9296
1064
3245
7991
4792
4325
956
3735
1753
46571
1907
3130
1615
1045
57
20955
20009
869
4527
26170
7785
4743
20545
3021
3122
2057
39289
6049
22592
8359
25570
883
9953
23410
2029
12016
4773
8255
10758
8258
2322
429
3178
9582
2142
5545
6705
2501
30498
4366
9215
11674
6226
2068
8340
8774
46230
5352
5830
3667
8823
1845
9431
9786
46696
7130
5033
8324
3792
282
30433
7916
9734
3976
1925
3123
9549
3795
19073
629
1084
9847
42771
6395
9055
2676
8784
3945
7784
3080
6508
4844
4797
24861
14876
2407
5883
9655
2716
1609
2553
41489
39464
6223
2339
8838
3666
5039
8901
5636
9614
210
1609
995
48342
9076
9226
5318
22109
48977
449
1918
6084
7208
2535
30485
9703
34291
749
7267
12659
42845
6461
11917
5459
5079
1894
4436
5540
30969
15553
8968
2028
311
2897
2429
3300
26474
5163
9884
3875
1240
5045
4989
7774
9740
7124
35614
814
14697
3556
29796
9011
3309
726
4711
8971
8281
34892
41041
1926
44942
9935
600
4571
3426
4157
4128
7658
1355
9195
5317
8941
34612
13893
2343
14727
41728
8091
7280
9392
38343
5142
9644
9073
1255
650
35788
1783
9742
5022
7711
7834
7898
6418
897
4608
3031
8397
7340
4863
31858
34651
8975
6933
6728
2574
2596
9665
1252
3822
4056
7141
4330
37116
6939
35429
1681
6952
43971
7853
49912
277
26537
8608
46074
33087
38938
12538
30578
4158
6196
9952
9691
7006
46745
2751
2532
9611
31825
6363
4582
6051
4780
4737
2762
7216
5695
8833
8587
9590
14350
6441
373
7488
7210
48480
24636
5932
18815
4377
6658
4909
6940
2324
9238
8136
9927
11560
9111
4869
3310
9401
2330
2583
1674
4959
7530
664
8708
16894
31659
9829
9482
18705
4420
47365
4196
3605
1843
8653
14478
3222
8838
7207
33929
6334
2804
23
9963
3718
1541
445
3911
5982
7854
294
4894
46389
6265
1661
9135
3125
7398
2936
2189
28393
7778
5535
3915
9192
9213
5092
2553
4824
1705
9604
921
2373
7503
12149
23476
4692
2433
1845
39435
6842
40648
1337
3897
6395
903
3042
3706
44513
49042
7763
9592
17263
3924
7252
2814
7906
5984
6645
4758
33972
6992
14019
398
6268
9848
6059
2426
6871
9447
7904
7054
45255
4385
4769
16959
9791
4222
34826
6188
4261
5060
6906
3054
37489
7026
5095
5027
7165
7229
20741
8559
2853
8955
5091
33967
2206
2200
6330
2405
4315
4671
6816
24484
1882
45284
20057
974
3550
788
2916
16526
39864
12954
9433
26708
17760
3856
2296
1518
7553
5353
4906
458
3234
9699
251
8358
7266
2247
9833
6655
7063
7400
7918
5260
32532
5617
2223
14851
4308
469
7421
16512
7781
6652
5114
7988
7033
202
1223
5069
6131
317
45354
7024
11362
1689
4037
904
4369
7534
4310
24698
45289
6711
34451
9815
8551
5093
5964
843
831
356
5873
17962
5145
37330
866
7990
5816
40498
2574
8654
2607
8981
8986
2630
2026
8721
2704
26258
3049
4314
5003
28601
3044
8857
9438
3437
2305
1368
358
7328
4811
5797
702
4224
9702
219
38763
2905
6593
4839
3628
8542
7871
5024
222
1632
3875
2288
722
12117
25189
32622
21433
7896
8314
412
6136
9770
4818
9255
7359
6067
37946
4946
3905
8742
8246
5089
924
6532
16361
9928
7117
2260
9205
2945
11563
24308
21
3685
7755
6892
255
9354
25487
9639
16463
315
9472
3594
8683
3124
3672
3280
6402
4749
1920
33826
27
1260
4343
556
4070
1965
4231
24308
6452
91
3619
5012
4400
1902
6296
3460
13319
3758
5996
9966
6106
48057
9161
456
6265
4165
9711
5801
4339
2766
8343
9046
8892
49468
6468
1712
7820
19615
1532
6244
36998
4782
17809
2834
3077
6929
5672
395
7147
40822
4583
7040
4750
410
4083
3840
2960
5243
13217
39996
2517
787
5743
9952
7448
1319
9467
3291
45198
34651
973
924
2034
4524
5253
4584
9595
6565
3201
44066
512
8194
5083
10632
6633
1618
5865
1710
8589
7619
16314
37843
53
1283
1923
5443
2295
9394
1166
25173
41357
4813
8225
9345
18956
3699
30441
5627
6940
3534
9314
14042
5717
8325
9214
8759
2072
2555
891
8441
7703
364
19969
2152
17742
1771
27650
8303
1109
4579
6216
33389
6972
2562
5607
194
35475
3356
2875
8702
9779
5573
7011
2078
5264
1374
9064
6873
7168
4633
218
1974
9793
4184
2326
29527
7215
4566
9154
2455
6012
6082
7546
9513
8913
46253
6207
265
4019
8318
2732
6874
19034
4598
8675
7707
7090
7516
31999
9179
7202
1896
6514
2180
4353
2605
7766
1829
7064
2544
9349
2659
43312
2759
9135
6999
9214
8686
13620
6629
7373
34605
3847
5216
7035
8273
8748
7230
37013
3826
26361
38472
2783
4967
2587
9076
1187
3109
3004
4448
3718
3912
7363
2002
3048
3370
3372
8576
171
4441
1064
18329
7173
36280
5493
11339
5104
740
1241
8484
1910
1311
6876
1715
9623
1828
5102
8846
6391
42351
5520
1870
5797
9419
11850
47304
1272
3829
6670
9988
14599
1882
153
3474
24974
2571
22107
5481
4364
6783
3395
8473
6032
7636
17467
9846
2071
7216
4208
27528
4305
6277
49152
9411
6334
9369
4632
2934
1785
21536
40893
16280
21667
7792
6817
21801
8359
7944
877
2717
1520
520
6427
7226
9856
5094
2777
25720
1700
2339
25164
9548
2241
48421
31583
6015
527
4757
10965
8583
1297
1263
32558
3685
18846
8988
9228
2916
8459
5060
2767
8518
31788
76
7069
6160
247
9154
4846
43164
7041
5678
6421
3050
576
5814
7805
8617
3104
1312
48102
510
8863
657
3752
13757
9641
4710
39989
3365
5674
35292
6960
5737
2902
28843
3581
4161
4397
12167
5624
4032
8357
4187
7506
9224
6084
48284
1456
9532
5494
19720
2290
9256
49563
7595
5669
6367
15760
9300
5464
4801
6128
31012
8087
5762
1420
352
8239
7588
7678
6761
24805
8215
6440
19584
3468
2312
8702
4270
30328
302
8628
9271
41488
4987
3885
4353
2761
2860
5072
6794
6143
1021
215
8436
6627
8704
6323
1602
38552
5335
2696
7891
7311
3008
218
25883
9487
4272
1734
1146
29801
1323
45293
46287
40657
1241
6317
39556
7656
44244
7207
37609
35125
2803
35818
8113
5545
18135
608
15353
5375
6013
7232
9144
6519
49259
6937
4848
205
49274
42102
6122
2308
171
3212
693
5967
9515
1992
5746
13477
2280
4315
4759
28678
8415
24084
1117
2156
9366
49936
13665
33989
8490
6159
3251
472
7470
3002
4844
5473
9510
3688
2100
4562
2406
6181
4924
9288
563
4941
39364
3769
4606
856
7242
3536
5517
5617
698
8298
5796
9997
9728
1212
7923
5916
1415
25980
6483
24053
435
1090
4887
2283
1547
6960
25624
2228
9874
4171
3286
1588
37684
7167
9852
2622
720
3887
9001
4274
8789
2163
926
26603
9286
2808
7044
645
19174
4547
42121
3833
5282
1410
4613
8606
5088
3884
1
9067
8550
3292
6513
9772
604
9383
8569
19177
804
6338
5665
4859
4938
26409
21310
215
3918
881
9175
9251
5317
7434
8255
26177
6281
9884
6774
28509
6564
7589
6704
8373
2368
4983
6222
8563
53
9775
3522
16148
3340
5767
152
2691
2024
3169
4702
8794
1596
9020
4203
25071
7157
3925
8143
5251
5261
8041
7200
6804
41638
27348
9708
2245
543
40774
6649
1671
1770
5043
11833
4303
3580
9305
2044
26435
9919
1719
5429
755
9210
2253
681
15899
7122
29446
9025
2246
4357
9178
5146
947
8177
366
6407
7675
4300
9155
3930
324
734
43364
7012
38521
3753
5632
9167
4870
6407
4472
16149
5821
29086
929
760
485
9026
7030
4707
5605
4225
3500
4234
23837
45230
7798
43088
42705
28408
3376
8077
1834
22132
26828
8966
3659
4303
9555
1405
3432
8807
3516
4776
256
8117
5902
9881
8695
3914
6322
6542
7991
3435
2087
1911
1236
9799
15967
3226
38620
2996
403
3460
6035
4009
6258
9751
9764
47085
3803
6539
1470
5107
8827
12013
9997
9771
2066
9847
8471
9550
49
2985
9174
4316
5066
60
6893
3813
5888
7395
5417
6987
2457
8030
2022
2577
1290
7535
2314
8734
26570
6789
16606
15104
5787
8994
3282
47172
10401
9920
9759
32600
8997
5116
2714
6595
5768
8604
8957
8334
1021
1616
2591
4498
7525
3264
5385
2958
4116
338
5697
5589
885
9624
2189
1012
2759
4747
9655
9202
787
2887
8171
9285
8577
5206
6837
7420
18144
768
3244
23616
3055
4626
42350
10226
9812
8937
8705
19025
3614
7152
9246
6178
6513
28731
10472
9844
820
9086
1921
5673
5633
1892
32904
7130
9972
49
360
2870
13435
30139
3190
9190
29785
33328
9848
6563
25219
7413
8431
8763
622
623
4065
4526
3923
1309
8163
5441
7164
3030
8142
31031
9395
2723
4381
8115
7800
7097
38673
2377
3253
8422
5880
4374
44943
4206
126
377
2214
2615
7804
9527
47862
10832
5965
8197
5789
9889
8752
713
1362
6475
17489
8594
8214
8375
8815
7423
6317
11107
44463
3458
9518
46207
12864
5466
4117
6132
9995
5047
4332
536
7523
8703
365
7660
2042
9504
2321
14892
4669
29732
6535
803
2498
7211
45833
6337
5656
7793
199
8851
5505
7542
3182
5585
1555
4255
4128
8409
25044
8246
15247
6004
48607
1597
8356
7648
28206
6415
2480
3476
7035
6529
4481
9969
4067
7365
20
1585
8716
873
146
4504
4534
2153
4895
26806
15181
2740
8002
3528
7898
8294
1870
6010
7970
45049
278
6577
9022
4017
6082
4401
7209
1354
8199
82
473
7049
21139
956
3667
41585
45365
3963
9568
5655
6371
39042
31952
8438
2913
2672
9287
9875
3032
44647
5194
2543
37642
7283
731
7320
22137
6553
8297
2000
5365
2875
2928
1828
42797
1664
4853
3672
1367
3205
4278
2563
27597
8490
3414
2193
35079
38203
4475
3016
47816
2678
9963
9809
8839
1504
9315
3482
7935
22664
47722
12122
31368
3119
43347
3202
7359
7496
33670
19228
2277
1572
9488
6578
12206
2551
25847
5625
2762
615
4969
1243
7137
41651
21919
1207
1575
7753
2912
9038
7074
4850
3703
2066
8818
9862
1067
9790
8129
4361
3228
43938
31915
22612
9164
47669
31643
49492
9598
47757
7445
4863
8963
4840
9629
3566
5818
3380
816
7123
1995
33913
18105
44537
6506
5602
6993
6598
7279
5019
8009
1466
1213
18539
6390
32130
8670
3170
1011
3505
942
7383
8498
7996
2243
5515
3609
36942
1927
13809
22041
1797
9128
3692
5118
5262
240
1623
6727
2501
4586
5263
3197
47129
7969
143
8548
7150
3997
2549
47
4704
1564
19924
18827
42480
43982
6553
2182
7191
14341
3055
8298
4793
1223
6491
2710
5994
4835
5542
22
5624
5804
985
1652
4587
11623
1664
8924
8861
9697
9941
7528
8334
27711
460
12684
7704
3830
3928
1219
218
27052
3134
7701
8375
6799
7293
22042
889
22080
4184
9144
2167
299
9771
26596
40666
19095
1515
3369
3758
9331
1906
8051
8020
5364
3558
9901
7457
2109
4979
6630
5904
4496
5649
7153
6342
7957
4104
3132
3045
1715
28055
3484
39909
7405
6099
915
3432
9555
4754
3660
8714
6165
31287
16442
25131
40894
740
24617
6258
6392
17629
2736
137
2018
9068
1866
776
6867
5286
383
25088
4386
3572
8004
5027
327
157
7153
7092
8127
26475
7871
9426
9561
391
8400
9940
3311
6152
36767
5608
3728
6581
1365
4216
1048
2504
7326
2016
625
5466
4231
9255
44971
17299
543
1864
8600
1826
6499
1771
12140
5518
23028
6146
8926
30939
9198
6502
3905
6660
1559
9506
905
2492
14121
559
22600
2649
29
45
1937
3800
2775
6947
29388
6853
5147
5021
42156
7491
6270
11335
225
26178
41878
3052
31647
3951
47095
8313
9034
6070
9641
2148
1813
7741
9616
9306
14032
34363
1360
55
9480
4038
28862
4788
3433
2483
15232
9271
2151
45704
1187
965
7920
214
977
9399
2135
1049
18512
6129
2171
2748
1279
5655
9600
8865
40014
5157
8329
4008
2237
3636
3430
1493
2556
9048
34554
11962
9347
4835
258
7401
9199
3915
28994
8256
32010
5752
7776
6247
5699
40315
9203
27522
7457
6456
36025
8257
8875
7352
8907
2354
687
40942
3931
5640
16024
6060
2142
3031
9958
7305
8436
3545
7857
40031
7859
1624
31240
9903
6836
28939
4040
49573
2380
16741
415
6920
3904
679
16197
5417
7784
6812
17588
47512
2329
2339
13888
9524
6090
8404
7938
871
9285
9207
37475
5575
29849
34940
30373
8338
4967
2533
16680
13492
23006
7793
5664
7011
26777
2052
3287
2411
254
9382
7798
9688
6509
2544
2016
5615
8204
2277
3368
1366
2862
4023
2800
950
26799
12602
45503
9228
9400
8223
4853
4061
40661
3373
448
3266
15958
2027
8883
7767
45012
2601
5000
6683
7326
7939
7479
9861
3824
4460
7174
6556
46015
1836
8186
28284
953
3644
9061
33076
2109
6120
3600
7367
890
9545
13310
5472
4374
8528
9082
7974
8575
5599
31907
3395
5470
6126
8743
5434
2761
7090
664
8731
716
9457
5614
7937
1631
17687
4609
5259
4646
9805
787
6776
2361
3542
36570
8139
9169
12623
5279
3958
27572
3832
25276
7352
4355
8298
8407
3962
49464
29400
2019
17654
1421
2352
9784
818
8870
2273
25585
2438
6033
13840
1753
16460
1901
2872
9609
1360
20493
5918
4229
15555
28079
6048
3881
5636
4007
2433
8459
34232
8486
42415
1196
17900
4678
388
40014
81
8289
9374
35216
8132
8045
2390
28963
31191
7251
24874
5631
1670
9093
7959
7193
4669
2025
6953
3036
813
1869
22286
2173
25526
659
6633
7032
6761
927
46545
1120
9235
15784
9737
45556
4984
8810
8440
42213
28903
1313
46659
19674
2627
9998
7066
45931
36014
12384
2868
3748
13067
8635
42223
7466
11
988
6180
8707
16722
7412
3052
8528
9778
7458
7347
8667
6529
5988
5740
8094
380
745
7782
4658
8169
2832
8245
13671
5854
2271
3567
29306
4108
6036
4277
40
5086
8013
43595
3386
8000
1584
6551
8402
651
7286
5958
38673
6674
6879
1303
4862
8163
3071
9334
1433
4999
22250
8000
22050
42895
632
2058
3318
5222
3036
3732
9636
2326
4802
5822
8985
3131
1200
7190
33709
2027
3824
40494
7362
345
3562
4748
5584
5005
8157
1295
7140
3715
26191
8417
11455
3871
34920
9652
29457
8705
2913
9056
585
23712
19764
2447
7906
6863
8139
4769
1266
44244
47274
1225
7933
5340
6349
30056
611
3903
17062
39356
544
3953
8318
23948
3822
7025
906
5111
1776
9998
8548
6019
5332
4990
6674
9748
4514
7904
1704
4937
1553
7857
1247
7107
10394
3671
9751
10289
2477
9578
7666
4424
5128
41028
2454
3196
2834
586
2407
7339
336
31844
38975
41085
8463
2423
40298
5460
2311
5702
1054
333
3510
3297
9509
8307
3998
8417
4748
6441
8855
1504
3905
1581
3039
5222
22416
8698
2738
38351
4888
9070
23179
22067
13385
2191
8464
1925
2846
2285
3888
6103
9801
8743
22024
21259
5801
47763
9649
9825
38412
6711
1650
45250
2175
34827
47323
2880
3771
47
3887
14204
34759
9436
7622
9404
1384
743
6229
3149
8806
2921
1000
8627
31198
8495
9520
1233
37957
30063
7990
1698
1651
5348
1571
7953
8815
30344
7350
6975
9201
7887
41320
2775
17176
9649
3613
6357
1895
2355
4337
8601
15914
12933
25720
7278
29515
5645
1606
3647
5406
4179
8546
12105
2499
19208
7211
7839
6771
3885
5475
6506
3210
17819
31381
3327
923
3727
7645
4994
3020
384
2542
15745
3670
3059
3910
5328
4216
5023
2385
9422
1110
38841
8877
1148
4667
3845
57
5142
4214
9277
6858
23836
8325
4762
5205
27772
7834
2937
5527
9297
7349
9115
5143
22193
4334
8191
6048
30659
849
5834
9409
4469
9734
8038
5956
2464
6419
9689
12882
12074
3229
9310
7055
58
9085
6639
5941
3637
35434
784
9833
6010
2171
6145
5279
44186
15647
8124
39003
281
5870
45004
2605
7676
6840
9391
506
3469
4195
8342
5125
353
22141
2717
5499
28976
8044
584
9927
1174
5777
5725
37280
47115
9440
5460
6386
5194
28639
1101
1724
8917
2862
5612
7112
7238
2191
437
825
209
9105
1699
5454
2653
7002
2728
981
4894
2001
9244
2285
45421
8442
9461
107
3920
32587
4254
4796
5637
1579
7296
6351
3954
7479
19395
212
6902
112
3433
5096
8644
5879
7144
2314
7017
1527
5133
2318
2890
3274
36574
6927
2980
2102
7992
7570
304
649
8543
32946
20415
8704
5795
4436
18697
6564
8062
1043
8910
5528
6690
6505
11926
11141
3147
46034
7638
830
1565
6651
8798
4332
6084
1236
3779
3355
1370
37247
7442
4157
6126
3176
8532
42866
5972
2870
1173
5074
3009
8436
4011
3281
6317
1135
33572
3382
5994
1493
8553
4659
3754
25224
7259
9619
5771
8773
4101
8774
36187
3575
8441
468
1928
4883
2879
5814
9773
1128
7863
32557
7138
5510
6994
2101
20647
46567
5278
18390
9976
55
473
20853
7410
8841
3831
1749
9240
13847
9440
6339
2926
1969
3599
29750
6586
1863
3289
9765
32725
197
11285
1437
5425
3101
7979
7155
3929
1469
5993
7588
5145
4575
34694
33620
6706
342
8653
35408
2634
15516
2415
24362
4843
6171
6150
21388
20997
3882
20781
6537
1551
9379
3497
7422
37195
35666
8419
890
9241
7866
527
8672
1725
9501
3736
4750
32743
5744
9136
8632
7739
563
6649
2797
7830
1753
2783
4383
1086
1133
25654
47857
8876
7765
40759
9588
9372
9188
6271
7254
9836
9800
6388
13980
5021
5602
4975
234
8186
3863
7705
8951
3570
26380
9142
4202
43529
5655
895
8087
3152
2769
8737
2424
106
8504
5272
6696
9289
825
5355
6740
4167
30133
31357
1187
4786
2237
2905
1314
22516
49999
4551
32065
40339
14455
17534
8882
8355
8216
1801
2594
5705
9527
9555
4630
1686
9535
2078
583
2187
7805
1336
2357
561
6688
4467
42120
5970
1793
2145
8541
3129
7867
9291
3658
4808
2213
9760
43722
5223
17415
9839
3700
6479
41897
7495
1584
7585
4320
6348
6212
4684
38346
27085
3607
47609
37623
7190
8787
30528
3679
8543
6553
1126
7563
6264
9284
11661
1449
2918
16695
4903
8757
39288
9414
31215
43652
5532
8983
5830
23152
4461
7533
16146
14671
4576
5767
4058
7772
1159
3681
7039
22304
3861
40408
8579
9656
2811
7294
3083
2247
63
9260
152
8338
3402
4633
9660
3359
2899
2724
20915
12070
2392
6153
1028
2928
211
19125
6709
8833
45742
5612
6505
26342
606
40286
533
4797
30657
4985
25274
9909
45994
4974
2246
3957
8123
3801
2486
3658
14021
6568
1828
5593
5202
1566
47061
15806
4999
9006
3703
2833
5627
47435
598
9011
3516
27822
4852
5386
1562
36250
4810
1232
8906
8913
9874
4068
33711
45389
9145
1546
563
30814
3379
5672
9595
9983
44542
9976
90
2392
47166
294
290
21488
7534
6039
3533
14254
1946
1395
9983
4931
5839
1983
39209
18096
13445
7121
12
2621
6556
42324
3676
3946
7994
5808
9842
32515
4570
4405
3597
8343
2378
8872
38453
7937
7820
14464
2547
7356
20743
68
3596
6571
45540
9144
14343
5619
27491
7317
3203
27103
5738
462
6600
455
9463
5558
2346
8232
1896
4693
6718
2880
9615
2844
11288
2417
7208
8862
2737
7300
369
12727
7103
7107
9244
48315
8716
434
5370
9143
9738
4046
9151
9173
235
3012
4036
4000
2335
908
518
2807
10398
24934
545
6857
2025
4393
5012
6987
6364
390
3461
6906
9411
1128
21144
4460
41228
9328
3775
6191
2019
5404
1299
8276
6492
6926
3141
6869
2123
1358
2997
8424
21149
9227
102
1622
1431
40424
5809
7706
5258
8312
11846
9969
12543
7633
2452
3986
35199
3037
3305
2814
8957
9436
753
765
8377
6758
738
249
46819
2707
31796
4487
1435
2593
25415
6613
1528
2075
8131
42376
61
1410
7954
7499
5740
4229
8049
4047
15106
14586
3069
4025
7729
9080
1114
6317
8230
3005
6434
7045
2842
1598
37338
11358
8581
6464
5450
9782
8717
5760
9004
10619
884
3688
3790
749
1808
32526
7173
11014
9724
6549
1759
6120
18670
2412
9908
44023
7983
5970
17499
29463
2416
9916
4164
3561
41498
43635
3047
8409
4731
12451
29420
2524
3183
18951
8616
5946
9387
4475
16858
295
7383
7902
6005
8101
3841
1647
3660
2218
7154
3662
5953
9082
6439
18
49458
3995
21603
43207
6980
1885
45250
2239
6032
9150
9956
5286
8343
43325
6920
24938
4453
4632
8156
7663
43169
1510
275
2533
4111
46294
3020
5688
24064
633
1843
17833
4412
2433
4669
16730
48551
7086
41755
373
2011
8466
3147
6416
4337
5985
48149
8139
383
7826
12
9134
6247
6635
22914
8781
41195
4636
17127
6492
9732
9944
8886
28705
29411
34322
5266
7759
43898
13028
4627
38315
5449
1665
6733
347
8810
45733
5855
41991
38725
49435
5198
1176
7031
7541
247
1094
289
30327
43799
5669
2307
3957
2217
5445
9462
7924
41101
32
429
6188
55
8073
1284
2998
5815
47949
47173
9787
8257
617
12591
1643
336
8946
32030
572
6328
2570
1144
6473
1313
13799
7606
3914
9868
9404
1322
9103
3555
8485
715
3399
8582
71
8608
959
4113
28988
2660
4780
9262
9660
9827
43220
8610
683
10160
3617
1380
12483
8992
2202
1996
9171
7373
3413
7896
2070
4233
8728
31246
320
40377
6899
21213
3599
14341
44009
4555
4275
14259
5822
6387
6709
44349
2502
8168
8629
751
7093
27183
7140
185
11459
1125
9616
7009
8910
3383
745
4087
2282
3229
43228
1807
1304
7727
7528
901
9478
6633
3042
597
8823
8085
2758
6543
2686
11
22516
37095
14063
9063
8134
5707
2951
3816
14613
37374
5850
9153
11580
7669
9478
7354
30998
8090
31717
27500
1957
9711
3398
1462
5518
2820
75
5299
31487
632
7891
8859
13217
1275
40584
1787
8842
6011
2311
41696
3296
24911
7847
5644
35365
2165
1238
33810
1599
4697
2847
7972
6584
1119
813
1814
4994
3609
25378
19099
2354
19945
4881
1165
7802
5295
1424
1809
39474
1322
2729
9180
3106
2813
6762
30948
8981
43715
1630
7303
8740
9552
1531
19
22232
6679
9557
2722
44273
284
7419
1107
6418
1897
7094
8821
6193
1240
1945
5577
2117
3659
42582
7631
1625
3666
15634
2237
3598
9906
3781
279
568
4076
9143
9729
286
9707
6314
3674
3349
8452
5936
2114
36926
9825
6007
5626
5788
8695
3036
22583
3005
6033
9638
4444
42337
980
8086
9020
17224
4995
29682
794
767
25914
7078
3941
242
6714
8297
9137
23168
6717
4128
47907
2467
4088
8830
1403
44049
25926
9140
2820
3787
7467
8443
9778
899
44465
2570
6213
8228
1025
34540
3091
2227
6474
8689
452
38452
1525
7316
8471
6488
1688
6947
136
2168
7796
2329
657
6007
5940
9002
9197
3856
2486
2289
8174
5072
4377
3819
5166
8401
16474
7173
4657
12366
3752
1296
1955
741
2279
27217
1643
9475
9406
4942
47171
5990
8203
271
18095
44110
28982
5259
9736
1038
6918
40775
9794
6401
7638
1001
3034
7292
5540
8727
4393
15896
579
4277
6436
7766
2342
8672
3084
8088
5491
7514
3492
9220
9191
7652
2080
9317
8842
2066
1106
2522
39664
26312
14075
8055
2288
8058
1188
1946
6809
8280
687
41940
7399
1158
9344
2815
8987
6229
6082
675
7188
7681
6637
6206
6272
36143
25834
3477
42637
8835
4758
48071
2028
3275
793
13199
7445
1873
8753
32827
6697
5596
7478
9401
5764
1480
611
7002
33117
9725
26792
6566
8488
6935
594
4576
2809
4032
617
762
3334
14236
2340
7733
387
2016
5528
42111
3264
38595
4723
45198
2142
174
21
8579
19965
6818
1746
7643
4543
5200
34219
8221
4731
6685
27090
9892
6027
1028
4416
8655
3474
3869
4033
38610
21847
9957
36890
42798
29535
2432
6241
4994
24993
4611
8675
12203
8081
4370
18283
9728
4438
45886
78
6971
8636
5888
4591
4906
1819
9341
913
5925
7260
595
121
5482
8932
5011
18802
5264
2832
42767
7794
4030
4748
7838
20443
9100
4175
26872
6011
1226
7547
1970
10900
5977
7704
43957
5321
5669
3885
18131
6298
5362
9320
4073
4267
9413
35104
43491
1554
1492
8642
1266
36169
47103
45285
9587
8514
2967
1158
16541
5981
23016
2813
1369
8936
4040
49998
5410
5283
1807
2077
2165
7543
785
31835
9349
6218
11608
4259
7339
5812
6484
2490
1674
42274
2004
10645
9125
9639
6502
9675
9682
8803
5865
5711
8936
15719
13941
3378
42918
7299
4512
1579
9887
75
8350
7560
4930
9555
671
8847
23785
9162
2515
1180
9445
2344
2263
5691
8679
2751
8513
6681
5560
4076
23791
9178
7253
9634
120
2147
2388
6980
41432
2569
753
950
45881
6627
3139
8756
3041
7632
42185
9891
3602
3302
46951
647
5714
8907
9160
49407
8996
1902
6355
26472
25522
572
1625
5892
5556
4160
5352
37854
3294
5800
6706
8512
4868
7560
626
8415
1052
3779
4421
7127
24376
7770
164
6572
12555
8424
4379
30631
1823
1531
3053
5127
9663
2393
5219
2126
785
23533
5452
8912
7343
4515
37748
8573
9130
1062
1383
1665
8989
464
6950
9870
48979
6588
3835
5459
2947
2177
1272
464
6168
2523
7529
1385
7322
12236
3633
26245
2931
488
9043
24941
596
3678
17325
9136
42797
4287
6771
6975
9984
7056
1322
22763
9179
9390
9459
7264
8384
1689
7448
1684
8800
2603
8691
5883
36246
2358
3365
3480
13176
621
2465
21841
9681
7114
4556
7726
18138
13410
5225
21999
168
4049
9384
2061
5938
8539
22774
13292
7922
39976
6429
2499
7921
8148
4154
8909
6368
3940
7198
4512
1814
4879
13159
836
774
2030
527
7065
1049
27181
5092
1475
4451
24316
7445
6783
6778
17084
30748
9222
3309
3907
3972
3315
946
5407
2767
23576
7511
4301
29963
45551
40099
4127
46122
3911
2734
11364
42784
6776
2611
2928
39855
2323
897
3560
9089
1880
2291
19549
44259
2289
2992
46566
408
1784
32451
233
8849
1610
3165
4351
49591
6706
39989
9200
757
2271
6669
8906
745
4272
3711
9010
4673
9718
2517
6085
49987
4928
6682
3802
862
1684
3675
4669
6130
9788
2414
1790
17571
9789
7342
6508
1970
3284
896
1731
4263
5185
930
9218
8971
3314
1249
3823
3969
8006
25698
8220
2485
6072
2138
5087
17479
8344
2667
6184
4499
7258
9180
3879
8771
23817
601
1683
5427
5906
9577
38203
4326
4673
1039
45200
9604
6268
4852
6877
6655
2805
30004
2826
10183
554
288
6242
5009
15312
42896
8651
1980
7925
8301
9557
3029
3579
2348
5733
8871
6458
5727
252
5149
959
7520
697
3980
1930
2966
9223
5043
3744
4860
3074
48347
42740
3790
5963
7120
4505
10926
3795
21636
2181
49157
8926
47086
9346
7465
9340
47634
4432
8475
5175
6287
366
3424
17770
9872
7593
872
26817
9286
5698
1229
45761
6543
1137
9499
24028
5364
10550
7393
4706
8640
9079
7438
4090
7239
6706
12430
28048
44770
5980
17390
9107
302
1979
5162
6464
38830
557
9733
6488
2025
9048
8444
11924
7253
8098
28416
1203
8482
2567
33915
4479
4570
2358
4314
8707
33229
6159
348
7105
1764
8398
10823
2648
16779
3494
35593
5590
5932
8460
3931
3033
8855
9777
3485
3834
42711
2786
524
7916
6249
3897
4485
7665
3669
27875
43953
1509
23843
7906
31956
43863
19779
3346
7744
47850
6468
49196
3281
2422
9230
566
23377
4718
44528
2981
23178
8198
6730
7146
7717
3210
44438
905
5860
5502
35684
6709
10266
6325
49790
3720
8565
30815
39315
8745
7385
1109
7701
4848
5338
1550
31248
8157
32078
7004
2624
4490
4903
4834
1619
1764
33816
9365
47099
4925
7607
17230
4204
19103
4781
28990
4138
4065
5017
795
3947
1246
8568
49318
7649
6703
6738
6173
4176
38861
5620
31300
9924
5891
613
7197
4342
12780
25185
8383
426
9215
6376
2559
5635
9526
5235
10983
6406
1012
9036
31420
8241
3706
1842
9910
8506
9373
8985
7208
4942
3202
799
943
6905
9843
1098
9562
1821
1071
8334
8809
6239
8576
19903
1026
5246
1179
8023
4139
3574
8070
5496
4605
3014
14118
2728
45631
3996
9302
8469
5704
2870
28238
5644
10777
6451
15966
2245
338
6828
31622
2494
1425
5523
39202
4011
9306
24914
3029
4087
7420
2587
2175
6131
7436
5729
43999
48219
25504
5931
3781
9591
5418
9063
7256
9909
3979
13169
1899
6071
1320
34494
5571
7733
6684
520
3301
401
1314
4673
23590
3945
3038
27280
47642
6040
388
7973
8404
2026
7032
24
20407
18478
1382
6376
6989
6782
2444
2494
9760
9498
5716
28
1986
7165
5745
2598
2617
9655
8614
15238
6768
8486
5182
7022
8070
7449
471
4166
5909
316
252
8693
1579
8016
2190
8640
560
15766
4079
2025
1770
5537
4445
1424
4992
2073
5989
7084
5030
6598
5184
56
43017
5322
6945
18392
5685
15530
4880
4256
42107
9035
450
717
2704
1553
3479
3358
9877
588
5802
2847
1254
32073
6454
8429
3556
8325
9339
4616
7870
5154
6367
35077
1786
9527
6103
3216
8826
407
9986
6507
8254
4888
4957
7428
5022
5945
2308
1615
5743
3458
6409
24317
5082
12495
7924
12298
4885
2621
43213
36703
23093
9359
2042
1766
9556
5393
588
3659
2726
5991
7168
2210
7389
5303
8992
5566
6135
1637
7892
1936
28354
457
6583
9658
2544
4746
3057
40532
1343
8782
1276
37837
6843
9485
9124
8185
4469
21583
1512
5932
714
8334
1427
7596
3972
4557
7127
1318
2942
36080
7091
5752
5091
188
9711
6040
6951
2753
6005
2457
728
25339
1007
6906
890
8981
25835
1289
7280
48974
3565
7759
9961
5173
39004
5217
43990
7785
19132
5093
2616
9669
5562
41311
5949
1013
1570
2840
6994
5908
387
322
1500
4672
6523
6955
9521
998
2328
27151
3417
7229
8318
7188
8138
37643
3373
9463
9154
3186
5785
6954
8856
7421
26389
9842
6861
8666
3764
8082
2988
6078
7155
2687
9158
1655
6298
7413
125
7955
9391
1690
5061
423
4101
112
6803
4358
8668
9588
9507
2752
6002
7995
1181
1698
993
8130
5458
2530
14389
2225
25504
6729
5315
38186
6595
896
7788
1558
8532
10925
2844
4666
5119
2714
8424
2386
6740
2635
1538
2040
1054
5565
1637
2068
690
9709
4719
15476
22511
1912
3422
3735
8798
5274
7690
48846
854
1072
4801
2886
1875
311
3907
5984
5890
28032
17388
2019
555
6042
15201
7411
4152
16425
518
1976
8367
27843
34442
21420
3863
33443
3109
1539
8269
8745
9655
5322
4413
40491
593
6232
4161
6197
978
22569
4039
5649
3443
5339
9221
531
2126
19112
1652
1157
41654
4091
2329
8404
7026
1367
8622
1160
15390
8512
23554
6128
2085
3216
5613
46985
2415
9812
35021
38004
17700
9946
425
3141
32332
8907
36568
42906
40067
39862
8302
7703
9601
4358
9453
8066
79
3859
4716
2298
6989
46479
6585
7157
4978
44007
34516
37881
49715
2318
4882
4982
25569
36834
3163
38783
5327
5504
3320
8161
1612
8685
8200
675
62
15388
9864
972
9385
3874
46960
4617
23167
8476
7669
6709
9598
6847
31590
9966
7716
6005
7324
4093
8002
1650
6996
1315
14109
261
136
29125
1651
16586
34583
497
6615
2793
1108
7242
8224
3550
39259
23158
41000
5112
6495
26826
1514
3353
2744
1377
23055
12894
8753
1356
5860
32418
8240
7934
7890
8201
2332
1093
48179
2717
1396
5502
4950
9979
8036
4734
1211
9229
3171
3987
29561
148
8206
8914
8441
5156
9172
8663
3996
7717
4739
7222
19652
4924
45224
4707
4720
11867
30646
1084
7564
4589
2655
27234
25125
7606
26516
22
1466
2058
37352
19044
7148
986
2264
9885
2784
2280
7988
6688
8023
8715
9856
1213
3616
3706
8579
14564
7990
8925
1195
9610
33696
45445
8219
2827
6464
1518
28265
5472
252
5455
18083
5783
2161
9437
9392
4661
9713
8427
5294
8646
23520
4232
7071
1928
4888
1959
6215
5501
3793
2803
3822
5832
8510
5216
8420
29804
9874
2887
182
1515
4233
1920
2679
4963
48497
6969
7082
1244
6944
5525
6411
4566
4371
7399
1945
9225
16787
779
9549
2192
1777
4644
3245
39003
4114
25815
6232
7993
4616
2245
6805
18203
7743
7087
4835
3684
41806
5760
19505
10296
2262
6560
3942
21995
4930
3330
3592
6477
4836
843
5096
18708
22904
3281
5896
2113
4220
7350
6514
408
737
4032
8879
3550
4515
4883
1878
5856
915
3078
597
1267
1620
1349
286
9188
22561
42116
8589
5190
4890
6975
23440
38728
5130
239
5376
4522
2090
4742
316
2727
920
3017
4170
2959
576
34275
1825
6932
3975
1480
7301
6514
4684
7662
2676
27296
9122
6848
8148
2732
5521
6531
2751
5059
4410
3647
5128
9784
47573
3789
6493
6764
3446
30
10462
2103
781
6154
5013
20680
19560
6439
3249
7162
41737
488
7226
8112
48585
6136
1409
36461
6456
9789
1100
4072
7659
3567
20712
1663
2695
7833
3225
2352
4102
6198
4410
228
7417
8901
5210
39769
7734
2901
5298
8535
763
4611
5068
17359
1078
7236
2421
1715
44308
40465
6768
1256
8986
9311
5757
6542
3412
7662
7614
9926
19773
1906
7086
9806
7566
26647
1044
3270
3767
8430
7279
5742
8277
3016
30452
14414
8250
486
2907
9453
1138
4897
38300
23127
12256
3428
9299
7427
2541
29390
39838
4286
16859
24682
23692
1075
3892
4035
1188
6926
26
2451
1106
8010
17437
1172
1558
5858
7082
4252
16068
7265
8304
4632
513
21492
5157
9381
2943
6306
7733
4737
1647
4957
5881
2071
3593
3071
859
49349
3233
16081
8093
8339
4361
6175
6427
49266
3727
6165
8937
3692
18410
8586
5350
4312
9945
3958
1609
2821
7641
9542
5954
3379
5163
36535
34353
4183
6527
39570
6067
46208
9520
5269
41817
5673
2836
9952
4558
4870
42882
8053
4219
3607
8844
1835
7635
4496
7952
5587
2880
20133
4528
4517
39940
5972
1409
4620
7074
3079
11419
9242
5224
223
14905
8397
44168
5015
8680
47622
3628
5684
27956
5313
5411
9275
8212
3941
4768
7751
8642
5979
31093
9128
4219
1730
1049
7264
6819
3044
8540
7936
3682
8393
8228
1606
3599
902
17978
5265
7838
3530
2088
4536
8654
9590
4675
6969
3357
5529
39315
1535
4059
9846
3379
4044
7417
36168
3151
4035
34986
1075
375
3972
22102
29131
4608
6328
6136
11196
1702
3338
4877
33209
1853
8730
5708
35089
6630
1031
5532
40152
5211
3972
4517
1640
6367
5947
4929
3902
6850
8075
27999
8741
9477
1415
1567
6873
4487
5373
5111
37326
11262
8937
7054
9818
2933
5628
3918
7515
14475
310
2133
853
4837
3953
6846
4394
11377
6066
4969
6537
6571
4613
9711
9032
1659
68
26028
6653
956
6130
9134
5179
3609
38194
4786
1974
3022
244
9898
49470
4794
3279
958
7317
1663
44658
9066
6862
1236
3694
47219
7017
3140
6697
9758
9563
1245
5146
7330
32881
1653
9253
22685
2183
13131
7320
7751
1924
4562
20390
2869
3713
7563
40629
2106
2351
5426
522
6831
7194
6061
65
9202
43045
6120
4078
4957
4653
7846
5411
1517
809
7483
6425
7781
25080
186
1210
6712
431
16254
48552
871
5699
6970
8850
8953
47173
8986
270
2807
7178
5436
9455
3957
9794
1540
6491
12875
5270
9039
3986
30841
1830
3344
15514
1396
3264
2426
9385
4599
5176
3079
8813
5815
43085
2031
7251
1551
24743
3672
9155
41303
1906
8496
2305
2827
8214
4296
2369
5651
7401
4840
11265
8087
42449
5785
3319
3823
7681
38393
9390
1503
4869
40922
40140
8715
6005
7211
24843
8199
1373
4823
865
1920
3439
28327
2333
5824
6759
27482
2480
3690
5485
4666
3837
2375
9489
31783
8176
22866
9322
45890
7488
8801
979
14502
1150
49837
6546
2141
8154
14319
7667
4932
1146
7922
44773
47971
1734
3440
1174
3404
58
3621
5193
3861
6563
4652
2049
13064
7596
3259
45831
7605
45987
7536
5576
44359
2196
9383
7644
29614
7263
3539
28778
7563
19472
9617
8234
4598
7372
7595
9424
5429
8839
3579
2222
7739
3216
2005
1494
5034
24302
1805
5442
8202
4687
5777
5060
7201
8707
8394
17086
250
8200
36511
3025
2090
5826
4698
7962
68
789
941
46248
6089
15076
21551
41033
7467
2635
1959
7072
8381
5048
1690
8932
6697
3247
2361
39924
2622
3561
11713
3714
13281
31065
5502
20266
3960
9216
9523
42762
2292
1419
7597
9343
431
9244
5283
26055
25011
8287
5402
3037
8883
45416
4123
4854
4021
3765
2873
31435
7249
5660
5196
2150
9875
8648
3075
836
6569
9643
6004
4748
3616
2892
5331
5463
917
1567
4507
9604
17686
7760
6199
6633
7638
4960
4780
2730
4914
36123
2863
1897
303
986
7547
97
1360
14800
18269
25312
2733
19630
42
8464
6620
869
10326
7534
2550
14918
8837
3261
6166
936
4886
3420
21224
5351
28985
13611
8745
644
48822
5029
31177
2066
7741
8194
852
2916
856
7315
5125
34993
40427
8764
3130
2000
5032
8136
1419
5891
8129
4342
393
24109
9657
3374
9712
29152
7235
2137
47747
5553
1589
875
8969
7210
1353
559
4366
8063
9842
9344
20483
30352
3204
6547
39991
6739
36624
1435
8980
8812
2757
26615
5326
25888
2024
6556
44515
8265
2735
7977
4641
6804
4572
1982
5082
9394
5529
3368
9030
48951
4862
3567
2816
3457
2218
4801
11628
808
1263
7214
5360
5889
4314
891
4386
1890
9895
8601
1280
2857
1592
8940
9522
9294
5024
1426
33386
9537
25151
3238
48045
12461
152
6276
922
4956
1727
7555
6580
7654
4528
33634
49024
8607
7116
9742
24389
7962
5713
8159
16607
3639
8851
3223
5621
40673
7419
3491
986
2208
5275
6753
18035
2731
4554
2288
9690
9085
1009
3498
30332
9681
5075
1036
1475
9857
3496
28632
6578
5603
7507
41899
9965
807
2129
6614
28600
4556
9387
7157
5035
5264
974
7176
37186
39377
6634
9527
8883
5155
1703
7797
7786
8687
5164
7021
169
11514
8049
1987
180
2418
6192
4058
7535
25569
37116
2690
1943
280
6286
9545
44589
8698
6094
4348
8328
37733
882
40231
4612
9255
1962
2723
7814
4063
21132
8335
3044
3528
1802
30049
9887
9025
214
5163
4070
5658
3698
3586
3660
45672
1648
1040
8540
97
8185
13620
6992
16692
6853
152
7896
7711
5044
7917
3041
335
26129
2396
8518
23893
4605
699
8003
6710
4075
3919
6090
47333
7750
5499
6130
4679
2039
48873
5269
3171
419
2767
8572
2251
23002
2043
39531
1797
7207
2409
5480
8706
865
2694
11993
2945
678
3825
9646
19178
421
2676
865
9952
6719
7129
4906
35176
1458
7707
3129
1190
5399
2547
596
24235
5699
780
43857
5518
26084
719
3622
6100
3045
17378
2819
617
3679
2516
22301
4801
3199
1280
9523
2309
6955
14486
43360
2672
37746
1271
84
12897
1232
7540
8488
5072
659
41361
283
8452
24257
9653
33813
2027
4030
2392
7978
8298
3367
4987
5280
8311
3736
5709
6988
3698
6649
1919
9968
9466
25523
2607
4966
9887
9384
6535
16004
3088
14409
4549
9944
8004
2281
4792
1412
23479
2492
4344
6528
4661
3502
8382
6274
8852
44062
3679
8782
1669
3151
5952
24942
5658
2479
3111
3640
9986
1686
1028
5186
9748
27823
44930
40447
6065
4732
46843
6636
3533
1678
1341
45088
7775
4598
4674
17427
7787
8173
7769
4509
7902
4509
7207
18922
85
3044
3462
4629
926
3264
4997
7404
1967
7814
1420
8554
2187
7447
27118
22307
9753
4428
3568
9904
6884
2501
3849
6603
7933
9691
3298
48701
235
9088
5356
7883
7052
3831
3570
1806
4689
7607
8830
6608
5492
7592
8270
9585
8818
29771
1378
539
8134
9583
4204
667
6477
6169
5097
4057
8284
1535
5673
26009
18340
1423
6354
7594
7058
17760
5132
3353
31309
8814
34431
1801
660
4695
47583
4050
1042
1699
3339
9254
8617
5077
4199
4369
2647
7425
2220
4621
46916
3172
6573
6101
3997
1749
46234
25750
297
6400
6806
6627
7485
4958
25841
2485
49807
16272
15947
2769
1142
3953
125
39008
6578
46
8533
33075
571
15403
6313
48694
2365
4002
36551
5614
2660
2455
4685
6232
8478
5223
8745
4183
8501
4762
4220
4576
6100
2805
1193
49546
1039
5831
9599
5728
1317
7812
44751
5728
3359
15595
7499
7689
8021
3272
8792
3099
223
5586
4619
9831
29780
3328
348
1256
9481
21055
523
690
39987
45463
7586
1424
4479
8895
7446
9917
36875
8494
1981
21236
9334
9945
4404
4399
4520
5455
11964
8503
8390
294
8754
4360
6577
8259
28315
30758
2677
2694
7774
1135
6275
14982
1086
19183
3542
4975
855
906
33239
1428
3546
8233
5931
47499
4171
4155
30480
8570
21650
925
4439
6801
614
8075
1347
11320
1027
39623
7275
68
9827
3784
45026
5690
48369
5987
8824
46828
48503
980
42899
4788
36003
7480
10365
1694
5306
5509
2256
4
7165
4815
4035
1294
25035
2764
3184
7349
857
4711
7338
9299
8522
10023
4965
40061
4992
4508
6670
47804
2371
459
7053
2452
183
6086
4783
3484
48329
6683
27510
5300
8891
18662
7706
9356
1736
5467
9390
7763
9670
32987
1517
9802
2687
9377
8168
26790
9375
1080
3839
46776
446
9888
9942
3474
44271
4735
27245
2710
6673
43398
1135
5070
4672
7312
33404
1649
3041
3883
6365
9012
16066
6349
9082
35094
9870
13899
10775
4030
1237
4636
6626
6505
561
924
9143
7839
8223
759
7068
23805
7269
9049
5109
3547
46070
9523
19213
113
463
5593
7858
3157
2828
253
7636
39945
42012
6124
3986
9769
5629
21610
9
2094
6155
5132
20222
2822
8786
3105
1449
5889
8962
6696
2744
3716
27754
11674
12751
9269
432
39785
4472
1328
4454
38427
5515
4870
2980
3518
6383
3301
2895
454
34194
2198
9903
49977
7707
9407
9794
7775
4123
17330
4120
305
9616
4406
496
33923
224
8050
4336
9956
8409
8429
8007
896
1249
44038
2540
2574
47136
7757
2988
3497
882
7486
29015
36342
8535
1129
22748
1052
43156
9252
19412
6641
1143
2836
9155
136
9824
4809
38391
3072
23951
5838
45596
3822
1905
3049
20019
6452
11204
3197
5156
3462
9354
4246
8609
43908
5097
5470
5402
3135
20571
1148
3627
14841
47197
19051
8515
6873
9663
4392
6014
9200
110
3715
8850
3303
38924
4308
6629
145
24732
7406
7115
3120
1039
2897
4220
3821
8354
8738
4590
18001
9871
26841
5846
3302
33154
3933
4477
4793
2587
9860
20664
4384
2343
7201
7935
6387
31529
48111
12078
29700
5067
172
8420
6425
8802
3903
9651
5830
31408
3872
7882
7255
3624
6884
16794
9565
5430
31088
776
44242
5495
1749
8236
32066
7296
2534
2285
5999
5570
13885
4916
46636
2794
11295
1648
2571
7414
1655
3269
7473
21894
6936
6160
3532
29710
6226
1428
7161
49805
8966
11249
5906
8906
4137
38846
46781
8366
8542
7292
665
8073
8042
3313
735
58
6726
1516
14463
9530
9504
2885
9385
11
8893
928
7854
4552
6501
33892
6877
5672
95
3378
40067
1435
1403
3407
9887
40055
8578
8147
6768
7633
1220
9253
1344
2387
44993
1259
9223
7763
3356
7235
5219
39057
4501
4083
2958
3564
8068
1212
19048
4935
43953
4375
802
8410
1824
8877
36599
35453
8684
485
2816
7992
45281
4847
6124
22189
8228
4351
5772
1176
6704
5836
6014
37073
9580
7702
35957
9754
9849
8419
28759
10292
30677
3661
5898
47304
6786
2540
9746
7329
9135
6526
9514
4946
2428
1370
9263
6309
9735
32003
8823
4605
7045
9235
19359
2241
8391
3186
25648
9567
1217
43464
9086
5846
27722
9874
12725
30453
3785
4943
7414
3768
23896
9817
9281
7380
8199
1547
21590
3071
6338
6675
3100
9985
1303
832
5644
42809
7329
284
23658
145
8652
1469
6151
48886
5848
1747
8454
1362
9492
4990
3599
4411
5600
9648
3173
24133
27009
21157
8323
33569
5014
7843
24283
3671
7650
7635
6352
8729
2503
4010
16356
893
7538
1119
6571
8783
49132
33523
8629
9007
4540
2381
5456
29126
3033
222
2114
5072
8197
2111
45739
7129
3273
8218
8324
14664
6021
6628
29868
3668
7033
5832
289
9322
7420
4074
1435
18177
5679
22333
32682
8737
5938
5220
3903
567
1374
4756
21208
3377
9214
14371
1603
25010
43691
9875
6690
7271
16002
9141
17307
27664
4973
18604
36869
47161
9527
5206
4541
2587
32500
8652
2649
9505
1147
19255
2819
9747
425
1222
2114
380
6335
2378
3501
3873
2326
7346
46495
1511
44836
37424
28015
1487
33605
32695
608
6344
25798
38930
22938
9881
9619
6757
7237
1908
42958
3260
8653
6033
41040
1930
2917
7839
80
9965
3098
5300
8925
9859
15756
492
3702
29433
6898
5030
9176
1778
27649
7427
6347
18983
3129
9616
1936
8415
1016
6159
9880
4746
20220
6789
6128
9935
6379
12359
67
8710
8684
2749
2144
41050
27646
7496
5809
499
2807
3657
29641
4003
1063
48733
1030
6001
2403
1601
4999
39001
13986
8508
30449
29232
3460
44690
671
5111
4925
877
9575
8213
3532
3964
5462
8671
8186
4919
2808
2891
24975
4992
1585
524
7269
2354
48608
15627
12983
7429
5399
2691
4925
4615
5209
8293
31986
37451
7886
25237
40539
4534
8644
48579
7490
4982
5118
6031
7800
2774
8592
102
8285
1987
3148
9724
35587
3920
5830
794
4351
2501
4914
5823
49173
2154
17700
8063
1827
6630
10883
8885
2642
8568
1667
3165
8363
7246
15586
7503
8836
8109
20159
47741
38978
5244
22065
48114
4245
9446
12788
36195
28214
2267
6297
6721
5280
4895
8820
1066
5681
309
304
9212
2971
7634
4171
40971
9372
8156
5251
3486
18313
9760
3162
9999
3705
2272
8674
2463
3833
6816
7147
18764
5751
5701
6172
7403
40311
8767
15295
2
3481
1647
7798
2213
8358
8091
39902
8444
9333
6899
6521
8021
6694
2096
26558
2264
8960
118
2995
6067
38761
9574
5205
4867
3412
9408
960
33052
8117
16538
164
9123
670
48117
3510
6943
39565
36076
5713
2694
6808
4813
41939
48541
8732
32669
4675
16012
919
9907
7212
6357
4547
2028
3007
8951
5549
5646
7180
7150
1253
2859
443
4469
8104
3412
2457
4674
11172
9932
1463
28048
4017
6073
4071
36458
36469
6095
5043
41920
26338
7959
18391
5233
8450
881
14825
1256
1638
3840
47442
13899
1244
2126
7565
8295
28647
30704
3099
9858
48153
6633
545
4497
1401
1017
2891
3064
9514
7414
6221
28885
5807
41837
5777
7164
9829
41214
6043
2406
2122
4666
31844
8068
6276
1149
4490
9894
9225
6841
8620
8700
26241
6435
8704
4730
8328
9272
15633
8728
1209
7921
5654
1464
2577
2930
1325
4612
4974
47953
41270
322
167
5701
4173
22804
1589
9327
4803
2694
6634
8219
6518
7909
5155
1510
9742
3868
25688
9794
13707
1586
4860
37789
4420
1548
4775
5735
4795
2703
8841
4294
8005
5204
35862
3081
7691
8244
6543
5512
9087
7543
2191
7946
23666
42735
5753
6942
6753
9666
7608
5599
4329
7565
4961
5682
7394
28959
8769
2236
860
3263
8606
18025
1130
44061
7102
1123
2323
22252
49938
7552
24758
9607
1329
744
1927
7101
25386
9101
4430
4983
7046
4924
4774
7074
1550
5211
47573
23826
2425
3320
9260
4363
5222
4232
1040
3506
9286
6066
3004
42266
8174
48345
9838
4668
9702
5911
2623
9250
22184
8750
6829
4091
40953
9573
4569
1803
584
43968
7827
5285
7471
2996
5716
8258
9443
4166
3285
16625
9501
4635
280
47159
9281
3534
28575
2804
5049
25555
20398
1752
10611
495
7481
4684
47115
8685
9137
9460
805
5831
39174
6356
8332
6552
9958
6250
1446
3666
179
8192
6006
49133
17693
8792
2528
1354
6190
3414
9601
205
5446
24022
9651
37923
29485
7285
1175
8538
47765
4508
5460
25958
39238
3284
4990
3997
1733
3134
9300
2376
5068
616
9729
769
8792
5450
5836
1954
7191
10219
664
19128
8066
3449
6531
7083
2937
2547
1755
5658
2957
19703
9167
6996
7585
2400
30704
7314
1463
47259
4590
5944
6491
5862
2044
13530
6442
5145
346
3914
8188
6379
3411
2567
19667
15549
44232
4082
4044
7796
3725
885
7478
6590
9363
4476
3600
3973
27758
46487
6780
37251
26655
9337
1556
9019
41093
9072
3315
3956
3589
2710
9626
8537
24696
4759
701
5964
6718
4971
2429
41412
6579
36082
45762
48583
3187
9135
8206
3264
4642
2787
25205
11125
22231
2139
3732
7259
3925
5991
7442
1235
8572
6481
25597
9485
35815
19402
4691
2604
23821
8590
7977
15622
8187
5102
7456
1341
32996
8177
6118
8342
3808
22617
8574
4551
37512
5028
1234
42853
7848
9344
11167
5193
3889
4939
1354
6368
3017
9293
2263
338
49565
9023
5113
1230
33169
7531
3915
204
15353
38258
5878
1790
7335
5653
918
5835
454
27199
2679
9534
8456
9664
5579
26557
6152
6850
43602
2672
28724
17195
1799
5513
38435
18285
6153
23827
6748
767
9342
9497
3602
7428
956
126
3129
28165
5486
8987
27352
2739
3805
6770
2442
4913
27216
7624
3140
21950
5470
22539
4505
8093
4240
40018
3718
9425
5057
3055
7039
46445
1143
8825
8406
9390
9322
26785
728
3443
11073
8459
1631
69
30141
9864
38688
17179
3885
46152
4174
49974
3108
30555
41320
9299
5214
9054
34242
8872
8781
8535
5079
3511
7900
5029
1983
6814
15367
3197
8652
7115
5331
25923
6968
1069
6833
7059
2258
1784
1970
2029
386
2174
9282
8914
5129
7500
7674
4816
5264
3865
3310
592
6877
6191
6383
5212
9764
9221
40427
1035
5609
1734
9728
6587
20207
42623
4708
7041
9477
9259
9178
246
30845
920
4254
2734
3468
49624
530
2371
338
17917
8883
272
4643
8948
4808
5015
7918
1202
844
4037
1765
7282
8975
8243
7669
10042
15673
4610
9139
6330
6870
3559
3607
26941
7939
47853
3056
7682
12984
21469
18065
1099
2824
5393
1844
2633
3783
36968
7291
4837
2173
1964
6425
22031
9743
8715
522
1890
6454
21066
4899
1236
7054
1460
7180
4735
5896
4378
8762
7830
9427
6352
9969
9409
1935
7184
3923
7251
44459
4799
43599
6103
48638
7076
5914
8716
732
216
4341
3226
3748
33780
1198
43004
3086
841
8376
4675
5829
4650
5261
6448
9051
677
1866
26690
5095
6829
781
18547
5487
5884
46618
8818
7026
510
4270
9423
1717
5413
2368
5032
3908
5225
449
650
22188
2830
6570
5000
1738
46517
682
34417
2434
916
3
1596
8819
4828
1821
429
18269
182
828
9851
1983
6001
26355
7888
20108
6513
28428
5106
4369
2987
2026
1176
706
7813
7266
3571
4199
177
9845
36907
6213
8791
5684
30352
3639
6178
5763
8548
34635
13271
3887
5030
28339
6084
4612
35498
3565
6761
6686
8207
1963
29997
44151
3473
1886
19927
4970
5545
25492
35089
2900
20704
173
6815
46819
9228
829
8859
22787
6472
5422
8125
9806
7496
3596
5094
7845
7556
6650
2891
4827
9344
5577
38405
468
7299
5927
3356
6591
9141
5357
6662
5305
8132
8688
9557
5011
3853
2535
1223
94
1620
4773
28762
2200
11381
8152
5101
4613
9248
9553
3288
9950
2316
9154
8790
1192
3496
35978
7238
2706
4734
680
7889
5694
1231
8465
1235
5458
1746
47960
9037
6316
9961
3045
702
17282
8486
3999
9237
3838
3297
1637
6859
35585
8117
3083
7264
9138
4769
4331
9750
3954
7372
9447
43264
398
4021
12719
3447
5324
5845
2950
37706
7395
2767
13928
7746
5392
2826
416
3985
9705
235
8355
1736
8363
1179
3543
4146
6498
7245
4940
1130
137
2002
7917
9406
4895
7141
1780
789
5678
2224
7053
2700
9086
645
29304
7459
3202
3404
3247
48887
1790
4625
3720
3867
7257
1401
28793
672
9081
30722
5319
7377
3425
9141
4884
6279
4905
3463
21657
1104
2148
9296
15631
7612
29660
31585
6992
43606
44715
4641
7413
4298
6777
7796
3333
1705
1377
8140
6718
8562
2265
5806
2874
8345
1917
7728
8516
5144
9104
2391
817
4981
43743
8158
2332
2352
30150
2048
4944
5366
4601
7344
9832
7561
3622
9652
9136
9992
19317
9065
8294
5128
565
6774
12484
3725
3185
22908
1182
25491
9592
3270
9756
42247
9903
8666
26956
29465
6365
4692
7560
1136
2391
1917
2266
3007
9338
8448
6651
7154
2760
4214
686
3949
3864
41745
6444
1061
7940
39974
5594
2106
7408
355
4253
5157
6222
7898
6750
95
43903
9280
15801
9318
17050
4774
4539
1513
5392
4976
4705
49970
21689
17468
1574
46981
33390
974
4459
894
9301
1377
25831
4868
4645
25465
6937
9456
3558
5861
21264
4597
37138
1663
4892
26959
12186
9044
4299
8947
1630
7049
1210
8194
3297
2577
5228
1600
5462
4558
893
2322
6527
2318
31796
7795
5232
5125
9446
9756
9203
3356
34649
6493
4256
7536
8069
5424
6625
9961
686
6554
8770
8347
4317
2379
23579
4136
24819
8451
3876
6429
2803
7655
6573
20303
7422
709
3704
9038
2135
1818
42538
17321
3039
13827
3804
25163
555
5875
9678
2418
7723
9453
3877
48385
2554
7395
23781
682
6034
1261
6775
9434
3077
46369
26939
44711
4114
7251
20842
4050
12949
224
36021
2613
27706
5011
857
2020
8605
6234
1236
4488
4771
4331
1428
46693
5684
8613
8518
2341
7603
3617
7905
8741
9101
6155
3090
8622
2110
44482
7883
1087
2713
5317
1328
5273
9704
8953
43368
20927
6339
3150
8624
47301
4674
4573
6589
29
9453
1759
4530
3667
30160
9469
6365
4587
3612
6721
3116
178
254
1904
9248
845
7283
4684
446
23913
22789
6537
7796
8712
9863
8713
33588
9037
7661
28213
1105
2321
4525
6057
3124
9424
2333
3742
6703
6549
729
4412
29765
369
868
39767
4344
17756
8764
3181
9708
5521
9820
8806
3116
1742
40930
8592
37623
5032
3868
1361
24566
3592
1163
2334
1161
43959
7464
1510
47565
41452
5465
7035
7020
9563
2240
9103
3335
7640
4427
23461
6220
20685
8785
6894
9544
1304
4067
11594
7222
9603
47600
550
2279
9556
94
2253
5102
44428
4680
1059
5197
1125
7167
4103
6372
17257
6746
8705
6372
48727
21576
3392
9878
4139
7316
2184
1830
8140
229
5918
34830
19630
4972
2006
3743
8531
1278
34938
36213
415
38833
27171
33356
8538
7638
2389
4197
2834
23941
3803
32263
2015
6581
2527
7228
1317
6281
48587
5684
6862
2920
2641
1395
5665
30405
1791
7076
3667
335
8537
153
9146
8304
8977
2423
8604
9151
8901
631
1627
21959
1317
3491
49482
24633
30165
13461
9201
8737
19537
3350
1900
1523
5315
406
1008
6938
747
7124
5092
21431
1266
1075
415
6632
2460
8370
4171
7780
1606
8198
39209
3066
8672
5002
6914
5850
4835
4262
7038
1122
3519
2733
1409
11836
44352
1023
8254
25540
36
36326
36377
27149
3355
9137
47122
8368
31014
37473
2428
1423
7303
9649
31366
444
353
4287
3357
17619
879
7587
14930
1049
1398
1161
7703
3706
5429
966
1580
14394
9877
19337
6356
27707
8138
979
8510
2975
45415
5507
7639
1709
3742
9726
3089
8988
900
29321
3525
28855
6611
3474
30991
6134
4553
5787
6164
18308
4862
8527
4247
4037
24650
4568
9773
20663
5519
8366
36101
10887
5175
9413
44644
28947
9202
9044
9090
4455
4130
2149
8591
7159
9132
6379
3436
3696
49749
1943
4890
3618
39860
7964
5716
5215
41667
32235
8801
593
6908
5780
32699
15102
3193
3796
16250
8665
6621
7389
943
5529
23935
16354
4670
8516
2587
6891
31690
34332
7905
8974
40310
8663
47519
9645
24028
10000
595
8014
8565
6846
2165
16739
6681
7194
35501
8156
75
2978
7649
9497
8213
9074
35340
3082
707
6539
24597
8595
1756
612
5022
6489
9976
41873
998
3821
4677
1374
908
2012
34870
20962
4596
6285
6140
6362
7408
5306
8012
1893
5295
45675
30411
7065
8687
5183
6616
955
8029
448
4278
7402
6328
9741
6760
9120
2271
5163
9784
4068
1035
7737
4742
3618
30456
4323
45363
1156
4980
39302
993
579
386
4840
49590
5324
7239
6510
1174
31196
42930
8798
5904
7175
6313
2621
2075
4044
7965
346
1945
29809
2455
2213
12809
4666
28508
24851
8600
7069
2061
884
5616
41906
8669
12413
26521
7368
4740
46683
5530
5915
7486
9064
39309
9525
5828
4433
5865
9858
20137
7026
2725
3246
5319
43079
9721
3778
6279
15335
5023
2192
4576
4522
2728
20517
8527
9758
427
4947
4773
7141
15382
6366
7053
8749
469
3983
3851
4272
34226
1387
159
9867
9464
2690
2706
4053
72
1314
49382
27
5699
2074
91
556
2886
10302
7371
6807
6724
4764
2694
4104
8502
28763
9337
5735
3171
5172
6744
19257
6052
9761
544
5888
5049
5541
1373
48545
45758
5828
45435
30203
1524
3884
4434
1692
1348
3874
2825
13348
765
1042
25514
2455
7222
1063
2826
30141
41023
949
6001
9291
48911
3663
46226
6089
5595
7526
7084
7471
9470
442
34616
215
2880
32591
1218
8584
6508
4055
1500
7339
6087
45733
26944
7106
7472
43006
9525
4196
46229
39010
6159
5978
6397
5568
6867
4588
504
8861
3312
5478
3092
3128
4886
9416
7975
3441
7889
9034
1089
18168
6512
9045
2417
8787
6074
5423
9483
1256
27655
5401
9609
3868
6346
7502
3296
8972
2865
232
41726
2505
9200
1138
507
6896
420
26406
4277
4023
339
8424
49277
49366
47360
1564
4852
6069
9232
8960
7795
1497
1619
7364
9421
8616
1206
43651
48866
34250
295
8461
609
7686
8227
2786
23900
4037
43934
8251
1744
9286
8317
3944
6928
2389
31195
9047
8866
1084
7440
786
14020
26600
7019
27
46727
3492
5929
3142
9376
8166
1013
5389
3995
5601
8646
5123
1085
5184
5551
4735
6322
3049
420
2076
6594
3072
12103
29108
46457
25523
39480
3613
8932
5675
2040
4663
6831
5692
7890
1525
5705
933
8499
2761
2238
8856
3762
2632
36505
9623
36770
6680
2434
11285
8365
9992
7816
29885
3965
7616
9484
2151
6888
46750
6976
650
7466
6755
49184
2197
1103
4900
7272
8957
1371
1556
654
20185
4838
987
3089
8686
4915
5862
2342
46023
8509
13753
1774
9172
9260
428
1736
47317
6988
7492
7469
2968
9542
6464
595
5250
4262
21142
48879
3024
11
6760
1400
519
4501
3245
1043
38728
4785
5314
1891
41589
6135
5816
873
30021
8899
5322
5703
370
9113
8733
1646
9696
7738
752
6601
32746
3833
9193
9023
3271
25344
12414
4974
5241
6630
154
911
7283
2603
871
9973
28850
3369
9017
3957
10232
3104
26281
4759
29999
7116
987
6969
3698
5595
2904
2549
828
8331
33279
7963
7653
1549
8906
2445
757
3272
5818
1887
6194
3634
5634
9730
9245
45755
18953
1417
700
630
6564
48626
6905
3614
15880
7132
33564
3241
3284
27956
168
2109
37221
28154
18984
8918
6869
9392
1433
9472
2828
26042
7248
5642
8399
4812
6824
6802
5807
20885
32752
24347
8903
3240
5045
42098
20809
20486
6139
2597
8431
6551
23687
2472
7699
9987
1587
4984
7083
8926
4372
151
17759
1522
6967
1725
25099
5900
3506
2006
18891
7090
8269
29901
28915
6408
4759
5097
17
1757
3299
8757
6466
8027
1059
3588
74
6463
15711
1055
3531
3434
2388
2380
4707
1690
9276
5548
7552
6379
19571
5686
1178
2567
701
4182
3659
7254
9971
8003
4711
6892
9425
24400
1334
250
7524
7454
25161
18498
1721
30764
884
6886
2997
5518
114
6469
720
7680
5829
4208
3427
9970
4337
1122
7672
1713
2064
6204
6632
9404
4483
7296
275
2912
9106
9482
9309
6280
4780
8714
1917
2291
43569
1930
6232
9831
9660
9820
29005
2111
42085
3605
9357
348
7254
5781
6381
26524
22692
5794
4534
20474
1448
263
1450
2704
2776
4569
6836
7333
4085
6244
432
4106
6568
7001
9624
6889
5189
15068
5357
35092
6974
12431
33940
5903
35190
3980
7508
24072
3420
9761
40039
1047
4426
3400
5544
9561
1195
48144
8576
7858
4630
5295
7490
8355
448
4300
40441
9616
9979
5780
3146
6505
3544
4121
19475
4535
6125
35425
5642
8904
1881
45745
5869
3710
2029
5293
7156
4028
23414
3656
3186
12210
6534
1798
11350
22061
8295
9739
6794
10174
7010
42781
2728
8565
26851
6296
24789
32488
9824
8152
8058
19652
16562
8354
6728
7173
1619
5175
6401
2944
3829
8349
7012
6128
8309
42560
7112
9752
2620
3575
3690
6572
4182
2095
8802
8175
4228
7671
40863
8447
4106
26919
8554
4311
1984
6724
9373
7047
8901
2589
2138
27463
2911
45376
15
37262
47783
1080
2279
5816
3333
1343
9314
105
9134
280
17847
5238
612
1941
1
3355
2718
1226
2896
22168
521
6472
487
1216
4564
9857
17509
5170
4858
857
4785
1135
7985
1790
9793
7885
6788
9594
9083
1882
2474
48821
30585
2742
3713
29912
2640
1379
5239
2869
39983
7422
8852
289
19595
3662
8915
2482
9959
2472
3579
9747
2312
33076
6788
4373
43107
9297
8330
8502
7719
7592
43307
5155
6208
9038
11900
5270
40113
8768
1386
3658
3539
4714
9382
183
76
2316
690
34655
9021
6746
8640
5414
7356
45699
1333
14856
6238
30809
8905
9710
215
4111
11695
4627
48480
20011
2790
21888
4030
8175
47663
9040
22062
4661
417
35466
961
9818
30
1307
8618
7446
7511
2196
7190
7642
5031
4861
3731
180
8383
952
6988
4647
3361
34533
554
3793
786
46013
6344
21836
25289
6736
9223
33261
6422
5410
2380
6254
4098
6332
9577
7590
484
7058
3643
2967
6174
2673
807
9717
6051
11401
1741
1
9083
2443
9923
14179
9492
1762
5961
1649
16973
7523
6376
6928
5712
2176
4819
6845
3306
3168
8030
5872
1737
4386
427
4708
7163
25478
1907
6322
5342
8576
5541
6345
7925
5273
1250
3928
449
1582
1341
9033
1750
3149
288
9750
47064
5667
5470
8264
8059
19477
6833
1353
4878
5189
27076
8890
2679
3252
5564
4680
2544
1453
8336
30862
7786
4772
2433
3355
8873
7194
8357
4580
14631
20454
8303
29805
13798
8709
7273
754
5739
6881
6064
7615
46485
559
5350
47127
5967
8079
4575
48067
4249
18449
13637
4027
7028
8880
9581
6445
25822
531
6026
840
9569
7760
59
4554
1678
4507
46114
7304
18901
386
22152
5425
9254
1701
4843
4338
29485
34184
6714
38339
2753
1444
88
22323
11863
6213
25120
6727
3573
8816
5244
5352
8564
8482
820
8725
20131
6549
7840
5284
8051
2173
1709
47862
3533
6959
9931
6759
8968
5137
3614
2466
27613
49625
3450
1675
1419
734
6488
9047
6132
37215
8522
8768
8451
7172
4707
2064
7695
6438
9124
5464
4857
897
3794
1809
1527
725
20559
4661
42999
5861
5484
7970
9016
9953
831
22283
778
4513
3699
9893
4483
6319
3417
6925
31616
8311
148
24856
7354
7397
4707
6922
6013
386
8158
7680
1422
6049
48480
24747
21562
3984
1159
4175
2529
46126
3550
19379
3796
5369
5909
6389
765
3923
7484
6619
8275
8933
4725
34134
26529
5215
2763
7098
1885
1946
4459
22948
4318
3450
12753
6766
8281
3354
1949
10395
4459
9739
9258
6769
6045
8092
3903
9117
6802
4649
3727
8958
5549
727
45698
9919
7220
4322
6201
2211
8544
4654
578
39744
718
61
5068
58
48952
4366
2335
7818
8168
4074
537
1471
543
4021
975
1273
7003
48911
2855
2092
6235
313
5534
793
8446
9205
6302
7269
1940
8690
6978
5468
8430
4
7187
7599
9517
9606
29297
2210
12854
36110
6976
44415
30502
5475
2505
6704
8712
3267
4402
14386
1033
9426
4108
9011
9820
173
3495
2011
3634
9383
9416
42360
11186
6105
4141
569
44612
3511
5592
32889
1861
3884
7315
6097
5995
27142
7598
30648
6119
5062
7153
7346
48501
4279
4585
9377
7878
24266
3860
4622
3810
8834
8461
9909
1722
3913
5935
2744
2273
4939
49145
8507
37989
4516
28500
21530
9532
7566
5059
3654
9820
30627
3755
8970
4942
16301
856
48570
2441
7881
2236
2431
6597
727
4960
2740
9292
4476
1107
416
46112
2649
3420
21447
34286
7679
17798
17632
5695
6567
2412
6990
562
405
1189
4408
6677
3482
29315
1313
29594
300
6401
3713
19576
29897
8895
6908
4819
9989
6815
5805
23954
2536
49395
9656
1274
1026
2976
2077
8313
7101
1821
13
4595
47828
833
36159
7715
6114
38806
4462
3147
5755
1566
3797
5480
1620
22367
7111
9556
33296
635
6956
44939
7055
7636
19928
4220
1025
3239
5373
33768
2647
881
9330
729
9231
28846
4410
4333
6357
9723
1776
3574
43315
2868
4339
6463
7445
9403
296
7354
8844
1722
901
1365
6390
1487
15661
1668
42822
4010
2516
8197
663
4551
36635
1798
4827
36314
5931
8633
636
42937
7571
31412
32368
2968
5718
25569
2020
362
2438
3484
1057
11389
5148
1510
39
36965
37254
4888
9803
1050
39984
29299
8742
6694
1474
4448
8533
4413
9521
38562
4514
6883
22992
15494
5820
3338
44895
2199
7739
17871
343
7209
8772
8222
6433
8839
1720
7298
9293
5780
47433
42287
6771
1604
1109
177
5725
3574
37135
6549
6795
5242
42460
39167
5108
8375
1358
6625
9564
9690
846
4309
2480
1292
7759
2542
1979
1661
959
445
43325
43971
6824
5170
3316
4960
35927
3527
17417
2935
2340
7286
23610
10159
1273
6189
6478
2071
9134
35206
2666
572
9035
1273
4023
4915
39737
18327
2985
1700
5420
4121
29173
47693
6161
1433
1419
6098
34697
6892
4257
3634
3489
3731
1782
7535
6734
26566
22634
8852
26693
6797
374
4773
7283
20298
7987
7616
4098
5099
28099
902
1683
6037
263
4742
9415
4606
4608
5463
2645
7517
6494
4630
45657
6035
6890
7045
9369
47864
1503
41283
1912
4881
1120
5782
4043
1467
456
1475
9200
4938
14237
2320
3706
7098
24274
1767
1613
4564
9529
5366
8375
5756
22460
3259
1198
6099
6905
11039
7298
22990
9912
2933
3935
2467
29297
16631
43104
25469
3207
9060
7529
3443
40854
1442
1303
2087
184
41194
3452
7207
45199
14182
1772
36531
5109
30575
3650
2469
2626
16340
40967
26118
2820
34648
32877
6026
40665
2733
12262
5290
30826
48191
4436
1581
4313
1762
807
386
7553
7102
6040
9070
1985
6127
3185
5716
9501
4975
7613
2405
1531
8629
7668
8813
7903
2982
8637
429
2381
897
7439
4381
4656
40750
3707
48361
8481
2661
26526
7167
9789
825
1819
8369
7630
21697
9257
5586
535
790
29453
46171
4739
7548
6127
9741
1767
9965
1329
9212
9141
4857
6914
1026
37800
9435
4922
323
2121
7344
5564
6003
5793
6251
21656
20923
46857
34757
9602
1556
4501
4121
25737
2270
49025
9614
6122
4365
8443
3986
21920
576
7323
1918
7300
39258
8376
8806
12403
13363
1136
1984
2472
6331
2898
4207
5483
4448
20616
5813
21188
3832
6946
2274
97
7653
27498
9832
1305
14106
1271
185
2135
18421
4607
5938
17
332
17223
8530
7076
14453
9016
4863
1187
10750
6266
4469
30989
37831
9801
5229
4962
2280
5820
4624
1020
2081
3342
365
44160
1683
30763
4552
6857
5620
4642
6216
23614
9625
9172
7774
8156
6105
7008
1812
5837
2457
3529
6964
3870
6479
6811
7892
7453
24624
75
4021
3507
2110
5084
25708
8424
23860
6920
9581
6877
7605
4966
3363
4377
7124
11581
3851
4984
1144
122
34911
4740
466
8878
2997
15330
6969
9230
9453
125
989
5793
3568
6375
42893
1574
551
20799
8253
36482
9449
8186
5036
28434
6235
2006
3029
9187
4615
8351
6314
44431
9320
9594
2574
3963
1792
8688
10790
8909
3344
1504
37072
4384
708
7836
1549
3828
25585
7992
8271
2077
42660
7371
3066
745
3970
31788
9877
10579
8673
7664
9030
4825
150
39756
19739
6408
43001
3668
363
3002
6056
9228
31386
3628
7799
33052
8186
5921
4594
19540
36626
9562
5593
1501
44267
3851
5851
38009
3379
5546
6877
5323
2589
4075
18717
9771
18672
9893
40335
8440
4151
8891
8290
8044
6865
34456
5457
4125
7386
2073
6304
7724
16185
1887
1101
26305
4090
9890
9958
7683
19448
8498
357
33185
8628
31709
2721
4334
33295
1424
4182
5844
5286
31282
6820
5059
5763
36056
7677
5500
1808
19707
37542
292
4877
7939
29502
4181
5962
8455
7870
4454
7031
1910
4870
48520
5693
9244
198
2127
2622
745
9617
5541
4244
4513
11613
3228
7859
9622
7755
2445
9642
31614
7432
155
8296
3832
6243
5231
4910
5579
21003
9368
6737
4756
9603
14559
1043
6981
1823
3804
565
24725
738
9428
4219
23642
336
6500
21454
8147
5313
16092
8002
6019
4952
47390
2627
10800
8201
33275
2027
6137
2677
898
7456
2875
4530
5729
7811
3343
3228
27975
2399
4698
7501
2444
3975
38303
13674
21009
1366
30531
6213
5824
6938
7340
5985
4112
122
4019
9191
8322
5298
3935
2769
45154
9242
7061
530
1646
3398
15365
7440
8822
8587
40383
35065
7075
9650
40542
45689
21873
5850
5348
8139
5006
1070
3439
34764
33645
16751
6614
6266
2783
41407
5026
33118
421
750
3032
2195
41112
453
32778
6896
3800
1016
24521
26729
7139
9792
4409
6416
5994
5920
898
7418
4917
39055
7332
1167
2762
4494
6148
4131
3131
4305
1987
1452
6386
4903
9119
7253
18108
7722
7328
46465
4083
3433
203
26690
3439
9524
9002
2360
98
20338
32685
5048
9840
17276
8192
5650
7144
2014
6996
54
2486
7366
3432
3540
5096
2380
8874
9089
8278
5271
5404
1422
3630
1640
112
28142
1072
6545
2529
30280
5600
8093
2076
5785
8540
6661
8413
7165
1168
9842
6638
7886
9853
22747
12467
1251
6283
1969
26812
5639
764
36804
19961
1031
1217
5330
19949
32700
6521
5239
3586
2325
2514
1572
9807
287
1338
5398
4486
8989
1227
5548
39058
7401
5218
1372
6835
6424
4425
7645
44580
3057
6580
5650
6738
4235
21909
419
17464
1793
5941
7718
22138
5092
3088
9575
44835
60
8267
6178
8154
7255
8733
20170
6329
2337
1418
5753
4887
3173
8792
4480
3247
9132
39589
906
1564
9097
21919
6940
7477
14616
1251
4580
4260
33637
23119
4039
9500
3253
3741
6894
3644
9568
7157
3406
6124
8091
6286
5129
3116
9029
5742
38349
860
7533
83
8296
445
9772
3464
333
40502
711
4828
9270
4496
9347
1746
23311
9502
5308
8370
20264
17631
5509
5416
5418
6658
5851
6609
7994
3024
1615
47762
5787
2597
36835
4516
8150
38714
5844
7084
8511
5516
21252
6860
37466
20019
31364
4352
25216
8673
5417
3483
912
5723
6751
48108
10429
3791
8642
6199
5605
1229
30759
9452
793
7691
7355
40784
7795
8378
7589
44757
2185
806
4798
2613
19778
31674
2573
6055
9396
2964
33061
2250
36704
28838
8395
1770
6865
6734
4920
9447
192
8293
22943
18583
30073
6203
15493
2338
49833
3637
14281
5286
7020
20853
3034
102
5531
5450
3374
2445
2806
9345
3183
1584
5020
42562
18482
32540
2397
3612
869
33463
7231
40655
3087
9548
2631
4407
21729
41254
6090
8457
9998
7080
2841
1264
13923
16662
995
9612
1213
3054
449
3397
46375
2234
6989
8908
9982
3304
2087
1109
937
9158
5577
5454
14580
12635
6971
9343
2622
9433
43992
9168
42890
35447
10337
28822
2935
6847
6540
9017
4935
9152
6404
4138
2888
7935
8492
7877
2157
917
1454
2427
5973
9242
5108
2654
6898
3119
887
2436
22440
21879
17576
7720
7174
35110
11915
19091
5359
7581
4402
6261
7779
7213
33972
252
5133
4863
9160
3039
2736
1652
6928
5708
6119
7039
36461
4502
6403
1785
7200
6126
4774
5738
32130
827
5544
5884
7229
2632
2807
1185
1051
22980
9035
4076
1894
4554
7393
2634
27643
46233
48961
35355
7080
11909
17465
2939
2352
103
30217
7018
2057
33655
5790
7709
4529
8957
1594
4332
2362
954
4281
4335
1492
8260
42526
29389
17710
49073
4286
35938
35106
1048
9643
6359
7066
46823
3707
1912
9013
49762
5411
9678
6236
18354
5871
3528
1586
9431
3958
13650
6392
4085
6021
1139
18649
7220
9002
390
4387
4273
4051
6590
47286
1296
6116
192
5366
25470
8853
6495
6491
4491
9379
1318
8829
1828
8673
15534
4337
7747
2471
7166
85
9641
4674
9323
5352
8995
9088
3669
6356
692
7569
11516
7461
9497
1129
9633
9463
24363
5418
9441
8111
8376
1163
1166
15923
26434
1448
763
4567
6496
6957
2300
9085
2141
1689
8178
18912
449
2869
5117
9006
3427
6897
3722
43763
2679
9685
49264
9185
5807
22982
639
499
7943
7781
39821
7734
2460
13374
8699
8740
4871
965
5245
3903
2972
2736
7833
2493
58
36312
24707
5982
7487
9824
5969
4841
682
2123
8640
7705
5956
41629
1692
15887
32683
7204
1406
2262
12602
5173
8634
6023
842
8872
4036
9251
4736
8732
984
32796
2272
2298
5518
5878
7812
6706
13603
6944
346
56
45636
2767
7965
5027
7392
9591
19808
9927
22961
11525
3154
43328
5447
27378
9265
5929
44582
26728
43796
9874
9003
28991
4896
19959
4378
10114
17483
8716
6107
2236
3570
209
9097
7310
3853
1041
40688
4448
3495
10525
3896
1208
96
5619
9231
6321
6421
9288
97
26
29960
12939
4828
45334
36227
29364
35737
4164
2282
3865
6305
4000
6721
3400
9234
16234
5893
6162
605
3218
30557
1686
6936
3507
3635
841
372
18349
6789
24651
4909
2351
44082
699
9430
8652
9839
455
8793
9566
7440
38554
21447
11856
9622
3258
3002
7939
1399
3460
4922
3251
4898
8230
34774
1322
2210
1244
8915
27793
1947
9533
1008
7043
5048
1588
1821
7724
16723
2355
46923
1832
37922
7021
336
8664
6901
15076
3702
28842
3676
3887
1246
3988
3200
5398
6831
46155
9864
8022
24863
9030
9176
5255
5478
3080
18284
2190
7041
5727
3066
9993
12023
6371
12387
13070
32352
549
6547
27257
4744
7780
28368
9024
24159
7272
9799
2356
37456
5184
37701
3164
1658
1725
20334
2355
5206
2080
2094
8356
6763
6992
8641
5726
40095
2500
34248
4314
25918
4774
8553
2572
5133
3781
48489
12000
5185
4433
43799
2602
3973
3689
45057
734
30281
42604
515
4891
2729
3450
34123
1105
910
5790
5679
9525
972
8840
9035
9517
7000
7936
5279
3638
1046
1620
8418
2066
4451
7841
4095
4044
20660
774
6190
9335
48142
782
7117
4011
1134
7989
1196
9845
1699
6757
8009
38049
8436
4605
10406
8131
5682
4278
43672
5295
3397
4280
8393
8078
5391
1428
49468
6230
889
3716
16991
32850
36234
6418
5348
743
883
723
3915
797
42398
736
4967
8288
6731
2417
7979
3165
477
5631
4450
4652
2049
26661
20315
17704
46774
1185
12002
9548
30570
3810
11752
2241
5135
4486
19001
35128
2826
25912
1005
7026
5641
2869
505
19023
287
517
6655
9373
6515
11677
29789
4301
5002
4771
7480
47550
21737
6590
9882
4344
1670
35867
3960
7264
7532
5086
23667
7217
4347
2805
8480
2879
16479
13582
6845
7740
14619
8360
8255
1644
10548
34451
9422
16647
8495
817
2228
1376
235
8023
1606
26884
3698
583
3516
6462
13202
33636
7121
6038
46133
1442
42921
9193
14335
7655
3698
1178
332
7057
2517
10360
5698
7317
22506
8587
9459
47634
6937
4162
1926
357
8040
6111
1735
5164
5739
46779
84
7640
44589
8351
9135
34488
7975
27840
34426
5977
8218
5780
7815
11628
4122
7186
8709
3394
1094
8662
28852
20055
115
4112
3529
5799
4846
7274
43336
5338
8981
47982
15844
1623
954
5684
3501
425
2785
2859
30743
1724
3692
4917
6658
6236
6149
7221
18
9791
717
2102
4173
760
723
33932
32723
8248
6838
7014
6086
3191
2857
9079
8123
20602
7292
7265
6599
6113
7494
4243
7140
9608
9214
48514
2131
7535
6041
2040
4334
8653
7916
7608
9729
8011
4278
32189
6671
2258
1492
1318
6025
13319
15579
478
4185
5447
992
6148
4027
5496
445
3744
8511
607
9987
11948
8867
8282
45812
3794
8189
8658
2060
6779
4472
5856
1485
794
1882
5391
1111
9435
3317
3285
5380
364
4470
8438
5449
3693
6264
3824
2191
22732
3041
4451
36742
18855
7369
17541
1918
7652
518
7845
1703
5603
349
8303
2431
31618
41479
2661
3146
3016
9219
9149
35208
6580
6852
1222
6431
411
2606
40
48827
9170
5660
2349
8557
2187
4816
22454
11270
42113
1447
3940
14633
755
4919
8320
9672
36940
6640
6531
9219
4801
544
1096
8424
3509
217
2036
32343
6357
5931
1258
1640
6029
24062
3189
4382
9336
581
24411
3945
5315
7698
1077
32839
6016
2520
4569
8237
8595
17971
2659
4164
8648
16344
9120
2917
3180
6167
308
996
861
5924
4313
8289
9407
6080
9953
3560
5973
8875
47190
2082
43542
3295
505
5995
29557
7573
3609
2801
8055
5166
9498
3494
7136
1361
28401
1402
8555
3790
7691
1317
8351
25574
9569
18373
8027
6294
919
7080
3719
2978
9926
3126
3856
3234
8025
603
4445
47300
3302
4861
3743
331
3748
146
43738
1432
286
43726
34086
7247
211
10469
7122
8882
9758
21528
27800
716
9465
4533
5095
9067
11369
6405
5556
8277
3849
9728
20986
37509
1616
5764
3020
4416
19167
3610
3133
4609
2254
9247
2629
4393
1598
23710
8388
2448
32994
2966
4794
6939
8177
337
2914
9689
496
9518
45008
32972
4486
44143
8007
19254
7118
6772
23433
9425
3547
43965
8543
6967
1781
9846
9400
6190
547
6201
3227
26626
6941
3315
6632
15527
3306
9631
8598
17905
30845
2411
8286
6465
5153
4552
1568
1391
1198
1076
9014
7412
870
33516
8543
5860
2740
38264
33397
3384
18407
8589
835
45848
5581
16857
2057
19998
7315
4578
7944
30649
33882
3081
37788
1355
2660
9540
37800
4311
5741
4746
8578
7970
2767
7517
9632
9475
4470
1006
44457
9271
1996
2756
13387
7590
4512
3343
17938
9109
9523
30522
3504
7150
1588
23627
4562
7619
8187
7388
8738
2867
9279
33503
9202
2233
48176
9582
46482
2298
6975
782
5206
694
3240
27223
5799
2679
19130
29756
13901
15393
16015
11580
7366
2
9439
3022
45034
24338
7938
3229
7972
7165
25728
5643
6692
5678
2415
49041
31605
7857
24442
4012
6322
4015
3527
5131
5940
38409
963
2367
8748
3068
8761
1603
5600
3383
8663
5188
1551
1309
4879
40776
4386
17740
8445
5164
4803
40971
4223
38842
4223
750
22345
5929
7905
7773
2151
1797
3560
6683
45899
45538
9714
8189
7723
1730
4481
2991
4059
9597
29714
3483
8025
555
10257
4416
4500
9523
2561
3588
485
5390
23108
6751
47885
1025
1932
9823
6996
5864
1447
6907
6257
7804
9829
3405
1716
3582
1613
35606
6397
9780
4864
467
1079
102
51
3088
25853
1926
29644
1799
414
8727
26281
7629
2983
7580
9864
34364
1991
8687
3290
19354
5230
43352
2590
9568
121
6192
8535
6573
4629
3982
2705
43224
5327
503
895
188
7584
8885
2626
40803
7944
6655
11659
5527
7746
6016
65
5577
1319
4535
3685
4824
550
9287
5241
36468
3701
6666
8189
1324
4089
9827
1050
1341
2283
4964
5528
8064
3821
4584
3744
8407
550
591
4790
14
9469
2624
7437
20498
44614
30511
5941
4912
1596
2007
8802
3482
35989
4497
8152
5282
3839
736
7447
1423
6689
157
3598
47281
47039
7394
8183
5107
3247
11890
44704
6677
6528
4122
9426
4289
6785
1498
234
2734
3799
5501
7416
1241
4151
2497
5845
8276
3532
5258
4828
11550
9710
2928
6961
8838
5939
952
9901
4418
7839
34817
3915
9881
314
6006
1176
27919
1620
2551
2962
8556
7684
1633
5604
9061
3867
38757
8219
1262
17563
5348
5530
9692
20283
5304
6465
20174
7792
7206
6061
9224
932
6158
15078
8123
40119
1839
2930
5286
8488
23419
4902
1949
2234
31081
4147
4923
4055
7203
9720
4159
47847
39631
22447
7289
9295
8519
2835
8613
3158
1026
24161
6944
1325
9214
1039
1377
39298
4411
7496
471
6089
48
8350
3798
21661
8738
41308
4939
1830
4790
33702
8247
1983
5231
2574
1402
21901
44640
30124
7186
9301
1455
33979
8555
39782
5012
2717
5432
449
815
8660
7916
6355
38719
3775
12648
7035
49145
7027
3039
3870
4306
4543
7425
2639
7541
3680
6933
4321
1836
5881
9005
9984
9544
8539
12161
3588
2811
2340
9171
9186
5262
2448
4176
8640
1114
5497
5849
985
11
4590
6325
8101
8970
2355
4951
6006
9288
6710
46567
3191
4276
2057
1665
4446
8545
2639
44129
26209
4659
6908
3235
1557
9591
5859
2121
1758
7550
36130
7070
4482
4337
45419
4222
43207
17972
263
6562
5028
9589
7287
5776
3086
5383
274
40514
7102
9590
40738
45139
3953
9619
5853
10211
7709
6269
4974
1957
4452
2814
5237
2909
41473
19060
4316
3905
4081
48529
48225
5383
1218
4604
24960
9605
822
5434
2237
37665
4083
4725
747
1056
9198
9925
5645
4312
5774
2202
8764
4616
5487
40978
5727
49867
1986
2837
3415
7662
5748
3202
2345
2823
678
2055
17080
9933
8117
3860
1351
3208
8967
2862
482
8075
40478
39523
44344
47831
9062
6968
7305
8571
8206
5689
5937
4520
6130
35373
9817
8804
6915
647
9772
4405
6289
4652
6225
42391
1137
19484
783
3019
8780
1977
34616
4211
7081
7916
12780
47474
3973
3637
8520
5288
39611
49696
42406
7088
8343
6959
9368
20096
30146
44779
41855
7679
38187
3182
525
8065
20599
6857
3075
1356
6623
9342
7193
31184
18923
1
8010
1291
3658
5143
36256
2521
3421
3332
6230
9969
39373
407
9969
6138
9376
314
6645
4931
4176
1510
18070
188
1745
2938
4192
4638
3851
30110
4705
19848
13915
35480
4790
1011
1798
536
9647
7881
9605
4262
2521
30764
8649
10021
2071
6579
8256
4315
4095
49314
5918
5541
9741
9058
5741
3187
19043
938
9835
2364
6148
1942
6797
6226
1663
2834
45816
9599
7539
5441
42829
5445
6436
7633
1044
9746
214
2528
36298
9440
5290
14817
26
3612
8270
37528
9177
2364
53
5274
9774
21007
43385
42810
1766
3614
4574
235
4066
7060
1403
2752
5099
6541
2775
6786
4070
10854
2631
1174
37957
3568
6442
4260
6367
4418
275
8387
3995
6307
35999
14294
2306
3226
4299
40112
6451
613
10188
6526
4872
2599
1988
7230
27265
1983
37910
7406
4006
9540
9791
9306
8932
20533
4436
8632
8720
3854
9125
9462
8515
33171
18926
3030
7941
226
7128
3973
8319
11011
110
1440
26258
2289
1058
7373
6511
19321
13979
5927
4172
2068
4888
15961
3542
4914
32720
8359
4681
3673
1279
5430
32852
28875
23897
894
7955
4043
4272
37914
4118
5031
9715
2107
43607
32087
1783
1664
1528
6177
33063
2661
13231
7805
28140
327
5145
47547
3958
5468
2205
11893
4857
4827
33083
9995
8301
6569
8863
4190
9343
8062
9153
7366
6594
3369
4162
9645
9716
2039
49200
9512
11203
8331
922
6754
2434
8529
708
2865
6743
8542
8138
600
7336
8992
1061
6208
3296
8060
6738
1260
3633
7315
9338
4986
1713
10
5651
1988
8503
4383
1507
442
19899
1167
1783
2953
23978
20323
222
1004
1621
16610
6631
36771
8278
9846
178
335
658
3583
1559
41150
3265
36419
710
2649
6149
2110
4910
120
5135
2088
5634
10009
49877
4136
3906
7665
345
32770
22153
3091
8772
2802
46557
1422
7265
103
4316
2300
9839
6019
46738
15874
25795
9197
4817
12677
8600
1622
8421
15933
8545
2053
1166
3937
2528
9633
5743
7506
9859
713
1424
5102
226
7221
7533
4678
281
1637
7746
19040
6728
6305
3557
7928
7968
3809
2552
5910
2420
4765
9805
12217
404
7027
4971
1262
7079
7082
2749
1475
1337
2826
6234
3078
2523
9646
4346
1482
2920
19000
6224
3604
21468
9454
4660
1311
28120
15251
45651
23497
35785
3185
5771
9218
3361
38111
9232
9932
8179
20327
11883
11299
9188
1221
32244
9672
24771
4863
5979
8344
4572
9296
1105
1484
9747
9307
2064
3604
2852
47493
7199
2630
2808
775
3675
5079
6957
46428
3379
7374
13376
2937
1056
3181
13735
40702
4146
8871
9274
510
16859
7038
6811
9846
9832
1858
1681
9642
47806
1239
6162
7579
8924
5079
44293
7334
37313
1252
8188
5132
6102
9989
3155
8421
5198
9846
2295
8638
7470
8852
8709
37896
21010
4010
1680
5843
372
804
6834
5340
20928
4323
6483
100
5469
2269
6519
3131
2489
4290
13400
23125
4765
3145
3648
7980
3801
9267
5124
38570
5485
2434
3091
445
5220
1526
3310
40880
376
9957
3338
2233
4665
3704
23649
17871
6961
4890
5986
4833
8875
7676
3130
8422
3128
5944
5420
5493
4091
4892
11599
1869
1064
604
459
821
3505
9700
9059
18
23884
19744
36228
8656
26512
8483
49242
2227
31241
1801
5804
4876
1743
6455
2179
3342
25908
1151
14996
2211
3639
6198
7537
9861
6190
8413
9400
8875
34922
838
31531
9520
5738
8831
41200
2969
43154
31749
8812
9583
6987
6209
1595
2640
5434
3469
7517
4508
43864
1566
49224
27257
3260
7272
8596
7362
7092
2617
17747
5608
4418
6692
3001
599
3333
7433
7632
1682
5463
7910
966
4713
7185
8837
274
4103
9663
2671
6952
579
35086
6416
3550
4377
1014
8635
1586
7168
2686
5763
5989
42652
43419
3096
4733
7572
9112
2945
7795
151
8470
9694
7937
1806
6961
8721
3185
5568
2534
2392
3617
5209
32222
9799
549
1209
37876
910
9547
7198
316
9290
1833
8924
4486
2473
2292
6380
9512
402
48206
5463
9479
7795
6683
42241
4202
6647
2214
21561
5381
22481
6796
5795
5432
1133
23857
4338
5257
5599
3102
28819
2704
22373
5854
104
4220
11352
9847
45669
5781
12730
8045
1144
4912
3098
2955
7018
2363
8092
180
9446
2267
111
1889
9903
2431
27646
39841
6111
1319
1785
1399
24992
1281
4061
4032
9548
8490
1651
6490
6203
10954
6543
1293
2567
19597
1086
5859
2122
12964
5366
1431
3751
8990
4917
8631
2589
1300
6284
3446
5075
10269
9703
8647
15623
2223
2765
8064
6146
8182
416
6348
2596
8404
3553
3047
9355
3802
8388
3931
6774
28406
952
3232
4859
41427
29275
1766
8387
6815
1918
48979
3674
561
9795
8058
174
9032
36516
32578
27368
7039
8661
7185
3452
2223
5552
9820
10325
635
6678
3230
7882
6591
29389
4416
6165
8875
9337
2045
9823
34683
838
1776
5541
23367
2630
1345
133
31538
9772
24828
9117
4998
3106
5556
7189
4898
614
929
1582
3682
5360
1562
2159
5258
6590
7605
3477
4752
9413
23572
3917
2791
33847
35323
6827
11028
39674
39495
6691
7516
25416
40029
7309
7236
32505
19500
5453
29478
2364
8622
8079
4691
1511
8763
8989
45316
5924
3969
485
2921
7783
4198
3473
7425
5381
858
2213
15346
8239
1796
2916
39486
126
45380
9756
2170
150
5300
2150
18754
19169
6296
7659
8328
7920
40972
48270
1109
8224
272
7320
9350
170
537
4059
32326
691
3504
8651
2673
4076
8893
39709
9028
3027
7871
41285
2244
1126
8377
28830
27051
3584
5224
8920
709
2694
292
2402
5486
9210
1627
380
5830
10244
41584
3729
4025
6397
7349
1738
3905
6146
6465
9242
7038
1021
9868
3532
420
19757
4271
8052
17431
5310
4305
934
45985
5065
1516
19510
3389
4985
20126
33939
1835
4460
9512
4256
4785
2798
6496
3537
279
9952
5549
7289
519
5172
4766
1715
9548
5623
8286
6696
5267
29014
2153
5934
19034
1314
43586
4576
984
3511
19462
3230
3393
1388
3528
3704
28095
3957
6265
23384
13721
4854
5390
1720
13899
4138
9821
8526
681
649
26211
2475
7496
3866
4360
7390
4523
9249
8258
6136
6610
46347
8360
7669
2502
2831
6059
5974
1107
869
14006
2090
46551
4854
32232
8655
9910
6913
4658
9982
29675
1565
817
668
3375
4467
40686
3939
5822
21099
5384
29976
44821
373
3342
2143
5436
2645
1009
508
15286
8759
45722
5823
42495
3962
2153
2133
5439
2971
4631
4436
8070
32261
3621
2012
1031
4198
7940
8237
969
7330
6298
2546
45122
7826
8276
7092
3915
9604
9753
7065
6353
5158
5925
47961
270
38007
1532
1911
7869
6655
7741
2327
9593
46297
5702
207
33955
19
20434
4081
48333
5231
6904
6098
4681
7884
6537
27884
9827
3950
9749
5803
9114
8131
1453
9392
8533
7097
7936
4201
5099
8204
7932
4226
16161
9468
28280
7992
19867
7670
2189
9562
9021
9328
6632
3161
8981
6805
849
6633
8912
9396
1670
10928
5634
40300
6788
31118
5446
6366
8695
4367
6138
3810
4125
1510
6021
5010
8223
33618
12336
4579
1965
5103
3604
8793
1947
4840
4241
6251
9995
7611
6110
7005
9612
303
8662
6972
8934
7516
5175
134
596
48847
115
7501
43489
6202
8486
3710
508
3016
8864
8806
6378
26438
42353
2808
14652
46122
3675
1549
4154
39825
18591
6237
5139
43116
45926
6848
4290
3806
11043
4588
1826
9813
2396
784
25695
2716
5490
976
2505
241
1819
6408
16821
5221
34821
1091
28109
38360
6548
153
1279
5265
3011
38795
3828
31561
7525
3159
8188
4389
7116
4520
5349
2467
1821
5963
2364
38416
422
4225
5760
3842
9030
30416
9239
3216
4745
8010
5874
9240
7329
9482
3123
1572
4568
3704
8421
4879
2519
540
1802
2324
688
8358
6252
5721
43170
5662
6851
1547
7903
8492
9369
488
5186
3238
4812
9010
399
5520
7384
6798
37884
61
4223
2230
6460
12731
8137
2755
5565
1790
2187
17720
310
5360
5183
7153
97
3047
8872
10689
25177
3150
5524
6799
6589
2967
8385
8340
16729
3708
6769
9656
3389
14045
1610
8303
10332
9868
49436
28304
7963
2907
35175
46409
5270
20750
6643
6290
7538
40427
6655
11023
3096
31521
2227
4156
8215
2765
2785
1994
8956
4557
9165
8342
8570
4425
3208
3771
7972
7768
5219
2475
8526
1904
112
3229
33693
2667
3902
8232
1061
142
6713
3383
9035
2320
3000
7560
4605
777
1902
3268
53
18361
9135
884
7154
9638
2046
5704
6233
9790
2770
8862
7672
5219
9109
7578
2622
7926
5336
2030
9337
7187
5299
9512
9810
35471
5268
22780
487
1826
20870
7175
8945
2944
2277
871
8150
5297
9250
17743
6124
6030
17636
927
6234
1182
1254
8360
12775
19774
9199
3991
1485
9311
3434
5428
44154
7383
1670
44282
5832
1688
5108
2629
6243
1161
5015
9372
6361
4439
13562
4974
688
3723
34687
7793
2947
7371
1867
1890
2030
37241
1214
1028
6585
47156
613
4212
1972
8029
475
12933
27786
4045
9952
7299
5975
556
28825
1159
5644
9656
7896
40747
616
9985
3189
36565
2559
3516
3694
3343
38804
6163
22431
4978
5864
2644
1659
5589
38598
8485
17705
14950
9305
15904
33129
34113
30700
578
2469
5850
26309
36352
14315
12340
18936
3196
4463
4857
7384
8541
8933
8466
5434
4433
1443
9315
6132
2345
2141
26797
5605
2416
17917
36726
2475
6434
8445
8949
4736
5162
6794
33524
7701
8707
9331
2535
1543
9187
6010
8033
9060
8103
9413
5045
3259
9212
4254
9484
754
7303
3423
34692
501
18827
19503
9064
45122
8244
1793
8456
5044
589
892
17279
5976
3393
1875
2481
5713
4642
8213
17452
7612
3818
7652
358
2013
3526
6892
925
3306
2201
6827
6442
4977
4133
9000
3640
14310
134
8600
8674
6781
5670
4228
9210
7995
441
7069
4390
3194
8531
1095
9093
6329
6938
5608
499
6206
8414
6900
9142
9731
5437
8231
6969
7422
2816
6141
14748
42002
440
3687
32376
2840
20274
45450
8852
3709
1919
554
7471
4568
2696
5365
18028
1418
683
3490
2627
17203
241
5106
23638
8689
27315
5486
8415
317
42631
699
12124
4799
42547
8639
6890
5836
31779
2792
5661
8080
8227
952
17316
1471
5550
7433
26529
4639
7430
47398
4971
2794
5189
7927
1081
1785
3812
9590
4525
6358
12076
163
2458
4507
8108
587
7241
5212
3880
7340
2046
3414
1962
3494
9564
3863
67
9115
46280
12944
24671
9738
6222
11117
2335
5668
7671
17783
3495
6675
4536
148
40817
15
8330
7960
4736
46368
2576
4124
7914
4717
6970
1262
3263
4139
2834
23016
6885
7976
5
8800
5512
133
5863
3606
8376
6220
3529
5649
10000
5860
6564
33069
26516
5446
4858
6149
42
22684
25435
6748
5906
8442
36656
1328
5062
9053
6114
5405
9775
8582
6545
3832
8440
12171
1326
21540
2261
1917
86
8913
9325
7559
6881
8146
8775
40837
6177
35715
7080
6861
15455
8785
4979
7158
17856
7957
36517
7731
36030
3618
1931
1025
6921
6744
4841
28362
2478
7119
5983
23602
267
25905
546
8811
7292
4847
38196
6557
9830
6233
38717
43286
7261
7783
3448
7301
8131
8481
5886
49198
9463
5749
9272
37000
5359
3261
1123
22756
967
7554
1207
2387
7120
5137
2970
4481
509
9706
1377
8902
9597
8987
34805
1936
7176
7662
31678
29777
325
9020
5832
7658
3733
8948
25500
2628
1183
5679
3973
6627
3013
21376
16630
8750
7348
7606
7283
2168
7159
922
8192
2988
3716
2888
4251
9013
45894
7770
2174
6598
307
4074
6416
38901
25111
2901
8925
3631
8181
2561
9353
3435
5465
6764
45090
2860
4499
8408
810
7669
2588
3787
9058
214
323
1073
40608
940
34678
7124
1601
38869
28506
22141
5565
7222
32914
3399
3241
4121
31275
9267
8263
4284
5003
5001
2451
8562
4701
1523
11119
15275
923
9357
4720
8363
5334
8395
4028
9758
404
4391
9716
5805
4941
9384
2477
3904
2436
1788
4041
1640
1147
4818
9529
1884
13504
99
22860
6121
5879
44447
8108
44123
10008
28926
1215
2120
540
2867
7091
1210
3771
36817
1955
8091
6166
5292
4678
3842
837
1505
6089
6008
20841
31441
6598
9564
1408
19333
6717
43995
1545
6555
31466
1030
7314
8411
8541
12700
7799
8068
523
4371
7577
822
1504
6181
2282
9630
4847
4575
8495
8781
2859
3912
9169
2495
3871
4851
33903
8071
15423
24050
6632
5493
346
9075
28452
36043
33580
8733
5787
31964
4528
4264
3667
34287
8308
9930
1438
3140
267
373
9127
711
5046
8633
7642
2962
7514
7131
9035
8622
1170
238
8065
7889
8180
1423
31642
7113
49231
7771
3129
4764
9142
3832
7236
3080
33590
6168
10162
8339
4490
8002
3298
16943
26952
2091
5064
7104
43815
2740
5343
173
12383
9537
1429
5288
9026
1082
35737
1621
718
3868
4055
856
6745
1032
5539
5186
7105
16983
924
1479
17406
39937
7721
383
1026
1774
47639
2945
8673
1741
8547
20409
15888
7356
9280
6910
3076
7065
9162
9005
5404
885
5141
2464
1853
1385
8614
1617
8111
4629
1491
8139
8358
9626
9131
40066
859
3182
33894
4350
1175
106
8582
1682
2750
2453
2771
7167
10305
7322
8730
1605
7282
7292
38320
3877
7889
28468
6721
970
256
10657
4854
1377
685
6176
4070
3995
7146
5709
4398
34546
4207
4339
2675
8934
29802
27169
5021
4409
13626
8388
2262
8526
3386
22305
9488
5413
26928
4870
5863
3837
610
37898
6866
720
3329
6871
5863
4048
343
4510
7336
32271
9699
6985
3453
31743
816
9457
4886
915
7659
47408
1780
1245
36605
3136
30188
2949
37545
4710
2972
5817
1598
8937
4904
8205
6514
3045
9953
688
5658
6806
44201
15355
9723
8720
255
4702
40310
690
600
2256
8632
1289
47901
892
4612
2953
8116
7418
3814
8794
1590
5947
29212
21399
13697
26566
2038
5232
5818
8771
713
41564
2323
5591
14552
5504
40658
1630
5605
840
4371
240
3478
4914
41292
6712
169
4796
2984
3612
23618
3022
753
2386
8178
6308
6648
3113
3052
6632
6292
9603
5839
7304
9884
1015
2140
27544
7381
19375
1741
6466
1020
4156
7918
7705
5929
15481
5236
7162
6606
2113
3920
4018
2137
9453
25735
9715
25326
4956
1789
22612
6361
7436
32742
5514
16127
7956
15732
2213
7484
4524
28894
6647
9400
1597
15045
7696
6520
921
2906
1650
8239
9934
8925
37804
893
7036
10975
5197
4734
6980
31601
49338
6151
2937
38042
46616
5652
2053
5338
3849
567
27979
7090
2789
556
247
28547
6621
5660
3166
9029
18092
4983
2035
498
2061
3809
1893
866
682
2745
3473
7785
37649
847
946
6438
47382
5715
6191
5323
38649
41287
6243
9788
4833
6260
6250
3473
2085
3377
17496
6681
1293
1329
18074
6385
2419
4306
324
39100
4407
8561
6855
1667
8338
6290
36192
5959
74
2905
6199
6274
6622
3623
2149
18220
27920
3527
5425
3936
6750
4432
32168
4066
7421
1292
6943
295
9392
6094
6677
9865
2531
7034
9764
7652
6789
33235
8370
20202
4755
41098
9999
41876
1470
6010
49299
3428
3884
37564
38247
5354
8266
9694
37783
6907
9485
1199
1731
1122
3450
190
866
6898
8962
1446
8076
4790
8555
5035
10712
3880
7206
15347
8617
7425
9204
762
9192
28233
944
2868
4463
2884
28026
43343
157
6436
5957
7179
9773
8008
44983
3783
45585
1669
4275
9951
42877
8440
8660
9765
8769
4256
32567
5347
1514
5139
20759
44032
4520
1157
9652
17481
5352
2940
4613
7898
8198
46285
5810
3226
8308
8092
3518
7100
6207
6208
48015
8675
9602
1795
8142
3563
6280
5969
8758
4687
4125
35515
9766
6304
5418
2637
3288
5162
8748
1892
43482
9219
4475
5506
3156
4238
6398
837
5607
48686
1059
44479
8935
7160
3822
3018
1719
24665
6922
7223
7621
8461
20
8211
42509
47746
9993
2785
3153
6806
7947
22101
6966
2868
5203
42942
1175
9547
4428
4546
4168
6665
5901
507
1657
28643
5967
9350
21782
1640
28868
35669
3354
47802
2864
48921
9582
3614
4355
3687
39986
21030
5216
39235
7002
72
9930
2051
19537
384
34314
4642
12307
6853
5461
6461
643
23234
43367
4667
6585
2739
4484
7538
30794
6341
2313
3447
7973
12348
4904
1209
1271
2144
2485
7197
7475
17094
1577
5665
3786
4730
4704
12968
4023
20487
10751
9271
3207
4109
2250
4968
13506
8065
322
3591
5641
9463
28257
8225
40692
4131
8558
29962
3376
9359
8833
94
33452
505
24571
5960
3479
2026
1238
1437
3651
5600
321
425
4765
6800
39020
5207
8737
7147
4812
16594
30117
6169
3486
31553
7053
2313
39388
20675
5727
7891
21906
1862
2467
17959
47580
7928
184
7324
2391
5251
1313
6416
7693
8776
7466
27003
7901
1095
7514
46444
8237
3414
7570
309
41294
5464
4832
2321
3851
1139
4666
3419
766
2006
5411
23120
1402
39721
24120
1150
2309
6110
5157
676
384
5146
741
41937
45772
14135
3580
4128
1229
20100
7149
2381
3323
7338
18903
3790
45505
7974
7898
7145
19992
7169
4049
3989
47095
26516
2552
9089
38644
6849
8142
47035
624
6107
3244
5897
9066
591
9504
3124
1573
2685
8708
2209
3464
4274
2578
6802
7726
5451
8009
2504
37393
5599
4686
601
3923
4156
6811
7199
8645
19278
338
5778
7610
1971
8314
6518
8939
1985
42087
7397
5951
2596
7544
37424
6585
5147
2215
10928
5524
1217
2878
527
6702
34230
14402
3616
124
6922
2107
3807
7993
7765
4007
8995
7502
48914
3166
23649
4617
6716
7747
27927
43176
4703
7682
43717
9281
1382
2374
29816
3073
9088
966
7317
1670
43222
7212
6458
1940
7011
153
9991
1017
9972
1378
44023
358
31817
8195
33253
4173
1231
6489
49733
719
3727
2721
1617
4988
9602
7744
1173
29421
4151
6288
10173
5802
24710
4111
12425
4168
3716
5095
3896
38167
2117
828
3849
3805
4908
1924
10421
3603
8895
39325
2182
38193
8364
777
14982
6795
7963
8368
9867
6003
9315
5363
19372
210
9613
7980
966
1865
6444
1107
5870
49752
9571
6084
6939
24680
23140
3452
629
1295
7065
7199
44217
4066
1755
9010
1683
5044
8856
5405
9479
1093
5551
3992
6041
3713
1774
3045
4830
33979
21662
8642
9860
8912
7494
10559
8434
3481
5586
41685
9131
12644
7769
49293
9647
334
7933
5476
4003
7964
6234
3335
5371
9707
5987
508
360
6660
8745
45952
1626
3168
1651
2990
5179
338
17331
5996
6058
2428
39631
812
7769
6510
6840
5996
7616
6765
7888
1040
43614
602
6344
27659
2344
575
6718
27260
8519
34949
9007
2651
22800
5118
9086
8500
36326
9411
6216
5698
9494
3254
1004
6043
23891
7038
3116
9848
4947
7428
8564
2599
40579
1058
4054
4074
5817
1936
8147
4390
5823
1841
8770
4568
8837
4701
3554
5562
25151
8050
2558
8870
9263
6243
610
1650
45968
8010
6115
4034
3267
9902
5072
8166
7882
7472
1519
30572
2543
7879
3146
100
995
301
5215
4309
5461
4294
8446
7665
2816
630
6266
2227
9198
6047
7600
9196
29348
702
8178
1294
5949
9184
4464
16309
7995
9959
1081
128
2202
2378
86
9290
8901
6088
647
2837
7171
3639
8235
2765
4631
5011
8502
32000
5170
440
7127
2385
1241
3660
6532
6981
5130
5467
1269
1584
1116
7992
2636
14326
1498
1047
548
7376
8941
5601
6235
5959
1139
1916
3450
3564
5047
36261
4990
4486
4574
9210
2196
2879
42283
461
4889
6594
4518
1903
9124
9090
7864
34120
13296
531
4027
43179
5448
27261
9776
1091
1210
2786
3620
33341
7589
9352
6053
8143
36935
7895
5702
7654
9575
6130
2800
4827
6028
2474
17852
7035
1423
5268
609
707
7189
19064
1972
1376
7824
1789
1534
757
4232
6605
2509
113
4248
1501
9751
37532
360
8231
41996
5626
40595
2634
2201
2235
5147
8669
6618
9393
14428
6224
4941
2527
3324
21469
5224
4930
9770
2165
9876
6147
7187
8560
4501
1065
2610
30
478
3364
6995
4990
38801
2783
2060
3039
5076
4437
5878
8012
6969
20364
2551
22361
9001
2525
3722
16924
7389
293
9820
2093
7731
46342
4266
14863
1361
3394
31735
7825
6230
8229
3378
2391
5047
1437
5439
2372
2940
23736
35193
7609
5556
8115
33916
2215
1446
2891
1526
3513
632
40322
3227
1675
3049
9786
11433
4386
16691
30796
1314
1054
4658
2505
8772
26484
4819
1783
656
398
6251
48307
358
3908
4098
1720
9819
11290
48569
3878
44498
2869
2579
3226
8925
9677
434
2845
7644
8575
4930
8380
8908
22121
9565
4090
3401
2262
44379
3277
619
9945
38691
6320
9159
5337
7081
34033
12143
9443
4967
7507
42871
2768
36817
4402
5325
1893
153
850
8251
9118
6890
34550
8002
3917
17766
5209
2217
702
5319
3784
8830
9014
2205
3262
6657
7258
7720
2790
7536
3830
718
5816
4654
8716
1776
9680
7643
2622
4200
5805
3284
29322
8547
6486
1846
8499
1364
43806
4874
7259
11801
9275
7927
16290
7883
15019
9034
26418
5990
31516
2035
17659
22329
4099
32235
49210
33639
6852
495
2389
24661
8464
3626
16485
28987
2115
407
6039
2546
5282
6950
3756
4575
42520
5587
2267
1554
2339
7809
7466
5932
2261
7649
1438
394
5877
3831
9567
1419
4633
32138
15780
1791
1914
4804
3261
754
3529
5175
38809
6532
738
8097
8883
7117
2214
8919
6592
5742
6464
8904
2655
9903
8635
8300
5306
1839
34647
25711
7304
7024
6396
1949
3957
1488
1078
7490
8917
2929
18596
7870
8662
1095
1892
7269
5911
11581
8353
2133
5956
1017
4466
7515
7079
664
7960
5617
344
5185
8414
9729
8665
7020
4439
7502
3689
6110
917
2837
6368
2489
8845
3542
7551
8715
2522
6252
6451
2135
3447
9918
42944
556
8031
6714
6945
4374
852
8019
1869
42122
7628
7082
258
9252
47024
4374
2843
4078
5731
4290
38647
8569
1434
6412
5506
7642
3181
44582
9447
8740
4685
2921
8505
1445
9142
49734
21987
11426
1496
9771
9515
7847
8752
1263
7961
3792
814
6807
862
2778
6298
923
1862
4587
8044
730
8624
9621
1765
3912
28
5775
3488
4895
7775
1407
8273
7610
1457
3549
34595
2241
7109
315
5358
28297
3582
3696
5612
32456
8633
2482
7485
421
6306
8561
8828
35379
5238
3047
599
5282
14204
36161
7313
528
6151
9284
8875
11189
3163
5963
1636
1319
8178
8814
12351
25939
4256
28943
1866
27731
1271
20371
8694
2127
43391
5677
6924
42050
8622
277
42574
4652
41782
3527
5058
2212
9469
32313
6368
540
3763
9335
3693
3856
9465
8718
2368
8117
13721
6718
862
9470
3664
4603
44534
24024
67
4625
9665
2768
9641
4281
1618
4194
9103
13557
2630
2165
1263
23487
44403
7516
43617
3656
1542
7268
2736
3704
19295
9037
2230
6718
4224
6408
4298
4530
423
468
8488
12765
2019
1514
5981
6515
722
4910
11963
598
3207
31797
5987
4916
185
4940
6748
20237
8426
7401
12583
4496
48860
652
9262
5611
20303
2016
18740
17496
1869
6616
15935
1124
4463
324
3237
6715
8952
3227
8943
38015
9556
9268
3984
14829
3703
9046
1306
1231
5593
27054
8752
21240
8429
5243
5632
6280
4570
2190
7880
578
7377
6504
1580
9349
5743
6360
7169
9948
5842
3681
31597
1209
35
5396
7101
3098
3183
9756
30034
1236
1122
1917
3639
1951
5373
423
8591
1630
6072
5851
4717
21038
2287
3007
25074
6561
7651
3686
9701
39678
6
248
30431
4772
7927
70
1057
8766
7523
21117
43337
2306
6438
3741
1479
4115
845
9673
6774
9886
3618
47438
1473
10600
9224
15172
4771
3023
1694
8618
48
595
4988
81
8168
17035
4742
7087
1172
3044
29264
70
71
4497
2099
48256
5927
7852
3947
848
3605
6031
29725
5392
1687
3068
5638
7195
2876
6703
7994
5255
13767
1445
7416
1547
1851
5084
9401
5252
9477
5036
1057
4579
6190
5703
4276
591
3539
1547
8492
5574
4501
8522
4464
7256
7376
2441
5793
3425
5710
19374
1146
9335
2560
9752
6270
8653
6609
7399
3641
3623
7136
1126
49111
4150
3663
7107
870
3611
13942
7821
11341
2578
8805
6967
7021
5485
3984
45158
9453
40015
2706
49833
1569
767
4998
4593
5736
47605
5589
49654
327
24018
5597
7454
5713
1361
5597
4814
14717
4424
658
8020
37159
19442
6047
7689
85
9835
228
22029
48293
1487
8142
5292
5137
10820
1607
4115
5111
340
4713
6827
6216
4759
6807
34329
8651
5470
3491
7142
3650
35016
1642
3361
3492
2044
6575
944
9665
1883
19924
7916
12427
3050
1326
608
7725
2307
4180
9087
8409
36994
2116
3308
101
2891
43191
2523
2828
196
7981
895
8178
5267
7067
8756
3380
5343
9253
3037
5692
3199
9004
565
800
38075
7310
4242
5787
3416
9143
1497
23817
7164
4288
9939
1645
7947
7230
7698
9602
3814
2809
2788
8594
1406
6860
27361
5366
1601
23783
3981
1909
5596
17272
15717
37452
5223
4543
6793
4106
2593
6071
3745
22866
315
3120
23065
2962
407
8325
4698
3246
472
2710
7985
6862
5792
2079
277
45305
38595
8561
9195
9223
41035
8374
8497
41721
3430
6798
184
7434
1458
3514
7496
35446
8483
7404
4539
8719
13688
6839
3651
2173
8777
3016
897
6102
8321
26518
603
36127
47317
5186
8438
6748
3712
9951
8978
2003
35515
3567
35300
686
6326
2794
38415
2846
484
7275
4829
16094
3344
45172
42509
9816
4797
45399
4440
14037
3987
10271
7370
34097
4802
8432
6716
24260
8947
2885
7611
1125
2693
9044
1163
16300
4686
100
1355
8110
8498
4380
5783
8517
8392
1047
37832
3466
9211
8734
3039
1498
8521
3420
16571
49019
44248
7446
3436
33274
700
6739
7499
1911
1168
5158
185
28831
5647
676
5902
7023
12521
3310
4501
4199
464
14576
38289
5670
809
46663
642
9005
7713
4906
1540
8800
9885
1286
308
3760
966
8649
36011
8826
6716
8686
33571
15838
3581
8785
15887
3876
7590
30157
1698
5799
13182
2569
2027
6269
3312
4075
860
34313
7993
17258
1458
8394
4001
3574
1982
5657
3177
9979
3524
13839
6448
8210
1787
2415
27544
7422
33347
7022
8616
4901
32218
8756
5080
9396
8017
25873
7991
5026
40
7399
8847
2218
171
2809
5640
3913
5945
2697
5223
35605
9947
9215
7649
1014
9740
5866
7754
8954
3118
45590
1681
1054
9514
4091
7934
8886
8751
10463
48480
2042
8720
4311
4476
977
41142
6283
4478
751
16750
9789
792
7015
9883
18377
1368
2593
7873
5633
5172
3090
478
5678
7067
5583
2006
4843
31414
4941
9945
46472
7159
1179
9756
928
3905
3797
5071
6535
5270
6609
29218
9573
5319
228
5139
5983
8081
8223
657
1054
4110
7355
15884
2241
9357
30314
7723
3239
9975
7504
7846
3206
2294
8777
41009
10345
1704
33423
627
6149
1704
35439
624
254
12797
5133
24475
28325
5110
1783
7785
8087
4853
29008
1523
20489
149
4269
7
7719
9413
11100
8719
9497
8430
5488
9576
51
844
4335
8515
21438
4818
4879
960
26864
7498
8926
27501
8030
1723
8198
6315
35391
412
1150
3540
4817
5177
46565
